view,scene,auc,iou,f1,accuracy,precision,recall,model_scene
ds_v2_seed1/bedroom_v36,bedroom,0.9735620137086662,0.520940170940171,0.6850238831132341,0.9238451086956522,0.5459023734885804,0.9193061840120663,bedroom
ds_v2_seed1/bedroom_v60,bedroom,0.9808715822614978,0.3878369905956113,0.5589085652331044,0.917085597826087,0.39638600538254515,0.9473200612557428,bedroom
ds_v2_seed1/bedroom_v58,bedroom,0.9786998091482225,0.8272860946627986,0.9054806437581556,0.9261888586956522,0.9069797838968282,0.9039864512767066,bedroom
ds_v1_seed0/bedroom_v40,bedroom,0.9871252447847254,0.7639830979650839,0.866202288271819,0.9279042119565217,0.7869537827157665,0.9631992149165849,bedroom
ds_v1_seed0/bedroom_v61,bedroom,0.99094018607954,0.5444155256308703,0.7050117233294255,0.9316236413043478,0.5516569200779727,0.9764562614166836,bedroom
ds_v1_seed0/bedroom_v12,bedroom,0.9847407233877339,0.7681706626392297,0.8688874653000213,0.9374320652173913,0.8061682736758684,0.9421889472059277,bedroom
ds_v2_seed1/bedroom_v62,bedroom,0.986725104434298,0.745774738743388,0.8543768244466614,0.9330672554347826,0.7741395473416365,0.9531700882183197,bedroom
ds_v1_seed0/bedroom_v32,bedroom,0.9915263837247916,0.829829769188829,0.9070021519615958,0.9522927989130435,0.8623772349534122,0.9564974512953006,bedroom
ds_v2_seed1/bedroom_v59,bedroom,0.9868962907795995,0.7135676053060275,0.8328444154715342,0.8954823369565217,0.7212891084450718,0.9852194589036695,bedroom
ds_v2_seed1/bedroom_v24,bedroom,0.9792382659138934,0.5493194555644516,0.7091106402769883,0.904398777173913,0.5652030645028421,0.9513311148086523,bedroom
ds_v1_seed0/bedroom_v46,bedroom,0.9822954678435569,0.32066115702479336,0.48560700876095114,0.9092561141304348,0.32621911783727847,0.9495481927710844,bedroom
ds_v1_seed0/bedroom_v58,bedroom,0.9795360557175674,0.4940429796236499,0.6613504248025042,0.9228260869565217,0.5131852879944483,0.9297988264878457,bedroom
ds_v1_seed0/bedroom_v14,bedroom,0.9888943842828073,0.7706602397412317,0.8704778279246363,0.9385869565217392,0.792732254697286,0.9651310563939635,bedroom
ds_v2_seed1/bedroom_v08,bedroom,0.9908453932804296,0.6686567164179105,0.8014311270125224,0.9396739130434782,0.6826666666666666,0.9702219815917704,bedroom
ds_v1_seed0/bedroom_v38,bedroom,0.9833695451725789,0.8049482163406214,0.8919349697162895,0.9424252717391305,0.8733924335122987,0.9112819176654507,bedroom
ds_v2_seed1/bedroom_v47,bedroom,0.9883066716717206,0.8291209033567112,0.9065785666055753,0.9342051630434782,0.8527036835420069,0.9677203459637562,bedroom
ds_v1_seed0/bedroom_v31,bedroom,0.9920396000496047,0.8161476519632296,0.8987679510319391,0.9561820652173914,0.8453022363274042,0.9594537991120047,bedroom
ds_v2_seed1/bedroom_v50,bedroom,0.9839250873596231,0.817476399940691,0.8995730563184945,0.9372792119565218,0.90889108693263,0.8904441453566622,bedroom
ds_v2_seed1/bedroom_v39,bedroom,0.9879817502630096,0.8539877885899637,0.9212442431883089,0.9480129076086956,0.91299913305115,0.9296396302835186,bedroom
ds_v1_seed0/bedroom_v48,bedroom,0.9765703389370342,0.7202239726677423,0.8373606973408364,0.8998641304347826,0.7456644559076394,0.9547713405044977,bedroom
ds_v2_seed1/bedroom_v12,bedroom,0.9839568472691002,0.596376318475672,0.7471625726008418,0.9194123641304348,0.6138691883372734,0.9543969507214811,bedroom
ds_v2_seed1/bedroom_v11,bedroom,0.9788381918817588,0.5184702817901965,0.6828849902534113,0.9309273097826087,0.5453300124533002,0.9132429614181439,bedroom
ds_v1_seed0/bedroom_v07,bedroom,0.9775860888917624,0.5050349757859943,0.6711272281526125,0.8906419836956522,0.5173228346456693,0.9550806803314436,bedroom
ds_v2_seed1/bedroom_v44,bedroom,0.9851363033295478,0.8529385574354408,0.9206333950068483,0.9439028532608695,0.9206997645023309,0.9205670350792888,bedroom
ds_v2_seed1/bedroom_v38,bedroom,0.9834662428593559,0.6545013850415512,0.791176593696371,0.9152683423913044,0.6723819009675583,0.9609557702084393,bedroom
ds_v1_seed0/bedroom_v63,bedroom,0.9857112084651134,0.6724389735030253,0.8041417165668663,0.8933423913043478,0.6813233273438326,0.9809770202404504,bedroom
ds_v2_seed1/bedroom_v63,bedroom,0.9868072729777365,0.8580847068641769,0.9236228076085247,0.9422384510869565,0.9074621596575615,0.9403694896652643,bedroom
ds_v2_seed1/bedroom_v04,bedroom,0.989543348641448,0.47558423439134984,0.6446046566599694,0.9489300271739131,0.4894113424264178,0.9439252336448598,bedroom
ds_v2_seed1/bedroom_v48,bedroom,0.9784543702780729,0.6841164310855355,0.812433651804671,0.9039741847826087,0.7087867561935633,0.9515853279452906,bedroom
ds_v2_seed1/bedroom_v13,bedroom,0.9844342073214921,0.6939465674670274,0.8193252146136953,0.9385190217391305,0.7241288045875607,0.9433398459947132,bedroom
ds_v1_seed0/bedroom_v59,bedroom,0.9846735030790618,0.8202141900937082,0.9012282121056117,0.9315726902173913,0.856963028579421,0.9503153758659911,bedroom
ds_v1_seed0/bedroom_v54,bedroom,0.9850963532716103,0.8205464922470832,0.9014287695935636,0.9396569293478261,0.9207140833097195,0.8829347826086956,bedroom
ds_v1_seed0/bedroom_v29,bedroom,0.9822341160103939,0.37290836653386455,0.5432385374347068,0.9331691576086957,0.3834179911518925,0.9315286624203821,bedroom
ds_v1_seed0/bedroom_v41,bedroom,0.9844742152572824,0.812241653418124,0.8963944205632073,0.9398267663043478,0.8859025489856077,0.9071377840909091,bedroom
ds_v1_seed0/bedroom_v56,bedroom,0.9842104961527954,0.8315418206247901,0.9080238422741861,0.9318614130434782,0.8751601926731186,0.943451955600019,bedroom
ds_v2_seed1/bedroom_v55,bedroom,0.9866938323091584,0.8390111248454882,0.9124589987632414,0.9447010869565218,0.908745247148289,0.9162032287673452,bedroom
ds_v1_seed0/bedroom_v33,bedroom,0.9894457287418097,0.7056231127070921,0.8274080099526293,0.9387398097826087,0.7233935742971888,0.9663574382474572,bedroom
ds_v2_seed1/bedroom_v14,bedroom,0.986848895912375,0.8139791824155376,0.897451514665812,0.9456691576086956,0.8705765283910691,0.9260386345594073,bedroom
ds_v2_seed1/bedroom_v30,bedroom,0.9783615312915322,0.6904218928164196,0.8168634064080944,0.8985563858695652,0.7106428380901574,0.9604181687094449,bedroom
ds_v2_seed1/blue_bathroom_v51,blue_bathroom,0.979630014659205,0.7057398708162067,0.8274882740221179,0.9319123641304348,0.7505854800936768,0.9219484130789146,bedroom
ds_v2_seed1/blue_bathroom_v23,blue_bathroom,0.9802299570553372,0.5313452128150679,0.6939587604003374,0.9137907608695652,0.5478865194211728,0.9462347911871095,bedroom
ds_v1_seed0/blue_bathroom_v42,blue_bathroom,0.9792859762993309,0.10813174001748761,0.19516044187269857,0.9480298913043478,0.10963356973995272,0.8875598086124402,bedroom
ds_v1_seed0/blue_bathroom_v14,blue_bathroom,0.9686891697087124,0.454141090650298,0.6246176434601737,0.8957880434782609,0.46228379969211264,0.9626626437865359,bedroom
ds_v1_seed0/blue_bathroom_v19,blue_bathroom,0.9839120647982436,0.6000952380952381,0.7500744003333135,0.9286854619565217,0.6201161303021356,0.9489457831325301,bedroom
ds_v2_seed1/blue_bathroom_v36,blue_bathroom,0.9753864808190904,0.6193988310603952,0.7649737904958323,0.9070991847826086,0.64614937940045,0.9373486364114983,bedroom
ds_v2_seed1/blue_bathroom_v29,blue_bathroom,0.9106404954171411,0.3192691556212705,0.48400912620581993,0.7810631793478261,0.33252667473325265,0.8889869136891634,bedroom
ds_v1_seed0/blue_bathroom_v53,blue_bathroom,0.9688818079925199,0.16926229508196722,0.2895198037153873,0.931148097826087,0.17433516251582945,0.8533057851239669,bedroom
ds_v1_seed0/blue_bathroom_v11,blue_bathroom,0.9819380540346222,0.5708377518557795,0.7267940322689529,0.9312669836956522,0.594150110375276,0.9356857291847731,bedroom
ds_v1_seed0/blue_bathroom_v50,blue_bathroom,0.9594078016572554,0.395730803439075,0.5670589234886784,0.8269191576086956,0.4022420443587271,0.9607024614941702,bedroom
ds_v2_seed1/blue_bathroom_v10,blue_bathroom,0.970665005456328,0.40958555221116,0.581143232588699,0.9133831521739131,0.4315160385412855,0.8896152879054564,bedroom
ds_v1_seed0/blue_bathroom_v32,blue_bathroom,0.9664130095990089,0.5500599121288776,0.7097272922482285,0.8852072010869565,0.5679037800687285,0.9459645105895821,bedroom
ds_v1_seed0/blue_bathroom_v09,blue_bathroom,0.9779502878062232,0.7134490238611714,0.8327636409672109,0.9326936141304348,0.8016085790884718,0.8664383561643836,bedroom
ds_v2_seed1/blue_bathroom_v41,blue_bathroom,0.9788563269469763,0.699179716629381,0.8229614675678047,0.9314877717391304,0.7331300336226445,0.9378813644093228,bedroom
ds_v1_seed0/blue_bathroom_v28,blue_bathroom,0.9870814161289093,0.5569679849340866,0.7154520713637739,0.9360733695652174,0.5696400625978091,0.9615931721194879,bedroom
ds_v2_seed1/blue_bathroom_v33,blue_bathroom,0.956983374170029,0.1498166579360922,0.2605922551252848,0.9448709239130435,0.15906562847608455,0.7204030226700252,bedroom
ds_v2_seed1/blue_bathroom_v09,blue_bathroom,0.9634967196951383,0.4351333767078725,0.6064013056487442,0.926273777173913,0.48996336996337,0.7954329210275928,bedroom
ds_v2_seed1/blue_bathroom_v30,blue_bathroom,0.9726951632262942,0.5785365853658536,0.7330037082818295,0.9119565217391304,0.6135540610450078,0.9102072141212586,bedroom
ds_v1_seed0/blue_bathroom_v18,blue_bathroom,0.9751455026983825,0.49728260869565216,0.6642468239564429,0.8774626358695652,0.5061702127659574,0.9658952496954933,bedroom
ds_v1_seed0/blue_bathroom_v37,blue_bathroom,0.9194500278759334,0.4033296997324348,0.5748181625591412,0.7954823369565217,0.41643218908272367,0.9276353276353276,bedroom
ds_v1_seed0/blue_bathroom_v22,blue_bathroom,0.9808151575200981,0.6461364371160685,0.7850338799960719,0.9256453804347826,0.6762541240165807,0.9355178466939731,bedroom
ds_v1_seed0/blue_bathroom_v03,blue_bathroom,0.9520356226644172,0.07708172209332302,0.14313068453805647,0.9391983695652174,0.08013937282229965,0.668903803131991,bedroom
ds_v1_seed0/blue_bathroom_v29,blue_bathroom,0.9729100598719325,0.5972745326302814,0.7478670953912111,0.9001188858695652,0.6225553176302641,0.9363392377885131,bedroom
ds_v1_seed0/blue_bathroom_v16,blue_bathroom,0.9853027205902832,0.6157051578849894,0.7621503897294819,0.9295176630434783,0.6295209240674114,0.965582340981702,bedroom
ds_v1_seed0/blue_bathroom_v47,blue_bathroom,0.9660254781069427,0.44669064748201437,0.6175344373166244,0.8693783967391304,0.4637042569081404,0.9240958475963685,bedroom
ds_v2_seed1/blue_bathroom_v48,blue_bathroom,0.968976341602245,0.3842728954037948,0.5551981790291455,0.8473335597826087,0.38612430311790213,0.9876760563380281,bedroom
ds_v1_seed0/blue_bathroom_v43,blue_bathroom,0.9802010895686609,0.6362545917984856,0.7776963254833684,0.9175951086956522,0.6572446371873306,0.9522046449007069,bedroom
ds_v1_seed0/blue_bathroom_v44,blue_bathroom,0.9392762702391699,0.4056134947854693,0.5771337516183647,0.8557744565217391,0.4300875760724358,0.8769673123486683,bedroom
ds_v1_seed0/blue_bathroom_v08,blue_bathroom,0.9660888730310826,0.6279822647617707,0.7714853882068131,0.9102241847826087,0.6967283516826736,0.8642130750605327,bedroom
ds_v2_seed1/blue_bathroom_v28,blue_bathroom,0.9871919767545255,0.3182721850713898,0.48286262681656156,0.9359375,0.3204731574158326,0.9788771539744302,bedroom
ds_v2_seed1/blue_bathroom_v07,blue_bathroom,0.9825346760822774,0.5861081567536611,0.7390519420230052,0.9140794836956522,0.5995982591228658,0.9630326656808711,bedroom
ds_v2_seed1/blue_bathroom_v20,blue_bathroom,0.9749634131759511,0.6263996105431532,0.7702899170443855,0.9087635869565217,0.6597084889767817,0.9254084043974109,bedroom
ds_v2_seed1/blue_bathroom_v53,blue_bathroom,0.9692665197895659,0.46100471829031364,0.631079027355623,0.868070652173913,0.4718414885306441,0.9525448028673835,bedroom
ds_v2_seed1/blue_bathroom_v25,blue_bathroom,0.9797002808785183,0.5270945071203995,0.6903233619958823,0.9131453804347827,0.5420311905667554,0.9503167722574192,bedroom
ds_v2_seed1/blue_bathroom_v56,blue_bathroom,0.9659291417623995,0.5297467111721972,0.6925940187395713,0.8779721467391305,0.5491925634414438,0.9373480023161552,bedroom
ds_v1_seed0/computer_room_v17,computer_room,0.9273430771403899,0.6500996722640808,0.7879520045865924,0.824116847826087,0.7053411048792111,0.8924810983811865,bedroom
ds_v1_seed0/computer_room_v40,computer_room,0.952092737786558,0.5784698976374133,0.73295017979531,0.8524286684782608,0.5980839644881376,0.9463492063492064,bedroom
ds_v2_seed1/computer_room_v29,computer_room,0.9378141289774863,0.4693480708218197,0.6388521278818695,0.8238790760869565,0.4917698782907083,0.9114578157607075,bedroom
ds_v2_seed1/computer_room_v43,computer_room,0.9208395032897355,0.670334563032693,0.8026350862495716,0.8239470108695652,0.7520336806051092,0.8605372744345554,bedroom
ds_v1_seed0/computer_room_v43,computer_room,0.9591485338538672,0.6778201021556575,0.8079770903743454,0.8735903532608695,0.7168558872001465,0.9256369332623988,bedroom
ds_v2_seed1/computer_room_v39,computer_room,0.9554304414565139,0.6365753754718496,0.7779359081317171,0.846297554347826,0.657404719445942,0.9525869839552912,bedroom
ds_v1_seed0/computer_room_v59,computer_room,0.9641281167056642,0.6949892933618844,0.8200515437869524,0.8790421195652174,0.7254358515869468,0.9430497443049745,bedroom
ds_v2_seed1/computer_room_v07,computer_room,0.9488093613745414,0.5778292608296542,0.7324357269503545,0.8359714673913043,0.5959336398881976,0.9500503090412534,bedroom
ds_v2_seed1/computer_room_v00,computer_room,0.9385427909360173,0.653506298176349,0.79044911881751,0.8434952445652174,0.7078564737506619,0.8948614972711358,bedroom
ds_v2_seed1/computer_room_v36,computer_room,0.9485064162824938,0.4754238844341066,0.6444573514769332,0.8544497282608695,0.49727895511876563,0.9153800824985268,bedroom
ds_v1_seed0/computer_room_v04,computer_room,0.9319472965143647,0.7475879327123592,0.8555654553554382,0.8458220108695652,0.8686956802688119,0.8428262436914203,bedroom
ds_v2_seed1/computer_room_v40,computer_room,0.9413711662059715,0.5838073489723895,0.7372201541446023,0.8297554347826087,0.6161700262927257,0.9174605245987211,bedroom
ds_v2_seed1/computer_room_v16,computer_room,0.9143813076267325,0.6911980651291354,0.8174064048214923,0.8178498641304348,0.7493912717737404,0.8990001123469273,bedroom
ds_v2_seed1/computer_room_v56,computer_room,0.9304110459411553,0.5662225705329154,0.7230422817112834,0.8119904891304348,0.5951155224249413,0.921027471476831,bedroom
ds_v1_seed0/computer_room_v42,computer_room,0.9432682713991974,0.6376805663542988,0.7787606196901549,0.8496263586956522,0.6913487133984029,0.8914759725400457,bedroom
ds_v2_seed1/computer_room_v06,computer_room,0.9421084508724795,0.6013524523382761,0.7510557110150089,0.8337975543478261,0.6280633083730429,0.9339491332405415,bedroom
ds_v2_seed1/computer_room_v63,computer_room,0.9363629314003745,0.7019304038608077,0.8248638161331244,0.8405570652173913,0.7569418290135926,0.9061769889740542,bedroom
ds_v1_seed0/computer_room_v12,computer_room,0.9543797042862012,0.6831120298958416,0.8117249687034981,0.8646229619565218,0.7146184237887294,0.9393724032363875,bedroom
ds_v2_seed1/computer_room_v24,computer_room,0.9318362523230773,0.7343836454177466,0.8468525949930319,0.8450917119565218,0.8274979491386383,0.8671343098824015,bedroom
ds_v2_seed1/computer_room_v48,computer_room,0.9265387620522008,0.5801283268157486,0.7342800163386916,0.8121773097826087,0.6065176834835073,0.9302325581395349,bedroom
ds_v1_seed0/computer_room_v29,computer_room,0.9682098728003652,0.5648034053993503,0.721884172095354,0.8680366847826086,0.5764591550906076,0.9654380086165629,bedroom
ds_v1_seed0/computer_room_v64,computer_room,0.9113466224225844,0.6732323378617153,0.8047087336622523,0.8084069293478261,0.7330473727370214,0.8918991519244791,bedroom
ds_v1_seed0/computer_room_v26,computer_room,0.9236764222696509,0.519656118824669,0.6839127778810655,0.7978770380434783,0.5409891171897979,0.9294686687842911,bedroom
ds_v2_seed1/computer_room_v22,computer_room,0.9407117317703466,0.6670830297352625,0.8002997065373489,0.8370414402173914,0.7077228889052493,0.9207413438053733,bedroom
ds_v1_seed0/computer_room_v58,computer_room,0.9491248185488453,0.5348503681040252,0.6969413816732075,0.8347486413043478,0.5514318103405786,0.9467716002369467,bedroom
ds_v2_seed1/computer_room_v25,computer_room,0.9296624191976718,0.4518881426841352,0.6224834123222749,0.8308933423913043,0.48456407532022905,0.8701505193979224,bedroom
ds_v1_seed0/computer_room_v53,computer_room,0.9455148508265527,0.5967171488165413,0.7474299994320441,0.8489470108695653,0.623696682464455,0.9324075386141419,bedroom
ds_v2_seed1/computer_room_v10,computer_room,0.9340004650669292,0.7069073390477382,0.8282902333082858,0.8408797554347827,0.763695968096252,0.9048210138544086,bedroom
ds_v1_seed0/computer_room_v50,computer_room,0.9340431927927327,0.4376074806534824,0.6087996710403349,0.822265625,0.45430707431376927,0.9225104792115102,bedroom
ds_v1_seed0/computer_room_v25,computer_room,0.9668180361678527,0.5610849056603774,0.7188397038827617,0.8735733695652174,0.578620941262313,0.9487537387836491,bedroom
ds_v1_seed0/computer_room_v62,computer_room,0.961841277017741,0.4967468696292659,0.6637687102727086,0.8607506793478261,0.5059073576295555,0.964830710538865,bedroom
ds_v1_seed0/computer_room_v08,computer_room,0.9425728368149943,0.7069776754429873,0.8283385138701543,0.8508661684782609,0.7581591754938448,0.912835537937869,bedroom
ds_v2_seed1/computer_room_v55,computer_room,0.9399019810810597,0.7513736663081083,0.8580392417250423,0.8547554347826087,0.8201116963889065,0.8996449456975772,bedroom
ds_v1_seed0/computer_room_v48,computer_room,0.9391625182379133,0.5656842384340065,0.7226032229842236,0.8330672554347827,0.5910433979686057,0.9294997458796196,bedroom
ds_v2_seed1/computer_room_v02,computer_room,0.9405828483386095,0.45074900642005505,0.6214017785645045,0.8474354619565218,0.47561290322580646,0.8960739030023095,bedroom
ds_v1_seed0/computer_room_v28,computer_room,0.9485891034743077,0.5336239434373505,0.6958993379319907,0.8510020380434783,0.5642178629644202,0.9077590884427563,bedroom
ds_v2_seed1/computer_room_v49,computer_room,0.9203191876962684,0.7001540205166953,0.8236359907014904,0.8247622282608695,0.7555269842265357,0.9052414052226189,bedroom
ds_v2_seed1/computer_room_v08,computer_room,0.9507775926126687,0.6343540268456376,0.776274927495316,0.851953125,0.6631731275214875,0.9358871217278297,bedroom
ds_v1_seed0/computer_room_v16,computer_room,0.9436692545837412,0.754674031807697,0.8601871551381177,0.8627207880434783,0.8591617428561557,0.8612150180105292,bedroom
ds_v2_seed1/computer_room_v46,computer_room,0.9349926100582957,0.5705070260497986,0.726525913716872,0.8224694293478261,0.6041684796797494,0.9110294600091857,bedroom
ds_v2_seed1/green_house_v56,green_house,0.8643070061657248,0.14442670073458957,0.2524000893056486,0.5450407608695652,0.1447549537437178,0.9845416938819943,bedroom
ds_v2_seed1/green_house_v33,green_house,0.9228003295732399,0.3052805874518556,0.46776239589653074,0.6722146739130435,0.3076950985016145,0.9749396482354293,bedroom
ds_v1_seed0/green_house_v38,green_house,0.9547168574510803,0.3240560107512897,0.48948988278436256,0.7351902173913043,0.32497174158768805,0.9913793103448276,bedroom
ds_v2_seed1/green_house_v52,green_house,0.92724392109068,0.24360328438554052,0.39177008849072625,0.622944972826087,0.24431915257133094,0.9881149806522941,bedroom
ds_v2_seed1/green_house_v11,green_house,0.9153140899816341,0.3687012421736365,0.5387607328946403,0.6797724184782609,0.3712243797195254,0.9818992420864913,bedroom
ds_v1_seed0/green_house_v61,green_house,0.9188356448294682,0.3171162790697674,0.4815311815806201,0.7506453804347826,0.3175741767199218,0.9954737917944225,bedroom
ds_v1_seed0/green_house_v37,green_house,0.9245630464263359,0.31759089239809035,0.4820781537432411,0.6844089673913043,0.3196333530455352,0.9802765812740875,bedroom
ds_v2_seed1/green_house_v04,green_house,0.9520858574498204,0.35939454051489933,0.5287567807632522,0.7477072010869565,0.36076360330721613,0.9895511754927571,bedroom
ds_v1_seed0/green_house_v62,green_house,0.9303621218468792,0.2949289495681248,0.4555137170521786,0.6561820652173913,0.29583566238121856,0.9897148200093502,bedroom
ds_v1_seed0/green_house_v56,green_house,0.9370967530729079,0.3384196634774002,0.505700375916682,0.7275475543478261,0.34003232088841007,0.986179545727677,bedroom
ds_v1_seed0/green_house_v36,green_house,0.9135542129615525,0.22907009302180878,0.37275350579658784,0.5791440217391305,0.22983518541640655,0.9856760374832664,bedroom
ds_v1_seed0/green_house_v06,green_house,0.9165798338391844,0.34552324404561097,0.5135894092869321,0.670516304347826,0.3480831973898858,0.9791586998087954,bedroom
ds_v2_seed1/green_house_v63,green_house,0.9212679650893483,0.2533296623877207,0.40425064528529847,0.6315217391304347,0.25397646896456544,0.9900470746469402,bedroom
ds_v2_seed1/green_house_v08,green_house,0.939374230544496,0.3399738617498499,0.5074335723323492,0.6826426630434783,0.34072002548762786,0.9935996696603696,bedroom
ds_v2_seed1/green_house_v13,green_house,0.9309817468436461,0.330428345502877,0.49672475277574035,0.6620414402173913,0.3319025247574948,0.9867363344051447,bedroom
ds_v1_seed0/green_house_v20,green_house,0.9276886452989137,0.25920858766575455,0.4117007939824488,0.6413552989130434,0.25980099152631764,0.9912798497451033,bedroom
ds_v2_seed1/green_house_v41,green_house,0.9257395585126447,0.31757161481272683,0.4820559448039792,0.6710597826086957,0.3190329545856784,0.9857814721644974,bedroom
ds_v2_seed1/green_house_v45,green_house,0.9191634455669875,0.279846367225008,0.43731243747915965,0.6560801630434783,0.28130697458263326,0.9817841547099189,bedroom
ds_v2_seed1/green_house_v59,green_house,0.7632267328208987,0.19457447736458,0.3257636607034198,0.5295346467391304,0.19683510794752632,0.9442641456187385,bedroom
ds_v2_seed1/green_house_v27,green_house,0.9172746671359114,0.2817339675954076,0.43961379618260976,0.6589334239130434,0.28336570976329234,0.9799701418263249,bedroom
ds_v2_seed1/green_house_v55,green_house,0.93690488513312,0.33248583466511694,0.4990459575860001,0.6878736413043478,0.33420956553486675,0.9847246127366609,bedroom
ds_v1_seed0/green_house_v00,green_house,0.9197810356229114,0.3040380861047368,0.46630246362347005,0.654891304347826,0.3057239289158286,0.9821863244080549,bedroom
ds_v1_seed0/green_house_v52,green_house,0.9257685860781365,0.3029571514785757,0.4650301065308013,0.6272927989130435,0.3040969233221744,0.9877796188898095,bedroom
ds_v2_seed1/green_house_v36,green_house,0.9244257610587363,0.36328045210049703,0.5329504307653888,0.6823539402173913,0.36563303066643826,0.9825966850828729,bedroom
ds_v1_seed0/green_house_v10,green_house,0.9095438967064841,0.23516955471382983,0.3807891051335297,0.5644701086956522,0.2364246949116968,0.9779238496837406,bedroom
ds_v2_seed1/green_house_v37,green_house,0.9122392665768502,0.32447591026112543,0.48996876084692814,0.6256623641304347,0.3265476080318312,0.980822679266259,bedroom
ds_v2_seed1/green_house_v40,green_house,0.9297463871015863,0.3272824536376605,0.49316172716769224,0.6796365489130435,0.32871265849989256,0.9868803097107216,bedroom
ds_v2_seed1/green_house_v09,green_house,0.9151462815323455,0.20858047266357294,0.34516604790723693,0.5626358695652174,0.20907522641858173,0.9887820512820513,bedroom
ds_v2_seed1/green_house_v28,green_house,0.9573619729667597,0.3431763036212974,0.5109921946896622,0.7563349184782608,0.34396365805533885,0.9933739729658096,bedroom
ds_v2_seed1/green_house_v24,green_house,0.9422573594580963,0.3115540354601565,0.47509142137761523,0.7025815217391305,0.3125246470541841,0.9901299350324838,bedroom
ds_v2_seed1/green_house_v46,green_house,0.936591259420535,0.3496380010595091,0.5181211566138951,0.6872452445652174,0.3508647575843493,0.9900990099009901,bedroom
ds_v1_seed0/green_house_v30,green_house,0.9301050248179654,0.3972177001627941,0.5685838364580023,0.7233016304347826,0.3989298454221165,0.9893107261334316,bedroom
ds_v1_seed0/green_house_v16,green_house,0.905796959463211,0.3504904439275963,0.5190565331336578,0.6727411684782608,0.3536975304442479,0.9747820380613106,bedroom
ds_v1_seed0/green_house_v09,green_house,0.9343632128504541,0.3350783396450583,0.501960566200395,0.6958389945652174,0.33689200791369595,0.9841875681570338,bedroom
ds_v2_seed1/green_house_v51,green_house,0.9279165784291257,0.25252925292529255,0.4032309063209634,0.6474014945652173,0.2531033487297921,0.9910979228486647,bedroom
ds_v2_seed1/green_house_v42,green_house,0.9128559500525667,0.27707095529909476,0.4339163053539241,0.6052989130434783,0.27857880086322834,0.9808391146349521,bedroom
ds_v2_seed1/green_house_v30,green_house,0.9588096151630391,0.33843544810192633,0.5057179987004549,0.7416100543478261,0.3389513108614232,0.9955231517012023,bedroom
ds_v1_seed0/green_house_v44,green_house,0.9291986449373576,0.25163480435947827,0.4020898164273275,0.6443104619565218,0.2523742966706089,0.9884896125772038,bedroom
ds_v2_seed1/green_house_v07,green_house,0.9448385309698942,0.33337519886125766,0.5000470972401017,0.7295686141304348,0.33467826671710166,0.9884558093346574,bedroom
ds_v2_seed1/gym_v06,gym,0.915200442979698,0.4031746031746032,0.574660633484163,0.5944972826086956,0.40535310379492334,0.9868453255017132,bedroom
ds_v2_seed1/gym_v26,gym,0.9194966118870025,0.397426065283037,0.5687972697182253,0.5729789402173913,0.3994940978077572,0.9871420917911781,bedroom
ds_v2_seed1/gym_v51,gym,0.9368566450827146,0.45172967529463,0.6223330458584874,0.6578804347826087,0.45417727061270285,0.9882107770169694,bedroom
ds_v2_seed1/gym_v01,gym,0.9115960902129338,0.4328392882033174,0.6041700444242679,0.5853600543478261,0.43711436950146626,0.9779037421928305,bedroom
ds_v2_seed1/gym_v17,gym,0.9136309355419125,0.4818268130584025,0.6503146100642363,0.6385020380434783,0.4878120917851773,0.9751675206937328,bedroom
ds_v2_seed1/gym_v00,gym,0.9162004442096157,0.42793858545179964,0.5993795388845801,0.6139945652173913,0.4314571385068264,0.9812997806764401,bedroom
ds_v2_seed1/gym_v04,gym,0.9499982875604454,0.2783801020408163,0.4355200798204041,0.6540930706521739,0.27877519159806985,0.9949347853615297,bedroom
ds_v2_seed1/gym_v54,gym,0.913757638319394,0.37950523265560265,0.550204846885633,0.559952445652174,0.3821040194825549,0.9823941479139545,bedroom
ds_v2_seed1/gym_v35,gym,0.9268355842618163,0.3620443673594987,0.5316190515311466,0.612686820652174,0.36373345324751977,0.9873359780286848,bedroom
ds_v2_seed1/gym_v25,gym,0.9488407620657965,0.40210226260466775,0.5735705209656925,0.6580163043478261,0.4028678526804308,0.9952961928560929,bedroom
ds_v1_seed0/gym_v49,gym,0.9093985838225395,0.3911432190270676,0.5623335019389648,0.5591372282608695,0.39314425819836385,0.9871544426685609,bedroom
ds_v1_seed0/gym_v27,gym,0.9393525920612678,0.364238595706619,0.5339807814452845,0.6137058423913043,0.36480963045912657,0.9957209444486895,bedroom
ds_v2_seed1/gym_v24,gym,0.9133663452300466,0.3813624186758515,0.5521540379553954,0.6156419836956522,0.38323764524901793,0.9873319179051663,bedroom
ds_v1_seed0/gym_v01,gym,0.9116269598064417,0.41800024657872026,0.5895630097205558,0.5991338315217392,0.4211258508471208,0.9825537587665913,bedroom
ds_v1_seed0/gym_v55,gym,0.940635124303337,0.39900096398212254,0.5704084189426208,0.6505774456521739,0.40046323443180487,0.9909315147997678,bedroom
ds_v2_seed1/gym_v55,gym,0.9247409469396668,0.2874695939624524,0.4465652553047185,0.6119565217391304,0.2883508508508508,0.9894804637183341,bedroom
ds_v2_seed1/gym_v09,gym,0.9187308140281446,0.3754535375932272,0.5459341625602228,0.5790251358695652,0.376954211990893,0.9895079354538814,bedroom
ds_v1_seed0/gym_v59,gym,0.9370885199506673,0.3342097400657305,0.5009853099247582,0.6215353260869565,0.3348299808429119,0.9944879089615932,bedroom
ds_v2_seed1/gym_v40,gym,0.931994586545778,0.4414471515858327,0.612505496438308,0.6258322010869565,0.4444444444444444,0.9849530489874421,bedroom
ds_v2_seed1/gym_v05,gym,0.9487349514316841,0.38908280292142083,0.5602010220026183,0.6462635869565218,0.39041116049092034,0.9913309917046559,bedroom
ds_v2_seed1/gym_v33,gym,0.9233221620725268,0.38958609400576816,0.5607224995792898,0.6010020380434783,0.3914371491972327,0.9880073800738007,bedroom
ds_v1_seed0/gym_v22,gym,0.9346427800483837,0.2881138227447881,0.4473421799493749,0.6328974184782609,0.28864618734945724,0.9936392548841436,bedroom
ds_v2_seed1/gym_v49,gym,0.9099811067993643,0.39291638208605717,0.5641636312692632,0.5773097826086957,0.3954824453719617,0.9837547331134726,bedroom
ds_v1_seed0/gym_v04,gym,0.9113662673232359,0.36672009325367916,0.5366425723362972,0.6309273097826087,0.3685674955334915,0.9865161492630918,bedroom
ds_v1_seed0/gym_v00,gym,0.9161918889279174,0.4314148620173145,0.6027810294065482,0.619633152173913,0.4350931995083982,0.9807803301396745,bedroom
ds_v1_seed0/gym_v20,gym,0.9088223602928279,0.3956702093713949,0.5669967112783807,0.5818444293478261,0.39864480549991343,0.9814905017048222,bedroom
ds_v1_seed0/gym_v30,gym,0.9443479010495596,0.29372295098466805,0.4540739588195633,0.6424592391304348,0.29420659990590764,0.9944343480236256,bedroom
ds_v1_seed0/gym_v42,gym,0.9345865764958046,0.42188075567015737,0.5934122871946707,0.6268342391304348,0.42363074321646543,0.9903032548946946,bedroom
ds_v1_seed0/gym_v31,gym,0.9071267759123993,0.3571778780152971,0.5263538166973737,0.5546535326086957,0.3581172422268649,0.9927096818150848,bedroom
ds_v1_seed0/gym_v03,gym,0.891927445346864,0.3557380592176356,0.5247887772995378,0.5443444293478261,0.3573427248166731,0.9875341643890407,bedroom
ds_v1_seed0/gym_v63,gym,0.9263687619071053,0.41471653907973954,0.5862892355093395,0.6351222826086956,0.41799610093632444,0.9814325317516601,bedroom
ds_v2_seed1/gym_v63,gym,0.9126667922365371,0.3393477365043857,0.506735819616289,0.6188009510869565,0.34029930045160717,0.9918272539573296,bedroom
ds_v2_seed1/gym_v13,gym,0.9398854954421215,0.37357303370786515,0.5439434591976965,0.644921875,0.37467319770411994,0.9922011777813147,bedroom
ds_v2_seed1/gym_v37,gym,0.9149791919339626,0.348600147651769,0.5169807348141909,0.6103770380434783,0.3511727688787185,0.9794176306342242,bedroom
ds_v1_seed0/gym_v50,gym,0.9482283292190209,0.37535324107793155,0.5458281259929251,0.6358525815217392,0.3757254089994459,0.9973680136244001,bedroom
ds_v2_seed1/gym_v58,gym,0.905554313791901,0.3061235907908356,0.46875133861640605,0.5787364130434782,0.3069737432675045,0.9910342329288172,bedroom
ds_v1_seed0/gym_v07,gym,0.8979870031722332,0.3383715651454055,0.5056466738497147,0.5792119565217392,0.3394048161144296,0.9910833007430583,bedroom
ds_v1_seed0/gym_v39,gym,0.9294487107205784,0.4101872421453507,0.5817486215820862,0.6212296195652174,0.4124122527121889,0.9870179457808324,bedroom
ds_v1_seed0/gym_v09,gym,0.9417828582514949,0.4256302521008403,0.5971117005599764,0.6285326086956522,0.42708827404479577,0.9920430897294651,bedroom
ds_v2_seed1/gym_v41,gym,0.9399726749508047,0.4631220140640936,0.6330600040357346,0.6602751358695652,0.46485627306770116,0.99200873864551,bedroom
ds_v2_seed1/living_room_contemp_v02,living_room_contemp,0.9210935121346653,0.3493907160614582,0.5178495922681969,0.7288722826086956,0.3528564372736253,0.9726571363739506,bedroom
ds_v2_seed1/living_room_contemp_v51,living_room_contemp,0.9141028122042678,0.40384965914476323,0.5753460230076086,0.722265625,0.409038880478529,0.9695431472081218,bedroom
ds_v1_seed0/living_room_contemp_v64,living_room_contemp,0.8832960024602594,0.5172017449909877,0.6817837465564738,0.6861073369565217,0.5285088890075277,0.9602774274905422,bedroom
ds_v2_seed1/living_room_contemp_v06,living_room_contemp,0.9072899711876788,0.400545224418265,0.5719847062912756,0.6862941576086956,0.4057199211045365,0.9691401648998822,bedroom
ds_v1_seed0/living_room_contemp_v01,living_room_contemp,0.8601459096561439,0.4810716215868441,0.6496264118158124,0.6575407608695653,0.4930758882646198,0.9518305412699221,bedroom
ds_v1_seed0/living_room_contemp_v40,living_room_contemp,0.922891694011027,0.2526160578386606,0.40334156066071764,0.7331351902173913,0.25429734259037584,0.9744954128440367,bedroom
ds_v2_seed1/living_room_contemp_v57,living_room_contemp,0.8989945097631156,0.47481425513159553,0.6438970242923622,0.7166779891304348,0.48442217511402325,0.9599032586558045,bedroom
ds_v1_seed0/living_room_contemp_v41,living_room_contemp,0.9046799246408577,0.36030067524525417,0.5297368174580874,0.6588994565217391,0.3640928256461425,0.9719048028181115,bedroom
ds_v1_seed0/living_room_contemp_v62,living_room_contemp,0.939428634845192,0.2091373907306614,0.34592824989769466,0.7556895380434783,0.21015413513065576,0.9773895169578622,bedroom
ds_v2_seed1/living_room_contemp_v56,living_room_contemp,0.8482458742857475,0.4867988836474104,0.654828153291583,0.6470957880434782,0.5000634276290752,0.9483256351039261,bedroom
ds_v2_seed1/living_room_contemp_v61,living_room_contemp,0.8699396839752185,0.5030509471414218,0.6693731148610093,0.6555876358695653,0.5143315293646021,0.958222471175839,bedroom
ds_v2_seed1/living_room_contemp_v41,living_room_contemp,0.8843713422780412,0.4042819581820458,0.5757845934379457,0.6767663043478261,0.4149718875502008,0.9400975325715117,bedroom
ds_v1_seed0/living_room_contemp_v47,living_room_contemp,0.894761723516713,0.13678347644465072,0.24065000816593177,0.6841372282608695,0.13726768829475058,0.9748594111809461,bedroom
ds_v2_seed1/living_room_contemp_v33,living_room_contemp,0.8960950684013922,0.3360380432975292,0.5030366387893269,0.6609035326086956,0.339938101325439,0.9669856459330144,bedroom
ds_v2_seed1/living_room_contemp_v42,living_room_contemp,0.9102483234581253,0.40611975548763546,0.5776460417438558,0.7095957880434782,0.41134876521494407,0.969649224645493,bedroom
ds_v2_seed1/living_room_contemp_v35,living_room_contemp,0.8695381122487591,0.2559842988819963,0.4076234059770628,0.639453125,0.2589703588143526,0.9568976811214464,bedroom
ds_v1_seed0/living_room_contemp_v21,living_room_contemp,0.9088706481078719,0.2573474001507159,0.4093497153131555,0.698726222826087,0.2591593237488933,0.9735508394044979,bedroom
ds_v1_seed0/living_room_contemp_v17,living_room_contemp,0.8510842495021824,0.526963832645142,0.6902112825191001,0.6770210597826087,0.5422874110479701,0.9491062228394785,bedroom
ds_v1_seed0/living_room_contemp_v36,living_room_contemp,0.8476368841955048,0.5136248263972032,0.6786686072264762,0.6550271739130434,0.5290940036012926,0.9461426491994177,bedroom
ds_v1_seed0/living_room_contemp_v15,living_room_contemp,0.9008462075543192,0.3272319490667053,0.49310438811665297,0.6841372282608695,0.33116122419095034,0.9650096010241093,bedroom
ds_v1_seed0/living_room_contemp_v28,living_room_contemp,0.9338712583310494,0.3653639778214988,0.5351891272310464,0.7589504076086957,0.3689771957552495,0.9738974970202622,bedroom
ds_v1_seed0/living_room_contemp_v65,living_room_contemp,0.9216976725976143,0.3314314911010815,0.4978573712823792,0.7333220108695652,0.3349830012480096,0.9690028631893439,bedroom
ds_v2_seed1/living_room_contemp_v17,living_room_contemp,0.8671447149129489,0.4995735153001386,0.6662874613388319,0.681148097826087,0.5131139462300827,0.9498276910602068,bedroom
ds_v2_seed1/living_room_contemp_v22,living_room_contemp,0.8861633606162925,0.40383045708955223,0.575326536121436,0.6526664402173913,0.4091499793254179,0.9688090076229107,bedroom
ds_v1_seed0/living_room_contemp_v08,living_room_contemp,0.8513953348631317,0.24660258534968513,0.3956394575910662,0.6139605978260869,0.2484886944323837,0.9701395227539444,bedroom
ds_v1_seed0/living_room_contemp_v35,living_room_contemp,0.9028947285206386,0.385221640969163,0.5561877313722081,0.6966202445652174,0.390190336749634,0.9680013837239471,bedroom
ds_v1_seed0/living_room_contemp_v30,living_room_contemp,0.8821403586372483,0.14866510538641686,0.2588484749633012,0.691304347826087,0.14995747897571576,0.9452054794520548,bedroom
ds_v1_seed0/living_room_contemp_v19,living_room_contemp,0.8799712632792971,0.4308363392332858,0.6022160989623029,0.654296875,0.43745386406223385,0.9660793780174306,bedroom
ds_v2_seed1/living_room_contemp_v60,living_room_contemp,0.869447369244991,0.5189445017318421,0.6832961983010722,0.6909986413043478,0.5297006989987315,0.9623437116940426,bedroom
ds_v2_seed1/living_room_contemp_v26,living_room_contemp,0.844663764176883,0.5031332217172925,0.669445947236101,0.6471807065217391,0.5123608641644543,0.9654412777089357,bedroom
ds_v1_seed0/living_room_contemp_v50,living_room_contemp,0.908189523236078,0.335886661956643,0.5028670043979291,0.696671195652174,0.3392039053698836,0.9717082616179001,bedroom
ds_v1_seed0/living_room_contemp_v10,living_room_contemp,0.8392474616337187,0.5176595243701436,0.6821813668450857,0.6520889945652174,0.5360626158197601,0.9378065947191059,bedroom
ds_v1_seed0/living_room_contemp_v54,living_room_contemp,0.8601680022420498,0.5174197474516964,0.6819731301383597,0.6767663043478261,0.5316554634985149,0.950796757058988,bedroom
ds_v1_seed0/living_room_contemp_v12,living_room_contemp,0.8844910119559598,0.35279947916666665,0.5215842918331006,0.6623301630434782,0.3577133804211499,0.9625222024866785,bedroom
ds_v1_seed0/living_room_contemp_v16,living_room_contemp,0.8350665031492995,0.18872211255540244,0.31752099260558964,0.6300611413043479,0.19077560240963856,0.9460418222554144,bedroom
ds_v2_seed1/living_room_contemp_v13,living_room_contemp,0.8920577995093313,0.304752141758805,0.46714181491666196,0.6774796195652174,0.3076581904198699,0.969937077604288,bedroom
ds_v1_seed0/living_room_contemp_v03,living_room_contemp,0.8726030388718856,0.35428348676122223,0.5232043220263927,0.634273097826087,0.35841043531017747,0.9685220100008197,bedroom
ds_v2_seed1/living_room_contemp_v55,living_room_contemp,0.8648887131722477,0.1629578787659851,0.28024725872083994,0.6064707880434783,0.16353683294663574,0.9787372532002604,bedroom
ds_v1_seed0/living_room_contemp_v06,living_room_contemp,0.8551161871732524,0.19156809849899703,0.32153948857864334,0.6030061141304348,0.19284868741731076,0.9664979933693946,bedroom
ds_v1_seed0/living_room_contemp_v39,living_room_contemp,0.9073569050862137,0.3869162210338681,0.5579518289077964,0.7079313858695652,0.39180505415162453,0.9687583682942069,bedroom
ds_v1_seed0/livingroom_v53,livingroom,0.8617085767414971,0.32780983786754603,0.49376021854756924,0.5845618206521739,0.3312047088874698,0.9696797268736791,bedroom
ds_v2_seed1/livingroom_v60,livingroom,0.880226468608214,0.34336579427875835,0.5112022291189996,0.6335427989130434,0.34710514981849505,0.9695797886053107,bedroom
ds_v1_seed0/livingroom_v16,livingroom,0.8386247186136947,0.34122547101246714,0.5088264104541381,0.5997452445652174,0.3488611357206139,0.9397228637413395,bedroom
ds_v2_seed1/livingroom_v61,livingroom,0.7949979132753734,0.2567836694050286,0.4086362285827474,0.49295176630434784,0.2598498589278517,0.9560663638891463,bedroom
ds_v1_seed0/livingroom_v12,livingroom,0.8972340765908122,0.37460587715979315,0.5450375025804528,0.6631283967391305,0.37878594656634573,0.9713841877197286,bedroom
ds_v1_seed0/livingroom_v59,livingroom,0.7963437174847534,0.33057158356758887,0.4968865826538177,0.5389266304347826,0.336495983935743,0.9494334277620397,bedroom
ds_v2_seed1/livingroom_v25,livingroom,0.8971771333886098,0.3541088002167875,0.523013808284971,0.6761548913043478,0.35919461242440903,0.9615526122148639,bedroom
ds_v2_seed1/livingroom_v52,livingroom,0.8493761679033881,0.3129192033845836,0.4766770149722954,0.54765625,0.3165944563344991,0.9642289348171701,bedroom
ds_v1_seed0/livingroom_v15,livingroom,0.8902432997847558,0.33903679517769686,0.5063890647347072,0.6424422554347826,0.34144876213362,0.9795899854862119,bedroom
ds_v1_seed0/livingroom_v43,livingroom,0.8079638943348929,0.2473632630203472,0.3966178423779861,0.45219089673913043,0.24866297616813662,0.9793071593533488,bedroom
ds_v1_seed0/livingroom_v27,livingroom,0.9038358497922743,0.35784668888566873,0.5270796649058215,0.6989470108695652,0.3619773535124043,0.9690964387324634,bedroom
ds_v2_seed1/livingroom_v40,livingroom,0.8385744579329,0.3400246968305734,0.5074901942252257,0.645991847826087,0.3481827319002691,0.935534454220751,bedroom
ds_v2_seed1/livingroom_v59,livingroom,0.7933554730650284,0.27336493808049533,0.4293583558105079,0.48977581521739133,0.27673171567787275,0.9573909360440491,bedroom
ds_v1_seed0/livingroom_v20,livingroom,0.8851391421914016,0.30616285785001235,0.4687973724103083,0.5715013586956522,0.30888962876643916,0.9719748559455212,bedroom
ds_v1_seed0/livingroom_v62,livingroom,0.8755558336518569,0.326276573726383,0.49201890494025324,0.6130095108695652,0.3302507930807446,0.9644292955776962,bedroom
ds_v1_seed0/livingroom_v39,livingroom,0.9424117526909216,0.32885245901639343,0.49494201825808043,0.687109375,0.330054844606947,0.9890434973156569,bedroom
ds_v2_seed1/livingroom_v11,livingroom,0.87176252664249,0.3813286777542957,0.5521186722543737,0.6569463315217391,0.386046511627907,0.9689469997665188,bedroom
ds_v1_seed0/livingroom_v41,livingroom,0.8950073667732666,0.41856499356499355,0.5901245208555422,0.6930876358695652,0.42637081708236374,0.9580939755486817,bedroom
ds_v2_seed1/livingroom_v43,livingroom,0.8040102746405305,0.3835892866502437,0.5544843261672507,0.6005264945652173,0.39448576972833116,0.9328277356446371,bedroom
ds_v2_seed1/livingroom_v02,livingroom,0.8817026548485081,0.34280194619347454,0.5105770767837161,0.6880095108695652,0.3496825049266477,0.9457165416502171,bedroom
ds_v1_seed0/livingroom_v14,livingroom,0.910350920305787,0.341738988046504,0.5093971198437882,0.6586277173913043,0.3449016691455958,0.9738684087727485,bedroom
ds_v1_seed0/livingroom_v61,livingroom,0.8876081964369821,0.24091525311642364,0.3882863918569639,0.6101052989130434,0.241306219778764,0.9933197000681663,bedroom
ds_v2_seed1/livingroom_v46,livingroom,0.9043235440270324,0.37357857240717907,0.5439493304740294,0.6893851902173913,0.3771047263423573,0.9755813953488373,bedroom
ds_v1_seed0/livingroom_v22,livingroom,0.9235451439879343,0.3037004225160147,0.4659052298685345,0.652938179347826,0.30505168047094255,0.9856242397434479,bedroom
ds_v2_seed1/livingroom_v38,livingroom,0.8917730405732127,0.3017785255062188,0.46364034986499264,0.6052819293478261,0.30389665396018634,0.9774253186727644,bedroom
ds_v2_seed1/livingroom_v09,livingroom,0.7819831706782399,0.3013391324253176,0.4631216028426182,0.481640625,0.304736330385666,0.9643249578785437,bedroom
ds_v2_seed1/livingroom_v07,livingroom,0.8989055215818623,0.2927506946198535,0.4529112934740133,0.6195652173913043,0.2942931505110138,0.9824115278660733,bedroom
ds_v1_seed0/livingroom_v05,livingroom,0.8324072688259422,0.35907890203284715,0.5284150927451726,0.6208899456521739,0.36919171045639726,0.9291233283803864,bedroom
ds_v2_seed1/livingroom_v28,livingroom,0.8834410709700368,0.37432290887326053,0.5447379308843063,0.644921875,0.379570904014809,0.9643793369313801,bedroom
ds_v2_seed1/livingroom_v26,livingroom,0.7288828968615979,0.03428074965868189,0.06628906062496999,0.33926630434782606,0.03428755865630509,0.994240460763139,bedroom
ds_v1_seed0/livingroom_v63,livingroom,0.8125627790229651,0.30792861322410764,0.4708645565373001,0.5179008152173913,0.3120907361190047,0.9584882750246642,bedroom
ds_v1_seed0/livingroom_v10,livingroom,0.8299549241016053,0.35456469965599363,0.5235109105471879,0.5857506793478261,0.3621644998243101,0.9441234498308907,bedroom
ds_v2_seed1/livingroom_v12,livingroom,0.8961000537935971,0.2902361161305867,0.449896127541374,0.5997452445652174,0.291192022964194,0.9888159244818387,bedroom
ds_v1_seed0/livingroom_v33,livingroom,0.9237046632298592,0.29753461668355285,0.45861530452889127,0.6467391304347826,0.2987453374025093,0.986562150055991,bedroom
ds_v1_seed0/livingroom_v57,livingroom,0.9169074264588962,0.29209857897988606,0.4521304856019551,0.6497282608695653,0.29342803944555546,0.9847257579264059,bedroom
ds_v2_seed1/livingroom_v10,livingroom,0.8209649970004349,0.2764984720517818,0.4332139491046183,0.4893342391304348,0.2789890259298825,0.9687236553700893,bedroom
ds_v1_seed0/livingroom_v45,livingroom,0.8910805511006462,0.3383520645003665,0.5056249001665791,0.6320482336956522,0.3421767867070233,0.9680209698558322,bedroom
ds_v2_seed1/livingroom_v13,livingroom,0.896869816006057,0.38286779684424954,0.5537301508039549,0.6964334239130435,0.387890023786204,0.9672889043963713,bedroom
ds_v2_seed1/livingroom_v30,livingroom,0.8486406714635948,0.2929400186470527,0.453137832261683,0.536328125,0.2968376853431308,0.957099339989846,bedroom
ds_v1_seed0/minigym_v42,minigym,0.8663680134825059,0.5555871668052699,0.7143118414203514,0.6551120923913043,0.5678021068640826,0.9627227910504361,bedroom
ds_v2_seed1/minigym_v32,minigym,0.9220451825340428,0.5190123971247005,0.6833550510938893,0.6863451086956521,0.5225919806991319,0.9869743945322174,bedroom
ds_v1_seed0/minigym_v55,minigym,0.9090996935940971,0.4397253037506603,0.6108461143318412,0.639741847826087,0.44098325916507736,0.9935545476247314,bedroom
ds_v1_seed0/minigym_v09,minigym,0.9031734737516227,0.5227514568026349,0.6865880238923181,0.680078125,0.5279007291799923,0.9816823674945285,bedroom
ds_v1_seed0/minigym_v33,minigym,0.9163771121982656,0.5091553606038968,0.6747553948324517,0.6731148097826087,0.5114640707057768,0.9912123920166815,bedroom
ds_v2_seed1/minigym_v21,minigym,0.9102569412795426,0.5831653709569057,0.7367080933616247,0.7049592391304348,0.5878767355231967,0.9864437048461726,bedroom
ds_v1_seed0/minigym_v27,minigym,0.9441632214961341,0.7495858558477154,0.8568723316347611,0.8587975543478261,0.7518958276685096,0.9959182040097643,bedroom
ds_v1_seed0/minigym_v35,minigym,0.9103784309114454,0.5085888181886773,0.6742577063501326,0.6681555706521739,0.5119364066732488,0.9873059271555512,bedroom
ds_v2_seed1/minigym_v49,minigym,0.8792027278866094,0.5991528014323769,0.7493377754717496,0.6882133152173913,0.6084392115124504,0.9751590319485411,bedroom
ds_v2_seed1/minigym_v30,minigym,0.9283021460135056,0.4228865091750525,0.5944065200537035,0.6357167119565217,0.4237644584647739,0.9951247309104724,bedroom
ds_v1_seed0/minigym_v31,minigym,0.8400032443256357,0.5883501194060845,0.7408317753343706,0.6633322010869566,0.6186296344818552,0.9231972367949428,bedroom
ds_v2_seed1/minigym_v15,minigym,0.8872641403949897,0.5556654189325988,0.7143765133171912,0.6794497282608696,0.5767097515087839,0.938377131952451,bedroom
ds_v1_seed0/minigym_v29,minigym,0.9199898119288196,0.4796314509032559,0.6483120517754067,0.6585258152173913,0.4807886885458555,0.995006711409396,bedroom
ds_v2_seed1/minigym_v33,minigym,0.8867717855387905,0.07380113211577485,0.1374577282673563,0.8527173913043479,0.07399871492825016,0.9650837988826816,bedroom
ds_v1_seed0/minigym_v40,minigym,0.9329984481371746,0.34721673904461114,0.5154578754578754,0.6068444293478261,0.34743227990970654,0.9982164572355087,bedroom
ds_v1_seed0/minigym_v00,minigym,0.9112862790620795,0.5382761139517896,0.6998432974025357,0.6779381793478261,0.5416391032708563,0.9885967265897505,bedroom
ds_v1_seed0/minigym_v11,minigym,0.9055828792244902,0.25718045985910043,0.40913849374961514,0.8370414402173914,0.257459505541347,0.9958033573141487,bedroom
ds_v2_seed1/minigym_v37,minigym,0.8329540041923991,0.6246133043781115,0.7689378176269561,0.6888077445652174,0.6645306131345495,0.9122681029323758,bedroom
ds_v1_seed0/minigym_v28,minigym,0.9279714703550466,0.4459992226109168,0.6168733919588342,0.6611073369565217,0.44661921708185054,0.9968971081047536,bedroom
ds_v2_seed1/minigym_v52,minigym,0.946901428270246,0.5888697616870192,0.7412435882243401,0.7404042119565217,0.5899964966178888,0.9967674376252049,bedroom
ds_v1_seed0/minigym_v50,minigym,0.9249684730825009,0.4271110488727069,0.5985673633598273,0.6525985054347826,0.42906983287378314,0.9894245117757737,bedroom
ds_v1_seed0/minigym_v07,minigym,0.9180720312657699,0.4964969992215554,0.6635455994630423,0.6594599184782609,0.4983239660256572,0.9926699467818054,bedroom
ds_v2_seed1/minigym_v01,minigym,0.868139464995681,0.5437377109149938,0.7044431279620854,0.6610733695652173,0.562554701360142,0.9420479302832244,bedroom
ds_v2_seed1/minigym_v07,minigym,0.9340152828709261,0.4399008674101611,0.6110154905335629,0.6622282608695652,0.44075735771325375,0.9956020141500415,bedroom
ds_v2_seed1/minigym_v26,minigym,0.8447593408284186,0.6096564531104921,0.7574988463313336,0.6787024456521739,0.6436553752314562,0.9202666085277353,bedroom
ds_v2_seed1/minigym_v50,minigym,0.8678796673772455,0.5417145691034918,0.7027430108784652,0.6547214673913043,0.5621155060700335,0.9372099372099372,bedroom
ds_v1_seed0/minigym_v34,minigym,0.9359632555224755,0.3893688090301774,0.5604974093264249,0.63984375,0.38999769266266726,0.9958756812490794,bedroom
ds_v2_seed1/minigym_v35,minigym,0.9211816572838954,0.5087141202213927,0.6743678121694024,0.675883152173913,0.51371305274651,0.9812304483837331,bedroom
ds_v1_seed0/minigym_v20,minigym,0.9001906533530354,0.521085955935609,0.6851499139837798,0.6518682065217392,0.5231393521450519,0.992523697209737,bedroom
ds_v2_seed1/minigym_v53,minigym,0.9203722365165766,0.5332099629888967,0.6955472190507259,0.6829823369565218,0.536281093588873,0.9893740429678437,bedroom
ds_v1_seed0/minigym_v05,minigym,0.9258296649838048,0.5135878102419101,0.6786362928753048,0.6844599184782608,0.5166039027730229,0.9887600806451613,bedroom
ds_v2_seed1/minigym_v45,minigym,0.9548963698951762,0.546089076002659,0.7064134718738805,0.9304177989130434,0.5489475442699633,0.9905546623794212,bedroom
ds_v1_seed0/minigym_v17,minigym,0.8401396485065297,0.5719165954964901,0.7276678637212939,0.6509680706521739,0.5986655619031006,0.927536231884058,bedroom
ds_v1_seed0/minimal_interior_v42,minimal_interior,0.901210351616932,0.25937756291276387,0.4119139018371264,0.70859375,0.26466701902748413,0.9284610630407911,bedroom
ds_v1_seed0/minimal_interior_v65,minimal_interior,0.7726203936530953,0.02132576525440908,0.04176094636973523,0.5900305706521739,0.021440508702563893,0.7993920972644377,bedroom
ds_v1_seed0/minimal_interior_v13,minimal_interior,0.8834241838994853,0.2485091743119266,0.3980894644989436,0.666117527173913,0.2531739232027416,0.9309752255477588,bedroom
ds_v2_seed1/minimal_interior_v10,minimal_interior,0.8715316988966072,0.24966627563609886,0.3995727187388729,0.6849694293478261,0.25560110986872076,0.9149125407648977,bedroom
ds_v2_seed1/minimal_interior_v04,minimal_interior,0.920666154906053,0.23337778624499905,0.3784368242199567,0.7266304347826087,0.23674928733632894,0.942488940180804,bedroom
ds_v2_seed1/minimal_interior_v53,minimal_interior,0.8708067067256677,0.26171529619805484,0.4148563419761738,0.6880095108695652,0.2696257038754554,0.8991991162662248,bedroom
ds_v2_seed1/minimal_interior_v27,minimal_interior,0.8744281007234199,0.23019911504424778,0.37424692024098555,0.6454313858695652,0.23443484791588434,0.9272241200059409,bedroom
ds_v1_seed0/minimal_interior_v46,minimal_interior,0.9021286622930993,0.10232830108441421,0.18565848483387185,0.7131963315217391,0.10319502519566849,0.9241478636581854,bedroom
ds_v2_seed1/minimal_interior_v08,minimal_interior,0.8903080600234702,0.21400735294117648,0.35256352018412523,0.6369055706521739,0.21682124632174918,0.9428247489471979,bedroom
ds_v2_seed1/minimal_interior_v25,minimal_interior,0.8481112570804378,0.12238477269152116,0.21807988787666432,0.620991847826087,0.12431093712550931,0.8876212207644039,bedroom
ds_v2_seed1/minimal_interior_v33,minimal_interior,0.8920244323713413,0.21743957955512788,0.3572080014592327,0.6408967391304348,0.2193473715651135,0.9615384615384616,bedroom
ds_v2_seed1/minimal_interior_v30,minimal_interior,0.9151230320631237,0.13795945277731994,0.24246813441483198,0.6447010869565217,0.1386392811296534,0.9656763772714162,bedroom
ds_v1_seed0/minimal_interior_v24,minimal_interior,0.8587201430129724,0.18306792330191746,0.30947998791308406,0.5730808423913043,0.18532043689959204,0.9377393041451639,bedroom
ds_v2_seed1/minimal_interior_v29,minimal_interior,0.8964702623599118,0.20208197340845846,0.3362199548429506,0.6055536684782609,0.20355054157871058,0.9655285620485883,bedroom
ds_v1_seed0/minimal_interior_v43,minimal_interior,0.9072195421841577,0.20434222018882836,0.3393424506147258,0.6751019021739131,0.20608221476510066,0.9603205629397967,bedroom
ds_v2_seed1/minimal_interior_v22,minimal_interior,0.9116697605855283,0.14471332657102837,0.25283767247563194,0.6992697010869565,0.1459541092220003,0.9445145018915511,bedroom
ds_v1_seed0/minimal_interior_v11,minimal_interior,0.8910448232107532,0.23337674276083958,0.3784354523151455,0.6600713315217391,0.23702637516533104,0.9381062355658198,bedroom
ds_v1_seed0/minimal_interior_v09,minimal_interior,0.9027037956086332,0.26974630119196696,0.4248822003871863,0.7325917119565217,0.27708432586946163,0.9105996555503366,bedroom
ds_v1_seed0/minimal_interior_v40,minimal_interior,0.9154111611930331,0.1414272715455609,0.24780776676916072,0.663468070652174,0.14203037291675732,0.9708506841165973,bedroom
ds_v1_seed0/minimal_interior_v26,minimal_interior,0.8934832141725972,0.1378032969068346,0.2422269249552336,0.6837635869565217,0.13940415964024733,0.9230769230769231,bedroom
ds_v1_seed0/minimal_interior_v63,minimal_interior,0.9226258282925602,0.17034774436090225,0.2911062035735796,0.7001528532608695,0.1716057564855141,0.9587410737900026,bedroom
ds_v2_seed1/minimal_interior_v60,minimal_interior,0.8639280803693588,0.21260633906457518,0.3506601148540643,0.627445652173913,0.21682468792327123,0.9161639597834493,bedroom
ds_v1_seed0/minimal_interior_v37,minimal_interior,0.8878161636217492,0.2592739378566899,0.41178321898407505,0.6825747282608695,0.26448352536891045,0.9293933797414405,bedroom
ds_v2_seed1/minimal_interior_v51,minimal_interior,0.8776783189414221,0.15468936170212766,0.26793242725316196,0.5782778532608696,0.1559208043097828,0.9514237855946399,bedroom
ds_v1_seed0/minimal_interior_v29,minimal_interior,0.9240752345306993,0.15713755719526773,0.2715970218374835,0.652734375,0.1579972644754839,0.9665314401622718,bedroom
ds_v2_seed1/minimal_interior_v37,minimal_interior,0.8689586347692528,0.20972477064220182,0.3467313817685424,0.6342561141304348,0.21308724832214765,0.9300244100895037,bedroom
ds_v2_seed1/minimal_interior_v16,minimal_interior,0.8840546121953523,0.16480022776881464,0.2829673687212287,0.701069972826087,0.16808634207724324,0.893951093951094,bedroom
ds_v1_seed0/minimal_interior_v23,minimal_interior,0.8669670123215117,0.14382632293080055,0.2514827995255041,0.5391813858695652,0.14476734953152295,0.9567590260285475,bedroom
ds_v1_seed0/minimal_interior_v04,minimal_interior,0.905040366972424,0.20625212368331636,0.34197183098591544,0.6826086956521739,0.20882428829448696,0.9436455499417022,bedroom
ds_v2_seed1/minimal_interior_v35,minimal_interior,0.8677799261383263,0.2468253334398211,0.39592608013323516,0.6796705163043478,0.2525124601683144,0.9163825055596738,bedroom
ds_v2_seed1/minimal_interior_v02,minimal_interior,0.8508667690845279,0.023654715462257725,0.046216199866916705,0.7322180706521739,0.02375769637415262,0.8451327433628318,bedroom
ds_v1_seed0/minimal_interior_v31,minimal_interior,0.891018876526363,0.16526458616010856,0.28365160689333957,0.5820652173913043,0.1665356349341993,0.9558563861094762,bedroom
ds_v2_seed1/minimal_interior_v61,minimal_interior,0.8565865707161496,0.0513288518897743,0.09764566395663957,0.638077445652174,0.051669280752856823,0.8862413528055342,bedroom
ds_v2_seed1/minimal_interior_v23,minimal_interior,0.877651586591886,0.21053432211447043,0.3478370142314096,0.6474354619565217,0.21397649969078542,0.9290149353918443,bedroom
ds_v1_seed0/minimal_interior_v25,minimal_interior,0.9212511014811926,0.12259615384615384,0.21841541755888652,0.6528532608695652,0.12281229843044507,0.9858474283741802,bedroom
ds_v1_seed0/minimal_interior_v18,minimal_interior,0.8597730969947748,0.23849065348370152,0.3851311316930177,0.665132472826087,0.24372434480580993,0.9173971178131035,bedroom
ds_v2_seed1/minimal_interior_v40,minimal_interior,0.9067649792763239,0.2215854052308686,0.362783321218529,0.6724524456521739,0.22484334684850718,0.9386219866643871,bedroom
ds_v1_seed0/minimal_interior_v44,minimal_interior,0.8545341359158746,0.12061536594246874,0.21526630743819558,0.5077955163043478,0.12138887192328834,0.9498207885304659,bedroom
ds_v2_seed1/minimal_interior_v26,minimal_interior,0.9193321353491146,0.15451351234112698,0.26766860792786024,0.6689707880434783,0.1553491212002268,0.9663591969614759,bedroom
ds_v2_seed1/scandinavian_v01,scandinavian,0.9208250353873658,0.37473501303214596,0.5451741746296577,0.694429347826087,0.38523096709656673,0.9322209734589781,bedroom
ds_v2_seed1/scandinavian_v02,scandinavian,0.9491599755524357,0.3649179883421445,0.5347104975667891,0.7612941576086957,0.37223451327433627,0.9488896721889319,bedroom
ds_v1_seed0/scandinavian_v17,scandinavian,0.8925779593611881,0.31248491431329956,0.476172961541114,0.6129925271739131,0.31820695588054565,0.9455856842874099,bedroom
ds_v1_seed0/scandinavian_v15,scandinavian,0.8871703522161147,0.3295643089780618,0.4957478276945831,0.6294157608695652,0.3372213663658943,0.9355429568251199,bedroom
ds_v1_seed0/scandinavian_v10,scandinavian,0.903765219580563,0.31445306414929747,0.47845461009717943,0.6262907608695653,0.320300847323157,0.9451259481224834,bedroom
ds_v1_seed0/scandinavian_v18,scandinavian,0.7588224481692352,0.31484067538402943,0.478903157284928,0.5416949728260869,0.32581848757160126,0.9033292052159977,bedroom
ds_v2_seed1/scandinavian_v50,scandinavian,0.9354976753231866,0.3234827938431193,0.48883566200931466,0.6737941576086957,0.3284809900211023,0.9550748752079867,bedroom
ds_v2_seed1/scandinavian_v31,scandinavian,0.8832359580682151,0.22362665637463014,0.3655145222762518,0.5900305706521739,0.22664450094530283,0.9438034478077915,bedroom
ds_v2_seed1/scandinavian_v25,scandinavian,0.9452429170874128,0.35499808339367095,0.5239831520714151,0.7427989130434782,0.3618406772303017,0.9494247636405058,bedroom
ds_v2_seed1/scandinavian_v16,scandinavian,0.8665363281247821,0.26750604171017694,0.4220982510651319,0.5830332880434783,0.27382115807476176,0.9206284012732313,bedroom
ds_v1_seed0/scandinavian_v06,scandinavian,0.7102154914779666,0.2486137229374608,0.39822359528866574,0.4706861413043478,0.2575874903204856,0.8770944968954665,bedroom
ds_v1_seed0/scandinavian_v50,scandinavian,0.9401947154087887,0.3102992791636789,0.4736311529709957,0.6896229619565217,0.31452507555181514,0.9584984844952203,bedroom
ds_v1_seed0/scandinavian_v13,scandinavian,0.8987194189335372,0.4017233745444637,0.5731849548061035,0.701664402173913,0.41433941054554396,0.9295452754354165,bedroom
ds_v2_seed1/scandinavian_v10,scandinavian,0.7826705316392586,0.2850014914445318,0.4435815730052546,0.5521908967391305,0.2933459863793681,0.9092482048620123,bedroom
ds_v2_seed1/scandinavian_v30,scandinavian,0.8622130476034616,0.2678872354402902,0.42257265149808515,0.5646739130434782,0.2726929115543409,0.9382753101240496,bedroom
ds_v2_seed1/scandinavian_v61,scandinavian,0.872842837689061,0.25248715588156684,0.4031772377000593,0.5725033967391304,0.2578864353312303,0.9234278266536331,bedroom
ds_v1_seed0/scandinavian_v34,scandinavian,0.9067596709571816,0.2744802031153503,0.43073278414903354,0.6408627717391304,0.27770063871146905,0.959462700887503,bedroom
ds_v1_seed0/scandinavian_v04,scandinavian,0.7865945455634433,0.32951004268468326,0.49568642899350013,0.5651494565217391,0.3440798468690183,0.8861267605633802,bedroom
ds_v1_seed0/scandinavian_v27,scandinavian,0.9303061690567644,0.28492845572354214,0.44349310571240974,0.640132472826087,0.2882849045651654,0.9607419208010924,bedroom
ds_v2_seed1/scandinavian_v41,scandinavian,0.9431861204335599,0.404321223709369,0.5758244152166218,0.735444972826087,0.41321764958768126,0.9494432471264368,bedroom
ds_v1_seed0/scandinavian_v43,scandinavian,0.87632598537818,0.35424259863162605,0.5231597336984749,0.6569633152173913,0.36204417723173443,0.9426578186149396,bedroom
ds_v2_seed1/scandinavian_v24,scandinavian,0.8004113178311528,0.3183318331833183,0.4829312699135184,0.5755434782608696,0.32941010443127294,0.9044482331060136,bedroom
ds_v2_seed1/scandinavian_v32,scandinavian,0.8791525395194487,0.297112104458299,0.4581132246582175,0.5940726902173913,0.30449983423249644,0.9245058565153733,bedroom
ds_v1_seed0/scandinavian_v55,scandinavian,0.9553962849072818,0.37042389210019266,0.5405975395430579,0.7558254076086957,0.3757885384273656,0.9628912919749573,bedroom
ds_v1_seed0/scandinavian_v64,scandinavian,0.8944483222018194,0.295409726646643,0.45608693615626017,0.605570652173913,0.30177276390008057,0.9333780674846626,bedroom
ds_v1_seed0/scandinavian_v32,scandinavian,0.9347109497455136,0.3195394895741084,0.48431970713849903,0.7129076086956522,0.3249416676900405,0.950544844928751,bedroom
ds_v2_seed1/scandinavian_v54,scandinavian,0.8911754927354344,0.2694174016541032,0.4244740954441639,0.5934273097826087,0.27442568932823524,0.9365584553363039,bedroom
ds_v2_seed1/scandinavian_v37,scandinavian,0.8235885999118351,0.34982137151819687,0.5183224668086847,0.6198199728260869,0.3584630494955207,0.9355289731241262,bedroom
ds_v2_seed1/scandinavian_v28,scandinavian,0.9201893246427818,0.3450877253694155,0.513108132444879,0.6785835597826086,0.3531536636328222,0.9379232505643341,bedroom
ds_v2_seed1/scandinavian_v39,scandinavian,0.8586618250669,0.28338620027355005,0.44162263894242765,0.5817764945652174,0.2903225806451613,0.9222464248508382,bedroom
ds_v1_seed0/scandinavian_v60,scandinavian,0.9032648151501855,0.30903790087463556,0.47216035634743875,0.6296875,0.315639564992232,0.936611601997695,bedroom
ds_v1_seed0/scandinavian_v42,scandinavian,0.9453359297548651,0.42427875608842264,0.595780501920345,0.7390285326086956,0.4328084390765938,0.9556118143459915,bedroom
ds_v2_seed1/scandinavian_v12,scandinavian,0.8298950881302772,0.2788092095615193,0.43604504483842116,0.5823879076086956,0.28390526535854016,0.9395137378928642,bedroom
ds_v1_seed0/scandinavian_v40,scandinavian,0.904764308802686,0.28030890635011635,0.4378769919662847,0.6375509510869565,0.2839767680218654,0.9559516963772283,bedroom
ds_v1_seed0/scandinavian_v07,scandinavian,0.7896873779317076,0.26769923080948144,0.42233871300615017,0.5246263586956522,0.2740885591063727,0.9198957115886002,bedroom
ds_v2_seed1/scandinavian_v65,scandinavian,0.9122133105784236,0.3026743645895547,0.46469689251146207,0.643070652173913,0.30911555404947477,0.9355897435897436,bedroom
ds_v2_seed1/scandinavian_v42,scandinavian,0.9433206806073925,0.4009287345991087,0.5723756315325188,0.7283118206521739,0.40873515824838696,0.9545292439372325,bedroom
ds_v1_seed0/scandinavian_v37,scandinavian,0.9249209059742253,0.3896209705986539,0.560758622447679,0.7073539402173913,0.3989626029235736,0.9433104631217839,bedroom
ds_v1_seed0/scandinavian_v45,scandinavian,0.9009286479508327,0.29218373772920914,0.45223249480398475,0.6105808423913044,0.2976789533274626,0.9405743813971976,bedroom
ds_v2_seed1/scandinavian_v46,scandinavian,0.9329994281002546,0.3522364217252396,0.5209686946249262,0.683203125,0.35834658187599366,0.9538273462478841,bedroom
ds_v1_seed0/sunlight_v02,sunlight,0.8675361513784176,0.2939129059051537,0.4543009109249862,0.3936141304347826,0.2954143393826154,0.9830015212646339,bedroom
ds_v1_seed0/sunlight_v20,sunlight,0.8725702312409128,0.2557161837904297,0.40728340860996176,0.3625679347826087,0.25612759702856236,0.9937577065351418,bedroom
ds_v2_seed1/sunlight_v49,sunlight,0.8681565105445875,0.2728109696376102,0.42867476183880454,0.3695142663043478,0.2733839781716821,0.9923756591135813,bedroom
ds_v2_seed1/sunlight_v55,sunlight,0.8895839391402709,0.12972177302317867,0.2296526031821769,0.28707540760869565,0.12975405416614824,0.9980858191099059,bedroom
ds_v1_seed0/sunlight_v59,sunlight,0.9041871757709508,0.11463026472104544,0.20568302934019747,0.3291610054347826,0.11466367713004484,0.9974644041349717,bedroom
ds_v2_seed1/sunlight_v31,sunlight,0.9295781736281435,0.11730147367381699,0.2099728254866005,0.39268002717391304,0.11731595319211968,0.9989489173849064,bedroom
ds_v2_seed1/sunlight_v22,sunlight,0.8635234222405964,0.27793425380630676,0.4349742609660615,0.3773777173913043,0.27864223371904745,0.990941011235955,bedroom
ds_v1_seed0/sunlight_v04,sunlight,0.8548454653359666,0.18801631924005927,0.31652144199555776,0.32058423913043477,0.18820350278353448,0.9947379725085911,bedroom
ds_v1_seed0/sunlight_v32,sunlight,0.913337842525574,0.21035455772297879,0.34759163152773276,0.4534307065217391,0.21050434611795904,0.9966286910020925,bedroom
ds_v2_seed1/sunlight_v26,sunlight,0.8427838478738191,0.25357673290594274,0.4045651554462425,0.32569633152173916,0.2548319446806099,0.9809454545454546,bedroom
ds_v1_seed0/sunlight_v21,sunlight,0.9236865179423865,0.14274597761655186,0.24982976166633292,0.36385869565217394,0.1427721185761703,0.9987189751801441,bedroom
ds_v2_seed1/sunlight_v42,sunlight,0.899348389690527,0.23374250896696147,0.3789161956698387,0.41584578804347827,0.2339770750635565,0.9957293347252538,bedroom
ds_v1_seed0/sunlight_v28,sunlight,0.9070759116468915,0.20691090757701916,0.3428768540876164,0.44998301630434784,0.20702751709098038,0.9972851746931067,bedroom
ds_v2_seed1/sunlight_v16,sunlight,0.8696977017594292,0.2916260857466558,0.45156425526676214,0.3947180706521739,0.29213706867371525,0.9940379403794037,bedroom
ds_v2_seed1/sunlight_v33,sunlight,0.8924411962389687,0.21681600333402792,0.35636612723692096,0.36166779891304346,0.21695162635529608,0.9971250598945856,bedroom
ds_v1_seed0/sunlight_v42,sunlight,0.8980556324393296,0.25458013574058463,0.4058411710628669,0.42921195652173916,0.25485145876815135,0.9958355023425299,bedroom
ds_v2_seed1/sunlight_v65,sunlight,0.8630102224489584,0.24461148884413694,0.3930728440749107,0.3565726902173913,0.2448702594810379,0.9956984011038065,bedroom
ds_v2_seed1/sunlight_v41,sunlight,0.8638807491105116,0.21387514148116912,0.3523840865876847,0.39840353260869565,0.2142364893404175,0.992175434984042,bedroom
ds_v1_seed0/sunlight_v08,sunlight,0.8552023502111289,0.16728947421576748,0.28662894322448906,0.29984714673913043,0.16749246668149737,0.9928074802205706,bedroom
ds_v2_seed1/sunlight_v53,sunlight,0.8779668955430586,0.2726832125042913,0.42851702580051415,0.38831521739130437,0.27308026776144156,0.9946961325966851,bedroom
ds_v1_seed0/sunlight_v11,sunlight,0.8732707016779467,0.25033355238265925,0.4004268331528318,0.36063179347826085,0.2506679960119641,0.9946985282481405,bedroom
ds_v2_seed1/sunlight_v05,sunlight,0.9042799646997721,0.2324479068894312,0.3772133582117969,0.4444633152173913,0.23280298935395172,0.9934810951760105,bedroom
ds_v1_seed0/sunlight_v43,sunlight,0.9236130196787349,0.1290012654075081,0.2285228003902115,0.36873301630434785,0.12901638191661394,0.9990925589836661,bedroom
ds_v2_seed1/sunlight_v02,sunlight,0.9031465276708743,0.17056566406733506,0.2914243417574283,0.430961277173913,0.17065860847596165,0.9968171296296297,bedroom
ds_v1_seed0/sunlight_v50,sunlight,0.9043450368774552,0.16485167972994844,0.28304321073420535,0.3865319293478261,0.16490887223609954,0.9979006298110566,bedroom
ds_v1_seed0/sunlight_v25,sunlight,0.9322439480689043,0.06499074097562213,0.12204940094800279,0.37399796195652174,0.06499898518368176,0.9980522010128555,bedroom
ds_v2_seed1/sunlight_v64,sunlight,0.8757871640333997,0.2542610177745313,0.4054355738898326,0.3757982336956522,0.25453474436838575,0.9957883026064844,bedroom
ds_v1_seed0/sunlight_v26,sunlight,0.8792735657367575,0.20411828853678876,0.33903361568376755,0.3678498641304348,0.204345499304292,0.9945822046259637,bedroom
ds_v1_seed0/sunlight_v44,sunlight,0.8853195985843911,0.24848863453167822,0.3980631103220079,0.36662703804347824,0.24865398963521607,0.9973309608540926,bedroom
ds_v2_seed1/sunlight_v21,sunlight,0.8761325570175048,0.27184466019417475,0.42748091603053434,0.37202785326086957,0.27212869140085955,0.9961752183012196,bedroom
ds_v1_seed0/sunlight_v19,sunlight,0.8702056294510737,0.2715920915712799,0.4271685761047463,0.38179347826086957,0.2720112235694959,0.9943585610667448,bedroom
ds_v2_seed1/sunlight_v54,sunlight,0.8335149052159024,0.25477019762247294,0.40608264063843597,0.3313688858695652,0.25577727099961994,0.9847808590034389,bedroom
ds_v1_seed0/sunlight_v47,sunlight,0.9311043360003004,0.07977855879447775,0.14776836999531973,0.319633152173913,0.07978405697220307,0.9991369390103567,bedroom
ds_v1_seed0/sunlight_v16,sunlight,0.8705843576554616,0.14597315436241612,0.2547584187408492,0.2911345108695652,0.1460897344009174,0.9945629443747386,bedroom
ds_v1_seed0/sunlight_v24,sunlight,0.8653161304498502,0.2493944347072609,0.3992245007329414,0.3526664402173913,0.2500938049252523,0.9889114477588631,bedroom
ds_v2_seed1/sunlight_v23,sunlight,0.8885710731871602,0.18420400531639297,0.31110181098767314,0.3849524456521739,0.1843701382155983,0.9951320433248144,bedroom
ds_v2_seed1/sunlight_v19,sunlight,0.860179064113584,0.2111438702737161,0.348668519828281,0.3274626358695652,0.2115231100822224,0.9915801291046871,bedroom
ds_v1_seed0/sunlight_v07,sunlight,0.8812987043057594,0.18317020720702615,0.3096261317117086,0.30973165760869564,0.18335814589787952,0.9944353518821604,bedroom
ds_v2_seed1/sunlight_v25,sunlight,0.9084650794020941,0.17041839683349116,0.29120936119006613,0.4197860054347826,0.17046807063567246,0.9982930298719772,bedroom
ds_v2_seed1/sunlight_v45,sunlight,0.8173180146572637,0.2811828369665336,0.4389425597244065,0.3638077445652174,0.28398937922747447,0.96604694092827,bedroom
ds_v2_seed1/terrazzo_v37,terrazzo,0.8906618307043014,0.6058621205323762,0.7545630633986441,0.7761888586956521,0.6359925904995134,0.9274758481754498,bedroom
ds_v2_seed1/terrazzo_v38,terrazzo,0.9175020583577618,0.3822453685298561,0.5530788921165406,0.7360903532608696,0.3865637438185985,0.9716046887631367,bedroom
ds_v1_seed0/terrazzo_v07,terrazzo,0.9005236072848893,0.5859527846615364,0.7389284098852749,0.7843410326086957,0.6151792133100544,0.9250012868687909,bedroom
ds_v1_seed0/terrazzo_v15,terrazzo,0.8868810296914358,0.7068326663702387,0.828238971865231,0.7984375,0.7442646829319045,0.9335725938009788,bedroom
ds_v1_seed0/terrazzo_v11,terrazzo,0.9018277949082322,0.6853678762403134,0.8133154617485875,0.8131283967391304,0.7315346111585886,0.9156829035339064,bedroom
ds_v2_seed1/terrazzo_v13,terrazzo,0.9184287502888248,0.774024024024024,0.8726195514176894,0.8466372282608695,0.8582130965593785,0.8875179340028695,bedroom
ds_v1_seed0/terrazzo_v53,terrazzo,0.9195671082298508,0.5701036979064762,0.726198783770312,0.8134171195652173,0.597629009762901,0.9252508573605995,bedroom
ds_v2_seed1/terrazzo_v03,terrazzo,0.9062692407057925,0.2858087348811885,0.4445587078821608,0.6881114130434782,0.28965000788270534,0.9556566970091027,bedroom
ds_v2_seed1/terrazzo_v10,terrazzo,0.9272161206669011,0.8509183234709965,0.9194552916579091,0.8763417119565218,0.9331956077515551,0.906113727542299,bedroom
ds_v1_seed0/terrazzo_v60,terrazzo,0.9187524040900392,0.8605773891463249,0.925064868751498,0.8778702445652173,0.9513460219478738,0.9001967266311072,bedroom
ds_v2_seed1/terrazzo_v58,terrazzo,0.8411963877038102,0.700372028782107,0.8237868147992874,0.7715692934782609,0.7641582810753001,0.8935087819018928,bedroom
ds_v1_seed0/terrazzo_v49,terrazzo,0.9453932186967916,0.8182677165354331,0.9000519660488482,0.8726052989130435,0.914863071213804,0.8857127871603903,bedroom
ds_v1_seed0/terrazzo_v03,terrazzo,0.8955193672825887,0.7897894549023107,0.8825501264844791,0.8399286684782609,0.8497756233351731,0.9179541683948569,bedroom
ds_v2_seed1/terrazzo_v40,terrazzo,0.8791960675704262,0.5772066322813766,0.7319353348729792,0.7535835597826087,0.6111693921629127,0.9121805203776192,bedroom
ds_v2_seed1/terrazzo_v07,terrazzo,0.9066108305884492,0.6363694308113965,0.7777821057141744,0.8062160326086957,0.6731391585760518,0.9209482520062725,bedroom
ds_v2_seed1/terrazzo_v43,terrazzo,0.9557911978013643,0.7879244335655557,0.8813844911714115,0.8852241847826087,0.8742644242487552,0.8886214829233764,bedroom
ds_v2_seed1/terrazzo_v47,terrazzo,0.9196774067870277,0.605413056236407,0.7542146912093582,0.8058763586956522,0.6377322811738608,0.9227571691660089,bedroom
ds_v1_seed0/terrazzo_v19,terrazzo,0.9500641486936164,0.7674537169805309,0.8684286435422226,0.8760529891304348,0.8397252632312949,0.899163742253416,bedroom
ds_v1_seed0/terrazzo_v20,terrazzo,0.8941481560584873,0.45869686892964145,0.62891321521273,0.7207710597826087,0.4661714515157599,0.9662251196338165,bedroom
ds_v1_seed0/terrazzo_v04,terrazzo,0.8987979263875775,0.7746462828370281,0.8730148540909732,0.8320142663043478,0.8713480266529985,0.8746880707982815,bedroom
ds_v2_seed1/terrazzo_v63,terrazzo,0.8662314321784378,0.4027015358046012,0.5741799314044499,0.6710597826086957,0.41132741132741135,0.9505022565147765,bedroom
ds_v1_seed0/terrazzo_v05,terrazzo,0.91663240318028,0.8374540594721016,0.9115374124920447,0.8677989130434782,0.9173757891847378,0.9057728792122143,bedroom
ds_v1_seed0/terrazzo_v22,terrazzo,0.9292226643423148,0.600351896558779,0.7502748587353941,0.8341202445652174,0.6313524678342441,0.9243951612903226,bedroom
ds_v2_seed1/terrazzo_v16,terrazzo,0.8905620305411945,0.5107546262917568,0.6761582819646054,0.7234035326086956,0.5244617187981986,0.9513205013428827,bedroom
ds_v1_seed0/terrazzo_v42,terrazzo,0.8860910605904189,0.8005981231308652,0.8892579780531947,0.8358016304347826,0.9059232636295743,0.8731947631259279,bedroom
ds_v1_seed0/terrazzo_v58,terrazzo,0.8712161852696013,0.5362127390729998,0.698096982839197,0.7257133152173914,0.5577727327040267,0.9327605155360176,bedroom
ds_v1_seed0/terrazzo_v23,terrazzo,0.9496194016571184,0.7989537876244824,0.8882427031986191,0.8779381793478261,0.867640804423112,0.9098467713675894,bedroom
ds_v2_seed1/terrazzo_v04,terrazzo,0.9623665919529797,0.7656238018556859,0.8672558684936266,0.8961786684782609,0.8489138290184075,0.8864080255681818,bedroom
ds_v1_seed0/terrazzo_v55,terrazzo,0.8750686656072185,0.6334918204528971,0.7756290083867785,0.7682744565217391,0.6683766012923705,0.9238815325550419,bedroom
ds_v1_seed0/terrazzo_v41,terrazzo,0.9255530713560671,0.3219516702860047,0.48708538673936597,0.7507642663043478,0.3232960608731963,0.9872485123264381,bedroom
ds_v1_seed0/terrazzo_v47,terrazzo,0.8895614372511185,0.471917520829587,0.6412282130640169,0.7007472826086957,0.4796661284917903,0.9669020571077679,bedroom
ds_v2_seed1/terrazzo_v48,terrazzo,0.9295865853193757,0.6705754112439717,0.8028077113198221,0.8306216032608695,0.6994074278233308,0.9420854796046221,bedroom
ds_v1_seed0/terrazzo_v18,terrazzo,0.8618338764480893,0.75,0.8571428571428571,0.80703125,0.8032331039683288,0.9188096393336568,bedroom
ds_v1_seed0/terrazzo_v61,terrazzo,0.9385785469375586,0.3602209944751381,0.5296506904955322,0.7836616847826087,0.3621856378143622,0.9851648351648352,bedroom
ds_v2_seed1/terrazzo_v56,terrazzo,0.892320997853417,0.4347094315655764,0.6059895083999204,0.6976732336956522,0.4407701967350356,0.9693386205919842,bedroom
ds_v2_seed1/terrazzo_v55,terrazzo,0.8795980862786709,0.7398541238077426,0.8504783403203268,0.8110054347826087,0.8111751890298603,0.8937840661978593,bedroom
ds_v2_seed1/terrazzo_v51,terrazzo,0.885677445653062,0.6417628836947339,0.7817972864028543,0.7839504076086956,0.6873058479355793,0.90641158221303,bedroom
ds_v2_seed1/terrazzo_v19,terrazzo,0.8569259687966296,0.5693153342494544,0.7255588750386319,0.7285326086956522,0.5964095181641121,0.9261012491781723,bedroom
ds_v2_seed1/terrazzo_v06,terrazzo,0.8954014982212548,0.6424010217113666,0.7822706065318816,0.7860054347826086,0.6727796932588277,0.9343267563774457,bedroom
ds_v2_seed1/terrazzo_v53,terrazzo,0.9193785478051849,0.8086993154291733,0.8942330088042112,0.8457540760869565,0.9247537153455211,0.8656625555229871,bedroom
ds_v2_seed1/bedroom_v36,bedroom,0.8915705070492607,0.2633141364365018,0.41686248707585305,0.7892663043478261,0.27763866282709404,0.8361613876319759,blue_bathroom
ds_v2_seed1/bedroom_v60,bedroom,0.9211947513251173,0.19705465108423967,0.32923250564334083,0.7981317934782609,0.20179868557592529,0.8934150076569678,blue_bathroom
ds_v2_seed1/bedroom_v58,bedroom,0.8282987836422298,0.4910789856789789,0.6586894328141321,0.7447010869565217,0.6902541163034168,0.6298853569567483,blue_bathroom
ds_v1_seed0/bedroom_v40,bedroom,0.8793620903126855,0.4816879663779055,0.6501881331403763,0.7947350543478261,0.5537369355156774,0.7873265105846068,blue_bathroom
ds_v1_seed0/bedroom_v61,bedroom,0.9380754259910294,0.3501493006443501,0.5186823419857991,0.8595448369565217,0.3636066911464708,0.9044043028211893,blue_bathroom
ds_v1_seed0/bedroom_v12,bedroom,0.88617288691178,0.4734027713196317,0.6425979108151608,0.8076596467391305,0.5435374512839678,0.785813522692189,blue_bathroom
ds_v2_seed1/bedroom_v62,bedroom,0.8886875687226468,0.4617637175363641,0.6317898193760263,0.8095788043478261,0.5250259265323945,0.7930579602605327,blue_bathroom
ds_v1_seed0/bedroom_v32,bedroom,0.9008843329668105,0.5244317916647221,0.6880357580210629,0.8269361413043478,0.6126042632066728,0.7846519097828364,blue_bathroom
ds_v2_seed1/bedroom_v59,bedroom,0.8497030180641724,0.46882874095749005,0.6383708704554258,0.7780230978260869,0.560516981682134,0.741340530814215,blue_bathroom
ds_v2_seed1/bedroom_v24,bedroom,0.8589711089952657,0.3132209405501331,0.47702702702702704,0.8028192934782609,0.3532826261008807,0.7341930116472546,blue_bathroom
ds_v1_seed0/bedroom_v46,bedroom,0.9294564159455123,0.17898890626163352,0.3036311967161351,0.8127207880434782,0.18241141209499961,0.9051204819277109,blue_bathroom
ds_v1_seed0/bedroom_v58,bedroom,0.906038947376118,0.26274410347451177,0.41614782084755975,0.8025135869565218,0.27363972530375064,0.8683989941324393,blue_bathroom
ds_v1_seed0/bedroom_v14,bedroom,0.8992692141317875,0.49245174851901397,0.6599231754161331,0.8195652173913044,0.5527077747989276,0.8187450357426529,blue_bathroom
ds_v2_seed1/bedroom_v08,bedroom,0.9197450907371254,0.39032337390876676,0.5614857395533939,0.8315726902173913,0.4169567216129244,0.8593665403356795,blue_bathroom
ds_v1_seed0/bedroom_v38,bedroom,0.8797421004409517,0.5017413823897124,0.6682127672226682,0.8104789402173913,0.6146819101799683,0.7319567483064096,blue_bathroom
ds_v2_seed1/bedroom_v47,bedroom,0.8801045765606231,0.5569653713983611,0.7154499151103566,0.8007472826086957,0.6763734751903145,0.7593183690280065,blue_bathroom
ds_v1_seed0/bedroom_v31,bedroom,0.9217638112377936,0.5219045548429178,0.6858571428571428,0.8506114130434783,0.5977712756023159,0.8043897126581218,blue_bathroom
ds_v2_seed1/bedroom_v50,bedroom,0.8695200489270657,0.4939778779188857,0.6612920916968301,0.7902173913043479,0.6738948192030403,0.6491520861372813,blue_bathroom
ds_v2_seed1/bedroom_v39,bedroom,0.8774619631056112,0.5389759417537195,0.7004345254930192,0.8021229619565218,0.6937102113572702,0.707290476685014,blue_bathroom
ds_v1_seed0/bedroom_v48,bedroom,0.7954011658915914,0.40434918403997816,0.5758527702871757,0.7408797554347826,0.5159410182325396,0.6515065735673398,blue_bathroom
ds_v2_seed1/bedroom_v12,bedroom,0.9106322424953158,0.35881488182743415,0.5281291611185087,0.8074048913043478,0.38031883015701784,0.8638714946909883,blue_bathroom
ds_v2_seed1/bedroom_v11,bedroom,0.9170767001272376,0.27814923776410805,0.43523749738439,0.8166440217391304,0.2904825082047343,0.867570385818561,blue_bathroom
ds_v1_seed0/bedroom_v07,bedroom,0.8737614461935759,0.2988784643588914,0.460210054381668,0.7791610054347826,0.3220801859384079,0.8057857246692833,blue_bathroom
ds_v2_seed1/bedroom_v44,bedroom,0.8436532875843797,0.5048198511893853,0.6709372564302416,0.7705502717391305,0.6802825249431986,0.6618452666987026,blue_bathroom
ds_v2_seed1/bedroom_v38,bedroom,0.8910888421312757,0.4059213477545731,0.5774453149927322,0.7975713315217391,0.44328325713041583,0.8280630401626843,blue_bathroom
ds_v1_seed0/bedroom_v63,bedroom,0.8552759657493266,0.43742824339839265,0.6086261980830671,0.7836277173913043,0.510355486862442,0.7537665499923908,blue_bathroom
ds_v2_seed1/bedroom_v63,bedroom,0.8765312404871444,0.5659117305458768,0.7227888002966809,0.796875,0.7328445196465501,0.7130053045546003,blue_bathroom
ds_v2_seed1/bedroom_v04,bedroom,0.9440066361107743,0.2552585020640849,0.4067026857724532,0.8713145380434782,0.26280105241853874,0.8989269643475251,blue_bathroom
ds_v2_seed1/bedroom_v48,bedroom,0.8162700967630155,0.3863099563953488,0.5573211886897546,0.7705332880434783,0.48178779810797034,0.6609418713086727,blue_bathroom
ds_v2_seed1/bedroom_v13,bedroom,0.905585923323132,0.40449689579954134,0.5760025486838437,0.8191745923913043,0.44070688604509445,0.8311688311688312,blue_bathroom
ds_v1_seed0/bedroom_v59,bedroom,0.8144767677260718,0.46252057801353574,0.6324978738306068,0.7504755434782608,0.612667183562706,0.6536552579877986,blue_bathroom
ds_v1_seed0/bedroom_v54,bedroom,0.8932137528999828,0.5030847875903403,0.6694030725929401,0.808491847826087,0.7267634326457856,0.6204347826086957,blue_bathroom
ds_v1_seed0/bedroom_v29,bedroom,0.9281295156510176,0.1781019557550497,0.3023540617771125,0.8258491847826087,0.1823403906121779,0.8845541401273885,blue_bathroom
ds_v1_seed0/bedroom_v41,bedroom,0.8761030036435687,0.5133299371709967,0.678411131059246,0.8052989130434782,0.6448378839590444,0.7156723484848485,blue_bathroom
ds_v1_seed0/bedroom_v56,bedroom,0.8604446214146172,0.5369904928423123,0.6987557767507998,0.7841202445652173,0.6952461799660441,0.7023009861369158,blue_bathroom
ds_v2_seed1/bedroom_v55,bedroom,0.8722613523166324,0.524811305604625,0.6883622959452343,0.7989809782608696,0.6717714168251194,0.7057934236812267,blue_bathroom
ds_v1_seed0/bedroom_v33,bedroom,0.9228148383414081,0.46146833596693815,0.6315132864806421,0.849507472826087,0.5028476821192053,0.8486643567676316,blue_bathroom
ds_v2_seed1/bedroom_v14,bedroom,0.8829497911516989,0.5013699860755514,0.6678833208676141,0.8114639945652173,0.6096455295210006,0.7384228631913204,blue_bathroom
ds_v2_seed1/bedroom_v30,bedroom,0.81777309520419,0.4010872335003822,0.5725371324643832,0.7604959239130434,0.4939330543933054,0.6808940158615717,blue_bathroom
ds_v2_seed1/blue_bathroom_v51,blue_bathroom,0.9922083718069443,0.7719298245614035,0.8712871287128713,0.94921875,0.7905632372470901,0.9703710806405216,blue_bathroom
ds_v2_seed1/blue_bathroom_v23,blue_bathroom,0.9904137703067609,0.5922969467172221,0.7439528763002883,0.9306046195652173,0.6010530579181855,0.9759947385728379,blue_bathroom
ds_v1_seed0/blue_bathroom_v42,blue_bathroom,0.9828770710913677,0.08170658080096599,0.15106976744186043,0.9225033967391304,0.08190437764777082,0.9712918660287081,blue_bathroom
ds_v1_seed0/blue_bathroom_v14,blue_bathroom,0.9853916951389963,0.5442039031673243,0.7048342541436464,0.9274116847826087,0.5560640732265446,0.9622854987742787,blue_bathroom
ds_v1_seed0/blue_bathroom_v19,blue_bathroom,0.9917458866861012,0.6052851182197496,0.7541154046092532,0.9277004076086957,0.6116368406258784,0.983132530120482,blue_bathroom
ds_v2_seed1/blue_bathroom_v36,blue_bathroom,0.9917558069334352,0.7137152511135002,0.8329449722172433,0.9366847826086957,0.7250175520711444,0.9786248288933347,blue_bathroom
ds_v2_seed1/blue_bathroom_v29,blue_bathroom,0.9918433781842392,0.6868016023613747,0.8143241047434537,0.9495414402173913,0.7081521739130435,0.9579473606822526,blue_bathroom
ds_v1_seed0/blue_bathroom_v53,blue_bathroom,0.9764966138421475,0.14378983367013834,0.2514270182114705,0.9064538043478261,0.14475743348982786,0.9555785123966942,blue_bathroom
ds_v1_seed0/blue_bathroom_v11,blue_bathroom,0.9923539823930752,0.5633343221595966,0.7206831119544592,0.925,0.5664711146465149,0.9902659482009386,blue_bathroom
ds_v1_seed0/blue_bathroom_v50,blue_bathroom,0.9950963437402353,0.7345399698340875,0.8469565217391304,0.9581521739130435,0.7448923850103791,0.9814308334532892,blue_bathroom
ds_v2_seed1/blue_bathroom_v10,blue_bathroom,0.9829294841894818,0.3946755744508553,0.5659747423428655,0.8984375,0.39781654933170085,0.9803872265526778,blue_bathroom
ds_v1_seed0/blue_bathroom_v32,blue_bathroom,0.9942250210508586,0.7646424721523536,0.8666259417633883,0.9555027173913043,0.7802731689430745,0.9744705208929594,blue_bathroom
ds_v1_seed0/blue_bathroom_v09,blue_bathroom,0.9912438148679307,0.7931388359478082,0.8846373967786771,0.9520720108695652,0.8275967569221355,0.9501229364243063,blue_bathroom
ds_v2_seed1/blue_bathroom_v41,blue_bathroom,0.9944072598454454,0.8087891927951968,0.8942879535291135,0.9610563858695652,0.8293996921498205,0.9701910573171951,blue_bathroom
ds_v1_seed0/blue_bathroom_v28,blue_bathroom,0.9932403989558496,0.5063173156586578,0.6722585080783774,0.919038722826087,0.5080008312551954,0.9934972566551514,blue_bathroom
ds_v2_seed1/blue_bathroom_v33,blue_bathroom,0.9692001462957166,0.1366295527458011,0.240411754939399,0.9222995923913043,0.1384585962899216,0.9118387909319899,blue_bathroom
ds_v2_seed1/blue_bathroom_v09,blue_bathroom,0.9807120554792843,0.4490255717021516,0.6197621083728524,0.9169327445652173,0.4603302921815452,0.9481446241674596,blue_bathroom
ds_v2_seed1/blue_bathroom_v30,blue_bathroom,0.9910334903633271,0.6827356280410884,0.811459170013387,0.9402004076086956,0.697890761720549,0.9691737017139933,blue_bathroom
ds_v1_seed0/blue_bathroom_v18,blue_bathroom,0.9903642720403196,0.6108407450914582,0.7584123346181895,0.9212296195652174,0.6164789567279194,0.9852483421301935,blue_bathroom
ds_v1_seed0/blue_bathroom_v37,blue_bathroom,0.9882811406587477,0.7039939964979571,0.8262869446075553,0.9397078804347826,0.724037389589229,0.9621652421652421,blue_bathroom
ds_v1_seed0/blue_bathroom_v22,blue_bathroom,0.9877339333777907,0.6412154866574117,0.7813909774436091,0.920991847826087,0.6528464860620338,0.9729666471620831,blue_bathroom
ds_v1_seed0/blue_bathroom_v03,blue_bathroom,0.974099784487107,0.0883849088596863,0.16241480038948394,0.926953125,0.0889505119453925,0.9328859060402684,blue_bathroom
ds_v1_seed0/blue_bathroom_v29,blue_bathroom,0.987580587720793,0.6284371977338676,0.771828595672465,0.9086616847826087,0.6380918975797966,0.9764895330112722,blue_bathroom
ds_v1_seed0/blue_bathroom_v16,blue_bathroom,0.9950354981306574,0.6514514896867838,0.7889441424771596,0.9380095108695652,0.6554573405073021,0.99070577984316,blue_bathroom
ds_v1_seed0/blue_bathroom_v47,blue_bathroom,0.9939716553404541,0.7107302696212204,0.830908626850434,0.9549932065217391,0.7272422651625153,0.9690430123530287,blue_bathroom
ds_v2_seed1/blue_bathroom_v48,blue_bathroom,0.9954911392698295,0.6293776488958287,0.7725374768978027,0.9435631793478261,0.6319856646880949,0.9934859154929577,blue_bathroom
ds_v1_seed0/blue_bathroom_v43,blue_bathroom,0.9946713007405262,0.7786383285302594,0.8755443037974683,0.9582540760869566,0.7978222755375104,0.9700437563110064,blue_bathroom
ds_v1_seed0/blue_bathroom_v44,blue_bathroom,0.9904828511910321,0.686818632309217,0.8143360752056404,0.9516983695652174,0.7160734787600459,0.9438559322033898,blue_bathroom
ds_v1_seed0/blue_bathroom_v08,blue_bathroom,0.9869231671829181,0.7128392934080138,0.8323481323104013,0.9320822010869565,0.7338113542282673,0.9614527845036319,blue_bathroom
ds_v2_seed1/blue_bathroom_v28,blue_bathroom,0.9912406347186004,0.21843003412969283,0.3585434173669468,0.8911005434782608,0.21861656703672075,0.9961089494163424,blue_bathroom
ds_v2_seed1/blue_bathroom_v07,blue_bathroom,0.9908540356768712,0.5729531822076809,0.7285063391442157,0.9068953804347826,0.5767270446169529,0.9887081596988843,blue_bathroom
ds_v2_seed1/blue_bathroom_v20,blue_bathroom,0.9890100633085238,0.6792560801144493,0.8089964218776622,0.9238451086956522,0.6909699483373354,0.9756498510222953,blue_bathroom
ds_v2_seed1/blue_bathroom_v53,blue_bathroom,0.9913377410274284,0.6849716828478964,0.8130364323870115,0.9470957880434783,0.6992566590956019,0.9710394265232974,blue_bathroom
ds_v2_seed1/blue_bathroom_v25,blue_bathroom,0.9910047578483198,0.5005042864346949,0.6671147706267855,0.8990658967391304,0.5023196963306622,0.9928309436478826,blue_bathroom
ds_v2_seed1/blue_bathroom_v56,blue_bathroom,0.9879286666152298,0.6697764194949333,0.8022348521337059,0.9302649456521739,0.6867320854292076,0.9644470179502027,blue_bathroom
ds_v1_seed0/computer_room_v17,computer_room,0.9419023071065944,0.6945067477665843,0.819715529232288,0.8635190217391304,0.7937866608733435,0.8473955192726935,blue_bathroom
ds_v1_seed0/computer_room_v40,computer_room,0.9508490468644963,0.5607224316901737,0.7185421575352681,0.8397248641304348,0.5755650054947681,0.956031746031746,blue_bathroom
ds_v2_seed1/computer_room_v29,computer_room,0.9415323617304148,0.4554541503694046,0.6258584652134966,0.8084748641304348,0.46976790516983763,0.9372950412401868,blue_bathroom
ds_v2_seed1/computer_room_v43,computer_room,0.9341080000832627,0.6882491475974551,0.8153407316413002,0.8493716032608696,0.8319524113023157,0.7993794398628236,blue_bathroom
ds_v1_seed0/computer_room_v43,computer_room,0.9552097122082785,0.6708838896325403,0.8030287368203433,0.8705502717391305,0.713393636071445,0.9184252527043802,blue_bathroom
ds_v2_seed1/computer_room_v39,computer_room,0.9515173071067904,0.6265525807341982,0.7704055659256746,0.8391474184782609,0.6456724908573751,0.9548705005708792,blue_bathroom
ds_v1_seed0/computer_room_v59,computer_room,0.9592155837246695,0.6823664805421764,0.8111983785153281,0.8734375,0.7191177791752763,0.9303231055323106,blue_bathroom
ds_v2_seed1/computer_room_v07,computer_room,0.9444841499108863,0.5672082086361693,0.723845377417683,0.8280740489130435,0.5833443257265972,0.9535000718700589,blue_bathroom
ds_v2_seed1/computer_room_v00,computer_room,0.9414350960509237,0.674747238162158,0.8057899398629434,0.858491847826087,0.7361584327086882,0.8899701369580888,blue_bathroom
ds_v2_seed1/computer_room_v36,computer_room,0.9496204474925052,0.48135102836656396,0.6498811141304347,0.8599524456521739,0.5079312404592818,0.9019446081319976,blue_bathroom
ds_v1_seed0/computer_room_v04,computer_room,0.9324715070402622,0.6946983546617916,0.819848975188781,0.8241508152173913,0.9212841668947719,0.7385348421679571,blue_bathroom
ds_v2_seed1/computer_room_v40,computer_room,0.9440383145982639,0.5959964748835452,0.7468644000946597,0.8364979619565217,0.6255009909711517,0.9266605767975988,blue_bathroom
ds_v2_seed1/computer_room_v16,computer_room,0.9285171315551933,0.7108541208703686,0.8309932590964954,0.8458559782608696,0.8264380162228231,0.8355989963674494,blue_bathroom
ds_v2_seed1/computer_room_v56,computer_room,0.9372523712828956,0.5965029420356383,0.7472619389915571,0.8357846467391304,0.6333746898263027,0.9110841991204028,blue_bathroom
ds_v1_seed0/computer_room_v42,computer_room,0.9474316796836135,0.6653773422726491,0.7990709677419354,0.8677649456521739,0.7278796426892337,0.8856979405034325,blue_bathroom
ds_v2_seed1/computer_room_v06,computer_room,0.9418217446822709,0.5984305561116227,0.7487726680693317,0.8296535326086957,0.6197445891035741,0.9456535492850816,blue_bathroom
ds_v2_seed1/computer_room_v63,computer_room,0.9348462997861937,0.7044569450454349,0.8266057374968265,0.8492017663043478,0.7894069377098097,0.8674837070131574,blue_bathroom
ds_v1_seed0/computer_room_v12,computer_room,0.9555556330632033,0.6885559451705451,0.815555975080234,0.8672554347826087,0.7174887892376681,0.9446752678766674,blue_bathroom
ds_v2_seed1/computer_room_v24,computer_room,0.9359100797304422,0.7156893422617185,0.834287798650374,0.8456861413043478,0.8883020040391487,0.7864658551681453,blue_bathroom
ds_v2_seed1/computer_room_v48,computer_room,0.9358007374162752,0.6173162329307268,0.7633834625057743,0.8434103260869565,0.659849157054126,0.9054547668330695,blue_bathroom
ds_v1_seed0/computer_room_v29,computer_room,0.9640300911097535,0.5337381563105271,0.6959964503907983,0.848726222826087,0.5407871008804498,0.9761608425083772,blue_bathroom
ds_v1_seed0/computer_room_v64,computer_room,0.9279882525449584,0.6954232882571645,0.8203535873003551,0.8427819293478261,0.8298390263054574,0.8110825434590736,blue_bathroom
ds_v1_seed0/computer_room_v26,computer_room,0.9299591126486421,0.5313293642532995,0.6939452434680948,0.8088145380434782,0.5565877273321994,0.9213110020213687,blue_bathroom
ds_v2_seed1/computer_room_v22,computer_room,0.9447557486720338,0.6888152205246468,0.8157378168473158,0.8533288043478261,0.7355985685150267,0.9154733968679661,blue_bathroom
ds_v1_seed0/computer_room_v58,computer_room,0.9435697699667861,0.5124842257075897,0.6776721594803183,0.8162873641304348,0.5229969644006991,0.9622577642379623,blue_bathroom
ds_v2_seed1/computer_room_v25,computer_room,0.9422239070336684,0.4772280563823216,0.6461129062915795,0.841898777173913,0.5037045818268034,0.9007843968624125,blue_bathroom
ds_v1_seed0/computer_room_v53,computer_room,0.946891231630242,0.6002117961232101,0.7501654438210331,0.8525305706521739,0.6315585485199361,0.9236219356667139,blue_bathroom
ds_v2_seed1/computer_room_v10,computer_room,0.9381537935535066,0.7157923201730665,0.8343577620173364,0.8572010869565218,0.821220817497867,0.8479218387122608,blue_bathroom
ds_v1_seed0/computer_room_v50,computer_room,0.9391618352315889,0.4430061718280627,0.614004542013626,0.8268002717391304,0.4610356391746717,0.9188852384728673,blue_bathroom
ds_v1_seed0/computer_room_v25,computer_room,0.9620164695269361,0.528708003277793,0.6917056784476289,0.8534816576086957,0.5390742494290648,0.9649052841475573,blue_bathroom
ds_v1_seed0/computer_room_v62,computer_room,0.9570229147855582,0.4513454146073586,0.621968292406069,0.8303158967391304,0.45557341610775454,0.9798521697663328,blue_bathroom
ds_v1_seed0/computer_room_v08,computer_room,0.9450499990736069,0.7208082785624388,0.8377554751940189,0.8643682065217392,0.7926036981509246,0.8883622732560644,blue_bathroom
ds_v2_seed1/computer_room_v55,computer_room,0.9463486072542947,0.7437107894900304,0.8530208036477629,0.8598505434782608,0.8734315728042019,0.8335421888053467,blue_bathroom
ds_v1_seed0/computer_room_v48,computer_room,0.9432227647267549,0.5780765724703737,0.7326343759928372,0.8427819293478261,0.6082973621103117,0.9208596529441662,blue_bathroom
ds_v2_seed1/computer_room_v02,computer_room,0.945992793698592,0.46128612985083867,0.6313426514188903,0.8521739130434782,0.48449587206656697,0.9059195332441959,blue_bathroom
ds_v1_seed0/computer_room_v28,computer_room,0.9479952538320744,0.5323517212774782,0.6948166192989578,0.8468070652173914,0.5550870364363715,0.9285585096762525,blue_bathroom
ds_v2_seed1/computer_room_v49,computer_room,0.932045759626268,0.7138403188480329,0.8330301382194633,0.8487941576086957,0.8316108739609077,0.8344542551192936,blue_bathroom
ds_v2_seed1/computer_room_v08,computer_room,0.9481394867930433,0.6286240992123345,0.7719695410578309,0.8494565217391304,0.6605908510544622,0.9285228046289993,blue_bathroom
ds_v1_seed0/computer_room_v16,computer_room,0.9532271138290341,0.7475332611878541,0.855529651755792,0.8652853260869565,0.9021972956361402,0.8134524799113327,blue_bathroom
ds_v2_seed1/computer_room_v46,computer_room,0.9408757264913888,0.6008354000783187,0.7506523157208088,0.8441915760869565,0.6407591295067514,0.9060429105701726,blue_bathroom
ds_v2_seed1/green_house_v56,green_house,0.9321022638504356,0.19705340699815838,0.3292307692307692,0.6889945652173913,0.19791253798388161,0.9784454604833442,blue_bathroom
ds_v2_seed1/green_house_v33,green_house,0.9322457440242893,0.3639461651281166,0.5336664663651602,0.7495754076086957,0.3681064572425829,0.9698815955856995,blue_bathroom
ds_v1_seed0/green_house_v38,green_house,0.9627633597310901,0.3908786260341397,0.5620600082821969,0.8024286684782609,0.39241970246543656,0.9900530503978779,blue_bathroom
ds_v2_seed1/green_house_v52,green_house,0.9354760579926382,0.2957793425273947,0.45652733118971056,0.7129415760869565,0.2974773717733825,0.9810668877833056,blue_bathroom
ds_v2_seed1/green_house_v11,green_house,0.9286817077071228,0.4430851063829787,0.6140803538518247,0.7688349184782609,0.45019539369751393,0.9655818100757914,blue_bathroom
ds_v1_seed0/green_house_v61,green_house,0.965933158511961,0.37366723166930943,0.5440433069299049,0.8054517663043478,0.3739739520630404,0.9978098992553658,blue_bathroom
ds_v1_seed0/green_house_v37,green_house,0.9307004849210554,0.36810026611726326,0.5381188429440924,0.7499660326086957,0.3720284574006594,0.9721151666288823,blue_bathroom
ds_v2_seed1/green_house_v04,green_house,0.9524650238015927,0.40675535334553187,0.5782886873374112,0.7962635869565218,0.4107570914902117,0.9766088815008311,blue_bathroom
ds_v1_seed0/green_house_v62,green_house,0.9447831360404959,0.37131379127670844,0.5415446029037763,0.7581351902173913,0.3737059581463545,0.9830528284244975,blue_bathroom
ds_v1_seed0/green_house_v56,green_house,0.9393931310037663,0.38025988647558284,0.5509975189477619,0.7756283967391304,0.38413420528859826,0.9741617594039178,blue_bathroom
ds_v1_seed0/green_house_v36,green_house,0.9257839801141934,0.28645217254159766,0.44533668434118984,0.6926460597826087,0.2887864212743968,0.9725568942436412,blue_bathroom
ds_v1_seed0/green_house_v06,green_house,0.929157560557992,0.418569698993863,0.5901291974454811,0.7634680706521739,0.42629363493345807,0.958508604206501,blue_bathroom
ds_v2_seed1/green_house_v63,green_house,0.9321338077378163,0.29887751326014556,0.4602089268755936,0.7103940217391305,0.3009314841647692,0.9776731674512441,blue_bathroom
ds_v2_seed1/green_house_v08,green_house,0.9412324088028641,0.4140208169334383,0.5855936659140816,0.7724354619565217,0.4180429214872384,0.977289150407763,blue_bathroom
ds_v2_seed1/green_house_v13,green_house,0.9422250459415791,0.4202748696738615,0.591821877085482,0.7714673913043478,0.42387242548014253,0.9802049839228296,blue_bathroom
ds_v1_seed0/green_house_v20,green_house,0.9302125046478302,0.30900706519439863,0.4721243657283217,0.7226052989130435,0.310980542427726,0.9798765763348538,blue_bathroom
ds_v2_seed1/green_house_v41,green_house,0.9342215235338142,0.3761019022312202,0.5466192607123154,0.7487771739130434,0.37972150066005195,0.975281636224434,blue_bathroom
ds_v2_seed1/green_house_v45,green_house,0.9212743885122993,0.33723838357246283,0.5043803523968894,0.7434612771739131,0.34217790045410024,0.9589519650655022,blue_bathroom
ds_v2_seed1/green_house_v59,green_house,0.8406224307549015,0.2595865145406194,0.41217734795341554,0.7068274456521739,0.2716459446115176,0.8539579511782136,blue_bathroom
ds_v2_seed1/green_house_v27,green_house,0.927852983868108,0.3343601591580028,0.5011542901115813,0.7357676630434783,0.33758099352051835,0.9722567802936054,blue_bathroom
ds_v2_seed1/green_house_v55,green_house,0.9569390673779338,0.4121907332433648,0.5837607109865256,0.7780740489130434,0.41467167488799384,0.9856927710843374,blue_bathroom
ds_v1_seed0/green_house_v00,green_house,0.9325982163828004,0.364951768488746,0.5347467608951708,0.7383661684782609,0.36775640759356953,0.9795308696614295,blue_bathroom
ds_v1_seed0/green_house_v52,green_house,0.9363315140205484,0.3822169964320467,0.5530491918688217,0.7412194293478261,0.3857990587272355,0.9762841756420878,blue_bathroom
ds_v2_seed1/green_house_v36,green_house,0.9342692271406251,0.43906008278630265,0.610203963042594,0.7721467391304347,0.44575091264114103,0.9669429097605893,blue_bathroom
ds_v1_seed0/green_house_v10,green_house,0.920358826542374,0.3001577954816611,0.4617251790894559,0.6911684782608696,0.30323885065515765,0.9672578444747613,blue_bathroom
ds_v2_seed1/green_house_v37,green_house,0.9218483531039375,0.4068241469816273,0.5783582089552239,0.7428328804347826,0.4134485229715742,0.9621085788400964,blue_bathroom
ds_v2_seed1/green_house_v40,green_house,0.9310695886610991,0.37918930213121604,0.5498727426978548,0.7476902173913044,0.38278844125711875,0.9758038498763308,blue_bathroom
ds_v2_seed1/green_house_v09,green_house,0.924047430896285,0.26523835876353863,0.41927018245438635,0.6843070652173913,0.2668628698695514,0.9775641025641025,blue_bathroom
ds_v2_seed1/green_house_v28,green_house,0.9627618261661975,0.399380639649741,0.5707962913502995,0.8089504076086956,0.4007930129132508,0.9912536443148688,blue_bathroom
ds_v2_seed1/green_house_v24,green_house,0.9490087183293329,0.3705194197473093,0.5406992624965857,0.7715353260869565,0.37201653824469083,0.9892553723138431,blue_bathroom
ds_v2_seed1/green_house_v46,green_house,0.9389337084319098,0.4199578838798401,0.5915075209588088,0.7707710597826087,0.4240951306310216,0.9772977297729774,blue_bathroom
ds_v1_seed0/green_house_v30,green_house,0.9353560892004544,0.4550978775120448,0.6255220140794655,0.7867866847826087,0.46246471418489765,0.9661813490600811,blue_bathroom
ds_v1_seed0/green_house_v16,green_house,0.919668272842362,0.4191097530762243,0.5906657355679702,0.7610733695652174,0.4282519724906122,0.9515327646011063,blue_bathroom
ds_v1_seed0/green_house_v09,green_house,0.946050507337322,0.4078756570599964,0.5794200006437285,0.7780740489130434,0.411023334398831,0.9815703380588877,blue_bathroom
ds_v2_seed1/green_house_v51,green_house,0.9305903501534851,0.3029945355191257,0.46507414614507153,0.7292119565217391,0.3049408244973382,0.9793697894588103,blue_bathroom
ds_v2_seed1/green_house_v42,green_house,0.9178182141786018,0.3314589780360782,0.497888381848587,0.6991338315217391,0.33522900763358776,0.9671842308115847,blue_bathroom
ds_v2_seed1/green_house_v30,green_house,0.9653730938043017,0.401460231980116,0.5729170515425827,0.8036854619565217,0.40281602327635474,0.9916858531593759,blue_bathroom
ds_v1_seed0/green_house_v44,green_house,0.9279445378584842,0.30041779093045523,0.462032729828319,0.7269870923913043,0.3033352375093378,0.968978102189781,blue_bathroom
ds_v2_seed1/green_house_v07,green_house,0.9529027136758416,0.3916066673241937,0.5628122895921187,0.7904721467391305,0.39384020235084066,0.9857249255213505,blue_bathroom
ds_v2_seed1/gym_v06,gym,0.9254128248545404,0.4866916646176543,0.6547311405594262,0.7163552989130435,0.49442657757517094,0.9688570729319628,blue_bathroom
ds_v2_seed1/gym_v26,gym,0.9374073357930136,0.5071466549901479,0.6729891259234665,0.7323709239130435,0.5165822421867533,0.9652360259539259,blue_bathroom
ds_v2_seed1/gym_v51,gym,0.9468575572699929,0.5556848916429867,0.7143926056338028,0.7795855978260869,0.5666259382091116,0.9664185769574278,blue_bathroom
ds_v2_seed1/gym_v01,gym,0.930726076524605,0.5612764899633336,0.7189969151159319,0.7602072010869565,0.5790907925109002,0.9480396787907416,blue_bathroom
ds_v2_seed1/gym_v17,gym,0.9305392140392276,0.5887308467126549,0.741133525456292,0.7711616847826087,0.6074195376960383,0.9503350413874655,blue_bathroom
ds_v2_seed1/gym_v00,gym,0.9396319600178566,0.5523949103990407,0.711668025576106,0.7717730978260869,0.5663934426229508,0.9571741890799954,blue_bathroom
ds_v2_seed1/gym_v04,gym,0.9581145543500186,0.3147389558232932,0.47878547209579375,0.7102072010869566,0.31549919484702094,0.9924021780422946,blue_bathroom
ds_v2_seed1/gym_v54,gym,0.9330541238870961,0.4802481328313067,0.6488751746137648,0.7139775815217392,0.488847700427243,0.9646643109540636,blue_bathroom
ds_v2_seed1/gym_v35,gym,0.9393423091596402,0.44656913967258793,0.6174183140304832,0.7301460597826087,0.4510783520388418,0.9781049740616418,blue_bathroom
ds_v2_seed1/gym_v25,gym,0.9482342942309733,0.47082801644690203,0.6402217134594529,0.7464504076086956,0.47628097099214745,0.9762604733205938,blue_bathroom
ds_v1_seed0/gym_v49,gym,0.9336552856545643,0.5107371593620494,0.6761429758935994,0.7353260869565217,0.5209594261376373,0.9630024270407861,blue_bathroom
ds_v1_seed0/gym_v27,gym,0.9384050480243311,0.4382064679165386,0.6093790810874985,0.720601222826087,0.44205594598318865,0.9805150149002827,blue_bathroom
ds_v2_seed1/gym_v24,gym,0.9294129626334872,0.4733822455579123,0.6425790007787978,0.742781929347826,0.48203094572106364,0.9634819532908705,blue_bathroom
ds_v1_seed0/gym_v01,gym,0.9367223665439323,0.5082206351618295,0.6739340694769083,0.7251698369565217,0.5165405405405405,0.9692807048049614,blue_bathroom
ds_v1_seed0/gym_v55,gym,0.9341069708411313,0.4430761081868441,0.6140717120506527,0.7142832880434783,0.44902204180226124,0.9709808473592572,blue_bathroom
ds_v2_seed1/gym_v55,gym,0.9336029520484317,0.3407312669274752,0.5082767521463443,0.70234375,0.34407050064574946,0.97230571060541,blue_bathroom
ds_v2_seed1/gym_v09,gym,0.9309808960439258,0.4499676614617019,0.6206588924998407,0.6966881793478261,0.4562773266708307,0.9701839431569161,blue_bathroom
ds_v1_seed0/gym_v59,gym,0.945138799691363,0.4083717499539001,0.5799203938409973,0.7275475543478261,0.41102449888641424,0.9844416785206259,blue_bathroom
ds_v2_seed1/gym_v40,gym,0.9453707009720497,0.5584368750614693,0.7166628100216673,0.7712466032608696,0.5704812619310761,0.963570539653807,blue_bathroom
ds_v2_seed1/gym_v05,gym,0.9510342281108877,0.4683643907149755,0.6379402737857456,0.747554347826087,0.47320492899215844,0.9786264105821687,blue_bathroom
ds_v2_seed1/gym_v33,gym,0.9417111744921579,0.48356257926055995,0.65189374013677,0.7302649456521739,0.4884064634787178,0.9799024775962045,blue_bathroom
ds_v1_seed0/gym_v22,gym,0.9438830510563516,0.3252499626921355,0.4908507403862395,0.6928328804347826,0.3262968785088704,0.9902317128577919,blue_bathroom
ds_v2_seed1/gym_v49,gym,0.9223728168832628,0.4959088159444745,0.663020112801958,0.7310971467391304,0.5088366926921695,0.9512641993404177,blue_bathroom
ds_v1_seed0/gym_v04,gym,0.9235194582566759,0.42240397556682885,0.5939296892059102,0.7157438858695652,0.43006219036576365,0.9595484477892756,blue_bathroom
ds_v1_seed0/gym_v00,gym,0.9398044462752505,0.553692508099803,0.712744002063806,0.7730638586956522,0.5678999657416923,0.9567701719958444,blue_bathroom
ds_v1_seed0/gym_v20,gym,0.931489391274664,0.5040860626955245,0.6702888554025087,0.7361582880434783,0.5144821294757762,0.9614588407208963,blue_bathroom
ds_v1_seed0/gym_v30,gym,0.9498927906274874,0.33412631417389305,0.5008915731952833,0.7052649456521739,0.3353616267426635,0.9890958655156747,blue_bathroom
ds_v1_seed0/gym_v42,gym,0.9467671933331856,0.5395529841237042,0.7009216177523263,0.7729279891304348,0.5494686634166871,0.9676363411771972,blue_bathroom
ds_v1_seed0/gym_v31,gym,0.9235241996912141,0.43386518849722844,0.6051687313114054,0.686039402173913,0.4407491522259901,0.9652517544457314,blue_bathroom
ds_v1_seed0/gym_v03,gym,0.9203659590572294,0.4394663601161665,0.610596221339554,0.6853091032608696,0.4458596771223375,0.9684021065262316,blue_bathroom
ds_v1_seed0/gym_v63,gym,0.9452599281097259,0.5008284729586426,0.667402680562609,0.7441745923913043,0.5075223319228961,0.9743407904068081,blue_bathroom
ds_v2_seed1/gym_v63,gym,0.9262643966249755,0.37580207713170605,0.5463025290893355,0.6794836956521739,0.3790871480048045,0.9774604267033723,blue_bathroom
ds_v2_seed1/gym_v13,gym,0.9484227506429395,0.4338472319551507,0.6051512633791115,0.7255774456521739,0.43666243475807587,0.9853573133853255,blue_bathroom
ds_v2_seed1/gym_v37,gym,0.9360617906069716,0.4274964124461867,0.5989456908177025,0.7221976902173913,0.43235398230088495,0.9743917032309534,blue_bathroom
ds_v1_seed0/gym_v50,gym,0.9448385529261741,0.43486420090077793,0.6061398711150215,0.7186990489130435,0.43744637034494593,0.9866078340300356,blue_bathroom
ds_v2_seed1/gym_v58,gym,0.9209803834106262,0.35900953655680107,0.5283399812872409,0.6746603260869565,0.3628094143108346,0.9716536859264626,blue_bathroom
ds_v1_seed0/gym_v07,gym,0.926108066170497,0.3918064596895343,0.5630185963886578,0.6699558423913043,0.3950956258284416,0.9791943684004693,blue_bathroom
ds_v1_seed0/gym_v39,gym,0.9469634404492889,0.5332725615314494,0.6956004756242569,0.7739130434782608,0.542865300878007,0.9679266895761741,blue_bathroom
ds_v1_seed0/gym_v09,gym,0.9421153229696766,0.5261241397741698,0.6894906201431605,0.7590862771739131,0.5366842733003919,0.9639490757742686,blue_bathroom
ds_v2_seed1/gym_v41,gym,0.9364982348215224,0.5474873137993125,0.7075822966912074,0.7652513586956522,0.559784427930642,0.961423479360699,blue_bathroom
ds_v2_seed1/living_room_contemp_v02,living_room_contemp,0.934128979472533,0.3718127230006092,0.5420750467852952,0.7548063858695652,0.376216263813675,0.9694803721352394,blue_bathroom
ds_v2_seed1/living_room_contemp_v51,living_room_contemp,0.9328973423706978,0.43450846651068725,0.6057942168408249,0.7578125,0.44274284790690155,0.958953264484509,blue_bathroom
ds_v1_seed0/living_room_contemp_v64,living_room_contemp,0.9093614665317463,0.6028446743171165,0.752218457566957,0.7913383152173913,0.6438237934129669,0.9045009215248812,blue_bathroom
ds_v2_seed1/living_room_contemp_v06,living_room_contemp,0.9321456141284559,0.456326801727001,0.6266818700114024,0.7497792119565218,0.4626262626262626,0.9710247349823321,blue_bathroom
ds_v1_seed0/living_room_contemp_v01,living_room_contemp,0.9005675827291724,0.5646252024002286,0.7217386010835819,0.7671025815217392,0.5999595169016936,0.9055450888538112,blue_bathroom
ds_v1_seed0/living_room_contemp_v40,living_room_contemp,0.9392147008775952,0.26520632702958935,0.4192301624861966,0.749898097826087,0.2670049231387521,0.9752293577981651,blue_bathroom
ds_v2_seed1/living_room_contemp_v57,living_room_contemp,0.9252808840730631,0.5275439531166756,0.6907087053571429,0.7740828804347826,0.5441456623681126,0.9453284114052953,blue_bathroom
ds_v1_seed0/living_room_contemp_v41,living_room_contemp,0.9301334528172542,0.4203228940877495,0.5918694908564662,0.7365658967391304,0.42657210043237503,0.966320130595412,blue_bathroom
ds_v1_seed0/living_room_contemp_v62,living_room_contemp,0.9450846502546272,0.20009408812921436,0.33346400104534163,0.7400985054347826,0.2007657208790056,0.9835560123329907,blue_bathroom
ds_v2_seed1/living_room_contemp_v56,living_room_contemp,0.8961049239609896,0.5782818891781332,0.7327992459943449,0.7688858695652174,0.6190286624203821,0.8978060046189377,blue_bathroom
ds_v2_seed1/living_room_contemp_v61,living_room_contemp,0.8889639787002441,0.5852771700613194,0.7383909654595993,0.7714164402173913,0.6326272315480949,0.8866171871353219,blue_bathroom
ds_v2_seed1/living_room_contemp_v41,living_room_contemp,0.9217258229331582,0.4755337099259042,0.6445582459106051,0.7571671195652174,0.48944765356590025,0.9435912366256641,blue_bathroom
ds_v1_seed0/living_room_contemp_v47,living_room_contemp,0.9103207323559225,0.14378666140878396,0.25142216859162214,0.7049932065217391,0.14454189584262425,0.9649354945418458,blue_bathroom
ds_v2_seed1/living_room_contemp_v33,living_room_contemp,0.9276100839074203,0.39270874166993336,0.563949560909705,0.7368885869565217,0.399473642236223,0.9586602870813398,blue_bathroom
ds_v2_seed1/living_room_contemp_v42,living_room_contemp,0.9351408953252079,0.45745308627404696,0.6277431370961212,0.7657778532608696,0.46534336481511124,0.9642590596235177,blue_bathroom
ds_v2_seed1/living_room_contemp_v35,living_room_contemp,0.9024113213596874,0.295387116439748,0.4560599880776834,0.7055536684782608,0.29983498349834986,0.9521813179614831,blue_bathroom
ds_v1_seed0/living_room_contemp_v21,living_room_contemp,0.9318855481449684,0.27515814975997127,0.4315670959116178,0.7256114130434783,0.2774108919848019,0.9713335445042762,blue_bathroom
ds_v1_seed0/living_room_contemp_v17,living_room_contemp,0.8916727277642846,0.6100466562986003,0.7577999729536541,0.7870754076086957,0.6661571904082603,0.8786792706419964,blue_bathroom
ds_v1_seed0/living_room_contemp_v36,living_room_contemp,0.876650192327638,0.5904526401495733,0.7424963500881666,0.7693444293478261,0.6511473229132025,0.863658418243571,blue_bathroom
ds_v1_seed0/living_room_contemp_v15,living_room_contemp,0.9236300854706071,0.37132702401124107,0.5415586763908143,0.7416440217391305,0.37739415322580644,0.9585022402389588,blue_bathroom
ds_v1_seed0/living_room_contemp_v28,living_room_contemp,0.9403176510247253,0.36806214153457073,0.5380781038523752,0.7623471467391304,0.37209514678354566,0.9713945172824792,blue_bathroom
ds_v1_seed0/living_room_contemp_v65,living_room_contemp,0.9340907403782219,0.34540870488322717,0.5134628661603708,0.7486582880434782,0.3488652609006433,0.9721150255197311,blue_bathroom
ds_v2_seed1/living_room_contemp_v17,living_room_contemp,0.9064794242906029,0.5846028645833333,0.7378541054664228,0.7832710597826087,0.6204097143054548,0.9101459558078249,blue_bathroom
ds_v2_seed1/living_room_contemp_v22,living_room_contemp,0.9180170722782734,0.48016835497217863,0.6488023519205746,0.7524796195652174,0.49494466708334867,0.9414644380725925,blue_bathroom
ds_v1_seed0/living_room_contemp_v08,living_room_contemp,0.8635568120509829,0.28127977135598603,0.4390606605118037,0.6924932065217392,0.28794343532853833,0.9239796583648455,blue_bathroom
ds_v1_seed0/living_room_contemp_v35,living_room_contemp,0.9293864772629508,0.4278752062627115,0.5993173694536267,0.7467900815217391,0.4347656554628402,0.9642826256161896,blue_bathroom
ds_v1_seed0/living_room_contemp_v30,living_room_contemp,0.8981332732713263,0.1592987419794877,0.2748191405909527,0.717391304347826,0.16096589748825813,0.9389517569982132,blue_bathroom
ds_v1_seed0/living_room_contemp_v19,living_room_contemp,0.9030970194399449,0.5191382405745063,0.6834641202609435,0.772554347826087,0.5485033574870063,0.9065145150166155,blue_bathroom
ds_v2_seed1/living_room_contemp_v60,living_room_contemp,0.8968640138096295,0.5789724829012247,0.7333534804069709,0.7752207880434783,0.6224350205198358,0.8923755822505516,blue_bathroom
ds_v2_seed1/living_room_contemp_v26,living_room_contemp,0.8979947387659897,0.5982378854625551,0.7486218302094819,0.7754076086956522,0.6389655060518545,0.9037128826472073,blue_bathroom
ds_v1_seed0/living_room_contemp_v50,living_room_contemp,0.9283193083407478,0.3655848381324223,0.5354260356791851,0.7350713315217391,0.3702071578600552,0.9669750430292599,blue_bathroom
ds_v1_seed0/living_room_contemp_v10,living_room_contemp,0.8865573759879227,0.6131009615384615,0.7601520005960807,0.7813179347826087,0.6747131377930624,0.8703664206799471,blue_bathroom
ds_v1_seed0/living_room_contemp_v54,living_room_contemp,0.8951751908745592,0.5900828452644675,0.7422039009122485,0.7705842391304348,0.6285557279544867,0.9060199422234647,blue_bathroom
ds_v1_seed0/living_room_contemp_v12,living_room_contemp,0.9185536753740946,0.4118820235492655,0.5834510485711181,0.7395720108695653,0.420280212899186,0.9537300177619893,blue_bathroom
ds_v1_seed0/living_room_contemp_v16,living_room_contemp,0.8531097253615934,0.2088621208862121,0.3455516014234875,0.6876698369565217,0.21346289131199436,0.9064600448095593,blue_bathroom
ds_v2_seed1/living_room_contemp_v13,living_room_contemp,0.9188194883778164,0.34588693297224105,0.513991070867132,0.7374660326086957,0.3519634860489149,0.9524586343509671,blue_bathroom
ds_v1_seed0/living_room_contemp_v03,living_room_contemp,0.8996128893829611,0.4195642441426653,0.5911169513797636,0.7357676630434783,0.43503152682681523,0.9218788425280761,blue_bathroom
ds_v2_seed1/living_room_contemp_v55,living_room_contemp,0.8878300752578691,0.19295599716110717,0.323492228749907,0.6909986413043478,0.19519856405654026,0.9438055977435452,blue_bathroom
ds_v1_seed0/living_room_contemp_v06,living_room_contemp,0.8621029666422857,0.21793539267451045,0.35787677077999663,0.6805197010869565,0.2224579867594636,0.9146745768626767,blue_bathroom
ds_v1_seed0/living_room_contemp_v39,living_room_contemp,0.9284106592183587,0.4257225548110851,0.597202524957593,0.7539911684782609,0.43371839405444707,0.9584932607337321,blue_bathroom
ds_v1_seed0/livingroom_v53,livingroom,0.8696393616087116,0.42540993972094593,0.5968948691409138,0.7684952445652173,0.4691116999023846,0.8203544139164364,blue_bathroom
ds_v2_seed1/livingroom_v60,livingroom,0.902306951094105,0.46050467553216484,0.630610340722628,0.8050101902173913,0.5040115202633203,0.8421414453897053,blue_bathroom
ds_v1_seed0/livingroom_v16,livingroom,0.873898157574989,0.45807639208467554,0.628329756343896,0.8,0.5324703113298385,0.7662817551963048,blue_bathroom
ds_v2_seed1/livingroom_v61,livingroom,0.8508465946492955,0.36707570803787526,0.5370232326997143,0.7468410326086956,0.4038398654645677,0.8012790805449995,blue_bathroom
ds_v1_seed0/livingroom_v12,livingroom,0.9112044578830089,0.4872200754225057,0.6552091159529176,0.8129415760869565,0.5308679551564958,0.8556127871801161,blue_bathroom
ds_v1_seed0/livingroom_v59,livingroom,0.8368851952307175,0.4273296789350039,0.5987820266637407,0.7515964673913044,0.4886719799408973,0.7729461756373938,blue_bathroom
ds_v2_seed1/livingroom_v25,livingroom,0.8964722968127461,0.44150110375275936,0.6125574272588056,0.806640625,0.48614487117160915,0.8278145695364238,blue_bathroom
ds_v2_seed1/livingroom_v52,livingroom,0.8627368204184365,0.42921377183967113,0.6006292134831461,0.7736243206521739,0.4819908631882664,0.7967408585055644,blue_bathroom
ds_v1_seed0/livingroom_v15,livingroom,0.9018076298167604,0.4388499298737728,0.6100009747538747,0.7961447010869566,0.47521895408292414,0.8515058055152395,blue_bathroom
ds_v1_seed0/livingroom_v43,livingroom,0.8352868342975944,0.34312904453749526,0.5109398027434531,0.706929347826087,0.36853509955435626,0.83270207852194,blue_bathroom
ds_v1_seed0/livingroom_v27,livingroom,0.8986857771370711,0.42268650832758453,0.5942089221390967,0.8010190217391304,0.45923229294930135,0.8415579319140587,blue_bathroom
ds_v2_seed1/livingroom_v40,livingroom,0.8756098089871004,0.4336875818896491,0.6049959382615759,0.8018002717391305,0.49471353445889843,0.7785521386880391,blue_bathroom
ds_v2_seed1/livingroom_v59,livingroom,0.8284721313304375,0.366851622689713,0.5367833883356211,0.7306216032608696,0.40960955607060084,0.7784836933502753,blue_bathroom
ds_v1_seed0/livingroom_v20,livingroom,0.9007561363037625,0.4399681246679653,0.6110803664760499,0.78515625,0.4716211085801063,0.8676444910075083,blue_bathroom
ds_v1_seed0/livingroom_v62,livingroom,0.8911464085719769,0.4385209866259429,0.6096831269100852,0.7939368206521739,0.4824110370106399,0.8281768921517217,blue_bathroom
ds_v1_seed0/livingroom_v39,livingroom,0.9238802420893585,0.42272399216414064,0.5942459598521632,0.8098165760869566,0.4439391478533918,0.8984332201161389,blue_bathroom
ds_v2_seed1/livingroom_v11,livingroom,0.9001395698306494,0.48691146252121864,0.6549300006008533,0.8049252717391304,0.5333463815628517,0.8483150439722935,blue_bathroom
ds_v1_seed0/livingroom_v41,livingroom,0.903739175953924,0.5167091475502691,0.6813556157221548,0.8261039402173913,0.5899757477768796,0.806230667255855,blue_bathroom
ds_v2_seed1/livingroom_v43,livingroom,0.8523177194208549,0.46793839547462734,0.6375450045004502,0.781148097826087,0.5706157796686975,0.7222611688228922,blue_bathroom
ds_v2_seed1/livingroom_v02,livingroom,0.8884116022810868,0.42164629347883115,0.5931803085098531,0.8127717391304348,0.47371213014263824,0.7932293722858271,blue_bathroom
ds_v1_seed0/livingroom_v14,livingroom,0.9114091168274169,0.4542824925234103,0.6247513737652969,0.8109544836956522,0.489022588135951,0.8647690153989734,blue_bathroom
ds_v1_seed0/livingroom_v61,livingroom,0.8782053219458739,0.26544992491625274,0.4195344591510725,0.6760020380434782,0.2700352526439483,0.939877300613497,blue_bathroom
ds_v2_seed1/livingroom_v46,livingroom,0.9156196365552443,0.4730721852673072,0.6422932833823923,0.8183763586956522,0.5129835434921992,0.8587656529516995,blue_bathroom
ds_v1_seed0/livingroom_v22,livingroom,0.89999667299783,0.3805597322597856,0.5513122299125179,0.783101222826087,0.4040164778578785,0.867632422868517,blue_bathroom
ds_v2_seed1/livingroom_v38,livingroom,0.8978500452792103,0.4101208806361171,0.5816818774445893,0.78203125,0.4373376464245454,0.8682494891505304,blue_bathroom
ds_v2_seed1/livingroom_v09,livingroom,0.8446800210395797,0.41670697674418605,0.5882754635709408,0.7337635869565218,0.4585431765139418,0.8203794593802651,blue_bathroom
ds_v2_seed1/livingroom_v07,livingroom,0.887923654772598,0.3649864593343234,0.534784,0.7530910326086957,0.38309187603154227,0.885357067175249,blue_bathroom
ds_v1_seed0/livingroom_v05,livingroom,0.8711619935906117,0.4626268019220502,0.6325971892681146,0.7948709239130435,0.5355928711239312,0.7725111441307578,blue_bathroom
ds_v2_seed1/livingroom_v28,livingroom,0.8932118865192819,0.47934524895130404,0.6480505470796732,0.8060631793478261,0.5398202824133504,0.8105628373168852,blue_bathroom
ds_v2_seed1/livingroom_v26,livingroom,0.8617723105850894,0.05675129579197048,0.10740709950951867,0.6352921195652174,0.0569941329569015,0.9301655867530597,blue_bathroom
ds_v1_seed0/livingroom_v63,livingroom,0.8583133365883884,0.4345954159807522,0.6058787183334804,0.7725033967391305,0.4947621335896204,0.7813614631554983,blue_bathroom
ds_v1_seed0/livingroom_v10,livingroom,0.8538978409834681,0.4488798708021036,0.6196233101832004,0.7739639945652174,0.521229023416839,0.7638105975197295,blue_bathroom
ds_v2_seed1/livingroom_v12,livingroom,0.8859150511484397,0.3688222698072805,0.5388899317940054,0.7496942934782609,0.38764854159164563,0.8836445721321567,blue_bathroom
ds_v1_seed0/livingroom_v33,livingroom,0.8985115406559976,0.3829787234042553,0.5538461538461539,0.7882133152173914,0.4069400630914827,0.8667413213885778,blue_bathroom
ds_v1_seed0/livingroom_v57,livingroom,0.8966093818787072,0.3599811008740846,0.5293913285158421,0.7699388586956522,0.3782643233045378,0.8816246239296459,blue_bathroom
ds_v2_seed1/livingroom_v10,livingroom,0.8689300520363783,0.40876033744753354,0.5803121036018761,0.7583729619565217,0.4463402459499932,0.8292024953633451,blue_bathroom
ds_v1_seed0/livingroom_v45,livingroom,0.8939643649310088,0.4467317389091918,0.617573703395792,0.796875,0.4870139694387009,0.8437745740498034,blue_bathroom
ds_v2_seed1/livingroom_v13,livingroom,0.9098396403156289,0.4768931651627698,0.6458059071729958,0.8217900815217392,0.5267331094102747,0.8344382414515004,blue_bathroom
ds_v2_seed1/livingroom_v30,livingroom,0.869823970394437,0.4205071664829107,0.5920521577149954,0.7768342391304348,0.46758532757944293,0.8068201049246911,blue_bathroom
ds_v1_seed0/minigym_v42,minigym,0.9022930676678697,0.6654523206985734,0.799125033395672,0.7956861413043478,0.7139149113908945,0.9074326886613576,blue_bathroom
ds_v2_seed1/minigym_v32,minigym,0.9396763461349191,0.629112053456695,0.7723373627023724,0.8039232336956522,0.6416448230668415,0.9698875736714377,blue_bathroom
ds_v1_seed0/minigym_v55,minigym,0.9047197322418308,0.5089877010406811,0.6746081504702196,0.7443783967391304,0.528899284721516,0.9311291477679637,blue_bathroom
ds_v1_seed0/minigym_v09,minigym,0.8944461102659985,0.573380721857957,0.7288518460819443,0.7635190217391304,0.6169314960110767,0.8903796745646588,blue_bathroom
ds_v1_seed0/minigym_v33,minigym,0.9347495923657813,0.6153186624749929,0.7618542108987969,0.7942595108695653,0.630638547158758,0.9620196604110813,blue_bathroom
ds_v2_seed1/minigym_v21,minigym,0.9347156160613427,0.687117279990669,0.8145459573438418,0.817764945652174,0.7093317278747743,0.956408799415537,blue_bathroom
ds_v1_seed0/minigym_v27,minigym,0.9560989031036865,0.7777320891981654,0.8749710869526538,0.8806555706521739,0.7877234574229512,0.9839529392932891,blue_bathroom
ds_v1_seed0/minigym_v35,minigym,0.9303143269294486,0.6206852385526737,0.765954083850318,0.7988111413043478,0.6433028010088943,0.9463919539107509,blue_bathroom
ds_v2_seed1/minigym_v49,minigym,0.9146977453896469,0.7019564573858285,0.8248818051009597,0.811905570652174,0.743049225159526,0.9269696862006468,blue_bathroom
ds_v2_seed1/minigym_v30,minigym,0.9314245921754825,0.51542332842617,0.6802367612506778,0.7596127717391304,0.5288022479803302,0.9532100797771306,blue_bathroom
ds_v1_seed0/minigym_v31,minigym,0.8835595325310552,0.6868821243185435,0.8143807020256689,0.7961277173913044,0.7749330508225185,0.858059891166216,blue_bathroom
ds_v2_seed1/minigym_v15,minigym,0.9146348597185633,0.6649682292291093,0.7987758775877588,0.81015625,0.7298746586834227,0.8820419035502723,blue_bathroom
ds_v1_seed0/minigym_v29,minigym,0.9299788592688056,0.5766756721986364,0.7315083023948432,0.776460597826087,0.5898608415304142,0.9626845637583893,blue_bathroom
ds_v2_seed1/minigym_v33,minigym,0.9866778040247591,0.09477602020470557,0.1731423020883924,0.8843410326086957,0.09481382978723404,0.9958100558659218,blue_bathroom
ds_v1_seed0/minigym_v40,minigym,0.9412485513472215,0.44827458256029684,0.6190463990161665,0.7474694293478261,0.45253970632304463,0.9794081880826915,blue_bathroom
ds_v1_seed0/minigym_v00,minigym,0.9322324197670523,0.6575077881619937,0.7933691688907266,0.81328125,0.6842821942679289,0.9438332886146141,blue_bathroom
ds_v1_seed0/minigym_v11,minigym,0.9923177438173327,0.483941287603546,0.6522377827832729,0.9396908967391304,0.4843636363636364,0.9982014388489209,blue_bathroom
ds_v2_seed1/minigym_v37,minigym,0.8652562796665825,0.6873258528503653,0.8146924930822103,0.7884510869565218,0.8101366944789633,0.8192998204667864,blue_bathroom
ds_v1_seed0/minigym_v28,minigym,0.9305180800343361,0.5284137367130008,0.6914537916276582,0.7649116847826087,0.5395157924029498,0.9625170659054239,blue_bathroom
ds_v2_seed1/minigym_v52,minigym,0.9420177004001801,0.6527471198330864,0.7898935197043433,0.8049592391304348,0.6602740564017863,0.9828355490803132,blue_bathroom
ds_v1_seed0/minigym_v50,minigym,0.9404363859416258,0.5248157248157248,0.6883660973251693,0.7700747282608695,0.5334475008027401,0.9700901836112372,blue_bathroom
ds_v1_seed0/minigym_v07,minigym,0.9424525616111216,0.626968119713728,0.7707196129006458,0.8052479619565217,0.6404053829539791,0.9676172306456472,blue_bathroom
ds_v2_seed1/minigym_v01,minigym,0.8816046231397887,0.6197993844750941,0.7652791949614721,0.7734035326086957,0.6883564895401462,0.8615567439096851,blue_bathroom
ds_v2_seed1/minigym_v07,minigym,0.9417672228974422,0.539178972655974,0.7006059493206024,0.7784646739130435,0.5474371390652463,0.9727834788705463,blue_bathroom
ds_v2_seed1/minigym_v26,minigym,0.8975116308390303,0.7122809758129605,0.8319674000638618,0.8123131793478261,0.812774806892454,0.8520883296477404,blue_bathroom
ds_v2_seed1/minigym_v50,minigym,0.8975117237098644,0.6432849078770165,0.7829255959127447,0.788569972826087,0.7080232118077456,0.8755508755508755,blue_bathroom
ds_v1_seed0/minigym_v34,minigym,0.9426448804107338,0.48116487974500144,0.6497114349995109,0.7567255434782608,0.4863439994142198,0.9783473265576668,blue_bathroom
ds_v2_seed1/minigym_v35,minigym,0.9244022339313415,0.5941441297614867,0.745408296112324,0.7841202445652173,0.6246810796293809,0.9239783504642733,blue_bathroom
ds_v1_seed0/minigym_v20,minigym,0.922189828857807,0.6350886556366009,0.7768247347900987,0.7909816576086957,0.6555365122115443,0.9531841039562102,blue_bathroom
ds_v2_seed1/minigym_v53,minigym,0.9376173525218976,0.6441103533787973,0.7835366428477157,0.8050101902173913,0.6599021849593496,0.9641779963806784,blue_bathroom
ds_v1_seed0/minigym_v05,minigym,0.9455309516345931,0.6309656666447844,0.7737326168769748,0.8090523097826087,0.644008174478207,0.9689012096774193,blue_bathroom
ds_v2_seed1/minigym_v45,minigym,0.9945553699312055,0.6427461139896373,0.7825264153918942,0.9531589673913043,0.6439138333765897,0.9971864951768489,blue_bathroom
ds_v1_seed0/minigym_v17,minigym,0.8736956637870931,0.663671576506548,0.7978396528239728,0.7832201086956522,0.7510212601007842,0.8508834161008074,blue_bathroom
ds_v1_seed0/minimal_interior_v42,minimal_interior,0.9247723752627242,0.3026394125818615,0.4646556977452773,0.7612771739130435,0.30832996360695514,0.9425216316440049,blue_bathroom
ds_v1_seed0/minimal_interior_v65,minimal_interior,0.8508669103136209,0.02960805084745763,0.05751324656618139,0.6888417119565218,0.02976412331611735,0.8495440729483282,blue_bathroom
ds_v1_seed0/minimal_interior_v13,minimal_interior,0.8895068212131957,0.2951884944335611,0.45582321909469875,0.7494735054347826,0.3069966209501093,0.8847200343691823,blue_bathroom
ds_v2_seed1/minimal_interior_v10,minimal_interior,0.9110325360458217,0.3087098087098087,0.4717773285647644,0.7692255434782609,0.3197386447465486,0.8994959976282242,blue_bathroom
ds_v2_seed1/minimal_interior_v04,minimal_interior,0.948416039701152,0.27037847648534674,0.42566602235481976,0.7678668478260869,0.27232646916500886,0.97422581265628,blue_bathroom
ds_v2_seed1/minimal_interior_v53,minimal_interior,0.878469378241977,0.3025726794234837,0.4645770392749245,0.7592051630434783,0.31973178085040027,0.8493510080088373,blue_bathroom
ds_v2_seed1/minimal_interior_v27,minimal_interior,0.8929972169552984,0.2857613401091662,0.4445013723696249,0.7422044836956522,0.29492035742035744,0.9019753453141245,blue_bathroom
ds_v1_seed0/minimal_interior_v46,minimal_interior,0.9476770666460673,0.12066919791172283,0.21535203811540496,0.7482676630434782,0.12102100315344796,0.9764762361977917,blue_bathroom
ds_v2_seed1/minimal_interior_v08,minimal_interior,0.9034957559159389,0.2590232579309089,0.4114669944327959,0.7235054347826086,0.2648454951600894,0.9217687074829932,blue_bathroom
ds_v2_seed1/minimal_interior_v25,minimal_interior,0.8824198633444421,0.15420192875418226,0.2672009548981158,0.7080502717391305,0.15707698476343224,0.8938961779806047,blue_bathroom
ds_v2_seed1/minimal_interior_v33,minimal_interior,0.9237217232426672,0.28323671262239974,0.44144109942674914,0.7501188858695652,0.2873807523108101,0.9515548281505728,blue_bathroom
ds_v2_seed1/minimal_interior_v30,minimal_interior,0.9435407211061646,0.1614874712049269,0.2780701044280741,0.6970788043478261,0.16173077828523,0.9907701182578598,blue_bathroom
ds_v1_seed0/minimal_interior_v24,minimal_interior,0.8846357185758396,0.24396113330911734,0.39223272621089905,0.7172044836956522,0.2511921458625526,0.8944564674546363,blue_bathroom
ds_v2_seed1/minimal_interior_v29,minimal_interior,0.8943179990866227,0.2630604982206406,0.4165445734249972,0.736226222826087,0.27008330491547716,0.9100459619172685,blue_bathroom
ds_v1_seed0/minimal_interior_v43,minimal_interior,0.9421679442993527,0.25342952951935777,0.4043777867855695,0.7504415760869565,0.25508847294671166,0.9749804534792806,blue_bathroom
ds_v2_seed1/minimal_interior_v22,minimal_interior,0.9553467510875253,0.17114444261304324,0.29226871833364615,0.7437839673913044,0.1716820987654321,0.9820302648171501,blue_bathroom
ds_v1_seed0/minimal_interior_v11,minimal_interior,0.9055569092545767,0.27650698415674513,0.4332243968714427,0.7378566576086957,0.2844536599479217,0.9082371054657429,blue_bathroom
ds_v1_seed0/minimal_interior_v09,minimal_interior,0.933923467413137,0.3240049417199334,0.4894316199440139,0.7862601902173914,0.33030336217281786,0.9444183497729763,blue_bathroom
ds_v1_seed0/minimal_interior_v40,minimal_interior,0.9428218413184493,0.1608867851622875,0.27717911379238613,0.7049422554347826,0.1611280414066657,0.9907792980368828,blue_bathroom
ds_v1_seed0/minimal_interior_v26,minimal_interior,0.9391231593105968,0.1720084285238993,0.2935276305828918,0.7463994565217391,0.1731799910674408,0.9621588089330024,blue_bathroom
ds_v1_seed0/minimal_interior_v63,minimal_interior,0.953992399888755,0.1931363895955558,0.3237457029720203,0.7360563858695652,0.19375,0.9838667019307061,blue_bathroom
ds_v2_seed1/minimal_interior_v60,minimal_interior,0.8756851010353078,0.2620093457943925,0.41522568223053286,0.7317764945652174,0.27295297439392463,0.8672853828306265,blue_bathroom
ds_v1_seed0/minimal_interior_v37,minimal_interior,0.9151211149611111,0.317978184651344,0.4825242001034508,0.7621263586956522,0.32605981924402055,0.9276885921295639,blue_bathroom
ds_v2_seed1/minimal_interior_v51,minimal_interior,0.9094866668784308,0.2536730410447761,0.4046877179928382,0.7825917119565218,0.2601183714951874,0.9110134003350083,blue_bathroom
ds_v1_seed0/minimal_interior_v29,minimal_interior,0.9574470286242727,0.1998470168281489,0.3331208296145183,0.7335088315217392,0.20010211896859842,0.9936612576064908,blue_bathroom
ds_v2_seed1/minimal_interior_v37,minimal_interior,0.8973154440702213,0.2616357465011392,0.41475639419178895,0.7302989130434783,0.2680928105197961,0.9157038242473555,blue_bathroom
ds_v2_seed1/minimal_interior_v16,minimal_interior,0.9130986659252865,0.1979579311499191,0.3304922919286479,0.755859375,0.20175139315364493,0.9132561132561132,blue_bathroom
ds_v1_seed0/minimal_interior_v23,minimal_interior,0.9014972012728325,0.22266860844674333,0.36423378650347066,0.737109375,0.22642087524894042,0.9307304785894207,blue_bathroom
ds_v1_seed0/minimal_interior_v04,minimal_interior,0.9239179031063917,0.2774539519701562,0.43438583683153864,0.7894701086956522,0.283840190816935,0.9249902837155072,blue_bathroom
ds_v2_seed1/minimal_interior_v35,minimal_interior,0.9007952994247201,0.3088667951709445,0.4719606247335581,0.7685971467391305,0.31949837338650433,0.9027427724240178,blue_bathroom
ds_v2_seed1/minimal_interior_v02,minimal_interior,0.9154528968714842,0.026724357342835327,0.052057511155180966,0.7402173913043478,0.026778882938026015,0.9292035398230089,blue_bathroom
ds_v1_seed0/minimal_interior_v31,minimal_interior,0.9245661407779496,0.2437813465727747,0.39200032585230743,0.746484375,0.24735272951578083,0.9440847557386698,blue_bathroom
ds_v2_seed1/minimal_interior_v61,minimal_interior,0.8898629719427423,0.06340530199508063,0.11924955024415315,0.708984375,0.06389776357827476,0.8916218293620292,blue_bathroom
ds_v2_seed1/minimal_interior_v23,minimal_interior,0.9094508036671506,0.2966722129783694,0.45759014500192474,0.7846297554347826,0.30706084959816304,0.8976338311797282,blue_bathroom
ds_v1_seed0/minimal_interior_v25,minimal_interior,0.9549996472806161,0.15169428903198565,0.2634280476626948,0.7270380434782608,0.15187866617343973,0.9920607525025888,blue_bathroom
ds_v1_seed0/minimal_interior_v18,minimal_interior,0.9046650492938165,0.3080107011256373,0.47096052174584185,0.7671705163043478,0.31811072880825775,0.9065517753677017,blue_bathroom
ds_v2_seed1/minimal_interior_v40,minimal_interior,0.9086835434168434,0.2696600965406275,0.4247752564254881,0.753311820652174,0.2764148025976703,0.9169088733116773,blue_bathroom
ds_v1_seed0/minimal_interior_v44,minimal_interior,0.893366610080469,0.19483963081943806,0.3261351997268693,0.731827445652174,0.19852444536810931,0.9130227001194743,blue_bathroom
ds_v2_seed1/minimal_interior_v26,minimal_interior,0.9451768492965895,0.17014535967200894,0.2908106386367256,0.6974864130434782,0.17041530564629026,0.9907759088442757,blue_bathroom
ds_v2_seed1/scandinavian_v01,scandinavian,0.9273695754901702,0.4768910416006518,0.6458039600318766,0.8037364130434783,0.5002611709957738,0.9107806691449815,blue_bathroom
ds_v2_seed1/scandinavian_v02,scandinavian,0.9511502036600717,0.4173117154811716,0.5888778183696816,0.8107846467391304,0.4292554336130837,0.9374926565620961,blue_bathroom
ds_v1_seed0/scandinavian_v17,scandinavian,0.930772966900948,0.44435219576141577,0.6152961820052035,0.7840353260869565,0.4601149269263834,0.9284214370492102,blue_bathroom
ds_v1_seed0/scandinavian_v15,scandinavian,0.9034280776686759,0.4133115198914648,0.5848838194189558,0.7502887228260869,0.4324121232362027,0.9034452682075883,blue_bathroom
ds_v1_seed0/scandinavian_v10,scandinavian,0.938385222216892,0.45961197649472996,0.6297728216761991,0.8032099184782608,0.4779804054709477,0.9228392171551644,blue_bathroom
ds_v1_seed0/scandinavian_v18,scandinavian,0.818336505189883,0.39026397208873675,0.5614242761429011,0.6853770380434783,0.4158599887766554,0.8637721279230713,blue_bathroom
ds_v2_seed1/scandinavian_v50,scandinavian,0.9330662408895211,0.3933271710902769,0.5645869530879798,0.7659137228260869,0.4054630427877853,0.9292845257903494,blue_bathroom
ds_v2_seed1/scandinavian_v31,scandinavian,0.9101363277954317,0.26773980325829155,0.42238920410979913,0.6801460597826087,0.2728425390284492,0.9347088367042216,blue_bathroom
ds_v2_seed1/scandinavian_v25,scandinavian,0.9472430435934608,0.41006120316465144,0.581621850518738,0.7986413043478261,0.4213405593332992,0.9387173937806128,blue_bathroom
ds_v2_seed1/scandinavian_v16,scandinavian,0.9112393459943712,0.3981038333561238,0.5694910833632184,0.7757302989130435,0.4172160122289099,0.8968066536605401,blue_bathroom
ds_v1_seed0/scandinavian_v06,scandinavian,0.8013455476750042,0.34662300744845453,0.5148033347584439,0.6916100543478261,0.37530681419721823,0.8193416687930595,blue_bathroom
ds_v1_seed0/scandinavian_v50,scandinavian,0.9334849660069965,0.36702954898911355,0.5369738339021616,0.7649796195652174,0.37657217946311244,0.9354161809279552,blue_bathroom
ds_v1_seed0/scandinavian_v13,scandinavian,0.9089753692927416,0.46837920489296636,0.6379540153282239,0.7785665760869566,0.4925181151652875,0.9052722830798329,blue_bathroom
ds_v2_seed1/scandinavian_v10,scandinavian,0.8329902626174391,0.3682340572091506,0.5382617912029678,0.7040421195652173,0.38795309575646464,0.8787092309023272,blue_bathroom
ds_v2_seed1/scandinavian_v30,scandinavian,0.9036877874052821,0.36319365353650396,0.5328570193886664,0.724609375,0.3741857171758042,0.9251700680272109,blue_bathroom
ds_v2_seed1/scandinavian_v61,scandinavian,0.9198355944521025,0.3867686852663992,0.5577984120575966,0.7767663043478261,0.40405517375834676,0.9004018681438036,blue_bathroom
ds_v1_seed0/scandinavian_v34,scandinavian,0.9114341044397987,0.3243769954803665,0.4898559799624295,0.7232676630434782,0.33145496144394543,0.938234588630367,blue_bathroom
ds_v1_seed0/scandinavian_v04,scandinavian,0.8628350460867262,0.4527983816587997,0.6233464841030402,0.7519191576086957,0.49172124811846546,0.8511971830985916,blue_bathroom
ds_v1_seed0/scandinavian_v27,scandinavian,0.9346071173964803,0.35372816361312315,0.5225985144152083,0.7423913043478261,0.3612077967281587,0.9446973145197998,blue_bathroom
ds_v2_seed1/scandinavian_v41,scandinavian,0.9494505833449494,0.4864060975042989,0.6544726886158271,0.8123131793478261,0.5020386626373099,0.9398347701149425,blue_bathroom
ds_v1_seed0/scandinavian_v43,scandinavian,0.9015750541030363,0.4248507228158391,0.5963441868159135,0.7513417119565218,0.4411224864379818,0.9201123021949974,blue_bathroom
ds_v2_seed1/scandinavian_v24,scandinavian,0.8479472987591251,0.4107477838672895,0.5823121447567399,0.727921195652174,0.4387819253438114,0.8653905765654061,blue_bathroom
ds_v2_seed1/scandinavian_v32,scandinavian,0.9222747866827296,0.4633949739212897,0.6333149726209377,0.8077955163043479,0.49024329069475797,0.8943081991215227,blue_bathroom
ds_v1_seed0/scandinavian_v55,scandinavian,0.9502897107902498,0.4201893383283552,0.5917370691191673,0.8054857336956521,0.43076603695246,0.9447922595332954,blue_bathroom
ds_v1_seed0/scandinavian_v64,scandinavian,0.9334713284871617,0.46089616000776734,0.6309773036918884,0.8113960597826086,0.4828848990387061,0.9100843558282209,blue_bathroom
ds_v1_seed0/scandinavian_v32,scandinavian,0.9353304580941613,0.36039230131688,0.5298358436283636,0.7640794836956522,0.3693026328206096,0.9372530235899892,blue_bathroom
ds_v2_seed1/scandinavian_v54,scandinavian,0.9175357507418309,0.3677773990114198,0.5377737624225053,0.7480129076086957,0.3806730472368015,0.9156588160407384,blue_bathroom
ds_v2_seed1/scandinavian_v37,scandinavian,0.853053189035309,0.4104811303881238,0.5820441288359117,0.720108695652174,0.43210573881608677,0.8913313655429548,blue_bathroom
ds_v2_seed1/scandinavian_v28,scandinavian,0.9291381111529483,0.43635231870525987,0.6075839653304441,0.7846976902173913,0.45282148295113733,0.9230624529721595,blue_bathroom
ds_v2_seed1/scandinavian_v39,scandinavian,0.879051798331038,0.3610455898843819,0.5305415080402295,0.7193614130434782,0.37895206785989693,0.8842693436878493,blue_bathroom
ds_v1_seed0/scandinavian_v60,scandinavian,0.9318268508530495,0.4412481044069666,0.612313873035105,0.7934952445652174,0.45830747935659394,0.922205147906262,blue_bathroom
ds_v1_seed0/scandinavian_v42,scandinavian,0.9475443127692083,0.5025232044696765,0.6689057486430563,0.8124830163043478,0.5188165790575429,0.9411814345991562,blue_bathroom
ds_v2_seed1/scandinavian_v12,scandinavian,0.8348172595731632,0.32469606242061333,0.4902197139882746,0.6839673913043478,0.3391070345664039,0.8842656651512156,blue_bathroom
ds_v1_seed0/scandinavian_v40,scandinavian,0.9176686845216689,0.33688031015425224,0.5039797618313074,0.7269361413043478,0.3443652767823264,0.9393904542840713,blue_bathroom
ds_v1_seed0/scandinavian_v07,scandinavian,0.8371917919426188,0.34099736440560413,0.5085727585404328,0.6772588315217392,0.35696652871560297,0.8840240942191855,blue_bathroom
ds_v2_seed1/scandinavian_v65,scandinavian,0.9163451909377006,0.38554007724688627,0.556519560246813,0.7595278532608696,0.4005952112549037,0.9111794871794872,blue_bathroom
ds_v2_seed1/scandinavian_v42,scandinavian,0.9429947290777477,0.47323398316149656,0.64244239349673,0.8012907608695652,0.4887473263275365,0.9371433666191156,blue_bathroom
ds_v1_seed0/scandinavian_v37,scandinavian,0.927898127301642,0.4635930735930736,0.6334999556331155,0.789555027173913,0.483498126326245,0.9184391080617496,blue_bathroom
ds_v1_seed0/scandinavian_v45,scandinavian,0.9272437312709596,0.4048607771998077,0.5763713867886369,0.7687669836956522,0.41955064323246966,0.9204014707343734,blue_bathroom
ds_v2_seed1/scandinavian_v46,scandinavian,0.9374609310407477,0.4370039029952199,0.60821533203125,0.7819633152173913,0.4502123430017168,0.9370885837878503,blue_bathroom
ds_v1_seed0/sunlight_v02,sunlight,0.8955281821035972,0.41540453803276844,0.5869764111539839,0.6473165760869565,0.4196933928723798,0.975990475560553,blue_bathroom
ds_v1_seed0/sunlight_v20,sunlight,0.8808220107951125,0.3609571218463627,0.530445986948751,0.6162703804347827,0.3631551989072904,0.9835080147965475,blue_bathroom
ds_v2_seed1/sunlight_v49,sunlight,0.8831516493881797,0.37277606735144264,0.543098144288975,0.6090183423913044,0.37638579406343703,0.9749180561493516,blue_bathroom
ds_v2_seed1/sunlight_v55,sunlight,0.890174386866075,0.18659200968523001,0.31450070144114267,0.543563179347826,0.18718119990284188,0.983410432285851,blue_bathroom
ds_v1_seed0/sunlight_v59,sunlight,0.9031480966851275,0.15836877658243684,0.2734341252699784,0.5429347826086957,0.15868141509729577,0.9877121123464014,blue_bathroom
ds_v2_seed1/sunlight_v31,sunlight,0.9276997064639679,0.15628924581928746,0.2703289793351816,0.5664232336956522,0.15643400595434998,0.9941139373554762,blue_bathroom
ds_v2_seed1/sunlight_v22,sunlight,0.8909332698416295,0.39366974543816174,0.5649397882486058,0.6343070652173913,0.3965732440712584,0.9817415730337079,blue_bathroom
ds_v1_seed0/sunlight_v04,sunlight,0.8736481525119298,0.263480321331561,0.41707071631140796,0.5671195652173913,0.26496570963617344,0.9791666666666666,blue_bathroom
ds_v1_seed0/sunlight_v32,sunlight,0.9190353425237012,0.27733791939775454,0.4342436174266481,0.6217561141304347,0.27783376133667065,0.9936061381074168,blue_bathroom
ds_v2_seed1/sunlight_v26,sunlight,0.8992926108414077,0.37365606372904014,0.5440314698785409,0.6180876358695652,0.37717547164506426,0.9756363636363636,blue_bathroom
ds_v1_seed0/sunlight_v21,sunlight,0.9213684571671776,0.1950354609929078,0.3264094955489615,0.564351222826087,0.1952192486493278,0.9951961569255404,blue_bathroom
ds_v2_seed1/sunlight_v42,sunlight,0.9097525221093234,0.3191009179907896,0.48381577730509573,0.6208220108695652,0.31982271129451323,0.992977128214862,blue_bathroom
ds_v1_seed0/sunlight_v28,sunlight,0.9132576675274051,0.2709299330242143,0.4263491259184191,0.6154551630434782,0.27143686689463836,0.9931539187913125,blue_bathroom
ds_v2_seed1/sunlight_v16,sunlight,0.8924369812742778,0.3966862669670825,0.5680391886840708,0.6270889945652174,0.4002384186742813,0.9781165311653116,blue_bathroom
ds_v2_seed1/sunlight_v33,sunlight,0.8959351727562854,0.29781152558032103,0.45894418366665923,0.5869395380434783,0.2988469115772395,0.9885002395783421,blue_bathroom
ds_v1_seed0/sunlight_v42,sunlight,0.9092962603720083,0.34715231384033435,0.5153868798260909,0.6365319293478261,0.3487053776620193,0.9873329862918618,blue_bathroom
ds_v2_seed1/sunlight_v65,sunlight,0.9013369708047719,0.3462587352991307,0.5144014686332848,0.6091542119565218,0.3475620188195038,0.9892865838811785,blue_bathroom
ds_v2_seed1/sunlight_v41,sunlight,0.9041063435270817,0.2962826080261172,0.4571265651357837,0.6119395380434782,0.297133679268594,0.9904252033357356,blue_bathroom
ds_v1_seed0/sunlight_v08,sunlight,0.8904089977931914,0.24141687768682646,0.3889376437940277,0.5624490489130435,0.24243768295928325,0.9828578278590266,blue_bathroom
ds_v2_seed1/sunlight_v53,sunlight,0.8949237561743884,0.36192898895864906,0.5314946548503755,0.5995584239130435,0.36390846507578023,0.9851933701657458,blue_bathroom
ds_v1_seed0/sunlight_v11,sunlight,0.8944459901154128,0.3485194892098366,0.5168920315924409,0.6031589673913044,0.3498656515897895,0.9890805507200506,blue_bathroom
ds_v2_seed1/sunlight_v05,sunlight,0.9169362789210713,0.3151862464183381,0.4793028322440087,0.6346807065217391,0.3159003159003159,0.9928793501153345,blue_bathroom
ds_v1_seed0/sunlight_v43,sunlight,0.9229515892034752,0.17670384937778064,0.30033699553412424,0.5662873641304348,0.17686921165574881,0.9947368421052631,blue_bathroom
ds_v2_seed1/sunlight_v02,sunlight,0.9248297499427176,0.2272262701526491,0.3703086801171319,0.6019191576086956,0.2273762000593844,0.9971064814814815,blue_bathroom
ds_v1_seed0/sunlight_v50,sunlight,0.9229091829134356,0.22632566720743075,0.36911184893131355,0.5869225543478261,0.22654185372687619,0.9958012596221134,blue_bathroom
ds_v1_seed0/sunlight_v25,sunlight,0.9320216389457857,0.0878969484053179,0.1615905781042234,0.5502377717391305,0.08794238257693235,0.9941566030385665,blue_bathroom
ds_v2_seed1/sunlight_v64,sunlight,0.8822632893648994,0.3558386779915641,0.524898254884831,0.6213145380434782,0.35860482720470493,0.9787825810553084,blue_bathroom
ds_v1_seed0/sunlight_v26,sunlight,0.9126943413777333,0.2820869462282856,0.4400433949634144,0.587992527173913,0.2826389918458117,0.9931235674098771,blue_bathroom
ds_v1_seed0/sunlight_v44,sunlight,0.8923878295119974,0.3342761423550088,0.5010599106793718,0.5882642663043478,0.33603864734299516,0.9845519249433841,blue_bathroom
ds_v2_seed1/sunlight_v21,sunlight,0.9000044641332204,0.38358087430159754,0.5544755372471033,0.6271229619565217,0.38569250748122635,0.9859276899761853,blue_bathroom
ds_v1_seed0/sunlight_v19,sunlight,0.8906079351676706,0.36777780836246526,0.5377742000402496,0.6099184782608695,0.3707166837768097,0.9788995530808118,blue_bathroom
ds_v2_seed1/sunlight_v54,sunlight,0.8865966597159485,0.36445110324162355,0.5342091077881371,0.6037533967391304,0.36733293064631267,0.9789273432355309,blue_bathroom
ds_v1_seed0/sunlight_v47,sunlight,0.9266265411744044,0.11018433033013912,0.19849736178022484,0.5253057065217391,0.11023697286278507,0.9956846950517837,blue_bathroom
ds_v1_seed0/sunlight_v16,sunlight,0.8724723051899278,0.20949077534910146,0.3464115305693589,0.5510020380434782,0.2105421324678447,0.9767182489892653,blue_bathroom
ds_v1_seed0/sunlight_v24,sunlight,0.8967139942276618,0.3526333558406482,0.521402720579059,0.6092051630434783,0.35535268768428213,0.9787599562704982,blue_bathroom
ds_v2_seed1/sunlight_v23,sunlight,0.9104385835304932,0.24776128464317154,0.39712930300450067,0.5791270380434783,0.24817562636828022,0.9933065595716198,blue_bathroom
ds_v2_seed1/sunlight_v19,sunlight,0.8829745950853842,0.2948819342447181,0.4554576389494808,0.5760190217391304,0.29697055895320723,0.9767050238563009,blue_bathroom
ds_v1_seed0/sunlight_v07,sunlight,0.8969876929156311,0.2633538927033632,0.4169123065585851,0.5699728260869565,0.2642225400624653,0.987670485542826,blue_bathroom
ds_v2_seed1/sunlight_v25,sunlight,0.9223026319218777,0.22886955384011515,0.3724879554952221,0.599609375,0.22911686695700578,0.9953058321479374,blue_bathroom
ds_v2_seed1/sunlight_v45,sunlight,0.8740662798653616,0.3993208642550045,0.570735239437171,0.6274626358695652,0.40583340291113523,0.9613660337552743,blue_bathroom
ds_v2_seed1/terrazzo_v37,terrazzo,0.859226809932876,0.5657886523937332,0.7226884056526679,0.7637058423913043,0.6399223438051536,0.8300444118859026,blue_bathroom
ds_v2_seed1/terrazzo_v38,terrazzo,0.8742044137191086,0.3692384769539078,0.5393340651298938,0.7434103260869566,0.3862008733624454,0.8936944219886823,blue_bathroom
ds_v1_seed0/terrazzo_v07,terrazzo,0.8611301480363521,0.5411728647323253,0.7022870401060657,0.7711786684782609,0.6152625058076506,0.8179852782210326,blue_bathroom
ds_v1_seed0/terrazzo_v15,terrazzo,0.8420890615943725,0.6326896587571796,0.7750274589707263,0.7599694293478261,0.7567063504398371,0.794257748776509,blue_bathroom
ds_v1_seed0/terrazzo_v11,terrazzo,0.8633013052486359,0.6143629664844307,0.7611212338726004,0.7795686141304348,0.7343206193621706,0.7899522445081184,blue_bathroom
ds_v2_seed1/terrazzo_v13,terrazzo,0.8765039199565823,0.6643628730865715,0.798338972623808,0.7773097826086957,0.8602585349685118,0.7447345767575323,blue_bathroom
ds_v1_seed0/terrazzo_v53,terrazzo,0.8935108057951392,0.541780087437103,0.7027981381413513,0.8113111413043478,0.6071362543908301,0.834243617426648,blue_bathroom
ds_v2_seed1/terrazzo_v03,terrazzo,0.8913328071482589,0.30305595530347923,0.46514649516013773,0.7203464673913044,0.31001039140976794,0.9310793237971391,blue_bathroom
ds_v2_seed1/terrazzo_v10,terrazzo,0.8666872820846776,0.7015715467328371,0.8246159828893642,0.7548913043478261,0.9314737535690754,0.7397523111808826,blue_bathroom
ds_v1_seed0/terrazzo_v60,terrazzo,0.856661142297807,0.6920734088246778,0.8180181843356257,0.7321331521739131,0.9487968737453494,0.7189242906686677,blue_bathroom
ds_v2_seed1/terrazzo_v58,terrazzo,0.8111781442910744,0.6332268218237314,0.7754303485129433,0.738773777173913,0.7973277285692839,0.7547035752856249,blue_bathroom
ds_v1_seed0/terrazzo_v49,terrazzo,0.9090782613654341,0.6988860410094637,0.8227580004061857,0.7924932065217392,0.9206545029543536,0.7436798489457673,blue_bathroom
ds_v1_seed0/terrazzo_v03,terrazzo,0.8443690511238712,0.6794477824152639,0.8091323702105578,0.762601902173913,0.8548675630446073,0.7680423060970551,blue_bathroom
ds_v2_seed1/terrazzo_v40,terrazzo,0.8512386892326845,0.5590152287399994,0.7171388943927085,0.7575407608695652,0.6293514171448443,0.8333870596361962,blue_bathroom
ds_v2_seed1/terrazzo_v07,terrazzo,0.8774544918045376,0.5947822004627611,0.7459102569494092,0.7947690217391304,0.6854614314422631,0.8180518402361405,blue_bathroom
ds_v2_seed1/terrazzo_v43,terrazzo,0.9218289926651956,0.6764743143092418,0.8070201953412804,0.8265115489130435,0.8655077396871708,0.7559370023004778,blue_bathroom
ds_v2_seed1/terrazzo_v47,terrazzo,0.8815386150650011,0.5621796020792257,0.7197374761915689,0.792578125,0.6382060882305063,0.8251512759800053,blue_bathroom
ds_v1_seed0/terrazzo_v19,terrazzo,0.9211465490862769,0.6754322529748209,0.8062782028644301,0.8323029891304348,0.8496526629176315,0.767117150750392,blue_bathroom
ds_v1_seed0/terrazzo_v20,terrazzo,0.8622457901752493,0.45664239890434655,0.6269794140934283,0.7439538043478261,0.4873639266069162,0.8787017130175463,blue_bathroom
ds_v1_seed0/terrazzo_v04,terrazzo,0.8535863114126234,0.6551523474779452,0.7916520173822549,0.7483865489130435,0.8731232162799355,0.7240873659026009,blue_bathroom
ds_v2_seed1/terrazzo_v63,terrazzo,0.8627442381894775,0.42774166781911216,0.5991863618752422,0.7188858695652174,0.44894404528630527,0.9005677682340952,blue_bathroom
ds_v1_seed0/terrazzo_v05,terrazzo,0.8725881266149075,0.7047476795049611,0.8268058528281577,0.7649966032608696,0.9273099924193503,0.7459571777034962,blue_bathroom
ds_v1_seed0/terrazzo_v22,terrazzo,0.905328327975881,0.5677457526836277,0.7242829415570412,0.8262907608695652,0.6329626837542405,0.8463961693548387,blue_bathroom
ds_v2_seed1/terrazzo_v16,terrazzo,0.8646912651233675,0.5116829244579836,0.6769712301161943,0.7440896739130435,0.5487245429901995,0.8834489704565801,blue_bathroom
ds_v1_seed0/terrazzo_v42,terrazzo,0.8323002523818255,0.6568362363495357,0.7928800951344787,0.7219429347826087,0.9059030989824237,0.7049309398479326,blue_bathroom
ds_v1_seed0/terrazzo_v58,terrazzo,0.8425989887625145,0.5226713424387843,0.6865189195741328,0.7364639945652174,0.5763373019911129,0.848786092516735,blue_bathroom
ds_v1_seed0/terrazzo_v23,terrazzo,0.9244733870855097,0.7052014737025326,0.8271180673698536,0.8274116847826087,0.887546095147687,0.7743939345672326,blue_bathroom
ds_v2_seed1/terrazzo_v04,terrazzo,0.9317729683752707,0.6602608362102033,0.7953700067000901,0.8495754076086957,0.8293423271500843,0.7640713778409091,blue_bathroom
ds_v1_seed0/terrazzo_v55,terrazzo,0.8389632888550883,0.5928940055577611,0.7444236760124611,0.7561650815217391,0.6822082286534634,0.8191255974300713,blue_bathroom
ds_v1_seed0/terrazzo_v41,terrazzo,0.9098163284134143,0.3311701277955272,0.4975624390609766,0.7724524456521739,0.33833129334965323,0.9399263247378861,blue_bathroom
ds_v1_seed0/terrazzo_v47,terrazzo,0.8690533306629552,0.4800247653806048,0.6486712609260441,0.7289911684782608,0.5056291618040777,0.9045747620509671,blue_bathroom
ds_v2_seed1/terrazzo_v48,terrazzo,0.8938104691436614,0.6187469476034326,0.7644764347132729,0.8143851902173913,0.7136477025830852,0.8231008399461692,blue_bathroom
ds_v1_seed0/terrazzo_v18,terrazzo,0.8142516627758338,0.6501686514765609,0.7880026697814116,0.7410665760869565,0.8138032052386697,0.7637878052725214,blue_bathroom
ds_v1_seed0/terrazzo_v61,terrazzo,0.9128778217906125,0.35137359810680113,0.5200243642454698,0.7858695652173913,0.3597008637033916,0.9381868131868132,blue_bathroom
ds_v2_seed1/terrazzo_v56,terrazzo,0.8712987535625583,0.4436038514442916,0.6145783706526918,0.725203804347826,0.46306267499461556,0.9134683472595949,blue_bathroom
ds_v2_seed1/terrazzo_v55,terrazzo,0.8259352823870446,0.634342364887627,0.776266195524146,0.7419157608695652,0.8108640152563747,0.7444999858792962,blue_bathroom
ds_v2_seed1/terrazzo_v51,terrazzo,0.8422541586882129,0.5825482670388462,0.7362154812868613,0.7561650815217391,0.6841386375277446,0.7968737570598998,blue_bathroom
ds_v2_seed1/terrazzo_v19,terrazzo,0.8284670812698199,0.5459487746024363,0.7062960734165791,0.7347486413043478,0.6185237640393927,0.8230988384834539,blue_bathroom
ds_v2_seed1/terrazzo_v06,terrazzo,0.8590224285174479,0.5942983109416425,0.7455296249929931,0.7686990489130435,0.6810500802239443,0.8234954181457937,blue_bathroom
ds_v2_seed1/terrazzo_v53,terrazzo,0.8861891465025328,0.670144427678379,0.8024987738454786,0.7401154891304348,0.9384489993057022,0.7009537552704561,blue_bathroom
ds_v2_seed1/bedroom_v36,bedroom,0.7813700455630501,0.17999870457931214,0.3050828850587331,0.7849864130434783,0.21519281400030973,0.5239441930618401,computer_room
ds_v2_seed1/bedroom_v60,bedroom,0.7996229354651778,0.1352641878669276,0.23829552506377993,0.8123811141304348,0.15376401494927924,0.529249617151608,computer_room
ds_v2_seed1/bedroom_v58,bedroom,0.7717789185273307,0.38516954831791983,0.5561334333196255,0.6883661684782608,0.6277647315821091,0.4991749174917492,computer_room
ds_v1_seed0/bedroom_v40,bedroom,0.8170484038762931,0.3719652440582673,0.5422371239638633,0.7495754076086957,0.4866536639732516,0.6121547735875508,computer_room
ds_v1_seed0/bedroom_v61,bedroom,0.9119677004578977,0.3062322371092164,0.46887870075374927,0.8839164402173914,0.37987912364643667,0.6123401664298762,computer_room
ds_v1_seed0/bedroom_v12,bedroom,0.8067715620414135,0.33347208732251055,0.5001560819950748,0.7552479619565218,0.4541732283464567,0.556498919419574,computer_room
ds_v2_seed1/bedroom_v62,bedroom,0.7981757328443587,0.3266172792903317,0.49240618886715276,0.7576256793478261,0.4330038783935944,0.570698326325336,computer_room
ds_v1_seed0/bedroom_v32,bedroom,0.8626400466065945,0.4097731410855765,0.5813320301591735,0.7962975543478261,0.5812103022265652,0.5814538090915439,computer_room
ds_v2_seed1/bedroom_v59,bedroom,0.7627186910168366,0.3603080700971091,0.5297448100434888,0.7079993206521739,0.46114285714285713,0.6223250433776749,computer_room
ds_v2_seed1/bedroom_v24,bedroom,0.7133010986974261,0.1965543332751295,0.328533904076272,0.7655570652173913,0.2530346171137419,0.4682473655019412,computer_room
ds_v1_seed0/bedroom_v46,bedroom,0.8289167213728991,0.12413308752523923,0.22085122998828582,0.8305536684782608,0.13932407133707755,0.5323795180722891,computer_room
ds_v1_seed0/bedroom_v58,bedroom,0.8085923709998277,0.1762587284086733,0.2996938074111104,0.809663722826087,0.21351616062683643,0.5025146689019279,computer_room
ds_v1_seed0/bedroom_v14,bedroom,0.8523428128878426,0.3825210589651023,0.5533674246545534,0.7908457880434783,0.5091770673429887,0.6059571088165211,computer_room
ds_v2_seed1/bedroom_v08,bedroom,0.8668326590416366,0.3137877504939317,0.4776840861485579,0.8348335597826086,0.39595761730923335,0.6019220357336221,computer_room
ds_v1_seed0/bedroom_v38,bedroom,0.8279505414578521,0.373348623853211,0.5437055345869934,0.7679857336956522,0.5579625694111194,0.5301589369463262,computer_room
ds_v2_seed1/bedroom_v47,bedroom,0.8155861991671994,0.4367396593673966,0.6079593564775614,0.7326426630434782,0.5888084901109503,0.6283978583196046,computer_room
ds_v1_seed0/bedroom_v31,bedroom,0.9073212718889144,0.42372351728017,0.5952328694965102,0.8433933423913044,0.6252305422353375,0.5679819050012566,computer_room
ds_v2_seed1/bedroom_v50,bedroom,0.8334556363048043,0.36895847515316543,0.539035305818001,0.7480978260869565,0.6376001764576135,0.466864064602961,computer_room
ds_v2_seed1/bedroom_v39,bedroom,0.8337991338745181,0.42488523033085324,0.5963781802021998,0.7531929347826087,0.6411083243759704,0.5574826046318413,computer_room
ds_v1_seed0/bedroom_v48,bedroom,0.6931363507311585,0.28475053747497964,0.44327755337564917,0.6722826086956522,0.409422800191867,0.4832358306598729,computer_room
ds_v2_seed1/bedroom_v12,bedroom,0.842445305392391,0.2794555508294343,0.43683510638297873,0.7986073369565218,0.33544857768052516,0.6260549959161449,computer_room
ds_v2_seed1/bedroom_v11,bedroom,0.7940594377810466,0.18101147103383594,0.30653634697617593,0.8072010869565217,0.21676025917926567,0.5232533889468196,computer_room
ds_v1_seed0/bedroom_v07,bedroom,0.7456417503393813,0.19865100087032203,0.3314576148121256,0.7497961956521739,0.24094477799036748,0.5308911178950428,computer_room
ds_v2_seed1/bedroom_v44,bedroom,0.7667286121685603,0.37897015508002413,0.549642287302486,0.7027853260869565,0.5916999113475178,0.5131667467563671,computer_room
ds_v2_seed1/bedroom_v38,bedroom,0.8270201965834164,0.31542487684729065,0.47957870099473376,0.7734205163043478,0.3890506329113924,0.6250127097102186,computer_room
ds_v1_seed0/bedroom_v63,bedroom,0.7653642041932187,0.3346651289233051,0.50149677498997,0.7256623641304348,0.4218368724365298,0.61824684218536,computer_room
ds_v2_seed1/bedroom_v63,bedroom,0.8572491899759284,0.4981031589698694,0.6649784508997054,0.7663213315217391,0.7111608770376543,0.6244283885128955,computer_room
ds_v2_seed1/bedroom_v04,bedroom,0.8945423187387475,0.17974366989684276,0.3047164811870694,0.9108695652173913,0.24683408456750375,0.398061613014884,computer_room
ds_v2_seed1/bedroom_v48,bedroom,0.6948791162884324,0.26184956208140137,0.41502500765540473,0.7079993206521739,0.36912183017611816,0.47396642834939384,computer_room
ds_v2_seed1/bedroom_v13,bedroom,0.8461253969953181,0.32448904210785523,0.4899837322798048,0.8136379076086957,0.411346964257843,0.6057924376508448,computer_room
ds_v1_seed0/bedroom_v59,bedroom,0.7298242227716686,0.3415537236272181,0.5091912721970525,0.6798573369565217,0.5129039026437264,0.5055320028952539,computer_room
ds_v1_seed0/bedroom_v54,bedroom,0.9229995931968551,0.4583251521696446,0.6285637348951497,0.8125849184782609,0.8256256079228933,0.507445652173913,computer_room
ds_v1_seed0/bedroom_v29,bedroom,0.8190174742840949,0.11131592421915003,0.20033173608551416,0.8526154891304348,0.1303357314148681,0.43272292993630573,computer_room
ds_v1_seed0/bedroom_v41,bedroom,0.8396114453684376,0.398669623059867,0.5700697526949906,0.7697010869565217,0.613903305107894,0.5320785984848485,computer_room
ds_v1_seed0/bedroom_v56,bedroom,0.8303184388457573,0.45645612886804116,0.6268038148499525,0.7461277173913043,0.6585007606357866,0.5980181982754513,computer_room
ds_v2_seed1/bedroom_v55,bedroom,0.8190181669005049,0.40224125004932326,0.573711905900892,0.7427139945652174,0.599083215796897,0.5504022460990228,computer_room
ds_v1_seed0/bedroom_v33,bedroom,0.8854122845838415,0.3499791057250313,0.5184955889181242,0.8414911684782609,0.48150632426216944,0.5616407734436124,computer_room
ds_v2_seed1/bedroom_v14,bedroom,0.833182077913195,0.37610249744684804,0.5466198893536635,0.7717391304347826,0.557681718061674,0.5359883567081238,computer_room
ds_v2_seed1/bedroom_v30,bedroom,0.7102928164485438,0.27870410709335025,0.4359164963141919,0.6906929347826087,0.3821133796698523,0.5073540014419611,computer_room
ds_v2_seed1/blue_bathroom_v51,blue_bathroom,0.9827452463709853,0.7348597327498633,0.8471690464393496,0.9423743206521739,0.7988447162759089,0.9017163678205006,computer_room
ds_v2_seed1/blue_bathroom_v23,blue_bathroom,0.9660756618024317,0.5165659715455077,0.6812311251044143,0.9157438858695652,0.5591182364729459,0.8715882933245643,computer_room
ds_v1_seed0/blue_bathroom_v42,blue_bathroom,0.9411469012955539,0.06909643128321943,0.12926136363636362,0.9583559782608696,0.07589658048373644,0.4354066985645933,computer_room
ds_v1_seed0/blue_bathroom_v14,blue_bathroom,0.9536498550495585,0.5044261065266317,0.6705894085967887,0.9439028532608695,0.7116850127011007,0.6339807656043749,computer_room
ds_v1_seed0/blue_bathroom_v19,blue_bathroom,0.9789001497951991,0.5989650711513583,0.7491909385113269,0.9315557065217391,0.6384174798472635,0.9064759036144578,computer_room
ds_v2_seed1/blue_bathroom_v36,blue_bathroom,0.9775555574276623,0.6747481108312342,0.8057905621357397,0.9298233695652174,0.7277358010017828,0.9026008213119933,computer_room
ds_v2_seed1/blue_bathroom_v29,blue_bathroom,0.9654390244827258,0.5975765306122449,0.7481037924151697,0.9356997282608696,0.6831935836675174,0.8266431407146008,computer_room
ds_v1_seed0/blue_bathroom_v53,blue_bathroom,0.9492639748224436,0.15498618437578499,0.2683775554588952,0.942866847826087,0.1699724517906336,0.637396694214876,computer_room
ds_v1_seed0/blue_bathroom_v11,blue_bathroom,0.9814534833671488,0.6106672932330827,0.7582786287381474,0.9437160326086956,0.6532612793766495,0.9035285937771598,computer_room
ds_v1_seed0/blue_bathroom_v50,blue_bathroom,0.9789190350176887,0.6875142142369798,0.8148247978436658,0.9533288043478261,0.7659951856075004,0.870303728228012,computer_room
ds_v2_seed1/blue_bathroom_v10,blue_bathroom,0.9589225528346377,0.4236512848109781,0.5951615951615952,0.927241847826087,0.47676003028009084,0.791802866482273,computer_room
ds_v1_seed0/blue_bathroom_v32,blue_bathroom,0.9782702446819507,0.7014094955489614,0.8245040331371267,0.9453125,0.7868511390824925,0.8659416141957642,computer_room
ds_v1_seed0/blue_bathroom_v09,blue_bathroom,0.9774503034264015,0.700857271770191,0.8241223804049872,0.9324388586956521,0.8299198575244879,0.8184053389532842,computer_room
ds_v2_seed1/blue_bathroom_v41,blue_bathroom,0.9823234902880904,0.7329145728643216,0.845875018123822,0.9458389945652174,0.8183093323358893,0.8753626087826348,computer_room
ds_v1_seed0/blue_bathroom_v28,blue_bathroom,0.9826833305917327,0.5819948186528497,0.7357733562597233,0.9451936141304348,0.6161546900713111,0.9130258077626499,computer_room
ds_v2_seed1/blue_bathroom_v33,blue_bathroom,0.9235371360679392,0.08281829419035847,0.15296803652968038,0.9495923913043478,0.0988929889298893,0.33753148614609574,computer_room
ds_v2_seed1/blue_bathroom_v09,blue_bathroom,0.9658383903126516,0.4603083952027413,0.6304262807978099,0.9358016304347826,0.5351925630810093,0.7668886774500476,computer_room
ds_v2_seed1/blue_bathroom_v30,blue_bathroom,0.9664223251426977,0.6041093377361952,0.7532021957913998,0.9266983695652173,0.6810754912099276,0.8424149398823229,computer_room
ds_v1_seed0/blue_bathroom_v18,blue_bathroom,0.9708803390855983,0.5591256471361656,0.7172297475359722,0.9088824728260869,0.5873618784530387,0.9208282582216809,computer_room
ds_v1_seed0/blue_bathroom_v37,blue_bathroom,0.9508861715184438,0.5130157605808394,0.6781367041198503,0.9065896739130435,0.6969806327438951,0.6602849002849003,computer_room
ds_v1_seed0/blue_bathroom_v22,blue_bathroom,0.972150957223234,0.6208095356344674,0.7660487206986364,0.9221976902173913,0.6795940558173251,0.8777062609713283,computer_room
ds_v1_seed0/blue_bathroom_v03,blue_bathroom,0.9356315121955964,0.052568218298555375,0.09988562714449103,0.9599014945652173,0.06020220588235294,0.2930648769574944,computer_room
ds_v1_seed0/blue_bathroom_v29,blue_bathroom,0.9767862735373704,0.6421241854542731,0.7820653165480752,0.918851902173913,0.6799111745578555,0.9203435319377349,computer_room
ds_v1_seed0/blue_bathroom_v16,blue_bathroom,0.9889596264324653,0.7067685831394704,0.8281949763094697,0.9550441576086957,0.7487384109846262,0.9265175718849841,computer_room
ds_v1_seed0/blue_bathroom_v47,blue_bathroom,0.9798486251134724,0.6773890584644283,0.8076707726763717,0.9533288043478261,0.7623199894305721,0.8587587438606935,computer_room
ds_v2_seed1/blue_bathroom_v48,blue_bathroom,0.9865947775468601,0.6557377049180327,0.792079207920792,0.9529211956521739,0.6900156821745949,0.9295774647887324,computer_room
ds_v1_seed0/blue_bathroom_v43,blue_bathroom,0.9780715386594735,0.7020742256534276,0.8249631127384011,0.9456012228260869,0.8041764329852973,0.846852911477617,computer_room
ds_v1_seed0/blue_bathroom_v44,blue_bathroom,0.9718650096515081,0.6081081081081081,0.7563025210084034,0.9408967391304348,0.7038581856100105,0.8171912832929782,computer_room
ds_v1_seed0/blue_bathroom_v08,blue_bathroom,0.9759936219703425,0.6823168392788646,0.8111632997400703,0.9296705163043478,0.7664598414339883,0.8614043583535109,computer_room
ds_v2_seed1/blue_bathroom_v28,blue_bathroom,0.9846141132600943,0.368280169529333,0.5383110531463972,0.9519021739130434,0.38085351787773936,0.9177320733740967,computer_room
ds_v2_seed1/blue_bathroom_v07,blue_bathroom,0.976224585063001,0.5924100968188105,0.7440421258346452,0.919921875,0.624021125478055,0.9212259712326926,computer_room
ds_v2_seed1/blue_bathroom_v20,blue_bathroom,0.9736641763786614,0.6552750019070868,0.7917415549103646,0.9232506793478261,0.7178672906568611,0.8825644713860064,computer_room
ds_v2_seed1/blue_bathroom_v53,blue_bathroom,0.9772176215231921,0.650323275862069,0.7881162259222985,0.9448879076086957,0.723621103117506,0.8652329749103943,computer_room
ds_v2_seed1/blue_bathroom_v25,blue_bathroom,0.9792240322811485,0.5661348949919225,0.7229707949197344,0.9270210597826087,0.5894039735099338,0.934811603867956,computer_room
ds_v2_seed1/blue_bathroom_v56,blue_bathroom,0.9679080311914583,0.6236460589901683,0.7682044439882998,0.9232846467391305,0.6897346111315886,0.8668210770121598,computer_room
ds_v1_seed0/computer_room_v17,computer_room,0.9914939233810558,0.8774624516019232,0.9347323573403434,0.9510869565217391,0.9138565161519032,0.9565842571547846,computer_room
ds_v1_seed0/computer_room_v40,computer_room,0.9903541323688796,0.7451807228915662,0.8539868829823956,0.9281589673913043,0.7556505803298718,0.9817460317460317,computer_room
ds_v2_seed1/computer_room_v29,computer_room,0.9909880909619623,0.663378216237835,0.7976276348481204,0.9142323369565217,0.6683231482103283,0.9889694921991454,computer_room
ds_v2_seed1/computer_room_v43,computer_room,0.9893590083448363,0.8745740396530359,0.9330909541614164,0.9449898097826087,0.944386368388041,0.9220625459296155,computer_room
ds_v1_seed0/computer_room_v43,computer_room,0.9907716916685588,0.8496407438715131,0.9187089403027706,0.951664402173913,0.8888520422262753,0.9506413666725779,computer_room
ds_v2_seed1/computer_room_v39,computer_room,0.9918082663798853,0.7877592262907184,0.8812811196339658,0.9250849184782609,0.7980891098761821,0.9838351060633376,computer_room
ds_v1_seed0/computer_room_v59,computer_room,0.991030830759381,0.8525453786772377,0.9204043134273728,0.9519870923913043,0.8927303511934022,0.9498489074848907,computer_room
ds_v2_seed1/computer_room_v07,computer_room,0.9887037652283698,0.7299925205684368,0.8439256376999568,0.914164402173913,0.7398743773012779,0.9820324852666379,computer_room
ds_v2_seed1/computer_room_v00,computer_room,0.9913726296904354,0.8554316398182569,0.9220837043633127,0.9465013586956522,0.8873179091688089,0.9596848934198332,computer_room
ds_v2_seed1/computer_room_v36,computer_room,0.9894554118515583,0.6764729984430058,0.8070192589695963,0.9329483695652174,0.6894679695982627,0.9728933411903359,computer_room
ds_v1_seed0/computer_room_v04,computer_room,0.9859721522141806,0.8351372305783843,0.9101632473721567,0.9097146739130435,0.9873867927987386,0.8441428168395975,computer_room
ds_v2_seed1/computer_room_v40,computer_room,0.99190128266871,0.7896480984693073,0.882461864033154,0.9320822010869565,0.8029095576830507,0.9795119404932794,computer_room
ds_v2_seed1/computer_room_v16,computer_room,0.9890285022132994,0.8896026397079472,0.9415764150768146,0.9465862771739131,0.9342008257151283,0.9490693929521028,computer_room
ds_v2_seed1/computer_room_v56,computer_room,0.9890641293913969,0.7731542268457732,0.8720665299612669,0.9237092391304348,0.788240745507903,0.9758429472879088,computer_room
ds_v1_seed0/computer_room_v42,computer_room,0.9909705619396633,0.85358591303455,0.9210103583891874,0.9515625,0.8926769032535166,0.9512013729977117,computer_room
ds_v2_seed1/computer_room_v06,computer_room,0.9911544308562182,0.7672379826635146,0.8682905077754864,0.9197350543478261,0.7759513847379956,0.9855750980640263,computer_room
ds_v2_seed1/computer_room_v63,computer_room,0.9881094181727947,0.8715490225339502,0.9313664905810825,0.9415251358695652,0.9065895684570009,0.9575357625937615,computer_room
ds_v1_seed0/computer_room_v12,computer_room,0.9922455014878487,0.8361747717533072,0.9107790659326721,0.9402683423913043,0.84967103706158,0.9813579706975727,computer_room
ds_v2_seed1/computer_room_v24,computer_room,0.987664114170504,0.8652093492517235,0.927734304568894,0.9319293478260869,0.9752463987869598,0.8846365449418885,computer_room
ds_v2_seed1/computer_room_v48,computer_room,0.9886578400230482,0.781298828125,0.8772237603135878,0.923930027173913,0.7978558962852157,0.9741263849993912,computer_room
ds_v1_seed0/computer_room_v29,computer_room,0.9917175787895944,0.685181498440507,0.8131842167441129,0.919429347826087,0.6906816509465517,0.9885112494016276,computer_room
ds_v1_seed0/computer_room_v64,computer_room,0.9878966391358353,0.8802397371556486,0.9363058547919428,0.9436650815217391,0.9370435852102391,0.9355692850838482,computer_room
ds_v1_seed0/computer_room_v26,computer_room,0.987335455000105,0.7072765072765073,0.8285435947394058,0.9043478260869565,0.7163613392293114,0.982385215131389,computer_room
ds_v2_seed1/computer_room_v22,computer_room,0.992675630653709,0.864468553992202,0.9273082693094512,0.9456861413043478,0.8825336390775754,0.976868923902112,computer_room
ds_v1_seed0/computer_room_v58,computer_room,0.9884332374010735,0.6878868258178603,0.8150864326872708,0.9100713315217391,0.6938993935069568,0.9875602944909876,computer_room
ds_v2_seed1/computer_room_v25,computer_room,0.9895236453313783,0.697382437985086,0.8217151566772761,0.9324558423913043,0.7119552551852715,0.9714861140555437,computer_room
ds_v1_seed0/computer_room_v53,computer_room,0.9901565589778134,0.7821523798717877,0.8777615076080729,0.9347826086956522,0.7969364161849711,0.976831514807992,computer_room
ds_v2_seed1/computer_room_v10,computer_room,0.9893571984597952,0.8807298287594406,0.9365830384477755,0.9458220108695652,0.9300379027163613,0.9432209497877793,computer_room
ds_v1_seed0/computer_room_v50,computer_room,0.9874674931351967,0.6264326127955897,0.7703148693247702,0.9125339673913043,0.6352335417432879,0.9783618443412258,computer_room
ds_v1_seed0/computer_room_v25,computer_room,0.9913878722073289,0.7150416817687568,0.8338475844287586,0.9332370923913044,0.7237508254457407,0.9834496510468594,computer_room
ds_v1_seed0/computer_room_v62,computer_room,0.9910151774634874,0.6049131477578312,0.7538266461371251,0.9076766304347826,0.6077844311377245,0.9922508345255127,computer_room
ds_v1_seed0/computer_room_v08,computer_room,0.9898586764438865,0.8682330900433238,0.9294697697739523,0.9426630434782609,0.9021778805207447,0.958464388814684,computer_room
ds_v2_seed1/computer_room_v55,computer_room,0.9898480057396373,0.8910698733838012,0.9423976193850079,0.9447690217391305,0.9593912290825158,0.925995544416597,computer_room
ds_v1_seed0/computer_room_v48,computer_room,0.9908840948227766,0.7403191547301345,0.8507855041622331,0.9190217391304348,0.7476486441889885,0.9869309518623394,computer_room
ds_v2_seed1/computer_room_v02,computer_room,0.9898494232240757,0.678895966029724,0.8087409580656583,0.9357846467391304,0.692600935713048,0.9716786191807463,computer_room
ds_v1_seed0/computer_room_v28,computer_room,0.9920568324831581,0.7501561090682023,0.8572447968285432,0.9388417119565218,0.7631820427754641,0.9777536625067824,computer_room
ds_v2_seed1/computer_room_v49,computer_room,0.9908240870801543,0.8985563516995517,0.946568007734067,0.9511888586956522,0.9368490781290252,0.9564907007326695,computer_room
ds_v2_seed1/computer_room_v08,computer_room,0.9891212589544616,0.808254067259213,0.8939607347149963,0.9373471467391304,0.8346752549651101,0.9623120242589269,computer_room
ds_v1_seed0/computer_room_v16,computer_room,0.9894469491796738,0.8800663664375444,0.9362077660110942,0.93984375,0.9751988593726549,0.9002147409254642,computer_room
ds_v2_seed1/computer_room_v46,computer_room,0.9906060491332247,0.790283229023019,0.8828583279018782,0.9328464673913044,0.8048398422729973,0.9776261400170593,computer_room
ds_v2_seed1/green_house_v56,green_house,0.9304053853877091,0.19577230067537935,0.3274407687229517,0.6885529891304348,0.19688616416001412,0.9719137818419333,computer_room
ds_v2_seed1/green_house_v33,green_house,0.9494489472193887,0.333966138468095,0.5007115680636636,0.7080332880434783,0.3349914503342142,0.9909184963788942,computer_room
ds_v1_seed0/green_house_v38,green_house,0.9642883455488401,0.3634290704444013,0.5331103440913781,0.7771569293478261,0.36429509312843456,0.9935013262599469,computer_room
ds_v2_seed1/green_house_v52,green_house,0.9366591868431746,0.253765727449938,0.4048056537102474,0.6424082880434783,0.254451117665873,0.9894969596462134,computer_room
ds_v2_seed1/green_house_v11,green_house,0.9334313436129765,0.42975369458128077,0.6011576626240354,0.7542459239130435,0.4350688210652304,0.9723584485064646,computer_room
ds_v1_seed0/green_house_v61,green_house,0.9647004483122601,0.4265,0.5979670522257272,0.8441576086956522,0.4271674491392801,0.9963498320922762,computer_room
ds_v1_seed0/green_house_v37,green_house,0.9376004576020314,0.33254681077789616,0.4991146398583425,0.7021399456521739,0.33361331704337205,0.990478349580594,computer_room
ds_v2_seed1/green_house_v04,green_house,0.9511234571731394,0.39883692755027866,0.5702407760263295,0.7893172554347826,0.4025827911754635,0.9772025647114699,computer_room
ds_v1_seed0/green_house_v62,green_house,0.9448509736849117,0.3372585023151844,0.5044028536461598,0.7180197010869566,0.33870515133293244,0.9874941561477326,computer_room
ds_v1_seed0/green_house_v56,green_house,0.9444501864420768,0.35024123649716066,0.5187832026309133,0.7415421195652174,0.352014762047805,0.9858190121379642,computer_room
ds_v1_seed0/green_house_v36,green_house,0.9214253213333136,0.24237734606519593,0.3901831385333015,0.6092221467391304,0.24325038828855622,0.9854082998661312,computer_room
ds_v1_seed0/green_house_v06,green_house,0.9303314943416552,0.3978337928318236,0.569214730495055,0.740336277173913,0.4035396108825057,0.9656787762906309,computer_room
ds_v2_seed1/green_house_v63,green_house,0.935696628368202,0.2666401389089857,0.4210195630444096,0.6556895380434783,0.267258883248731,0.9913920645595158,computer_room
ds_v2_seed1/green_house_v08,green_house,0.9431372533342636,0.4032038752443274,0.5746903673197468,0.7614639945652174,0.40662495714775454,0.9795602353669867,computer_room
ds_v2_seed1/green_house_v13,green_house,0.939303696370768,0.3952355829714703,0.5665503199534613,0.7469089673913043,0.3986818405108891,0.978597266881029,computer_room
ds_v1_seed0/green_house_v20,green_house,0.9322931655407264,0.26759900003623055,0.42221396518706944,0.6566745923913043,0.26825990629426505,0.9908773812718004,computer_room
ds_v2_seed1/green_house_v41,green_house,0.9411352329681996,0.34438882732795845,0.5123351523419736,0.70859375,0.3461080603663454,0.9857814721644974,computer_room
ds_v2_seed1/green_house_v45,green_house,0.9154141499286302,0.30381466102681515,0.4660396452169772,0.6953125,0.3060235312512215,0.9767935121646912,computer_room
ds_v2_seed1/green_house_v59,green_house,0.7737776829320764,0.214669881305638,0.35346209634323233,0.7123301630434783,0.24226885040029303,0.6533088754056724,computer_room
ds_v2_seed1/green_house_v27,green_house,0.931375596389985,0.2943989324239167,0.45488129671525535,0.6767153532608695,0.29545031806852423,0.9880567305299826,computer_room
ds_v2_seed1/green_house_v55,green_house,0.9571688969437423,0.37206287473667154,0.5423408527223338,0.7367527173913043,0.37375874979651635,0.9879518072289156,computer_room
ds_v1_seed0/green_house_v00,green_house,0.9372489982706939,0.329117182042137,0.49524178377780237,0.6901154891304347,0.33017336776097383,0.990373976543483,computer_room
ds_v1_seed0/green_house_v52,green_house,0.934488014759574,0.35239376611727774,0.521140772674515,0.7057065217391304,0.3554089709762533,0.9764913007456504,computer_room
ds_v2_seed1/green_house_v36,green_house,0.9358562452492554,0.423671903105888,0.5951819407008087,0.7551290760869566,0.42813863305865246,0.9759668508287292,computer_room
ds_v1_seed0/green_house_v10,green_house,0.9192289872360734,0.2610599078341014,0.41403252329618123,0.6187330163043478,0.2621991536630521,0.9836289222373806,computer_room
ds_v2_seed1/green_house_v37,green_house,0.9286390341139686,0.3877543483880498,0.5588227467468533,0.7184273097826087,0.3920104536120963,0.9727626459143969,computer_room
ds_v2_seed1/green_house_v40,green_house,0.9431074006801363,0.3432322250065452,0.511054184997494,0.701766304347826,0.3448055607739996,0.9868803097107216,computer_room
ds_v2_seed1/green_house_v09,green_house,0.9087094551080392,0.2129532858273951,0.3511318833389906,0.5779381793478261,0.21390170192460634,0.9796037296037297,computer_room
ds_v2_seed1/green_house_v28,green_house,0.964054857896748,0.36773940345368916,0.5377331420373027,0.7811141304347826,0.36864365102783514,0.9933739729658096,computer_room
ds_v2_seed1/green_house_v24,green_house,0.9564675915933848,0.3443567961165049,0.5122997066125029,0.7430876358695652,0.34523964715595534,0.9926286856571714,computer_room
ds_v2_seed1/green_house_v46,green_house,0.9384696422630131,0.40061349693251536,0.572054314498467,0.7511039402173914,0.40398416233605544,0.9795979597959796,computer_room
ds_v1_seed0/green_house_v30,green_house,0.942236748238856,0.4551304347826087,0.625552766822039,0.7871603260869565,0.4628581535196321,0.964614817545153,computer_room
ds_v1_seed0/green_house_v16,green_house,0.9220269159227689,0.40155348946687064,0.5730120077252499,0.7409137228260869,0.40845969672785315,0.9595950126558545,computer_room
ds_v1_seed0/green_house_v09,green_house,0.9497101520333748,0.3700004093830597,0.5401464216345436,0.7386379076086956,0.3720107017904919,0.9856052344601963,computer_room
ds_v2_seed1/green_house_v51,green_house,0.9315389608305403,0.2614388866025665,0.4145090013939556,0.6647248641304347,0.26231231231231233,0.9874240497385898,computer_room
ds_v2_seed1/green_house_v42,green_house,0.9228879469987575,0.28994584719775557,0.4495473167770978,0.6303328804347826,0.2917829355569417,0.9787468340491136,computer_room
ds_v2_seed1/green_house_v30,green_house,0.9626915351447659,0.39445324071709487,0.5657460991868728,0.7986413043478261,0.39637651406282076,0.9878485546175493,computer_room
ds_v1_seed0/green_house_v44,green_house,0.9267662438017912,0.2664862392315316,0.42082768999247555,0.6731827445652174,0.26784414390253247,0.9813307130825379,computer_room
ds_v2_seed1/green_house_v07,green_house,0.9560970313503571,0.36198294629898403,0.5315528322621467,0.7610903532608696,0.3632184954262049,0.9906901688182721,computer_room
ds_v2_seed1/gym_v06,gym,0.9370339016222221,0.48795567934865786,0.655873943183922,0.7158797554347827,0.49403452229694134,0.9754038179148311,computer_room
ds_v2_seed1/gym_v26,gym,0.9336710561769691,0.4869281045751634,0.654945054945055,0.7093580163043478,0.4952128308330284,0.96678373712721,computer_room
ds_v2_seed1/gym_v51,gym,0.9466147343605598,0.5450268817204301,0.7055241409308396,0.7700407608695652,0.5557649477471304,0.9657636201250372,computer_room
ds_v2_seed1/gym_v01,gym,0.9330540793202896,0.5520378568157533,0.7113716387670399,0.7507982336956521,0.5689025924993708,0.9490368970765759,computer_room
ds_v2_seed1/gym_v17,gym,0.9209566546972933,0.5551052086926527,0.7139133810236789,0.7371433423913043,0.5712806555631157,0.9514682696097754,computer_room
ds_v2_seed1/gym_v00,gym,0.9476911096868312,0.5488317143607246,0.7087041274684295,0.766508152173913,0.5598928690994308,0.9652545307630152,computer_room
ds_v2_seed1/gym_v04,gym,0.9565736754323512,0.3207252394852609,0.4856804881085792,0.7193953804347826,0.32199612003136996,0.9878434848676713,computer_room
ds_v2_seed1/gym_v54,gym,0.938361039170045,0.4693413853926874,0.638845934727761,0.6985394021739131,0.4754823272859436,0.9732192672493956,computer_room
ds_v2_seed1/gym_v35,gym,0.946408216205085,0.4440248085651918,0.6149822439773491,0.7274796195652173,0.44857882945953514,0.9776472383277388,computer_room
ds_v2_seed1/gym_v25,gym,0.935370772053945,0.4493326069190956,0.6200545061554364,0.7253396739130434,0.455694454036881,0.9698662354843451,computer_room
ds_v1_seed0/gym_v49,gym,0.9349438709306915,0.49748973071656777,0.6644315757391039,0.7195142663043478,0.5058474104325228,0.967856508613035,computer_room
ds_v1_seed0/gym_v27,gym,0.9415028708386813,0.4225796901213856,0.5941033645508151,0.7018851902173913,0.4259566284236355,0.9815847787881103,computer_room
ds_v2_seed1/gym_v24,gym,0.9388555156230849,0.4824247153548753,0.650858974972484,0.7521739130434782,0.4916497975708502,0.9625619249823072,computer_room
ds_v1_seed0/gym_v01,gym,0.931070919247344,0.47554439805934784,0.6445680640783009,0.6842221467391304,0.48088881282446233,0.977163391873877,computer_room
ds_v1_seed0/gym_v55,gym,0.9192782480305638,0.41916280235618497,0.590718417450435,0.68515625,0.4245636305934624,0.970545560069646,computer_room
ds_v2_seed1/gym_v55,gym,0.9370798701733647,0.35335233706899916,0.5221882393675341,0.71875,0.357075211111988,0.971339630742808,computer_room
ds_v2_seed1/gym_v09,gym,0.9298733312405025,0.4312009832611495,0.6025722289242849,0.6698879076086957,0.43532852753486173,0.9784846271332758,computer_room
ds_v1_seed0/gym_v59,gym,0.9559483997095322,0.4096958525345622,0.5812542496992521,0.7280570652173913,0.4117450907743609,0.98799786628734,computer_room
ds_v2_seed1/gym_v40,gym,0.9466415795458476,0.5550068230554293,0.713832010029252,0.7673913043478261,0.5659664700815056,0.9662857789342686,computer_room
ds_v2_seed1/gym_v05,gym,0.9541886314087744,0.46887862844053113,0.638417115426789,0.7479789402173913,0.4736423457950683,0.9790000747328301,computer_room
ds_v2_seed1/gym_v33,gym,0.945810653865835,0.47508369201339073,0.6441447283102062,0.7203804347826087,0.47928594403345126,0.9818792830785451,computer_room
ds_v1_seed0/gym_v22,gym,0.944831228182413,0.3223303133818506,0.48751860275742004,0.6900305706521739,0.32380916856279607,0.9860290776919582,computer_room
ds_v2_seed1/gym_v49,gym,0.9267268074228605,0.4963747376454875,0.6634364042078419,0.7310292119565217,0.5087513444802972,0.9532795895932576,computer_room
ds_v1_seed0/gym_v04,gym,0.9359886533591713,0.4491324200913242,0.6198638769851273,0.7438858695652174,0.4568254440068366,0.9638601442458451,computer_room
ds_v1_seed0/gym_v00,gym,0.9478763278201382,0.5498420844848007,0.709545946634401,0.7676120923913043,0.5611590504650303,0.964619646773635,computer_room
ds_v1_seed0/gym_v20,gym,0.9305584118215141,0.4842393787117405,0.6525084641428132,0.7123811141304348,0.4920924762464795,0.9680954700438383,computer_room
ds_v1_seed0/gym_v30,gym,0.9550716123668308,0.3444242472140994,0.5123743460114044,0.7182404891304348,0.34562614005868825,0.9900045433893685,computer_room
ds_v1_seed0/gym_v42,gym,0.9478277847080516,0.5271215654466187,0.6903465675209136,0.7623641304347826,0.5379203310915676,0.9633129516397999,computer_room
ds_v1_seed0/gym_v31,gym,0.9273128308440008,0.44548530609687326,0.6163816459674447,0.6994055706521739,0.45197075651621105,0.9687947128159705,computer_room
ds_v1_seed0/gym_v03,gym,0.9193392447613955,0.4280391926777752,0.5994782144251115,0.6688688858695652,0.43325019300433515,0.9726684887674155,computer_room
ds_v1_seed0/gym_v63,gym,0.9496148351786053,0.49174169311483906,0.6592853111024272,0.7334578804347827,0.4970050080193774,0.9789181870930308,computer_room
ds_v2_seed1/gym_v63,gym,0.9353761686721728,0.39129536533296605,0.5624907192001188,0.6997622282608695,0.39483010214717534,0.977632484514797,computer_room
ds_v2_seed1/gym_v13,gym,0.9525682553907827,0.4340338792436916,0.6053328105087736,0.7264945652173913,0.4373539202493094,0.9828107591914691,computer_room
ds_v2_seed1/gym_v37,gym,0.9466566480399278,0.4313169502205419,0.6026854501430773,0.7240998641304348,0.4345725169300226,0.9829278021539689,computer_room
ds_v1_seed0/gym_v50,gym,0.9359925142358795,0.40762020928291715,0.5791622009896701,0.6865658967391305,0.4105058994666236,0.9830469112865768,computer_room
ds_v2_seed1/gym_v58,gym,0.931511996591709,0.3832111593480891,0.554089166730982,0.7056216032608695,0.3869704265334723,0.9752762180764354,computer_room
ds_v1_seed0/gym_v07,gym,0.9330186451158939,0.3997075465700299,0.5711300872093023,0.6792798913043478,0.40240663103657953,0.9834962847086429,computer_room
ds_v1_seed0/gym_v39,gym,0.9527590073186009,0.5312870596442274,0.6939091613138354,0.7717730978260869,0.540371789413935,0.9693267150311824,computer_room
ds_v1_seed0/gym_v09,gym,0.9483425887091057,0.5216131687242799,0.6856054869209632,0.7532099184782609,0.5302366052006292,0.9697637409719672,computer_room
ds_v2_seed1/gym_v41,gym,0.9244115856481333,0.5106212917704203,0.6760414334846049,0.7296365489130435,0.5232320050401638,0.9549269863171208,computer_room
ds_v2_seed1/living_room_contemp_v02,living_room_contemp,0.9333297054921766,0.3834638099162203,0.5543532214831728,0.7712805706521739,0.3913104414856342,0.9503063308373043,computer_room
ds_v2_seed1/living_room_contemp_v51,living_room_contemp,0.9269087003883836,0.42679486670110056,0.5982568015371336,0.754976222826087,0.4387175821931795,0.9401365307194118,computer_room
ds_v1_seed0/living_room_contemp_v64,living_room_contemp,0.889564403758477,0.5480723885875972,0.7080707499571616,0.7395889945652174,0.5828240087760539,0.9018818508099719,computer_room
ds_v2_seed1/living_room_contemp_v06,living_room_contemp,0.9381552150590674,0.44389749529462863,0.6148601223302917,0.7390625,0.45159627352063925,0.9630153121319199,computer_room
ds_v1_seed0/living_room_contemp_v01,living_room_contemp,0.9129925049542239,0.5752165348175479,0.7303332870159001,0.7692764945652174,0.5984774546164356,0.9367075716686185,computer_room
ds_v1_seed0/living_room_contemp_v40,living_room_contemp,0.9475970720500286,0.2738397718434016,0.42994382479850196,0.7621603260869565,0.276260724000837,0.9689908256880734,computer_room
ds_v2_seed1/living_room_contemp_v57,living_room_contemp,0.9316835188578815,0.5299003322259136,0.6927252985884906,0.7740998641304347,0.5437171350861287,0.954238798370672,computer_room
ds_v1_seed0/living_room_contemp_v41,living_room_contemp,0.9446426791975867,0.42000147394796966,0.5915507577330288,0.7326766304347826,0.4237647321262594,0.979293753758914,computer_room
ds_v1_seed0/living_room_contemp_v62,living_room_contemp,0.9497422113437288,0.20859706092795421,0.34518876087253514,0.7557914402173913,0.20977472740355343,0.973792394655704,computer_room
ds_v2_seed1/living_room_contemp_v56,living_room_contemp,0.9093873262907144,0.5944925063969781,0.7456824086810332,0.7739130434782608,0.6183776932826363,0.9389915319476521,computer_room
ds_v2_seed1/living_room_contemp_v61,living_room_contemp,0.880107616368719,0.5464352454838892,0.7067030411776554,0.7279381793478261,0.5814002530577815,0.9008542220977455,computer_room
ds_v2_seed1/living_room_contemp_v41,living_room_contemp,0.9300564356179527,0.4878602815223058,0.6557877612313853,0.7664232336956521,0.4997329874885566,0.9535628502802241,computer_room
ds_v1_seed0/living_room_contemp_v47,living_room_contemp,0.9117251799674102,0.15253605833200276,0.26469637497113835,0.7295686141304348,0.1538213825676256,0.9480648362553754,computer_room
ds_v2_seed1/living_room_contemp_v33,living_room_contemp,0.9382711712361451,0.39091577359074553,0.562098411727073,0.7326256793478261,0.39621975608799653,0.96688995215311,computer_room
ds_v2_seed1/living_room_contemp_v42,living_room_contemp,0.9319547848120122,0.45395153626860946,0.6244383322894256,0.7657778532608696,0.4648852485605385,0.9507421842607181,computer_room
ds_v2_seed1/living_room_contemp_v35,living_room_contemp,0.9184360866147885,0.29823919320076453,0.4594518402505873,0.7069123641304348,0.3019100938580603,0.9608279837547491,computer_room
ds_v1_seed0/living_room_contemp_v21,living_room_contemp,0.9397311129965689,0.2776743974946671,0.4346559624880111,0.7297044836956522,0.28016668956358476,0.9689578713968958,computer_room
ds_v1_seed0/living_room_contemp_v17,living_room_contemp,0.8907056160476777,0.5933416488477073,0.7447764254161153,0.7674422554347826,0.6376954995212256,0.895076385466601,computer_room
ds_v1_seed0/living_room_contemp_v36,living_room_contemp,0.8574443619648792,0.546056608958505,0.7063863066778052,0.7194463315217391,0.5915748734742483,0.8764941996383044,computer_room
ds_v1_seed0/living_room_contemp_v15,living_room_contemp,0.935345879116264,0.38271500127345276,0.5535703321667588,0.753023097826087,0.38862068965517244,0.9618092596543631,computer_room
ds_v1_seed0/living_room_contemp_v28,living_room_contemp,0.9403672141735663,0.3741883880681284,0.5445954736878146,0.7740998641304347,0.3820435221213431,0.9479141835518474,computer_room
ds_v1_seed0/living_room_contemp_v65,living_room_contemp,0.9311988733829141,0.347756483556694,0.5160523993755515,0.7578125,0.3547333551066113,0.946470807917341,computer_room
ds_v2_seed1/living_room_contemp_v17,living_room_contemp,0.9107359113810977,0.5833333333333334,0.7368421052631579,0.7780230978260869,0.6112781452528897,0.9273261706872086,computer_room
ds_v2_seed1/living_room_contemp_v22,living_room_contemp,0.9344929370011723,0.4840981932166379,0.6523802743367032,0.7512228260869566,0.49373181507956465,0.961256031890342,computer_room
ds_v1_seed0/living_room_contemp_v08,living_room_contemp,0.8984070208645574,0.3061084713839305,0.46873361300471944,0.7246942934782609,0.31304994965634986,0.9324553396792281,computer_room
ds_v1_seed0/living_room_contemp_v35,living_room_contemp,0.9307251576939329,0.4219767663302228,0.59350725879895,0.7422554347826087,0.42990182763571455,0.9581423506010551,computer_room
ds_v1_seed0/living_room_contemp_v30,living_room_contemp,0.9035168686198555,0.17379045900530055,0.2961183704842429,0.7511548913043479,0.1765379768587467,0.9178082191780822,computer_room
ds_v1_seed0/living_room_contemp_v19,living_room_contemp,0.8997403908169889,0.4824767514975014,0.6509063309224038,0.7344089673913043,0.5053905085450827,0.9141011975672456,computer_room
ds_v2_seed1/living_room_contemp_v60,living_room_contemp,0.9125408845051687,0.595576965185023,0.7465349252092768,0.7804177989130435,0.6219376755732672,0.9335621475851924,computer_room
ds_v2_seed1/living_room_contemp_v26,living_room_contemp,0.9073371442294327,0.6016718851538961,0.751304796857422,0.7709748641304348,0.6280138126657212,0.9348295011244205,computer_room
ds_v1_seed0/living_room_contemp_v50,living_room_contemp,0.9320780140771217,0.3747324239244491,0.5451714346777394,0.7469938858695652,0.38061133137229824,0.9604130808950087,computer_room
ds_v1_seed0/living_room_contemp_v10,living_room_contemp,0.8635140080375917,0.5684720387494496,0.7248736664795058,0.7336956521739131,0.615696444007273,0.8811158981359041,computer_room
ds_v1_seed0/living_room_contemp_v54,living_room_contemp,0.898649317622707,0.5811890752612628,0.7351291307970008,0.7570142663043479,0.6098977052806193,0.9250768800670953,computer_room
ds_v1_seed0/living_room_contemp_v12,living_room_contemp,0.9359825985096639,0.4107512319903698,0.5823156098341421,0.7339673913043478,0.41608871275055254,0.9697158081705151,computer_room
ds_v1_seed0/living_room_contemp_v16,living_room_contemp,0.850069336815619,0.21797946848316224,0.357936195352501,0.7231317934782608,0.22681441549366077,0.8483943241224795,computer_room
ds_v2_seed1/living_room_contemp_v13,living_room_contemp,0.9302372055047836,0.3593160894344586,0.5286718699606529,0.7518002717391304,0.3655012486621477,0.9550221393614542,computer_room
ds_v1_seed0/living_room_contemp_v03,living_room_contemp,0.9189657071455253,0.4243753224736493,0.5958757018292841,0.7347316576086956,0.43534971644612475,0.9439298303139602,computer_room
ds_v2_seed1/living_room_contemp_v55,living_room_contemp,0.8705814901845879,0.19163663948416462,0.3216360308745126,0.7104279891304348,0.1969305724725944,0.8769798220872207,computer_room
ds_v1_seed0/living_room_contemp_v06,living_room_contemp,0.8550345514164573,0.22541672344097743,0.3679021497405486,0.7103600543478261,0.2335639324203492,0.8659919734775781,computer_room
ds_v1_seed0/living_room_contemp_v39,living_room_contemp,0.9396433026234244,0.4307385229540918,0.6021205357142857,0.7578125,0.4379591671063847,0.9631348745871642,computer_room
ds_v1_seed0/livingroom_v53,livingroom,0.91766508455156,0.4730509312675128,0.6422736936332103,0.7828125,0.4896357587648213,0.9331815964883758,computer_room
ds_v2_seed1/livingroom_v60,livingroom,0.945134999069087,0.5308239189715621,0.6935140121512867,0.8363620923913043,0.5505555555555556,0.9367534587952221,computer_room
ds_v1_seed0/livingroom_v16,livingroom,0.9219551883868627,0.5355432256840708,0.6975293390982088,0.8336616847826087,0.5824136152656009,0.8693610469591994,computer_room
ds_v2_seed1/livingroom_v61,livingroom,0.9102906780489816,0.4219865737375465,0.593516959345682,0.770414402173913,0.4392664797258201,0.9147279636666975,computer_room
ds_v1_seed0/livingroom_v12,livingroom,0.9532223452776726,0.5577874957950887,0.7161278381046398,0.8437160326086957,0.5750309635868219,0.9489820946774589,computer_room
ds_v1_seed0/livingroom_v59,livingroom,0.8888720737860342,0.48210290827740493,0.6505660377358491,0.7719599184782608,0.5142563258588768,0.8851983002832862,computer_room
ds_v2_seed1/livingroom_v25,livingroom,0.9221030354473052,0.47485148514851483,0.6439312567132116,0.8198369565217392,0.5069767441860465,0.8822663723325975,computer_room
ds_v2_seed1/livingroom_v52,livingroom,0.9030846186995024,0.47225020990764066,0.6415352590607087,0.7864979619565218,0.5002000978256036,0.8941971383147854,computer_room
ds_v1_seed0/livingroom_v15,livingroom,0.9417285224156383,0.4993489897285046,0.6660877396114756,0.8236752717391305,0.5159956149093083,0.9393142235123367,computer_room
ds_v1_seed0/livingroom_v43,livingroom,0.8775040762328962,0.3755886519392013,0.546076985165187,0.7230129076086956,0.39077437858508607,0.9062355658198614,computer_room
ds_v1_seed0/livingroom_v27,livingroom,0.9391236947078713,0.49471458773784355,0.6619519094766619,0.8376358695652174,0.5174987560126058,0.9182772490925145,computer_room
ds_v2_seed1/livingroom_v40,livingroom,0.9188931136144572,0.508871466886734,0.6745060504546386,0.83828125,0.5550492264416315,0.8594825333217179,computer_room
ds_v2_seed1/livingroom_v59,livingroom,0.8819816683885309,0.4139564256394064,0.5855292541313086,0.7478260869565218,0.43665431533369414,0.8884371029224905,computer_room
ds_v1_seed0/livingroom_v20,livingroom,0.9418181353040743,0.47763879745446564,0.6464892479505762,0.7978600543478261,0.4899162690195372,0.9501484197660206,computer_room
ds_v1_seed0/livingroom_v62,livingroom,0.9337110743815685,0.4968491346877351,0.6638600018850733,0.8182914402173913,0.5182223966253005,0.9233525607411291,computer_room
ds_v1_seed0/livingroom_v39,livingroom,0.9519929063136042,0.4621794871794872,0.6321788689171416,0.829008152173913,0.4742121129076459,0.94795661224937,computer_room
ds_v2_seed1/livingroom_v11,livingroom,0.9377220389256771,0.5531312381040806,0.7122788139646102,0.8365149456521739,0.5782015819867036,0.9273095182504475,computer_room
ds_v1_seed0/livingroom_v41,livingroom,0.9422450140816637,0.585885928669801,0.7388752470503682,0.8519021739130435,0.6225777149777957,0.9086021505376344,computer_room
ds_v2_seed1/livingroom_v43,livingroom,0.8966764870495785,0.5374123482127586,0.6991128292126707,0.8162533967391304,0.6202013224119215,0.801032438977758,computer_room
ds_v2_seed1/livingroom_v02,livingroom,0.9299128179888927,0.49511181031576584,0.6623074032318678,0.8473845108695652,0.534773637577376,0.8697196999605211,computer_room
ds_v1_seed0/livingroom_v14,livingroom,0.9521729023041081,0.5084027327581908,0.6740941549854536,0.8325747282608695,0.5219372344237956,0.9514699020065329,computer_room
ds_v1_seed0/livingroom_v61,livingroom,0.9162638320478007,0.28539156626506024,0.44405389572349147,0.6937669836956522,0.2869152920551438,0.98173142467621,computer_room
ds_v2_seed1/livingroom_v46,livingroom,0.9565368695221701,0.5590038927104997,0.717129566288138,0.8595448369565217,0.58058263181214,0.9376565295169946,computer_room
ds_v1_seed0/livingroom_v22,livingroom,0.9368954058615472,0.42344689378757516,0.5949598761086865,0.8045516304347826,0.4363673911921111,0.9346455822182904,computer_room
ds_v2_seed1/livingroom_v38,livingroom,0.9357782461233178,0.44503837719298245,0.6159537133643176,0.7936990489130434,0.45621019108280253,0.9478447017612144,computer_room
ds_v2_seed1/livingroom_v09,livingroom,0.8837288984103505,0.4501108647450111,0.620795107033639,0.743070652173913,0.4718591624433182,0.9071130320123068,computer_room
ds_v2_seed1/livingroom_v07,livingroom,0.9349248612609539,0.4113061317529063,0.5828730174112479,0.7806895380434783,0.41925740043682325,0.9559228650137741,computer_room
ds_v1_seed0/livingroom_v05,livingroom,0.9234098660152593,0.5411759335341916,0.7022896241225082,0.829296875,0.5839613812127481,0.8807578008915304,computer_room
ds_v2_seed1/livingroom_v28,livingroom,0.9257755620219709,0.5290328434041008,0.6919836230938112,0.8236752717391305,0.5624035493827161,0.8991518889745567,computer_room
ds_v2_seed1/livingroom_v26,livingroom,0.8147128334445286,0.051450907082465906,0.0978664942621626,0.6208220108695652,0.051842972729997,0.8718502519798416,computer_room
ds_v1_seed0/livingroom_v63,livingroom,0.9010831439806268,0.48479582971329277,0.6530134581626682,0.7885020380434783,0.5159387108136668,0.8892767701297716,computer_room
ds_v1_seed0/livingroom_v10,livingroom,0.895667395943202,0.5037328909166321,0.6699765549579368,0.7967900815217391,0.5504691111816162,0.8557638105975197,computer_room
ds_v2_seed1/livingroom_v12,livingroom,0.9310021269600229,0.41634085658432557,0.587910536716961,0.7768851902173913,0.4233949306465459,0.9615226759696286,computer_room
ds_v1_seed0/livingroom_v33,livingroom,0.9384385740723926,0.4242989711519064,0.5958004319960342,0.8061311141304348,0.4356584330174512,0.9421052631578948,computer_room
ds_v1_seed0/livingroom_v57,livingroom,0.9367260037085772,0.4004215479633351,0.5718585929296465,0.7922554347826087,0.409925732637495,0.9452672992362879,computer_room
ds_v2_seed1/livingroom_v10,livingroom,0.9117311866678638,0.45048324337893814,0.6211491865697473,0.7769361413043478,0.4721126019468561,0.9076884167931208,computer_room
ds_v1_seed0/livingroom_v45,livingroom,0.9307224155305209,0.49340369393139843,0.6607773851590106,0.8173913043478261,0.5171102661596958,0.9149847094801223,computer_room
ds_v2_seed1/livingroom_v13,livingroom,0.9507581109609224,0.5575618411439307,0.7159418347517255,0.8560122282608695,0.5812207594385812,0.9319609211444522,computer_room
ds_v2_seed1/livingroom_v30,livingroom,0.9221133850436665,0.48333034594013263,0.6516826777838197,0.8041779891304348,0.5067656455553468,0.9126755796243019,computer_room
ds_v1_seed0/minigym_v42,minigym,0.9351536168620909,0.6442211557688462,0.7836186190751269,0.7582540760869565,0.6539632599208363,0.9773985589685248,computer_room
ds_v2_seed1/minigym_v32,minigym,0.9622741751116201,0.5773444914157536,0.7320461631023355,0.750390625,0.579260199665301,0.9943043930464068,computer_room
ds_v1_seed0/minigym_v55,minigym,0.9264422965433998,0.4769923065757004,0.6458968058968059,0.6940387228260869,0.4815498695741376,0.9805442826450227,computer_room
ds_v1_seed0/minigym_v09,minigym,0.9190807421801384,0.5633110116980189,0.7206640361167396,0.7330842391304347,0.5752184769038702,0.9645541916452565,computer_room
ds_v1_seed0/minigym_v33,minigym,0.9518486008875422,0.5699851581230734,0.7261026069883284,0.7441236413043478,0.5727971546581,0.9914606295303346,computer_room
ds_v2_seed1/minigym_v21,minigym,0.9580018545888073,0.6275417084393717,0.7711528438077488,0.7539232336956522,0.6312087912087913,0.9908271775306438,computer_room
ds_v1_seed0/minigym_v27,minigym,0.9656079432378473,0.7935885167464115,0.8849170356933255,0.8900985054347826,0.7963828425096031,0.995598063147785,computer_room
ds_v1_seed0/minigym_v35,minigym,0.9488060577216028,0.5832684263666522,0.7367903214051453,0.7546535326086956,0.5877274577059474,0.9871594570842691,computer_room
ds_v2_seed1/minigym_v49,minigym,0.9365593088914134,0.6611972117756965,0.7960490266762797,0.7597826086956522,0.6697968988862197,0.9809517040406553,computer_room
ds_v2_seed1/minigym_v30,minigym,0.9408998079124975,0.48079351877522103,0.6493728027292962,0.7137398097826086,0.48356414784521484,0.9882233759655565,computer_room
ds_v1_seed0/minigym_v31,minigym,0.9199881378520394,0.6994500392829084,0.823148692947802,0.7855978260869565,0.7219669230580198,0.9573136954609144,computer_room
ds_v2_seed1/minigym_v15,minigym,0.9389816500500849,0.6801507537688443,0.8096306265889038,0.8054177989130434,0.6954895803596917,0.9685922156402815,computer_room
ds_v1_seed0/minigym_v29,minigym,0.9447933150994624,0.5343370005790388,0.6965053966337083,0.7268342391304348,0.536964301300515,0.9909261744966443,computer_room
ds_v2_seed1/minigym_v33,minigym,0.9408440768906567,0.09364328867874967,0.1712501501140867,0.8827955163043478,0.09368019971094468,0.9958100558659218,computer_room
ds_v1_seed0/minigym_v40,minigym,0.9512659597828951,0.4017493094830988,0.57321135350692,0.6909986413043478,0.4033008747318039,0.9905147952979327,computer_room
ds_v1_seed0/minigym_v00,minigym,0.9500673478508826,0.6209937256231982,0.7661889318966418,0.7722486413043478,0.627914951989026,0.9825596994902066,computer_room
ds_v1_seed0/minigym_v11,minigym,0.9731614625482388,0.44539729331368083,0.616297395012515,0.9297044836956522,0.44611461548785397,0.9964028776978417,computer_room
ds_v2_seed1/minigym_v37,minigym,0.9071550261543083,0.7187806129589028,0.8363843617266694,0.7952275815217391,0.7652404956420252,0.9221125074805505,computer_room
ds_v1_seed0/minigym_v28,minigym,0.9418609935368429,0.49262500386530195,0.6600787238450383,0.7213315217391304,0.4954285358875482,0.9886434156633983,computer_room
ds_v2_seed1/minigym_v52,minigym,0.9575079018723079,0.6355638418737437,0.7771801082929609,0.7875339673913043,0.6382972498537156,0.9933072300127481,computer_room
ds_v1_seed0/minigym_v50,minigym,0.9526435903961347,0.48124428179322964,0.6497838171710932,0.7207370923913043,0.48367049273891816,0.9896840329591903,computer_room
ds_v1_seed0/minigym_v07,minigym,0.9621607508448001,0.5727728075508846,0.7283605169176393,0.7493885869565218,0.5750203464713406,0.993222211065368,computer_room
ds_v2_seed1/minigym_v01,minigym,0.9164333388891142,0.6241261921467738,0.7685685941950142,0.7543478260869565,0.6446997557243712,0.9513567042978808,computer_room
ds_v2_seed1/minigym_v07,minigym,0.9575091606276835,0.4877620733962205,0.6556990289217028,0.7224014945652174,0.48968034231059654,0.9920326343297852,computer_room
ds_v2_seed1/minigym_v26,minigym,0.92662107046582,0.7410714285714286,0.8512820512820511,0.819242527173913,0.7719854021998074,0.9487339209518174,computer_room
ds_v2_seed1/minigym_v50,minigym,0.9253569918301108,0.6477483842269147,0.7862224480721589,0.7713654891304348,0.6631218022554981,0.9654459654459654,computer_room
ds_v1_seed0/minigym_v34,minigym,0.9554116707436249,0.44002868972712156,0.6111387819787185,0.7082880434782609,0.4411937761506276,0.9940344675209898,computer_room
ds_v2_seed1/minigym_v35,minigym,0.9365835375786922,0.5796749158002635,0.7339167191961141,0.75625,0.5856090416876238,0.9828194051343165,computer_room
ds_v1_seed0/minigym_v20,minigym,0.9433015259260877,0.580666180150125,0.7347107029201774,0.7267493206521739,0.5835865465213746,0.9914556539539852,computer_room
ds_v2_seed1/minigym_v53,minigym,0.9587777369657695,0.594920529065244,0.7460190250531377,0.7524116847826087,0.5972605796858872,0.9934573801679737,computer_room
ds_v1_seed0/minigym_v05,minigym,0.962362329734185,0.5772362486087517,0.7319591457753019,0.7548573369565217,0.5794766245221994,0.9933467741935483,computer_room
ds_v2_seed1/minigym_v45,minigym,0.9773528344930704,0.6325796505652621,0.7749449165879762,0.9514266304347826,0.6368339368856699,0.9895498392282959,computer_room
ds_v1_seed0/minigym_v17,minigym,0.9105672661812468,0.6696825017904035,0.8021674792330897,0.7649966032608696,0.6953795052302811,0.9477044694435999,computer_room
ds_v1_seed0/minimal_interior_v42,minimal_interior,0.920236228548317,0.3047960555804572,0.46719340432840956,0.7629245923913044,0.3102347037055812,0.9456118665018541,computer_room
ds_v1_seed0/minimal_interior_v65,minimal_interior,0.8789292795973571,0.0324360105913504,0.06283393887582817,0.7021059782608695,0.03256174548676487,0.8936170212765957,computer_room
ds_v1_seed0/minimal_interior_v13,minimal_interior,0.8806697980026869,0.2727311976513255,0.42857627463618164,0.7139096467391305,0.2808054765291607,0.9046255191178576,computer_room
ds_v2_seed1/minimal_interior_v10,minimal_interior,0.8971385096702446,0.3060351572687914,0.4686476555635434,0.7740489130434782,0.32074130767548653,0.8697005632967685,computer_room
ds_v2_seed1/minimal_interior_v04,minimal_interior,0.9378184088554673,0.2754029817901744,0.43186817926929216,0.7763077445652173,0.2783585409252669,0.9628774764377765,computer_room
ds_v2_seed1/minimal_interior_v53,minimal_interior,0.9048209328512271,0.31608527131782943,0.48034162862612273,0.760258152173913,0.3274771609276177,0.9008561170947252,computer_room
ds_v2_seed1/minimal_interior_v27,minimal_interior,0.9064542067270212,0.2848273007404682,0.44337056128293245,0.7359035326086957,0.29208130924869125,0.9197980098024655,computer_room
ds_v1_seed0/minimal_interior_v46,minimal_interior,0.9632097242395412,0.1469425882014802,0.25623355469239445,0.7983695652173913,0.14734490957561783,0.9817570811329813,computer_room
ds_v2_seed1/minimal_interior_v08,minimal_interior,0.9318691250390542,0.2617758890628495,0.41493246357287195,0.7197180706521739,0.2656015976035946,0.9478458049886621,computer_room
ds_v2_seed1/minimal_interior_v25,minimal_interior,0.941142321103083,0.16905258972064818,0.2892129767422084,0.7160835597826087,0.16993953929945535,0.9700513405590416,computer_room
ds_v2_seed1/minimal_interior_v33,minimal_interior,0.9207675187415852,0.2706049149338374,0.42594658930298296,0.7378736413043478,0.2756064690026954,0.937152209492635,computer_room
ds_v2_seed1/minimal_interior_v30,minimal_interior,0.921725388188318,0.1610231071065252,0.2773813994242083,0.705859375,0.16214634146341464,0.9587539659648111,computer_room
ds_v1_seed0/minimal_interior_v24,minimal_interior,0.8667249401574634,0.21448501275510204,0.35321146082903937,0.6653023097826087,0.21997383697162948,0.8957882470451141,computer_room
ds_v2_seed1/minimal_interior_v29,minimal_interior,0.8695298435655928,0.23084021980787786,0.3750937223093177,0.6885869565217392,0.23668817204301076,0.9033158240315168,computer_room
ds_v1_seed0/minimal_interior_v43,minimal_interior,0.922644982365522,0.2393320039880359,0.3862274244801094,0.7408457880434782,0.24315016459863256,0.9384284597341673,computer_room
ds_v2_seed1/minimal_interior_v22,minimal_interior,0.9637445467543744,0.19983395069612978,0.33310267738329696,0.787211277173913,0.20038424591738713,0.9864438839848676,computer_room
ds_v1_seed0/minimal_interior_v11,minimal_interior,0.9396553747300715,0.2910614525139665,0.45088706187797495,0.7413722826086957,0.29439186325752226,0.9625866050808314,computer_room
ds_v1_seed0/minimal_interior_v09,minimal_interior,0.9526567815042289,0.34398475165377285,0.5118878785350797,0.8012567934782608,0.34889406948314095,0.9607014247690622,computer_room
ds_v1_seed0/minimal_interior_v40,minimal_interior,0.9193880857629895,0.16759398887213353,0.28707579941213146,0.728125,0.16881416300020952,0.9586555621653777,computer_room
ds_v1_seed0/minimal_interior_v26,minimal_interior,0.9605987588459916,0.19333617591520985,0.32402633862487873,0.7750849184782609,0.19392680393474673,0.9844913151364765,computer_room
ds_v1_seed0/minimal_interior_v63,minimal_interior,0.9506282694659987,0.22285748675974965,0.36448644126187313,0.7806895380434783,0.22390857419276816,0.9793705368950013,computer_room
ds_v2_seed1/minimal_interior_v60,minimal_interior,0.8529721681750566,0.23725648317134249,0.3835202908991115,0.6947860054347826,0.24640747597637308,0.8646558391337974,computer_room
ds_v1_seed0/minimal_interior_v37,minimal_interior,0.9274289889074447,0.3244938973579726,0.4899892676066762,0.7659476902173913,0.3312981683515164,0.940474499218639,computer_room
ds_v2_seed1/minimal_interior_v51,minimal_interior,0.8567289352276687,0.22094460929772503,0.36192405063291144,0.7859714673913043,0.2386803793241619,0.748324958123953,computer_room
ds_v1_seed0/minimal_interior_v29,minimal_interior,0.9331837336590231,0.19235655841845808,0.3226493905037934,0.7300951086956522,0.19392355774157188,0.959685598377282,computer_room
ds_v2_seed1/minimal_interior_v37,minimal_interior,0.891343812419174,0.2429950654366016,0.3909831538249103,0.7003736413043479,0.24812688954125225,0.9215622457282343,computer_room
ds_v2_seed1/minimal_interior_v16,minimal_interior,0.9540463360246977,0.2167029941493633,0.3562134640769376,0.768070652173913,0.21804120736422924,0.9724581724581725,computer_room
ds_v1_seed0/minimal_interior_v23,minimal_interior,0.8460983582147353,0.18150055991041433,0.30723736588694694,0.6896569293478261,0.18747975755332438,0.8505457598656591,computer_room
ds_v1_seed0/minimal_interior_v04,minimal_interior,0.8816992492317709,0.24891168227085694,0.3986057393878623,0.7860903532608695,0.2642273849465088,0.8111154294597746,computer_room
ds_v2_seed1/minimal_interior_v35,minimal_interior,0.894801327994416,0.29868361325465276,0.4599790283117791,0.7638417119565217,0.31161860660913493,0.8779836916234247,computer_room
ds_v2_seed1/minimal_interior_v02,minimal_interior,0.964706410461465,0.03957546321280806,0.07613774009344176,0.8186480978260869,0.03961822438321628,0.9734513274336283,computer_room
ds_v1_seed0/minimal_interior_v31,minimal_interior,0.884717817880339,0.20863707668173848,0.34524354863337914,0.7086956521739131,0.2143229536944879,0.8871885422797724,computer_room
ds_v2_seed1/minimal_interior_v61,minimal_interior,0.9313006696984802,0.07097103338812992,0.13253585984226965,0.7216542119565217,0.071168713051387,0.962336664104535,computer_room
ds_v2_seed1/minimal_interior_v23,minimal_interior,0.8799179869721874,0.26821263316474764,0.4229773874676509,0.7690047554347826,0.28304565069270954,0.8365497566705823,computer_room
ds_v1_seed0/minimal_interior_v25,minimal_interior,0.9067433410350771,0.13871302542812664,0.24363122635920334,0.7181216032608696,0.1403444292764885,0.9226786330686918,computer_room
ds_v1_seed0/minimal_interior_v18,minimal_interior,0.8869436031008129,0.2940872441596031,0.4545091460979312,0.7680366847826087,0.3108100726498061,0.845342445401872,computer_room
ds_v2_seed1/minimal_interior_v40,minimal_interior,0.9054334742203565,0.26509026188660056,0.41908513546104986,0.7545516304347826,0.27395028640496083,0.8912634638399727,computer_room
ds_v1_seed0/minimal_interior_v44,minimal_interior,0.8732408993808721,0.1726245601037229,0.29442426157005214,0.6965353260869566,0.17635649746913287,0.8908004778972521,computer_room
ds_v2_seed1/minimal_interior_v26,minimal_interior,0.9228171421433806,0.17900707795793383,0.30365734235960323,0.7222316576086957,0.18009191454977022,0.967444384156267,computer_room
ds_v2_seed1/scandinavian_v01,scandinavian,0.8748001877853698,0.42101796144218523,0.5925582545274739,0.7760869565217391,0.46111298157856767,0.8288233768479295,computer_room
ds_v2_seed1/scandinavian_v02,scandinavian,0.9236678804489371,0.41538294050405533,0.5869548496269518,0.8175951086956522,0.4362815162083357,0.8966043943132417,computer_room
ds_v1_seed0/scandinavian_v17,scandinavian,0.8556579829684868,0.3825783091950152,0.553427327263315,0.7509341032608695,0.4151969295440007,0.8296357162421254,computer_room
ds_v1_seed0/scandinavian_v15,scandinavian,0.835680274187716,0.3643148904567397,0.5340627636700144,0.7092561141304348,0.38815477132457665,0.8557348451809856,computer_room
ds_v1_seed0/scandinavian_v10,scandinavian,0.867106640962818,0.4139709781613074,0.585543811796795,0.7935461956521739,0.46040426786767463,0.8041015076318008,computer_room
ds_v1_seed0/scandinavian_v18,scandinavian,0.7108882235583527,0.31827468132247577,0.4828654996289343,0.5976222826086957,0.34471904509614487,0.8057842208785605,computer_room
ds_v2_seed1/scandinavian_v50,scandinavian,0.8812711264978554,0.36298497029010834,0.5326323887677907,0.7523777173913043,0.3849860982391103,0.8639767054908486,computer_room
ds_v2_seed1/scandinavian_v31,scandinavian,0.8507768143524129,0.24457292055203284,0.3930230467228101,0.6560292119565218,0.2521923076923077,0.890050223971766,computer_room
ds_v2_seed1/scandinavian_v25,scandinavian,0.9085875134574668,0.38219455560496024,0.5530256996818815,0.7876188858695652,0.40295864152515887,0.881193757831188,computer_room
ds_v2_seed1/scandinavian_v16,scandinavian,0.8181329133267101,0.3321565550906555,0.49867495501390474,0.7397588315217392,0.36593680975703446,0.782523873087586,computer_room
ds_v1_seed0/scandinavian_v06,scandinavian,0.6743719392531289,0.2603690126336838,0.413163145116704,0.5853770380434783,0.28796407988205336,0.7309687845538828,computer_room
ds_v1_seed0/scandinavian_v50,scandinavian,0.8841946218632882,0.3355819391976974,0.5025254225873796,0.7490828804347827,0.35331439393939396,0.8698997435299604,computer_room
ds_v1_seed0/scandinavian_v13,scandinavian,0.822310240849806,0.3887430512662137,0.5598487796742092,0.7310801630434782,0.4324672535967361,0.7936007565608006,computer_room
ds_v2_seed1/scandinavian_v10,scandinavian,0.7248701409038455,0.297339542153766,0.45838353413654614,0.6335258152173913,0.3228669424702097,0.7899472272687948,computer_room
ds_v2_seed1/scandinavian_v30,scandinavian,0.8103768274759376,0.31146132875228744,0.47498362616396617,0.6868716032608696,0.3319931531388082,0.8343337334933973,computer_room
ds_v2_seed1/scandinavian_v61,scandinavian,0.8246647695238252,0.3231306398222464,0.4884334624216045,0.746484375,0.3567995193270579,0.7739763223634192,computer_room
ds_v1_seed0/scandinavian_v34,scandinavian,0.8475292947974776,0.2930823082703793,0.4533080475942863,0.6964504076086957,0.3042496407308561,0.8887023266970496,computer_room
ds_v1_seed0/scandinavian_v04,scandinavian,0.7417714419912492,0.34910995437311226,0.5175411436873318,0.6559612771739131,0.39101018461870657,0.7651408450704226,computer_room
ds_v1_seed0/scandinavian_v27,scandinavian,0.8659765473949417,0.3122841236945833,0.4759398030593919,0.7125679347826087,0.32693780311409854,0.8744879380974055,computer_room
ds_v2_seed1/scandinavian_v41,scandinavian,0.9115160788994849,0.4537333944113605,0.624231920592406,0.797469429347826,0.4808485848827613,0.8894576149425287,computer_room
ds_v1_seed0/scandinavian_v43,scandinavian,0.846469046221783,0.3899077428752848,0.5610555734709234,0.7225883152173913,0.4100479220677194,0.8881231921048154,computer_room
ds_v2_seed1/scandinavian_v24,scandinavian,0.7331387565034335,0.32429128394898565,0.4897582395648811,0.6526664402173913,0.36115097324943884,0.7606168629882207,computer_room
ds_v2_seed1/scandinavian_v32,scandinavian,0.8411698582046542,0.40085348506401136,0.5722989439480098,0.7853940217391304,0.4541254834550924,0.7736090775988287,computer_room
ds_v1_seed0/scandinavian_v55,scandinavian,0.9101156522016252,0.39124748490945677,0.5624412466555789,0.7944633152173913,0.41212313887564245,0.8853727945361411,computer_room
ds_v1_seed0/scandinavian_v64,scandinavian,0.8621274520233825,0.4000288101411697,0.5714579689268442,0.7877887228260869,0.444913217623498,0.7986004601226994,computer_room
ds_v1_seed0/scandinavian_v32,scandinavian,0.8984506559802179,0.350074892342258,0.5186007003432376,0.7641813858695652,0.3649716962717158,0.8955813675008981,computer_room
ds_v2_seed1/scandinavian_v54,scandinavian,0.8335804504819191,0.3174088728007408,0.48186843030128756,0.7245754076086957,0.3447629497554062,0.8000212179079143,computer_room
ds_v2_seed1/scandinavian_v37,scandinavian,0.7708710568251592,0.35135747338446105,0.5200067048202869,0.659561820652174,0.3758784228199536,0.8434053130340221,computer_room
ds_v2_seed1/scandinavian_v28,scandinavian,0.8766324961176885,0.40055774423442964,0.5719974715549937,0.7700067934782608,0.43074067022086826,0.8511098570353649,computer_room
ds_v2_seed1/scandinavian_v39,scandinavian,0.8034688091575862,0.32253063635021406,0.48774769746022895,0.68828125,0.34577183332673816,0.8275404867885217,computer_room
ds_v1_seed0/scandinavian_v60,scandinavian,0.8631832289882951,0.3842313573805883,0.5551548234070897,0.767476222826087,0.41949423029707833,0.8204955820207452,computer_room
ds_v1_seed0/scandinavian_v42,scandinavian,0.9046516336192627,0.4568662354013806,0.6271903683394922,0.7875339673913043,0.48479683036948307,0.8880168776371308,computer_room
ds_v2_seed1/scandinavian_v12,scandinavian,0.7647207082994635,0.28947731823517225,0.44898396294610593,0.6504585597826087,0.3078985054896633,0.8287210911247282,computer_room
ds_v1_seed0/scandinavian_v40,scandinavian,0.862237945020331,0.31332695679897976,0.4771499666201372,0.7073709239130435,0.3240859062615936,0.9041978148361127,computer_room
ds_v1_seed0/scandinavian_v07,scandinavian,0.7260731359803199,0.28167656478343334,0.43954391072295007,0.6076426630434782,0.30099345449712595,0.8144385507506967,computer_room
ds_v2_seed1/scandinavian_v65,scandinavian,0.8412189189330244,0.3325988389338531,0.49917323836174,0.7325067934782609,0.36173840906996035,0.805025641025641,computer_room
ds_v2_seed1/scandinavian_v42,scandinavian,0.9065053575516011,0.43547051388222985,0.6067286087326167,0.7800271739130434,0.4600331522239617,0.890781027104137,computer_room
ds_v1_seed0/scandinavian_v37,scandinavian,0.8710709632224041,0.4041760491299898,0.575677172930577,0.752836277173913,0.4361001899544993,0.846655231560892,computer_room
ds_v1_seed0/scandinavian_v45,scandinavian,0.8587672149755046,0.36362448837411826,0.5333205607178211,0.7517832880434783,0.3929142749600075,0.8298718076120442,computer_room
ds_v2_seed1/scandinavian_v46,scandinavian,0.8799272176821269,0.3872747178709786,0.5583244801942632,0.7528702445652173,0.41221818833759133,0.8648674064321986,computer_room
ds_v1_seed0/sunlight_v02,sunlight,0.9050020322840896,0.351494301294203,0.5201565422179123,0.5293817934782609,0.3523188439794506,0.9933858059395463,computer_room
ds_v1_seed0/sunlight_v20,sunlight,0.8882703692870104,0.3066565342325869,0.4693758860092327,0.5041440217391304,0.3071160157922276,0.9951448828606658,computer_room
ds_v2_seed1/sunlight_v49,sunlight,0.8911854290881204,0.3130509277002502,0.4768298336280755,0.4824898097826087,0.3140989391300414,0.9894541826991592,computer_room
ds_v2_seed1/sunlight_v55,sunlight,0.9103170254388416,0.15159846236192887,0.26328354425031164,0.4077615489130435,0.1517387492694331,0.9939384271813686,computer_room
ds_v1_seed0/sunlight_v59,sunlight,0.8953755457109653,0.1338279242908824,0.23606390603685465,0.4388417119565217,0.13390515161053404,0.9957089916130291,computer_room
ds_v2_seed1/sunlight_v31,sunlight,0.9182520947631989,0.13677110656328367,0.24063086363405856,0.49137228260869564,0.13681843084109455,0.9974774017237755,computer_room
ds_v2_seed1/sunlight_v22,sunlight,0.9060475627743546,0.33334901665568833,0.5000176435301176,0.5187160326086957,0.33389886422545834,0.9950842696629213,computer_room
ds_v1_seed0/sunlight_v04,sunlight,0.8990476189361998,0.22006665079742918,0.36074529314213255,0.44352921195652173,0.22041818658655796,0.9928049828178694,computer_room
ds_v1_seed0/sunlight_v32,sunlight,0.918937749821756,0.24374857922255058,0.39195796207448025,0.5479959239130435,0.24391492265696088,0.9972099511741456,computer_room
ds_v2_seed1/sunlight_v26,sunlight,0.914113833571702,0.3236842105263158,0.48906560636182894,0.5155061141304348,0.32443029251716843,0.9929454545454546,computer_room
ds_v1_seed0/sunlight_v21,sunlight,0.908518112295479,0.16922408408245296,0.2894639041159528,0.48046875,0.16928845056646832,0.9977582065652522,computer_room
ds_v2_seed1/sunlight_v42,sunlight,0.921766271310081,0.2824790457769181,0.44052032929051715,0.546382472826087,0.28264609429600557,0.997912119199013,computer_room
ds_v1_seed0/sunlight_v28,sunlight,0.9140817948673854,0.23904743049466867,0.3858567874181104,0.5430536684782609,0.2391827263208535,0.997639282341832,computer_room
ds_v2_seed1/sunlight_v16,sunlight,0.9003569686762144,0.33449150798911925,0.5013018156903049,0.5055366847826087,0.3354653828519028,0.9913956639566396,computer_room
ds_v2_seed1/sunlight_v33,sunlight,0.9021057840873198,0.25807171551852404,0.4102655076577376,0.4918648097826087,0.25825102982778303,0.9973167225682799,computer_room
ds_v1_seed0/sunlight_v42,sunlight,0.9097548633204127,0.30456812393887944,0.4669255952986152,0.5547724184782609,0.3049321399166025,0.9960957834461218,computer_room
ds_v2_seed1/sunlight_v65,sunlight,0.9220359716173514,0.3040338337496599,0.4662974623525396,0.522078804347826,0.30424452419255044,0.9977274571869167,computer_room
ds_v2_seed1/sunlight_v41,sunlight,0.9213219970435866,0.2635599902123379,0.41717052178590647,0.5399626358695652,0.2636962080409118,0.9980438587460105,computer_room
ds_v1_seed0/sunlight_v08,sunlight,0.906116162282761,0.19687225610479603,0.32897789233667096,0.42522078804347824,0.1970874017057468,0.9944857348357709,computer_room
ds_v2_seed1/sunlight_v53,sunlight,0.9031168147625578,0.3196686289403722,0.4844680277003328,0.5132302989130435,0.32049024274155163,0.9920441988950276,computer_room
ds_v1_seed0/sunlight_v11,sunlight,0.9104904123944598,0.30496745626557625,0.46739473049895247,0.5121433423913043,0.30521854946119387,0.9973097009020414,computer_room
ds_v2_seed1/sunlight_v05,sunlight,0.9175284540178068,0.2759577242087159,0.43254994890971143,0.5567085597826087,0.27613390329206683,0.9976933106007422,computer_room
ds_v1_seed0/sunlight_v43,sunlight,0.9104135496229282,0.15075942761405148,0.26201728006110075,0.4748641304347826,0.15084643288996372,0.9961887477313974,computer_room
ds_v2_seed1/sunlight_v02,sunlight,0.9183178188113091,0.20102011075488196,0.334748950421045,0.5344259510869566,0.20110803324099724,0.9978298611111112,computer_room
ds_v1_seed0/sunlight_v50,sunlight,0.9192565006181919,0.1957070014803443,0.32734942797533073,0.5017153532608696,0.19573919719236674,0.9991602519244227,computer_room
ds_v1_seed0/sunlight_v25,sunlight,0.9173375285118057,0.07631037260224934,0.14179993902270022,0.47413383152173916,0.07633086655526379,0.9964939618231399,computer_room
ds_v2_seed1/sunlight_v64,sunlight,0.9036544938146981,0.30433622091189244,0.46665302401726416,0.5130944293478261,0.30464670018703394,0.9966624284806103,computer_room
ds_v1_seed0/sunlight_v26,sunlight,0.9228439615635263,0.24667662819455893,0.39573474406397885,0.5033797554347826,0.24682288041657,0.9976036674307147,computer_room
ds_v1_seed0/sunlight_v44,sunlight,0.8844843862701817,0.27866169651786526,0.43586461888509664,0.4610054347826087,0.2793219721133692,0.9915884826916855,computer_room
ds_v2_seed1/sunlight_v21,sunlight,0.9164359205396854,0.33509670217670895,0.5019811697989749,0.5346467391304348,0.3354874760088433,0.9965360467633687,computer_room
ds_v1_seed0/sunlight_v19,sunlight,0.8903718881428976,0.308443633044272,0.4714664434212362,0.48532608695652174,0.3093826538787282,0.9902556963880138,computer_room
ds_v2_seed1/sunlight_v54,sunlight,0.9054692531333575,0.31776115914933395,0.48227428307943315,0.5041949728260869,0.3182818352059925,0.9948781737030804,computer_room
ds_v1_seed0/sunlight_v47,sunlight,0.9148060113974813,0.09425093734717166,0.17226567349472377,0.43381453804347825,0.09426886600179353,0.9979861910241657,computer_room
ds_v1_seed0/sunlight_v16,sunlight,0.8990054366188431,0.16998567335243553,0.2905773587216066,0.4096297554347826,0.1702051355616124,0.9924717691342535,computer_room
ds_v1_seed0/sunlight_v24,sunlight,0.9042607824712868,0.2953686309979359,0.45603795542028464,0.483984375,0.29584891635113475,0.9945338122754959,computer_room
ds_v2_seed1/sunlight_v23,sunlight,0.9139551965184083,0.21909617489256067,0.3594403450767445,0.5031419836956522,0.21914882255566828,0.9989047097480832,computer_room
ds_v2_seed1/sunlight_v19,sunlight,0.8919433099649151,0.24247900986021825,0.3903148591419628,0.4376358695652174,0.24297929896150935,0.9915801291046871,computer_room
ds_v1_seed0/sunlight_v07,sunlight,0.9114537325384259,0.2182613685267537,0.3583161613188107,0.44468410326086955,0.21844938980617373,0.9960720130932897,computer_room
ds_v2_seed1/sunlight_v25,sunlight,0.9155031076348642,0.2008942646679469,0.334574442694162,0.5264945652173914,0.20101525754273258,0.9970128022759601,computer_room
ds_v2_seed1/sunlight_v45,sunlight,0.9033856088166851,0.35323359641889507,0.5220585674988683,0.5337635869565217,0.3546960018925952,0.9884625527426161,computer_room
ds_v2_seed1/terrazzo_v37,terrazzo,0.9100823745119495,0.6371692864997736,0.7783792326840253,0.809476902173913,0.6845744865691351,0.9019733528684584,computer_room
ds_v2_seed1/terrazzo_v38,terrazzo,0.9089521025607359,0.41383379476240184,0.5854065680074476,0.780655570652174,0.42898141613737945,0.9213823767178658,computer_room
ds_v1_seed0/terrazzo_v07,terrazzo,0.9138747693856955,0.6195042261524256,0.7650541642910399,0.8180366847826087,0.6664374403056351,0.8979255675091368,computer_room
ds_v1_seed0/terrazzo_v15,terrazzo,0.9065567619513215,0.7169626031796587,0.8351522646467769,0.8188858695652174,0.793566392479436,0.8813376835236542,computer_room
ds_v1_seed0/terrazzo_v11,terrazzo,0.9264296528239259,0.7127649698282531,0.8322974633229746,0.8423573369565217,0.7895314160353751,0.8799617956064948,computer_room
ds_v2_seed1/terrazzo_v13,terrazzo,0.9360235143660095,0.7581315789473684,0.8624287146941281,0.8439028532608696,0.9014362151506617,0.8266571018651363,computer_room
ds_v1_seed0/terrazzo_v53,terrazzo,0.9479170533416579,0.6493719037508846,0.7874172007830726,0.8653702445652174,0.681474260780764,0.9323637749269655,computer_room
ds_v2_seed1/terrazzo_v03,terrazzo,0.9210054322215789,0.3389782670053627,0.5063237774030355,0.7613451086956522,0.34687590257052087,0.9370611183355007,computer_room
ds_v2_seed1/terrazzo_v10,terrazzo,0.9331106976402053,0.7956278168569142,0.8861834388927986,0.8351902173913044,0.9589298405929536,0.8236961451247166,computer_room
ds_v1_seed0/terrazzo_v60,terrazzo,0.9400283860346395,0.7885010266940452,0.8817451205510907,0.819819972826087,0.9788645250705341,0.8021579086133814,computer_room
ds_v2_seed1/terrazzo_v58,terrazzo,0.8834680570863074,0.7172408769757448,0.8353410247709535,0.8022078804347826,0.8311575037983231,0.8395668731881999,computer_room
ds_v1_seed0/terrazzo_v49,terrazzo,0.9688542724792842,0.8118373884524445,0.8961481793306671,0.8743036684782609,0.9637521504240485,0.8374069023392426,computer_room
ds_v1_seed0/terrazzo_v03,terrazzo,0.9159181646971017,0.7687608258040354,0.8692648713028519,0.8322180706521739,0.8879126226716051,0.8513842803815844,computer_room
ds_v2_seed1/terrazzo_v40,terrazzo,0.9041037777683262,0.6224906100246083,0.767327226645912,0.8019870923913044,0.6770796647178982,0.8853327193184435,computer_room
ds_v2_seed1/terrazzo_v07,terrazzo,0.9306964385506352,0.6848298080963721,0.8129364815430662,0.8471467391304348,0.7399167612561484,0.9019463149155982,computer_room
ds_v2_seed1/terrazzo_v43,terrazzo,0.9683801114485787,0.7980475298294054,0.8876823516507623,0.8956521739130435,0.9180247287026884,0.8592815430897186,computer_room
ds_v2_seed1/terrazzo_v47,terrazzo,0.9313535481093492,0.6463201043413452,0.7851694243871523,0.8388077445652173,0.6889648049574958,0.9126019468560905,computer_room
ds_v1_seed0/terrazzo_v19,terrazzo,0.9729679741811218,0.8135792642834896,0.897208388192417,0.9085088315217391,0.9176066507942703,0.8776973045620847,computer_room
ds_v1_seed0/terrazzo_v20,terrazzo,0.9019572256459789,0.5017996957215481,0.6682644791460763,0.771976902173913,0.5190573062603155,0.9378597683611901,computer_room
ds_v1_seed0/terrazzo_v04,terrazzo,0.918987773322488,0.7456148690402624,0.8542719041459595,0.8182235054347826,0.907358130386996,0.8070541020297909,computer_room
ds_v2_seed1/terrazzo_v63,terrazzo,0.8986398722630639,0.4568635175303513,0.6271878072763029,0.7424252717391304,0.4734986266795338,0.9285922259426409,computer_room
ds_v1_seed0/terrazzo_v05,terrazzo,0.9436592602974311,0.802030567210905,0.8901409130392819,0.8453464673913044,0.9554283642390966,0.8332053482699431,computer_room
ds_v1_seed0/terrazzo_v22,terrazzo,0.9499743728227513,0.6670284938941655,0.8002604590590917,0.8749660326086957,0.7027542170971124,0.9291834677419355,computer_room
ds_v2_seed1/terrazzo_v16,terrazzo,0.9018861530577609,0.5482825447741245,0.7082461100200703,0.7703974184782608,0.5764623221500088,0.9181401074306177,computer_room
ds_v1_seed0/terrazzo_v42,terrazzo,0.9028217246407231,0.747964518340761,0.8558120150525245,0.8002207880434783,0.9402591106203033,0.7852836640122374,computer_room
ds_v1_seed0/terrazzo_v58,terrazzo,0.8931064359250264,0.5715331487316592,0.7273574206092028,0.7713654891304348,0.6116561073642619,0.8970426616045559,computer_room
ds_v1_seed0/terrazzo_v23,terrazzo,0.9744700971025275,0.8326111329959698,0.9086610006944675,0.9061820652173913,0.9446488121841372,0.8753145806122774,computer_room
ds_v2_seed1/terrazzo_v04,terrazzo,0.9766241231129509,0.8018440700093835,0.8900260387184422,0.9175101902173913,0.9083514350418265,0.8724254261363636,computer_room
ds_v1_seed0/terrazzo_v55,terrazzo,0.8980100339043416,0.6629223216863991,0.7972980012850123,0.8017493206521739,0.7160412962789682,0.8993575178249628,computer_room
ds_v1_seed0/terrazzo_v41,terrazzo,0.9306403680760041,0.37067344907663385,0.5408632513110124,0.8066915760869565,0.37807353936386195,0.9498441484839898,computer_room
ds_v1_seed0/terrazzo_v47,terrazzo,0.8963861365281377,0.5078062449959968,0.6735696269746448,0.7494225543478261,0.5264759796631273,0.9347252072459319,computer_room
ds_v2_seed1/terrazzo_v48,terrazzo,0.9468744037159827,0.7210476605637895,0.8379171327859509,0.8695822010869565,0.7685070466160756,0.921110028307578,computer_room
ds_v1_seed0/terrazzo_v18,terrazzo,0.8914468572444383,0.7391355004077829,0.8500033496348899,0.8098675271739131,0.8450329008711405,0.8550326163135479,computer_room
ds_v1_seed0/terrazzo_v61,terrazzo,0.9360042326859187,0.3961020349670393,0.5674399507288032,0.8210767663043478,0.40468521229868226,0.9491758241758241,computer_room
ds_v2_seed1/terrazzo_v56,terrazzo,0.8991722011005586,0.4716594827586207,0.640989968514315,0.7501868206521739,0.4890684941711051,0.9298258037105226,computer_room
ds_v2_seed1/terrazzo_v55,terrazzo,0.8958050336435107,0.7182646485098397,0.8360349485543485,0.8062160326086957,0.8510781474004506,0.8215143042729249,computer_room
ds_v2_seed1/terrazzo_v51,terrazzo,0.8971038956018333,0.6546831790309006,0.7913094027030955,0.8048913043478261,0.7282819501103458,0.8662795322567814,computer_room
ds_v2_seed1/terrazzo_v19,terrazzo,0.8776331841001401,0.597249918152326,0.7478477993515449,0.7701766304347826,0.6504489319633076,0.8795529257067719,computer_room
ds_v2_seed1/terrazzo_v06,terrazzo,0.9158019923066181,0.6766711722782011,0.8071602631048571,0.8212466032608695,0.7256943300497479,0.9092297531577643,computer_room
ds_v2_seed1/terrazzo_v53,terrazzo,0.9619631306724101,0.7776345615360682,0.8749093636704589,0.8300611413043478,0.9818457308005275,0.7889788279858402,computer_room
ds_v2_seed1/bedroom_v36,bedroom,0.8239326304989898,0.2057800956106041,0.3413227608578122,0.8758491847826086,0.32688988608905767,0.3570889894419306,green_house
ds_v2_seed1/bedroom_v60,bedroom,0.8378907686692544,0.1616864510847319,0.2783650458069063,0.8956521739130435,0.2257572871023052,0.36294027565084225,green_house
ds_v2_seed1/bedroom_v58,bedroom,0.7620772174650186,0.21518691588785047,0.35416266102672567,0.657710597826087,0.6757153338224505,0.2399687337154768,green_house
ds_v1_seed0/bedroom_v40,bedroom,0.8103582509021369,0.27926348092941694,0.43660041124057575,0.7766304347826087,0.5613571271205111,0.3572129538763494,green_house
ds_v1_seed0/bedroom_v61,bedroom,0.9042140489784479,0.26681974741676234,0.4212434294000362,0.8915421195652173,0.3805469133780907,0.4716866247209255,green_house
ds_v1_seed0/bedroom_v12,bedroom,0.81154214993084,0.24723848614716,0.3964574359967092,0.7881963315217392,0.5314649020371092,0.3161469589379438,green_house
ds_v2_seed1/bedroom_v62,bedroom,0.8086177985492345,0.2522714092402861,0.40290213028712574,0.8029211956521739,0.5359342915811088,0.32278011377689836,green_house
ds_v1_seed0/bedroom_v32,bedroom,0.8296107868485284,0.2559563946954372,0.4075880273813252,0.7751188858695652,0.5672478206724783,0.31806438097898193,green_house
ds_v2_seed1/bedroom_v59,bedroom,0.8212317077328297,0.28662988352003566,0.4455514164428657,0.782608695652174,0.6834551495016611,0.33050575155838313,green_house
ds_v2_seed1/bedroom_v24,bedroom,0.7818102238551001,0.19411586290567182,0.3251206502413005,0.8646229619565218,0.41748206131767773,0.26622296173044924,green_house
ds_v1_seed0/bedroom_v46,bedroom,0.865877125239361,0.15966046887631366,0.2753572673405368,0.8940726902173913,0.19912619727776845,0.44615963855421686,green_house
ds_v1_seed0/bedroom_v58,bedroom,0.84886261324484,0.21206074714554926,0.34991768794585687,0.8792798913043478,0.3104511522233041,0.40088013411567475,green_house
ds_v1_seed0/bedroom_v14,bedroom,0.8300205253649207,0.2632108408781585,0.41673303040239845,0.7885360054347826,0.5079365079365079,0.353296266878475,green_house
ds_v2_seed1/bedroom_v08,bedroom,0.8509572081592061,0.25140548137737173,0.4017969956479011,0.8552649456521739,0.41732283464566927,0.3873849485652409,green_house
ds_v1_seed0/bedroom_v38,bedroom,0.8084455435548173,0.22793557514419416,0.3712500553906146,0.7590183423913044,0.5805959805959806,0.2728634705575821,green_house
ds_v2_seed1/bedroom_v47,bedroom,0.8532375869642208,0.3305204579665192,0.49682882512256166,0.7507302989130434,0.7435608004104669,0.37304365733113676,green_house
ds_v1_seed0/bedroom_v31,bedroom,0.8737692093311727,0.2805726784649036,0.43819875776397516,0.8156589673913044,0.5733441690369768,0.3546117114852978,green_house
ds_v2_seed1/bedroom_v50,bedroom,0.8112444361407792,0.2317741255794353,0.376325692781389,0.7213485054347826,0.64019658561821,0.26648721399730824,green_house
ds_v2_seed1/bedroom_v39,bedroom,0.8160140727580486,0.26207053469852104,0.4153025167664239,0.7245923913043478,0.6794478527607362,0.2990445529130751,green_house
ds_v1_seed0/bedroom_v48,bedroom,0.7286013439490571,0.21061043514126623,0.34794088837783743,0.7399626358695652,0.5386339662447257,0.25696672328112224,green_house
ds_v2_seed1/bedroom_v12,bedroom,0.8515555115899631,0.26544836379090525,0.41953250940354647,0.8532269021739131,0.41408114558472553,0.42512932208004356,green_house
ds_v2_seed1/bedroom_v11,bedroom,0.833270757236008,0.2056151940545004,0.3410958904109589,0.8856317934782608,0.32129032258064516,0.3635036496350365,green_house
ds_v1_seed0/bedroom_v07,bedroom,0.7931068237729076,0.21248978850866843,0.3505015720916305,0.8526494565217392,0.3613211915419046,0.3403110917284489,green_house
ds_v2_seed1/bedroom_v44,bedroom,0.7886191197655953,0.2423664948676859,0.39016907791528677,0.7029042119565218,0.7106031746031746,0.26890917827967326,green_house
ds_v2_seed1/bedroom_v38,bedroom,0.8301341582538638,0.2648756502529751,0.4188169014084507,0.8247961956521739,0.46961465571699307,0.3779359430604982,green_house
ds_v1_seed0/bedroom_v63,bedroom,0.8183743521314943,0.2688426162493613,0.4237603825824314,0.8055876358695652,0.6260597947344936,0.320270887231776,green_house
ds_v2_seed1/bedroom_v63,bedroom,0.843345286341315,0.30477773161611965,0.4671718779850984,0.7157948369565217,0.769133990354372,0.3354673495518566,green_house
ds_v2_seed1/bedroom_v04,bedroom,0.9150428597969984,0.21736490588949606,0.3571072319201995,0.9124320652173913,0.2790878970960826,0.49567324333679474,green_house
ds_v2_seed1/bedroom_v48,bedroom,0.7400966852898397,0.19348707551951344,0.3242382418515766,0.783797554347826,0.5115577889447236,0.23733291886851104,green_house
ds_v2_seed1/bedroom_v13,bedroom,0.8380621784996953,0.2550490478938257,0.40643678160919533,0.8465183423913043,0.4742489270386266,0.35559131134352373,green_house
ds_v1_seed0/bedroom_v59,bedroom,0.7513544735302505,0.21371724939640527,0.3521697487659324,0.7013247282608696,0.6125064069707842,0.2471305966290973,green_house
ds_v1_seed0/bedroom_v54,bedroom,0.8680960686436673,0.2263200732526198,0.36910440950761186,0.741694972826087,0.779568950411775,0.24179347826086955,green_house
ds_v1_seed0/bedroom_v29,bedroom,0.872791137594895,0.16473041406017278,0.2828644501278772,0.9047554347826087,0.20836473247927656,0.44028662420382164,green_house
ds_v1_seed0/bedroom_v41,bedroom,0.8051516644970541,0.23778337531486146,0.3842083842083842,0.7430366847826086,0.6150638519676831,0.2793560606060606,green_house
ds_v1_seed0/bedroom_v56,bedroom,0.8176860619991828,0.2743407494637675,0.4305610561056105,0.7069633152173913,0.7007197335911484,0.31075222714496686,green_house
ds_v2_seed1/bedroom_v55,bedroom,0.8078648200753081,0.24982196268337845,0.39977207977207974,0.731640625,0.6742696053305997,0.28410992926947787,green_house
ds_v1_seed0/bedroom_v33,bedroom,0.8689293838162496,0.25955672252683604,0.4121397915389332,0.8371603260869566,0.45647154692380826,0.3756566446853694,green_house
ds_v2_seed1/bedroom_v14,bedroom,0.8153974442690871,0.24511486299474122,0.3937224914417819,0.7683933423913043,0.6002440016266775,0.2929346387933316,green_house
ds_v2_seed1/bedroom_v30,bedroom,0.7524173895827363,0.204558635889108,0.33964081082382397,0.7670686141304348,0.5112335121032033,0.2542898341744773,green_house
ds_v2_seed1/blue_bathroom_v51,blue_bathroom,0.9614609098847686,0.5653176229508197,0.7223040418916707,0.9135360054347826,0.8376771255060729,0.634864320644357,green_house
ds_v2_seed1/blue_bathroom_v23,blue_bathroom,0.9494222154289996,0.46671959772396454,0.636412847347528,0.9315557065217391,0.7051179528188725,0.5799079250246629,green_house
ds_v1_seed0/blue_bathroom_v42,blue_bathroom,0.9004894440080409,0.055993987222848554,0.10604982206405693,0.9573369565217391,0.06229096989966555,0.35645933014354064,green_house
ds_v1_seed0/blue_bathroom_v14,blue_bathroom,0.9317852588940154,0.4185371006073409,0.590096798212956,0.9252038043478261,0.5826134901672486,0.5977748444276825,green_house
ds_v1_seed0/blue_bathroom_v19,blue_bathroom,0.9620669676216351,0.5299889611186066,0.6928010261343596,0.9349184782608696,0.7406582104902297,0.6507530120481928,green_house
ds_v2_seed1/blue_bathroom_v36,blue_bathroom,0.9515249270021762,0.5349742104786898,0.6970465129988799,0.9127207880434782,0.7918564157514064,0.6225123723281036,green_house
ds_v2_seed1/blue_bathroom_v29,blue_bathroom,0.930274141640521,0.4699261769333172,0.6393874526593116,0.9256114130434783,0.7264733395696913,0.5709454491986472,green_house
ds_v1_seed0/blue_bathroom_v53,blue_bathroom,0.9121554136997827,0.10259094477885371,0.1860906717303584,0.9417629076086956,0.12080123266563944,0.4049586776859504,green_house
ds_v1_seed0/blue_bathroom_v11,blue_bathroom,0.9581319985954309,0.49403553299492386,0.6613437526543787,0.9322860054347826,0.6466777408637874,0.6766904223883191,green_house
ds_v1_seed0/blue_bathroom_v50,blue_bathroom,0.9448623568533596,0.5041215261422516,0.6703202066859782,0.9284816576086956,0.7348094747682801,0.6162372247013099,green_house
ds_v2_seed1/blue_bathroom_v10,blue_bathroom,0.9476458426363773,0.3856437082243534,0.5566275167785235,0.9281929347826087,0.4774239971217845,0.6673371888358058,green_house
ds_v1_seed0/blue_bathroom_v32,blue_bathroom,0.944044638036814,0.48550436854646545,0.6536559283518246,0.9119904891304348,0.785289866709491,0.5598168288494562,green_house
ds_v1_seed0/blue_bathroom_v09,blue_bathroom,0.9503707810245955,0.48613797549967763,0.654229934924078,0.8917119565217392,0.8553601815087918,0.5296803652968036,green_house
ds_v2_seed1/blue_bathroom_v41,blue_bathroom,0.9617743781084942,0.5622309899569584,0.7197795890253702,0.917085597826087,0.8444444444444444,0.627188156446934,green_house
ds_v1_seed0/blue_bathroom_v28,blue_bathroom,0.9631271082680096,0.48739372618000587,0.6553661180644527,0.9406080163043479,0.6362418675851512,0.6756756756756757,green_house
ds_v2_seed1/blue_bathroom_v33,blue_bathroom,0.856583949049403,0.04938271604938271,0.09411764705882351,0.9516134510869565,0.06295193534666099,0.18639798488664988,green_house
ds_v2_seed1/blue_bathroom_v09,blue_bathroom,0.9198578396503607,0.2835676199709161,0.44184290030211487,0.9246942934782608,0.4692513368983957,0.4174595623215985,green_house
ds_v2_seed1/blue_bathroom_v30,blue_bathroom,0.9489361991214509,0.4881994459833795,0.6560941106395652,0.9215523097826087,0.7849634776411901,0.5635712458429266,green_house
ds_v1_seed0/blue_bathroom_v18,blue_bathroom,0.9459178100752964,0.511234125691957,0.6765783236371471,0.9235224184782609,0.7208448117539027,0.6374340235485181,green_house
ds_v1_seed0/blue_bathroom_v37,blue_bathroom,0.9217819581727376,0.4147195156560401,0.586292209963223,0.894921875,0.7093851132686084,0.4996011396011396,green_house
ds_v1_seed0/blue_bathroom_v22,blue_bathroom,0.9491436991815456,0.49575816674792783,0.6628854553751873,0.9121773097826087,0.7483073299970562,0.5949678174370977,green_house
ds_v1_seed0/blue_bathroom_v03,blue_bathroom,0.8650517001613083,0.018834399431414357,0.03697244506452738,0.9531080163043478,0.021900826446280993,0.1185682326621924,green_house
ds_v1_seed0/blue_bathroom_v29,blue_bathroom,0.9411812245873507,0.4987412101744943,0.6655468025949954,0.9019361413043478,0.722732419172223,0.6167471819645732,green_house
ds_v1_seed0/blue_bathroom_v16,blue_bathroom,0.9560088738092627,0.5162638355545516,0.6809683426443204,0.9272588315217392,0.6990365499311821,0.6638106302643044,green_house
ds_v1_seed0/blue_bathroom_v47,blue_bathroom,0.9475644972837728,0.49938149430974765,0.6661166570414981,0.9312669836956522,0.7473158089596446,0.6008334573597262,green_house
ds_v2_seed1/blue_bathroom_v48,blue_bathroom,0.9580853492666526,0.5119363395225465,0.6771929824561403,0.9375,0.6748251748251748,0.6795774647887324,green_house
ds_v1_seed0/blue_bathroom_v43,blue_bathroom,0.9427757571876716,0.48444835680751175,0.652698161692034,0.9104789402173913,0.7907088122605364,0.5557051497812184,green_house
ds_v1_seed0/blue_bathroom_v44,blue_bathroom,0.9373411888368793,0.4541418241786122,0.6246183372590073,0.9269191576086957,0.737384140061792,0.5417675544794189,green_house
ds_v1_seed0/blue_bathroom_v08,blue_bathroom,0.9446767543259272,0.4694330601092896,0.6389308541545613,0.8944633152173913,0.7985475671750182,0.5324939467312348,green_house
ds_v2_seed1/blue_bathroom_v28,blue_bathroom,0.9651748552827891,0.29915611814345994,0.4605391360831439,0.9435801630434782,0.32530396880018353,0.7882156753752084,green_house
ds_v2_seed1/blue_bathroom_v07,blue_bathroom,0.9514871822885518,0.5116877767480177,0.6769754768392371,0.9194633152173913,0.6862311835381854,0.6679661244790966,green_house
ds_v2_seed1/blue_bathroom_v20,blue_bathroom,0.9370185551473409,0.4780743156268772,0.646888063167673,0.8967051630434782,0.7436924309171005,0.5723826158430083,green_house
ds_v2_seed1/blue_bathroom_v53,blue_bathroom,0.9307735603264718,0.44697054541382014,0.6178018575851393,0.9161345108695652,0.6713204373423045,0.5721863799283154,green_house
ds_v2_seed1/blue_bathroom_v25,blue_bathroom,0.9593207679415193,0.5053535710083539,0.6714084727215883,0.9286005434782608,0.6319894055326662,0.7160720240080026,green_house
ds_v2_seed1/blue_bathroom_v56,blue_bathroom,0.9370493026555518,0.48645996860282575,0.6545214521452145,0.9111073369565217,0.7610130468150422,0.574174869716271,green_house
ds_v1_seed0/computer_room_v17,computer_room,0.9104534979498142,0.50193345514809,0.6683830810581413,0.8009341032608696,0.8568112577977659,0.5478918317176121,green_house
ds_v1_seed0/computer_room_v40,computer_room,0.9397626172984319,0.573473911220272,0.7289271301302063,0.8790760869565217,0.7004975852480608,0.7597619047619047,green_house
ds_v2_seed1/computer_room_v29,computer_room,0.9237103562019404,0.4928758545779822,0.660303873314787,0.8652004076086957,0.5799127950684108,0.7665706051873199,green_house
ds_v2_seed1/computer_room_v43,computer_room,0.9091614272883155,0.4888622939427866,0.6566924233781051,0.7751358695652174,0.8998720864127345,0.5169837511227239,green_house
ds_v1_seed0/computer_room_v43,computer_room,0.9431929600631365,0.6075045574235366,0.7558355646558513,0.868359375,0.8090774210952253,0.709168292250399,green_house
ds_v2_seed1/computer_room_v39,computer_room,0.9258567479175631,0.5841881168956842,0.7375236699040988,0.8540421195652174,0.7498913110986896,0.725557358331831,green_house
ds_v1_seed0/computer_room_v59,computer_room,0.9462857157352199,0.6110515842645033,0.7585748218527317,0.8705332880434783,0.8335769471705993,0.6959553695955369,green_house
ds_v2_seed1/computer_room_v07,computer_room,0.9280334345025166,0.5560504427153207,0.7146946235817497,0.8594938858695652,0.6869986077040376,0.7447175506683915,green_house
ds_v2_seed1/computer_room_v00,computer_room,0.9184355760488717,0.5416988592464664,0.702729791875479,0.8287364130434782,0.822,0.6136855112758727,green_house
ds_v2_seed1/computer_room_v36,computer_room,0.9281371239102663,0.4718520986009327,0.641167817132511,0.8922894021739131,0.6166068124931984,0.6677666470241603,green_house
ds_v1_seed0/computer_room_v04,computer_room,0.9165726579703181,0.4733842052036407,0.6425808061899413,0.7081521739130435,0.9548742041169562,0.48421679571173315,green_house
ds_v2_seed1/computer_room_v40,computer_room,0.9190070499825348,0.5509992751372061,0.7105087461610362,0.8527173913043479,0.7274094326725906,0.6943755709252251,green_house
ds_v2_seed1/computer_room_v16,computer_room,0.8896174359768315,0.4912941833280994,0.6588829874353634,0.7523947010869565,0.8780244449987528,0.5272815788488184,green_house
ds_v2_seed1/computer_room_v56,computer_room,0.9020199568049577,0.5025164338537387,0.6688997504870631,0.8354789402173913,0.7211821933962265,0.6236853846644146,green_house
ds_v1_seed0/computer_room_v42,computer_room,0.926964386490012,0.5498872463041844,0.7095835488877393,0.8474524456521739,0.815957763236169,0.627745995423341,green_house
ds_v2_seed1/computer_room_v06,computer_room,0.9174180954673457,0.5483680401713189,0.7083174360930943,0.8441915760869565,0.7119391537773233,0.7047323801088194,green_house
ds_v2_seed1/computer_room_v63,computer_room,0.9202944008707019,0.594230984235829,0.7454766468745617,0.8150815217391304,0.8674718459278603,0.6535639627823093,green_house
ds_v1_seed0/computer_room_v12,computer_room,0.9256830277729534,0.5668600603388257,0.7235618223828427,0.8415081521739131,0.7896676580887108,0.6676689263065821,green_house
ds_v2_seed1/computer_room_v24,computer_room,0.9102009844993518,0.487114085066914,0.655113269329294,0.7370414402173913,0.9300487002719625,0.5056392270132728,green_house
ds_v2_seed1/computer_room_v48,computer_room,0.9021063349184422,0.4970032737345757,0.6639975776334825,0.8303838315217391,0.7421222832217793,0.6007549007670766,green_house
ds_v1_seed0/computer_room_v29,computer_room,0.9559802102604237,0.5935412026726058,0.7449336128581412,0.8946161684782609,0.6527157470105173,0.867496409765438,green_house
ds_v1_seed0/computer_room_v64,computer_room,0.8910657137904827,0.47319731793897235,0.6424086063379253,0.7504755434782608,0.8782192054302256,0.5064277217084309,green_house
ds_v1_seed0/computer_room_v26,computer_room,0.9025999457686559,0.4996555561443485,0.6663604240282686,0.8396399456521739,0.6526162790697675,0.6806959283857926,green_house
ds_v2_seed1/computer_room_v22,computer_room,0.9055186673547257,0.5408857536419418,0.7020452390627117,0.8131963315217391,0.8081576649619558,0.6205641492265697,green_house
ds_v1_seed0/computer_room_v58,computer_room,0.9280212776246006,0.531197979450089,0.6938331771321462,0.8612941576086957,0.6228294521469915,0.7831090801387831,green_house
ds_v2_seed1/computer_room_v25,computer_room,0.921772601244344,0.4746390225842281,0.643735877479287,0.879500679347826,0.6115828642305123,0.6794572821708713,green_house
ds_v1_seed0/computer_room_v53,computer_room,0.9195372618927763,0.5225580620068897,0.6864211947596979,0.8540591032608695,0.7077281962525397,0.6663596429077512,green_house
ds_v2_seed1/computer_room_v10,computer_room,0.9170642098231049,0.5455088702147526,0.7059278412798143,0.7933254076086956,0.8902297799719632,0.5848482421718587,green_house
ds_v1_seed0/computer_room_v50,computer_room,0.9090734626778791,0.4288278854065375,0.6002512825882107,0.8703125,0.5579562043795621,0.6494845360824743,green_house
ds_v1_seed0/computer_room_v25,computer_room,0.956454419749962,0.5833104960263086,0.7368238857637386,0.8967051630434782,0.6509174311926605,0.8488534396809572,green_house
ds_v1_seed0/computer_room_v62,computer_room,0.9537013264442125,0.5351485509891233,0.6971944840703757,0.8918478260869566,0.5798924220851132,0.8739866475917978,green_house
ds_v1_seed0/computer_room_v08,computer_room,0.9290992561134813,0.5941628024782761,0.7454229913715137,0.8231148097826086,0.8613715964297819,0.6569865138523848,green_house
ds_v2_seed1/computer_room_v55,computer_room,0.9379057553674581,0.5737978442953916,0.7291887536576056,0.7830842391304348,0.932787240967777,0.5985449735449735,green_house
ds_v1_seed0/computer_room_v48,computer_room,0.9099166949145603,0.5057006458859871,0.6717147226677608,0.8505264945652173,0.6907026695305308,0.65374283017498,green_house
ds_v2_seed1/computer_room_v02,computer_room,0.9295044916862139,0.4687551798441903,0.6383026746416882,0.8911345108695652,0.5956819378620326,0.687492403063085,green_house
ds_v1_seed0/computer_room_v28,computer_room,0.9343713990051989,0.5293431035600804,0.6922489823609226,0.8767323369565218,0.6516844962478046,0.7381985892566467,green_house
ds_v2_seed1/computer_room_v49,computer_room,0.8982358934102885,0.5021366024518389,0.6685631674672388,0.75859375,0.8810767623379018,0.5386436220176593,green_house
ds_v2_seed1/computer_room_v08,computer_room,0.9355798543076235,0.5960127511005414,0.7468771796335045,0.8644021739130435,0.7657154001170123,0.7289436227489324,green_house
ds_v1_seed0/computer_room_v16,computer_room,0.9410882137350424,0.5515055998926967,0.7109295640709763,0.772843070652174,0.9453928838305455,0.5696522582432807,green_house
ds_v2_seed1/computer_room_v46,computer_room,0.908837748809713,0.5107656758743829,0.6761679644048944,0.8417798913043478,0.7190064315812819,0.6381471032084509,green_house
ds_v2_seed1/green_house_v56,green_house,0.9653372428033473,0.3963202853656247,0.5676638655462185,0.8907778532608696,0.4106205018478895,0.9192249074678859,green_house
ds_v2_seed1/green_house_v33,green_house,0.9832182221590169,0.658205758705481,0.7938770629036116,0.9268172554347827,0.6798295920039324,0.9539027474422347,green_house
ds_v1_seed0/green_house_v38,green_house,0.9899900595086173,0.6788091715976331,0.8086793699746667,0.9409986413043478,0.6914673196458844,0.9737400530503979,green_house
ds_v2_seed1/green_house_v52,green_house,0.9851742292205099,0.594344429347826,0.745565912117177,0.9188688858695652,0.6065516942542681,0.9672470978441128,green_house
ds_v2_seed1/green_house_v11,green_house,0.9760221721304211,0.6693206626428663,0.8019078390645434,0.9125339673913043,0.7051342758574037,0.9294694605439144,green_house
ds_v1_seed0/green_house_v61,green_house,0.9831370015694705,0.5713918188834577,0.7272429600523903,0.9151154891304348,0.5806535947712418,0.9728427507665353,green_house
ds_v1_seed0/green_house_v37,green_house,0.9845628085250173,0.6369919001263283,0.7782468564165418,0.9170346467391305,0.6490497463466344,0.9716617547041487,green_house
ds_v2_seed1/green_house_v04,green_house,0.9801978305226147,0.6431742956325179,0.7828436670924633,0.9249320652173914,0.6677003017096882,0.9459748278318689,green_house
ds_v1_seed0/green_house_v62,green_house,0.9870565477175876,0.6587395957193817,0.7942652329749104,0.9268851902173914,0.6718408925539655,0.9712482468443198,green_house
ds_v1_seed0/green_house_v56,green_house,0.9799804761304846,0.6335368793186565,0.775662780974866,0.9225373641304347,0.6565362198168193,0.9476024516284101,green_house
ds_v1_seed0/green_house_v36,green_house,0.9801391196635079,0.5885025192037664,0.7409525790349418,0.9153872282608696,0.6057643257949329,0.9538152610441767,green_house
ds_v1_seed0/green_house_v06,green_house,0.9782502608232775,0.677078965758211,0.8074503104296011,0.9215183423913044,0.7156363099194918,0.9262906309751434,green_house
ds_v2_seed1/green_house_v63,green_house,0.9869396956537113,0.6235945338176786,0.7681653526528871,0.9260869565217391,0.6359707153567963,0.9697377269670477,green_house
ds_v2_seed1/green_house_v08,green_house,0.9822613423307285,0.6740735326365032,0.8053093481203336,0.9242697010869565,0.6977905569007264,0.9519975224527718,green_house
ds_v2_seed1/green_house_v13,green_house,0.9828276035631595,0.670648102339388,0.8028598020137067,0.9208559782608695,0.6933362560280578,0.9534766881028939,green_house
ds_v1_seed0/green_house_v20,green_house,0.9791444083950315,0.55381183167936,0.71284285572829,0.9014945652173914,0.5648932831136221,0.9657901797692514,green_house
ds_v2_seed1/green_house_v41,green_house,0.982676302704957,0.6392487989518125,0.7799289520426288,0.9158288043478261,0.6564999626224116,0.9605162419337198,green_house
ds_v2_seed1/green_house_v45,green_house,0.9797323459484665,0.5895316804407713,0.7417677642980935,0.9088994565217391,0.6039037391236184,0.9611977542108546,green_house
ds_v2_seed1/green_house_v59,green_house,0.9121478904075689,0.419989904088844,0.5915392819054389,0.882914402173913,0.5098559901950771,0.7043883166360942,green_house
ds_v2_seed1/green_house_v27,green_house,0.9839085662093295,0.6161999683594368,0.7625293657008613,0.9175951086956522,0.6285299338389543,0.9691465538691216,green_house
ds_v2_seed1/green_house_v55,green_house,0.9873961775049305,0.6930930466393379,0.8187300137048881,0.9326086956521739,0.7115292996665079,0.9639629948364888,green_house
ds_v1_seed0/green_house_v00,green_house,0.9847310086729565,0.6347318339100346,0.7765577457335626,0.9139436141304348,0.6455751887968326,0.9742199601681788,green_house
ds_v1_seed0/green_house_v52,green_house,0.9802982428129643,0.6524639552399397,0.7896861570516995,0.9177139945652174,0.6797698228831925,0.9420049710024855,green_house
ds_v2_seed1/green_house_v36,green_house,0.9711335257408861,0.6512151215121512,0.7887707822294904,0.9078634510869565,0.6833299601969912,0.9326887661141805,green_house
ds_v1_seed0/green_house_v10,green_house,0.9793656253127994,0.607372175980975,0.7557330966119249,0.9158797554347826,0.6273129196004585,0.9502666501302245,green_house
ds_v2_seed1/green_house_v37,green_house,0.9762700528654921,0.6631634609029017,0.7974723789841826,0.9134510869565218,0.6982878619153675,0.9294978691865852,green_house
ds_v2_seed1/green_house_v40,green_house,0.9813275196680498,0.6535764375876578,0.7905004240882104,0.9202955163043478,0.6757746908868875,0.952145391977632,green_house
ds_v2_seed1/green_house_v09,green_house,0.97624396091995,0.5499145299145299,0.7096062644755706,0.9105638586956522,0.5708961845607808,0.9373543123543123,green_house
ds_v2_seed1/green_house_v28,green_house,0.9900024231324328,0.6760861561119293,0.806743917842825,0.940234375,0.6888305354965769,0.973363371322555,green_house
ds_v2_seed1/green_house_v24,green_house,0.9833838449220236,0.6369342583415923,0.7782038345105954,0.9253396739130435,0.6526743398781314,0.9635182408795602,green_house
ds_v2_seed1/green_house_v46,green_house,0.9703557117439204,0.6362243120863811,0.7776737057220707,0.9113111413043479,0.6770702053525095,0.9133913391339133,green_house
ds_v1_seed0/green_house_v30,green_house,0.974834816531492,0.6708535926526202,0.8030070325761861,0.9172214673913044,0.715190784737221,0.9154072981938813,green_house
ds_v1_seed0/green_house_v16,green_house,0.9738963962864307,0.6628723331742894,0.7972618462042957,0.9159986413043478,0.7083545779007939,0.911690259679385,green_house
ds_v1_seed0/green_house_v09,green_house,0.9844800837222302,0.6757318952234207,0.8064916555560665,0.928515625,0.6971623877275256,0.9564885496183206,green_house
ds_v2_seed1/green_house_v51,green_house,0.9827131654306346,0.5644411227370869,0.7215881947024789,0.9109205163043478,0.5778779119197416,0.960435212660732,green_house
ds_v2_seed1/green_house_v42,green_house,0.9737554605014858,0.5969595067955724,0.7476200921254662,0.9022927989130435,0.6213358611637743,0.9383327827331792,green_house
ds_v2_seed1/green_house_v30,green_house,0.9890907280300167,0.6743444365698087,0.8055026455026455,0.9375679347826087,0.6868796246164952,0.973650550012791,green_house
ds_v1_seed0/green_house_v44,green_house,0.975436587593953,0.5331040412725709,0.6954570947840717,0.8985563858695652,0.5460805508847786,0.9573273441886581,green_house
ds_v2_seed1/green_house_v07,green_house,0.9869646744490909,0.6633503401360544,0.7976074842799448,0.9327615489130435,0.6780530204259018,0.9683465739821251,green_house
ds_v2_seed1/gym_v06,gym,0.8968107172597044,0.5468051594227576,0.7070123293703215,0.8191915760869565,0.6425070028011205,0.7859153206069506,green_house
ds_v2_seed1/gym_v26,gym,0.892068832032159,0.5416957790473059,0.7027272000213272,0.8106148097826087,0.6363460795674005,0.7845705101494137,green_house
ds_v2_seed1/gym_v51,gym,0.9154983660387901,0.5873547103251775,0.7400421676448801,0.8450407608695653,0.7095558105228651,0.7732658529324203,green_house
ds_v2_seed1/gym_v01,gym,0.9004183600817882,0.5966591973925444,0.7473845368716511,0.8318614130434783,0.7272682127427125,0.7686453576864536,green_house
ds_v2_seed1/gym_v17,gym,0.8892232188879311,0.5816482184065397,0.7354963153469509,0.8183423913043478,0.7383080131069407,0.7327059519117067,green_house
ds_v2_seed1/gym_v00,gym,0.9085295851572169,0.581196957037949,0.735135435786195,0.8382472826086956,0.7093709746672392,0.7628419716033706,green_house
ds_v2_seed1/gym_v04,gym,0.9106724615386064,0.4098233853293799,0.5813825896122896,0.8444972826086956,0.45495527728085866,0.805115866784855,green_house
ds_v2_seed1/gym_v54,gym,0.8982214351139951,0.5462787265443811,0.7065721298063813,0.8172554347826086,0.6307512537124494,0.8031120203335194,green_house
ds_v2_seed1/gym_v35,gym,0.8917730082108689,0.491615223837068,0.6591716361977383,0.822367527173913,0.5753455827976562,0.771589868782423,green_house
ds_v2_seed1/gym_v25,gym,0.9107056929226224,0.5321779719932466,0.6946686112461513,0.8399966032608696,0.6213113803698765,0.7876672056445686,green_house
ds_v1_seed0/gym_v49,gym,0.8954344099349849,0.5542440041710115,0.7132007621501221,0.8184952445652174,0.6523318605792833,0.7865979991712544,green_house
ds_v1_seed0/gym_v27,gym,0.9130294959515053,0.5261517145826117,0.6895142986836132,0.8373641304347826,0.598873556744579,0.8124856728050738,green_house
ds_v2_seed1/gym_v24,gym,0.874285713269046,0.4745660726683638,0.6436687802121915,0.8072010869565217,0.5783506317689531,0.7256192498230715,green_house
ds_v1_seed0/gym_v01,gym,0.9045756515862987,0.575143198582437,0.7302741732942655,0.8248980978260869,0.6655381240761051,0.8089607604474585,green_house
ds_v1_seed0/gym_v55,gym,0.9109563177905063,0.5349539768704272,0.6970293375976383,0.8326766304347826,0.6049428845948542,0.822185142193848,green_house
ds_v2_seed1/gym_v55,gym,0.8828903160072795,0.38700140048757714,0.5580403889304413,0.7992866847826087,0.428202479338843,0.8008802060970374,green_house
ds_v2_seed1/gym_v09,gym,0.895891980153691,0.5185726820707809,0.6829738058551619,0.8043138586956522,0.5830866807610994,0.8241583106447972,green_house
ds_v1_seed0/gym_v59,gym,0.9056471197089014,0.48259400311108724,0.651013024602026,0.8361752717391304,0.5488653001464129,0.799875533428165,green_house
ds_v2_seed1/gym_v40,gym,0.9116301038508291,0.5928422334319012,0.7443828660351088,0.8409816576086957,0.719381562978207,0.7711845231361014,green_house
ds_v2_seed1/gym_v05,gym,0.9208827915465404,0.5480563436364542,0.7080573596553277,0.8457880434782609,0.6213531967721911,0.8228831925865032,green_house
ds_v2_seed1/gym_v33,gym,0.9071905521435186,0.5504533357390952,0.7100546956825323,0.8307404891304347,0.6357053552823505,0.8040985767000527,green_house
ds_v1_seed0/gym_v22,gym,0.8926519548078833,0.39280151312861594,0.5640452130846347,0.8146229619565217,0.4349781309677817,0.8020218082689686,green_house
ds_v2_seed1/gym_v49,gym,0.8842622903391286,0.5318943434258598,0.6944269305627896,0.8106827445652174,0.6299925391693608,0.7735434224990839,green_house
ds_v1_seed0/gym_v04,gym,0.871188055612641,0.4462322083115152,0.6170962114479445,0.8024286684782609,0.5318581560283688,0.7348698651614927,green_house
ds_v1_seed0/gym_v00,gym,0.9092770309302595,0.5820567001232612,0.7358228059435694,0.8387567934782608,0.710401891252955,0.763130555234907,green_house
ds_v1_seed0/gym_v20,gym,0.8976207895895844,0.5555459608825181,0.71427778394582,0.8251698369565217,0.6563456437461742,0.7834266926449099,green_house
ds_v1_seed0/gym_v30,gym,0.8989931170137067,0.4096796576847462,0.5812379506952705,0.8266134510869565,0.4548956661316212,0.80474784189005,green_house
ds_v1_seed0/gym_v42,gym,0.914795684082927,0.5850209986000934,0.7381870639149762,0.8489639945652174,0.7052767776777678,0.77431906614786,green_house
ds_v1_seed0/gym_v31,gym,0.8839980709512528,0.49545989574575416,0.6626187665148704,0.7961616847826087,0.56400440254582,0.8030251413776658,green_house
ds_v1_seed0/gym_v03,gym,0.8712165848317329,0.48907161136049,0.6568812508804057,0.7931555706521739,0.5688494193422465,0.7771481901206586,green_house
ds_v1_seed0/gym_v63,gym,0.9184152910168223,0.5768167632634864,0.7316218050214883,0.8387907608695652,0.6515586443067936,0.8341177229063246,green_house
ds_v2_seed1/gym_v63,gym,0.880643431405412,0.4293805956513795,0.6007925348331841,0.7878396739130434,0.47793369941020947,0.8086717136958018,green_house
ds_v2_seed1/gym_v13,gym,0.9109002879959852,0.508955745147932,0.6745800819997355,0.8328464673913043,0.5770449145830976,0.8117937291102977,green_house
ds_v2_seed1/gym_v37,gym,0.8965405071646837,0.49126048741510187,0.6588526841030107,0.8269870923913043,0.5677594366847513,0.78476266453929,green_house
ds_v1_seed0/gym_v50,gym,0.915121811249543,0.5260774287801315,0.6894505073712426,0.8347146739130434,0.5864820846905537,0.8362749651648862,green_house
ds_v2_seed1/gym_v58,gym,0.8793442462209008,0.4176899553046342,0.5892543059104636,0.7897927989130434,0.4650358807815201,0.8040210106864698,green_house
ds_v1_seed0/gym_v07,gym,0.879356412381072,0.45694115583618344,0.6272609624702803,0.789656929347826,0.5097837784952549,0.815095815408682,green_house
ds_v1_seed0/gym_v39,gym,0.9116198910692414,0.5648130575061682,0.7218920557913888,0.8442255434782608,0.6894474690142477,0.7575410462008401,green_house
ds_v1_seed0/gym_v09,gym,0.9136180336851043,0.5840772123793556,0.7374352813295575,0.8441066576086956,0.6922292035873476,0.7889582568245808,green_house
ds_v2_seed1/gym_v41,gym,0.8938069474068814,0.5589527247423128,0.7170874598967777,0.8277683423913044,0.6965476125955232,0.7388754743014833,green_house
ds_v2_seed1/living_room_contemp_v02,living_room_contemp,0.9290104069662309,0.480470451575432,0.6490780698313063,0.8784646739130435,0.5716013128346865,0.7508509189925119,green_house
ds_v2_seed1/living_room_contemp_v51,living_room_contemp,0.9319951844656682,0.548015678588927,0.708023421427441,0.8746603260869565,0.6460649819494585,0.783126203395764,green_house
ds_v1_seed0/living_room_contemp_v64,living_room_contemp,0.9061837117396325,0.5950402819738168,0.746113171809644,0.8360903532608696,0.8152342627191722,0.6877970705209041,green_house
ds_v2_seed1/living_room_contemp_v06,living_room_contemp,0.9383055826440808,0.5855153203342618,0.7385804638088547,0.873641304347826,0.668362480127186,0.8252846486062034,green_house
ds_v1_seed0/living_room_contemp_v01,living_room_contemp,0.9190757978536098,0.6100821247597414,0.7578273373487439,0.8484035326086956,0.8110807828561473,0.7111360048882326,green_house
ds_v1_seed0/living_room_contemp_v40,living_room_contemp,0.9409696061210158,0.39129310344827584,0.562488382179813,0.880078125,0.4246421554869492,0.8328440366972477,green_house
ds_v2_seed1/living_room_contemp_v57,living_room_contemp,0.9400616094566919,0.6337259263003588,0.7758044554455445,0.8769361413043478,0.7548771676300579,0.7979251527494908,green_house
ds_v1_seed0/living_room_contemp_v41,living_room_contemp,0.9384455065645617,0.5654723883630451,0.7224303572090953,0.8729110054347826,0.6356396866840731,0.8366698169945872,green_house
ds_v1_seed0/living_room_contemp_v62,living_room_contemp,0.9403368914985544,0.3089378238341969,0.4720435428005938,0.873148777173913,0.32559726962457336,0.8579136690647482,green_house
ds_v2_seed1/living_room_contemp_v56,living_room_contemp,0.9193304093105493,0.6125608690223499,0.7597367402245452,0.841898777173913,0.8194421246033071,0.7081408775981525,green_house
ds_v2_seed1/living_room_contemp_v61,living_room_contemp,0.8939044041814044,0.5710151917048468,0.7269378357636224,0.8187160326086956,0.804211241297334,0.6632124352331606,green_house
ds_v2_seed1/living_room_contemp_v41,living_room_contemp,0.9268566727005865,0.5639702618730581,0.7212033062542126,0.8665251358695653,0.7034602076124568,0.7398646189679016,green_house
ds_v1_seed0/living_room_contemp_v47,living_room_contemp,0.9227091851219649,0.22732584269662923,0.3704408964406035,0.854008152173913,0.2378891919857022,0.8365861726761495,green_house
ds_v2_seed1/living_room_contemp_v33,living_room_contemp,0.9343162577665984,0.5311236863379143,0.6937697993664202,0.8719429347826086,0.6026672311600338,0.8173205741626794,green_house
ds_v2_seed1/living_room_contemp_v42,living_room_contemp,0.9358875676928978,0.5641211681480138,0.7213266844485677,0.8775645380434782,0.6755973931933381,0.7736959946927606,green_house
ds_v2_seed1/living_room_contemp_v35,living_room_contemp,0.9084148234170407,0.40219855719683956,0.5736684795923368,0.8522248641304347,0.4582028804007514,0.7669330538451461,green_house
ds_v1_seed0/living_room_contemp_v21,living_room_contemp,0.933017134614221,0.40598457102781893,0.5775092833785955,0.8705332880434783,0.44419814135902463,0.8251504592968008,green_house
ds_v1_seed0/living_room_contemp_v17,living_room_contemp,0.8991757468899507,0.5838806678800348,0.7372786090779645,0.821382472826087,0.8332580463015246,0.6611262936248375,green_house
ds_v1_seed0/living_room_contemp_v36,living_room_contemp,0.8801760198490076,0.5503036398096932,0.7099301397205589,0.8025475543478261,0.8172209776552358,0.6275417934806581,green_house
ds_v1_seed0/living_room_contemp_v15,living_room_contemp,0.9316805004642799,0.49937635396835817,0.6661120840630473,0.8704823369565218,0.5649042031783752,0.8114998933219544,green_house
ds_v1_seed0/living_room_contemp_v28,living_room_contemp,0.9453678869604691,0.5100416542695626,0.6755332249642875,0.8881283967391305,0.5756863403576525,0.8172824791418355,green_house
ds_v1_seed0/living_room_contemp_v65,living_room_contemp,0.9337807384803581,0.46851441241685143,0.6380794202023253,0.8778702445652173,0.5355694491382224,0.7891198804929666,green_house
ds_v2_seed1/living_room_contemp_v17,living_room_contemp,0.9131749064986917,0.5892189313502127,0.7415201514741683,0.8377038043478261,0.7951618517229377,0.6946584228664099,green_house
ds_v2_seed1/living_room_contemp_v22,living_room_contemp,0.9230366763822052,0.5743034055727554,0.7295968534906588,0.8598845108695652,0.6865708469557708,0.7783761102174978,green_house
ds_v1_seed0/living_room_contemp_v08,living_room_contemp,0.868855556904408,0.3320260568997607,0.49852787065222814,0.8293308423913044,0.40379951495553756,0.6513235102360151,green_house
ds_v1_seed0/living_room_contemp_v35,living_room_contemp,0.9313296934229307,0.5439909701182202,0.7046556367833782,0.869633152173913,0.6347126914812504,0.791922511458964,green_house
ds_v1_seed0/living_room_contemp_v30,living_room_contemp,0.9137740586022713,0.24733376611332653,0.39657992565055755,0.8621603260869565,0.26426872770511295,0.7942227516378797,green_house
ds_v1_seed0/living_room_contemp_v19,living_room_contemp,0.892960472894227,0.5349923769242119,0.6970619332927493,0.8394191576086957,0.7127506224610143,0.682049031287228,green_house
ds_v2_seed1/living_room_contemp_v60,living_room_contemp,0.9115997786091842,0.5848491242878244,0.7380502223524087,0.8329313858695652,0.8076698915957571,0.6794802647707772,green_house
ds_v2_seed1/living_room_contemp_v26,living_room_contemp,0.9103379331704041,0.5963310133966288,0.7471270161290322,0.829585597826087,0.8285171315186407,0.6802973977695167,green_house
ds_v1_seed0/living_room_contemp_v50,living_room_contemp,0.9296924822873988,0.490714532274767,0.6583615060436253,0.8747112771739131,0.5780271610962023,0.7646299483648882,green_house
ds_v1_seed0/living_room_contemp_v10,living_room_contemp,0.8913768902475451,0.5656322789090089,0.7225608292940442,0.8036345108695652,0.8258460863364598,0.6422386213368596,green_house
ds_v1_seed0/living_room_contemp_v54,living_room_contemp,0.9014504466409919,0.586432479581318,0.7393097243395895,0.8228430706521739,0.7973155085979192,0.6891715590345727,green_house
ds_v1_seed0/living_room_contemp_v12,living_room_contemp,0.9281543420641356,0.5309692671394799,0.6936380481778877,0.8652173913043478,0.6134935809888009,0.7978685612788632,green_house
ds_v1_seed0/living_room_contemp_v16,living_room_contemp,0.8454254173331832,0.2619639761850931,0.4151687070767393,0.8336786684782609,0.30520677847045397,0.648991784914115,green_house
ds_v2_seed1/living_room_contemp_v13,living_room_contemp,0.9278497845685206,0.4738726333907057,0.6430306427503737,0.870210597826087,0.5366443162326524,0.8020274994173853,green_house
ds_v1_seed0/living_room_contemp_v03,living_room_contemp,0.905245193573826,0.4985411289417574,0.6653686299472049,0.8482167119565217,0.6124207333884754,0.7283383883924912,green_house
ds_v2_seed1/living_room_contemp_v55,living_room_contemp,0.8674757917462336,0.24869416075465814,0.398326777798589,0.836328125,0.27962833099579243,0.6921241050119332,green_house
ds_v1_seed0/living_room_contemp_v06,living_room_contemp,0.8460946694605272,0.26555110949436156,0.41966082207530897,0.8285495923913043,0.3129286694101509,0.6368871052172396,green_house
ds_v1_seed0/living_room_contemp_v39,living_room_contemp,0.9387330407789551,0.5613092330239374,0.7190237797246559,0.8779891304347827,0.6398886181691612,0.8204945103990002,green_house
ds_v1_seed0/livingroom_v53,livingroom,0.8331143386732118,0.2946617845442282,0.4551949985114618,0.8135190217391305,0.5841823739174733,0.37286620061778575,green_house
ds_v2_seed1/livingroom_v60,livingroom,0.8796755231801552,0.3469915893896916,0.5152097342299072,0.8457201086956522,0.6797634136037178,0.41479762825470484,green_house
ds_v1_seed0/livingroom_v16,livingroom,0.8522051459870484,0.2818049297641134,0.4397001809253036,0.815913722826087,0.669236821400472,0.3274056966897613,green_house
ds_v2_seed1/livingroom_v61,livingroom,0.8258638933084115,0.28726534043149343,0.44631876802524895,0.8271908967391305,0.540458618871903,0.38010937065529704,green_house
ds_v1_seed0/livingroom_v12,livingroom,0.8943613423617136,0.38462059620596206,0.5555609923178549,0.8457370923913043,0.6918108700950524,0.4641484751860028,green_house
ds_v1_seed0/livingroom_v59,livingroom,0.7834962940530168,0.23815877251501,0.38469827586206895,0.7672554347826087,0.5255152109911678,0.30339943342776204,green_house
ds_v2_seed1/livingroom_v25,livingroom,0.8259465350099855,0.2312332439678284,0.3756124115405553,0.8246773097826087,0.548489666136725,0.2855960264900662,green_house
ds_v2_seed1/livingroom_v52,livingroom,0.8250511911670277,0.27766586931889714,0.43464551411538654,0.8051120923913043,0.5715951794738888,0.3506359300476948,green_house
ds_v1_seed0/livingroom_v15,livingroom,0.8786847017528153,0.3489481674257211,0.5173633440514469,0.8470448369565218,0.6321372446306966,0.43786284470246734,green_house
ds_v1_seed0/livingroom_v43,livingroom,0.8043699100554287,0.2805548110426159,0.438176966145152,0.8176460597826087,0.5053101617185615,0.38678983833718245,green_house
ds_v1_seed0/livingroom_v27,livingroom,0.8758773799866774,0.3235965312642629,0.4889655172413793,0.8489809782608696,0.5902594699597613,0.4173452369273031,green_house
ds_v2_seed1/livingroom_v40,livingroom,0.8146880125554974,0.22473721093202523,0.36699662413457684,0.812109375,0.5346782260753584,0.27937973691088075,green_house
ds_v2_seed1/livingroom_v59,livingroom,0.7934155869307473,0.25336123795027904,0.40429084653139713,0.8000509510869566,0.5020105554159336,0.33841592545531557,green_house
ds_v1_seed0/livingroom_v20,livingroom,0.8735814556118309,0.3700950020652623,0.5402472113355442,0.8445991847826086,0.6363636363636364,0.46935568360398117,green_house
ds_v1_seed0/livingroom_v62,livingroom,0.8602181467984276,0.3159472840108779,0.48018228062738444,0.833389945652174,0.6098250336473755,0.3959972032861388,green_house
ds_v1_seed0/livingroom_v39,livingroom,0.8906297107712098,0.35893624050214734,0.5282606053239334,0.8681725543478261,0.5931486283608571,0.4761696066615536,green_house
ds_v2_seed1/livingroom_v11,livingroom,0.8739569765724429,0.35973869474218306,0.5291291571435235,0.8285495923913043,0.660302677532014,0.44143513113861,green_house
ds_v1_seed0/livingroom_v41,livingroom,0.8756805939126169,0.3358977619532045,0.5028794441007091,0.8226052989130435,0.7107493609578905,0.3890852850198851,green_house
ds_v2_seed1/livingroom_v43,livingroom,0.8089355718314487,0.24421941842205014,0.3925664795230013,0.7629585597826087,0.6189953335163327,0.2874259129437257,green_house
ds_v2_seed1/livingroom_v02,livingroom,0.8422487904875954,0.22728390004096682,0.3703852059550036,0.8398267663043478,0.5723127707860532,0.27378602447690487,green_house
ds_v1_seed0/livingroom_v14,livingroom,0.8802275484136207,0.34840883564208164,0.516770324300311,0.8522078804347826,0.6380090497737556,0.4342510499300047,green_house
ds_v1_seed0/livingroom_v61,livingroom,0.8361893522863358,0.27796912871539736,0.4350169694549811,0.8077445652173914,0.3431225887725376,0.5941376959781868,green_house
ds_v2_seed1/livingroom_v46,livingroom,0.9046242400888079,0.4088097752300498,0.5803619231181069,0.8668817934782609,0.722859429181115,0.4847942754919499,green_house
ds_v1_seed0/livingroom_v22,livingroom,0.8732280593132373,0.326589121887287,0.49237418956468054,0.8603770380434783,0.5574664429530202,0.4408935087913303,green_house
ds_v2_seed1/livingroom_v38,livingroom,0.8553003325085431,0.3168433451118963,0.48121645796064394,0.842391304347826,0.5654973065300223,0.4187992604845772,green_house
ds_v2_seed1/livingroom_v09,livingroom,0.7916605637949073,0.2730814839911909,0.4290086493679308,0.7813688858695652,0.5437373510231617,0.3542597611896564,green_house
ds_v2_seed1/livingroom_v07,livingroom,0.8667522569463687,0.3393402338223248,0.5067274546869788,0.8493206521739131,0.53310715956949,0.4828353464717101,green_house
ds_v1_seed0/livingroom_v05,livingroom,0.8533425726732108,0.2980077652600089,0.45917716863629676,0.8126868206521739,0.6753209288908121,0.3478454680534918,green_house
ds_v2_seed1/livingroom_v28,livingroom,0.8389101972331303,0.2702214188883868,0.4254713625044468,0.807999320652174,0.6241240495005218,0.3227447956823439,green_house
ds_v2_seed1/livingroom_v26,livingroom,0.6562573746948516,0.025820793433652532,0.05034172362060344,0.8064877717391304,0.02846639645583938,0.2174226061915047,green_house
ds_v1_seed0/livingroom_v63,livingroom,0.8086647431960913,0.25895031660983925,0.4113749576824491,0.7932914402173913,0.5670666666666667,0.3227593534188358,green_house
ds_v1_seed0/livingroom_v10,livingroom,0.8014506490901113,0.2562645011600928,0.40797857604580295,0.7822350543478261,0.5917492633270828,0.3113021420518602,green_house
ds_v2_seed1/livingroom_v12,livingroom,0.8598089451052959,0.33304391867448085,0.4996743378202345,0.8434442934782609,0.530421756165015,0.47229632669813254,green_house
ds_v1_seed0/livingroom_v33,livingroom,0.8774726596697482,0.3308451521937464,0.4971955627570734,0.8629755434782609,0.5605677346824058,0.4466965285554311,green_house
ds_v1_seed0/livingroom_v57,livingroom,0.8664050925048746,0.3227397703380236,0.4879867946444947,0.8577615489130435,0.5173039533376539,0.46181439481601483,green_house
ds_v2_seed1/livingroom_v10,livingroom,0.8311505989960876,0.30506370467167593,0.46750776008811457,0.8193614130434783,0.5755670611439843,0.3936098465688754,green_house
ds_v1_seed0/livingroom_v45,livingroom,0.8493579639434856,0.29779698236169155,0.4589269144697342,0.831640625,0.6114019778941245,0.3673219746614242,green_house
ds_v2_seed1/livingroom_v13,livingroom,0.8841714325291277,0.3289241622574956,0.4950232249502322,0.8449048913043479,0.6761329305135951,0.39043963712491275,green_house
ds_v2_seed1/livingroom_v30,livingroom,0.8441251876312361,0.3163780906824766,0.48067966630840886,0.8276664402173913,0.6082113715839917,0.39735995938399055,green_house
ds_v1_seed0/minigym_v42,minigym,0.9047392482835712,0.5765765765765766,0.7314285714285714,0.7948539402173913,0.8840634238108035,0.623739097459234,green_house
ds_v2_seed1/minigym_v32,minigym,0.925242076016837,0.5920087336244542,0.7437254848177305,0.8413213315217392,0.83345628919218,0.6714377693031549,green_house
ds_v1_seed0/minigym_v55,minigym,0.9087422731224543,0.5454058267563091,0.7058415560669589,0.8415251358695652,0.7480788506515202,0.6681188827882549,green_house
ds_v1_seed0/minigym_v09,minigym,0.9046786293321512,0.556226727347952,0.7148402190673685,0.8178328804347826,0.8100747167992287,0.6396422114378152,green_house
ds_v1_seed0/minigym_v33,minigym,0.9303874912356868,0.6045158184921017,0.7535180538889494,0.8465013586956521,0.8359554641171487,0.6858802502234138,green_house
ds_v2_seed1/minigym_v21,minigym,0.9227217254967045,0.5828787086166953,0.736479308798187,0.8104110054347826,0.8801557298425774,0.6331276889357902,green_house
ds_v1_seed0/minigym_v27,minigym,0.9572130069531205,0.7249291990414639,0.8405321209059526,0.8713315217391304,0.8866290687863582,0.7989915562847653,green_house
ds_v1_seed0/minigym_v35,minigym,0.9267976293947258,0.5962985384415809,0.747101527792827,0.8414402173913044,0.8391140318851162,0.6732740943267259,green_house
ds_v2_seed1/minigym_v49,minigym,0.914026803296136,0.587221633085896,0.739936529146484,0.7884510869565218,0.8968973022219973,0.6297309783574399,green_house
ds_v2_seed1/minigym_v30,minigym,0.9277375048090355,0.5813751975126153,0.7352780016116035,0.8605129076086957,0.748867441402403,0.7221729770799038,green_house
ds_v1_seed0/minigym_v31,minigym,0.8936404118224098,0.5563016369093666,0.7149020777413261,0.7564707880434782,0.9169641946342956,0.5858125061096809,green_house
ds_v2_seed1/minigym_v15,minigym,0.9193185824437368,0.6086395635988353,0.7567134084868482,0.8196671195652174,0.8930290411551566,0.656502206496243,green_house
ds_v1_seed0/minigym_v29,minigym,0.9273761555319736,0.5966752152408866,0.7473971031120035,0.8504245923913043,0.8022783251231527,0.6995436241610739,green_house
ds_v2_seed1/minigym_v33,minigym,0.9623319719352599,0.10675675675675676,0.19291819291819293,0.9101902173913043,0.10829335161069226,0.88268156424581,green_house
ds_v1_seed0/minigym_v40,minigym,0.9205503711403241,0.5288467421229733,0.6918244027372044,0.8692085597826087,0.6831041567883673,0.7007701661937576,green_house
ds_v1_seed0/minigym_v00,minigym,0.9267741785107105,0.6051503880983182,0.7540108298702934,0.8341202445652174,0.8631148013607796,0.6693945085412754,green_house
ds_v1_seed0/minigym_v11,minigym,0.9884107719945316,0.4666000570939195,0.636301703163017,0.9365319293478261,0.4711053465917279,0.979916067146283,green_house
ds_v2_seed1/minigym_v37,minigym,0.8823925115986729,0.5362023426734037,0.6980881720832011,0.7256283967391305,0.929712778137289,0.5588569718731299,green_house
ds_v1_seed0/minigym_v28,minigym,0.9252004752870586,0.5784567056796879,0.7329395904217758,0.8586956521739131,0.7591090425531914,0.7085143353605561,green_house
ds_v2_seed1/minigym_v52,minigym,0.9329474233084926,0.6440397350993378,0.7834843907351461,0.8466372282608695,0.8275757268767095,0.743853578583136,green_house
ds_v1_seed0/minigym_v50,minigym,0.9186462922327429,0.539568345323741,0.7009345794392523,0.8543478260869565,0.7577471160370957,0.6520469733341984,green_house
ds_v1_seed0/minigym_v07,minigym,0.9266785598841395,0.6014231749099535,0.7511108672993582,0.8458899456521739,0.8278113663845224,0.6874184155035646,green_house
ds_v2_seed1/minigym_v01,minigym,0.8928110811063618,0.5585718394937437,0.7167739405264494,0.7914911684782608,0.8581924649210032,0.6153693800752624,green_house
ds_v2_seed1/minigym_v07,minigym,0.9273415963188731,0.5817530552043826,0.7355801252164647,0.8651494565217391,0.770207127414743,0.703932691694818,green_house
ds_v2_seed1/minigym_v26,minigym,0.9098729712428076,0.5749932681087874,0.7301533025588419,0.7587466032608695,0.9359111717152041,0.5985610614507739,green_house
ds_v2_seed1/minigym_v50,minigym,0.9045909740876497,0.581486916991803,0.735367344167308,0.8014266304347826,0.8761663340704385,0.6335556335556336,green_house
ds_v1_seed0/minigym_v34,minigym,0.9266703634655231,0.5608688137350925,0.7186623357448693,0.8705502717391305,0.7203640668935918,0.7169686257180734,green_house
ds_v2_seed1/minigym_v35,minigym,0.9278097640079335,0.6183990749068483,0.7642108605906637,0.8486752717391305,0.8181200067992521,0.7169670788023238,green_house
ds_v1_seed0/minigym_v20,minigym,0.9167754553349696,0.5867467974062944,0.7395594538024519,0.8224864130434782,0.8402695204122077,0.6604067464732322,green_house
ds_v2_seed1/minigym_v53,minigym,0.9269881169633382,0.6050621412940254,0.7539423250070744,0.8375509510869565,0.8459762152176423,0.6799684469398172,green_house
ds_v1_seed0/minigym_v05,minigym,0.930764775994844,0.606999911055768,0.7554448595544486,0.8499150815217391,0.8376189015035287,0.6879536290322581,green_house
ds_v2_seed1/minigym_v45,minigym,0.9834328739063564,0.6234445701357466,0.7680515634526609,0.9547724184782609,0.6777863182167564,0.8860530546623794,green_house
ds_v1_seed0/minigym_v17,minigym,0.8818396667203573,0.5403187478216787,0.7015674497058462,0.7536005434782609,0.8969126387208752,0.5760954021823587,green_house
ds_v1_seed0/minimal_interior_v42,minimal_interior,0.8633481567864689,0.2988106606476257,0.46012967047657244,0.8628226902173913,0.40546589704323244,0.5318294190358467,green_house
ds_v1_seed0/minimal_interior_v65,minimal_interior,0.6805891222977475,0.02433679354094579,0.047517171489697106,0.8563349184782608,0.02565973488994284,0.32066869300911854,green_house
ds_v1_seed0/minimal_interior_v13,minimal_interior,0.7974985046154567,0.23686250193768407,0.3830053891465096,0.8327785326086956,0.34050139275766017,0.43763425461835886,green_house
ds_v2_seed1/minimal_interior_v10,minimal_interior,0.8174955527780808,0.2533039647577093,0.40421792618629176,0.8330332880434783,0.3418759610456176,0.4943670323154462,green_house
ds_v2_seed1/minimal_interior_v04,minimal_interior,0.882470813752155,0.3053002151378838,0.4677854360203776,0.8793478260869565,0.3831144925757762,0.6005000961723408,green_house
ds_v2_seed1/minimal_interior_v53,minimal_interior,0.7525615530070568,0.1919672131147541,0.3221014991060377,0.8325747282608695,0.32082191780821917,0.32339132836233087,green_house
ds_v2_seed1/minimal_interior_v27,minimal_interior,0.7886641395401125,0.2203591862682772,0.3611382431464478,0.8333729619565218,0.32154452690166974,0.41185207188474676,green_house
ds_v1_seed0/minimal_interior_v46,minimal_interior,0.8634350180994714,0.14522921429430874,0.253624711073755,0.8793478260869565,0.16234028244788165,0.5794527124339894,green_house
ds_v2_seed1/minimal_interior_v08,minimal_interior,0.768841830198261,0.1954691565896219,0.32701664532650443,0.8214673913043479,0.2703789964005928,0.4136702299967606,green_house
ds_v2_seed1/minimal_interior_v25,minimal_interior,0.7515270505838523,0.13796185935637664,0.24247185126996593,0.8525985054347827,0.1746950069173689,0.3961779806046777,green_house
ds_v2_seed1/minimal_interior_v33,minimal_interior,0.8424269713207456,0.2611787848982371,0.4141820145179675,0.8341542119565217,0.3269248981911166,0.564975450081833,green_house
ds_v2_seed1/minimal_interior_v30,minimal_interior,0.9082489455077581,0.2202048417132216,0.36093094238840145,0.8293138586956522,0.2315033852679664,0.8185751370060571,green_house
ds_v1_seed0/minimal_interior_v24,minimal_interior,0.7885590648533531,0.21801670904467854,0.35798640104974355,0.8171875,0.2789292685193791,0.4995838188779757,green_house
ds_v2_seed1/minimal_interior_v29,minimal_interior,0.7898431910100542,0.21743316300081464,0.35719934302573153,0.8205332880434782,0.2837537450468735,0.4819435325016415,green_house
ds_v1_seed0/minimal_interior_v43,minimal_interior,0.8899833930194678,0.29710824874178965,0.45810864132579243,0.8600543478260869,0.345193260654113,0.6808053166536356,green_house
ds_v2_seed1/minimal_interior_v22,minimal_interior,0.8528722683066116,0.1829847428513691,0.3093611206012983,0.8626698369565218,0.21216026241799438,0.5709331651954602,green_house
ds_v1_seed0/minimal_interior_v11,minimal_interior,0.7950895039487869,0.22421597154865827,0.3663013336854615,0.8369904891304348,0.3206565714946249,0.4270977675134719,green_house
ds_v1_seed0/minimal_interior_v09,minimal_interior,0.8237491064403135,0.24687039764359353,0.3959840543333825,0.8610394021739131,0.37463332867718957,0.4199154532644434,green_house
ds_v1_seed0/minimal_interior_v40,minimal_interior,0.9101852004245173,0.23062969681264575,0.37481575068435463,0.848726222826087,0.24529168580615526,0.7941701368233195,green_house
ds_v1_seed0/minimal_interior_v26,minimal_interior,0.8265858934366764,0.17540189385597885,0.2984543325526932,0.8728091032608696,0.2137968057978795,0.49410669975186106,green_house
ds_v1_seed0/minimal_interior_v63,minimal_interior,0.9148942233138102,0.2734263742523498,0.42943413106687545,0.870023777173913,0.29900332225913623,0.7617032531076435,green_house
ds_v2_seed1/minimal_interior_v60,minimal_interior,0.7810129005684378,0.21593790824560055,0.35517916956329393,0.8267153532608695,0.30027783714468903,0.43464810518174785,green_house
ds_v1_seed0/minimal_interior_v37,minimal_interior,0.8239148502966079,0.2607879924953096,0.4136904761904762,0.84609375,0.379826541523108,0.45418383293081405,green_house
ds_v2_seed1/minimal_interior_v51,minimal_interior,0.7754295398514085,0.1643418537138002,0.28229141328144,0.7995584239130434,0.1989201234144669,0.4859715242881072,green_house
ds_v1_seed0/minimal_interior_v29,minimal_interior,0.899992859568693,0.23921508742460104,0.3860751694393099,0.8307744565217391,0.25500569754191765,0.7943711967545639,green_house
ds_v2_seed1/minimal_interior_v37,minimal_interior,0.8089207185504568,0.23451124368976595,0.37992565055762084,0.8300271739130435,0.3067533766883442,0.49894222945484135,green_house
ds_v2_seed1/minimal_interior_v16,minimal_interior,0.760911820344496,0.14298500783172968,0.250195771339076,0.8699048913043478,0.20186384457431686,0.32895752895752894,green_house
ds_v1_seed0/minimal_interior_v23,minimal_interior,0.7687547546896647,0.17132815932054474,0.2925365670708839,0.8077785326086957,0.20829624354637707,0.491183879093199,green_house
ds_v1_seed0/minimal_interior_v04,minimal_interior,0.7989151654626796,0.1953792837889873,0.32689086457930683,0.8225543478260869,0.2445065535851966,0.49300427516517686,green_house
ds_v2_seed1/minimal_interior_v35,minimal_interior,0.7923324425105803,0.20997088791848617,0.3470676691729323,0.8156419836956522,0.29200404858299595,0.42772424017790955,green_house
ds_v2_seed1/minimal_interior_v02,minimal_interior,0.8927040943213673,0.041764300482425916,0.08017994178354063,0.881929347826087,0.042640022516183505,0.6703539823008849,green_house
ds_v1_seed0/minimal_interior_v31,minimal_interior,0.8152171160084875,0.2157549560292145,0.35493164960460977,0.8212805706521739,0.25811340941512123,0.5679811653914068,green_house
ds_v2_seed1/minimal_interior_v61,minimal_interior,0.7612818061991199,0.07257316911667329,0.13532534880849487,0.8810631793478261,0.08061194468961459,0.42121445042275174,green_house
ds_v2_seed1/minimal_interior_v23,minimal_interior,0.8041467034365538,0.2185929648241206,0.35876288659793815,0.820414402173913,0.28088500617225337,0.49639201208256417,green_house
ds_v1_seed0/minimal_interior_v25,minimal_interior,0.9046352130258292,0.19379391100702575,0.3246689553702795,0.8362941576086956,0.2036744022503516,0.7997928891957197,green_house
ds_v1_seed0/minimal_interior_v18,minimal_interior,0.803681822993968,0.23534124845218152,0.38101415094339625,0.8217051630434783,0.3158666536318311,0.4800178279601842,green_house
ds_v2_seed1/minimal_interior_v40,minimal_interior,0.7642745784562718,0.1840296974962483,0.31085317857381095,0.8245414402173913,0.25486764384161015,0.3983586937938109,green_house
ds_v1_seed0/minimal_interior_v44,minimal_interior,0.7642753651917668,0.14696872551114912,0.25627329192546583,0.7966372282608696,0.1731430969366345,0.4929510155316607,green_house
ds_v2_seed1/minimal_interior_v26,minimal_interior,0.8985960063797855,0.23173948887056883,0.37628003480356065,0.8417289402173913,0.249755664149267,0.7626153011394465,green_house
ds_v2_seed1/scandinavian_v01,scandinavian,0.8812600694110343,0.4665700202957379,0.6362737732790321,0.8437669836956522,0.5862722238414456,0.6955995504452321,green_house
ds_v2_seed1/scandinavian_v02,scandinavian,0.9265282525151202,0.5234753146176185,0.6872120730738681,0.8996773097826087,0.6255060728744939,0.7624250969333803,green_house
ds_v1_seed0/scandinavian_v17,scandinavian,0.8519868486803701,0.3918087250149774,0.5630209352377225,0.8103430706521739,0.49267223667990684,0.6568063544234456,green_house
ds_v1_seed0/scandinavian_v15,scandinavian,0.8992585119955976,0.5079825834542816,0.6737247353224254,0.861820652173913,0.6235617251874397,0.7326646314871348,green_house
ds_v1_seed0/scandinavian_v10,scandinavian,0.8683702165969216,0.4064217032967033,0.5779514100842388,0.8238620923913044,0.5110839211170289,0.664949901676187,green_house
ds_v1_seed0/scandinavian_v18,scandinavian,0.7920177610156212,0.37067340841185936,0.5408632080217312,0.767476222826087,0.5011185682326622,0.5874553799082101,green_house
ds_v2_seed1/scandinavian_v50,scandinavian,0.8982055984727468,0.46678610804851156,0.636474678192239,0.8685801630434783,0.5804627249357327,0.704450915141431,green_house
ds_v2_seed1/scandinavian_v31,scandinavian,0.9125752371358611,0.40372670807453415,0.5752212389380531,0.8532608695652174,0.4509365605488322,0.7940817157594678,green_house
ds_v2_seed1/scandinavian_v25,scandinavian,0.9161982088810743,0.49414393589150873,0.6614408746325614,0.8885020380434783,0.6043158688277421,0.7304932224626951,green_house
ds_v2_seed1/scandinavian_v16,scandinavian,0.8367268483512971,0.35438617616954665,0.5233162925094466,0.8178838315217392,0.4614299153339605,0.6043741657254338,green_house
ds_v1_seed0/scandinavian_v06,scandinavian,0.7694243068343521,0.3351242781822747,0.5020121102711648,0.7751188858695652,0.4499730312837109,0.5676618184911116,green_house
ds_v1_seed0/scandinavian_v50,scandinavian,0.9078894799727668,0.45952677459526775,0.629692832764505,0.8746942934782609,0.5528820729772607,0.731289344835626,green_house
ds_v1_seed0/scandinavian_v13,scandinavian,0.8427200681957342,0.3988778372864065,0.5702825888787603,0.7998471467391305,0.5306731813246471,0.6162818188982583,green_house
ds_v2_seed1/scandinavian_v10,scandinavian,0.786657759303751,0.32300261622056753,0.4882871919683602,0.7714673913043478,0.4356381895908258,0.5554113677653776,green_house
ds_v2_seed1/scandinavian_v30,scandinavian,0.8315072193266473,0.3418780209634497,0.5095515622470456,0.7941915760869566,0.4278820010875476,0.6297519007603041,green_house
ds_v2_seed1/scandinavian_v61,scandinavian,0.851420105672919,0.3713751169317119,0.5416098226466575,0.8288043478260869,0.4658530861300164,0.6467904855001629,green_house
ds_v1_seed0/scandinavian_v34,scandinavian,0.8895504038691204,0.3986334130509054,0.5700327324246421,0.8505264945652173,0.48091665979721376,0.6996881746222116,green_house
ds_v1_seed0/scandinavian_v04,scandinavian,0.8177954215895192,0.4218758092081413,0.5934073939173192,0.8104110054347826,0.6145605431912485,0.5736619718309859,green_house
ds_v1_seed0/scandinavian_v27,scandinavian,0.8919048441082337,0.41926209870627695,0.5908170155300472,0.8559103260869565,0.5127239243261342,0.6969731451979972,green_house
ds_v2_seed1/scandinavian_v41,scandinavian,0.9185923229310513,0.5414295168762409,0.7025031127903482,0.882319972826087,0.6730563554092965,0.7346443965517241,green_house
ds_v1_seed0/scandinavian_v43,scandinavian,0.8892544964931371,0.47772796913124893,0.6465709238921741,0.8436820652173913,0.5892357222844344,0.7162668027905393,green_house
ds_v2_seed1/scandinavian_v24,scandinavian,0.7968759051462306,0.3615891992167371,0.5311281837792832,0.7895889945652174,0.5190472668096753,0.5437848729076256,green_house
ds_v2_seed1/scandinavian_v32,scandinavian,0.8604889901263514,0.4142223317722455,0.5857952069716776,0.8385529891304347,0.5591415737814007,0.6151171303074671,green_house
ds_v1_seed0/scandinavian_v55,scandinavian,0.9298955183784844,0.5195653885520826,0.6838341968911917,0.8963654891304348,0.6275796481217308,0.7511667615253272,green_house
ds_v1_seed0/scandinavian_v64,scandinavian,0.8667465506626294,0.4236184992803054,0.5951292421311765,0.8435801630434783,0.5496102630724261,0.6488688650306749,green_house
ds_v1_seed0/scandinavian_v32,scandinavian,0.9215811502946888,0.4768525366070108,0.6457686529794691,0.8798573369565217,0.5549530940700577,0.7721230990300563,green_house
ds_v2_seed1/scandinavian_v54,scandinavian,0.8594667700849826,0.3811963775023832,0.5519799844707101,0.8236073369565218,0.46510613550450713,0.6787608741778061,green_house
ds_v2_seed1/scandinavian_v37,scandinavian,0.856332830286282,0.42915572611593616,0.6005723774864855,0.807999320652174,0.5508458098386156,0.6601677800217493,green_house
ds_v2_seed1/scandinavian_v28,scandinavian,0.8829629709599225,0.4524870528724557,0.6230514096185739,0.8455842391304348,0.5570877817319099,0.7067343867569601,green_house
ds_v2_seed1/scandinavian_v39,scandinavian,0.8577638757355314,0.42437444804239033,0.5958748398297028,0.8339504076086957,0.5286783042394015,0.6826404015531774,green_house
ds_v1_seed0/scandinavian_v60,scandinavian,0.866816697336708,0.4160358681728194,0.5876063982894033,0.8296705163043478,0.5137700438628029,0.6862274298885901,green_house
ds_v1_seed0/scandinavian_v42,scandinavian,0.9022511530928727,0.49827319280695487,0.6651299578729831,0.8568953804347826,0.6286057692307693,0.7061603375527427,green_house
ds_v2_seed1/scandinavian_v12,scandinavian,0.837748401559194,0.3550068744271311,0.5239927281951549,0.8087805706521739,0.45785001847063167,0.6124728207155564,green_house
ds_v1_seed0/scandinavian_v40,scandinavian,0.9015936641098437,0.43120614767791515,0.6025772714539174,0.8554347826086957,0.507191700070738,0.7421506612995975,green_house
ds_v1_seed0/scandinavian_v07,scandinavian,0.7960760110307826,0.3359255870692284,0.5029106266407944,0.7781080163043478,0.43594986807387864,0.59417423357008,green_house
ds_v2_seed1/scandinavian_v65,scandinavian,0.8900446372001023,0.4516448672215616,0.6222525597269625,0.8590183423913044,0.5592638036809816,0.7012307692307692,green_house
ds_v2_seed1/scandinavian_v42,scandinavian,0.8988332308790516,0.48809013532545464,0.6559953913258169,0.858016304347826,0.6091242549289316,0.7106811697574893,green_house
ds_v1_seed0/scandinavian_v37,scandinavian,0.8789912487658585,0.44872239565267663,0.6194732641660016,0.8380434782608696,0.5792537313432836,0.6656946826758148,green_house
ds_v1_seed0/scandinavian_v45,scandinavian,0.8588986604621541,0.3892352571069039,0.5603590250329381,0.8186480978260869,0.4783831282952548,0.6762396899532942,green_house
ds_v2_seed1/scandinavian_v46,scandinavian,0.8798618095675749,0.4332294413809638,0.6045500167280028,0.8394021739130435,0.5443590902244314,0.6797066014669927,green_house
ds_v1_seed0/sunlight_v02,sunlight,0.8898365472752872,0.5273944149549965,0.6905805203831858,0.8261039402173913,0.6357667482750946,0.7557378133474436,green_house
ds_v1_seed0/sunlight_v20,sunlight,0.8679851064090114,0.44976485677640016,0.6204659392509584,0.8032778532608695,0.5397024454198256,0.7296547472256474,green_house
ds_v2_seed1/sunlight_v49,sunlight,0.871339690445775,0.47715854112393,0.6460491922023116,0.8091202445652174,0.5788701393983859,0.7308678922616503,green_house
ds_v2_seed1/sunlight_v55,sunlight,0.8563347121013357,0.2858606557377049,0.4446215139442231,0.8105978260869565,0.32322062124393597,0.7120752911150103,green_house
ds_v1_seed0/sunlight_v59,sunlight,0.8849500966885312,0.2666095438966517,0.4209814226986522,0.8110224184782608,0.28708303761533,0.7889604056953384,green_house
ds_v2_seed1/sunlight_v31,sunlight,0.9138758542383961,0.2750909692358584,0.43148446012556424,0.8139096467391305,0.2864425461559658,0.8740803027117932,green_house
ds_v2_seed1/sunlight_v22,sunlight,0.8833009094604527,0.49739571113509456,0.6643477170881514,0.8180876358695652,0.5998528662780828,0.7443820224719101,green_house
ds_v1_seed0/sunlight_v04,sunlight,0.8554481445635306,0.3675329822773342,0.5375124213315667,0.8102921195652174,0.4373989218328841,0.697057560137457,green_house
ds_v1_seed0/sunlight_v32,sunlight,0.9123125226114346,0.41504194388197857,0.586614334191913,0.8282778532608696,0.45241849025666897,0.83399209486166,green_house
ds_v2_seed1/sunlight_v26,sunlight,0.904202543762464,0.5323535214046163,0.6948181525587382,0.838960597826087,0.6232101616628175,0.7850181818181818,green_house
ds_v1_seed0/sunlight_v21,sunlight,0.909425576368761,0.3335209154004877,0.5002110001406668,0.8189707880434782,0.3536666224638642,0.8541232986389111,green_house
ds_v2_seed1/sunlight_v42,sunlight,0.9085083835075262,0.4671835754067926,0.6368440640119092,0.8342730978260869,0.5238474254576624,0.811995824238398,green_house
ds_v1_seed0/sunlight_v28,sunlight,0.9130731673828621,0.41432681242807823,0.5858996786135634,0.8271229619565217,0.4470171953566329,0.8499763928234183,green_house
ds_v2_seed1/sunlight_v16,sunlight,0.8777629707535742,0.499154053683296,0.6659142900716791,0.8139775815217392,0.6056033287101248,0.7395663956639567,green_house
ds_v2_seed1/sunlight_v33,sunlight,0.8877459869205901,0.42892362568191356,0.600345068095885,0.8150985054347826,0.48655242175413543,0.7836128413991376,green_house
ds_v1_seed0/sunlight_v42,sunlight,0.9065395923172197,0.4831813895001572,0.6515472657905892,0.8324728260869565,0.5495173400071505,0.8001041124414368,green_house
ds_v2_seed1/sunlight_v65,sunlight,0.9094302710176901,0.5079831719803335,0.6737252529326745,0.8351392663043479,0.5749856569133678,0.8134080025971918,green_house
ds_v2_seed1/sunlight_v41,sunlight,0.9192038946737963,0.4612566920259228,0.6313150790590051,0.8376358695652174,0.5047172719985201,0.8426850612581077,green_house
ds_v1_seed0/sunlight_v08,sunlight,0.8713892603336837,0.35939158118146447,0.5287535779339059,0.8154551630434783,0.41424300081543897,0.7307600095900264,green_house
ds_v2_seed1/sunlight_v53,sunlight,0.8950025753421205,0.5073463831385251,0.6731649590483012,0.8217561141304348,0.5830815709969789,0.7961694290976059,green_house
ds_v1_seed0/sunlight_v11,sunlight,0.8990164722632502,0.49546031436102705,0.6626191408800105,0.8244565217391304,0.5639515501722414,0.8031334071846811,green_house
ds_v2_seed1/sunlight_v05,sunlight,0.9174614704219041,0.4710860366713681,0.6404602109300097,0.8407778532608695,0.5185047193243915,0.8374285427740448,green_house
ds_v1_seed0/sunlight_v43,sunlight,0.9084941494963592,0.30540432877439916,0.4679076391008036,0.8223165760869565,0.3250423968343697,0.8348457350272233,green_house
ds_v2_seed1/sunlight_v02,sunlight,0.9287604053749957,0.3821397325334333,0.5529683049238143,0.8320822010869565,0.4021703387043736,0.8846932870370371,green_house
ds_v1_seed0/sunlight_v50,sunlight,0.9219479809869738,0.3871923005737553,0.5582388258839227,0.8313009510869566,0.4091264667535854,0.8783764870538838,green_house
ds_v1_seed0/sunlight_v25,sunlight,0.9338010907937203,0.17867652606956916,0.30318161449331027,0.8151324728260869,0.1814003370614371,0.9224776003116478,green_house
ds_v2_seed1/sunlight_v64,sunlight,0.8817504422810252,0.46922275680769804,0.638736031869282,0.818257472826087,0.5552620766566884,0.7517482517482518,green_house
ds_v1_seed0/sunlight_v26,sunlight,0.9152541498206388,0.44600497649986176,0.616878895644526,0.8298403532608696,0.4872832719144566,0.8403834132110857,green_house
ds_v1_seed0/sunlight_v44,sunlight,0.8577286045448188,0.426968411126827,0.5984272781338796,0.7935801630434782,0.5058652664506759,0.7324490456163054,green_house
ds_v2_seed1/sunlight_v21,sunlight,0.9021327886536213,0.5271794871794871,0.6903962390866354,0.8355808423913044,0.6199172984148863,0.7789564840874649,green_house
ds_v1_seed0/sunlight_v19,sunlight,0.8684388909571921,0.465929931812838,0.6356783113591891,0.8071161684782608,0.5653960283040401,0.725913986372628,green_house
ds_v2_seed1/sunlight_v54,sunlight,0.8976251440603159,0.5168827399380805,0.6815065216698025,0.8303838315217391,0.6040135669869983,0.7818101997512256,green_house
ds_v1_seed0/sunlight_v47,sunlight,0.9113025223488618,0.2130821187344472,0.35130699800726767,0.8120244565217392,0.22059472986898276,0.8621979286536249,green_house
ds_v1_seed0/sunlight_v16,sunlight,0.8589917371366745,0.3176920185440421,0.4821946465078686,0.8150305706521739,0.36587301587301585,0.7069566429666806,green_house
ds_v1_seed0/sunlight_v24,sunlight,0.8825050144939616,0.47122762148337594,0.6405910473707083,0.8174082880434783,0.5600631320512071,0.7481649226924879,green_house
ds_v2_seed1/sunlight_v23,sunlight,0.9099182145469104,0.3951539855072464,0.5664664827138451,0.8185461956521739,0.4249102088025811,0.8494584398198856,green_house
ds_v2_seed1/sunlight_v19,sunlight,0.8743279858546309,0.4211232817869416,0.5926625609249254,0.816898777173913,0.4970845481049563,0.733744971465993,green_house
ds_v1_seed0/sunlight_v07,sunlight,0.8785363840667583,0.3925223088218683,0.5637573004542505,0.8173233695652173,0.4486476018333226,0.7583196944899072,green_house
ds_v2_seed1/sunlight_v25,sunlight,0.9247093473212339,0.38451484409037157,0.555450663070353,0.8320482336956522,0.4060466644758462,0.8788051209103841,green_house
ds_v2_seed1/sunlight_v45,sunlight,0.9005058788132216,0.5458953272805058,0.7062513452845853,0.8377547554347826,0.6617875871607215,0.757120253164557,green_house
ds_v2_seed1/terrazzo_v37,terrazzo,0.8316874740183892,0.36635088140064753,0.5362471476215552,0.7307744565217391,0.7426464630094806,0.41962364360606197,green_house
ds_v2_seed1/terrazzo_v38,terrazzo,0.8377841199214935,0.29478427993902845,0.45534114756615657,0.8192764945652173,0.4613629291567265,0.4494745351657235,green_house
ds_v1_seed0/terrazzo_v07,terrazzo,0.8432851845371934,0.3692627114900384,0.5393599174086979,0.7575067934782609,0.7225343590630132,0.430277448911309,green_house
ds_v1_seed0/terrazzo_v15,terrazzo,0.820655898096445,0.3757590552622746,0.5462570699789286,0.6525645380434782,0.853065465881538,0.40176182707993474,green_house
ds_v1_seed0/terrazzo_v11,terrazzo,0.8488861158920143,0.3831148290042529,0.5539884628090773,0.7019191576086956,0.8272616879174256,0.4164278892072588,green_house
ds_v2_seed1/terrazzo_v13,terrazzo,0.8797847477835871,0.37949479108323064,0.5501938732008365,0.6236922554347826,0.940453882989798,0.3888378766140603,green_house
ds_v1_seed0/terrazzo_v53,terrazzo,0.8582410266327982,0.3629830725007985,0.5326303456356181,0.7967561141304348,0.6916522973932447,0.4330623650450908,green_house
ds_v2_seed1/terrazzo_v03,terrazzo,0.8327287666667259,0.2613742879803879,0.41442780381845207,0.8260190217391304,0.3697470420236638,0.47139141742522755,green_house
ds_v2_seed1/terrazzo_v10,terrazzo,0.8780113842831981,0.34822490967700065,0.516567980872607,0.4883322010869565,0.9781829231236706,0.3509506366649224,green_house
ds_v1_seed0/terrazzo_v60,terrazzo,0.8994491914489722,0.3357204992818272,0.5026807621240117,0.4423233695652174,0.9925832884741911,0.3365647879611414,green_house
ds_v2_seed1/terrazzo_v58,terrazzo,0.8021415239830681,0.34850351871628465,0.5168744669617836,0.5959239130434782,0.9051920341394025,0.3617063604842835,green_house
ds_v1_seed0/terrazzo_v49,terrazzo,0.9119536824343052,0.3809238932528742,0.5516942607974986,0.5957710597826087,0.9790092920649776,0.38406063149061154,green_house
ds_v1_seed0/terrazzo_v03,terrazzo,0.8295535491695862,0.36630312147423844,0.5361959812826865,0.5707370923913043,0.917771216784974,0.3787328909166321,green_house
ds_v2_seed1/terrazzo_v40,terrazzo,0.8004129737513281,0.3168433931484502,0.4812165133636842,0.7155061141304347,0.7347266881028939,0.35777112594980426,green_house
ds_v2_seed1/terrazzo_v07,terrazzo,0.851332629722285,0.38166708012900025,0.5524732920369873,0.7460088315217391,0.7866212185769067,0.4257448574854718,green_house
ds_v2_seed1/terrazzo_v43,terrazzo,0.90693227378936,0.38678166891821675,0.5578119145747471,0.6993376358695652,0.9478777589134125,0.3951866926207751,green_house
ds_v2_seed1/terrazzo_v47,terrazzo,0.8545260417362532,0.3761051915665382,0.5466227347611202,0.7663043478260869,0.7311591009255178,0.43646408839779005,green_house
ds_v1_seed0/terrazzo_v19,terrazzo,0.9021483507034196,0.39801591627602745,0.5694011228945727,0.718648097826087,0.9372753722402876,0.4089076383185246,green_house
ds_v1_seed0/terrazzo_v20,terrazzo,0.8252530550408672,0.3337736447215471,0.500495186784455,0.7858525815217391,0.5836104951958611,0.4381025036410292,green_house
ds_v1_seed0/terrazzo_v04,terrazzo,0.866254636289644,0.3584182386764854,0.5276993910589634,0.5679347826086957,0.9479090242112986,0.36561961359368167,green_house
ds_v2_seed1/terrazzo_v63,terrazzo,0.7979289584116181,0.30421736046701947,0.4665132817402218,0.7834069293478261,0.5484410347201731,0.40588149657883243,green_house
ds_v1_seed0/terrazzo_v05,terrazzo,0.8848841489895842,0.3668500134156158,0.5367816656033765,0.5190726902173913,0.9734203500444972,0.3705619297136146,green_house
ds_v1_seed0/terrazzo_v22,terrazzo,0.875207991827102,0.3886451198630137,0.5597472159069015,0.8059612771739131,0.7206072030955452,0.45759828629032256,green_house
ds_v2_seed1/terrazzo_v16,terrazzo,0.8015669464761074,0.3313253012048193,0.4977375565610859,0.7511548913043479,0.6424778761061947,0.4062220232766338,green_house
ds_v1_seed0/terrazzo_v42,terrazzo,0.844181876225878,0.3307849586629923,0.4971275885103541,0.4885869565217391,0.9648645144561131,0.3348180141269627,green_house
ds_v1_seed0/terrazzo_v58,terrazzo,0.7891493019362189,0.3187205783456624,0.4833784860557769,0.724711277173913,0.6676939332570221,0.3788090718353482,green_house
ds_v1_seed0/terrazzo_v23,terrazzo,0.9103241251322554,0.41856013055485813,0.5901196876175306,0.6853430706521739,0.9657494569152788,0.42486700009556877,green_house
ds_v2_seed1/terrazzo_v04,terrazzo,0.9074974023425777,0.3895271287810335,0.5606614231745836,0.7590353260869566,0.9269916035224247,0.40185546875,green_house
ds_v1_seed0/terrazzo_v55,terrazzo,0.8287300931637538,0.38593135692275,0.5569270873265353,0.7055536684782608,0.8009997794604131,0.4268588889759461,green_house
ds_v1_seed0/terrazzo_v41,terrazzo,0.8648574918357047,0.2975547792950143,0.4586392559960842,0.8497282608695652,0.40361835020460907,0.5310286200056673,green_house
ds_v1_seed0/terrazzo_v47,terrazzo,0.8221490289382944,0.3565200542530517,0.5256391944008,0.7743885869565217,0.6280399351480501,0.45194964691433837,green_house
ds_v2_seed1/terrazzo_v48,terrazzo,0.8508102384469275,0.36049792531120334,0.5299499817006222,0.7382472826086957,0.7730225108995462,0.4031741612139774,green_house
ds_v1_seed0/terrazzo_v18,terrazzo,0.8154954729612844,0.36795537104307213,0.537963999165418,0.5862941576086956,0.9077001856237599,0.3822578036551836,green_house
ds_v1_seed0/terrazzo_v61,terrazzo,0.8654508129951444,0.2877019030865185,0.4468455042225535,0.8487092391304348,0.40775158658204896,0.49423076923076925,green_house
ds_v2_seed1/terrazzo_v56,terrazzo,0.8096278977982265,0.32091162692773306,0.48589416640102007,0.7808763586956522,0.5555859303809003,0.43173771420478685,green_house
ds_v2_seed1/terrazzo_v55,terrazzo,0.824907686688696,0.36216436126932466,0.5317484021265158,0.6005944293478261,0.9013770757391657,0.3771075150385495,green_house
ds_v2_seed1/terrazzo_v51,terrazzo,0.8226751781931507,0.34481887718285464,0.5128108818715961,0.6915930706521739,0.7878163383068173,0.38012091321295044,green_house
ds_v2_seed1/terrazzo_v19,terrazzo,0.7792757986613099,0.3137973137973138,0.47769516728624534,0.6945652173913044,0.7079280364982353,0.36046460661845275,green_house
ds_v2_seed1/terrazzo_v06,terrazzo,0.8401882857711762,0.39176177553068886,0.5629724604001389,0.7221297554347826,0.79766860949209,0.43498720383059525,green_house
ds_v2_seed1/terrazzo_v53,terrazzo,0.8998579848635162,0.352689088828558,0.5214636411889597,0.5100203804347826,0.986321139486729,0.35442267367139413,green_house
ds_v2_seed1/bedroom_v36,bedroom,0.8998907523088949,0.23725834797891038,0.38352272727272724,0.9189198369565217,0.6086065573770492,0.27997737556561086,gym
ds_v2_seed1/bedroom_v60,bedroom,0.9344281670679754,0.2620209059233449,0.4152401987852015,0.9460427989130434,0.5202952029520295,0.3454823889739663,gym
ds_v2_seed1/bedroom_v58,bedroom,0.8350014380331966,0.20598119709022844,0.3415993509471233,0.682999320652174,0.9099793271941364,0.2102657634184471,gym
ds_v1_seed0/bedroom_v40,bedroom,0.8846035565122367,0.31231907365712447,0.47598039215686266,0.8184442934782609,0.7914900554287577,0.3403196411047245,gym
ds_v1_seed0/bedroom_v61,bedroom,0.9508525564939025,0.31173961131300365,0.4753071549024332,0.9260190217391304,0.5845925925925926,0.40044651918002844,gym
ds_v1_seed0/bedroom_v12,bedroom,0.8871571844245183,0.2732232591529074,0.4291835814163284,0.8280570652173913,0.796234309623431,0.29376350725532574,gym
ds_v2_seed1/bedroom_v62,bedroom,0.8867238786010749,0.293986293986294,0.45438857482892,0.8442764945652174,0.8165098374679213,0.31478275208178746,gym
ds_v1_seed0/bedroom_v32,bedroom,0.9093650261761391,0.3044562577935289,0.4667941235661099,0.8200067934782609,0.8351035103510351,0.3239298931638852,gym
ds_v2_seed1/bedroom_v59,bedroom,0.8653946322673185,0.3142752428074033,0.4782487451199107,0.8093410326086956,0.8639798488664987,0.33063427800269907,gym
ds_v2_seed1/bedroom_v24,bedroom,0.8626664392665987,0.16907030646407417,0.2892389029628814,0.8904042119565218,0.7032672737011249,0.18205768164170827,gym
ds_v1_seed0/bedroom_v46,bedroom,0.9410733953439684,0.2839506172839506,0.44230769230769224,0.9517323369565217,0.4618852459016393,0.4243222891566265,gym
ds_v1_seed0/bedroom_v58,bedroom,0.9138371432447886,0.2169018817204301,0.3564821206682314,0.9208389945652173,0.5224605422905706,0.27053646269907794,gym
ds_v1_seed0/bedroom_v14,bedroom,0.9089774663683093,0.32325581395348835,0.4885764499121265,0.8418478260869565,0.7917408330366679,0.353296266878475,gym
ds_v2_seed1/bedroom_v08,bedroom,0.9276712908468054,0.2902690529809174,0.4499356972257946,0.8983016304347826,0.7001143510577473,0.33148348673524636,gym
ds_v1_seed0/bedroom_v38,bedroom,0.8911061244568313,0.2504982561036373,0.40063751369658335,0.7956182065217391,0.8510368176047397,0.2619854090672225,gym
ds_v2_seed1/bedroom_v47,bedroom,0.884712731142926,0.31426309017123627,0.4782346738966711,0.7646739130434783,0.89035333707235,0.3269151565074135,gym
ds_v1_seed0/bedroom_v31,bedroom,0.9319816513708095,0.27905896919981427,0.43635043562439496,0.8417798913043478,0.7854497930734045,0.30208595124403115,gym
ds_v2_seed1/bedroom_v50,bedroom,0.8752275674562885,0.20959202740579258,0.3465499485066942,0.7413722826086957,0.8538803129625714,0.21738896366083446,gym
ds_v2_seed1/bedroom_v39,bedroom,0.8833675240053713,0.27204783258594917,0.42773207990599293,0.7518682065217391,0.8705357142857143,0.28351853775054525,gym
ds_v1_seed0/bedroom_v48,bedroom,0.791875288016477,0.2163677130044843,0.3557603686635945,0.7744395380434783,0.7772361169987283,0.23067245392212368,gym
ds_v2_seed1/bedroom_v12,bedroom,0.9234240334736122,0.3017861285084667,0.4636493228795439,0.8977581521739131,0.6709644146467251,0.3542063708140485,gym
ds_v2_seed1/bedroom_v11,bedroom,0.9263098241741483,0.24477244772447723,0.3932806324110672,0.9270040760869566,0.6085626911314985,0.2905109489051095,gym
ds_v1_seed0/bedroom_v07,bedroom,0.8761251988626394,0.21334833145856769,0.3516687268232386,0.8931046195652174,0.6033934252386002,0.24814653292629743,gym
ds_v2_seed1/bedroom_v44,bedroom,0.8489859470029602,0.2337412669386224,0.37891456369717236,0.7224524456521739,0.906034169392948,0.2395482940893801,gym
ds_v2_seed1/bedroom_v38,bedroom,0.8989821306320317,0.3031976485258751,0.4653133757091108,0.8671365489130435,0.7097581317764804,0.3461108286731063,gym
ds_v1_seed0/bedroom_v63,bedroom,0.871453755228537,0.2857039763296529,0.4444319712617872,0.8318953804347826,0.8470261018399657,0.30124790747222646,gym
ds_v2_seed1/bedroom_v63,bedroom,0.8883617697064954,0.2675153643546971,0.422109856618411,0.7166100543478261,0.8698258635455324,0.27867203219315895,gym
ds_v2_seed1/bedroom_v04,bedroom,0.9570637307401411,0.28022243713733075,0.4377714825306893,0.9494395380434782,0.48171238570241065,0.4011768778123918,gym
ds_v2_seed1/bedroom_v48,bedroom,0.8351324252129115,0.20585192847642975,0.341421568627451,0.8174592391304348,0.8070683661645423,0.21650606154802612,gym
ds_v2_seed1/bedroom_v13,bedroom,0.9150537879356849,0.29468999068419416,0.45522865366165655,0.884273097826087,0.747832939322301,0.3272037696816458,gym
ds_v1_seed0/bedroom_v59,bedroom,0.8283026958213608,0.22843927185914653,0.3719178914126077,0.7365319293478261,0.8573828635430278,0.23746251680281252,gym
ds_v1_seed0/bedroom_v54,bedroom,0.9179910288494587,0.13702177129570917,0.24101872937677185,0.7226392663043478,0.8318896374719281,0.14092391304347826,gym
ds_v1_seed0/bedroom_v29,bedroom,0.942460754091403,0.2365702479338843,0.38262322472848787,0.9497961956521739,0.4024604569420035,0.3646496815286624,gym
ds_v1_seed0/bedroom_v41,bedroom,0.8903966038119591,0.2786157436393648,0.4358084045584046,0.7847486413043478,0.8791307471264368,0.2897135416666667,gym
ds_v1_seed0/bedroom_v56,bedroom,0.8688996821046155,0.2599818511796733,0.4126755491537631,0.7229959239130435,0.8452574125977282,0.2729741317707589,gym
ds_v2_seed1/bedroom_v55,bedroom,0.8823010500358655,0.2599334304139796,0.4126145463551556,0.7583220108695652,0.8760736196319019,0.26985583931753143,gym
ds_v1_seed0/bedroom_v33,bedroom,0.9249803365099822,0.261328125,0.41436977392381547,0.8715353260869565,0.674225245653817,0.29909466860400136,gym
ds_v2_seed1/bedroom_v14,bedroom,0.894161338223959,0.27572608913370056,0.43226534517442716,0.8034816576086956,0.8366571699905033,0.29141307224133367,gym
ds_v2_seed1/bedroom_v30,bedroom,0.8362834062189497,0.2181117273096172,0.35811448559213815,0.8036514945652173,0.7787973919343154,0.2325162220620043,gym
ds_v2_seed1/blue_bathroom_v51,blue_bathroom,0.9851535560641737,0.5868562282270973,0.7396463747478345,0.9254755434782609,0.9701167315175098,0.5976603701217759,gym
ds_v2_seed1/blue_bathroom_v23,blue_bathroom,0.9812416601383177,0.46900269541778977,0.6385321100917432,0.9431216032608696,0.9293119698397738,0.48635317329825717,gym
ds_v1_seed0/blue_bathroom_v42,blue_bathroom,0.9756568041826212,0.10344827586206896,0.18749999999999997,0.9885190217391304,0.18840579710144928,0.18660287081339713,gym
ds_v1_seed0/blue_bathroom_v14,blue_bathroom,0.9708260027298226,0.44186839413569723,0.6129108536296998,0.9443953804347827,0.8215530903328051,0.4887799358853479,gym
ds_v1_seed0/blue_bathroom_v19,blue_bathroom,0.9866658157323014,0.570721048798252,0.7266994342947233,0.9499490489130434,0.945691527878349,0.5900602409638555,gym
ds_v2_seed1/blue_bathroom_v36,blue_bathroom,0.984226063533661,0.5954222084751005,0.7464133385032958,0.9333559782608696,0.9662037811611176,0.6080867642413393,gym
ds_v2_seed1/blue_bathroom_v29,blue_bathroom,0.968104614764469,0.5207058488686495,0.6848212614635972,0.9427989130434783,0.9418275418275418,0.5380091163064256,gym
ds_v1_seed0/blue_bathroom_v53,blue_bathroom,0.9670267384883762,0.19022801302931597,0.3196496989600438,0.9788892663043478,0.33993015133876603,0.30165289256198347,gym
ds_v1_seed0/blue_bathroom_v11,blue_bathroom,0.9884585795092784,0.5820525532969757,0.735819492322156,0.9570482336956522,0.9219895287958115,0.6122023292195377,gym
ds_v1_seed0/blue_bathroom_v50,blue_bathroom,0.9862084525640218,0.5857931034482758,0.7388014264590762,0.9489979619565218,0.9334065934065934,0.6113430257665179,gym
ds_v2_seed1/blue_bathroom_v10,blue_bathroom,0.9793052259478762,0.42328398384925975,0.5947990543735224,0.9563349184782609,0.796875,0.47447824993713855,gym
ds_v1_seed0/blue_bathroom_v32,blue_bathroom,0.9840904308244499,0.5481143619979976,0.7081057775222765,0.9310122282608696,0.9509747153059255,0.5640526617057814,gym
ds_v1_seed0/blue_bathroom_v09,blue_bathroom,0.9847900436510025,0.49085843635730453,0.6584910067741182,0.9006793478260869,0.9829149232914923,0.4950825430277485,gym
ds_v2_seed1/blue_bathroom_v41,blue_bathroom,0.9860415533165975,0.5992690636112209,0.7494286949539867,0.9310971467391305,0.9794962867290927,0.6068820646193858,gym
ds_v1_seed0/blue_bathroom_v28,blue_bathroom,0.9896426945731437,0.5752770347726405,0.7303820497271074,0.9622452445652174,0.9058363417569194,0.6118675066043487,gym
ds_v2_seed1/blue_bathroom_v33,blue_bathroom,0.9516090360588413,0.02737226277372263,0.05328596802841919,0.9818953804347826,0.09036144578313253,0.037783375314861464,gym
ds_v2_seed1/blue_bathroom_v09,blue_bathroom,0.972626729860027,0.3189286518118388,0.48361774744027314,0.9486073369565218,0.8556763285024155,0.33705994291151287,gym
ds_v2_seed1/blue_bathroom_v30,blue_bathroom,0.9822539158275667,0.4936422006798439,0.6609912339851652,0.9316915760869565,0.9691052891744933,0.5015349194167307,gym
ds_v1_seed0/blue_bathroom_v18,blue_bathroom,0.9835803617227785,0.5953262673987997,0.7463379492515809,0.9461786684782608,0.9134012539184952,0.630937880633374,gym
ds_v1_seed0/blue_bathroom_v37,blue_bathroom,0.9659658477880212,0.37759200955379435,0.548191346835842,0.9026324728260869,0.888605007664793,0.39635327635327633,gym
ds_v1_seed0/blue_bathroom_v22,blue_bathroom,0.9819434563148962,0.540998521551234,0.702140221402214,0.9314538043478261,0.9504495504495505,0.5566998244587478,gym
ds_v1_seed0/blue_bathroom_v03,blue_bathroom,0.9594093711641521,0.01652892561983471,0.03252032520325203,0.9878736413043478,0.041237113402061855,0.026845637583892617,gym
ds_v1_seed0/blue_bathroom_v29,blue_bathroom,0.9824051957342893,0.5976398152898923,0.7481533817200847,0.9334069293478261,0.931244003837544,0.625228126677402,gym
ds_v1_seed0/blue_bathroom_v16,blue_bathroom,0.9927569238730388,0.6549394877568252,0.7914965986394558,0.9583559782608696,0.954862535904801,0.6758640720302063,gym
ds_v1_seed0/blue_bathroom_v47,blue_bathroom,0.9866865246424871,0.5848808305307793,0.7380754682166253,0.9517832880434782,0.970873786407767,0.5953266855186784,gym
ds_v2_seed1/blue_bathroom_v48,blue_bathroom,0.9877462753494652,0.6489158163265306,0.7870818023593115,0.9626019021739131,0.873015873015873,0.7165492957746479,gym
ds_v1_seed0/blue_bathroom_v43,blue_bathroom,0.9858749936632136,0.5371121587545226,0.6988587731811697,0.9282948369565217,0.959271588016448,0.5496465836418715,gym
ds_v1_seed0/blue_bathroom_v44,blue_bathroom,0.9738494087733301,0.5094699750403758,0.6750316117109231,0.943257472826087,0.9447318268445413,0.5251210653753027,gym
ds_v1_seed0/blue_bathroom_v08,blue_bathroom,0.9805082117755183,0.4843318411277264,0.6525924024640658,0.9080502717391304,0.9669138619509412,0.49249394673123487,gym
ds_v2_seed1/blue_bathroom_v28,blue_bathroom,0.9895019627228966,0.5213973799126638,0.6854190585533869,0.9813858695652173,0.7086053412462908,0.6637020566981656,gym
ds_v2_seed1/blue_bathroom_v07,blue_bathroom,0.9866486715606588,0.6169014084507042,0.7630662020905923,0.9491847826086957,0.9285026016573521,0.6476676972711386,gym
ds_v2_seed1/blue_bathroom_v20,blue_bathroom,0.9809137683183129,0.5575848303393214,0.7159607868264241,0.924711277173913,0.9511406196799456,0.574026507757115,gym
ds_v2_seed1/blue_bathroom_v53,blue_bathroom,0.9849546155283001,0.5539977790116601,0.7129968736042875,0.9454313858695652,0.9457345971563981,0.5721863799283154,gym
ds_v2_seed1/blue_bathroom_v25,blue_bathroom,0.986120999273121,0.598679158347412,0.748967239888558,0.9556216032608695,0.8836998413058264,0.6498832944314772,gym
ds_v2_seed1/blue_bathroom_v56,blue_bathroom,0.980971040396556,0.5267132551848512,0.6899963086009597,0.9286854619565217,0.9517311608961303,0.5411696583671106,gym
ds_v1_seed0/computer_room_v17,computer_room,0.9592707022968615,0.5844932232008396,0.7377667693902824,0.8453634510869565,0.9731043914298739,0.5940906350016234,gym
ds_v1_seed0/computer_room_v40,computer_room,0.9703000713393972,0.589379754242247,0.7416474919466175,0.9046535326086956,0.8825848849945236,0.6395238095238095,gym
ds_v2_seed1/computer_room_v29,computer_room,0.9589929410260151,0.5910903102790779,0.7430003268329883,0.9198709239130435,0.8221820373719108,0.6777302991155719,gym
ds_v2_seed1/computer_room_v43,computer_room,0.9528325274711205,0.5141144546595926,0.6790958940751638,0.7962466032608696,0.9847180203242573,0.5182493671919653,gym
ds_v1_seed0/computer_room_v43,computer_room,0.9722491589804444,0.5671332296526698,0.7237843202117101,0.8723675271739131,0.9568513119533528,0.5820180883135307,gym
ds_v2_seed1/computer_room_v39,computer_room,0.9724738639231256,0.6907320349227669,0.8170804369414102,0.906148097826087,0.9095732920627901,0.741662159725978,gym
ds_v1_seed0/computer_room_v59,computer_room,0.9754586357158278,0.6133689535610755,0.7603579481397971,0.8844769021739131,0.9655511811023622,0.627092050209205,gym
ds_v2_seed1/computer_room_v07,computer_room,0.9636187291679361,0.6195786061588331,0.7651108798334801,0.9003396739130435,0.8634803035778822,0.6868621532269656,gym
ds_v2_seed1/computer_room_v00,computer_room,0.9605285187036898,0.5749487679312241,0.7301174230403048,0.855570652173913,0.9516048974189278,0.5922665019050561,gym
ds_v2_seed1/computer_room_v36,computer_room,0.9655892778224683,0.5403740136201491,0.7016140350877192,0.9277853260869565,0.8671292281006071,0.5891573364761343,gym
ds_v1_seed0/computer_room_v04,computer_room,0.9495570256036899,0.47124135989741345,0.6406037414965987,0.7128736413043478,0.9952440716031442,0.4723049434187016,gym
ds_v2_seed1/computer_room_v40,computer_room,0.9653118546169331,0.641804788213628,0.7818283791362872,0.9009001358695652,0.9155792976617918,0.68217408325721,gym
ds_v2_seed1/computer_room_v16,computer_room,0.9570443989025701,0.557549185763761,0.7159314015375517,0.7960427989130435,0.9718083740046237,0.5667153503351683,gym
ds_v2_seed1/computer_room_v56,computer_room,0.961536994817679,0.6208715458850327,0.7660959284050146,0.892578125,0.9124383368569415,0.6602077888966792,gym
ds_v1_seed0/computer_room_v42,computer_room,0.961698431057164,0.5554688805928567,0.7142140707837799,0.8645040760869566,0.9552510540436949,0.5703089244851258,gym
ds_v2_seed1/computer_room_v06,computer_room,0.9649098076281991,0.6506669773402458,0.7883685640681795,0.8981487771739131,0.8913893544010854,0.7066936606352018,gym
ds_v2_seed1/computer_room_v63,computer_room,0.9641728927744209,0.615014243871123,0.7616208292961666,0.8370414402173914,0.9668222530591649,0.6282739681108332,gym
ds_v1_seed0/computer_room_v12,computer_room,0.9729152462518451,0.6474436129572453,0.7859979034973475,0.8855808423913043,0.9380544393054818,0.6763612508200306,gym
ds_v2_seed1/computer_room_v24,computer_room,0.9503931006521092,0.49568226989239944,0.6628176048754784,0.7500509510869565,0.9931342258839684,0.497386699676776,gym
ds_v2_seed1/computer_room_v48,computer_room,0.9642905724774951,0.6213119450014323,0.7664310954063605,0.8877377717391305,0.9133400707427994,0.6602337757214173,gym
ds_v1_seed0/computer_room_v29,computer_room,0.9813774482617562,0.7121608368747957,0.8318854415274463,0.9401834239130434,0.8295097572584483,0.8342747726184777,gym
ds_v1_seed0/computer_room_v64,computer_room,0.9533849764919586,0.5423228346456693,0.7032546266751756,0.7946671195652174,0.9756861676769053,0.549752484746153,gym
ds_v1_seed0/computer_room_v26,computer_room,0.94999489889706,0.5846863228990778,0.7379205770255318,0.8913892663043478,0.8534458242487439,0.6499422466069882,gym
ds_v2_seed1/computer_room_v22,computer_room,0.96615705958522,0.6336214909834542,0.7757261942018266,0.866117527173913,0.9554948135688254,0.6528901872515684,gym
ds_v1_seed0/computer_room_v58,computer_room,0.9629162085407275,0.589527401819392,0.7417643774427694,0.9057404891304348,0.823875968992248,0.6745366844376746,gym
ds_v2_seed1/computer_room_v25,computer_room,0.9599684238483448,0.526884862653419,0.6901435406698563,0.9175101902173913,0.8666880307643006,0.5733517065931736,gym
ds_v1_seed0/computer_room_v53,computer_room,0.9643674827839512,0.5707932293395287,0.7267579445571333,0.8901834239130435,0.9004188481675393,0.6092532237494687,gym
ds_v2_seed1/computer_room_v10,computer_room,0.9569040730573092,0.5615983557962135,0.7192609465957984,0.811616847826087,0.977504127682994,0.5689517097781693,gym
ds_v1_seed0/computer_room_v50,computer_room,0.958923199276672,0.5202837729816147,0.6844561288202432,0.918461277173913,0.8151221039448967,0.5898946414410332,gym
ds_v1_seed0/computer_room_v25,computer_room,0.9777617495517541,0.6565306303903263,0.7926573989587247,0.9343919836956521,0.8585048250203464,0.7361914257228315,gym
ds_v1_seed0/computer_room_v62,computer_room,0.974860901159864,0.61617345443891,0.7625090645395215,0.9332540760869565,0.7731617647058824,0.7521459227467812,gym
ds_v1_seed0/computer_room_v08,computer_room,0.9674920149457517,0.6287015945330297,0.772027972027972,0.8505095108695652,0.9677293682228427,0.6421646774957991,gym
ds_v2_seed1/computer_room_v55,computer_room,0.9690660492915908,0.5684028378612217,0.7248174055032106,0.7881963315217392,0.9899343017298535,0.5717070453912559,gym
ds_v1_seed0/computer_room_v48,computer_room,0.9639597769760688,0.6229649238914626,0.7676874770623496,0.9032438858695652,0.8756279069767442,0.6834386117766645,gym
ds_v2_seed1/computer_room_v02,computer_room,0.9670262084001945,0.5122059971017724,0.6774288662833555,0.925679347826087,0.8606480614347256,0.5585268019934363,gym
ds_v1_seed0/computer_room_v28,computer_room,0.9649188671176987,0.5691419141914191,0.7254180250289199,0.9113111413043479,0.8665829145728643,0.6238017724724182,gym
ds_v2_seed1/computer_room_v49,computer_room,0.9553244214244829,0.5450398664936028,0.7055350199222312,0.7916440217391304,0.9767395494118429,0.5522074018410671,gym
ds_v2_seed1/computer_room_v08,computer_room,0.9670723823178948,0.5979805095690971,0.7484202792064659,0.883695652173913,0.9208932284603563,0.630360789652825,gym
ds_v1_seed0/computer_room_v16,computer_room,0.9686372772192863,0.5327351164797239,0.6951430951791222,0.7700577445652174,0.9933715168286248,0.5346356331393738,gym
ds_v2_seed1/computer_room_v46,computer_room,0.9599747466703975,0.596987167565557,0.7476417840922325,0.8895889945652173,0.9153992395437263,0.6318483039170658,gym
ds_v2_seed1/green_house_v56,green_house,0.9352596449242313,0.36307323408931963,0.5327274059957486,0.8917289402173914,0.40154696132596684,0.7912040060962334,gym
ds_v2_seed1/green_house_v33,green_house,0.9465541338813089,0.49880313126738696,0.6656019337851253,0.8684273097826087,0.5329001935305502,0.8863087711231176,gym
ds_v1_seed0/green_house_v38,green_house,0.9686847681085891,0.5257352941176471,0.689156626506024,0.8926460597826087,0.5476357952325127,0.9293103448275862,gym
ds_v2_seed1/green_house_v52,green_house,0.9478043735144877,0.414,0.5855728429985856,0.8407608695652173,0.4304652976345204,0.9154228855721394,gym
ds_v2_seed1/green_house_v11,green_house,0.9433015754598417,0.561246957932553,0.7189726840855106,0.8713994565217391,0.6158052005849068,0.8636647347302719,gym
ds_v1_seed0/green_house_v61,green_house,0.9675698334415286,0.4838779329206852,0.6521802396080905,0.8782099184782609,0.4883062173155142,0.9816031537450722,gym
ds_v1_seed0/green_house_v37,green_house,0.9428162481374247,0.4766836240310077,0.645613747282943,0.8532438858695652,0.5058158216052953,0.8922013148945818,gym
ds_v2_seed1/green_house_v04,green_house,0.9644371920343352,0.5639855765692839,0.7212158283536442,0.8993716032608695,0.5973034058140441,0.9099976252671574,gym
ds_v1_seed0/green_house_v62,green_house,0.9564151600109086,0.5035952911231307,0.6698548393922722,0.8675101902173913,0.5250447820606382,0.9249649368863955,gym
ds_v1_seed0/green_house_v56,green_house,0.9497645930324474,0.4923046304895847,0.6597910646810402,0.870023777173913,0.5235642726118245,0.8918399230861676,gym
ds_v1_seed0/green_house_v36,green_house,0.9385450770207849,0.4281739355506665,0.599610348421005,0.8499150815217391,0.4531881377987809,0.885809906291834,gym
ds_v1_seed0/green_house_v06,green_house,0.9447607148808663,0.5529564251326997,0.7121338579547711,0.8769870923913043,0.6094143255560847,0.8565009560229445,gym
ds_v2_seed1/green_house_v63,green_house,0.9484702769190306,0.4249500499500499,0.5964420296205416,0.8435801630434783,0.4423214401767726,0.9154001344989913,gym
ds_v2_seed1/green_house_v08,green_house,0.9596450161789669,0.5580141666144299,0.716314624823979,0.8802479619565218,0.5868934599156118,0.9189635594095179,gym
ds_v2_seed1/green_house_v13,green_house,0.9527479161255912,0.544777031154551,0.7053147738057577,0.8734375,0.5815075639019301,0.8961012861736335,gym
ds_v1_seed0/green_house_v20,green_house,0.9486526293192995,0.43676168464304055,0.6079806961883909,0.8510020380434783,0.45581239530988277,0.9126643412932653,gym
ds_v2_seed1/green_house_v41,green_house,0.9505874607094149,0.5007859733978235,0.667364943802119,0.859765625,0.5282525510204081,0.9059389697035983,gym
ds_v2_seed1/green_house_v45,green_house,0.9270218114945811,0.4265673494723774,0.5980332434078844,0.8431046195652174,0.45914344892095943,0.8573923892701185,gym
ds_v2_seed1/green_house_v59,green_house,0.7973856626531328,0.23142250530785563,0.37586206896551727,0.852445652173913,0.3828479438021367,0.36912656977564556,gym
ds_v2_seed1/green_house_v27,green_house,0.944289768900817,0.4520496661883072,0.6226366448951529,0.8508491847826087,0.47558093737692003,0.901343617815377,gym
ds_v2_seed1/green_house_v55,green_house,0.9635047784312468,0.5558346213292118,0.7145163293182665,0.8828634510869565,0.5807037610172913,0.9284638554216867,gym
ds_v1_seed0/green_house_v00,green_house,0.9397018111199081,0.47710714920334063,0.6460020851712247,0.8500679347826087,0.5066037735849057,0.8912369993361363,gym
ds_v1_seed0/green_house_v52,green_house,0.9549574811177175,0.5413426242767374,0.7024299669007832,0.8747961956521739,0.5755390924725493,0.9010977630488816,gym
ds_v2_seed1/green_house_v36,green_house,0.9458047838032496,0.559106184776841,0.7172137346846165,0.8729959239130435,0.608508726899384,0.8732044198895028,gym
ds_v1_seed0/green_house_v10,green_house,0.9338492256179323,0.4441112670664795,0.6150651645681466,0.8520210597826087,0.4776969530606643,0.8633263053454049,gym
ds_v2_seed1/green_house_v37,green_house,0.9441795282695244,0.5516467949474678,0.7110468654899574,0.870991847826087,0.6032012391893636,0.8658513989253289,gym
ds_v2_seed1/green_house_v40,green_house,0.9512978942048183,0.5097786769664644,0.6753025257857549,0.8641983695652173,0.5425066875448555,0.89418217012582,gym
ds_v2_seed1/green_house_v09,green_house,0.9418168423522545,0.40481530343007915,0.5763253040334319,0.8467561141304348,0.425206124852768,0.8940850815850816,gym
ds_v2_seed1/green_house_v28,green_house,0.9724800008707003,0.5331718772934096,0.6955148149921019,0.8919667119565218,0.5443986511802174,0.9627617280678505,gym
ds_v2_seed1/green_house_v24,green_house,0.9642410507636346,0.5098635319551412,0.675376974361269,0.8767832880434783,0.5261066573719065,0.9429035482258871,gym
ds_v2_seed1/green_house_v46,green_house,0.9581999954460371,0.5745838668373879,0.7298231347834926,0.8871433423913043,0.6148944916415456,0.8975897589758975,gym
ds_v1_seed0/green_house_v30,green_house,0.9559060056609072,0.5884565579330332,0.740916149068323,0.8866508152173913,0.6401261067883016,0.8793770733505345,gym
ds_v1_seed0/green_house_v16,green_house,0.9377446720905958,0.53603492805313,0.6979462748708916,0.8718580163043478,0.6090693124650642,0.8171932127121028,gym
ds_v1_seed0/green_house_v09,green_house,0.9563584800567391,0.5306420851875397,0.6933588071603605,0.874609375,0.559938284027638,0.9102508178844056,gym
ds_v2_seed1/green_house_v51,green_house,0.9502921199622713,0.41934023285899097,0.5908945905300095,0.8475373641304348,0.4360957890488363,0.9160661297159813,gym
ds_v2_seed1/green_house_v42,green_house,0.9380202622227733,0.4802270343636251,0.6488559163089236,0.8569123641304348,0.5219957081545065,0.8571743200088096,gym
ds_v2_seed1/green_house_v30,green_house,0.9746083127851265,0.5632916135801543,0.720648161465075,0.9010360054347826,0.576336170539069,0.961371194678946,gym
ds_v1_seed0/green_house_v44,green_house,0.943812419288816,0.4314516129032258,0.6028169014084507,0.8587126358695653,0.4567686853339122,0.8861594609769792,gym
ds_v2_seed1/green_house_v07,green_house,0.9601714856347141,0.5165240381270437,0.6811946598155709,0.8819802989130435,0.5402809111418383,0.9215491559086395,gym
ds_v2_seed1/gym_v06,gym,0.9871946898154784,0.8009138046100929,0.8894526795895097,0.9341372282608695,0.8326750640478223,0.9545398923152227,gym
ds_v2_seed1/gym_v26,gym,0.986184592743823,0.8120446323941509,0.8962744271053001,0.9373471467391304,0.8493019290205691,0.948746949223168,gym
ds_v2_seed1/gym_v51,gym,0.9919644393392454,0.868372042068361,0.929549385792606,0.9591881793478261,0.9156174194293635,0.9439118785352784,gym
ds_v2_seed1/gym_v01,gym,0.9886362925784286,0.8587260287173557,0.9239941932807963,0.9502038043478261,0.9128719971315884,0.9353907521125282,gym
ds_v2_seed1/gym_v17,gym,0.9890791756296671,0.8634209792808697,0.9267052253689668,0.9500679347826086,0.9379289463060153,0.915746945210879,gym
ds_v2_seed1/gym_v00,gym,0.9902480316935136,0.8565946485832939,0.9227589331219208,0.9536684782608695,0.9056803023566029,0.9404940551771903,gym
ds_v2_seed1/gym_v04,gym,0.9923925670699884,0.7078310481273581,0.8289239721967779,0.9460767663043478,0.7214406302757457,0.9740407749778397,gym
ds_v2_seed1/gym_v54,gym,0.9866722431001924,0.791007323193527,0.8833099819861037,0.9306895380434783,0.8197643562254537,0.9575351807079536,gym
ds_v2_seed1/gym_v35,gym,0.9884483904326739,0.782248003992016,0.8778217198054107,0.9407099184782609,0.8109279017135467,0.9567439731461703,gym
ds_v2_seed1/gym_v25,gym,0.9902439576577616,0.8206570369423495,0.9014954714596644,0.95234375,0.8629032258064516,0.9437013082463619,gym
ds_v1_seed0/gym_v49,gym,0.9860455506751715,0.8061014223249736,0.8926424755120214,0.934476902173913,0.8422517460484168,0.9494465163085302,gym
ds_v1_seed0/gym_v27,gym,0.9897147879375082,0.7795513373597929,0.8761212121212122,0.9392493206521739,0.8011781099569293,0.9665316726522504,gym
ds_v2_seed1/gym_v24,gym,0.9840686411494226,0.7776017834095975,0.8748886175373749,0.9356148097826087,0.8196771999257931,0.9380750176928521,gym
ds_v1_seed0/gym_v01,gym,0.9901494043577965,0.8417530775910507,0.9140781007321943,0.9473845108695652,0.8764027016965378,0.9551382368283776,gym
ds_v1_seed0/gym_v55,gym,0.9875527085391881,0.8100241023422533,0.895042338158973,0.9477921195652174,0.8453947368421053,0.9508850841555426,gym
ds_v2_seed1/gym_v55,gym,0.9815996715056452,0.6348117991572031,0.7766175892350037,0.9131623641304348,0.6548294408015914,0.9540575354229283,gym
ds_v2_seed1/gym_v09,gym,0.9866259203988801,0.7671348611257789,0.8682244666228411,0.9251019021739131,0.7892649535502798,0.9647386944684242,gym
ds_v1_seed0/gym_v59,gym,0.992509347423717,0.7825464949928469,0.8780096308186197,0.9483695652173914,0.8001755412521943,0.9726173541963016,gym
ds_v2_seed1/gym_v40,gym,0.9898191123620595,0.8527957985789311,0.9205502292621925,0.9514436141304348,0.9047358933741192,0.9369272542142776,gym
ds_v2_seed1/gym_v05,gym,0.9926686903108394,0.8373106183757071,0.9114524348810872,0.9575067934782608,0.8656806722689075,0.9623346536133324,gym
ds_v2_seed1/gym_v33,gym,0.989657863085456,0.8031985051659706,0.8908597726372253,0.9391813858695652,0.8287496455911539,0.9630337374802319,gym
ds_v1_seed0/gym_v22,gym,0.9894693062909666,0.6656087932502516,0.7992378473835859,0.9266304347826086,0.6763410413717162,0.976715129486597,gym
ds_v2_seed1/gym_v49,gym,0.9813935392165962,0.7827808518198893,0.8781571229249124,0.9273267663043478,0.8226193651640438,0.9417368999633565,gym
ds_v1_seed0/gym_v04,gym,0.9818637136864132,0.7362929118300815,0.8481206215995164,0.9274626358695652,0.7761145460462089,0.9348541862652869,gym
ds_v1_seed0/gym_v00,gym,0.990201285645426,0.8563088413190975,0.922593075310251,0.9536005434782608,0.9061108637577916,0.9396860210088884,gym
ds_v1_seed0/gym_v20,gym,0.9864658390266291,0.8067578024245551,0.8930447693010508,0.9363790760869565,0.8408064516129032,0.9522040915733073,gym
ds_v1_seed0/gym_v30,gym,0.991934141068774,0.705814999591069,0.8275399146569496,0.9389096467391305,0.7160043142786028,0.9802362562471604,gym
ds_v1_seed0/gym_v42,gym,0.9909336536527423,0.8594127224748751,0.9243915695392234,0.9574728260869565,0.9042949134518816,0.9454017664134395,gym
ds_v1_seed0/gym_v31,gym,0.9801582518096535,0.7128707842340511,0.8323695993832103,0.9039911684782609,0.7369001365116035,0.956258090890509,gym
ds_v1_seed0/gym_v03,gym,0.9857326952681454,0.7639708983551244,0.8661944469350549,0.9239639945652174,0.785079640264384,0.9660022665155656,gym
ds_v1_seed0/gym_v63,gym,0.9900104825718308,0.8127179598953792,0.8966844019599002,0.9416270380434782,0.8399977472403695,0.9615756559860744,gym
ds_v2_seed1/gym_v63,gym,0.9837540266246574,0.6664115395937592,0.7998162803843979,0.9037703804347826,0.6785971223021583,0.9737611837577426,gym
ds_v2_seed1/gym_v13,gym,0.9919052449488946,0.7809469116896376,0.8770018988929096,0.9416949728260869,0.7975887911371783,0.9739773993315295,gym
ds_v2_seed1/gym_v37,gym,0.9886741463098491,0.7783209490288098,0.8753436205695856,0.9422384510869565,0.8096691076756171,0.9526126844834464,gym
ds_v1_seed0/gym_v50,gym,0.9898887869088514,0.7799273729025795,0.87635864785958,0.9403023097826086,0.8031074721165624,0.9643133612014244,gym
ds_v2_seed1/gym_v58,gym,0.9802075563712551,0.6439664028037948,0.7834301257075645,0.8999320652173913,0.6593046275674338,0.9651331280565115,gym
ds_v1_seed0/gym_v07,gym,0.9850037349961183,0.706424628691743,0.8279587821389268,0.9123811141304348,0.7216602720613882,0.970981619084865,gym
ds_v1_seed0/gym_v39,gym,0.9905048576247654,0.8438932172318974,0.9153384906950011,0.953719429347826,0.894251198931585,0.9374443171694031,gym
ds_v1_seed0/gym_v09,gym,0.9906399456076902,0.8572143452877398,0.923118376145141,0.9563858695652174,0.9034810126582279,0.943628351083364,gym
ds_v2_seed1/gym_v41,gym,0.9887089377803626,0.8491590376836279,0.9184272638305222,0.9518682065217391,0.9196449158404427,0.9172128320110383,gym
ds_v2_seed1/living_room_contemp_v02,living_room_contemp,0.9504341460105427,0.5451155249290637,0.7055984049530405,0.9047044836956522,0.6563201561737433,0.762877240753347,gym
ds_v2_seed1/living_room_contemp_v51,living_room_contemp,0.9531776140127588,0.6092581362441883,0.7571913076246702,0.9015115489130435,0.7258569479007787,0.7913530544372483,gym
ds_v1_seed0/living_room_contemp_v64,living_room_contemp,0.9223996908064968,0.6166915052160954,0.7629056047197639,0.8471127717391305,0.8347550432276657,0.702444466000582,gym
ds_v2_seed1/living_room_contemp_v06,living_room_contemp,0.9537174411772726,0.619329956251439,0.7649212612420462,0.8876868206521739,0.6988178747726682,0.8448370632116216,gym
ds_v1_seed0/living_room_contemp_v01,living_room_contemp,0.9291639321007403,0.6242869875222816,0.7686904990534719,0.8568104619565218,0.8333729922665081,0.7133255257395997,gym
ds_v1_seed0/living_room_contemp_v40,living_room_contemp,0.9555368749645854,0.4598223725946289,0.6299703049177953,0.9132302989130435,0.5204020581548403,0.7979816513761467,gym
ds_v2_seed1/living_room_contemp_v57,living_room_contemp,0.945320744679245,0.6286142864532147,0.7719621419043385,0.8780570652173914,0.7704450361354127,0.773485234215886,gym
ds_v1_seed0/living_room_contemp_v41,living_room_contemp,0.9576334465017577,0.611448395490026,0.7588805166846072,0.8934782608695652,0.6867042371112503,0.848010997508377,gym
ds_v1_seed0/living_room_contemp_v62,living_room_contemp,0.9620777580099509,0.4018214936247723,0.5732848232848233,0.9163383152173913,0.4324359644537376,0.8502055498458376,gym
ds_v2_seed1/living_room_contemp_v56,living_room_contemp,0.9246223875861685,0.6204639845618156,0.7657855903901416,0.8463485054347826,0.8288964860169254,0.7116050808314087,gym
ds_v2_seed1/living_room_contemp_v61,living_room_contemp,0.9087021044458664,0.5996617540468713,0.7497356894728892,0.831148097826087,0.8136371086707097,0.6951407365915138,gym
ds_v2_seed1/living_room_contemp_v41,living_room_contemp,0.9424464358668917,0.5961743456117494,0.7470040440767262,0.8841881793478261,0.7618434993189042,0.7327316398573405,gym
ds_v1_seed0/living_room_contemp_v47,living_room_contemp,0.9247759082309037,0.2566800662095058,0.40850503339919086,0.8932235054347826,0.2854325532474362,0.7181607674495534,gym
ds_v2_seed1/living_room_contemp_v33,living_room_contemp,0.9563892452679199,0.5906302662622177,0.7426367758613384,0.8968580163043478,0.6664638320529398,0.8384688995215311,gym
ds_v2_seed1/living_room_contemp_v42,living_room_contemp,0.9494399717255548,0.5939436983471075,0.745250536719731,0.8931895380434782,0.7284605638264174,0.7628327390330873,gym
ds_v2_seed1/living_room_contemp_v35,living_room_contemp,0.9358628875882651,0.46049992285141184,0.6306058845280229,0.8812330163043478,0.5283235970968313,0.7819992139394734,gym
ds_v1_seed0/living_room_contemp_v21,living_room_contemp,0.9550094277304808,0.48637002341920377,0.6544400327724208,0.9068783967391304,0.54349419030671,0.8222996515679443,gym
ds_v1_seed0/living_room_contemp_v17,living_room_contemp,0.9113686136579998,0.6004320518462215,0.7503374493825926,0.8303668478260869,0.848685326547922,0.6724161103893195,gym
ds_v1_seed0/living_room_contemp_v36,living_room_contemp,0.8910300782364243,0.5650700934579439,0.722101963126073,0.8103091032608696,0.8282534246575343,0.6400688103744873,gym
ds_v1_seed0/living_room_contemp_v15,living_room_contemp,0.9501424177552262,0.5440901910096223,0.704738873645538,0.8921705163043478,0.6247011295242807,0.8082995519522083,gym
ds_v1_seed0/living_room_contemp_v28,living_room_contemp,0.9587115906547302,0.5642827614716825,0.7214587737843552,0.9104959239130435,0.6481481481481481,0.8134684147794994,gym
ds_v1_seed0/living_room_contemp_v65,living_room_contemp,0.948458226567626,0.5148050666227998,0.6796981050116739,0.8998131793478261,0.6027542372881356,0.7791609610357276,gym
ds_v2_seed1/living_room_contemp_v17,living_room_contemp,0.9292048845870104,0.6033116394386151,0.7525818744132103,0.8478260869565217,0.8267807304938721,0.690604094871275,gym
ds_v2_seed1/living_room_contemp_v22,living_room_contemp,0.9384490743072391,0.5984791284651062,0.748810688619724,0.8735563858695652,0.7234028683181225,0.7760682565214351,gym
ds_v1_seed0/living_room_contemp_v08,living_room_contemp,0.8924029875156275,0.3607152835987706,0.5301848049281315,0.8445652173913043,0.4372195411057489,0.6733602816534099,gym
ds_v1_seed0/living_room_contemp_v35,living_room_contemp,0.9529706139917328,0.6001267828843106,0.7500990412804057,0.8928668478260869,0.6920827545873236,0.8187321629334948,gym
ds_v1_seed0/living_room_contemp_v30,living_room_contemp,0.9084018313469913,0.24603948330489886,0.3949144254278728,0.894921875,0.29401485364788116,0.6012507444907683,gym
ds_v1_seed0/living_room_contemp_v19,living_room_contemp,0.9228446333808018,0.5770061728395062,0.7317741461982581,0.8603430706521739,0.7626461789502311,0.7033042824001505,gym
ds_v2_seed1/living_room_contemp_v60,living_room_contemp,0.9284711971688935,0.618854054054054,0.7645581792926595,0.8503057065217391,0.839798133912329,0.7016915910762441,gym
ds_v2_seed1/living_room_contemp_v26,living_room_contemp,0.922111574514,0.6208654463712268,0.7660912850739245,0.8395889945652174,0.8320064550833781,0.7098535958511175,gym
ds_v1_seed0/living_room_contemp_v50,living_room_contemp,0.948555484210386,0.5476190476190477,0.7076923076923076,0.8986752717391304,0.6498110491272269,0.7768932874354562,gym
ds_v1_seed0/living_room_contemp_v10,living_room_contemp,0.8977188452205931,0.5740839491125161,0.7294197357595702,0.8100883152173913,0.8428116087904713,0.6429211278419997,gym
ds_v1_seed0/living_room_contemp_v54,living_room_contemp,0.9160536391671631,0.6148336974993931,0.7614823723972037,0.8383322010869565,0.8237111725483819,0.7079955269779145,gym
ds_v1_seed0/living_room_contemp_v12,living_room_contemp,0.9514534702645201,0.5890199110767447,0.7413625304136253,0.8916779891304348,0.6821641791044776,0.8118117229129662,gym
ds_v1_seed0/living_room_contemp_v16,living_room_contemp,0.8581297228818475,0.23944481382978725,0.38637430429826325,0.8445822010869565,0.3014544313068955,0.5379014189693802,gym
ds_v2_seed1/living_room_contemp_v13,living_room_contemp,0.9429897114062458,0.5056961541402248,0.6717107601685879,0.8902004076086957,0.5952659526595266,0.7706828245164298,gym
ds_v1_seed0/living_room_contemp_v03,living_room_contemp,0.9288505866539509,0.5467331315648923,0.70695211786372,0.8702785326086957,0.6644789037143888,0.7552258381834577,gym
ds_v2_seed1/living_room_contemp_v55,living_room_contemp,0.8825898098186876,0.25732362627838445,0.40931963879506444,0.8544667119565217,0.29995958779551424,0.6441744413104795,gym
ds_v1_seed0/living_room_contemp_v06,living_room_contemp,0.8740793041311098,0.2770159973881815,0.4338489070688994,0.8495584239130435,0.3423096318709027,0.5922177630430989,gym
ds_v1_seed0/living_room_contemp_v39,living_room_contemp,0.9530541020054895,0.5980190121651267,0.7484504347102625,0.8972995923913043,0.7008413836086008,0.8029991966437562,gym
ds_v1_seed0/livingroom_v53,livingroom,0.9077934383594617,0.4395177494976557,0.6106458217010982,0.8578804347826087,0.7140369967355822,0.5334092017558121,gym
ds_v2_seed1/livingroom_v60,livingroom,0.9359351345396197,0.49317215133199016,0.6605697151424288,0.8846467391304348,0.7893228233608026,0.5679298788347512,gym
ds_v1_seed0/livingroom_v16,livingroom,0.9070107484997344,0.39403584030997024,0.5653166567401231,0.8512567934782609,0.7956132998044146,0.4384141647421093,gym
ds_v2_seed1/livingroom_v61,livingroom,0.8868168786406053,0.40019569471624267,0.5716282320055904,0.8542459239130434,0.6193618171984857,0.5307257391787932,gym
ds_v1_seed0/livingroom_v12,livingroom,0.9438124065815665,0.5293825760260863,0.6922827346465817,0.8872452445652174,0.7992294520547946,0.6105796745973346,gym
ds_v1_seed0/livingroom_v59,livingroom,0.8675870340588901,0.3818814098785807,0.5526978033695884,0.8218919836956522,0.694798927613941,0.4588526912181303,gym
ds_v2_seed1/livingroom_v25,livingroom,0.9227712396689097,0.38308255388369256,0.5539547192002352,0.8711786684782609,0.7679765204630686,0.43322295805739514,gym
ds_v2_seed1/livingroom_v52,livingroom,0.8977427058617504,0.39893617021276595,0.5703422053231938,0.8503057065217391,0.7373329972271238,0.46502384737678853,gym
ds_v1_seed0/livingroom_v15,livingroom,0.93300571199872,0.4864091559370529,0.6544754571703562,0.8841542119565218,0.7410806470115866,0.5859941944847605,gym
ds_v1_seed0/livingroom_v43,livingroom,0.8683240763145962,0.38883817174852414,0.5599474145486417,0.8294497282608696,0.5326385994164236,0.5902078521939954,gym
ds_v1_seed0/livingroom_v27,livingroom,0.9313551846571917,0.45939432886175596,0.6295684720387494,0.8856997282608695,0.7171159874608151,0.5610713234572746,gym
ds_v2_seed1/livingroom_v40,livingroom,0.8951257163639158,0.3137094373325394,0.47759333748796096,0.8433933423913044,0.6829228775113415,0.3671922641345065,gym
ds_v2_seed1/livingroom_v59,livingroom,0.8633413216134104,0.3721565059144677,0.5424403183023873,0.8359375,0.6152358439883958,0.48504870817450235,gym
ds_v1_seed0/livingroom_v20,livingroom,0.9329574481012026,0.5339771355535042,0.6961996019071426,0.8885360054347826,0.7409597004630998,0.6565392002793784,gym
ds_v1_seed0/livingroom_v62,livingroom,0.9240569291009705,0.45887961859356374,0.6290849673202615,0.8766304347826087,0.7565708671088185,0.5383674182835169,gym
ds_v1_seed0/livingroom_v39,livingroom,0.9568685114699992,0.5582643500409351,0.7165207238762404,0.9175271739130435,0.7668374359615144,0.6724005697381396,gym
ds_v2_seed1/livingroom_v11,livingroom,0.9242962761973718,0.4906917499510092,0.6583410017089524,0.867578125,0.753309265944645,0.5846369367265936,gym
ds_v1_seed0/livingroom_v41,livingroom,0.9347779864795557,0.46999120373502945,0.6394476409666283,0.8669667119565218,0.8525837731680374,0.5115628222124025,gym
ds_v2_seed1/livingroom_v43,livingroom,0.8751346764899094,0.32815208598174045,0.4941483576245378,0.8025305706521739,0.7785851384699753,0.36192721942514816,gym
ds_v2_seed1/livingroom_v02,livingroom,0.9169793458035235,0.3261598165461281,0.4918861399308327,0.8702445652173914,0.7540783034257749,0.3649822345045401,gym
ds_v1_seed0/livingroom_v14,livingroom,0.9456573920366969,0.511349104859335,0.676679005817028,0.8961616847826087,0.7807199511897498,0.5971068595426972,gym
ds_v1_seed0/livingroom_v61,livingroom,0.9191306383268258,0.42361370251511304,0.5951245085190039,0.8688349184782609,0.4834752981260647,0.7738241308793457,gym
ds_v2_seed1/livingroom_v46,livingroom,0.943360496056525,0.5123080484605294,0.6775181140932749,0.8926630434782609,0.7886671418389166,0.5938282647584974,gym
ds_v1_seed0/livingroom_v22,livingroom,0.9418656051726527,0.4991992882562278,0.6659545427571064,0.904398777173913,0.7186219262295082,0.6204799292270264,gym
ds_v2_seed1/livingroom_v38,livingroom,0.9368706857894079,0.5012602394454947,0.6677859391395593,0.8924592391304348,0.7245815780485028,0.6192468619246861,gym
ds_v2_seed1/livingroom_v09,livingroom,0.857186410540415,0.4080700418728588,0.5796161124628277,0.8151324728260869,0.6129717366443391,0.5497033184382096,gym
ds_v2_seed1/livingroom_v07,livingroom,0.9298249894977557,0.47420792867377803,0.6433392731788973,0.8878226902173914,0.6559850236758066,0.6311718584445857,gym
ds_v1_seed0/livingroom_v05,livingroom,0.9008754391078676,0.40871721257992955,0.580268642890227,0.84609375,0.770479704797048,0.46537890044576524,gym
ds_v2_seed1/livingroom_v28,livingroom,0.9217422567737118,0.4228697693688717,0.5943899834999514,0.8580502717391304,0.8019905709795705,0.47216653816499615,gym
ds_v2_seed1/livingroom_v26,livingroom,0.7924589041695436,0.07224278312361214,0.1347507938699434,0.8935631793478261,0.08336180389477281,0.3513318934485241,gym
ds_v1_seed0/livingroom_v63,livingroom,0.8908829073531402,0.4036047634373994,0.575097454712222,0.8426460597826086,0.7267037552155772,0.4758290961523867,gym
ds_v1_seed0/livingroom_v10,livingroom,0.8844248533537903,0.3750538959039113,0.5455115570686258,0.8276834239130435,0.7487702902115101,0.4290445321307779,gym
ds_v2_seed1/livingroom_v12,livingroom,0.9315923235127671,0.49264076006541546,0.6600928679501227,0.8893512228260869,0.6714786116123553,0.6490868048430125,gym
ds_v1_seed0/livingroom_v33,livingroom,0.9417682856428657,0.4720598977355734,0.6413596327999007,0.9018002717391305,0.7188542825361512,0.5789473684210527,gym
ds_v1_seed0/livingroom_v57,livingroom,0.9361777616858956,0.4730549607423269,0.6422774076317384,0.8996942934782609,0.673868835790544,0.6135153899560287,gym
ds_v2_seed1/livingroom_v10,livingroom,0.8963230720357717,0.4390374331550802,0.610182088442958,0.8574728260869565,0.6794951375956962,0.5537008936098465,gym
ds_v1_seed0/livingroom_v45,livingroom,0.9228470662965573,0.44028294862248696,0.6113839631908186,0.8723335597826087,0.7486705495062042,0.5166448230668415,gym
ds_v2_seed1/livingroom_v13,livingroom,0.9414875287296911,0.48524815125409776,0.6534236731341752,0.8853260869565217,0.7938388625592417,0.5552163293789253,gym
ds_v2_seed1/livingroom_v30,livingroom,0.9129340100457926,0.46231551798251896,0.6323061094507864,0.8725373641304348,0.7509600837891307,0.5460314774073447,gym
ds_v1_seed0/minigym_v42,minigym,0.9418196028945675,0.7268959113970223,0.8418526057068244,0.8601222826086956,0.8526917690991132,0.8312855517633675,gym
ds_v2_seed1/minigym_v32,minigym,0.9664444494082264,0.751462109585632,0.8580969071188367,0.8982336956521739,0.8221919673247107,0.8972809667673716,gym
ds_v1_seed0/minigym_v55,minigym,0.9488906314778369,0.6519778551656398,0.7893300181076187,0.8676120923913043,0.7213139046678192,0.8715087132967295,gym
ds_v1_seed0/minigym_v09,minigym,0.9446948854617894,0.6890122175197636,0.8158759426045434,0.8677139945652174,0.810758750293634,0.8210581406413551,gym
ds_v1_seed0/minigym_v33,minigym,0.9633215392254566,0.7430974888602008,0.8526172444274553,0.8952275815217391,0.8217361271010822,0.8859100387250521,gym
ds_v2_seed1/minigym_v21,minigym,0.9589867827820813,0.7697102783877594,0.8698715126285875,0.8895720108695652,0.8580227416298168,0.8820521146196931,gym
ds_v1_seed0/minigym_v27,minigym,0.9700916044026,0.8103026755277022,0.8952123713693341,0.9064368206521739,0.8531032482598608,0.9416943455120252,gym
ds_v1_seed0/minigym_v35,minigym,0.9593208780632193,0.7354053267960278,0.8475314849399032,0.8918478260869566,0.8315636158616801,0.864124597207304,gym
ds_v2_seed1/minigym_v49,minigym,0.9427041400644657,0.7511723790639852,0.8579079798705969,0.865726902173913,0.8678593505690703,0.8481822381747752,gym
ds_v2_seed1/minigym_v30,minigym,0.9691393773172915,0.7039106145251397,0.8262295081967213,0.8946841032608696,0.7411392086873461,0.9333924275041154,gym
ds_v1_seed0/minigym_v31,minigym,0.9305703674244323,0.7120351162021586,0.8317996628266368,0.8373301630434783,0.9020377071034089,0.7717097331291343,gym
ds_v2_seed1/minigym_v15,minigym,0.9608620362720737,0.7512653388195026,0.8579686038049694,0.883984375,0.899311306773603,0.8202600087464716,gym
ds_v1_seed0/minigym_v29,minigym,0.9597696423554871,0.7066324383469405,0.8281014968066481,0.8816066576086956,0.7657333090113098,0.9015302013422819,gym
ds_v2_seed1/minigym_v33,minigym,0.959429696285479,0.0923545779780045,0.16909267345948567,0.8836616847826086,0.09258767268862912,0.973463687150838,gym
ds_v1_seed0/minigym_v40,minigym,0.9690730011269609,0.6360035211267606,0.7775087436104384,0.8876358695652173,0.6643296362278029,0.9371706526145116,gym
ds_v1_seed0/minigym_v00,minigym,0.961490010434727,0.7571373006612213,0.8617850185939436,0.8939538043478261,0.85324800561059,0.87049458903497,gym
ds_v1_seed0/minigym_v11,minigym,0.9886234115472997,0.4397407064426511,0.6108609758338693,0.9280740489130435,0.4404399098979727,0.9964028776978417,gym
ds_v2_seed1/minigym_v37,minigym,0.9102022187324739,0.6767602026296318,0.8072235989001664,0.8070991847826087,0.932622166444427,0.7115499700777977,gym
ds_v1_seed0/minigym_v28,minigym,0.962225317449073,0.6828460856996317,0.8115371827551813,0.8844769021739131,0.733056361998198,0.9088370361176616,gym
ds_v2_seed1/minigym_v52,minigym,0.9667952442110228,0.7567264168024624,0.8615187994722955,0.8859035326086957,0.7871402742202802,0.9514205062830086,gym
ds_v1_seed0/minigym_v50,minigym,0.9665236159657209,0.6902401735956996,0.8167362063431856,0.8933254076086956,0.7420996818663839,0.9080646207746708,gym
ds_v1_seed0/minigym_v07,minigym,0.9644897713653029,0.7397349643221203,0.8503996062530762,0.8915930706521739,0.7974856037628028,0.9108344211266192,gym
ds_v2_seed1/minigym_v01,minigym,0.9363028972822692,0.6978627513115735,0.8220484850998527,0.8542629076086956,0.8626392757660167,0.7851059615765498,gym
ds_v2_seed1/minigym_v07,minigym,0.9687207270654693,0.7033865505563619,0.8258683859240535,0.8958729619565218,0.7448258196721311,0.9267002358340238,gym
ds_v2_seed1/minigym_v26,minigym,0.9361979605203002,0.717553660688033,0.8355531208271989,0.8368546195652173,0.9276618390542442,0.7600834708941975,gym
ds_v2_seed1/minigym_v50,minigym,0.9481155027802038,0.7238614383682082,0.8398139458974254,0.8666440217391305,0.8804808144757668,0.8027378027378027,gym
ds_v1_seed0/minigym_v34,minigym,0.9667358675600424,0.6510993254724268,0.7886858354643547,0.8849184782608696,0.6839571614019905,0.9312859036676977,gym
ds_v2_seed1/minigym_v35,minigym,0.9686063732847218,0.7533555648186745,0.8593300525402374,0.899507472826087,0.8243477467615399,0.8974129797904563,gym
ds_v1_seed0/minigym_v20,minigym,0.9546388401162887,0.731268221574344,0.8447775017892476,0.8747622282608696,0.8015178749750349,0.8929731654131993,gym
ds_v2_seed1/minigym_v53,minigym,0.9625258415781809,0.7495155414308968,0.8568263884273719,0.890234375,0.8197965239508266,0.8973597512876432,gym
ds_v1_seed0/minigym_v05,minigym,0.9669810985321093,0.7498211505281319,0.8570260455496501,0.899031929347826,0.8195575180534475,0.8980846774193548,gym
ds_v2_seed1/minigym_v45,minigym,0.98659969046138,0.6377019280875456,0.7787765492005408,0.9527683423913044,0.6445029624753127,0.9837218649517685,gym
ds_v1_seed0/minigym_v17,minigym,0.9293341131021201,0.7000906165047027,0.823592118806058,0.8369904891304348,0.9031724916354255,0.7569001047261917,gym
ds_v1_seed0/minimal_interior_v42,minimal_interior,0.9500716270777596,0.47595490105844457,0.6449450463792968,0.9226392663043478,0.6507786691835772,0.6392150803461063,gym
ds_v1_seed0/minimal_interior_v65,minimal_interior,0.8332907248735294,0.051220350635957375,0.0974493132766514,0.953125,0.06208333333333333,0.22644376899696048,gym
ds_v1_seed0/minimal_interior_v13,minimal_interior,0.9340735825195078,0.4238063364569389,0.595314581211314,0.9122792119565217,0.6572664359861592,0.5440355148217099,gym
ds_v2_seed1/minimal_interior_v10,minimal_interior,0.9269077480798159,0.39909171466548515,0.570501147969282,0.9078634510869565,0.6122344944774851,0.5340942780907204,gym
ds_v2_seed1/minimal_interior_v04,minimal_interior,0.9635445646711274,0.49751792608935463,0.6644567219152855,0.9381114130434782,0.6373432255785197,0.693979611463743,gym
ds_v2_seed1/minimal_interior_v53,minimal_interior,0.9222865512392321,0.3624901497241923,0.5320994794679005,0.9038213315217392,0.6624151409175066,0.44462855564761117,gym
ds_v2_seed1/minimal_interior_v27,minimal_interior,0.9288713388234988,0.39454378725355344,0.5658392240670722,0.9102921195652174,0.6335357997423154,0.5112134264072479,gym
ds_v1_seed0/minimal_interior_v46,minimal_interior,0.9568672914176471,0.31468185194355036,0.4787193973634651,0.9529891304347826,0.3938642702200186,0.6101776284205472,gym
ds_v2_seed1/minimal_interior_v08,minimal_interior,0.9275485336749709,0.3871006057726571,0.5581435177256379,0.9123641304347826,0.5921148255813954,0.5278587625526401,gym
ds_v2_seed1/minimal_interior_v25,minimal_interior,0.9141881979493239,0.28131194809875654,0.4390998593530239,0.9322690217391304,0.43312985571587126,0.4452367370222476,gym
ds_v2_seed1/minimal_interior_v33,minimal_interior,0.9484999520818349,0.4762510602205259,0.645216891697788,0.9161005434782609,0.5748656257998465,0.7351882160392799,gym
ds_v2_seed1/minimal_interior_v30,minimal_interior,0.9517344965502795,0.3364672699494653,0.5035174111853676,0.9041100543478261,0.36217583807716636,0.8257859821171041,gym
ds_v1_seed0/minimal_interior_v24,minimal_interior,0.9134236263254625,0.37234158577816556,0.5426368910434713,0.9022588315217391,0.5191605839416058,0.5683369402363909,gym
ds_v2_seed1/minimal_interior_v29,minimal_interior,0.9197353889224809,0.3853890362511052,0.5563621858795372,0.9055536684782609,0.5412075120285581,0.5723900196979645,gym
ds_v1_seed0/minimal_interior_v43,minimal_interior,0.9511914208617641,0.4442426443879404,0.6151911468812877,0.9220448369565217,0.5386083382266589,0.7171618451915559,gym
ds_v2_seed1/minimal_interior_v22,minimal_interior,0.9605942535800301,0.3959445037353255,0.5672782874617737,0.9423233695652173,0.47604790419161674,0.701765447667087,gym
ds_v1_seed0/minimal_interior_v11,minimal_interior,0.940164520354458,0.4514018691588785,0.6220218931101095,0.9202445652173913,0.6517119244391971,0.5949191685912241,gym
ds_v1_seed0/minimal_interior_v09,minimal_interior,0.9567893894497391,0.45185659411011525,0.6224534791427815,0.9272927989130435,0.7126413570274637,0.5525285736652575,gym
ds_v1_seed0/minimal_interior_v40,minimal_interior,0.9476640682629119,0.33557302231237324,0.5025154247745609,0.9109884510869565,0.36902272410427994,0.7873289708506841,gym
ds_v1_seed0/minimal_interior_v26,minimal_interior,0.9496897438215824,0.36262866191607285,0.5322486926205694,0.9453125,0.5005464480874317,0.5682382133995038,gym
ds_v1_seed0/minimal_interior_v63,minimal_interior,0.9662772574032175,0.45296990704269735,0.6235090002168727,0.9410326086956522,0.5283955155302335,0.7603808516265538,gym
ds_v2_seed1/minimal_interior_v60,minimal_interior,0.9112429736532887,0.365562618490019,0.5354022049816252,0.9033797554347827,0.5671280276816609,0.5070378963650425,gym
ds_v1_seed0/minimal_interior_v37,minimal_interior,0.9457597225546759,0.4632952691680261,0.6332218506131548,0.9161854619565217,0.6639650872817955,0.6051996022162239,gym
ds_v2_seed1/minimal_interior_v51,minimal_interior,0.9010871677036917,0.2807486631016043,0.4384133611691023,0.9040591032608696,0.41737649063032367,0.46168341708542715,gym
ds_v1_seed0/minimal_interior_v29,minimal_interior,0.9555284467472531,0.37509912767644726,0.5455594002306805,0.9063179347826087,0.4040761532828899,0.8395030425963489,gym
ds_v2_seed1/minimal_interior_v37,minimal_interior,0.9219108900968913,0.3906604691384715,0.5618344345122426,0.9042629076086957,0.537797619047619,0.5881204231082181,gym
ds_v2_seed1/minimal_interior_v16,minimal_interior,0.9411976705967069,0.3333333333333333,0.4999999999999999,0.9397418478260869,0.5524758642167549,0.4566280566280566,gym
ds_v1_seed0/minimal_interior_v23,minimal_interior,0.9065550751320095,0.3075702075702076,0.4704454197404053,0.9036854619565218,0.423717409587889,0.5287573467674224,gym
ds_v1_seed0/minimal_interior_v04,minimal_interior,0.9274808686441515,0.3483939757430361,0.5167539784521102,0.9169667119565217,0.5258499295916315,0.5079673532841041,gym
ds_v2_seed1/minimal_interior_v35,minimal_interior,0.9249464429284667,0.3958904109589041,0.5672227674190382,0.9026324728260869,0.577822208551215,0.5570051890289103,gym
ds_v2_seed1/minimal_interior_v02,minimal_interior,0.9257141457211386,0.08777573529411764,0.16138572032108153,0.9662873641304348,0.09973890339425587,0.4225663716814159,gym
ds_v1_seed0/minimal_interior_v31,minimal_interior,0.9304704051079401,0.38063543890493534,0.5513916681826451,0.9162364130434782,0.5139901644904189,0.5946635275652344,gym
ds_v2_seed1/minimal_interior_v61,minimal_interior,0.9093377692532689,0.1738679571379191,0.2962308598351001,0.9594089673913043,0.24009546539379475,0.3866256725595696,gym
ds_v2_seed1/minimal_interior_v23,minimal_interior,0.9153282662658848,0.33352885969028623,0.5002199348992699,0.903515625,0.5257026627218935,0.4770934720590703,gym
ds_v1_seed0/minimal_interior_v25,minimal_interior,0.9547442995340485,0.3129496402877698,0.4767123287671232,0.9091711956521739,0.33265055305202784,0.8408698653779773,gym
ds_v1_seed0/minimal_interior_v18,minimal_interior,0.9169809246768796,0.3672945205479452,0.5372573575453976,0.8995923913043479,0.567741935483871,0.5098796612687565,gym
ds_v2_seed1/minimal_interior_v40,minimal_interior,0.9304047198734093,0.3712454945935122,0.5414719626168225,0.9200067934782609,0.6287587610219308,0.47546589160540265,gym
ds_v1_seed0/minimal_interior_v44,minimal_interior,0.9096379499086004,0.2848713119899561,0.4434238811803791,0.9032608695652173,0.3751033228632832,0.5421744324970131,gym
ds_v2_seed1/minimal_interior_v26,minimal_interior,0.9583284401209714,0.3843078460769615,0.5552346570397113,0.9163043478260869,0.41601298350013527,0.834508952794357,gym
ds_v2_seed1/scandinavian_v01,scandinavian,0.9321897813298634,0.585250647569709,0.7383698577470202,0.9075407608695653,0.8312953143599178,0.6641307166940434,gym
ds_v2_seed1/scandinavian_v02,scandinavian,0.9599116515649695,0.6843541540327471,0.8126012601260126,0.9469599184782609,0.8303899926416483,0.7955586887557279,gym
ds_v1_seed0/scandinavian_v17,scandinavian,0.9342405282131663,0.5618304977945809,0.7194513086892934,0.9055197010869566,0.8036277602523659,0.6512371039897745,gym
ds_v1_seed0/scandinavian_v15,scandinavian,0.911276357964046,0.5234130372900655,0.6871584061288364,0.8862601902173913,0.73979078656206,0.6415176624509377,gym
ds_v1_seed0/scandinavian_v10,scandinavian,0.9321793475245514,0.5665106951871658,0.7232771495626201,0.9118885869565218,0.8402528194323956,0.6348909073883322,gym
ds_v1_seed0/scandinavian_v18,scandinavian,0.8172443627801073,0.35929814604615967,0.5286524477227654,0.769921875,0.505994405221793,0.5534348364537044,gym
ds_v2_seed1/scandinavian_v50,scandinavian,0.9413455900303381,0.5880916287687384,0.7406268229304767,0.9169327445652173,0.755654149983768,0.7261855241264559,gym
ds_v2_seed1/scandinavian_v31,scandinavian,0.9201236973419431,0.4725837943377807,0.641842992099884,0.8898947010869566,0.5411775666107695,0.78851635672594,gym
ds_v2_seed1/scandinavian_v25,scandinavian,0.9544320779577367,0.64668073676132,0.7854354791727353,0.9374490489130435,0.8038397328881469,0.7678551087823214,gym
ds_v2_seed1/scandinavian_v16,scandinavian,0.9048026019346285,0.4945512020630563,0.6618056328620728,0.8968070652173913,0.7226206393582107,0.6104322825752131,gym
ds_v1_seed0/scandinavian_v06,scandinavian,0.7828091568217744,0.30915353303413007,0.47229530415371124,0.7751698369565218,0.4444444444444444,0.5038700348728418,gym
ds_v1_seed0/scandinavian_v50,scandinavian,0.94622173607897,0.5905030987969376,0.7425362443412985,0.9236922554347826,0.7301927194860813,0.7553042667288412,gym
ds_v1_seed0/scandinavian_v13,scandinavian,0.9052749003020467,0.48258134343502673,0.651001505680522,0.8700917119565217,0.7730819245773732,0.5622192450153677,gym
ds_v2_seed1/scandinavian_v10,scandinavian,0.8322954307945692,0.34647750566404145,0.5146428428348223,0.7942425271739131,0.4792568273392031,0.5556709057876978,gym
ds_v2_seed1/scandinavian_v30,scandinavian,0.9103728268166771,0.49961767854411987,0.6663267387313889,0.8888586956521739,0.6794925124792013,0.6536614645858343,gym
ds_v2_seed1/scandinavian_v61,scandinavian,0.9114549044309029,0.5317871003511365,0.6943355251251735,0.9139436141304348,0.7808683853459973,0.6250678831323992,gym
ds_v1_seed0/scandinavian_v34,scandinavian,0.9296842650233712,0.5124552195284512,0.6776467996033932,0.9006114130434782,0.6266299918500408,0.7377068841448788,gym
ds_v1_seed0/scandinavian_v04,scandinavian,0.8500909196224797,0.410494834148994,0.582057905085007,0.8158797554347826,0.6430701081863872,0.5316197183098591,gym
ds_v1_seed0/scandinavian_v27,scandinavian,0.9461520694957237,0.5875853395616242,0.740225202285973,0.9220278532608696,0.7361845807540799,0.7443104233045061,gym
ds_v2_seed1/scandinavian_v41,scandinavian,0.9513966805842847,0.6543074390530689,0.7910348749052312,0.9251019021739131,0.8373796147672552,0.7495510057471264,gym
ds_v1_seed0/scandinavian_v43,scandinavian,0.9110891987016932,0.516412213740458,0.6810974075006293,0.8708899456521739,0.6717974180734856,0.6906584992343032,gym
ds_v2_seed1/scandinavian_v24,scandinavian,0.8472022951460915,0.3807291379405438,0.5514899736358552,0.8093070652173913,0.5690849134377576,0.5349504029758214,gym
ds_v2_seed1/scandinavian_v32,scandinavian,0.9259238487129761,0.5249917790200592,0.6885175202156334,0.9018682065217392,0.8378378378378378,0.5843704245973645,gym
ds_v1_seed0/scandinavian_v55,scandinavian,0.9564681107034938,0.6357983354061035,0.7773554009006374,0.9353430706521739,0.7993745489535723,0.7565167899829255,gym
ds_v1_seed0/scandinavian_v64,scandinavian,0.9413551498561357,0.5770989731642074,0.7318487716802539,0.9167629076086956,0.8525175270873168,0.6411042944785276,gym
ds_v1_seed0/scandinavian_v32,scandinavian,0.949269908418744,0.5979361742786165,0.7483855536952881,0.9285326086956521,0.7474023647438194,0.7493713327745181,gym
ds_v2_seed1/scandinavian_v54,scandinavian,0.914849758342642,0.5169387396875549,0.6815551955565842,0.9065217391304348,0.749554594044286,0.6248673880755358,gym
ds_v2_seed1/scandinavian_v37,scandinavian,0.8453132832955285,0.3823953823953824,0.5532359081419624,0.7964673913043478,0.5318996415770609,0.5763554450831132,gym
ds_v2_seed1/scandinavian_v28,scandinavian,0.93966845929995,0.5864958504552413,0.7393600812595225,0.9128396739130434,0.8035990284831088,0.6846313017306245,gym
ds_v2_seed1/scandinavian_v39,scandinavian,0.8943157433649118,0.4752849052646298,0.6443296526230985,0.8725373641304348,0.6448491747296529,0.6438109669476276,gym
ds_v1_seed0/scandinavian_v60,scandinavian,0.9382037161066082,0.5803325256913694,0.7344435633095426,0.9146908967391304,0.8168881571210161,0.6671148674606223,gym
ds_v1_seed0/scandinavian_v42,scandinavian,0.9565580404284544,0.6541256623769871,0.7909020182142694,0.9224014945652174,0.8640135986401359,0.729198312236287,gym
ds_v2_seed1/scandinavian_v12,scandinavian,0.8434446208137197,0.35167734640030157,0.5203569436698271,0.8247282608695652,0.49113879628004914,0.5532713975093893,gym
ds_v1_seed0/scandinavian_v40,scandinavian,0.9367702513924472,0.5395146745368093,0.7008892912295649,0.9046025815217391,0.6526180087266957,0.7568717653824036,gym
ds_v1_seed0/scandinavian_v07,scandinavian,0.8445815948227563,0.37468115781301986,0.545117179621637,0.8084748641304348,0.494366403277729,0.6074799964038479,gym
ds_v2_seed1/scandinavian_v65,scandinavian,0.9145786688377773,0.5107648487894781,0.676167239658423,0.9008152173913043,0.7359971028488653,0.6253333333333333,gym
ds_v2_seed1/scandinavian_v42,scandinavian,0.952749045610644,0.637677762150336,0.7787585285557517,0.9212466032608696,0.837627014266653,0.7276212553495007,gym
ds_v1_seed0/scandinavian_v37,scandinavian,0.9332649887792116,0.5573684210526316,0.7157823589050355,0.9000169836956522,0.8188445819065503,0.6357632933104631,gym
ds_v1_seed0/scandinavian_v45,scandinavian,0.9365926815842339,0.574674776144619,0.7298964647819324,0.9144870923913043,0.7930753089298205,0.6760409420649905,gym
ds_v2_seed1/scandinavian_v46,scandinavian,0.9485050631640358,0.6330385852090032,0.7752891951759783,0.922469429347826,0.8134490238611713,0.7405491818694753,gym
ds_v1_seed0/sunlight_v02,sunlight,0.9346091265911627,0.5340879950177675,0.6962938198490782,0.7840013586956521,0.5448667638375004,0.9642833520735499,gym
ds_v1_seed0/sunlight_v20,sunlight,0.9211909644219707,0.4709348144256389,0.6403204408613123,0.7605638586956521,0.478604118993135,0.9670930949445129,gym
ds_v2_seed1/sunlight_v49,sunlight,0.9242584797233439,0.4825058674851056,0.6509328267329144,0.7565896739130434,0.49448638247483717,0.9521875445347014,gym
ds_v2_seed1/sunlight_v55,sunlight,0.9446622148162468,0.2759085395984008,0.4324895257543218,0.7262398097826087,0.27749164181801755,0.9797415855798373,gym
ds_v1_seed0/sunlight_v59,sunlight,0.9421484246740425,0.24573628301335151,0.39452376295716796,0.737109375,0.24674625697230648,0.9836161497952018,gym
ds_v2_seed1/sunlight_v31,sunlight,0.9590235919273111,0.24417044985555098,0.39250321350085005,0.751171875,0.24447314049586777,0.9949548034475509,gym
ds_v2_seed1/sunlight_v22,sunlight,0.9329373691152189,0.5117566212250659,0.6770357265713303,0.7767663043478261,0.5207120719631113,0.9674859550561797,gym
ds_v1_seed0/sunlight_v04,sunlight,0.9270858518718567,0.37658254380816636,0.5471267168133509,0.7474354619565218,0.38184909670563233,0.9646692439862543,gym
ds_v1_seed0/sunlight_v32,sunlight,0.9517058081965458,0.39088929051392557,0.5620710335176917,0.7767663043478261,0.39393797870353076,0.9805859102534294,gym
ds_v2_seed1/sunlight_v26,sunlight,0.9360786269967568,0.48897113249444857,0.6567906144362696,0.7654891304347826,0.4989049165470886,0.9608727272727273,gym
ds_v1_seed0/sunlight_v21,sunlight,0.9511999788868808,0.29116248410942136,0.45100827772307917,0.7443104619565217,0.2920011332514874,0.9902321857485988,gym
ds_v2_seed1/sunlight_v42,sunlight,0.9457954472075808,0.4299038181288254,0.6013045250713412,0.7674592391304348,0.43373240915774,0.9798804213723071,gym
ds_v1_seed0/sunlight_v28,sunlight,0.9458681383236679,0.3735340372949899,0.54390211986391,0.7632133152173913,0.37622194062273717,0.9812322946175638,gym
ds_v2_seed1/sunlight_v16,sunlight,0.9312170813401244,0.5079348059189364,0.6736827135035198,0.7661854619565217,0.5181012796675052,0.9628048780487805,gym
ds_v2_seed1/sunlight_v33,sunlight,0.9401592724928802,0.4159079824418794,0.5874788299796194,0.7559273097826087,0.4193508728792722,0.9806420699568759,gym
ds_v1_seed0/sunlight_v42,sunlight,0.9442404587651684,0.4741815727303409,0.6433150183150182,0.7883152173913044,0.4799726705952686,0.9751865347909076,gym
ds_v2_seed1/sunlight_v65,sunlight,0.942166923015692,0.4581786498977195,0.6284259475748838,0.7570822010869566,0.4621351062203882,0.9816573330086844,gym
ds_v2_seed1/sunlight_v41,sunlight,0.9430427236089501,0.39656541177453725,0.567915270464337,0.7547214673913043,0.40027835181983046,0.9771440337691754,gym
ds_v1_seed0/sunlight_v08,sunlight,0.9356980470098584,0.3460884353741497,0.5142135186355021,0.7387907608695652,0.3490865425851274,0.9757851834092544,gym
ds_v2_seed1/sunlight_v53,sunlight,0.9247685393231023,0.45847998048576505,0.6287093228843121,0.7360733695652174,0.465256904416705,0.9692081031307551,gym
ds_v1_seed0/sunlight_v11,sunlight,0.9391876162833782,0.4528343182315605,0.6233805363061163,0.7452445652173914,0.45656491357116585,0.9822756765310967,gym
ds_v2_seed1/sunlight_v05,sunlight,0.949108192859253,0.4404013922162455,0.6114981484968305,0.7897418478260869,0.44498744005480706,0.9771336876943135,gym
ds_v1_seed0/sunlight_v43,sunlight,0.9522497311002497,0.2764762434853008,0.43318666508106396,0.7571501358695653,0.27712126591266417,0.9916515426497278,gym
ds_v2_seed1/sunlight_v02,sunlight,0.9469168276230886,0.30484356062306417,0.4672492087518921,0.7369904891304347,0.3065083950171511,0.9824942129629629,gym
ds_v1_seed0/sunlight_v50,sunlight,0.9497142249999205,0.3049691318050339,0.4673966983160751,0.7265794836956522,0.306039338012304,0.9886634009797061,gym
ds_v1_seed0/sunlight_v25,sunlight,0.9526421348659989,0.14718715457560066,0.25660530452862723,0.7510360054347827,0.1475046641791045,0.9855862874951306,gym
ds_v2_seed1/sunlight_v64,sunlight,0.9319148486161246,0.476549381028625,0.6454906109494842,0.7723505434782608,0.4837469277729327,0.969723458359822,gym
ds_v1_seed0/sunlight_v26,sunlight,0.9477089209001249,0.37505962792176817,0.545517620190223,0.7329993206521739,0.37750570159644703,0.9830172952698479,gym
ds_v1_seed0/sunlight_v44,sunlight,0.9289682251104242,0.43668457405986183,0.6079059829059829,0.7382133152173913,0.4434095294641532,0.9664348107408606,gym
ds_v2_seed1/sunlight_v21,sunlight,0.9421551542960543,0.4995753166660512,0.6662890634619646,0.7698539402173913,0.5057196261682243,0.9762574871905896,gym
ds_v1_seed0/sunlight_v19,sunlight,0.9275222684881442,0.47793471896955503,0.6467602565054842,0.7576936141304348,0.48844427823485415,0.956919920873324,gym
ds_v2_seed1/sunlight_v54,sunlight,0.9243730614499351,0.47240562652504664,0.6416786488923549,0.7502887228260869,0.4810714024702185,0.9632691885563767,gym
ds_v1_seed0/sunlight_v47,sunlight,0.9551402044685843,0.1791307955606265,0.30383532723434203,0.7311820652173913,0.17933541017653168,0.9936708860759493,gym
ds_v1_seed0/sunlight_v16,sunlight,0.9309224818495531,0.3062063478030236,0.4688483535821855,0.7334408967391305,0.30957275652484806,0.9657047260560435,gym
ds_v1_seed0/sunlight_v24,sunlight,0.9351557019975966,0.4703232644409115,0.6397549107947379,0.7623471467391304,0.47720551522832894,0.9702483210994847,gym
ds_v2_seed1/sunlight_v23,sunlight,0.9474772836395313,0.33296273419806466,0.49958296005684105,0.7248811141304348,0.33476856835306784,0.9840574418887672,gym
ds_v2_seed1/sunlight_v19,sunlight,0.928249750983569,0.40748531512938563,0.5790260271268646,0.7464504076086956,0.4144264147896989,0.9605201609130882,gym
ds_v1_seed0/sunlight_v07,sunlight,0.9372630189571007,0.37075405505798836,0.5409490545585932,0.7410665760869565,0.3735601114484135,0.9801418439716312,gym
ds_v2_seed1/sunlight_v25,sunlight,0.9493213325999196,0.31057575621376243,0.4739531534003224,0.7394870923913044,0.3122599304080618,0.9829302987197724,gym
ds_v2_seed1/sunlight_v45,sunlight,0.9207750640664962,0.5083199714947444,0.6740214027544825,0.7656419836956522,0.5251997202076354,0.9405327004219409,gym
ds_v2_seed1/terrazzo_v37,terrazzo,0.8861652926369538,0.47347270144103915,0.6426623322956555,0.7797044836956522,0.8067505879098077,0.534041481617142,gym
ds_v2_seed1/terrazzo_v38,terrazzo,0.9046894682486526,0.4165587685225147,0.5881277611333977,0.8622452445652173,0.5910993161171787,0.5851859337105901,gym
ds_v1_seed0/terrazzo_v07,terrazzo,0.8897244782507863,0.449726432863934,0.6204293757347027,0.791610054347826,0.777424606558648,0.5161888093889947,gym
ds_v1_seed0/terrazzo_v15,terrazzo,0.8764447301038603,0.4819644162807702,0.650439930926733,0.7112092391304348,0.8791819495387352,0.5161500815660686,gym
ds_v1_seed0/terrazzo_v11,terrazzo,0.8892901222426698,0.45029994419642855,0.6209749176346103,0.732319972826087,0.8379413291796469,0.4932569245463228,gym
ds_v2_seed1/terrazzo_v13,terrazzo,0.9013123618193661,0.43569154091097884,0.6069431051108968,0.6538722826086957,0.9255882352941176,0.45150645624103297,gym
ds_v1_seed0/terrazzo_v53,terrazzo,0.9174379818662393,0.4481926389117437,0.6189682599803046,0.8291440217391305,0.7667980480480481,0.5189254413819383,gym
ds_v2_seed1/terrazzo_v03,terrazzo,0.9193315540081052,0.4190554414784394,0.5906117960294033,0.8798743206521739,0.532178992385522,0.6634590377113134,gym
ds_v2_seed1/terrazzo_v10,terrazzo,0.910361040199179,0.4320693391115926,0.6034195793614767,0.5548573369565217,0.9858597844358746,0.4347636490493633,gym
ds_v1_seed0/terrazzo_v60,terrazzo,0.899213238597798,0.4201939946359072,0.5917416863090336,0.5116847826086957,0.9866470950329087,0.42259719715253413,gym
ds_v2_seed1/terrazzo_v58,terrazzo,0.8526798925447603,0.4186789772727273,0.5902377972465582,0.638569972826087,0.9150994089199355,0.43559938611947935,gym
ds_v1_seed0/terrazzo_v49,terrazzo,0.9481175791879055,0.46298173124399056,0.632928930493632,0.649031929347826,0.9807872281860721,0.46721913353613764,gym
ds_v1_seed0/terrazzo_v03,terrazzo,0.8762298915566753,0.461501889247554,0.6315447043112009,0.6345108695652174,0.9300554715078164,0.47809518871837414,gym
ds_v2_seed1/terrazzo_v40,terrazzo,0.883905047962582,0.4224082696168468,0.593933933933934,0.7703464673913043,0.8536037980146741,0.45539949343771585,gym
ds_v2_seed1/terrazzo_v07,terrazzo,0.9023600834380461,0.474908350305499,0.6439835400038665,0.7810631793478261,0.8025745164177049,0.5377271469421641,gym
ds_v2_seed1/terrazzo_v43,terrazzo,0.9530792856601144,0.4449123051224944,0.6158329520001926,0.7290930706521739,0.9637418965777175,0.4524862856131658,gym
ds_v2_seed1/terrazzo_v47,terrazzo,0.9056306654163769,0.4664281399563217,0.6361418295890237,0.8049762228260869,0.7995857893898359,0.5281767955801105,gym
ds_v1_seed0/terrazzo_v19,terrazzo,0.9591071896849186,0.4715777048212771,0.6409144461434336,0.7567085597826086,0.9753566796368353,0.47726424251474653,gym
ds_v1_seed0/terrazzo_v20,terrazzo,0.8813625550254082,0.45076405076405074,0.6214160745527905,0.819921875,0.6404180158963791,0.6035092586171025,gym
ds_v1_seed0/terrazzo_v04,terrazzo,0.8806263352672898,0.41404759514007433,0.5856204509142553,0.6035665760869565,0.944727647631594,0.42432661881608397,gym
ds_v2_seed1/terrazzo_v63,terrazzo,0.8924246954494686,0.4563638395351436,0.6267167958259803,0.8347486413043478,0.6625567813108372,0.5945552482166254,gym
ds_v1_seed0/terrazzo_v05,terrazzo,0.896149846445143,0.4490786076738182,0.6198126247888189,0.579585597826087,0.9685130075837574,0.455732225133255,gym
ds_v1_seed0/terrazzo_v22,terrazzo,0.9259449245376704,0.4636740482164285,0.6335755543133967,0.8329993206521739,0.7754264343701541,0.5355972782258065,gym
ds_v2_seed1/terrazzo_v16,terrazzo,0.8905167819024591,0.4919182822202209,0.6594440031771248,0.8179517663043478,0.7629199441299713,0.5806848701880036,gym
ds_v1_seed0/terrazzo_v42,terrazzo,0.8657956803185831,0.380704679337557,0.5514643138896492,0.526851222826087,0.9699269411564818,0.3852521707832816,gym
ds_v1_seed0/terrazzo_v58,terrazzo,0.8694270140405106,0.4407814936752729,0.6118644577407619,0.780757472826087,0.7684464919568008,0.5082925367169547,gym
ds_v1_seed0/terrazzo_v23,terrazzo,0.9603040482919879,0.5006333523339034,0.6672294089096166,0.7321841032608696,0.9883095773943485,0.5036156860246568,gym
ds_v2_seed1/terrazzo_v04,terrazzo,0.9663654521546504,0.44567744199306986,0.6165655339805826,0.7853600543478261,0.9740222392638037,0.45103870738636365,gym
ds_v1_seed0/terrazzo_v55,terrazzo,0.8656232424856865,0.44605874340795587,0.6169303224248279,0.7306216032608696,0.8043327665470118,0.5003525816814228,gym
ds_v1_seed0/terrazzo_v41,terrazzo,0.9242348779311583,0.4045014914580132,0.576007208134895,0.8881114130434783,0.5277122641509434,0.6340323037687731,gym
ds_v1_seed0/terrazzo_v47,terrazzo,0.8936412555106732,0.507092371435535,0.6729413286758523,0.8282608695652174,0.7109273559762181,0.6388087196806878,gym
ds_v2_seed1/terrazzo_v48,terrazzo,0.9176789484536992,0.46986984448951996,0.6393353074777909,0.7869395380434783,0.8401843735831948,0.5159868207341408,gym
ds_v1_seed0/terrazzo_v18,terrazzo,0.8488236326004367,0.44651437675052036,0.6173659715067326,0.634171195652174,0.9052406751406543,0.4684080004312901,gym
ds_v1_seed0/terrazzo_v61,terrazzo,0.9341001655805435,0.4371369683342702,0.6083441981747066,0.8979619565217392,0.5789081885856079,0.640934065934066,gym
ds_v2_seed1/terrazzo_v56,terrazzo,0.9003845430852142,0.4960186338768214,0.6631182562097183,0.8419836956521739,0.6784973325429757,0.6484209035547372,gym
ds_v2_seed1/terrazzo_v55,terrazzo,0.8579640340338428,0.41445678912226636,0.5860296225513616,0.6321161684782609,0.9063608418065736,0.4329972605834675,gym
ds_v2_seed1/terrazzo_v51,terrazzo,0.8711087830064708,0.40528876046962437,0.5768049554942482,0.7238451086956522,0.8344126506024097,0.4407366160210007,gym
ds_v2_seed1/terrazzo_v19,terrazzo,0.8498089646804041,0.42243565117172494,0.5939610003781126,0.7446671195652174,0.7737668003659137,0.4819636204251589,gym
ds_v2_seed1/terrazzo_v06,terrazzo,0.8860234103693843,0.48797175016552635,0.6558884603975081,0.7635869565217391,0.8175767287070135,0.5475934945925864,gym
ds_v2_seed1/terrazzo_v53,terrazzo,0.9296687220251216,0.43061921452323176,0.6020039576593272,0.5695991847826087,0.9918749676551261,0.4321435818809046,gym
ds_v2_seed1/bedroom_v36,bedroom,0.9158878168389258,0.3256177666562402,0.49126946672958943,0.9267663043478261,0.6563682219419924,0.3925339366515837,living_room_contemp
ds_v2_seed1/bedroom_v60,bedroom,0.933873338070378,0.2773333333333333,0.4342379958246346,0.9447690217391305,0.5026178010471204,0.3822358346094946,living_room_contemp
ds_v2_seed1/bedroom_v58,bedroom,0.8219796952096368,0.22608732052409058,0.3687948105155343,0.6860054347826087,0.8625039923347173,0.2345405593190898,living_room_contemp
ds_v1_seed0/bedroom_v40,bedroom,0.8671530725940149,0.32964793082149474,0.4958424304361964,0.8156759510869566,0.7350227241426801,0.3741062666479742,living_room_contemp
ds_v1_seed0/bedroom_v61,bedroom,0.9327516946574812,0.25600568585643213,0.40765052059755547,0.9111073369565217,0.46073164492197494,0.36553683783235236,living_room_contemp
ds_v1_seed0/bedroom_v12,bedroom,0.8730664945606335,0.29906278627298993,0.4604285326823976,0.8310631793478261,0.7745939039970797,0.3275702377276937,living_room_contemp
ds_v2_seed1/bedroom_v62,bedroom,0.8760662577688415,0.3109972111253486,0.4744437417351807,0.8447520380434783,0.7838145896656535,0.3401764366394591,living_room_contemp
ds_v1_seed0/bedroom_v32,bedroom,0.8868888839964646,0.29447146147939596,0.4549678695007415,0.8127377717391304,0.7788119817227958,0.3213462747014873,living_room_contemp
ds_v2_seed1/bedroom_v59,bedroom,0.8595021254520369,0.3333135814173975,0.4999777787653882,0.8089164402173913,0.8105187319884726,0.3614806246385194,living_room_contemp
ds_v2_seed1/bedroom_v24,bedroom,0.8701241798236455,0.23349573690621195,0.3785918830848228,0.8931216032608695,0.6576329331046312,0.2658069883527454,living_room_contemp
ds_v1_seed0/bedroom_v46,bedroom,0.9396257851286335,0.2782476686185209,0.4353579911774686,0.9434782608695652,0.3962322421247684,0.48305722891566266,living_room_contemp
ds_v1_seed0/bedroom_v58,bedroom,0.9234041095574211,0.27419354838709675,0.43037974683544306,0.9235733695652174,0.5434782608695652,0.3562447611064543,living_room_contemp
ds_v1_seed0/bedroom_v14,bedroom,0.8864095702559631,0.30697226237180814,0.46974564221391335,0.8289911684782608,0.6969839037349586,0.35424940428911833,living_room_contemp
ds_v2_seed1/bedroom_v08,bedroom,0.9189225364080085,0.2862651695588069,0.44511066043558767,0.8931216032608695,0.6385024032380471,0.3416350839198701,living_room_contemp
ds_v1_seed0/bedroom_v38,bedroom,0.8678222222883327,0.24394989663139974,0.3922182031479128,0.7888247282608696,0.7857422640031335,0.26133402813965606,living_room_contemp
ds_v2_seed1/bedroom_v47,bedroom,0.882337931682246,0.36220661792997305,0.5317939483811742,0.7747792119565218,0.8462748623440836,0.3877162273476112,living_room_contemp
ds_v1_seed0/bedroom_v31,bedroom,0.9074669428955003,0.25480913736098587,0.40613210371878555,0.8315726902173913,0.7120957580848383,0.2840747256429589,living_room_contemp
ds_v2_seed1/bedroom_v50,bedroom,0.8619251818611219,0.2194259354177345,0.3598839897440209,0.7413552989130435,0.8207438650306749,0.23047106325706596,living_room_contemp
ds_v2_seed1/bedroom_v39,bedroom,0.8778449886582426,0.28331273176761435,0.4415334232325178,0.7538213315217391,0.8556069882036733,0.29753868522172605,living_room_contemp
ds_v1_seed0/bedroom_v48,bedroom,0.7845800282165942,0.25483166209175956,0.40616071428571426,0.7740828804347826,0.6995232969398739,0.286154620368623,living_room_contemp
ds_v2_seed1/bedroom_v12,bedroom,0.9162563700052125,0.33015907369332326,0.4964204360559714,0.8948709239130435,0.6168621107966034,0.41532806969779473,living_room_contemp
ds_v2_seed1/bedroom_v11,bedroom,0.9169956069805928,0.25989178221170106,0.4125620722050731,0.9256623641304348,0.5786897590361446,0.3205422314911366,living_room_contemp
ds_v1_seed0/bedroom_v07,bedroom,0.8786179551116743,0.2711131345322103,0.4265759312320917,0.8912364130434782,0.5553742131032875,0.34627126035761013,living_room_contemp
ds_v2_seed1/bedroom_v44,bedroom,0.8388622339762851,0.2557500698389049,0.4073263876014979,0.728515625,0.8915760428501867,0.2639596347909659,living_room_contemp
ds_v2_seed1/bedroom_v38,bedroom,0.8896467314730157,0.31624004068486183,0.4805203168265826,0.8629925271739131,0.6552511415525114,0.37935943060498223,living_room_contemp
ds_v1_seed0/bedroom_v63,bedroom,0.864121612241796,0.2947017568224429,0.45524269241083404,0.8274966032608696,0.7712157005269853,0.32293410439811293,living_room_contemp
ds_v2_seed1/bedroom_v63,bedroom,0.8870588828501698,0.318739054290718,0.4833997343957503,0.735733695652174,0.8822103732428502,0.33290653008962867,living_room_contemp
ds_v2_seed1/bedroom_v04,bedroom,0.9526377301440283,0.2641952135147818,0.41796585003711956,0.9467391304347826,0.45058023209283715,0.38975424022152994,living_room_contemp
ds_v2_seed1/bedroom_v48,bedroom,0.7975291424631669,0.2427346853439264,0.3906460296096904,0.8154551630434783,0.701651893634166,0.2706714330121231,living_room_contemp
ds_v2_seed1/bedroom_v13,bedroom,0.9084311872266393,0.3060624493106245,0.46867965535977646,0.8837466032608695,0.7219033955045433,0.34697161245833813,living_room_contemp
ds_v1_seed0/bedroom_v59,bedroom,0.8173985343717559,0.25672797676669895,0.40856570636265593,0.7391983695652173,0.80096647538508,0.2742219005273498,living_room_contemp
ds_v1_seed0/bedroom_v54,bedroom,0.9157923431055593,0.15769514379016117,0.2724294813466788,0.7283967391304348,0.8363128491620112,0.1627173913043478,living_room_contemp
ds_v1_seed0/bedroom_v29,bedroom,0.9351376591339713,0.22405431619786614,0.36608557844690964,0.9456521739130435,0.3643533123028391,0.3678343949044586,living_room_contemp
ds_v1_seed0/bedroom_v41,bedroom,0.866267780859384,0.26056181027756103,0.41340584516071976,0.7746773097826087,0.8171648313231953,0.2766927083333333,living_room_contemp
ds_v1_seed0/bedroom_v56,bedroom,0.863375893799006,0.2977170993733214,0.45883205132627364,0.7335427989130435,0.831375,0.3168500786051165,living_room_contemp
ds_v2_seed1/bedroom_v55,bedroom,0.8663154945607169,0.26138419393187573,0.4144402556957876,0.7573029891304348,0.8595954445011049,0.2730414124507316,living_room_contemp
ds_v1_seed0/bedroom_v33,bedroom,0.9017274093971962,0.22000905387052966,0.3606679035250464,0.8536854619565217,0.536660777385159,0.27159941879959765,living_room_contemp
ds_v2_seed1/bedroom_v14,bedroom,0.8706813910275661,0.2744709813141938,0.4307214292649772,0.8008491847826087,0.8091937249179132,0.29346387933315693,living_room_contemp
ds_v2_seed1/bedroom_v30,bedroom,0.7911007151018431,0.2305045871559633,0.374650512581547,0.7948709239130435,0.6645848640705364,0.2608507570295602,living_room_contemp
ds_v2_seed1/blue_bathroom_v51,blue_bathroom,0.9840600483583587,0.6295544691449129,0.7726706668176158,0.9317934782608696,0.9430703330109161,0.6544251606098379,living_room_contemp
ds_v2_seed1/blue_bathroom_v23,blue_bathroom,0.9781070561363102,0.47178467655604833,0.6411055694098088,0.9413383152173913,0.8709768492377188,0.5072344623479119,living_room_contemp
ds_v1_seed0/blue_bathroom_v42,blue_bathroom,0.9722146222164678,0.07481296758104738,0.13921113689095124,0.987398097826087,0.13513513513513514,0.14354066985645933,living_room_contemp
ds_v1_seed0/blue_bathroom_v14,blue_bathroom,0.9685993798137231,0.5522658610271903,0.7115609186453873,0.9370754076086957,0.6059400689472288,0.8617763530077315,living_room_contemp
ds_v1_seed0/blue_bathroom_v19,blue_bathroom,0.98428207566099,0.576206062331009,0.7311303719754424,0.9494225543478261,0.9127592425608656,0.609789156626506,living_room_contemp
ds_v2_seed1/blue_bathroom_v36,blue_bathroom,0.9770947526380985,0.5862441130298273,0.7391600173192305,0.9283797554347826,0.8958020989505248,0.6291460461198273,living_room_contemp
ds_v2_seed1/blue_bathroom_v29,blue_bathroom,0.9156298051020342,0.37474788221056876,0.54518779342723,0.8947010869565217,0.5439906309471527,0.5463902367298926,living_room_contemp
ds_v1_seed0/blue_bathroom_v53,blue_bathroom,0.9711224189965054,0.15188076650106458,0.2637091805298829,0.9797044836956522,0.3267175572519084,0.22107438016528927,living_room_contemp
ds_v1_seed0/blue_bathroom_v11,blue_bathroom,0.9852443644652875,0.5349840255591054,0.6970548444166927,0.9505604619565218,0.8685165975103735,0.5821310620545802,living_room_contemp
ds_v1_seed0/blue_bathroom_v50,blue_bathroom,0.9569822472622548,0.5128574595433385,0.6779983881603047,0.9253566576086957,0.6903909280811698,0.6660428962141932,living_room_contemp
ds_v2_seed1/blue_bathroom_v10,blue_bathroom,0.9790467226330648,0.46619748347195566,0.6359272727272727,0.9574898097826087,0.7543133195307108,0.5496605481518733,living_room_contemp
ds_v1_seed0/blue_bathroom_v32,blue_bathroom,0.9648466362260378,0.5031178857765021,0.6694323719215066,0.9147418478260869,0.7879398542861572,0.5819118488838008,living_room_contemp
ds_v1_seed0/blue_bathroom_v09,blue_bathroom,0.9832791981736462,0.4981425485961123,0.6650135516982875,0.9013417119565217,0.9685872669242399,0.5063224446786091,living_room_contemp
ds_v2_seed1/blue_bathroom_v41,blue_bathroom,0.979671173614425,0.5981912144702842,0.7485852869846402,0.9260529891304348,0.885398169648955,0.6483945183555067,living_room_contemp
ds_v1_seed0/blue_bathroom_v28,blue_bathroom,0.987733063931269,0.5514950166112956,0.7109207708779443,0.9587296195652174,0.8573888091822095,0.6071936598252388,living_room_contemp
ds_v2_seed1/blue_bathroom_v33,blue_bathroom,0.958494032690692,0.04178537511870845,0.08021877848678215,0.9828634510869565,0.14521452145214522,0.055415617128463476,living_room_contemp
ds_v2_seed1/blue_bathroom_v09,blue_bathroom,0.9720304701812646,0.29473684210526313,0.45528455284552855,0.9453804347826087,0.7905882352941176,0.3196955280685062,living_room_contemp
ds_v2_seed1/blue_bathroom_v30,blue_bathroom,0.9737815035306523,0.4856332470094956,0.6537727234996266,0.9291610054347826,0.9311894064790731,0.5037093885904323,living_room_contemp
ds_v1_seed0/blue_bathroom_v18,blue_bathroom,0.9746744079635669,0.5735581622678397,0.7289951855878242,0.9407269021739131,0.8551648752049553,0.6352686425768034,living_room_contemp
ds_v1_seed0/blue_bathroom_v37,blue_bathroom,0.9123797893369793,0.42905644362710427,0.6004751534349634,0.8629076086956522,0.5307550966838743,0.6912820512820513,living_room_contemp
ds_v1_seed0/blue_bathroom_v22,blue_bathroom,0.9798667221017661,0.5330298656600422,0.6953939745075318,0.9285665760869565,0.9122173665209956,0.561849034523113,living_room_contemp
ds_v1_seed0/blue_bathroom_v03,blue_bathroom,0.9409005920507593,0.013957307060755337,0.027530364372469633,0.9796025815217392,0.021573604060913704,0.03803131991051454,living_room_contemp
ds_v1_seed0/blue_bathroom_v29,blue_bathroom,0.9781238752455,0.5817216153923239,0.7355549923973644,0.9291100543478261,0.8973566238985933,0.6231884057971014,living_room_contemp
ds_v1_seed0/blue_bathroom_v16,blue_bathroom,0.9854770087247606,0.6305084745762712,0.7733887733887733,0.9518682065217391,0.8604982206405694,0.7022945106012198,living_room_contemp
ds_v1_seed0/blue_bathroom_v47,blue_bathroom,0.9682021323842666,0.5298090661124821,0.6926473085413483,0.9385190217391305,0.8062858272385847,0.6070843875576722,living_room_contemp
ds_v2_seed1/blue_bathroom_v48,blue_bathroom,0.9568726255559674,0.4845580404685836,0.6527977044476326,0.9260190217391304,0.5964171278764928,0.7209507042253521,living_room_contemp
ds_v1_seed0/blue_bathroom_v43,blue_bathroom,0.9744649801641438,0.5147500258772384,0.6796501298346317,0.9203804347826087,0.8692536269882888,0.5579490631661618,living_room_contemp
ds_v1_seed0/blue_bathroom_v44,blue_bathroom,0.9427119333676296,0.42717273056932187,0.5986279325823665,0.9195142663043478,0.6797461050201962,0.5348062953995157,living_room_contemp
ds_v1_seed0/blue_bathroom_v08,blue_bathroom,0.9798283866203,0.4835402558314522,0.651873454637672,0.906742527173913,0.9436490455212923,0.4979176755447942,living_room_contemp
ds_v2_seed1/blue_bathroom_v28,blue_bathroom,0.9869132460402004,0.4666146036704412,0.6363152289669861,0.9768002717391304,0.6106285130301482,0.6642579210672596,living_room_contemp
ds_v2_seed1/blue_bathroom_v07,blue_bathroom,0.9838483066955105,0.6224528066008251,0.7672985051625829,0.9487092391304348,0.898898718180177,0.6693103911816104,living_room_contemp
ds_v2_seed1/blue_bathroom_v20,blue_bathroom,0.9763097464630914,0.5528312901342674,0.7120300751879699,0.9219429347826087,0.9124779187409667,0.5837871159971232,living_room_contemp
ds_v2_seed1/blue_bathroom_v53,blue_bathroom,0.9664030668104363,0.5537313432835821,0.712776176753122,0.9390625,0.8069603045133225,0.6382795698924731,living_room_contemp
ds_v2_seed1/blue_bathroom_v25,blue_bathroom,0.9863046453251522,0.6056085918854416,0.7543664065403196,0.9550951086956522,0.8518673940411247,0.6768922974324775,living_room_contemp
ds_v2_seed1/blue_bathroom_v56,blue_bathroom,0.9716344895535904,0.5396757679180887,0.7010252147409255,0.9266983695652173,0.8722634028615756,0.5859872611464968,living_room_contemp
ds_v1_seed0/computer_room_v17,computer_room,0.9627481961334247,0.6969414480401296,0.8214089517880033,0.8840523097826087,0.9419246460283177,0.728234148151584,living_room_contemp
ds_v1_seed0/computer_room_v40,computer_room,0.9709500324114089,0.6760286951813752,0.8067030082778114,0.9186990489130434,0.8211261816687218,0.7927777777777778,living_room_contemp
ds_v2_seed1/computer_room_v29,computer_room,0.9637649504151866,0.614793394718819,0.7614514608859566,0.9140285326086957,0.724119386931971,0.8028420948027427,living_room_contemp
ds_v2_seed1/computer_room_v43,computer_room,0.9551409340262406,0.6624815656263702,0.7969791416926395,0.8561820652173913,0.965439126394052,0.6785743447374867,living_room_contemp
ds_v1_seed0/computer_room_v43,computer_room,0.9713924999875085,0.6954762168754851,0.8203904129745282,0.9067085597826087,0.91797160837114,0.741561742625761,living_room_contemp
ds_v2_seed1/computer_room_v39,computer_room,0.9738995135773373,0.7482738628577452,0.8560144709074464,0.9188858695652173,0.858914634884143,0.8531338260921819,living_room_contemp
ds_v1_seed0/computer_room_v59,computer_room,0.9767095055905368,0.7293879338661995,0.8435214789958531,0.9160495923913043,0.9264307071830888,0.7742329149232915,living_room_contemp
ds_v2_seed1/computer_room_v07,computer_room,0.9656955670484996,0.6746111538234076,0.805692894476621,0.9065557065217391,0.7920427718372448,0.8198217622538451,living_room_contemp
ds_v2_seed1/computer_room_v00,computer_room,0.9634320725471787,0.6826741540397928,0.811415748439253,0.888671875,0.9194757775314598,0.7260838224693646,living_room_contemp
ds_v2_seed1/computer_room_v36,computer_room,0.9711426226622294,0.6239417208111833,0.7684287099903007,0.9351222826086957,0.7911621520409438,0.7469652327637006,living_room_contemp
ds_v1_seed0/computer_room_v04,computer_room,0.9536213679362533,0.6252986255468338,0.769456905602749,0.7948879076086957,0.9838898652606912,0.6317670292467321,living_room_contemp
ds_v2_seed1/computer_room_v40,computer_room,0.9674776888718576,0.708347866527148,0.8292782522884269,0.9147927989130434,0.8665813242301401,0.7950541563356388,living_room_contemp
ds_v2_seed1/computer_room_v16,computer_room,0.9581099384729633,0.7094470955473431,0.8300310637226094,0.8624660326086957,0.9442242490807506,0.7404785979103472,living_room_contemp
ds_v2_seed1/computer_room_v56,computer_room,0.9623651876386318,0.6911764705882353,0.8173913043478261,0.9072690217391305,0.8598972626838365,0.7788896679201989,living_room_contemp
ds_v1_seed0/computer_room_v42,computer_room,0.9643476167379696,0.6590604026845638,0.7944983818770225,0.8921535326086957,0.9146795827123696,0.7022311212814645,living_room_contemp
ds_v2_seed1/computer_room_v06,computer_room,0.9669969151546379,0.704642490406961,0.8267334580387432,0.9071841032608695,0.8285986653956149,0.8248766291281792,living_room_contemp
ds_v2_seed1/computer_room_v63,computer_room,0.9680382820998574,0.760065224987382,0.8636784753165394,0.8950407608695652,0.9350432249128338,0.802434725581014,living_room_contemp
ds_v1_seed0/computer_room_v12,computer_room,0.9741489739739022,0.7543622818859057,0.8599846105617144,0.9165591032608695,0.8982556408882538,0.8248414607478679,living_room_contemp
ds_v2_seed1/computer_room_v24,computer_room,0.9564461720309825,0.644502316772077,0.7838265841268536,0.821484375,0.9751803899493373,0.6552506705178461,living_room_contemp
ds_v2_seed1/computer_room_v48,computer_room,0.9610806385660867,0.6909965268501203,0.8172654596012261,0.9017832880434783,0.8496156625714474,0.7872884451479362,living_room_contemp
ds_v1_seed0/computer_room_v29,computer_room,0.9808016290456141,0.7007949359634918,0.8240792833340547,0.9309612771739131,0.751934923392829,0.9115366203925324,living_room_contemp
ds_v1_seed0/computer_room_v64,computer_room,0.9522026407466084,0.6759204495046577,0.8066259346670489,0.8511039402173913,0.9484905073140367,0.7016769638128861,living_room_contemp
ds_v1_seed0/computer_room_v26,computer_room,0.9563247516718253,0.639985706628551,0.7804771761629807,0.8973335597826086,0.7852393131165509,0.7757724516315333,living_room_contemp
ds_v2_seed1/computer_room_v22,computer_room,0.9672818525685192,0.7345034436791824,0.8469322402971692,0.8985224184782609,0.9105431309904153,0.7916287534121929,living_room_contemp
ds_v1_seed0/computer_room_v58,computer_room,0.9628137367812415,0.6247782959994744,0.7690628284951888,0.9029891304347826,0.7363164821552992,0.8048574088178049,living_room_contemp
ds_v2_seed1/computer_room_v25,computer_room,0.9611102152404075,0.5979463574400283,0.748393529802792,0.9228600543478261,0.7838245532606173,0.7160271358914564,living_room_contemp
ds_v1_seed0/computer_room_v53,computer_room,0.9656258091807375,0.6639618434093162,0.7980493615754012,0.9078634510869565,0.8407718252411954,0.7594586934958197,living_room_contemp
ds_v2_seed1/computer_room_v10,computer_room,0.9638621305306933,0.7212856043110085,0.8380777745477315,0.8770210597826087,0.9490503925044315,0.7503403539681268,living_room_contemp
ds_v1_seed0/computer_room_v50,computer_room,0.9568944174188388,0.567085201793722,0.7237452068906313,0.9180197010869565,0.731320842007865,0.7163249122012009,living_room_contemp
ds_v1_seed0/computer_room_v25,computer_room,0.9794898140787464,0.6989497314198669,0.8228021329809826,0.9362262228260869,0.7811128035122301,0.8691924227318046,living_room_contemp
ds_v1_seed0/computer_room_v62,computer_room,0.977338268028201,0.6351589365092678,0.7768773081657777,0.9261209239130435,0.681760893050054,0.9028373867429661,living_room_contemp
ds_v1_seed0/computer_room_v08,computer_room,0.9704261609881379,0.7489890118867694,0.856482238363267,0.8956351902173914,0.9351285189718482,0.7900383471928993,living_room_contemp
ds_v2_seed1/computer_room_v55,computer_room,0.966407325782544,0.7187235626543941,0.836345737349872,0.8588315217391305,0.9626960384371317,0.7393135616819827,living_room_contemp
ds_v1_seed0/computer_room_v48,computer_room,0.9681775560648839,0.6951778852113549,0.82018281535649,0.9164741847826087,0.8261029682551374,0.8143469106222319,living_room_contemp
ds_v2_seed1/computer_room_v02,computer_room,0.9642713385742072,0.5952357221170138,0.7462667916276163,0.9310292119565218,0.7678066340961687,0.7259025161055063,living_room_contemp
ds_v1_seed0/computer_room_v28,computer_room,0.9682948156400719,0.6462310793336883,0.7851037286882595,0.9210088315217392,0.8026452527161076,0.7683125339120999,living_room_contemp
ds_v2_seed1/computer_room_v49,computer_room,0.9569925913232806,0.6920575269205753,0.8180070900781617,0.8552649456521739,0.9476027905595963,0.7195942137892166,living_room_contemp
ds_v2_seed1/computer_room_v08,computer_room,0.9667476167101333,0.6864160232740293,0.8140530139667586,0.9048063858695652,0.8773598398169337,0.7592672813911752,living_room_contemp
ds_v1_seed0/computer_room_v16,computer_room,0.967532186646413,0.6813728825090142,0.8104958627526351,0.840913722826087,0.9744126088437028,0.6937863674147964,living_room_contemp
ds_v2_seed1/computer_room_v46,computer_room,0.9611894866669917,0.6598438855160451,0.795067405162504,0.9000849184782609,0.8474676964206149,0.7487697657634014,living_room_contemp
ds_v2_seed1/green_house_v56,green_house,0.8994975723749246,0.24888462190094313,0.39857104096952156,0.7741168478260869,0.25152673934136177,0.9595035924232528,living_room_contemp
ds_v2_seed1/green_house_v33,green_house,0.9678719203857596,0.4945268361581921,0.6617838157117543,0.8541270380434782,0.5032942022041208,0.9659731003563627,living_room_contemp
ds_v1_seed0/green_house_v38,green_house,0.9790654258963234,0.5219143220698431,0.6858655766640345,0.8851392663043478,0.527771820716277,0.9791777188328913,living_room_contemp
ds_v2_seed1/green_house_v52,green_house,0.9713642520707421,0.4056355738454504,0.5771561013296466,0.8233865489130435,0.40888402373682087,0.9807904919845218,living_room_contemp
ds_v2_seed1/green_house_v11,green_house,0.9606829756587613,0.5773270352875799,0.7320321307779032,0.8708220108695652,0.6051022191158484,0.9263486402139991,living_room_contemp
ds_v1_seed0/green_house_v61,green_house,0.9146540176376933,0.37190127771104076,0.5421691542288557,0.8046365489130435,0.3726745458524841,0.9944517447802599,living_room_contemp
ds_v1_seed0/green_house_v37,green_house,0.9652892692085433,0.4875042989797088,0.6554660706716504,0.848148777173913,0.4965263588067021,0.9640671049648606,living_room_contemp
ds_v2_seed1/green_house_v04,green_house,0.9674297516910852,0.5471054828833843,0.7072633235889363,0.889453125,0.5692463621226381,0.9336262170505818,living_room_contemp
ds_v1_seed0/green_house_v62,green_house,0.9725644594881178,0.5156298551985582,0.680416598327046,0.8676290760869565,0.5240651844365841,0.969728845254792,living_room_contemp
ds_v1_seed0/green_house_v56,green_house,0.9668367155264235,0.5011574798223112,0.667694744300421,0.8645889945652174,0.5111026033690659,0.962624684533109,living_room_contemp
ds_v1_seed0/green_house_v36,green_house,0.9701065039513562,0.4301151461470328,0.6015112102068624,0.8360903532608696,0.4348916353215117,0.9751004016064257,living_room_contemp
ds_v1_seed0/green_house_v06,green_house,0.9636066291365466,0.5752684981902332,0.7303751695042942,0.8784307065217392,0.6026230730979613,0.9268642447418738,living_room_contemp
ds_v2_seed1/green_house_v63,green_house,0.9689649139858101,0.4101908657123381,0.5817522658610272,0.8236582880434783,0.4152386428982174,0.971217215870881,living_room_contemp
ds_v2_seed1/green_house_v08,green_house,0.970866381938607,0.5672924539802511,0.7239139734764517,0.8794327445652174,0.5807437913390741,0.960772168886136,living_room_contemp
ds_v2_seed1/green_house_v13,green_house,0.969133257227892,0.5581641037680479,0.7164381497664606,0.8721467391304348,0.5730296456977585,0.9555868167202572,living_room_contemp
ds_v1_seed0/green_house_v20,green_house,0.9646360275039063,0.4214273311338774,0.5929635963840704,0.8302309782608696,0.42568989710009353,0.976790984706198,living_room_contemp
ds_v2_seed1/green_house_v41,green_house,0.9701734415159801,0.5214626391096979,0.6854754440961337,0.8619735054347826,0.5304264494489698,0.968609865470852,living_room_contemp
ds_v2_seed1/green_house_v45,green_house,0.9614835301866603,0.44875233208955223,0.6195017908165319,0.8394191576086957,0.4572294166567661,0.9603243917654398,living_room_contemp
ds_v2_seed1/green_house_v59,green_house,0.8459321402762766,0.26810763123070136,0.42284680673438146,0.7182065217391305,0.2805964636905037,0.8576266403273599,living_room_contemp
ds_v2_seed1/green_house_v27,green_house,0.9655308241950026,0.46192408689424685,0.631939908556499,0.846875,0.47028800583302954,0.9629261010201543,living_room_contemp
ds_v2_seed1/green_house_v55,green_house,0.9799011131044021,0.5806700533727734,0.7347138033440461,0.8892493206521739,0.5907752698724239,0.9713855421686747,living_room_contemp
ds_v1_seed0/green_house_v00,green_house,0.9666520235810618,0.49551238354919336,0.6626657044099215,0.8491677989130435,0.5045404592515472,0.9651471564505422,living_room_contemp
ds_v1_seed0/green_house_v52,green_house,0.9670116927641604,0.5426926956624933,0.7035655217508365,0.8691066576086957,0.5596279752799364,0.9471830985915493,living_room_contemp
ds_v2_seed1/green_house_v36,green_house,0.9572422133810115,0.5633277685030607,0.7206777489054214,0.8667289402173913,0.5874194858701329,0.9321362799263352,living_room_contemp
ds_v1_seed0/green_house_v10,green_house,0.9604402864096362,0.4367996414164052,0.608017469973483,0.8292798913043479,0.44343325180592685,0.9668857745256109,living_room_contemp
ds_v2_seed1/green_house_v37,green_house,0.9604565625584468,0.5656909462219196,0.722608695652174,0.8699728260869565,0.5933595144591217,0.9238465814341301,living_room_contemp
ds_v2_seed1/green_house_v40,green_house,0.9700344755271348,0.5243703358208955,0.6879828654478698,0.8614470108695652,0.5338635958924438,0.967200774276804,living_room_contemp
ds_v2_seed1/green_house_v09,green_house,0.9625266383541482,0.38978162340337863,0.5609249925882004,0.8239300271739131,0.3954141040186302,0.9647435897435898,living_room_contemp
ds_v2_seed1/green_house_v28,green_house,0.981228757383798,0.5293320011418784,0.6922394885435624,0.8879925271739131,0.5342505222214219,0.982904850251789,living_room_contemp
ds_v2_seed1/green_house_v24,green_house,0.9708067456758295,0.4937062937062937,0.6610486891385767,0.864741847826087,0.5012909888974955,0.9702648675662169,living_room_contemp
ds_v2_seed1/green_house_v46,green_house,0.9535038362984024,0.5303972366148532,0.6931497573637286,0.8614639945652174,0.5555354558610709,0.9213921392139214,living_room_contemp
ds_v1_seed0/green_house_v30,green_house,0.9642426829450237,0.599242833964305,0.7494081839702401,0.8867357336956522,0.6327009707505868,0.9189089568743088,living_room_contemp
ds_v1_seed0/green_house_v16,green_house,0.9588523257814393,0.5765572990965288,0.7314130598703061,0.879008152173913,0.6117172226776818,0.9093465829192837,living_room_contemp
ds_v1_seed0/green_house_v09,green_house,0.9723581154556844,0.5413506239295327,0.7024367013255021,0.87265625,0.5521587222360869,0.965103598691385,living_room_contemp
ds_v2_seed1/green_house_v51,green_house,0.9630125576201474,0.38973481608212146,0.5608765234519266,0.818257472826087,0.3952116585704372,0.9656634167019924,living_room_contemp
ds_v2_seed1/green_house_v42,green_house,0.9595834333416878,0.49298689353874453,0.660403511473895,0.850203804347826,0.5077260079332189,0.9443893844290276,living_room_contemp
ds_v2_seed1/green_house_v30,green_house,0.9773100729605256,0.5673983555857283,0.7240001925020453,0.9025985054347826,0.5803564539773166,0.9621386543873114,living_room_contemp
ds_v1_seed0/green_house_v44,green_house,0.9640244603896337,0.41218359164622104,0.5837535488791898,0.8331691576086957,0.41808801213960545,0.9668725435148793,living_room_contemp
ds_v2_seed1/green_house_v07,green_house,0.9759208230975177,0.5311719013846673,0.6938109312276678,0.8821161684782609,0.5381509614726613,0.9761668321747765,living_room_contemp
ds_v2_seed1/gym_v06,gym,0.9417174779065955,0.5734571469865587,0.728913587617976,0.7995074728260869,0.5834282983494468,0.971059716103769,living_room_contemp
ds_v2_seed1/gym_v26,gym,0.9321477325316094,0.542221625792599,0.7031695272901303,0.7682574728260869,0.5540623928693864,0.962081076254539,living_room_contemp
ds_v2_seed1/gym_v51,gym,0.9564327209888633,0.6506038745237902,0.7883222432293072,0.8535835597826087,0.6707755306702323,0.9558201845787436,living_room_contemp
ds_v2_seed1/gym_v01,gym,0.9371360135894309,0.6104120739358996,0.7580818398163554,0.8049082880434782,0.6330636651424552,0.9446281425497297,living_room_contemp
ds_v2_seed1/gym_v17,gym,0.9448425203116619,0.6690281625925016,0.8016978713568261,0.8397248641304348,0.6989337925475396,0.9398896334253055,living_room_contemp
ds_v2_seed1/gym_v00,gym,0.9504275678252649,0.6366119167596261,0.7779631936446754,0.8395550271739131,0.6561991990801317,0.9552118203855477,living_room_contemp
ds_v2_seed1/gym_v04,gym,0.9619755286886083,0.44748938150928025,0.6182972907790015,0.8387228260869565,0.4529179671397444,0.973914144611878,living_room_contemp
ds_v2_seed1/gym_v54,gym,0.9421973644668578,0.5381198347107438,0.6997111961851031,0.7721976902173913,0.5476240538267452,0.9687558117909615,living_room_contemp
ds_v2_seed1/gym_v35,gym,0.9441643649097698,0.5372906508373967,0.6990098463744931,0.8146569293478261,0.5474102553026049,0.9667378700030516,living_room_contemp
ds_v2_seed1/gym_v25,gym,0.9553652495039416,0.5747454353932584,0.7299534546670754,0.835444972826087,0.5879315763480447,0.9624430398353667,living_room_contemp
ds_v1_seed0/gym_v49,gym,0.9309560283104318,0.5513347022587269,0.7107875579086698,0.77734375,0.566515455216795,0.9536494405966969,living_room_contemp
ds_v1_seed0/gym_v27,gym,0.9562515816241208,0.5498601248117064,0.7095609674821582,0.822367527173913,0.5573198394695515,0.9762359593489722,living_room_contemp
ds_v2_seed1/gym_v24,gym,0.9230440822846118,0.5119161470486975,0.677175315638995,0.783305027173913,0.5269956287165755,0.9470629865534325,living_room_contemp
ds_v1_seed0/gym_v01,gym,0.9440208556549661,0.5728188727260222,0.7283977610634949,0.7890285326086957,0.584804971386441,0.9654552831391642,living_room_contemp
ds_v1_seed0/gym_v55,gym,0.9557228233923817,0.5680806882230792,0.7245554294362467,0.8269021739130434,0.5773537772417952,0.9725043528728962,living_room_contemp
ds_v2_seed1/gym_v55,gym,0.9228771311339388,0.3827321211103179,0.5535882406535669,0.7503566576086956,0.38600652238363475,0.9783168741949334,living_room_contemp
ds_v2_seed1/gym_v09,gym,0.9342873887677471,0.5032885627250069,0.669583438874433,0.7563009510869565,0.512514100394811,0.9654691546583438,living_room_contemp
ds_v1_seed0/gym_v59,gym,0.9477247789596962,0.5126647834274953,0.677829997821283,0.8242017663043478,0.5214788563766103,0.9680832147937412,living_room_contemp
ds_v2_seed1/gym_v40,gym,0.9516796361101365,0.6362821948488242,0.7777169449767316,0.8345108695652174,0.6516553253306828,0.9642493494739224,living_room_contemp
ds_v2_seed1/gym_v05,gym,0.9579240443135083,0.5705427710580324,0.7265548975449718,0.8329653532608695,0.5784999557247853,0.9764591585083328,living_room_contemp
ds_v2_seed1/gym_v33,gym,0.9519495966648593,0.5670386791010549,0.7237073170731707,0.8076086956521739,0.5745043370508055,0.977596204533474,living_room_contemp
ds_v1_seed0/gym_v22,gym,0.9399488459050648,0.4262893205798245,0.5977599557522124,0.8023777173913044,0.4296362552176506,0.9820536119945479,living_room_contemp
ds_v2_seed1/gym_v49,gym,0.9283187855197054,0.5502138640460956,0.709855429379304,0.7838994565217391,0.5664119359534207,0.9505924025894711,living_room_contemp
ds_v1_seed0/gym_v04,gym,0.9175687921259009,0.46636473665716627,0.636082858512168,0.7678668478260869,0.48161438593661804,0.9364220758858577,living_room_contemp
ds_v1_seed0/gym_v00,gym,0.9507783447920726,0.6366402218285451,0.7779843283055276,0.8397588315217391,0.656747844741965,0.9541152025857094,living_room_contemp
ds_v1_seed0/gym_v20,gym,0.9351415843052459,0.5647709320695102,0.7218576476527006,0.7941236413043479,0.5792031813830179,0.9577447637603507,living_room_contemp
ds_v1_seed0/gym_v30,gym,0.9478462829638432,0.43982617586912065,0.6109434364236764,0.8139096467391305,0.44439278888372336,0.9771694684234439,living_room_contemp
ds_v1_seed0/gym_v42,gym,0.9572270910649117,0.6353893979057592,0.7770496723525586,0.8486073369565217,0.6529359841957043,0.9594219010561423,living_room_contemp
ds_v1_seed0/gym_v31,gym,0.9224259224566407,0.48217392787690627,0.6506306969892276,0.7422214673913043,0.49129210553759517,0.9629352047421135,living_room_contemp
ds_v1_seed0/gym_v03,gym,0.9233702233231854,0.4917748623479029,0.6593151215511152,0.7460427989130435,0.5008307372793354,0.9645356976201587,living_room_contemp
ds_v1_seed0/gym_v63,gym,0.9495857091191097,0.5744672769400235,0.7297290777062073,0.8097316576086957,0.5830377794911333,0.9750499645412932,living_room_contemp
ds_v2_seed1/gym_v63,gym,0.9221021930627875,0.4217962029071492,0.5933286388649819,0.7351732336956521,0.42572701074141994,0.9785788024776325,living_room_contemp
ds_v2_seed1/gym_v13,gym,0.9532318406617181,0.5240356083086053,0.6876947040498442,0.8093070652173913,0.5286068588044129,0.9837657170141652,living_room_contemp
ds_v2_seed1/gym_v37,gym,0.9395571394592929,0.5085638998682477,0.674235807860262,0.803617527173913,0.5211672473867596,0.954607100119665,living_room_contemp
ds_v1_seed0/gym_v50,gym,0.9554897541557769,0.5379784435203259,0.6995916565500497,0.8150815217391304,0.543513675726657,0.981421272642824,living_room_contemp
ds_v2_seed1/gym_v58,gym,0.9170285062338971,0.3976774193548387,0.5690546528803545,0.7225203804347826,0.4014514328247116,0.9769063575439232,living_room_contemp
ds_v1_seed0/gym_v07,gym,0.9167607018594125,0.4385799560163368,0.609740117929679,0.7268512228260869,0.4419897277140646,0.9827141181071568,living_room_contemp
ds_v1_seed0/gym_v39,gym,0.9572764648717141,0.628457513082482,0.7718439173680184,0.8480638586956522,0.6440245148110316,0.9629629629629629,living_room_contemp
ds_v1_seed0/gym_v09,gym,0.9557609285805762,0.6133297040867909,0.7603277898288744,0.8311141304347827,0.6271071882951654,0.9654180438242135,living_room_contemp
ds_v2_seed1/gym_v41,gym,0.9455526441020116,0.6280230623379639,0.7715161742685333,0.8367357336956521,0.6576441508975243,0.933080372542256,living_room_contemp
ds_v2_seed1/living_room_contemp_v02,living_room_contemp,0.986284833087717,0.69787269964545,0.8220553870630937,0.9392153532608696,0.7316576688202496,0.9379396414794645,living_room_contemp
ds_v2_seed1/living_room_contemp_v51,living_room_contemp,0.9892421120752085,0.7790873158462092,0.8758280820811116,0.9477921195652174,0.8132783195798949,0.9488009802205496,living_room_contemp
ds_v1_seed0/living_room_contemp_v64,living_room_contemp,0.9819320300807601,0.8405387502759991,0.9133616449530938,0.938671875,0.9037557570865581,0.9231739256959938,living_room_contemp
ds_v2_seed1/living_room_contemp_v06,living_room_contemp,0.9921624717633765,0.7964187151017265,0.8866738120757414,0.9461277173913043,0.81343821697804,0.9744012563800549,living_room_contemp
ds_v1_seed0/living_room_contemp_v01,living_room_contemp,0.9866887669261287,0.8484974958263773,0.9180401896590652,0.9445142663043479,0.9048066462268816,0.9316665818015174,living_room_contemp
ds_v1_seed0/living_room_contemp_v40,living_room_contemp,0.9939249657015009,0.642779848503066,0.7825514162336236,0.9495414402173913,0.6509192743211981,0.9809174311926605,living_room_contemp
ds_v2_seed1/living_room_contemp_v57,living_room_contemp,0.9927334652544919,0.8559517773646556,0.9223857945059949,0.9565726902173913,0.8816804967214066,0.9670315682281059,living_room_contemp
ds_v1_seed0/living_room_contemp_v41,living_room_contemp,0.9943500349091006,0.7729916148228293,0.8719630802090087,0.9429857336956522,0.7840192043895747,0.9821290488873614,living_room_contemp
ds_v1_seed0/living_room_contemp_v62,living_room_contemp,0.9928063581619714,0.5273652365236524,0.6905555055370487,0.9416270380434782,0.5315315315315315,0.9853545734840699,living_room_contemp
ds_v2_seed1/living_room_contemp_v56,living_room_contemp,0.9891887128156687,0.8629793963888767,0.926450821798288,0.9470278532608696,0.9084770845858576,0.9451501154734411,living_room_contemp
ds_v2_seed1/living_room_contemp_v61,living_room_contemp,0.9779064147658271,0.819970875806116,0.9010813158676817,0.9265115489130434,0.8829749103942652,0.9199458525883396,living_room_contemp
ds_v2_seed1/living_room_contemp_v41,living_room_contemp,0.9873971310625917,0.7857273225041066,0.8800081766148814,0.9401834239130434,0.8271952859796323,0.9400247470703835,living_room_contemp
ds_v1_seed0/living_room_contemp_v47,living_room_contemp,0.9902366050266431,0.44680851063829785,0.6176470588235294,0.9381793478260869,0.4525165460981992,0.9725438306318227,living_room_contemp
ds_v2_seed1/living_room_contemp_v33,living_room_contemp,0.9934752501267058,0.7558869122314904,0.8609744818598395,0.9438349184782608,0.7677888580640324,0.9799043062200957,living_room_contemp
ds_v2_seed1/living_room_contemp_v42,living_room_contemp,0.9899816536572845,0.7916377756205797,0.8837029296799412,0.9489639945652174,0.8285195936139332,0.9467617547060287,living_room_contemp
ds_v2_seed1/living_room_contemp_v35,living_room_contemp,0.9888062454725536,0.6484018264840182,0.7867036011080333,0.9319972826086956,0.6628961307119131,0.9673784881435871,living_room_contemp
ds_v1_seed0/living_room_contemp_v21,living_room_contemp,0.9928075109968395,0.6464180980310013,0.7852417302798983,0.9426630434782609,0.6561769083563683,0.9775102945834653,living_room_contemp
ds_v1_seed0/living_room_contemp_v17,living_room_contemp,0.978676944266741,0.8309122603137711,0.9076483655982227,0.9308084239130435,0.9186436011563346,0.8969132207338381,living_room_contemp
ds_v1_seed0/living_room_contemp_v36,living_room_contemp,0.973498793186195,0.8114223704835015,0.895895274018194,0.9203125,0.9013348810214742,0.8905209298222398,living_room_contemp
ds_v1_seed0/living_room_contemp_v15,living_room_contemp,0.9929815624670012,0.7495686467833375,0.8568610876303184,0.9482336956521739,0.7653523489932886,0.9732238105397909,living_room_contemp
ds_v1_seed0/living_room_contemp_v28,living_room_contemp,0.991199034916696,0.7271743053049441,0.842039281236941,0.9486413043478261,0.7494885623953877,0.9606674612634089,living_room_contemp
ds_v1_seed0/living_room_contemp_v65,living_room_contemp,0.9882494110088802,0.6831452624037256,0.8117484303501118,0.9399116847826087,0.7088560542700493,0.9495829702477281,living_room_contemp
ds_v2_seed1/living_room_contemp_v17,living_room_contemp,0.9853529989868737,0.8397308879775126,0.9128844805129747,0.9409307065217392,0.9024861331220285,0.9235252381917697,living_room_contemp
ds_v2_seed1/living_room_contemp_v22,living_room_contemp,0.9929189279868648,0.8150424348844015,0.8980973879393742,0.9463315217391305,0.8332834659804919,0.9738443247779565,living_room_contemp
ds_v1_seed0/living_room_contemp_v08,living_room_contemp,0.9857220334987451,0.6182845576452728,0.7641234104648739,0.9231317934782609,0.6364267731573922,0.9559264571652106,living_room_contemp
ds_v1_seed0/living_room_contemp_v35,living_room_contemp,0.9880793119220145,0.7586087678052829,0.8627373884323517,0.9407099184782609,0.79098774333093,0.9488022139583153,living_room_contemp
ds_v1_seed0/living_room_contemp_v30,living_room_contemp,0.9866856216056226,0.4875363205383086,0.6554950138788939,0.9430876358695652,0.5005495368189669,0.9493746277546159,living_room_contemp
ds_v1_seed0/living_room_contemp_v19,living_room_contemp,0.9841049023223919,0.8084785883365613,0.8940980485483103,0.9395380434782609,0.8506254598969831,0.9422534328171045,living_room_contemp
ds_v2_seed1/living_room_contemp_v60,living_room_contemp,0.9873871376802882,0.8564125763401945,0.922653280046788,0.94609375,0.9171551765902815,0.9282177004167688,living_room_contemp
ds_v2_seed1/living_room_contemp_v26,living_room_contemp,0.9877971234572938,0.8610449818318506,0.9253349491685182,0.9434952445652174,0.9054018445322793,0.9461654963513699,living_room_contemp
ds_v1_seed0/living_room_contemp_v50,living_room_contemp,0.9863132996305509,0.6929059627621965,0.8185994709731309,0.9336107336956522,0.7198237166408227,0.9487951807228916,living_room_contemp
ds_v1_seed0/living_room_contemp_v10,living_room_contemp,0.9754998152024369,0.820935133869331,0.9016632373113855,0.9220788043478261,0.9061301856718218,0.8972401143198396,living_room_contemp
ds_v1_seed0/living_room_contemp_v54,living_room_contemp,0.9811814979895105,0.8381120794913899,0.9119270678241749,0.9346976902173914,0.896868664113539,0.9274997670300997,living_room_contemp
ds_v1_seed0/living_room_contemp_v12,living_room_contemp,0.9921027237536955,0.7746090156393745,0.8729911871435976,0.945906929347826,0.7922124918578562,0.9721136767317939,living_room_contemp
ds_v1_seed0/living_room_contemp_v16,living_room_contemp,0.9717589696418947,0.4728077774569256,0.6420495392458009,0.9069802989130434,0.4939165409753645,0.9171023151605676,living_room_contemp
ds_v2_seed1/living_room_contemp_v13,living_room_contemp,0.9922319199894427,0.723688780826676,0.8396977329974812,0.9459578804347826,0.7396166134185304,0.9711023071545094,living_room_contemp
ds_v1_seed0/living_room_contemp_v03,living_room_contemp,0.9911023276710643,0.7761145033156063,0.8739464734585243,0.9420855978260869,0.7958661549855248,0.9690138535945569,living_room_contemp
ds_v2_seed1/living_room_contemp_v55,living_room_contemp,0.975513154716401,0.42956750202101857,0.6009754718314837,0.9041270380434783,0.44569092052841264,0.9223258841397266,living_room_contemp
ds_v1_seed0/living_room_contemp_v06,living_room_contemp,0.9764518005515348,0.50121996996997,0.6677502031630931,0.9097316576086957,0.5202610559127216,0.9319490490315826,living_room_contemp
ds_v1_seed0/living_room_contemp_v39,living_room_contemp,0.9942115553378322,0.7996199941537562,0.8886542678469911,0.9534307065217391,0.8151679952320644,0.9767026689279658,living_room_contemp
ds_v1_seed0/livingroom_v53,livingroom,0.8864373084925645,0.46008635405161163,0.6302180042638058,0.8173573369565217,0.5461263408820024,0.7449195252804423,living_room_contemp
ds_v2_seed1/livingroom_v60,livingroom,0.9005858476817309,0.4754174129065804,0.6444514057482967,0.8457880434782609,0.5919718005898856,0.7071410157257025,living_room_contemp
ds_v1_seed0/livingroom_v16,livingroom,0.8608201734542437,0.42094412433261086,0.5924851190476191,0.813960597826087,0.5732901367890568,0.6130100076982294,living_room_contemp
ds_v2_seed1/livingroom_v61,livingroom,0.8302338324017938,0.3737645562188081,0.5441464543932756,0.7826256793478261,0.44186719111522443,0.7080359625544536,living_room_contemp
ds_v1_seed0/livingroom_v12,livingroom,0.9186531299046269,0.5266415349125078,0.6899347657833634,0.8571161684782609,0.6281036102536572,0.7652685798381162,living_room_contemp
ds_v1_seed0/livingroom_v59,livingroom,0.8252765844972367,0.417984693877551,0.589547539803904,0.7675101902173913,0.5112058655296137,0.6962464589235128,living_room_contemp
ds_v2_seed1/livingroom_v25,livingroom,0.9129126224700838,0.47680807564528493,0.6457278823274929,0.8609205163043478,0.6095728171199869,0.6864422369389257,living_room_contemp
ds_v2_seed1/livingroom_v52,livingroom,0.8723345028105224,0.4450568722753921,0.6159714275807067,0.811905570652174,0.5462820591672305,0.7060413354531001,living_room_contemp
ds_v1_seed0/livingroom_v15,livingroom,0.899343172121893,0.48072928686822064,0.6493142144638403,0.8471467391304348,0.5691256830601092,0.7558055152394775,living_room_contemp
ds_v1_seed0/livingroom_v43,livingroom,0.7922391207342049,0.3337600132133124,0.5004798613046035,0.725968070652174,0.37637362637362637,0.7466974595842956,living_room_contemp
ds_v1_seed0/livingroom_v27,livingroom,0.9174197946361454,0.4954244241085516,0.6625870436801014,0.8642153532608695,0.5813953488372093,0.770136368095752,living_room_contemp
ds_v2_seed1/livingroom_v40,livingroom,0.8522981380228611,0.3691339590443686,0.5392225597881125,0.7990828804347826,0.4876364917224375,0.6030141998431919,living_room_contemp
ds_v2_seed1/livingroom_v59,livingroom,0.824109751239551,0.37659068021605785,0.5471353040933727,0.7686990489130435,0.4503503393912853,0.6969080897924608,living_room_contemp
ds_v1_seed0/livingroom_v20,livingroom,0.908612491730843,0.4908224206892773,0.6584585982579293,0.8421705163043478,0.5685814027292923,0.7820848611838659,living_room_contemp
ds_v1_seed0/livingroom_v62,livingroom,0.8955410655370449,0.4627738054704347,0.6327346083718043,0.8392153532608696,0.5688873386815486,0.7127250480685194,living_room_contemp
ds_v1_seed0/livingroom_v39,livingroom,0.9490045677184681,0.5391538516051307,0.7005847414706018,0.889555027173913,0.6041931385006353,0.8335707242248275,living_room_contemp
ds_v2_seed1/livingroom_v11,livingroom,0.8766564207181679,0.47140716391936965,0.6407569236834324,0.8142832880434783,0.5544059124502558,0.7589695696163126,living_room_contemp
ds_v1_seed0/livingroom_v41,livingroom,0.913104789897314,0.5252045826513911,0.68870050434596,0.8521908967391304,0.6695180471520968,0.7090145824127265,living_room_contemp
ds_v2_seed1/livingroom_v43,livingroom,0.8229478772429112,0.41988396844609543,0.5914341985361121,0.7639436141304348,0.548886948930598,0.6411318590274679,living_room_contemp
ds_v2_seed1/livingroom_v02,livingroom,0.9021981417456636,0.41569546927798084,0.5872667933167713,0.8560971467391304,0.5797826296046936,0.5949467035136202,living_room_contemp
ds_v1_seed0/livingroom_v14,livingroom,0.9231194613670276,0.5062704639525545,0.6722172094167829,0.8642663043478261,0.599619521475086,0.7648156789547363,living_room_contemp
ds_v1_seed0/livingroom_v61,livingroom,0.8852534396751821,0.36554528238832573,0.5353836113717012,0.806538722826087,0.3819695029682226,0.8947511929107022,living_room_contemp
ds_v2_seed1/livingroom_v46,livingroom,0.9205150697749426,0.5046845351043643,0.6708177339901478,0.8581351902173913,0.5995773159563227,0.7612701252236136,living_room_contemp
ds_v1_seed0/livingroom_v22,livingroom,0.9312610797587396,0.497860490389187,0.6647621638779305,0.8744395380434783,0.563412759415834,0.8105717129271259,living_room_contemp
ds_v2_seed1/livingroom_v38,livingroom,0.9072155633338556,0.46438505260611923,0.6342389957882566,0.8495584239130435,0.5508930492791048,0.7472997956602121,living_room_contemp
ds_v2_seed1/livingroom_v09,livingroom,0.7921585318923003,0.37405328007837524,0.5444523665880547,0.717866847826087,0.43510848126232743,0.7271994725661124,living_room_contemp
ds_v2_seed1/livingroom_v07,livingroom,0.9171685979506713,0.4678690246891963,0.6374806155314328,0.8451596467391305,0.5102157723887722,0.8493324856961221,living_room_contemp
ds_v1_seed0/livingroom_v05,livingroom,0.8475355326511744,0.4136110296274567,0.5851836480597634,0.7962975543478261,0.5474310858030283,0.6285289747399703,living_room_contemp
ds_v2_seed1/livingroom_v28,livingroom,0.8986254013123125,0.4831429211469534,0.6515122909035985,0.843257472826087,0.6384222600458818,0.6651503469545104,living_room_contemp
ds_v2_seed1/livingroom_v26,livingroom,0.6693746311361171,0.03835535397357523,0.07387712467951763,0.6687160326086956,0.03954658669242109,0.5601151907847373,living_room_contemp
ds_v1_seed0/livingroom_v63,livingroom,0.8398545999566068,0.4084959920293465,0.5800456576958941,0.7781759510869565,0.5032358848471323,0.6845260681490476,living_room_contemp
ds_v1_seed0/livingroom_v10,livingroom,0.8514570542028892,0.45036410617805966,0.6210359236824203,0.8013077445652174,0.5747346963247197,0.6754509582863585,living_room_contemp
ds_v2_seed1/livingroom_v12,livingroom,0.897793773379643,0.45014570595965947,0.6208282438236338,0.8365658967391304,0.5039339857992707,0.808331623230043,living_room_contemp
ds_v1_seed0/livingroom_v33,livingroom,0.9422375421333988,0.5211803561171741,0.6852315098881389,0.8867357336956522,0.5922330097087378,0.8128779395296752,living_room_contemp
ds_v1_seed0/livingroom_v57,livingroom,0.928628151659752,0.4703870879496649,0.6398139534883721,0.8684782608695653,0.5349198942292736,0.7958805831983338,living_room_contemp
ds_v2_seed1/livingroom_v10,livingroom,0.8461998977292704,0.4077584612539301,0.5793017374453969,0.7824558423913044,0.47452246435297285,0.7434665317821615,living_room_contemp
ds_v1_seed0/livingroom_v45,livingroom,0.9066128476469812,0.47755936825360756,0.6464164872346971,0.8438179347826087,0.5772162329190414,0.7344692005242464,living_room_contemp
ds_v2_seed1/livingroom_v13,livingroom,0.9005212690888127,0.4699888083878188,0.6394454239461452,0.8471807065217392,0.5913874888823006,0.6960048848569435,living_room_contemp
ds_v2_seed1/livingroom_v30,livingroom,0.8785285879224476,0.45096617106149306,0.6216081119680091,0.8200067934782609,0.5376775787523163,0.7365882552039262,living_room_contemp
ds_v1_seed0/minigym_v42,minigym,0.9489820208758146,0.7571152076657042,0.8617707073078242,0.8699898097826086,0.8225723051466786,0.9048919226393629,living_room_contemp
ds_v2_seed1/minigym_v32,minigym,0.9665475544191012,0.7563803268310054,0.8612944648448939,0.8954313858695652,0.7899826431936524,0.9467584567381506,living_room_contemp
ds_v1_seed0/minigym_v55,minigym,0.9552246157537957,0.6634434365907924,0.7976747775091313,0.86640625,0.7009311997106953,0.925399856767725,living_room_contemp
ds_v1_seed0/minigym_v09,minigym,0.9510632179267207,0.7087205553237492,0.8295335982418363,0.8695822010869565,0.777560447792251,0.8889523265772196,living_room_contemp
ds_v1_seed0/minigym_v33,minigym,0.9695329976568501,0.7596905407561014,0.8634365226850381,0.89765625,0.7942795196797865,0.945784927018171,living_room_contemp
ds_v2_seed1/minigym_v21,minigym,0.9619324629228863,0.7855009503122454,0.8798661800486618,0.8926630434782609,0.827457990704326,0.9393619611981492,living_room_contemp
ds_v1_seed0/minigym_v27,minigym,0.9457329470223751,0.796520618556701,0.8867369629151424,0.8927309782608696,0.8033793663688058,0.9893953339469367,living_room_contemp
ds_v1_seed0/minigym_v35,minigym,0.9651401243063676,0.7554763319469202,0.860708080420606,0.8951596467391304,0.8001678204321376,0.9311590664974123,living_room_contemp
ds_v2_seed1/minigym_v49,minigym,0.9576585770260589,0.7945882067753469,0.8855382017729,0.884867527173913,0.8435630187222544,0.9319094495184619,living_room_contemp
ds_v2_seed1/minigym_v30,minigym,0.9615898580580167,0.6564678715751143,0.7926116562114632,0.8686141304347826,0.6873256462711549,0.9359883500063315,living_room_contemp
ds_v1_seed0/minigym_v31,minigym,0.9319717960278635,0.7590629423149138,0.863031019590456,0.8583389945652173,0.8699020127118644,0.8562677180748802,living_room_contemp
ds_v2_seed1/minigym_v15,minigym,0.9514384785700359,0.7490359454620575,0.8565129234827458,0.8762058423913044,0.8482804335958823,0.8649067705641474,living_room_contemp
ds_v1_seed0/minigym_v29,minigym,0.9652033267783651,0.7155084986410287,0.8341649128615007,0.8808933423913043,0.7453515889114266,0.947006711409396,living_room_contemp
ds_v2_seed1/minigym_v33,minigym,0.96013985834314,0.07728058798097709,0.14347346242600584,0.8550101902173913,0.07728894173602854,0.9986033519553073,living_room_contemp
ds_v1_seed0/minigym_v40,minigym,0.9653258805250686,0.602805163126334,0.7521876981610652,0.8672554347826087,0.6176516532153085,0.9616538305634373,living_room_contemp
ds_v1_seed0/minigym_v00,minigym,0.9673500833897944,0.7767913760304376,0.8743754461099215,0.8983695652173913,0.8240345045900601,0.9312673285037116,living_room_contemp
ds_v1_seed0/minigym_v11,minigym,0.9199056380345817,0.2678399228543877,0.42251378589085387,0.8452615489130435,0.26790450928381965,0.9991007194244604,living_room_contemp
ds_v2_seed1/minigym_v37,minigym,0.9288829592940523,0.7547211303224388,0.8602177488838411,0.8484544836956521,0.9027124773960217,0.8215439856373429,living_room_contemp
ds_v1_seed0/minigym_v28,minigym,0.9669105804570857,0.6862350891301434,0.8139257610682775,0.8807235054347826,0.710157658698969,0.9532083902196847,living_room_contemp
ds_v2_seed1/minigym_v52,minigym,0.9720343375449092,0.7501132364725968,0.8572168027075453,0.8781929347826087,0.7616571145545885,0.9801948643234384,living_room_contemp
ds_v1_seed0/minigym_v50,minigym,0.9652536461559778,0.6828913400610186,0.81156914151838,0.885258152173913,0.7117557849420283,0.9439434243820152,living_room_contemp
ds_v1_seed0/minigym_v07,minigym,0.9666374312959403,0.73623401213339,0.8480815454464523,0.8840692934782609,0.7616934516670665,0.956571944974395,living_room_contemp
ds_v2_seed1/minigym_v01,minigym,0.9394871834732275,0.7223786648997846,0.8388151567609156,0.8576766304347826,0.8152925780519723,0.8637353931471579,living_room_contemp
ds_v2_seed1/minigym_v07,minigym,0.9688640285976817,0.6877236443710432,0.8149718665905569,0.8843919836956522,0.7104739336492891,0.9555102300975206,living_room_contemp
ds_v2_seed1/minigym_v26,minigym,0.9359513402031143,0.7645414501920036,0.8665610548381419,0.8583729619565217,0.8911011650102021,0.8433363440994176,living_room_contemp
ds_v2_seed1/minigym_v50,minigym,0.9444699096313164,0.7395270158214203,0.8502621794260654,0.8666270380434783,0.8318161468437547,0.8695448695448695,living_room_contemp
ds_v1_seed0/minigym_v34,minigym,0.9659669464362111,0.6337246115630023,0.7758034702760717,0.8722826086956522,0.6517231015828491,0.9582412726469288,living_room_contemp
ds_v2_seed1/minigym_v35,minigym,0.9573649629999359,0.7104732350659426,0.8307329462989841,0.8732336956521739,0.7645364611595776,0.9094791201151994,living_room_contemp
ds_v1_seed0/minigym_v20,minigym,0.9576926514758927,0.734974480052776,0.8472452920810903,0.8703634510869566,0.7698014401047348,0.9420141515731387,living_room_contemp
ds_v2_seed1/minigym_v53,minigym,0.9700898426492416,0.7654009065913651,0.867112850949194,0.8927649456521739,0.7934368139275122,0.9558721173031414,living_room_contemp
ds_v1_seed0/minigym_v05,minigym,0.9697723714666099,0.7584578118691966,0.8626397593957343,0.8983865489130435,0.7921322258295738,0.9469254032258064,living_room_contemp
ds_v2_seed1/minigym_v45,minigym,0.9697423802998829,0.5546699595868881,0.7135533251498304,0.9326256793478261,0.5568578834666967,0.9929662379421221,living_room_contemp
ds_v1_seed0/minigym_v17,minigym,0.927796599609904,0.7422744864543018,0.852075252464843,0.8529721467391305,0.8620773113892538,0.8423026249113206,living_room_contemp
ds_v1_seed0/minimal_interior_v42,minimal_interior,0.9317500569365512,0.4268069091961787,0.5982686324901935,0.8991168478260869,0.5319942266057253,0.6834054388133498,living_room_contemp
ds_v1_seed0/minimal_interior_v65,minimal_interior,0.7535042608633823,0.02743249035576511,0.05340008343763038,0.8843919836956522,0.029389254553803767,0.2917933130699088,living_room_contemp
ds_v1_seed0/minimal_interior_v13,minimal_interior,0.8985341082707444,0.3644546417225556,0.5342129090673909,0.8776834239130434,0.48708574124307114,0.5914363454102821,living_room_contemp
ds_v2_seed1/minimal_interior_v10,minimal_interior,0.9075123150972526,0.37143363459152934,0.5416720506525391,0.8795176630434782,0.4800732936326157,0.6214052772013045,living_room_contemp
ds_v2_seed1/minimal_interior_v04,minimal_interior,0.9401887549116806,0.40640422357396994,0.5779337359229638,0.9121603260869565,0.5019135364989369,0.6810925177918831,living_room_contemp
ds_v2_seed1/minimal_interior_v53,minimal_interior,0.8799408483841247,0.30255972696245736,0.4645617712563867,0.8611752717391304,0.44192422731804587,0.4896437448218724,living_room_contemp
ds_v2_seed1/minimal_interior_v27,minimal_interior,0.8801113656494906,0.31327834384602943,0.47709359605911333,0.8557744565217391,0.4074892184706006,0.5753750185652755,living_room_contemp
ds_v1_seed0/minimal_interior_v46,minimal_interior,0.9361276553126082,0.23827521044494074,0.384850166481687,0.9246942934782608,0.27063414634146343,0.6658665386461834,living_room_contemp
ds_v2_seed1/minimal_interior_v08,minimal_interior,0.8918347427259398,0.3286009292720702,0.4946570817952205,0.8674762228260869,0.41210747814826804,0.6185617103984451,living_room_contemp
ds_v2_seed1/minimal_interior_v25,minimal_interior,0.8571662237829278,0.19373444921963356,0.3245855045002368,0.8789232336956522,0.24301319336076038,0.4885909868796349,living_room_contemp
ds_v2_seed1/minimal_interior_v33,minimal_interior,0.92907370154954,0.40797354071690356,0.5795187607136055,0.8875169836956521,0.47339487605020225,0.7469721767594109,living_room_contemp
ds_v2_seed1/minimal_interior_v30,minimal_interior,0.9374731722546116,0.29296992859298,0.45317361543248286,0.8806046195652174,0.3102566833528597,0.8402076723391981,living_room_contemp
ds_v1_seed0/minimal_interior_v24,minimal_interior,0.8789394377273948,0.31550068587105623,0.4796663190823774,0.8559273097826087,0.37975912975912973,0.650907274846013,living_room_contemp
ds_v2_seed1/minimal_interior_v29,minimal_interior,0.8923339264465038,0.33286435487875526,0.4994722135982614,0.8630944293478261,0.40167781883551384,0.6602101116217991,living_room_contemp
ds_v1_seed0/minimal_interior_v43,minimal_interior,0.9339165996598576,0.39288756388415674,0.5641339244763798,0.9031589673913043,0.4632186793873964,0.7212666145426114,living_room_contemp
ds_v2_seed1/minimal_interior_v22,minimal_interior,0.9349541098192512,0.29942873066740977,0.46086210594038174,0.9146059782608695,0.34920376990575236,0.6774905422446406,living_room_contemp
ds_v1_seed0/minimal_interior_v11,minimal_interior,0.909396089810864,0.3683939601921757,0.5384326018808778,0.8749660326086957,0.454151242728715,0.6611239414934565,living_room_contemp
ds_v1_seed0/minimal_interior_v09,minimal_interior,0.9341884054050781,0.425629290617849,0.5971107544141252,0.9104789402173913,0.5833333333333334,0.6115547205260686,living_room_contemp
ds_v1_seed0/minimal_interior_v40,minimal_interior,0.9377649871324913,0.3035059578368469,0.46567636459523604,0.8967561141304348,0.33050530255770433,0.7879238548483046,living_room_contemp
ds_v1_seed0/minimal_interior_v26,minimal_interior,0.9230464468503972,0.28645309581956613,0.4453378001116694,0.9156419836956522,0.3479322980282673,0.6184863523573201,living_room_contemp
ds_v1_seed0/minimal_interior_v63,minimal_interior,0.950286330077237,0.3699696048632219,0.5401135960241391,0.9119904891304348,0.40643782556431146,0.8048135413911663,living_room_contemp
ds_v2_seed1/minimal_interior_v60,minimal_interior,0.8857025749124702,0.32303912967187226,0.4883289124668435,0.8689538043478261,0.4273940800928613,0.5695282289249807,living_room_contemp
ds_v1_seed0/minimal_interior_v37,minimal_interior,0.9100153542748636,0.38231122236128495,0.5531478239874449,0.8742697010869566,0.4808984047019311,0.6509447364682484,living_room_contemp
ds_v2_seed1/minimal_interior_v51,minimal_interior,0.8643173104512905,0.26176621598493927,0.4149203119701594,0.8534816576086957,0.30685123884040527,0.6404941373534339,living_room_contemp
ds_v1_seed0/minimal_interior_v29,minimal_interior,0.9383750662951039,0.31667306216423635,0.4810200364298725,0.8790251358695652,0.33749105408444946,0.8369675456389453,living_room_contemp
ds_v2_seed1/minimal_interior_v37,minimal_interior,0.9101842294050043,0.3700091157702826,0.5401556989819681,0.8826256793478261,0.45688878883385864,0.6605370219690806,living_room_contemp
ds_v2_seed1/minimal_interior_v16,minimal_interior,0.892541441991392,0.2406354947042108,0.38792295679333677,0.9001528532608696,0.3256993006993007,0.47953667953667956,living_room_contemp
ds_v1_seed0/minimal_interior_v23,minimal_interior,0.8699111884635791,0.26470101043564687,0.41859855926653566,0.84921875,0.3042071197411003,0.670864819479429,living_room_contemp
ds_v1_seed0/minimal_interior_v04,minimal_interior,0.8972730316518917,0.32073495811119573,0.48569163122612263,0.8788213315217391,0.38604331385355795,0.6546832491255344,living_room_contemp
ds_v2_seed1/minimal_interior_v35,minimal_interior,0.9070709823238594,0.3708973463687151,0.5411015600127349,0.8775985054347826,0.47421875,0.629948109710897,living_room_contemp
ds_v2_seed1/minimal_interior_v02,minimal_interior,0.943425150446113,0.07442837144190387,0.13854505971769818,0.9326256793478261,0.07681194317360944,0.7057522123893806,living_room_contemp
ds_v1_seed0/minimal_interior_v31,minimal_interior,0.9017847284791695,0.321040825482279,0.48604224682469604,0.871484375,0.37170164138790773,0.7019815577790858,living_room_contemp
ds_v2_seed1/minimal_interior_v61,minimal_interior,0.870631145293158,0.1195955369595537,0.21364061040174398,0.9142323369565217,0.13395821128685803,0.5272867025365103,living_room_contemp
ds_v2_seed1/minimal_interior_v23,minimal_interior,0.8977679556864578,0.336841166503166,0.50393595730487,0.8737092391304347,0.4182261100653305,0.6338311797281423,living_room_contemp
ds_v1_seed0/minimal_interior_v25,minimal_interior,0.9273398870882391,0.24077345897133884,0.3881022071038684,0.8686311141304348,0.25174466338259444,0.8467380048325854,living_room_contemp
ds_v1_seed0/minimal_interior_v18,minimal_interior,0.887893022860376,0.3383570718781053,0.5056304912758322,0.8643002717391305,0.43325204114091825,0.6070420442727678,living_room_contemp
ds_v2_seed1/minimal_interior_v40,minimal_interior,0.8933206853184346,0.3314579956136169,0.4978872735085584,0.8809273097826087,0.4283953660340153,0.5942896221576338,living_room_contemp
ds_v1_seed0/minimal_interior_v44,minimal_interior,0.8796075707330201,0.24441545736181314,0.3928197064989518,0.8425951086956521,0.2706020398952974,0.7163679808841099,living_room_contemp
ds_v2_seed1/minimal_interior_v26,minimal_interior,0.9424049194523668,0.3242394716899426,0.48969914977109225,0.8939877717391305,0.35045635384975427,0.8125339120998373,living_room_contemp
ds_v2_seed1/scandinavian_v01,scandinavian,0.9529771970415649,0.6820430538842092,0.8109697933227346,0.9192255434782609,0.7505333627602443,0.8819918734330423,living_room_contemp
ds_v2_seed1/scandinavian_v02,scandinavian,0.9799248611397574,0.7531392694063926,0.8591893211785773,0.9559273097826086,0.7982456140350878,0.9302079661614382,living_room_contemp
ds_v1_seed0/scandinavian_v17,scandinavian,0.9443567189686026,0.5826629847520711,0.7363070854195115,0.881929347826087,0.6298098760625527,0.886149913265772,living_room_contemp
ds_v1_seed0/scandinavian_v15,scandinavian,0.9422189444613606,0.5865672518053191,0.7394168146832445,0.8804008152173913,0.6421363840863809,0.8714348015699956,living_room_contemp
ds_v1_seed0/scandinavian_v10,scandinavian,0.9469230364260373,0.6262756837664989,0.7701962096807932,0.9067085597826087,0.6960828796128251,0.8619720947654275,living_room_contemp
ds_v1_seed0/scandinavian_v18,scandinavian,0.8733409779663837,0.46209582844697605,0.6321006044286573,0.7818783967391304,0.5208667736757624,0.8037444452538792,living_room_contemp
ds_v2_seed1/scandinavian_v50,scandinavian,0.9696158811701592,0.6859625979669435,0.813734063607493,0.9312669836956522,0.7299149533481959,0.9193011647254575,living_room_contemp
ds_v2_seed1/scandinavian_v31,scandinavian,0.9578943636049588,0.40786676116229625,0.5794110244147999,0.8297214673913044,0.41928237508348004,0.9374236459888693,living_room_contemp
ds_v2_seed1/scandinavian_v25,scandinavian,0.9773315824349429,0.7391383883654989,0.8500052592826338,0.9515625,0.7895456765999023,0.9204920833807951,living_room_contemp
ds_v2_seed1/scandinavian_v16,scandinavian,0.9306818976277986,0.5242360714058827,0.6878672946275997,0.8728091032608696,0.5789252139750245,0.8473149193962419,living_room_contemp
ds_v1_seed0/scandinavian_v06,scandinavian,0.8522141408857549,0.39611910337905654,0.5674574646537264,0.7547554347826086,0.43797105470014336,0.8056476992430042,living_room_contemp
ds_v1_seed0/scandinavian_v50,scandinavian,0.9722299391414722,0.6469396027563843,0.7856263844449913,0.9260360054347826,0.6799011672488711,0.9302867801352297,living_room_contemp
ds_v1_seed0/scandinavian_v13,scandinavian,0.9280977843492463,0.5702395107864787,0.7263089571614021,0.87109375,0.6694808216446188,0.7936795649775396,living_room_contemp
ds_v2_seed1/scandinavian_v10,scandinavian,0.8909889418059693,0.4531103176094719,0.623642007242628,0.8023097826086957,0.4979090298931282,0.834328229085561,living_room_contemp
ds_v2_seed1/scandinavian_v30,scandinavian,0.9318306510068228,0.48698558825141103,0.6549970518867925,0.8409986413043479,0.5184947491248542,0.8890556222488996,living_room_contemp
ds_v2_seed1/scandinavian_v61,scandinavian,0.9438273358924092,0.5694850060545623,0.7256966506308433,0.8973505434782608,0.6232946129258595,0.8683610296513522,living_room_contemp
ds_v1_seed0/scandinavian_v34,scandinavian,0.9595506999638431,0.5300832015402599,0.692881538738091,0.8839334239130435,0.5540462843179531,0.9245622451427201,living_room_contemp
ds_v1_seed0/scandinavian_v04,scandinavian,0.9019547990719609,0.549196691700732,0.7090083456062838,0.8389266304347827,0.6282079164854284,0.8136619718309859,living_room_contemp
ds_v1_seed0/scandinavian_v27,scandinavian,0.9655348996262898,0.5940731032474151,0.7453523957429314,0.9053158967391305,0.6225867989317054,0.9284251251706873,living_room_contemp
ds_v2_seed1/scandinavian_v41,scandinavian,0.969556326682621,0.7618433039781355,0.8648252682380315,0.9467221467391305,0.8313312898682793,0.9011314655172413,living_room_contemp
ds_v1_seed0/scandinavian_v43,scandinavian,0.9448680397685002,0.5724499263221088,0.7280994030265167,0.8669497282608696,0.6149020987220073,0.892377063127446,living_room_contemp
ds_v2_seed1/scandinavian_v24,scandinavian,0.8939961193734762,0.49547383309759546,0.6626312304927646,0.818257472826087,0.5585437151209142,0.814398636081835,living_room_contemp
ds_v2_seed1/scandinavian_v32,scandinavian,0.9504593356167295,0.664484336501232,0.7984266621553036,0.9190557065217392,0.7422931739540736,0.8637445095168375,living_room_contemp
ds_v1_seed0/scandinavian_v55,scandinavian,0.9811678175723382,0.7411038489469862,0.8513034410844629,0.9515625,0.7853775853775854,0.9293113261240751,living_room_contemp
ds_v1_seed0/scandinavian_v64,scandinavian,0.9608239129069381,0.6732494212962963,0.8047209372703299,0.9232846467391305,0.73289235372864,0.8921587423312883,living_room_contemp
ds_v1_seed0/scandinavian_v32,scandinavian,0.9744403516270259,0.6205063090230934,0.7658178256611166,0.9187839673913043,0.6478581489767172,0.9362950544844929,living_room_contemp
ds_v2_seed1/scandinavian_v54,scandinavian,0.9352923678317707,0.546875,0.7070707070707071,0.8877038043478261,0.6070287539936102,0.8465945257797581,living_room_contemp
ds_v2_seed1/scandinavian_v37,scandinavian,0.9009895525241384,0.4863747842674176,0.6544443425917438,0.8079313858695653,0.5394146980305243,0.8318315985707628,living_room_contemp
ds_v2_seed1/scandinavian_v28,scandinavian,0.9560748351350977,0.6612948234965815,0.7961197665140888,0.9175441576086957,0.7191411880737425,0.8915537998495109,living_room_contemp
ds_v2_seed1/scandinavian_v39,scandinavian,0.9216734883223909,0.5040884227147127,0.6702909418116377,0.8506453804347827,0.5547694408241792,0.8465763803390473,living_room_contemp
ds_v1_seed0/scandinavian_v60,scandinavian,0.9529198053245804,0.62070826306914,0.765971615266159,0.9045006793478261,0.6758721997796548,0.8837879369957741,living_room_contemp
ds_v1_seed0/scandinavian_v42,scandinavian,0.9677598031959131,0.7204076123633418,0.8374847997489507,0.9296365489130435,0.7824525397639815,0.9008438818565401,living_room_contemp
ds_v2_seed1/scandinavian_v12,scandinavian,0.9041143877577833,0.44393700787401574,0.6148980259570291,0.8200917119565218,0.4863419403070907,0.8358371219608618,living_room_contemp
ds_v1_seed0/scandinavian_v40,scandinavian,0.9640056620865076,0.5291029297381384,0.6920435759399771,0.8766134510869565,0.547999462943072,0.9388154111558367,living_room_contemp
ds_v1_seed0/scandinavian_v07,scandinavian,0.8926214623447954,0.434822493349234,0.6060993542612364,0.7907269021739131,0.47026142169750484,0.8522880517845904,living_room_contemp
ds_v2_seed1/scandinavian_v65,scandinavian,0.9521548388106906,0.6375047258979206,0.7786294791281861,0.9185801630434782,0.7081303544431379,0.8647179487179487,living_room_contemp
ds_v2_seed1/scandinavian_v42,scandinavian,0.9684562782095328,0.7116042146395924,0.831505564841616,0.9298063858695652,0.7660181777210245,0.9092368045649073,living_room_contemp
ds_v1_seed0/scandinavian_v37,scandinavian,0.9546728544465053,0.6585841513358903,0.794152230148154,0.9108016304347826,0.7312689475963621,0.8688679245283019,living_room_contemp
ds_v1_seed0/scandinavian_v45,scandinavian,0.9562994139034007,0.6236774773528801,0.7682282793867121,0.9075747282608696,0.6722069016918835,0.8962536023054755,living_room_contemp
ds_v2_seed1/scandinavian_v46,scandinavian,0.9589619967773617,0.6413939877627028,0.7815235008103727,0.9084239130434782,0.686601167592197,0.9069023885649803,living_room_contemp
ds_v1_seed0/sunlight_v02,sunlight,0.9309301755534608,0.489406147418681,0.6571829292726908,0.7384680706521739,0.49530201342281877,0.9762550433229711,living_room_contemp
ds_v1_seed0/sunlight_v20,sunlight,0.9205923346594985,0.4338739969267543,0.605177299897597,0.7184273097826087,0.43791142512493536,0.9791923551171393,living_room_contemp
ds_v2_seed1/sunlight_v49,sunlight,0.9226016434460353,0.4417898882934074,0.6128353262573335,0.7063519021739131,0.4468390804597701,0.9750605671939575,living_room_contemp
ds_v2_seed1/sunlight_v55,sunlight,0.9408079584799584,0.25073758234652227,0.400943548647688,0.6851392663043478,0.2513980063214199,0.9896315201786569,living_room_contemp
ds_v1_seed0/sunlight_v59,sunlight,0.9499700700272716,0.22281561898091404,0.3644304431875134,0.6984714673913044,0.22317709475161135,0.992783304076458,living_room_contemp
ds_v2_seed1/sunlight_v31,sunlight,0.9564349472961973,0.21964674794863473,0.3601809266790832,0.7141134510869566,0.21984038604305864,0.9960058860626445,living_room_contemp
ds_v2_seed1/sunlight_v22,sunlight,0.9339360947190508,0.47426034500288067,0.6433875083331417,0.7365319293478261,0.47824749666791977,0.9827247191011236,living_room_contemp
ds_v1_seed0/sunlight_v04,sunlight,0.9300695530864331,0.33814197166469895,0.5053902781990129,0.6953294836956522,0.33998590347590607,0.9842139175257731,living_room_contemp
ds_v1_seed0/sunlight_v32,sunlight,0.9501737336456731,0.3551253038303579,0.5241217219198416,0.7386548913043478,0.35704053256930984,0.985119739595443,living_room_contemp
ds_v2_seed1/sunlight_v26,sunlight,0.9295761803275386,0.4202536390329231,0.5918008269552213,0.6847826086956522,0.4241755470080081,0.9784727272727273,living_room_contemp
ds_v1_seed0/sunlight_v21,sunlight,0.9493716603376745,0.2658602496461202,0.4200467622242553,0.7093240489130435,0.26639731797472704,0.9924739791833467,living_room_contemp
ds_v2_seed1/sunlight_v42,sunlight,0.9454255529627974,0.3937469282824846,0.5650192589377746,0.7276494565217392,0.3955714231455809,0.9884217519217994,living_room_contemp
ds_v1_seed0/sunlight_v28,sunlight,0.94569382067073,0.3372778675282714,0.5044245114916492,0.7213145380434782,0.3389342099922886,0.9857176581680831,living_room_contemp
ds_v2_seed1/sunlight_v16,sunlight,0.926362192480719,0.45715195922268237,0.6274595540008745,0.7105978260869565,0.4632020658489348,0.9722222222222222,living_room_contemp
ds_v2_seed1/sunlight_v33,sunlight,0.9394173347899749,0.3808942638411184,0.551663184959023,0.7156929347826086,0.38281975987808053,0.9869669381887878,living_room_contemp
ds_v1_seed0/sunlight_v42,sunlight,0.9449357793359149,0.43538384499826666,0.6066444826105625,0.7510529891304348,0.43915611158598183,0.9806524379663369,living_room_contemp
ds_v2_seed1/sunlight_v65,sunlight,0.9272476696509441,0.3830946009759169,0.5539673146082761,0.6671875,0.3849365767247651,0.9876633390146904,living_room_contemp
ds_v2_seed1/sunlight_v41,sunlight,0.9344533191790215,0.34034295391997743,0.5078445824997367,0.6824728260869565,0.3411494252873563,0.993102028209616,living_room_contemp
ds_v1_seed0/sunlight_v08,sunlight,0.9353040723199338,0.3118738895399388,0.4754632164366193,0.6908457880434783,0.3129623307158302,0.9889714696715416,living_room_contemp
ds_v2_seed1/sunlight_v53,sunlight,0.920353278159916,0.408355878012789,0.5799043897753814,0.6731487771739131,0.4120548455143318,0.9784898710865562,living_room_contemp
ds_v1_seed0/sunlight_v11,sunlight,0.9322617064581202,0.3998653759856401,0.5712911867744372,0.6820142663043478,0.4019655227968423,0.9871023896186105,living_room_contemp
ds_v2_seed1/sunlight_v05,sunlight,0.9516270824188733,0.4041017227235439,0.5756017761159149,0.7532608695652174,0.40608383825893407,0.9880653896299267,living_room_contemp
ds_v1_seed0/sunlight_v43,sunlight,0.9558921979795878,0.25318912922906267,0.4040716972781589,0.7255774456521739,0.2535641547861507,0.9941923774954627,living_room_contemp
ds_v2_seed1/sunlight_v02,sunlight,0.9372997677167431,0.27916717498271726,0.4364827060020346,0.6989470108695652,0.2797017601043025,0.9932002314814815,living_room_contemp
ds_v1_seed0/sunlight_v50,sunlight,0.9352876501019927,0.2663762019230769,0.42069047336576104,0.6682744565217391,0.26690753076662527,0.9925822253324003,living_room_contemp
ds_v1_seed0/sunlight_v25,sunlight,0.9600393678631506,0.1307039083282177,0.2311903361534633,0.7113960597826087,0.13078419328419327,0.9953252824308532,living_room_contemp
ds_v2_seed1/sunlight_v64,sunlight,0.9330336427439849,0.4377346461712828,0.6089227206661246,0.7303838315217391,0.44125102645578207,0.982120152574698,living_room_contemp
ds_v1_seed0/sunlight_v26,sunlight,0.9353079168727905,0.3315688664461083,0.4980123443874883,0.6740149456521739,0.3324603673440883,0.9919774953115232,living_room_contemp
ds_v1_seed0/sunlight_v44,sunlight,0.916453680068729,0.39489656072570645,0.5662019275755591,0.685054347826087,0.39830173775671407,0.978809446780977,living_room_contemp
ds_v2_seed1/sunlight_v21,sunlight,0.9359912764255517,0.4415281423155439,0.6125834513453369,0.7072860054347826,0.4448579823702253,0.9833297250487119,living_room_contemp
ds_v1_seed0/sunlight_v19,sunlight,0.9244012199995769,0.43476550978271555,0.6060439936956075,0.7070822010869565,0.44029206770660473,0.9719393362151073,living_room_contemp
ds_v2_seed1/sunlight_v54,sunlight,0.9294886912127066,0.4174172308839058,0.5889828651562294,0.6814198369565218,0.42038097025429294,0.9833906490085608,living_room_contemp
ds_v1_seed0/sunlight_v47,sunlight,0.9569581252062993,0.16075408618127787,0.2769821585726858,0.6930366847826087,0.160858656258712,0.9959723820483314,living_room_contemp
ds_v1_seed0/sunlight_v16,sunlight,0.9325186063584566,0.2768372601029802,0.4336296703632419,0.6851392663043478,0.277660406885759,0.9894047121148752,living_room_contemp
ds_v1_seed0/sunlight_v24,sunlight,0.9337156520798682,0.4314946619217082,0.6028589185829708,0.7178328804347827,0.43440815764089846,0.9846946743713884,living_room_contemp
ds_v2_seed1/sunlight_v23,sunlight,0.9362028433241735,0.2955146073923904,0.45621192645168496,0.6694972826086957,0.2960934382821285,0.9934282584884995,living_room_contemp
ds_v2_seed1/sunlight_v19,sunlight,0.9334376707068842,0.37028036066497605,0.5404446729212184,0.6963485054347827,0.3725900198468954,0.9835344746936102,living_room_contemp
ds_v1_seed0/sunlight_v07,sunlight,0.9377115976779591,0.33755447130246935,0.5047337937179773,0.6979279891304347,0.33884173926047784,0.9888707037643207,living_room_contemp
ds_v2_seed1/sunlight_v25,sunlight,0.9362540414342171,0.2796416087428181,0.43706238814405474,0.6954993206521739,0.2804303154841049,0.9900426742532006,living_room_contemp
ds_v2_seed1/sunlight_v45,sunlight,0.9257695958148193,0.46797982681511086,0.6375834575743825,0.7151324728260869,0.4742069231510944,0.9727056962025317,living_room_contemp
ds_v2_seed1/terrazzo_v37,terrazzo,0.8943938293966267,0.5513413868842171,0.7107931130382019,0.8057235054347827,0.7936427280939476,0.6436060619934985,living_room_contemp
ds_v2_seed1/terrazzo_v38,terrazzo,0.9280404754688018,0.49847405900305186,0.6653088934147997,0.874405570652174,0.6025084023280597,0.7427243330638642,living_room_contemp
ds_v1_seed0/terrazzo_v07,terrazzo,0.9013354296015931,0.5320842888667734,0.694588793492996,0.8163383152173913,0.7694762530504975,0.6329850208472744,living_room_contemp
ds_v1_seed0/terrazzo_v15,terrazzo,0.8659447465730983,0.5573208906739118,0.7157431638032388,0.7454144021739131,0.8545553341785909,0.6157259380097879,living_room_contemp
ds_v1_seed0/terrazzo_v11,terrazzo,0.8959431273780096,0.5303875008603482,0.6931414436698897,0.7682404891304347,0.8424159606449849,0.5888061127029608,living_room_contemp
ds_v2_seed1/terrazzo_v13,terrazzo,0.9096910413871708,0.5423004329965583,0.7032357916711659,0.7199388586956522,0.9431357404904421,0.5606312769010043,living_room_contemp
ds_v1_seed0/terrazzo_v53,terrazzo,0.9177587649359463,0.4975417895771878,0.6644780039395928,0.8351052989130435,0.7288302630581457,0.6105677632414581,living_room_contemp
ds_v2_seed1/terrazzo_v03,terrazzo,0.9252920555791664,0.44462385321100917,0.615556571660824,0.871484375,0.5051279913282748,0.7877763328998699,living_room_contemp
ds_v2_seed1/terrazzo_v10,terrazzo,0.9148004316910443,0.5796745867768595,0.7339164554892504,0.6683084239130435,0.9782087600784485,0.587257980115123,living_room_contemp
ds_v1_seed0/terrazzo_v60,terrazzo,0.9122531814398943,0.5847619047619048,0.7379807692307692,0.6482676630434783,0.9808966468233948,0.5914981645608128,living_room_contemp
ds_v2_seed1/terrazzo_v58,terrazzo,0.8572994025249583,0.5581283422459893,0.7164086899818101,0.7193274456521739,0.9041060291060291,0.5932473142727221,living_room_contemp
ds_v1_seed0/terrazzo_v49,terrazzo,0.9360900833681327,0.5668735453840186,0.7235728078427489,0.7155400815217391,0.9760452379892248,0.5748714990034617,living_room_contemp
ds_v1_seed0/terrazzo_v03,terrazzo,0.8781101264052679,0.5847069029619532,0.7379369672323455,0.715438179347826,0.9302417287747939,0.6115201161343841,living_room_contemp
ds_v2_seed1/terrazzo_v40,terrazzo,0.8948030493856253,0.5412483094955125,0.7023505637098489,0.8098845108695653,0.830994777575033,0.6081970987796455,living_room_contemp
ds_v2_seed1/terrazzo_v07,terrazzo,0.9028492728667808,0.5250537720066917,0.6885708315921438,0.7974864130434782,0.7938094664579067,0.6079697444885158,living_room_contemp
ds_v2_seed1/terrazzo_v43,terrazzo,0.9471683090224233,0.5292516538037486,0.6921707784161316,0.7679517663043478,0.9523248605083695,0.5436559900902496,living_room_contemp
ds_v2_seed1/terrazzo_v47,terrazzo,0.9161348689793727,0.5461510397665086,0.7064653138272771,0.8309782608695652,0.803812336398416,0.6301499605367009,living_room_contemp
ds_v1_seed0/terrazzo_v19,terrazzo,0.9432312240915957,0.5371591195648259,0.6988985235528473,0.7817934782608695,0.9387433895744145,0.5566713955051146,living_room_contemp
ds_v1_seed0/terrazzo_v20,terrazzo,0.9027045967058386,0.5122023515462899,0.6774256778830448,0.8323029891304348,0.6403557531962201,0.7190512518205145,living_room_contemp
ds_v1_seed0/terrazzo_v04,terrazzo,0.8914509643257071,0.5348696789775587,0.6969577760293731,0.6860054347826087,0.960383069069883,0.5469373054462195,living_room_contemp
ds_v2_seed1/terrazzo_v63,terrazzo,0.896454896997391,0.5005107252298263,0.6671204901293397,0.8338994565217391,0.6265183480373354,0.7133498325811617,living_room_contemp
ds_v1_seed0/terrazzo_v05,terrazzo,0.9013158607770946,0.5806551366156428,0.734701862746468,0.6775645380434783,0.9634597764339381,0.5937302376005059,living_room_contemp
ds_v1_seed0/terrazzo_v22,terrazzo,0.9307813329447616,0.5307235936010171,0.6934283835692286,0.8495414402173913,0.7692130518234165,0.6312373991935484,living_room_contemp
ds_v2_seed1/terrazzo_v16,terrazzo,0.8994462809634541,0.5591744741028813,0.7172699186530994,0.8305876358695652,0.7268079728875869,0.7079789615040286,living_room_contemp
ds_v1_seed0/terrazzo_v42,terrazzo,0.8879602463523857,0.5311705256639908,0.6938097576475346,0.6399456521739131,0.9691333118140736,0.5403113330633914,living_room_contemp
ds_v1_seed0/terrazzo_v58,terrazzo,0.8841661251978361,0.5392120690361989,0.7006338890960423,0.8091032608695652,0.7503993610223643,0.6570586472175043,living_room_contemp
ds_v1_seed0/terrazzo_v23,terrazzo,0.9438944621668407,0.5706476160894549,0.7266399034943738,0.765234375,0.958072590738423,0.585263292026377,living_room_contemp
ds_v2_seed1/terrazzo_v04,terrazzo,0.9560343306440092,0.5055725289384225,0.6716016920086887,0.8048573369565217,0.9429373996789727,0.5215287642045454,living_room_contemp
ds_v1_seed0/terrazzo_v55,terrazzo,0.8786193868662981,0.5583946579449441,0.7166280442481746,0.7798573369565217,0.8107439651760981,0.6420904176134138,living_room_contemp
ds_v1_seed0/terrazzo_v41,terrazzo,0.94369202279149,0.46395637879881324,0.6338390754231253,0.8864639945652174,0.5166532726136263,0.8197789742136583,living_room_contemp
ds_v1_seed0/terrazzo_v47,terrazzo,0.9043995341663091,0.5583851499634236,0.7166202141704562,0.8359544836956522,0.686123595505618,0.7499539453484801,living_room_contemp
ds_v2_seed1/terrazzo_v48,terrazzo,0.909735051992986,0.5105584043283401,0.6759863145514808,0.7941236413043479,0.7971379940742609,0.5868021717945149,living_room_contemp
ds_v1_seed0/terrazzo_v18,terrazzo,0.8578456174606436,0.5728071512011783,0.7283882843026447,0.7143002717391305,0.9081977774198744,0.608011213542509,living_room_contemp
ds_v1_seed0/terrazzo_v61,terrazzo,0.9517808120900417,0.5016602809706258,0.668140840278959,0.9005944293478261,0.5688906053876606,0.8093406593406594,living_room_contemp
ds_v2_seed1/terrazzo_v56,terrazzo,0.907110823949246,0.5305201964518392,0.6932547478716438,0.8408967391304348,0.644780119381167,0.7496105367511684,living_room_contemp
ds_v2_seed1/terrazzo_v55,terrazzo,0.8666392406995264,0.540085744908896,0.7013710070290209,0.708491847826087,0.9134000996963793,0.569233810613121,living_room_contemp
ds_v2_seed1/terrazzo_v51,terrazzo,0.8847557940375224,0.5331874282433984,0.6955280462406103,0.7790251358695652,0.8448070035813768,0.5910826505449049,living_room_contemp
ds_v2_seed1/terrazzo_v19,terrazzo,0.8609259634491854,0.5209495157029644,0.6850319623688337,0.7782438858695652,0.7617489270386266,0.622353714661407,living_room_contemp
ds_v2_seed1/terrazzo_v06,terrazzo,0.890932986896048,0.5586829337899544,0.7168654017806056,0.7898947010869565,0.8044896491498433,0.6464542227359036,living_room_contemp
ds_v2_seed1/terrazzo_v53,terrazzo,0.9092083494045095,0.5412307898199986,0.7023358129034125,0.6506793478260869,0.980522891663636,0.5471128046718226,living_room_contemp
ds_v2_seed1/bedroom_v36,bedroom,0.794912747887947,0.2276541408245166,0.3708766716196137,0.8561820652173913,0.3060323688082393,0.47058823529411764,livingroom
ds_v2_seed1/bedroom_v60,bedroom,0.7943102402634388,0.17134416543574593,0.2925598991172762,0.8761379076086957,0.21408290743895514,0.46186830015313934,livingroom
ds_v2_seed1/bedroom_v58,bedroom,0.8142646302738696,0.39602552275522757,0.5673614361628899,0.7331351902173913,0.775186216236551,0.4474118464478027,livingroom
ds_v1_seed0/bedroom_v40,bedroom,0.8533411643999145,0.41070498802457567,0.58226913707832,0.8077785326086957,0.614904895541004,0.5529230337866256,livingroom
ds_v1_seed0/bedroom_v61,bedroom,0.9071436842937564,0.3206034889203206,0.4855408782577651,0.9021059782608696,0.43332802294089534,0.5520600771260402,livingroom
ds_v1_seed0/bedroom_v12,bedroom,0.8412239506462467,0.38062482086557753,0.5513805272991488,0.8164911684782609,0.596639410549016,0.5125038592158073,livingroom
ds_v2_seed1/bedroom_v62,bedroom,0.8300688826743912,0.37371149377346125,0.5440902190414226,0.821484375,0.5740435658063335,0.5171077582653145,livingroom
ds_v1_seed0/bedroom_v32,bedroom,0.8929508484876529,0.44591737614993426,0.6167950997826517,0.8353091032608696,0.7104879825200291,0.5449340129879199,livingroom
ds_v2_seed1/bedroom_v59,bedroom,0.7689710134267707,0.3971115680742193,0.5684750984083519,0.7858865489130434,0.6081734290317855,0.5336417967996915,livingroom
ds_v2_seed1/bedroom_v24,bedroom,0.6928862237831359,0.2243026959832181,0.3664170580022846,0.8304347826086956,0.33781886262578986,0.40030504714364945,livingroom
ds_v1_seed0/bedroom_v46,bedroom,0.808300327894532,0.15094810379241516,0.26230218946455663,0.8844089673913044,0.1841704718417047,0.4555722891566265,livingroom
ds_v1_seed0/bedroom_v58,bedroom,0.8221706307201808,0.22038904165393625,0.3611783359759659,0.8699898097826086,0.3000970739148523,0.45347862531433364,livingroom
ds_v1_seed0/bedroom_v14,bedroom,0.88271783234164,0.44059257482156783,0.6116824180856821,0.8415930706521739,0.6427508968413684,0.5834789515488483,livingroom
ds_v2_seed1/bedroom_v08,bedroom,0.8889542849702716,0.38561861120902363,0.5566013736962605,0.8815896739130434,0.5249520153550864,0.5923118570655116,livingroom
ds_v1_seed0/bedroom_v38,bedroom,0.8541953715931258,0.4013967230727908,0.572852378579369,0.8107506793478261,0.696040987424313,0.4867118290776446,livingroom
ds_v2_seed1/bedroom_v47,bedroom,0.8323257215031346,0.4340031038144246,0.6053028792754821,0.7646229619565217,0.6773535598189815,0.5471066721581549,livingroom
ds_v1_seed0/bedroom_v31,bedroom,0.917164772262767,0.4352278893109061,0.6064930768867256,0.8585767663043479,0.6956851691240243,0.5375722543352601,livingroom
ds_v2_seed1/bedroom_v50,bedroom,0.8671712525772947,0.4018521184204213,0.573315991237678,0.78828125,0.7870500892773236,0.4508748317631225,livingroom
ds_v2_seed1/bedroom_v39,bedroom,0.8672634484202644,0.4454595036814835,0.616356947457787,0.7927819293478261,0.7812674372259865,0.5089313532038633,livingroom
ds_v1_seed0/bedroom_v48,bedroom,0.7369851310173666,0.3126768402987152,0.4763957597173145,0.7483355978260869,0.54349754091752,0.4240422721268164,livingroom
ds_v2_seed1/bedroom_v12,bedroom,0.8635202242940466,0.33598183881952326,0.5029736618521665,0.8609035326086957,0.45378887428821724,0.5641165260005445,livingroom
ds_v2_seed1/bedroom_v11,bedroom,0.796513017830139,0.2205926670015068,0.36145173236770634,0.8682235054347827,0.29853181076672103,0.45797705943691347,livingroom
ds_v1_seed0/bedroom_v07,bedroom,0.765566199721874,0.2427285576136279,0.39063809409792893,0.8271059782608695,0.33204436755876665,0.4743422009012938,livingroom
ds_v2_seed1/bedroom_v44,bedroom,0.8136862865605696,0.40589473684210525,0.5774183887391434,0.760360054347826,0.766295707472178,0.4632388274867852,livingroom
ds_v2_seed1/bedroom_v38,bedroom,0.8614727715222468,0.379291881400174,0.5499805900621118,0.8424932065217391,0.5260373155109997,0.5762074224707676,livingroom
ds_v1_seed0/bedroom_v63,bedroom,0.768003245231009,0.38433754720078805,0.5552656546489564,0.8089334239130435,0.5778344577916735,0.5343935474052656,livingroom
ds_v2_seed1/bedroom_v63,bedroom,0.8823224889406984,0.4963812311946003,0.6634422042280311,0.7896399456521739,0.817463506093478,0.558258642765685,livingroom
ds_v2_seed1/bedroom_v04,bedroom,0.8749774006539238,0.20560414063894342,0.341080680977054,0.9244055706521739,0.29798241076047594,0.3987538940809969,livingroom
ds_v2_seed1/bedroom_v48,bedroom,0.7052008989235039,0.28263013698630135,0.44070403280929604,0.7776494565217391,0.48937381404174574,0.4008392912651539,livingroom
ds_v2_seed1/bedroom_v13,bedroom,0.8650115988965915,0.37649128173753443,0.5470303905772543,0.8615319293478261,0.5294687029468703,0.5657970348235835,livingroom
ds_v1_seed0/bedroom_v59,bedroom,0.7621778831199872,0.36639607644173855,0.5362955628442354,0.7454823369565218,0.6678483353884094,0.4480405335539241,livingroom
ds_v1_seed0/bedroom_v54,bedroom,0.9057961963234662,0.35516702776238224,0.5241671624033314,0.7826426630434783,0.8296845574387948,0.3830978260869565,livingroom
ds_v1_seed0/bedroom_v29,bedroom,0.8088427746645791,0.1333041958041958,0.2352487466255303,0.8989639945652174,0.17372318207708373,0.3642515923566879,livingroom
ds_v1_seed0/bedroom_v41,bedroom,0.8741024860345428,0.4363552645042464,0.6075868210151381,0.812890625,0.7629483853654173,0.5047940340909091,livingroom
ds_v1_seed0/bedroom_v56,bedroom,0.8618324544864917,0.4649759940908531,0.6347899159663866,0.7785665760869566,0.7703446869263716,0.5398027726168357,livingroom
ds_v2_seed1/bedroom_v55,bedroom,0.8549181648936527,0.41518063383535064,0.586752848235563,0.7850033967391304,0.7419914134742405,0.48523297878084337,livingroom
ds_v1_seed0/bedroom_v33,bedroom,0.8957902818568656,0.37819607843137254,0.5488276804006373,0.8653532608695652,0.5590724637681159,0.538951603889572,livingroom
ds_v2_seed1/bedroom_v14,bedroom,0.8676867979421197,0.41687101520353115,0.5884389061959155,0.818257472826087,0.7028020211299955,0.5060862662079916,livingroom
ds_v2_seed1/bedroom_v30,bedroom,0.7294788164514271,0.2996300238203842,0.46110049526186486,0.7653023097826087,0.5021659729890428,0.42624369142033164,livingroom
ds_v2_seed1/blue_bathroom_v51,blue_bathroom,0.9713114571523803,0.6931165574698698,0.8187464169692338,0.9355638586956522,0.8158621346282015,0.8216511650206156,livingroom
ds_v2_seed1/blue_bathroom_v23,blue_bathroom,0.9388852198608113,0.4868942731277533,0.6549144507814235,0.9208729619565217,0.5959024127240868,0.7268990463663269,livingroom
ds_v1_seed0/blue_bathroom_v42,blue_bathroom,0.9465837335305852,0.0812597200622084,0.1503056454512765,0.959867527173913,0.08844688954718578,0.5,livingroom
ds_v1_seed0/blue_bathroom_v14,blue_bathroom,0.9120145894166375,0.3360379669320269,0.5030365532256216,0.9263417119565217,0.6410630841121495,0.41391665095229113,livingroom
ds_v1_seed0/blue_bathroom_v19,blue_bathroom,0.9641024151160538,0.5556360625194079,0.7143522523121963,0.9270889945652174,0.6398855644296102,0.808433734939759,livingroom
ds_v2_seed1/blue_bathroom_v36,blue_bathroom,0.9659975403203978,0.6366707869798105,0.7780071496903479,0.9251188858695653,0.7454650714010035,0.8135200589659892,livingroom
ds_v2_seed1/blue_bathroom_v29,blue_bathroom,0.9425117876026959,0.5483208504469679,0.7082780681906843,0.9364979619565217,0.7544880319148937,0.6674018526687252,livingroom
ds_v1_seed0/blue_bathroom_v53,blue_bathroom,0.9420240966202355,0.1310153691106072,0.23167743372688793,0.9414232336956522,0.14768531667140017,0.5371900826446281,livingroom
ds_v1_seed0/blue_bathroom_v11,blue_bathroom,0.9712342065352121,0.5586843350686228,0.7168665553362684,0.9366508152173914,0.6363023851232987,0.8207891534851381,livingroom
ds_v1_seed0/blue_bathroom_v50,blue_bathroom,0.9602236525419162,0.6263666412407831,0.7702649886656766,0.9500849184782608,0.8427984946972289,0.7092270044623579,livingroom
ds_v2_seed1/blue_bathroom_v10,blue_bathroom,0.9368347099880557,0.34687892752408883,0.5150855365474339,0.9205672554347826,0.4382498235709245,0.6245914005531807,livingroom
ds_v1_seed0/blue_bathroom_v32,blue_bathroom,0.9606852069467919,0.6334770678165426,0.7756179505639549,0.9364809782608695,0.8148241522753057,0.740011448196909,livingroom
ds_v1_seed0/blue_bathroom_v09,blue_bathroom,0.9729625585213088,0.6671380312671852,0.8003392865557702,0.9280400815217391,0.8636224956778196,0.7456972251492799,livingroom
ds_v2_seed1/blue_bathroom_v41,blue_bathroom,0.9749159972916696,0.7014885933233507,0.8245586788838847,0.9424422554347827,0.8545064377682403,0.7966389916975093,livingroom
ds_v1_seed0/blue_bathroom_v28,blue_bathroom,0.9719483365633805,0.5364238410596026,0.6982758620689655,0.9405570652173914,0.6063782003293906,0.823003454582402,livingroom
ds_v2_seed1/blue_bathroom_v33,blue_bathroom,0.9194727855535322,0.08835208471211119,0.1623593797506841,0.9532099184782609,0.10701402805611222,0.336272040302267,livingroom
ds_v2_seed1/blue_bathroom_v09,blue_bathroom,0.9591833983659749,0.4335375191424196,0.6048499091977353,0.9371773097826087,0.5489625751405857,0.673406279733587,livingroom
ds_v2_seed1/blue_bathroom_v30,blue_bathroom,0.9436382291547335,0.5578771416631843,0.7162017167381974,0.928125,0.7527488018043417,0.6830391404451266,livingroom
ds_v1_seed0/blue_bathroom_v18,blue_bathroom,0.951051627213534,0.544069640914037,0.704721634954193,0.9146059782608695,0.6224712107065048,0.8120178643930166,livingroom
ds_v1_seed0/blue_bathroom_v37,blue_bathroom,0.9289109872117556,0.41126842513576417,0.5828351542637258,0.8968919836956522,0.7339910003461405,0.4833048433048433,livingroom
ds_v1_seed0/blue_bathroom_v22,blue_bathroom,0.9621630929995478,0.5874500467647309,0.7401178361006964,0.9175951086956522,0.6823703703703704,0.8085430076067875,livingroom
ds_v1_seed0/blue_bathroom_v03,blue_bathroom,0.9379123324133711,0.06442687747035573,0.12105458596360937,0.9597995923913043,0.07257346393588603,0.36465324384787473,livingroom
ds_v1_seed0/blue_bathroom_v29,blue_bathroom,0.9606671211845796,0.595410346168806,0.7464040177483057,0.9116677989130435,0.6837591566910846,0.8216854535695115,livingroom
ds_v1_seed0/blue_bathroom_v16,blue_bathroom,0.9799798946841104,0.6586854460093897,0.7942258703651288,0.9506114130434783,0.774496273806238,0.8149869300029045,livingroom
ds_v1_seed0/blue_bathroom_v47,blue_bathroom,0.972989615346527,0.6461059997408319,0.7850114146264662,0.953617527173913,0.8332219251336899,0.7420747134990326,livingroom
ds_v2_seed1/blue_bathroom_v48,blue_bathroom,0.9803150200545377,0.6502142955896585,0.7880361930294906,0.95703125,0.7517583120204604,0.8279929577464789,livingroom
ds_v1_seed0/blue_bathroom_v43,blue_bathroom,0.966585758785248,0.658098451766574,0.7937990064045012,0.9414911684782609,0.850782653323069,0.7439694827779648,livingroom
ds_v1_seed0/blue_bathroom_v44,blue_bathroom,0.9692750477040009,0.6115485564304461,0.758957654723127,0.9497282608695652,0.8215796897038082,0.7052058111380145,livingroom
ds_v1_seed0/blue_bathroom_v08,blue_bathroom,0.9679571729520677,0.6298623816721025,0.7729025330665235,0.9209748641304348,0.7790240062967335,0.7668765133171913,livingroom
ds_v2_seed1/blue_bathroom_v28,blue_bathroom,0.9826857368821593,0.3728735632183908,0.5432016075016746,0.9536684782608695,0.3886891924275102,0.9016120066703724,livingroom
ds_v2_seed1/blue_bathroom_v07,blue_bathroom,0.9620817474450067,0.5533946251768034,0.7124971545640792,0.9141983695652174,0.6177834797197276,0.8415109557736254,livingroom
ds_v2_seed1/blue_bathroom_v20,blue_bathroom,0.9629803172211423,0.6175883808155773,0.7635915145535274,0.9186141304347826,0.7344595235835627,0.7951299702044591,livingroom
ds_v2_seed1/blue_bathroom_v53,blue_bathroom,0.9616275584806679,0.5938158819395642,0.7451499118165784,0.9411005434782609,0.7643600180913613,0.7268817204301076,livingroom
ds_v2_seed1/blue_bathroom_v25,blue_bathroom,0.9656558205760227,0.5224325993002675,0.6863129435620142,0.9211786684782609,0.5771285665567807,0.8464488162720907,livingroom
ds_v2_seed1/blue_bathroom_v56,blue_bathroom,0.9476823887214375,0.5843810222997156,0.7376773819866783,0.9230808423913044,0.7378910776361529,0.7374638100752751,livingroom
ds_v1_seed0/computer_room_v17,computer_room,0.950814187360191,0.700008280202037,0.8235351419804199,0.8769361413043478,0.8669435471465928,0.7842664316526741,livingroom
ds_v1_seed0/computer_room_v40,computer_room,0.9476627970188364,0.6039638186322521,0.7530890804597702,0.8832540760869565,0.6878608923884515,0.8319841269841269,livingroom
ds_v2_seed1/computer_room_v29,computer_room,0.9474371744386016,0.5379824885929214,0.6995950767750471,0.8727411684782609,0.5863575268817204,0.8670376627248335,livingroom
ds_v2_seed1/computer_room_v43,computer_room,0.9472340024837546,0.6862121212121212,0.8139096055350886,0.8593070652173913,0.904804714813705,0.7396097003347759,livingroom
ds_v1_seed0/computer_room_v43,computer_room,0.9553981538872767,0.6696102314250914,0.802115630129491,0.8894361413043478,0.8256054064201239,0.779925518708991,livingroom
ds_v2_seed1/computer_room_v39,computer_room,0.9580543696138143,0.6802474303520767,0.8096991170039027,0.8832370923913043,0.7505901672995997,0.8789135268313202,livingroom
ds_v1_seed0/computer_room_v59,computer_room,0.9569946350911713,0.6751412429378532,0.8060708263069141,0.890625,0.8365,0.7777777777777778,livingroom
ds_v2_seed1/computer_room_v07,computer_room,0.9464734014515598,0.6100558087143515,0.7578070342809896,0.8706521739130435,0.6796144193474789,0.8563317521920368,livingroom
ds_v2_seed1/computer_room_v00,computer_room,0.9456614334353025,0.6749889527176315,0.8059622741063185,0.8750849184782609,0.8264351025266461,0.786479250334672,livingroom
ds_v2_seed1/computer_room_v36,computer_room,0.9541447467774178,0.545940088242124,0.7062888043260565,0.9003736413043478,0.6139984330112301,0.8312315851502652,livingroom
ds_v1_seed0/computer_room_v04,computer_room,0.9485927896492675,0.6574369027199216,0.793317563571851,0.810054347826087,0.9663680158480032,0.6728315726779724,livingroom
ds_v2_seed1/computer_room_v40,computer_room,0.9538937156531394,0.6558763196077451,0.7921803239062123,0.8831861413043478,0.7377039954980303,0.8553438601070077,livingroom
ds_v2_seed1/computer_room_v16,computer_room,0.939360414579307,0.7195478129402467,0.8369035248980897,0.8613790760869565,0.8971766419604987,0.784219001610306,livingroom
ds_v2_seed1/computer_room_v56,computer_room,0.957873182040698,0.6745973823772685,0.8056830728107385,0.8864130434782609,0.7402957979603823,0.8837402001402256,livingroom
ds_v1_seed0/computer_room_v42,computer_room,0.9461834622591451,0.6492282141461508,0.7873115540680627,0.8780400815217392,0.8162500767671805,0.7603546910755149,livingroom
ds_v2_seed1/computer_room_v06,computer_room,0.9482052699963517,0.6454153028793701,0.7845013982183526,0.873046875,0.7206186113023675,0.8608123497406048,livingroom
ds_v2_seed1/computer_room_v63,computer_room,0.9611784334306807,0.7647231067676878,0.8666777284606132,0.8908288043478261,0.8772305496074233,0.8563757839078575,livingroom
ds_v1_seed0/computer_room_v12,computer_room,0.9558236798463419,0.6872280292494729,0.8146237702738633,0.8815896739130434,0.7929909928564034,0.8374699322108026,livingroom
ds_v2_seed1/computer_room_v24,computer_room,0.940249765517638,0.6600942991855979,0.7952491608572166,0.8249150815217391,0.9413645554144919,0.6883983219861083,livingroom
ds_v2_seed1/computer_room_v48,computer_room,0.9546264271274835,0.677939497716895,0.8080619100263627,0.8850033967391304,0.7560872102275741,0.8677097284792402,livingroom
ds_v1_seed0/computer_room_v29,computer_room,0.9685657924042146,0.6215849641542337,0.7666387859959373,0.900492527173913,0.6563906697585595,0.9213977979894686,livingroom
ds_v1_seed0/computer_room_v64,computer_room,0.9444202998537189,0.7133422799830484,0.8326909203339173,0.8621433423913043,0.8994923405771286,0.7751256763498215,livingroom
ds_v1_seed0/computer_room_v26,computer_room,0.9360346373563281,0.5824116668297935,0.7361063862687489,0.855078125,0.6438889790618406,0.8591539127923765,livingroom
ds_v2_seed1/computer_room_v22,computer_room,0.953186920111306,0.7138036186216711,0.8330051481578137,0.8804517663043478,0.8253878702397743,0.8407643312101911,livingroom
ds_v1_seed0/computer_room_v58,computer_room,0.9402522609134433,0.5604087687489698,0.7182845674448083,0.8641134510869565,0.6150506512301013,0.8631632394008631,livingroom
ds_v2_seed1/computer_room_v25,computer_room,0.9477675770282237,0.5450729277837069,0.7055627187327316,0.89140625,0.6237583455463279,0.812062751748993,livingroom
ds_v1_seed0/computer_room_v53,computer_room,0.9409809823292796,0.6077874779069145,0.7560544988174156,0.8756283967391304,0.7134863250550142,0.8040243729630154,livingroom
ds_v2_seed1/computer_room_v10,computer_room,0.9488433333729663,0.704440366972477,0.8265943245919992,0.8632133152173913,0.8940014903129657,0.7686393849603588,livingroom
ds_v1_seed0/computer_room_v50,computer_room,0.9461340934426886,0.5155454670518641,0.6803431216811147,0.8803838315217392,0.567545055277904,0.8490993542539934,livingroom
ds_v1_seed0/computer_room_v25,computer_room,0.9618191454296272,0.6036401820091004,0.7528374367033351,0.9038383152173913,0.6695915514831495,0.8597208374875374,livingroom
ds_v1_seed0/computer_room_v62,computer_room,0.955098454951489,0.5208054636344435,0.6849074074074073,0.8844089673913044,0.5598698153194066,0.8818550309966618,livingroom
ds_v1_seed0/computer_room_v08,computer_room,0.9649268371838774,0.7629333333333334,0.8655271517168355,0.8943104619565218,0.868172359979192,0.8628980137015813,livingroom
ds_v2_seed1/computer_room_v55,computer_room,0.9697507871608874,0.7664797096667766,0.8678047140562549,0.879789402173913,0.9362456677681954,0.808688387635756,livingroom
ds_v1_seed0/computer_room_v48,computer_room,0.951900288123284,0.627526769391486,0.7711415642350525,0.8788892663043478,0.691015759806741,0.8722863573658607,livingroom
ds_v2_seed1/computer_room_v02,computer_room,0.9523193484246825,0.5339056470032291,0.6961388375436434,0.8994904891304348,0.6026313450084452,0.8239941655524492,livingroom
ds_v1_seed0/computer_room_v28,computer_room,0.9498405953079198,0.5756254008980115,0.7306627585083864,0.8876358695652173,0.6644454316600029,0.8115391571712787,livingroom
ds_v2_seed1/computer_room_v49,computer_room,0.9373642889397603,0.6939780460281093,0.8193471546520783,0.8480129076086956,0.8853503184713376,0.7625023482998309,livingroom
ds_v2_seed1/computer_room_v08,computer_room,0.9507159524059671,0.657705303364184,0.7935129386742289,0.8812839673913043,0.7591137738088509,0.8311776718856365,livingroom
ds_v1_seed0/computer_room_v16,computer_room,0.9679166735688622,0.7398745579502235,0.8504918410001725,0.867578125,0.9526611967868036,0.7681144361318925,livingroom
ds_v2_seed1/computer_room_v46,computer_room,0.9448729630114975,0.636482609352192,0.7778666338582677,0.87734375,0.7321521625846795,0.8296699691621284,livingroom
ds_v2_seed1/green_house_v56,green_house,0.8911270084813563,0.19545808342108878,0.3270011489850632,0.7015625,0.1984012641167449,0.9294578706727629,livingroom
ds_v2_seed1/green_house_v33,green_house,0.9046857686360569,0.3348270154616285,0.5016785120217753,0.7201596467391305,0.3403923499958959,0.9534429244740775,livingroom
ds_v1_seed0/green_house_v38,green_house,0.9420504730516586,0.3881834121460071,0.5592681899950243,0.8044327445652174,0.393070425566256,0.9689655172413794,livingroom
ds_v2_seed1/green_house_v52,green_house,0.8917521642405448,0.2666795217894331,0.421068655807581,0.6770550271739131,0.27002225779999217,0.9556384742951907,livingroom
ds_v2_seed1/green_house_v11,green_house,0.8954997425700872,0.43873603685834744,0.6098909398507598,0.7806895380434783,0.4612080782235219,0.9000445831475702,livingroom
ds_v1_seed0/green_house_v61,green_house,0.9527606495379751,0.416717810236897,0.58828625888061,0.8385869565217391,0.41823221435170926,0.991385603737772,livingroom
ds_v1_seed0/green_house_v37,green_house,0.8979334199035082,0.3405114401076716,0.5080321285140562,0.7253736413043478,0.34720951509606585,0.9463840399002493,livingroom
ds_v2_seed1/green_house_v04,green_house,0.925793902632226,0.4135454351989785,0.5851179946554255,0.8127887228260869,0.4283352620267813,0.9229399192590834,livingroom
ds_v1_seed0/green_house_v62,green_house,0.896347766287454,0.3456129755845052,0.5136885298454832,0.7423573369565217,0.35391819065288455,0.9364188873305282,livingroom
ds_v1_seed0/green_house_v56,green_house,0.9220457123275968,0.37760540591986297,0.548205464782894,0.7778702445652174,0.38467132053519487,0.9536113447902896,livingroom
ds_v1_seed0/green_house_v36,green_house,0.8930228311287034,0.26717816917378484,0.42168998120917467,0.670703125,0.27128986452776604,0.9463186077643909,livingroom
ds_v1_seed0/green_house_v06,green_house,0.9026500819786714,0.4266038419717289,0.5980691056910569,0.785054347826087,0.44778390717139055,0.9001912045889101,livingroom
ds_v2_seed1/green_house_v63,green_house,0.8886145133287533,0.2734399016292653,0.42945081472540736,0.6788722826086957,0.27683330091421904,0.9570948217888365,livingroom
ds_v2_seed1/green_house_v08,green_house,0.9168161627375451,0.41480692656727475,0.5863795529665871,0.7853430706521739,0.429276473406804,0.9248477340765975,livingroom
ds_v2_seed1/green_house_v13,green_house,0.905453370422633,0.40671575585521647,0.5782486677387821,0.772843070652174,0.42135012177749187,0.921322347266881,livingroom
ds_v1_seed0/green_house_v20,green_house,0.8958748726721731,0.2948114190456345,0.4553735234478097,0.7126188858695652,0.2995553673512598,0.9490206600482962,livingroom
ds_v2_seed1/green_house_v41,green_house,0.9126819187486829,0.35761154855643046,0.5268245529241179,0.7339673913043478,0.36392471098868995,0.9537350978890955,livingroom
ds_v2_seed1/green_house_v45,green_house,0.8847300540327935,0.309648974054604,0.4728732357892011,0.7234375,0.319272631901036,0.9112913287585777,livingroom
ds_v2_seed1/green_house_v59,green_house,0.7647397172173734,0.21177064915382673,0.3495226581064743,0.7350033967391304,0.24804733727810652,0.5915055735854381,livingroom
ds_v2_seed1/green_house_v27,green_house,0.8903372359992682,0.3087784411812167,0.47185746871339623,0.7090013586956522,0.3136371086707097,0.9522269221199303,livingroom
ds_v2_seed1/green_house_v55,green_house,0.914256657342619,0.37229787234042555,0.5425904679214859,0.7494735054347826,0.3811702174007755,0.941157487091222,livingroom
ds_v1_seed0/green_house_v00,green_house,0.8934861014090651,0.3358886661162873,0.5028692504634943,0.7130944293478261,0.3425409934651004,0.945341889798628,livingroom
ds_v1_seed0/green_house_v52,green_house,0.9079815558091237,0.38135812032016525,0.5521495327102803,0.7558423913043478,0.3948494029584744,0.9177713338856669,livingroom
ds_v2_seed1/green_house_v36,green_house,0.9011958616460453,0.42997553730560895,0.6013746754238583,0.7783797554347827,0.4499657142857143,0.906353591160221,livingroom
ds_v1_seed0/green_house_v10,green_house,0.8718119314989378,0.27296759007785626,0.4288680909168492,0.6590183423913043,0.27825765965300847,0.9348877588986729,livingroom
ds_v2_seed1/green_house_v37,green_house,0.882441113183423,0.3950164744645799,0.5663251749284047,0.7505264945652174,0.4156086146379512,0.8885491939966648,livingroom
ds_v2_seed1/green_house_v40,green_house,0.90944053636405,0.35230427540255416,0.5210429070006158,0.7226392663043478,0.3582143721267844,0.9552640068824605,livingroom
ds_v2_seed1/green_house_v09,green_house,0.8805206909954728,0.23524045829380427,0.38088204885829907,0.644038722826087,0.2388750972618474,0.9392482517482518,livingroom
ds_v2_seed1/green_house_v28,green_house,0.9399329764728875,0.3888151256041213,0.559923518164436,0.8045516304347826,0.39351752311330895,0.9701828783461437,livingroom
ds_v2_seed1/green_house_v24,green_house,0.924388849043911,0.35317242640336444,0.5219917573136951,0.7596807065217391,0.3577183072506714,0.9652673663168416,livingroom
ds_v2_seed1/green_house_v46,green_house,0.9078443533066712,0.4155718879191548,0.5871434597786936,0.7839164402173913,0.43457584782399844,0.9047904790479048,livingroom
ds_v1_seed0/green_house_v30,green_house,0.9148817637048619,0.460927903241047,0.631007049996766,0.8062160326086957,0.4860986547085202,0.8990047917434574,livingroom
ds_v1_seed0/green_house_v16,green_house,0.8834402694127432,0.41229244777718266,0.5838627097752915,0.7763756793478261,0.440402402975112,0.8659416893222087,livingroom
ds_v1_seed0/green_house_v09,green_house,0.9117567441871689,0.3719360110088587,0.542206062125819,0.751953125,0.38046012404873975,0.9431842966194112,livingroom
ds_v2_seed1/green_house_v51,green_house,0.8952062117504972,0.27901509527344714,0.4362967979104189,0.7031080163043478,0.2826522938079719,0.9559135226791013,livingroom
ds_v2_seed1/green_house_v42,green_house,0.8934355963412075,0.31363283989811364,0.4775045665308416,0.6842221467391304,0.3205553878659825,0.9355797819623389,livingroom
ds_v2_seed1/green_house_v30,green_house,0.9393048079863264,0.42043343653250775,0.5919790758500437,0.8251358695652173,0.42885852090032156,0.9553594269634178,livingroom
ds_v1_seed0/green_house_v44,green_house,0.908685148554143,0.30010172939979657,0.4616588419405321,0.73125,0.3046699595868882,0.9524143739472206,livingroom
ds_v2_seed1/green_house_v07,green_house,0.9254468997397566,0.3787781667570633,0.54944033186711,0.7860224184782608,0.3858944090018586,0.9535749751737835,livingroom
ds_v2_seed1/gym_v06,gym,0.9041030753737285,0.5154709282556953,0.6802782140453218,0.7579823369565217,0.5370934599305605,0.9275575134605971,livingroom
ds_v2_seed1/gym_v26,gym,0.9099028384902621,0.5331940818102698,0.6955337072273563,0.772265625,0.5622201013141472,0.9117209357699864,livingroom
ds_v2_seed1/gym_v51,gym,0.9293496988950791,0.5873699455009719,0.740054260401911,0.8161175271739131,0.6200514966205343,0.9176540637094374,livingroom
ds_v2_seed1/gym_v01,gym,0.899630836053698,0.568157218238398,0.7246176743383446,0.7831691576086957,0.6150944778087007,0.8815934498504172,livingroom
ds_v2_seed1/gym_v17,gym,0.8983610047453606,0.5886501450039546,0.7410695764012779,0.7880095108695652,0.6399856682192763,0.880074891604257,livingroom
ds_v2_seed1/gym_v00,gym,0.9205007417281309,0.5765875207067919,0.7314373774166434,0.8046535326086957,0.6141871225786213,0.9040170841509869,livingroom
ds_v2_seed1/gym_v04,gym,0.9406095672811913,0.35603729824395325,0.5251143146357639,0.768936820652174,0.3624710871241326,0.9525136127643409,livingroom
ds_v2_seed1/gym_v54,gym,0.9089429305723324,0.5085583872194751,0.6742309631870903,0.7586277173913043,0.5348972540461903,0.9117227698220817,livingroom
ds_v2_seed1/gym_v35,gym,0.9310710631826785,0.48884597193756896,0.6566776968894771,0.7797384510869565,0.5028175294928446,0.9462160512664022,livingroom
ds_v2_seed1/gym_v25,gym,0.9250845811127283,0.5090143493724705,0.6746315561335067,0.7960258152173914,0.5342401098429589,0.9151109804498015,livingroom
ds_v1_seed0/gym_v49,gym,0.9053442201177099,0.5276311278711004,0.6907834204797918,0.7659816576086956,0.5562743964146306,0.9110874326644172,livingroom
ds_v1_seed0/gym_v27,gym,0.9244856744870557,0.47268673355629875,0.6419379258137775,0.7670346467391305,0.4875109031797637,0.9395583403377398,livingroom
ds_v2_seed1/gym_v24,gym,0.9149522731855436,0.5048962005483745,0.6710046850598645,0.7853260869565217,0.5306710580485796,0.9122434536447275,livingroom
ds_v1_seed0/gym_v01,gym,0.9094729585799901,0.5299415283285167,0.6927604990335617,0.7624320652173913,0.557736516357206,0.9140439343882223,livingroom
ds_v1_seed0/gym_v55,gym,0.9162232640721784,0.4726714280427784,0.6419238114383355,0.7579823369565217,0.49104259572505,0.9266540917005224,livingroom
ds_v2_seed1/gym_v55,gym,0.9109954756528885,0.3786842105263158,0.5493414773811797,0.7594089673913044,0.39036079211501945,0.9267926148561615,livingroom
ds_v2_seed1/gym_v09,gym,0.9107099358968603,0.4803190387404185,0.6489398922398711,0.7443783967391304,0.500143812468541,0.923766518361113,livingroom
ds_v1_seed0/gym_v59,gym,0.9376486128045576,0.44855656260490095,0.6193152192804589,0.7768002717391305,0.45931081893958925,0.9503911806543386,livingroom
ds_v2_seed1/gym_v40,gym,0.9196254349972598,0.5772123654946558,0.7319399443252864,0.8004755434782609,0.6133929937280098,0.9072858920692386,livingroom
ds_v2_seed1/gym_v05,gym,0.9351356869805185,0.5116807268007787,0.6769693067181799,0.795516304347826,0.528064961701059,0.942829384948808,livingroom
ds_v2_seed1/gym_v33,gym,0.9184189119191734,0.5011362022439995,0.667675859785231,0.7613790760869565,0.5207733746586968,0.930021085925145,livingroom
ds_v1_seed0/gym_v22,gym,0.9307149849629744,0.3573300642543118,0.526519044504656,0.741796875,0.36271186440677966,0.9601317582916856,livingroom
ds_v2_seed1/gym_v49,gym,0.8967630783496513,0.5156728232189973,0.6804540073811016,0.7661854619565217,0.5488037740087611,0.8951997068523269,livingroom
ds_v1_seed0/gym_v04,gym,0.9103496400992387,0.4700639488409273,0.6395149669666403,0.7748131793478261,0.48953173777315295,0.9219974913766071,livingroom
ds_v1_seed0/gym_v00,gym,0.9207621733303989,0.5771512806338677,0.7318908309187775,0.8051290760869565,0.614880251276011,0.9039016506983724,livingroom
ds_v1_seed0/gym_v20,gym,0.9005373853826123,0.5127229080932785,0.6778808007073065,0.7586786684782608,0.5400007223606746,0.9103141743789577,livingroom
ds_v1_seed0/gym_v30,gym,0.9439951387475771,0.3795070642242724,0.5502067717756527,0.7635529891304348,0.384459093371862,0.9671740118128124,livingroom
ds_v1_seed0/gym_v42,gym,0.9315460576725085,0.5718655603563645,0.7276265537960057,0.8098335597826087,0.6002086844851111,0.9237230560187759,livingroom
ds_v1_seed0/gym_v31,gym,0.8995254818825824,0.46307991670364934,0.633020672919875,0.7328804347826087,0.48135268443277385,0.924235197928732,livingroom
ds_v1_seed0/gym_v03,gym,0.8865237011273703,0.4474819210688459,0.6182901693700152,0.7106317934782609,0.46563185422642145,0.9198720085327645,livingroom
ds_v1_seed0/gym_v63,gym,0.9215313572014273,0.5223395026026605,0.6862326067341028,0.7755774456521739,0.5431718227267601,0.931596931210109,livingroom
ds_v2_seed1/gym_v63,gym,0.9064747199320018,0.40122049849275787,0.5726728932731661,0.7233695652173913,0.4119734259399064,0.9389194769442533,livingroom
ds_v2_seed1/gym_v13,gym,0.9354502651014519,0.4722808663695363,0.6415635455945616,0.7707540760869566,0.48142834369520165,0.9613242081808053,livingroom
ds_v2_seed1/gym_v37,gym,0.919875263922792,0.4548613822725498,0.6252985855766391,0.762890625,0.47116162433263226,0.9293179098524132,livingroom
ds_v1_seed0/gym_v50,gym,0.92783190599794,0.4678726427775857,0.6374839739396635,0.7646908967391305,0.4814829453381289,0.9430252361046602,livingroom
ds_v2_seed1/gym_v58,gym,0.9034324484118383,0.39644399876581304,0.5677907586930704,0.7342221467391304,0.4084641366977946,0.9309001992392683,livingroom
ds_v1_seed0/gym_v07,gym,0.9053037258797497,0.42203698514990196,0.593566819368504,0.7197350543478261,0.4331883380666499,0.9425107547907704,livingroom
ds_v1_seed0/gym_v39,gym,0.9342683831041372,0.570738413197172,0.7267135105398715,0.8143851902173913,0.5985500679655641,0.9247168130329643,livingroom
ds_v1_seed0/gym_v09,gym,0.9253148519148796,0.5624930066017679,0.7199942709825264,0.80078125,0.5901620098614698,0.9230627983841352,livingroom
ds_v2_seed1/gym_v41,gym,0.9214699289343845,0.5828497023809524,0.736456154370461,0.8095618206521739,0.6228680475490002,0.9007128895021271,livingroom
ds_v2_seed1/living_room_contemp_v02,living_room_contemp,0.9270501127755746,0.42935566152822446,0.6007681266245102,0.8252207880434783,0.45646406885574486,0.8784887678692989,livingroom
ds_v2_seed1/living_room_contemp_v51,living_room_contemp,0.912675292699276,0.4697367792480772,0.6392121172723136,0.8114809782608695,0.5084281282316443,0.8605811307544198,livingroom
ds_v1_seed0/living_room_contemp_v64,living_room_contemp,0.8944710061220056,0.611319762638023,0.758781437195534,0.8242357336956522,0.7304016154363921,0.7894558153070133,livingroom
ds_v2_seed1/living_room_contemp_v06,living_room_contemp,0.9195208000523095,0.4874680749751093,0.6554333275129504,0.7989130434782609,0.5206917279326767,0.8842559874361995,livingroom
ds_v1_seed0/living_room_contemp_v01,living_room_contemp,0.9126750804027165,0.6152855460700618,0.7618288265712919,0.8224354619565217,0.6892983757935527,0.851418096644432,livingroom
ds_v1_seed0/living_room_contemp_v40,living_room_contemp,0.9284104452880988,0.32219762527671564,0.48736681887366823,0.8283967391304348,0.3368162692847125,0.8812844036697248,livingroom
ds_v2_seed1/living_room_contemp_v57,living_room_contemp,0.9249769418790924,0.5709801329973979,0.726909425529118,0.8235903532608696,0.6192716032791291,0.879837067209776,livingroom
ds_v1_seed0/living_room_contemp_v41,living_room_contemp,0.922690835159976,0.4709528549452538,0.6403371166682046,0.8014096467391304,0.49870640091989266,0.8943208179396855,livingroom
ds_v1_seed0/living_room_contemp_v62,living_room_contemp,0.9271322329431345,0.24865137020786882,0.39827188940092173,0.8225883152173913,0.2566825066825067,0.8882322713257965,livingroom
ds_v2_seed1/living_room_contemp_v56,living_room_contemp,0.9172078903254498,0.6413585338736865,0.781497181313639,0.8301630434782609,0.7158354014890721,0.8604214780600462,livingroom
ds_v2_seed1/living_room_contemp_v61,living_room_contemp,0.8883315019159077,0.6109271523178808,0.7584789311408016,0.81640625,0.727405185343904,0.7923260047612379,livingroom
ds_v2_seed1/living_room_contemp_v41,living_room_contemp,0.9273093968729523,0.5404262893249677,0.7016580969437866,0.8245923913043478,0.5816849465970593,0.8839799112016886,livingroom
ds_v1_seed0/living_room_contemp_v47,living_room_contemp,0.8719786386141242,0.16842032396511145,0.2882872208069198,0.7959748641304348,0.17559180138568128,0.8048296394310288,livingroom
ds_v2_seed1/living_room_contemp_v33,living_room_contemp,0.9157583559164463,0.43383279652709705,0.6051372204316828,0.7940047554347827,0.45857798391473825,0.889377990430622,livingroom
ds_v2_seed1/living_room_contemp_v42,living_room_contemp,0.9202539026813659,0.49234404536862003,0.6598264614605105,0.8175611413043479,0.5337363594446437,0.8639190645990547,livingroom
ds_v2_seed1/living_room_contemp_v35,living_room_contemp,0.8904187790489215,0.33458260601704487,0.5014041161761877,0.7798743206521739,0.3549177649493519,0.8537927420411372,livingroom
ds_v1_seed0/living_room_contemp_v21,living_room_contemp,0.9190883398364029,0.326289584901291,0.49203369854642287,0.8023607336956522,0.33962036758059655,0.8926195755464048,livingroom
ds_v1_seed0/living_room_contemp_v17,living_room_contemp,0.8760353606048734,0.6028173913043479,0.7521972179423189,0.8060631793478261,0.7294191919191919,0.7764437077191882,livingroom
ds_v1_seed0/living_room_contemp_v36,living_room_contemp,0.862024388016201,0.5846276246151717,0.7378738266753984,0.7960597826086957,0.7304118587665845,0.7454898328260774,livingroom
ds_v1_seed0/living_room_contemp_v15,living_room_contemp,0.9193382324211945,0.42321924144310824,0.5947351316217094,0.8093919836956521,0.4495332714667831,0.8784937059953062,livingroom
ds_v1_seed0/living_room_contemp_v28,living_room_contemp,0.9300080144264398,0.4230725168976973,0.5945902431170503,0.8289402173913043,0.44888780843563875,0.8803337306317044,livingroom
ds_v1_seed0/living_room_contemp_v65,living_room_contemp,0.9189886744417854,0.39492547502560016,0.566231647634584,0.8193614130434783,0.42105901619457753,0.8641852359019047,livingroom
ds_v2_seed1/living_room_contemp_v17,living_room_contemp,0.9162704152575128,0.622205718529521,0.7671107448610539,0.8272078804347827,0.6995073891625616,0.8491789985809852,livingroom
ds_v2_seed1/living_room_contemp_v22,living_room_contemp,0.9163970985147156,0.5265294043038938,0.6898385354640374,0.8097995923913044,0.5710748349229641,0.8709699979019512,livingroom
ds_v1_seed0/living_room_contemp_v08,living_room_contemp,0.8704274771718252,0.3180835734870317,0.4826455315660016,0.7749490489130435,0.34446054391440034,0.8059720954492111,livingroom
ds_v1_seed0/living_room_contemp_v35,living_room_contemp,0.9209442280850637,0.46651186085689567,0.6362196901487163,0.8010020380434782,0.4962704640123995,0.88610222260659,livingroom
ds_v1_seed0/living_room_contemp_v30,living_room_contemp,0.8623428953112695,0.18083473430304803,0.30628288455586505,0.809663722826087,0.1933265609127139,0.7367480643240024,livingroom
ds_v1_seed0/living_room_contemp_v19,living_room_contemp,0.8881007754798373,0.5324366752938181,0.6948889750263026,0.8128396739130435,0.622192473598096,0.7868204903128723,livingroom
ds_v2_seed1/living_room_contemp_v60,living_room_contemp,0.91572525000985,0.6297246512972465,0.7727988292942506,0.8259680706521739,0.705375212498988,0.8544741358176023,livingroom
ds_v2_seed1/living_room_contemp_v26,living_room_contemp,0.9130903881470966,0.6408543339795071,0.781122761123183,0.8237941576086957,0.722825238169608,0.8496489054109871,livingroom
ds_v1_seed0/living_room_contemp_v50,living_room_contemp,0.91630914930813,0.41544572843582334,0.5870175310711813,0.8075577445652173,0.44391158150046856,0.8662865748709122,livingroom
ds_v1_seed0/living_room_contemp_v10,living_room_contemp,0.8820362687364838,0.6192083461184412,0.7648285010422587,0.8103091032608696,0.7551767151767151,0.7747301966471868,livingroom
ds_v1_seed0/living_room_contemp_v54,living_room_contemp,0.8960399837614165,0.6158803460040666,0.7622845930728545,0.8106997282608696,0.7028632108864942,0.8326810176125244,livingroom
ds_v1_seed0/living_room_contemp_v12,living_room_contemp,0.9140198949573406,0.4482073512146663,0.6189822898478423,0.7924592391304348,0.4769363828560446,0.8815275310834814,livingroom
ds_v1_seed0/living_room_contemp_v16,living_room_contemp,0.837491596393714,0.22859976445794333,0.37213056858887045,0.7886379076086957,0.2549602488765987,0.6885735623599701,livingroom
ds_v2_seed1/living_room_contemp_v13,living_room_contemp,0.9136312144985266,0.3917596295516733,0.5629702446217248,0.8036854619565217,0.41668998712710587,0.8675134001398276,livingroom
ds_v1_seed0/living_room_contemp_v03,living_room_contemp,0.9014320184468865,0.46496161399750047,0.634776515036105,0.7964164402173913,0.5051401415963535,0.8539224526600541,livingroom
ds_v2_seed1/living_room_contemp_v55,living_room_contemp,0.849094360586563,0.20995176440720995,0.34704154427192613,0.7885869565217392,0.22884814942926324,0.7177261878932524,livingroom
ds_v1_seed0/living_room_contemp_v06,living_room_contemp,0.8409845636028905,0.2454303353104951,0.3941293677406814,0.7882642663043479,0.2731375454667924,0.707555400453673,livingroom
ds_v1_seed0/living_room_contemp_v39,living_room_contemp,0.9242876847779226,0.4775502355542736,0.6464081207704321,0.8154211956521739,0.5085752316592433,0.8867267696152816,livingroom
ds_v1_seed0/livingroom_v53,livingroom,0.9650059274779221,0.6091301858310343,0.7570924853621454,0.8724694293478261,0.6287679329428832,0.9512274426922451,livingroom
ds_v2_seed1/livingroom_v60,livingroom,0.9789470177364714,0.6651151688745673,0.7988818807339451,0.9046875,0.6851908772361223,0.9578069949299648,livingroom
ds_v1_seed0/livingroom_v16,livingroom,0.9701954040110979,0.6858055152394775,0.8136235277911702,0.9080842391304348,0.7361041874376869,0.9093918398768284,livingroom
ds_v2_seed1/livingroom_v61,livingroom,0.9649928447377524,0.5791167833747459,0.7334692271930765,0.8734205163043478,0.5971235588680563,0.9505051441282788,livingroom
ds_v1_seed0/livingroom_v12,livingroom,0.9808034724326828,0.6870799536500579,0.8145197293863113,0.9082710597826087,0.7022145902415916,0.9695854795192543,livingroom
ds_v1_seed0/livingroom_v59,livingroom,0.9556453105577876,0.6379656370845367,0.7789731635885482,0.8743885869565218,0.6738186330265743,0.9230169971671388,livingroom
ds_v2_seed1/livingroom_v25,livingroom,0.9612403587552062,0.6184345375352293,0.7642379388134721,0.898828125,0.6707189996526571,0.8880610743193524,livingroom
ds_v2_seed1/livingroom_v52,livingroom,0.9614764934226565,0.6272287862513426,0.7709165318987424,0.8821161684782609,0.6591229753372086,0.9283783783783783,livingroom
ds_v1_seed0/livingroom_v15,livingroom,0.9773164304991656,0.6398409734353352,0.7803695404621093,0.8984544836956522,0.6557194888573369,0.9635341074020319,livingroom
ds_v1_seed0/livingroom_v43,livingroom,0.9480686809258925,0.52,0.6842105263157896,0.8400135869565217,0.5369639568534597,0.9427251732101617,livingroom
ds_v1_seed0/livingroom_v27,livingroom,0.9688429036320118,0.6226921566059971,0.7674803308452693,0.9021229619565218,0.6517955043859649,0.9330913371921907,livingroom
ds_v2_seed1/livingroom_v40,livingroom,0.9591133622794484,0.6418657709614044,0.781873624889026,0.9040251358695652,0.7019683947879124,0.8823068211516683,livingroom
ds_v2_seed1/livingroom_v59,livingroom,0.9463871717858104,0.5556410651069724,0.714356386662709,0.8529042119565218,0.584899546338302,0.9174078780177891,livingroom
ds_v1_seed0/livingroom_v20,livingroom,0.9791765535921599,0.629220484930886,0.7724190688132411,0.8888417119565217,0.6418376191852065,0.9697049065828531,livingroom
ds_v1_seed0/livingroom_v62,livingroom,0.9690459370627809,0.6234336201420569,0.7680432540106,0.8892493206521739,0.6475916261771939,0.9435413389267611,livingroom
ds_v1_seed0/livingroom_v39,livingroom,0.9785659939546963,0.5924579124579125,0.7440798376184031,0.8972146739130434,0.6058811376626954,0.963953106168511,livingroom
ds_v2_seed1/livingroom_v11,livingroom,0.9745962556619885,0.6725620106225703,0.8042296863746481,0.8984375,0.694072441656778,0.9559498793680442,livingroom
ds_v1_seed0/livingroom_v41,livingroom,0.9756719627812728,0.7169832783528609,0.835166291241553,0.9154891304347826,0.7589403973509934,0.9284136102518781,livingroom
ds_v2_seed1/livingroom_v43,livingroom,0.957567236825196,0.6840449669966997,0.8123832562697124,0.8959408967391305,0.7818578333136862,0.8453890765406921,livingroom
ds_v2_seed1/livingroom_v02,livingroom,0.9645056601429279,0.6209660556213843,0.7661678706570347,0.9076426630434783,0.6788326729655593,0.8792933280694828,livingroom
ds_v1_seed0/livingroom_v14,livingroom,0.9781496459009726,0.6383964420285378,0.7792942240989293,0.9005774456521739,0.653741539629325,0.9645356976201587,livingroom
ds_v1_seed0/livingroom_v61,livingroom,0.9570989908752077,0.36982218110802756,0.5399564793276805,0.7917459239130434,0.3724830477768,0.9810497614178596,livingroom
ds_v2_seed1/livingroom_v46,livingroom,0.9848752029867651,0.7199757787795196,0.8371929275543734,0.9293138586956522,0.7439516129032258,0.9571556350626118,livingroom
ds_v1_seed0/livingroom_v22,livingroom,0.9701611961396897,0.5517153097798259,0.7111037782544134,0.8810461956521739,0.5670679560555226,0.9532234877806037,livingroom
ds_v2_seed1/livingroom_v38,livingroom,0.9734378766537786,0.5984674791842645,0.7488015702260974,0.8869735054347826,0.611679822397632,0.9651649314002141,livingroom
ds_v2_seed1/livingroom_v09,livingroom,0.9519340219999194,0.6081152715531781,0.7563080611327538,0.8618885869565217,0.6399411734874993,0.9244011427734232,livingroom
ds_v2_seed1/livingroom_v07,livingroom,0.9675208972737573,0.538456962702992,0.6999961334725283,0.8682235054347827,0.5511111111111111,0.95910150455605,livingroom
ds_v1_seed0/livingroom_v05,livingroom,0.9653483837166469,0.6672150024675111,0.8003946719289591,0.8969259510869565,0.7180879315432281,0.9040118870728083,livingroom
ds_v2_seed1/livingroom_v28,livingroom,0.968104312903443,0.6642920256240336,0.7982878189600824,0.8967561141304348,0.7007048406827052,0.9274479568234387,livingroom
ds_v2_seed1/livingroom_v26,livingroom,0.8953194777449062,0.056268221574344024,0.10654154016008832,0.6151664402173913,0.056357416986484235,0.97264218862491,livingroom
ds_v1_seed0/livingroom_v63,livingroom,0.9594037922464009,0.6359867765125675,0.777496231196074,0.8821841032608696,0.6733333333333333,0.9197844729452834,livingroom
ds_v1_seed0/livingroom_v10,livingroom,0.9584752322352427,0.6594698146422284,0.794795794202989,0.8882982336956522,0.7131978274259477,0.8974774520856821,livingroom
ds_v2_seed1/livingroom_v12,livingroom,0.9656514686201664,0.5386952533822518,0.7001974591110616,0.8633322010869565,0.5496928926586722,0.9641904371024009,livingroom
ds_v1_seed0/livingroom_v33,livingroom,0.9664045714247282,0.5536457989026244,0.712705301676453,0.8853260869565217,0.574732363436728,0.9378499440089586,livingroom
ds_v1_seed0/livingroom_v57,livingroom,0.9670133782726736,0.5252910860851308,0.6887748717306971,0.8732846467391304,0.5385167308068619,0.9553344133302476,livingroom
ds_v2_seed1/livingroom_v10,livingroom,0.9717010976736532,0.6266637089618456,0.7704895677076231,0.8856657608695652,0.6468231253577561,0.9526218175687068,livingroom
ds_v1_seed0/livingroom_v45,livingroom,0.9633355386458571,0.6278709061623814,0.7714013485781296,0.8940557065217392,0.664331250394496,0.9196155526430756,livingroom
ds_v2_seed1/livingroom_v13,livingroom,0.9801524631769573,0.6860873932697137,0.8138218647602026,0.9150815217391305,0.7099792099792099,0.95324494068388,livingroom
ds_v2_seed1/livingroom_v30,livingroom,0.9716265221123636,0.6422628951747088,0.7821681864235055,0.8941066576086957,0.6661112764058316,0.9471991876798105,livingroom
ds_v1_seed0/minigym_v42,minigym,0.9095565857802628,0.6665109119894453,0.7998878461513088,0.7939368206521739,0.7077726861445959,0.9195676905574517,livingroom
ds_v2_seed1/minigym_v32,minigym,0.9343328246956011,0.6035680751173709,0.7527813561306945,0.7848845108695652,0.6212028476629192,0.9550789955920955,livingroom
ds_v1_seed0/minigym_v55,minigym,0.8949538955672007,0.4995792607935789,0.6662925713299089,0.737398097826087,0.5218743660828995,0.9212222487467175,livingroom
ds_v1_seed0/minigym_v09,minigym,0.8965876191886337,0.585937740081743,0.738916447062471,0.7711616847826087,0.6233082706766917,0.9071748025501951,livingroom
ds_v1_seed0/minigym_v33,minigym,0.9204470052600208,0.5960885423217206,0.7469366849217919,0.7818274456521739,0.6191378184193338,0.9412173567669546,livingroom
ds_v2_seed1/minigym_v21,minigym,0.9302373747128557,0.6575902736924671,0.7934292136350577,0.7924082880434783,0.6797555960964874,0.952755905511811,livingroom
ds_v1_seed0/minigym_v27,minigym,0.9697800005358116,0.8087555336940482,0.8942673773523333,0.9009510869565217,0.8174947794093275,0.9869542598743447,livingroom
ds_v1_seed0/minigym_v35,minigym,0.9189256157959396,0.6083855699117309,0.7565170706488238,0.7920346467391305,0.6381629709148244,0.9287667219998047,livingroom
ds_v2_seed1/minigym_v49,minigym,0.9151351810131028,0.6917054591620821,0.8177611006879301,0.8020380434782609,0.7300745372825996,0.9293862610611606,livingroom
ds_v2_seed1/minigym_v30,minigym,0.9079551383405448,0.5066105351054206,0.6725169156871347,0.7591542119565218,0.5293176778508851,0.9219323793845764,livingroom
ds_v1_seed0/minigym_v31,minigym,0.8890946941549971,0.6893284531318953,0.8160976059497833,0.7967391304347826,0.7721945971095409,0.8652937534621525,livingroom
ds_v2_seed1/minigym_v15,minigym,0.9162727187266846,0.6775818639798489,0.8078078078078077,0.8217391304347826,0.7487694762211887,0.8769530473502166,livingroom
ds_v1_seed0/minigym_v29,minigym,0.9155619909653142,0.5564528899445764,0.7150269610336759,0.7621433423913043,0.5756880733944955,0.9433557046979866,livingroom
ds_v2_seed1/minigym_v33,minigym,0.9487578515228948,0.09808646350106308,0.1786497999225507,0.8919327445652174,0.09842127720096715,0.9664804469273743,livingroom
ds_v1_seed0/minigym_v40,minigym,0.9255519110721073,0.44618201235792204,0.6170482118366917,0.7533967391304348,0.45729252179351865,0.9483583299554115,livingroom
ds_v1_seed0/minigym_v00,minigym,0.92578951989935,0.6496298139737448,0.7876067811951951,0.8087126358695652,0.6809599895653308,0.9338610142205527,livingroom
ds_v1_seed0/minigym_v11,minigym,0.9803926590831612,0.4841397456512206,0.6524180045306807,0.9400645380434782,0.4858442129969195,0.9928057553956835,livingroom
ds_v2_seed1/minigym_v37,minigym,0.8868640873869338,0.7074421513445903,0.8286572412277488,0.801375679347826,0.8118271853021386,0.8461998803111909,livingroom
ds_v1_seed0/minigym_v28,minigym,0.9142288785293992,0.516672936830945,0.6813241329544942,0.7599864130434782,0.5351020119013885,0.9375077572297381,livingroom
ds_v2_seed1/minigym_v52,minigym,0.9509342639239114,0.6567587342235229,0.7928236268285951,0.8087805706521739,0.6652975510330131,0.9808322709888909,livingroom
ds_v1_seed0/minigym_v50,minigym,0.9228608635316168,0.5098039215686274,0.6753246753246753,0.7618036684782609,0.5249784048373164,0.9463439953286187,livingroom
ds_v1_seed0/minigym_v07,minigym,0.9421822925305287,0.618008495184981,0.7639125468427486,0.7999150815217392,0.6356935596838208,0.9569233858821167,livingroom
ds_v2_seed1/minigym_v01,minigym,0.8943710895893059,0.6385386819484241,0.7794001923581358,0.785750679347826,0.6977144646211647,0.8827490592196474,livingroom
ds_v2_seed1/minigym_v07,minigym,0.9298614930617256,0.5203924855087646,0.6845501940699571,0.7667289402173914,0.5350782708602614,0.9499012046656894,livingroom
ds_v2_seed1/minigym_v26,minigym,0.9064237907546356,0.7206045846789136,0.837617882801803,0.8207370923913043,0.8275977381893355,0.8478836390818202,livingroom
ds_v2_seed1/minigym_v50,minigym,0.8977247901252835,0.6522155480107948,0.7895041888402973,0.7964504076086957,0.7181748466257669,0.8765648765648766,livingroom
ds_v1_seed0/minigym_v34,minigym,0.9233757118289481,0.4667126971436878,0.6364064319516364,0.7507642663043478,0.47952059141993053,0.945868316394167,livingroom
ds_v2_seed1/minigym_v35,minigym,0.9106220908743498,0.6051404980689838,0.7540031527420559,0.7985733695652174,0.6474548498557333,0.9025274343313968,livingroom
ds_v1_seed0/minigym_v20,minigym,0.9181110459832861,0.6134436876742247,0.7604153678998273,0.7715523097826087,0.6339391779520076,0.9499354723866317,livingroom
ds_v2_seed1/minigym_v53,minigym,0.9326496609483486,0.6293580224279647,0.7725226914710074,0.7939877717391305,0.648254807540994,0.9557329126258642,livingroom
ds_v1_seed0/minigym_v05,minigym,0.9344479549252628,0.6081700708628596,0.7563504406428202,0.7924592391304348,0.6256845022101999,0.9559979838709678,livingroom
ds_v2_seed1/minigym_v45,minigym,0.990129148556586,0.6913037310256774,0.8174802885421909,0.9630434782608696,0.7015548517132162,0.9793006430868167,livingroom
ds_v1_seed0/minigym_v17,minigym,0.8882013892111648,0.6754626456477039,0.8062998568214359,0.790913722826087,0.7545941807044411,0.8656126482213439,livingroom
ds_v1_seed0/minimal_interior_v42,minimal_interior,0.8668534621102583,0.2935569498069498,0.45387557130864653,0.8011209239130435,0.3250501002004008,0.7518541409147095,livingroom
ds_v1_seed0/minimal_interior_v65,minimal_interior,0.8167915667930286,0.03441124510331055,0.06653300660874731,0.7864979619565218,0.03497540791630885,0.6808510638297872,livingroom
ds_v1_seed0/minimal_interior_v13,minimal_interior,0.8035359663034065,0.2493150684931507,0.3991228070175439,0.7673233695652174,0.28766517038629325,0.6515824144350566,livingroom
ds_v2_seed1/minimal_interior_v10,minimal_interior,0.8067358017790617,0.2584697627798196,0.41076833218287045,0.8115319293478261,0.3200132373624555,0.5733768158908983,livingroom
ds_v2_seed1/minimal_interior_v04,minimal_interior,0.885535382899011,0.2713948318977494,0.4269245478883243,0.8218580163043478,0.29815323565323565,0.751490671282939,livingroom
ds_v2_seed1/minimal_interior_v53,minimal_interior,0.8190874999100177,0.26821590063533857,0.42298145055738595,0.7828634510869565,0.31418035534696614,0.6470588235294118,livingroom
ds_v2_seed1/minimal_interior_v27,minimal_interior,0.8133625188041993,0.2509934135321975,0.4012705595683579,0.7663043478260869,0.283771309003631,0.6848358829645032,livingroom
ds_v1_seed0/minimal_interior_v46,minimal_interior,0.8878021980074728,0.14436985912829725,0.2523132848645076,0.846297554347826,0.1523800019958088,0.7330772923667787,livingroom
ds_v2_seed1/minimal_interior_v08,minimal_interior,0.7785777732443759,0.20858346498156924,0.3451701450917172,0.7447520380434782,0.23609703761101508,0.6415613864593457,livingroom
ds_v2_seed1/minimal_interior_v25,minimal_interior,0.7917962218270322,0.13637992831541218,0.2400252326131525,0.7544667119565217,0.14712895533930528,0.6511694238448374,livingroom
ds_v2_seed1/minimal_interior_v33,minimal_interior,0.8576038172633796,0.27118236954302527,0.42666162785204775,0.7938688858695652,0.2998871106979215,0.7391162029459902,livingroom
ds_v2_seed1/minimal_interior_v30,minimal_interior,0.8225145775979248,0.14793467819404418,0.25774058577405856,0.774031929347826,0.15977313598008022,0.6662820882607442,livingroom
ds_v1_seed0/minimal_interior_v24,minimal_interior,0.7600011591013808,0.19542963499121083,0.3269613355246086,0.7356997282608696,0.22085889570552147,0.6292658565007492,livingroom
ds_v2_seed1/minimal_interior_v29,minimal_interior,0.7571865482594659,0.19948567229977957,0.3326186830015314,0.7409476902173913,0.2267493885342719,0.6239330269205515,livingroom
ds_v1_seed0/minimal_interior_v43,minimal_interior,0.8443594290606868,0.22880740006607203,0.3724056350145177,0.8017663043478261,0.25686099985165406,0.6768960125097733,livingroom
ds_v2_seed1/minimal_interior_v22,minimal_interior,0.8950904044019478,0.2067315762967937,0.3426305905265354,0.8394870923913044,0.21981258366800535,0.7764817150063051,livingroom
ds_v1_seed0/minimal_interior_v11,minimal_interior,0.8447701967938421,0.2661338229734838,0.42038814246107914,0.7692085597826087,0.2907374631268437,0.7587374903772133,livingroom
ds_v1_seed0/minimal_interior_v09,minimal_interior,0.8876192893923205,0.3227427019687712,0.4879901457606241,0.830570652173913,0.36298388944032983,0.7443244089556913,livingroom
ds_v1_seed0/minimal_interior_v40,minimal_interior,0.8476063757231953,0.15957804206141235,0.2752346737744814,0.7875679347826087,0.1709124928036845,0.706424747174301,livingroom
ds_v1_seed0/minimal_interior_v26,minimal_interior,0.8657617855081784,0.1823130325023667,0.30840061386534995,0.8239639945652174,0.19646348720564483,0.7168114143920595,livingroom
ds_v1_seed0/minimal_interior_v63,minimal_interior,0.8911525770407764,0.22873404091678204,0.37230846269404105,0.8296875,0.24387043870438704,0.7865644009521291,livingroom
ds_v2_seed1/minimal_interior_v60,minimal_interior,0.7801046204590514,0.22227660847337793,0.3637091750467206,0.7571331521739131,0.25529389718283463,0.6321732405259087,livingroom
ds_v1_seed0/minimal_interior_v37,minimal_interior,0.8641497364934738,0.31100811123986094,0.4744564256673147,0.7980298913043479,0.34434537173648083,0.7626083250461714,livingroom
ds_v2_seed1/minimal_interior_v51,minimal_interior,0.7616877119653668,0.17742071170185916,0.3013718205201486,0.8339334239130435,0.2287418655097614,0.4415829145728643,livingroom
ds_v1_seed0/minimal_interior_v29,minimal_interior,0.852202842673503,0.19178641966900498,0.3218469626835819,0.7984544836956522,0.20774621910734045,0.7139959432048681,livingroom
ds_v2_seed1/minimal_interior_v37,minimal_interior,0.8078134828771797,0.2300610094287299,0.37406438813238346,0.7642323369565217,0.2587163974303,0.675020341741253,livingroom
ds_v2_seed1/minimal_interior_v16,minimal_interior,0.8334065446221097,0.17945251774248056,0.30429799426934095,0.7938179347826086,0.19572429045337264,0.6833976833976834,livingroom
ds_v1_seed0/minimal_interior_v23,minimal_interior,0.738458987702444,0.16490701859628074,0.28312477470518566,0.763569972826087,0.18758103036506313,0.5770361041141897,livingroom
ds_v1_seed0/minimal_interior_v04,minimal_interior,0.7803267020827834,0.20325859009517663,0.3378468963668052,0.8322350543478261,0.25787965616045844,0.48970073843762146,livingroom
ds_v2_seed1/minimal_interior_v35,minimal_interior,0.8161749372939316,0.26507759806168557,0.41906931000569386,0.8093919836956521,0.3219341498329887,0.6001482579688658,livingroom
ds_v2_seed1/minimal_interior_v02,minimal_interior,0.8328654895428365,0.03186375497871172,0.06175961666444829,0.8802819293478261,0.032856535901430395,0.5132743362831859,livingroom
ds_v1_seed0/minimal_interior_v31,minimal_interior,0.7883891104689216,0.20204094730761826,0.336163169416413,0.7888417119565218,0.23092723004694835,0.6176182067883068,livingroom
ds_v2_seed1/minimal_interior_v61,minimal_interior,0.8118063410229723,0.06349670811997074,0.11941119823909754,0.7825747282608696,0.06557377049180328,0.6671790930053805,livingroom
ds_v2_seed1/minimal_interior_v23,minimal_interior,0.7484285906263615,0.20155739414586665,0.33549357713227634,0.8049592391304348,0.25602755453501724,0.48649102198355426,livingroom
ds_v1_seed0/minimal_interior_v25,minimal_interior,0.8205985542815216,0.13032581453634084,0.23059866962305986,0.7937330163043478,0.14121663563004344,0.6282361063168795,livingroom
ds_v1_seed0/minimal_interior_v18,minimal_interior,0.7820685009117804,0.22536572791132306,0.36783422741138116,0.7958559782608695,0.2847024342587316,0.5195364730352102,livingroom
ds_v2_seed1/minimal_interior_v40,minimal_interior,0.7792385111868505,0.21721929163526751,0.3569106949388639,0.7882982336956522,0.25557854292891974,0.5913831424175072,livingroom
ds_v1_seed0/minimal_interior_v44,minimal_interior,0.74200812521441,0.14652773283282636,0.2556025966694891,0.7760360054347826,0.16733185513673318,0.5409796893667861,livingroom
ds_v2_seed1/minimal_interior_v26,minimal_interior,0.8576006338889958,0.18099987048309804,0.30651971267204037,0.7852072010869565,0.19208301834925434,0.7582745523602822,livingroom
ds_v2_seed1/scandinavian_v01,scandinavian,0.8304086141870684,0.4292384186272132,0.6006533452123372,0.8401324728260869,0.5897200933022326,0.6119996541886401,livingroom
ds_v2_seed1/scandinavian_v02,scandinavian,0.8692300965741585,0.4105965117983292,0.5821601122136215,0.8634001358695652,0.5217917675544794,0.6583245212078487,livingroom
ds_v1_seed0/scandinavian_v17,scandinavian,0.7908320233232458,0.3584779299847793,0.5277640837180119,0.8210427989130434,0.5183098591549296,0.5375696156304209,livingroom
ds_v1_seed0/scandinavian_v15,scandinavian,0.8301111687041687,0.38027197477335434,0.5510102091811236,0.7863790760869566,0.46637259048885127,0.6731792411687745,livingroom
ds_v1_seed0/scandinavian_v10,scandinavian,0.7733562920599142,0.35744798125947363,0.5266470409095524,0.8416100543478261,0.5749750637260335,0.4858132783968536,livingroom
ds_v1_seed0/scandinavian_v18,scandinavian,0.7462001776784346,0.32461771494518177,0.49013041465871654,0.6819463315217391,0.39131379880010436,0.6557150142055802,livingroom
ds_v2_seed1/scandinavian_v50,scandinavian,0.7669441052492355,0.31776485400803406,0.482278538605032,0.806742527173913,0.42869853595405644,0.5511647254575707,livingroom
ds_v2_seed1/scandinavian_v31,scandinavian,0.8339599639965896,0.26787813479623823,0.4225613289549932,0.7461447010869565,0.29533426935954205,0.7423645988869282,livingroom
ds_v2_seed1/scandinavian_v25,scandinavian,0.8144511044746225,0.34369202226345086,0.5115636865723161,0.8317764945652174,0.45104347826086955,0.5908417815240916,livingroom
ds_v2_seed1/scandinavian_v16,scandinavian,0.7703681531282649,0.32602527727624453,0.49173312585100176,0.8224864130434782,0.46706697459584295,0.5191498100420988,livingroom
ds_v1_seed0/scandinavian_v06,scandinavian,0.701996179014348,0.2726830060055186,0.42851677082004846,0.6955842391304348,0.34273473759371653,0.571574381219699,livingroom
ds_v1_seed0/scandinavian_v50,scandinavian,0.7687196298683302,0.2889368258859784,0.44833357241906946,0.8040591032608696,0.3800567490879611,0.5465143390067615,livingroom
ds_v1_seed0/scandinavian_v13,scandinavian,0.7564372674637944,0.31815765308588273,0.48273080589572487,0.7603940217391304,0.4513541309564621,0.5187958073922295,livingroom
ds_v2_seed1/scandinavian_v10,scandinavian,0.6988081443540743,0.24812392150567839,0.3975950099672047,0.6817934782608696,0.316379266233434,0.5349078640020763,livingroom
ds_v2_seed1/scandinavian_v30,scandinavian,0.7416677097563517,0.27257058853348204,0.4283779477374123,0.7562839673913043,0.35590415673815196,0.5379151660664265,livingroom
ds_v2_seed1/scandinavian_v61,scandinavian,0.7624592116027393,0.32329289900504293,0.48861880729220314,0.8313519021739131,0.46459700323180886,0.515260128163354,livingroom
ds_v1_seed0/scandinavian_v34,scandinavian,0.7738027849590411,0.26524881701419584,0.41928324839717246,0.7600203804347826,0.3189320995373265,0.6117774046533941,livingroom
ds_v1_seed0/scandinavian_v04,scandinavian,0.8068329056703696,0.41328362958585263,0.5848558929490479,0.7808084239130435,0.5383112269066793,0.6402112676056338,livingroom
ds_v1_seed0/scandinavian_v27,scandinavian,0.7491905665082847,0.2712016613346804,0.4266855048788025,0.7794667119565217,0.3486039968256259,0.5498406918525262,livingroom
ds_v2_seed1/scandinavian_v41,scandinavian,0.8429459199813999,0.42091136824525827,0.5924526717877681,0.8351052989130435,0.556238669504217,0.6337104885057471,livingroom
ds_v1_seed0/scandinavian_v43,scandinavian,0.8597759610356318,0.4232524621667067,0.5947679324894515,0.7961107336956522,0.49297744949918865,0.7495320741875107,livingroom
ds_v2_seed1/scandinavian_v24,scandinavian,0.7382134023792137,0.30273388512666166,0.4647670388910281,0.7167119565217391,0.396604600219058,0.5612213267203968,livingroom
ds_v2_seed1/scandinavian_v32,scandinavian,0.7787893127388003,0.3715715852989578,0.5418187271909214,0.844344429347826,0.5971349862258953,0.4958821376281113,livingroom
ds_v1_seed0/scandinavian_v55,scandinavian,0.7891446581603093,0.310851594278966,0.4742742742742743,0.8216032608695653,0.42322465386333186,0.5393284006829824,livingroom
ds_v1_seed0/scandinavian_v64,scandinavian,0.845287740079364,0.4571491680164924,0.6274569248648375,0.8747792119565218,0.6634255796559462,0.5951878834355828,livingroom
ds_v1_seed0/scandinavian_v32,scandinavian,0.8093450268734919,0.31340702772803064,0.47724280609366193,0.8111752717391304,0.3928930866300224,0.6077116512992456,livingroom
ds_v2_seed1/scandinavian_v54,scandinavian,0.7523567413443151,0.30570635782362166,0.4682620345560381,0.8045176630434783,0.4147299509001637,0.5376617865478464,livingroom
ds_v2_seed1/scandinavian_v37,scandinavian,0.7637512829969,0.32950025597605637,0.49567535545023694,0.710835597826087,0.40060327492099973,0.6499145564704054,livingroom
ds_v2_seed1/scandinavian_v28,scandinavian,0.8356601051405586,0.4117355781133944,0.5833041038232198,0.8385869565217391,0.5463206307490145,0.6256583897667419,livingroom
ds_v2_seed1/scandinavian_v39,scandinavian,0.7807053047020237,0.32546657450380173,0.49109737018550254,0.76796875,0.40473997666850864,0.6243015437067904,livingroom
ds_v1_seed0/scandinavian_v60,scandinavian,0.8214765443935966,0.4040627645028973,0.5755622536517505,0.8445482336956521,0.5564422128575272,0.5960430272762197,livingroom
ds_v1_seed0/scandinavian_v42,scandinavian,0.8613481501618053,0.4689413303215835,0.6384752347037875,0.8482676630434782,0.6133571761778883,0.6657383966244725,livingroom
ds_v2_seed1/scandinavian_v12,scandinavian,0.6840216528593295,0.2188010556742491,0.3590431016704475,0.6832880434782609,0.27524241146711637,0.5162087369045266,livingroom
ds_v1_seed0/scandinavian_v40,scandinavian,0.82736948964507,0.31677615766704054,0.4811389632513994,0.7827445652173913,0.3716398270568331,0.6821161587119033,livingroom
ds_v1_seed0/scandinavian_v07,scandinavian,0.7161824827207487,0.2614593077642657,0.4145346681497961,0.6781929347826087,0.3158043406619274,0.6030747100602355,livingroom
ds_v2_seed1/scandinavian_v65,scandinavian,0.7305112600270345,0.29780942610584754,0.45894169069096996,0.8023777173913044,0.4197856413746172,0.5061538461538462,livingroom
ds_v2_seed1/scandinavian_v42,scandinavian,0.8450412144476983,0.4262952979934112,0.5977658323534352,0.8373301630434783,0.5650206414734836,0.634539942938659,livingroom
ds_v1_seed0/scandinavian_v37,scandinavian,0.7770531944919696,0.35207265433474483,0.520789549594099,0.8024966032608696,0.5012294756881098,0.5419382504288165,livingroom
ds_v1_seed0/scandinavian_v45,scandinavian,0.7969183618183423,0.358755150993296,0.5280644577222524,0.8229279891304347,0.4849114639620916,0.5796482162377025,livingroom
ds_v2_seed1/scandinavian_v46,scandinavian,0.8140195708875282,0.3721447815391824,0.5424278640942461,0.8179347826086957,0.4966390495544787,0.5975173970283995,livingroom
ds_v1_seed0/sunlight_v02,sunlight,0.894576895767546,0.4047745506387499,0.5762840029450979,0.6383661684782609,0.41213639209882164,0.9577352999537007,livingroom
ds_v1_seed0/sunlight_v20,sunlight,0.8802043396589956,0.3539135071422558,0.5228007627891551,0.6090013586956522,0.35757627310876716,0.9718711467324291,livingroom
ds_v2_seed1/sunlight_v49,sunlight,0.8864336497322578,0.36991970182794814,0.540060415708084,0.6095278532608696,0.37543459516591104,0.9618070400456036,livingroom
ds_v2_seed1/sunlight_v55,sunlight,0.8876119112580995,0.18785513581017796,0.3162930060188714,0.558203125,0.18934482975643527,0.9598022013080236,livingroom
ds_v1_seed0/sunlight_v59,sunlight,0.8827891203270973,0.155988155988156,0.2698784674914164,0.5449388586956522,0.1568528079566691,0.9658669787400039,livingroom
ds_v2_seed1/sunlight_v31,sunlight,0.910656391081983,0.1490303474190364,0.2594019344289555,0.5461447010869566,0.14939666730511397,0.9838133277275594,livingroom
ds_v2_seed1/sunlight_v22,sunlight,0.8952443997988905,0.3864470403675379,0.557463832538592,0.628023097826087,0.39132531487575173,0.96875,livingroom
ds_v1_seed0/sunlight_v04,sunlight,0.8753920199995313,0.2679384021938945,0.4226363074582878,0.5874320652173913,0.27138147854221356,0.9547895189003437,livingroom
ds_v1_seed0/sunlight_v32,sunlight,0.9179735987602027,0.2691151814241878,0.42409890822074875,0.6076086956521739,0.2699263865972839,0.9889560567309927,livingroom
ds_v2_seed1/sunlight_v26,sunlight,0.9123364115786717,0.3902710949419082,0.5614316464778626,0.6470448369565217,0.39546914020692114,0.9674181818181818,livingroom
ds_v1_seed0/sunlight_v21,sunlight,0.9131413514967004,0.1912651538700653,0.32111264775722154,0.5581351902173913,0.19181370409626536,0.9852682145716574,livingroom
ds_v2_seed1/sunlight_v42,sunlight,0.9243600953046228,0.32135352286773794,0.48640052386632054,0.6270210597826087,0.32272981192973743,0.9869032931574452,livingroom
ds_v1_seed0/sunlight_v28,sunlight,0.9159005913539662,0.26202202076602155,0.4152415987273812,0.6004415760869565,0.26300377833753147,0.9859537299339,livingroom
ds_v2_seed1/sunlight_v16,sunlight,0.9008651908935227,0.39130196336514206,0.562497536363278,0.6229959239130435,0.3966312746678526,0.9668021680216802,livingroom
ds_v2_seed1/sunlight_v33,sunlight,0.906514358900077,0.29984544049459044,0.46135552913198574,0.5922384510869565,0.3011892905266858,0.9853378054623863,livingroom
ds_v1_seed0/sunlight_v42,sunlight,0.9113622643048176,0.3456839147168428,0.513766882306208,0.6361922554347826,0.34790494635555963,0.9818670831164324,livingroom
ds_v2_seed1/sunlight_v65,sunlight,0.9213062566508906,0.3587354016751209,0.5280430630317764,0.6307065217391304,0.360404136173743,0.9872575277980683,livingroom
ds_v2_seed1/sunlight_v41,sunlight,0.9069252272668066,0.302583962922989,0.4645903397182824,0.6268682065217391,0.30433255643178697,0.981365180685679,livingroom
ds_v1_seed0/sunlight_v08,sunlight,0.8872836751737115,0.24060060419346155,0.3878776189213299,0.5688009510869565,0.2427644484683869,0.9642771517621673,livingroom
ds_v2_seed1/sunlight_v53,sunlight,0.8993834137886391,0.37149094573035907,0.5417329904901841,0.6186141304347826,0.37465774691619386,0.9777532228360958,livingroom
ds_v1_seed0/sunlight_v11,sunlight,0.9171115539946966,0.35708573713371794,0.5262537618115621,0.617680027173913,0.35846784598182285,0.9893179300522235,livingroom
ds_v2_seed1/sunlight_v05,sunlight,0.9110124620144252,0.30944574058894003,0.4726362169840849,0.6280061141304348,0.31097522336987515,0.984354628422425,livingroom
ds_v1_seed0/sunlight_v43,sunlight,0.9030813309951042,0.17634500426985483,0.2998185117967332,0.5740998641304348,0.17716548424352416,0.9744101633393829,livingroom
ds_v2_seed1/sunlight_v02,sunlight,0.9142275432495496,0.2235722964763062,0.365441906653426,0.5984544836956521,0.22433848485847036,0.9849537037037037,livingroom
ds_v1_seed0/sunlight_v50,sunlight,0.9092269906734561,0.22022009539545467,0.36095143200224833,0.5751868206521739,0.22077759719964996,0.9886634009797061,livingroom
ds_v1_seed0/sunlight_v25,sunlight,0.8777366129573885,0.08234317955526053,0.15215724755450616,0.5304177989130435,0.08257888430302224,0.9664978574211142,livingroom
ds_v2_seed1/sunlight_v64,sunlight,0.8968059737921802,0.3582618805406191,0.5275299052021143,0.6250169836956522,0.3609687527454828,0.9794977749523204,livingroom
ds_v1_seed0/sunlight_v26,sunlight,0.9198469866837695,0.2840613507937932,0.44244202291142776,0.5933084239130435,0.28488755622188905,0.9898937278599709,livingroom
ds_v1_seed0/sunlight_v44,sunlight,0.8805308011375304,0.3249979680853946,0.49056372298443984,0.5768512228260869,0.32827080425799743,0.9702361695244257,livingroom
ds_v2_seed1/sunlight_v21,sunlight,0.9194932964037588,0.3952542766692806,0.5665695253955038,0.6463654891304348,0.3981218734458649,0.9821029082774049,livingroom
ds_v1_seed0/sunlight_v19,sunlight,0.8777928926185848,0.35645377278565765,0.5255671515493413,0.6000679347826087,0.36245657913019314,0.9556011429408748,livingroom
ds_v2_seed1/sunlight_v54,sunlight,0.9016012629122424,0.3775562664229407,0.5481536770956439,0.6298743206521739,0.38244994792269416,0.9672203116997147,livingroom
ds_v1_seed0/sunlight_v47,sunlight,0.8899377204696807,0.10623845744514351,0.1920715316487932,0.5150645380434783,0.10651184685391496,0.976409666283084,livingroom
ds_v1_seed0/sunlight_v16,sunlight,0.8743628221895267,0.2077542062911485,0.3440339188370684,0.5585597826086957,0.21003975224184154,0.9502300292764534,livingroom
ds_v1_seed0/sunlight_v24,sunlight,0.8958283348048337,0.35162031130390403,0.5202945063243345,0.6115998641304348,0.35569449622852556,0.9684522879900047,livingroom
ds_v2_seed1/sunlight_v23,sunlight,0.921522012780123,0.24589619794809897,0.39472983118990534,0.5755604619565218,0.2464017900338655,0.9917244736521845,livingroom
ds_v2_seed1/sunlight_v19,sunlight,0.8793832804635391,0.29010074711342543,0.44973347664904473,0.5739639945652174,0.29374176170554184,0.9590232949761437,livingroom
ds_v1_seed0/sunlight_v07,sunlight,0.903697349853247,0.26593043170141145,0.4201343534241463,0.5777853260869565,0.2671848577446821,0.9826513911620295,livingroom
ds_v2_seed1/sunlight_v25,sunlight,0.9138689018409873,0.22681154676965373,0.3697577633123466,0.5987771739130435,0.2275563144414527,0.9857752489331437,livingroom
ds_v2_seed1/sunlight_v45,sunlight,0.8946348232338077,0.40697871379368755,0.5785143866126249,0.6432404891304347,0.41580617248341506,0.95042194092827,livingroom
ds_v2_seed1/terrazzo_v37,terrazzo,0.8784605029000631,0.58073342453869,0.7347645283178181,0.7865998641304348,0.6816543944853517,0.796849961082368,livingroom
ds_v2_seed1/terrazzo_v38,terrazzo,0.8927881869614825,0.39360427610358495,0.5648723713794472,0.7764945652173914,0.41979555730292906,0.8631770412287793,livingroom
ds_v1_seed0/terrazzo_v07,terrazzo,0.8802155384962977,0.5564818824888119,0.7150508961903217,0.7912873641304348,0.6505907172995781,0.7936891954496319,livingroom
ds_v1_seed0/terrazzo_v15,terrazzo,0.8824613189606004,0.6591735717997101,0.7945806068797284,0.7883322010869566,0.8029046334232703,0.7864274061990212,livingroom
ds_v1_seed0/terrazzo_v11,terrazzo,0.8996414002806776,0.6480514135562099,0.7864456269089651,0.8111922554347826,0.7908971485974808,0.782043935052531,livingroom
ds_v2_seed1/terrazzo_v13,terrazzo,0.9166410655977015,0.6742248835662009,0.8054173488690012,0.7921025815217392,0.9028832103781318,0.7269440459110473,livingroom
ds_v1_seed0/terrazzo_v53,terrazzo,0.915432375801053,0.5884738431036813,0.740929849941849,0.8448879076086957,0.6695032552417081,0.8294169947923282,livingroom
ds_v2_seed1/terrazzo_v03,terrazzo,0.8993738198623096,0.32702755141637563,0.4928722859858177,0.7643682065217391,0.3427903193003864,0.8767230169050715,livingroom
ds_v2_seed1/terrazzo_v10,terrazzo,0.9282826398450575,0.6772327476828456,0.807559652789353,0.7450917119565217,0.9801736748731675,0.6866387580673295,livingroom
ds_v1_seed0/terrazzo_v60,terrazzo,0.924472181616776,0.638673765730881,0.7795008122876975,0.6957201086956522,0.9913288464548443,0.6422617478248525,livingroom
ds_v2_seed1/terrazzo_v58,terrazzo,0.834641165663475,0.6057408295675444,0.7544689882870843,0.734765625,0.8442943101446215,0.6819189450349571,livingroom
ds_v1_seed0/terrazzo_v49,terrazzo,0.9614241557251503,0.7288131235215468,0.8431369632791468,0.8208729619565217,0.9738876481704175,0.7433389279345431,livingroom
ds_v1_seed0/terrazzo_v03,terrazzo,0.9018282600633785,0.690281693534784,0.8167652719367026,0.7817085597826087,0.907409167221008,0.7425860638739112,livingroom
ds_v2_seed1/terrazzo_v40,terrazzo,0.8707082761502022,0.5716615144206271,0.7274613638819841,0.7858525815217391,0.6854582484725051,0.774948192493668,livingroom
ds_v2_seed1/terrazzo_v07,terrazzo,0.9018533391111269,0.6208891269416176,0.7661093120084593,0.8196841032608696,0.7333305216987895,0.8019555391569043,livingroom
ds_v2_seed1/terrazzo_v43,terrazzo,0.9567595427935818,0.7286623346015285,0.843036051652611,0.8631283967391304,0.9373700623700624,0.7659529286851885,livingroom
ds_v2_seed1/terrazzo_v47,terrazzo,0.9084326411379945,0.5989738877402557,0.749197835352713,0.8221127717391304,0.6874368326229292,0.823151802157327,livingroom
ds_v1_seed0/terrazzo_v19,terrazzo,0.9654633551173697,0.749883841452518,0.8570669934640522,0.8811480978260869,0.9461982502029403,0.7832823116553423,livingroom
ds_v1_seed0/terrazzo_v20,terrazzo,0.8704749168118453,0.46553373904390094,0.6353094802820579,0.7628396739130435,0.5095303925264966,0.843539773909425,livingroom
ds_v1_seed0/terrazzo_v04,terrazzo,0.9004766980942289,0.6495819701926572,0.7875716174526222,0.7544157608695652,0.9180108907839309,0.6895886393455275,livingroom
ds_v2_seed1/terrazzo_v63,terrazzo,0.8652620021469399,0.4394941185515492,0.6106230138595882,0.7523607336956522,0.48222194103505,0.832217207744941,livingroom
ds_v1_seed0/terrazzo_v05,terrazzo,0.9348229430049336,0.699231978043868,0.8229976684511482,0.7692085597826087,0.972151275502354,0.7135242569337791,livingroom
ds_v1_seed0/terrazzo_v22,terrazzo,0.9225946095315726,0.6049422484009019,0.7538492416205522,0.8541949728260869,0.6917127071823205,0.8282510080645161,livingroom
ds_v2_seed1/terrazzo_v16,terrazzo,0.8785323969801643,0.5307809672497605,0.6934773538547124,0.7754076086956522,0.5919667590027701,0.8370076096687556,livingroom
ds_v1_seed0/terrazzo_v42,terrazzo,0.8848259290688104,0.6184138519799488,0.7642221440744448,0.7039402173913043,0.9583107191316147,0.6355108651639897,livingroom
ds_v1_seed0/terrazzo_v58,terrazzo,0.857131977211452,0.5331969000570336,0.6955361050328228,0.7636888586956522,0.6188380967214392,0.793935458087721,livingroom
ds_v1_seed0/terrazzo_v23,terrazzo,0.9651453365612725,0.7494023780696035,0.8567524401064773,0.8629076086956522,0.9671461196362033,0.7689783695963811,livingroom
ds_v2_seed1/terrazzo_v04,terrazzo,0.9670113418227426,0.7429759354919995,0.8525372271215845,0.8960597826086957,0.9323811531569516,0.7852894176136364,livingroom
ds_v1_seed0/terrazzo_v55,terrazzo,0.8687542310306825,0.6088259983211416,0.7568574836016696,0.7783967391304348,0.7217286232141588,0.7955809762595001,livingroom
ds_v1_seed0/terrazzo_v41,terrazzo,0.9192456332993908,0.37035096909376636,0.540519877675841,0.8162703804347826,0.3859638481135509,0.9015301785208274,livingroom
ds_v1_seed0/terrazzo_v47,terrazzo,0.8723452033369539,0.4954714970697922,0.6626291414321339,0.7587466032608695,0.540278853601859,0.8566165182683451,livingroom
ds_v2_seed1/terrazzo_v48,terrazzo,0.9262091380462676,0.6721397510871195,0.8039277227278842,0.851460597826087,0.7776380274970724,0.8320571720265442,livingroom
ds_v1_seed0/terrazzo_v18,terrazzo,0.8759760656024274,0.6677223670426584,0.8007596231100723,0.768359375,0.8740632075772555,0.7387999353064856,livingroom
ds_v1_seed0/terrazzo_v61,terrazzo,0.9334207236561888,0.3953129635123109,0.5666298154604983,0.8269021739130434,0.41033378494888534,0.9152472527472527,livingroom
ds_v2_seed1/terrazzo_v56,terrazzo,0.8756626732153419,0.4641963907807149,0.6340630173705095,0.7635020380434783,0.5041160001671472,0.8542699334371902,livingroom
ds_v2_seed1/terrazzo_v55,terrazzo,0.8725860634033449,0.6267386182260394,0.7705461851142362,0.7497792119565218,0.8589583333333334,0.6986359400152503,livingroom
ds_v2_seed1/terrazzo_v51,terrazzo,0.8676973466388193,0.5889523458609678,0.7413090108021411,0.7726392663043479,0.7209005149020934,0.7629066900007955,livingroom
ds_v2_seed1/terrazzo_v19,terrazzo,0.8433201412490943,0.5475245067626257,0.7076133584572826,0.7522758152173913,0.6519892135495549,0.7736138505369274,livingroom
ds_v2_seed1/terrazzo_v06,terrazzo,0.8876147721963953,0.6185710666328857,0.7643421773499256,0.7954483695652174,0.7265828435384272,0.8062412284322629,livingroom
ds_v2_seed1/terrazzo_v53,terrazzo,0.9576371860552484,0.6685628541354057,0.8013637034750278,0.7486582880434782,0.9900504112496683,0.6730851615521635,livingroom
ds_v2_seed1/bedroom_v36,bedroom,0.8265360986330071,0.19508710480228592,0.32648181713007596,0.7033797554347826,0.20521646385805012,0.7980769230769231,minigym
ds_v2_seed1/bedroom_v60,bedroom,0.8585889068069295,0.14230211355159553,0.24914969842637522,0.7188009510869565,0.14622591291387202,0.8413476263399694,minigym
ds_v2_seed1/bedroom_v58,bedroom,0.7599224102820096,0.39986531122727126,0.5712911206817557,0.6821671195652174,0.6045868890612878,0.5414712523883968,minigym
ds_v1_seed0/bedroom_v40,bedroom,0.8159403965907076,0.38852935477620615,0.5596271385113449,0.7320142663043478,0.46492000927428706,0.7027898499929903,minigym
ds_v1_seed0/bedroom_v61,bedroom,0.9086525654779604,0.28667355371900827,0.4456041750301083,0.8123641304347826,0.2959802679821345,0.9011568906028009,minigym
ds_v1_seed0/bedroom_v12,bedroom,0.8222205330099727,0.37869172565291676,0.5493493847924228,0.7406080163043478,0.4446620491999045,0.7185087990120408,minigym
ds_v2_seed1/bedroom_v62,bedroom,0.8160175105558464,0.3593115696887686,0.5286669777570384,0.742680027173913,0.42451039168665067,0.7005523950861572,minigym
ds_v1_seed0/bedroom_v32,bedroom,0.8474776643238363,0.42947067238912734,0.6008807045636508,0.7629415760869566,0.5087889206333833,0.7336778157949864,minigym
ds_v2_seed1/bedroom_v59,bedroom,0.8058833400454496,0.4172867532685921,0.5888529647317058,0.7645889945652173,0.5468267959453503,0.6378767431399011,minigym
ds_v2_seed1/bedroom_v24,bedroom,0.793392378935334,0.2546031386323721,0.4058703996387446,0.7765455163043479,0.300944217504855,0.6231281198003328,minigym
ds_v1_seed0/bedroom_v46,bedroom,0.8734528759156575,0.12535110425731122,0.22277688053638722,0.7302819293478261,0.1280306013388086,0.8569277108433735,minigym
ds_v1_seed0/bedroom_v58,bedroom,0.8524822096051912,0.19254864736592311,0.3229195685915549,0.7110563858695652,0.19931220830262836,0.8501676445934618,minigym
ds_v1_seed0/bedroom_v14,bedroom,0.8416666761040105,0.393305091785032,0.5645642065100752,0.7519021739130435,0.45185609313865827,0.7521842732327244,minigym
ds_v2_seed1/bedroom_v08,bedroom,0.8592390085795467,0.29529272151898733,0.45594747289662546,0.7579483695652174,0.317524457677584,0.8083378451543043,minigym
ds_v1_seed0/bedroom_v38,bedroom,0.809630948947921,0.39873368851826113,0.5701352470328457,0.7354959239130435,0.49468339879298784,0.6727462219906201,minigym
ds_v2_seed1/bedroom_v47,bedroom,0.8330545437252649,0.47391025882530236,0.6430652829609939,0.7628396739130435,0.6385927505330491,0.6476009060955519,minigym
ds_v1_seed0/bedroom_v31,bedroom,0.878878712506435,0.4488797198100082,0.6196231663300109,0.8049082880434782,0.5123206658635417,0.7837815196448019,minigym
ds_v2_seed1/bedroom_v50,bedroom,0.8098891697776193,0.42195806261075014,0.5934887585025183,0.7340692934782609,0.5731334302762874,0.615343203230148,minigym
ds_v2_seed1/bedroom_v39,bedroom,0.8134389039933446,0.44456750866411804,0.6155025722200237,0.7359714673913044,0.5876546708227071,0.6461210925329733,minigym
ds_v1_seed0/bedroom_v48,bedroom,0.7142088945252747,0.3161194143954742,0.4803810519589905,0.6961447010869565,0.4462069709722672,0.5202239416242058,minigym
ds_v2_seed1/bedroom_v12,bedroom,0.8641001585645878,0.2919499786030146,0.45195244930256523,0.7470957880434783,0.30970996216897856,0.8358290225973318,minigym
ds_v2_seed1/bedroom_v11,bedroom,0.8607102210314105,0.20889381231207468,0.34559497316402665,0.7452955163043479,0.21851892727072067,0.8258602711157456,minigym
ds_v1_seed0/bedroom_v07,bedroom,0.8123645326478018,0.24500075555331688,0.39357527207994497,0.7454313858695653,0.27267630900325146,0.707079517371711,minigym
ds_v2_seed1/bedroom_v44,bedroom,0.7734674119489794,0.40879151355473897,0.5803435208425611,0.7103600543478261,0.5947145450877547,0.5666506487265738,minigym
ds_v2_seed1/bedroom_v38,bedroom,0.8394430729112111,0.3359827858773933,0.5029747230713604,0.7431895380434783,0.37162424713425296,0.7779359430604982,minigym
ds_v1_seed0/bedroom_v63,bedroom,0.8057685315764894,0.38438820482529873,0.5553185204634218,0.7698879076086956,0.4882553240607145,0.6437376350631563,minigym
ds_v2_seed1/bedroom_v63,bedroom,0.8216163192076029,0.47959466002628487,0.648278441364157,0.7444463315217391,0.6630803806244919,0.634122919334187,minigym
ds_v2_seed1/bedroom_v04,bedroom,0.9102306124595421,0.18470498509325384,0.3118160004681922,0.800288722826087,0.18763206085364137,0.9221183800623053,minigym
ds_v2_seed1/bedroom_v48,bedroom,0.7373530562677613,0.3067801212999004,0.46952064283735107,0.7398777173913044,0.42351912021994503,0.5267329810382344,minigym
ds_v2_seed1/bedroom_v13,bedroom,0.8446120857677749,0.3145027624309392,0.4785121361773668,0.7471297554347827,0.3441309823677582,0.7850821744627055,minigym
ds_v1_seed0/bedroom_v59,bedroom,0.740622927361956,0.36737777457999066,0.5373464179536425,0.7013417119565217,0.5470616596132212,0.5279702202460965,minigym
ds_v1_seed0/bedroom_v54,bedroom,0.8328451530009452,0.42282346199500637,0.5943442363568365,0.7605129076086956,0.6313795000305604,0.5614130434782608,minigym
ds_v1_seed0/bedroom_v29,bedroom,0.8800983705689274,0.1213457455495672,0.21642877949315464,0.7258831521739131,0.1232444985071326,0.8873407643312102,minigym
ds_v1_seed0/bedroom_v41,bedroom,0.8241335022299711,0.4327235618716456,0.604057298124357,0.7450917119565217,0.5449050497358526,0.6776160037878788,minigym
ds_v1_seed0/bedroom_v56,bedroom,0.7981231137318479,0.43934220611804053,0.610476374903176,0.7266983695652174,0.6205403277397766,0.6007336477537992,minigym
ds_v2_seed1/bedroom_v55,bedroom,0.8025399861415226,0.42455526184182324,0.5960530605080369,0.7264096467391304,0.5564659612323252,0.6417040116624372,minigym
ds_v1_seed0/bedroom_v33,bedroom,0.8699442353905458,0.3739914073142618,0.5443868212324589,0.7970788043478261,0.4131504312091219,0.7978093215602995,minigym
ds_v2_seed1/bedroom_v14,bedroom,0.8218451402019429,0.4066088586829154,0.5781406197934023,0.7419836956521739,0.49818147013782543,0.6886742524477375,minigym
ds_v2_seed1/bedroom_v30,bedroom,0.746783601080718,0.32436775776029775,0.48984544641716693,0.7286684782608696,0.4396423248882265,0.5529920692141312,minigym
ds_v2_seed1/blue_bathroom_v51,blue_bathroom,0.9435332608626011,0.5208612226684516,0.6849556223868554,0.854110054347826,0.5546118667221002,0.8953878607728449,minigym
ds_v2_seed1/blue_bathroom_v23,blue_bathroom,0.9192184459893358,0.3376741763250423,0.5048676012461059,0.827241847826087,0.3585949384594109,0.8526800394607037,minigym
ds_v1_seed0/blue_bathroom_v42,blue_bathroom,0.9169927826180471,0.03331180215926917,0.06447579924986606,0.8220788043478261,0.033487940630797776,0.8636363636363636,minigym
ds_v1_seed0/blue_bathroom_v14,blue_bathroom,0.9365044726655235,0.3327419812659665,0.4993344337362228,0.8403023097826087,0.3479002819409408,0.8842164812370357,minigym
ds_v1_seed0/blue_bathroom_v19,blue_bathroom,0.9364150976032768,0.3633840212406469,0.5330618748340268,0.8208220108695652,0.3774601980694497,0.9069277108433735,minigym
ds_v2_seed1/blue_bathroom_v36,blue_bathroom,0.936520363507436,0.46493365827240724,0.6347504621072088,0.8322010869565217,0.4890901840141286,0.9039696746340949,minigym
ds_v2_seed1/blue_bathroom_v29,blue_bathroom,0.9312386160621197,0.45018820577164365,0.6208686623983389,0.8883661684782609,0.5108200455580866,0.7913542126157918,minigym
ds_v1_seed0/blue_bathroom_v53,blue_bathroom,0.9075996003911321,0.06993120194253338,0.13072093199182996,0.8048403532608696,0.07052485511386826,0.8925619834710744,minigym
ds_v1_seed0/blue_bathroom_v11,blue_bathroom,0.9516837003379316,0.36507510729613735,0.5348791511102378,0.8391983695652174,0.3728001095665274,0.9462888927516079,minigym
ds_v1_seed0/blue_bathroom_v50,blue_bathroom,0.9447981554202761,0.49765502866076083,0.6645789839944328,0.9017663043478261,0.5564727590560358,0.8248164675399453,minigym
ds_v2_seed1/blue_bathroom_v10,blue_bathroom,0.9405517324675167,0.2553350044034957,0.40679978413383705,0.8133152173913043,0.2589844018415447,0.9476992708071411,minigym
ds_v1_seed0/blue_bathroom_v32,blue_bathroom,0.9444154356487537,0.5247067188055456,0.6882723245511775,0.8864639945652174,0.5806451612903226,0.8448769318832284,minigym
ds_v1_seed0/blue_bathroom_v09,blue_bathroom,0.9425303343937008,0.5565832729704129,0.7151345933562429,0.86484375,0.6036379018612521,0.87715138742536,minigym
ds_v2_seed1/blue_bathroom_v41,blue_bathroom,0.9549697458385481,0.5682397959183674,0.7246848312322082,0.8850203804347826,0.6105667100664702,0.8912673802140643,minigym
ds_v1_seed0/blue_bathroom_v28,blue_bathroom,0.9537549073278443,0.3232427237781439,0.48856149815842703,0.8325577445652174,0.3280161604903873,0.9569193253403779,minigym
ds_v2_seed1/blue_bathroom_v33,blue_bathroom,0.8756847963035094,0.05274542429284526,0.10020546862652127,0.8066236413043478,0.05345699831365936,0.7984886649874056,minigym
ds_v2_seed1/blue_bathroom_v09,blue_bathroom,0.9224064185323816,0.2602101161900786,0.41296306520178877,0.8194123641304348,0.26889064634409376,0.8896289248334919,minigym
ds_v2_seed1/blue_bathroom_v30,blue_bathroom,0.9298050316872093,0.45092110814231473,0.6215653016719167,0.8673743206521739,0.5003510962003589,0.8202865182911231,minigym
ds_v1_seed0/blue_bathroom_v18,blue_bathroom,0.9240864501365071,0.3698776844597261,0.5400156359297207,0.8101392663043478,0.38796263450396123,0.8880768710244958,minigym
ds_v1_seed0/blue_bathroom_v37,blue_bathroom,0.9492246942389643,0.5366759517177344,0.6984894259818731,0.8898267663043479,0.5897959183673469,0.8562962962962963,minigym
ds_v1_seed0/blue_bathroom_v22,blue_bathroom,0.9272265882949365,0.41725409391606116,0.5888204461108774,0.817476222826087,0.43741473396998637,0.9005266237565828,minigym
ds_v1_seed0/blue_bathroom_v03,blue_bathroom,0.8775458659300843,0.02863237345147264,0.055670760886903814,0.7989130434782609,0.02886444462823588,0.7807606263982103,minigym
ds_v1_seed0/blue_bathroom_v29,blue_bathroom,0.9341577294117437,0.4504976988119448,0.6211629279811098,0.8256114130434783,0.4732137837989769,0.9037037037037037,minigym
ds_v1_seed0/blue_bathroom_v16,blue_bathroom,0.9463223492878058,0.42053789731051344,0.5920826161790018,0.8550951086956522,0.4413399857448325,0.8992158001742666,minigym
ds_v1_seed0/blue_bathroom_v47,blue_bathroom,0.9427584934653378,0.453027139874739,0.6235632183908046,0.8843070652173913,0.49591280653950953,0.8397082899240959,minigym
ds_v2_seed1/blue_bathroom_v48,blue_bathroom,0.9609863986550884,0.43824837495723573,0.6094196003805898,0.8884510869565218,0.46012931034482757,0.902112676056338,minigym
ds_v1_seed0/blue_bathroom_v43,blue_bathroom,0.9412472009378765,0.5096335219617354,0.6751751528403767,0.8763756793478261,0.5605364552459988,0.8487602378548188,minigym
ds_v1_seed0/blue_bathroom_v44,blue_bathroom,0.946510280771524,0.46745104774991414,0.637092526482121,0.8946841032608696,0.5194197919648822,0.8236985472154964,minigym
ds_v1_seed0/blue_bathroom_v08,blue_bathroom,0.9382038291615584,0.5187301946582163,0.6831103990461641,0.8555536684782609,0.5551047595979169,0.8878450363196126,minigym
ds_v2_seed1/blue_bathroom_v28,blue_bathroom,0.9564723755099136,0.13099754519080561,0.23164956590370958,0.8015964673913043,0.13136889220440134,0.9788771539744302,minigym
ds_v2_seed1/blue_bathroom_v07,blue_bathroom,0.9347015556885144,0.38148971650917174,0.5522874502072185,0.8110224184782608,0.39410818881359827,0.9225702379352063,minigym
ds_v2_seed1/blue_bathroom_v20,blue_bathroom,0.9315227417051241,0.4727242852448242,0.6419725538324221,0.8364979619565217,0.5030892982047097,0.8867769444159046,minigym
ds_v2_seed1/blue_bathroom_v53,blue_bathroom,0.9311482550662069,0.43264968822778155,0.6039853172522286,0.8717391304347826,0.4761471682513435,0.8256630824372759,minigym
ds_v2_seed1/blue_bathroom_v25,blue_bathroom,0.9438312890727074,0.34722392450055156,0.5154657933042213,0.8190896739130434,0.354435130739397,0.944648216072024,minigym
ds_v2_seed1/blue_bathroom_v56,blue_bathroom,0.9327682047601956,0.4783867359694717,0.6471740097908322,0.8653532608695652,0.5255511384170581,0.8420382165605096,minigym
ds_v1_seed0/computer_room_v17,computer_room,0.9017005313843806,0.6064976525821596,0.7550557594744348,0.8220618206521739,0.7611954369755821,0.7490143327612598,minigym
ds_v1_seed0/computer_room_v40,computer_room,0.9008127014994992,0.47602253666508965,0.6450071389026487,0.7930876358695652,0.5095998894976749,0.8784126984126984,minigym
ds_v2_seed1/computer_room_v29,computer_room,0.8798803409222677,0.37542238761281493,0.5459012314964548,0.7520040760869565,0.397275155026479,0.8722051078207294,minigym
ds_v2_seed1/computer_room_v43,computer_room,0.8967575507483945,0.6082971876311739,0.7564487363521684,0.8098165760869566,0.8094395829454478,0.7099697885196374,minigym
ds_v1_seed0/computer_room_v43,computer_room,0.9065088494774833,0.570580340802798,0.7265853595380514,0.8206691576086956,0.6464841950050687,0.8293432641721346,minigym
ds_v2_seed1/computer_room_v39,computer_room,0.9044992438524603,0.5584992343032159,0.7167141593789917,0.8041440217391305,0.6061411891802052,0.8766300102157323,minigym
ds_v1_seed0/computer_room_v59,computer_room,0.908553723951786,0.578834131687911,0.7332424857943588,0.8237941576086957,0.6575513027438321,0.828626220362622,minigym
ds_v2_seed1/computer_room_v07,computer_room,0.8942524977155052,0.4980390554783888,0.6649213231885244,0.7913213315217391,0.5357503845308723,0.8761678884576686,minigym
ds_v2_seed1/computer_room_v00,computer_room,0.8861893995478921,0.5670699828217193,0.7237328122393537,0.8031080163043478,0.6736613282463068,0.7818453300381011,minigym
ds_v2_seed1/computer_room_v36,computer_room,0.8876324648710661,0.3704048649537062,0.540577276725034,0.8048233695652174,0.40903865932603306,0.796817913965822,minigym
ds_v1_seed0/computer_room_v04,computer_room,0.9031436973749681,0.5982997126692141,0.7486702374112719,0.7696841032608696,0.91575988393181,0.6331462963543463,minigym
ds_v2_seed1/computer_room_v40,computer_room,0.8839477528292654,0.4996645751943491,0.6663684445964793,0.784663722826087,0.558363099175376,0.8261777371786506,minigym
ds_v2_seed1/computer_room_v16,computer_room,0.8900948059629975,0.6169973672381687,0.7631396064571212,0.7974014945652174,0.8122147083685545,0.7196569673819421,minigym
ds_v2_seed1/computer_room_v56,computer_room,0.8819473958432785,0.5118069405664141,0.6770797604284847,0.7921365489130435,0.5776607239330092,0.8178341513162088,minigym
ds_v1_seed0/computer_room_v42,computer_room,0.8876722119965952,0.5450983593176068,0.7055840245126526,0.8106997282608696,0.6554126999705565,0.7640732265446224,minigym
ds_v2_seed1/computer_room_v06,computer_room,0.8904643448937276,0.5251090438877524,0.6886183594442055,0.7910495923913043,0.5738873655346973,0.8606858155130963,minigym
ds_v2_seed1/computer_room_v63,computer_room,0.9036061594066361,0.6512421646811722,0.7887906190996721,0.8195142663043479,0.7656454973377576,0.8133786941017338,minigym
ds_v1_seed0/computer_room_v12,computer_room,0.9053080867760431,0.5883911090636876,0.7408642691415315,0.8179008152173913,0.6639663836423497,0.8379072818718566,minigym
ds_v2_seed1/computer_room_v24,computer_room,0.9003695107103092,0.613080646175121,0.7601363857769119,0.790913722826087,0.8769950096659623,0.6707585448043464,minigym
ds_v2_seed1/computer_room_v48,computer_room,0.8909546361353168,0.5392715204654402,0.7006840746360031,0.8090183423913043,0.6225228207917514,0.8012906367953245,minigym
ds_v1_seed0/computer_room_v29,computer_room,0.9241071769457253,0.4594129413406522,0.629585949701973,0.802632472826087,0.47190366972477066,0.9455241742460507,minigym
ds_v1_seed0/computer_room_v64,computer_room,0.893475266361689,0.6077184336707512,0.7560010769836174,0.7999150815217392,0.8212293016558675,0.7003722322422196,minigym
ds_v1_seed0/computer_room_v26,computer_room,0.8617529301112374,0.4447366355286914,0.6156646472330137,0.7597316576086957,0.49357494446138434,0.8180046202714409,minigym
ds_v2_seed1/computer_room_v22,computer_room,0.8976397822199135,0.6030197279396055,0.7523547183223742,0.8106657608695652,0.7016366273047442,0.8109764858004885,minigym
ds_v1_seed0/computer_room_v58,computer_room,0.8912772267356169,0.4300532660499019,0.6014506959419722,0.758305027173913,0.4494767685223943,0.9086908690869087,minigym
ds_v2_seed1/computer_room_v25,computer_room,0.8820905518667291,0.38656354261449805,0.5575850377337853,0.7939028532608695,0.4249513753820506,0.8105787576849692,minigym
ds_v1_seed0/computer_room_v53,computer_room,0.8807795965152023,0.4829162962022101,0.651306209850107,0.792578125,0.5454545454545454,0.8081337678900382,minigym
ds_v2_seed1/computer_room_v10,computer_room,0.9013695868194163,0.6296825073084507,0.7727670935713988,0.8149796195652174,0.8065134099616859,0.741731400656683,minigym
ds_v1_seed0/computer_room_v50,computer_room,0.8658616270288104,0.3415338693370565,0.5091692086847299,0.7677139945652174,0.37262317470322515,0.8036705562478759,minigym
ds_v1_seed0/computer_room_v25,computer_room,0.9123048786088,0.4420966104153571,0.613130364806867,0.8040421195652174,0.4619076487824593,0.9115653040877368,minigym
ds_v1_seed0/computer_room_v62,computer_room,0.9119268389982014,0.38726410433751607,0.5583134503756989,0.7893512228260869,0.39806022444523437,0.9345493562231759,minigym
ds_v1_seed0/computer_room_v08,computer_room,0.9123758967905812,0.6570760471736479,0.7930547886373397,0.8281419836956522,0.7547882279663656,0.835408677668146,minigym
ds_v2_seed1/computer_room_v55,computer_room,0.9315904512052144,0.6957785207636784,0.8206007002026904,0.8346467391304347,0.8717798136402788,0.7750974658869396,minigym
ds_v1_seed0/computer_room_v48,computer_room,0.8820014984063539,0.4778250431706187,0.6466598267213862,0.7894361413043478,0.532254281022754,0.8237130617875553,minigym
ds_v2_seed1/computer_room_v02,computer_room,0.8853385914033466,0.35861292743059275,0.5279103712177995,0.7967561141304348,0.3907837869407779,0.8132976783760788,minigym
ds_v1_seed0/computer_room_v28,computer_room,0.8927909523620098,0.4329262693967496,0.6042547738049469,0.7902173913043479,0.4678971916244914,0.8527762705733406,minigym
ds_v2_seed1/computer_room_v49,computer_room,0.8909429587235776,0.6171490988530858,0.7632556568726782,0.7976052989130434,0.8097968130849001,0.7217734360323126,minigym
ds_v2_seed1/computer_room_v08,computer_room,0.8951983056869817,0.5407942805515182,0.7019681827452581,0.8014605978260869,0.5968783871667028,0.8519710378117458,minigym
ds_v1_seed0/computer_room_v16,computer_room,0.9319851278090874,0.6895216328603625,0.816232973226867,0.833882472826087,0.8919640290723936,0.7523552230534775,minigym
ds_v2_seed1/computer_room_v46,computer_room,0.8718707948132328,0.4889543446244477,0.6567754698318496,0.7878396739130434,0.564972819664382,0.7842005117774424,minigym
ds_v2_seed1/green_house_v56,green_house,0.8798829146641666,0.19356836588851833,0.3243523729693051,0.7125169836956522,0.19858260019550342,0.8846070106684084,minigym
ds_v2_seed1/green_house_v33,green_house,0.8971766554996192,0.3603290676416819,0.5297675043676925,0.7622961956521739,0.37427011630666984,0.9063110702379584,minigym
ds_v1_seed0/green_house_v38,green_house,0.9395623729668233,0.40044097693351427,0.5718784062007992,0.8198879076086957,0.411061458998317,0.9393899204244032,minigym
ds_v2_seed1/green_house_v52,green_house,0.8948460495095928,0.3005679736167094,0.46221032612523777,0.7406589673913043,0.31014273560828054,0.9068546158098397,minigym
ds_v2_seed1/green_house_v11,green_house,0.9081717584350094,0.4570294681142232,0.6273441658057043,0.7978430706521739,0.483402489626556,0.8933571110120374,minigym
ds_v1_seed0/green_house_v61,green_house,0.9345606630237638,0.34643605870020966,0.5145971195017517,0.7882133152173914,0.3508306353165968,0.9651043948021609,minigym
ds_v1_seed0/green_house_v37,green_house,0.8996419911234412,0.3638698630136986,0.5335844318895167,0.7602411684782608,0.37654464910235486,0.9153253230559963,minigym
ds_v2_seed1/green_house_v04,green_house,0.9315170956150425,0.4280191658499401,0.5994585732260648,0.8215862771739131,0.4415051951698961,0.9333887437663263,minigym
ds_v1_seed0/green_house_v62,green_house,0.9171392773611476,0.3858786508014554,0.556872206059746,0.7878736413043478,0.39979623025980643,0.9172510518934082,minigym
ds_v1_seed0/green_house_v56,green_house,0.9196908927140608,0.39583009984996637,0.5671608598962194,0.801664402173913,0.410043410686532,0.9194808316308136,minigym
ds_v1_seed0/green_house_v36,green_house,0.8959721489862712,0.30624577226606536,0.4688945660429468,0.7387228260869565,0.315919240788984,0.909103078982597,minigym
ds_v1_seed0/green_house_v06,green_house,0.9105468196540311,0.44533128185402443,0.6162341982701265,0.8040760869565218,0.47255102040816327,0.8854684512428298,minigym
ds_v2_seed1/green_house_v63,green_house,0.8978176169364414,0.3097502972651605,0.4729913753971856,0.7436650815217392,0.3194208639879268,0.9109616677874915,minigym
ds_v2_seed1/green_house_v08,green_house,0.9185191753233096,0.4409975363266127,0.6120725750174459,0.8111752717391304,0.46228851525852527,0.9054402807886859,minigym
ds_v2_seed1/green_house_v13,green_house,0.920114514023099,0.4352727620139486,0.6065366438128202,0.79921875,0.45346869712351945,0.9155948553054662,minigym
ds_v1_seed0/green_house_v20,green_house,0.9093678944597738,0.3268163052246951,0.4926323319027182,0.7590692934782609,0.3358529210962645,0.9239334585457473,minigym
ds_v2_seed1/green_house_v41,green_house,0.9084627797799935,0.38430224580341216,0.5552288121592599,0.771382472826087,0.39778430072909765,0.9189543913376353,minigym
ds_v2_seed1/green_house_v45,green_house,0.9025710124392612,0.3568197462877372,0.5259648487044755,0.777836277173913,0.3706332992849847,0.9054273237679351,minigym
ds_v2_seed1/green_house_v59,green_house,0.8223063091039179,0.24981280419318608,0.39976035347861905,0.7277513586956522,0.27208318466792397,0.7532101030055031,minigym
ds_v2_seed1/green_house_v27,green_house,0.8996640307013423,0.34059617078485005,0.5081264264471955,0.7584239130434782,0.351867816091954,0.9140333416272705,minigym
ds_v2_seed1/green_house_v55,green_house,0.9240389160014418,0.4095491725318623,0.5811066126855601,0.7891304347826087,0.4233189146677153,0.9264199655765921,minigym
ds_v1_seed0/green_house_v00,green_house,0.9068723131015674,0.3732753648906437,0.5436278468744953,0.7600713315217391,0.38390290641967423,0.9309581765877406,minigym
ds_v1_seed0/green_house_v52,green_house,0.9150651594519941,0.4161950575363139,0.5877651603449998,0.7897588315217391,0.4331713542433613,0.9139395194697597,minigym
ds_v2_seed1/green_house_v36,green_house,0.9096553691946956,0.44922879177377895,0.6199556541019956,0.7962296195652174,0.4725253500724288,0.9011049723756906,minigym
ds_v1_seed0/green_house_v10,green_house,0.8763364066353599,0.3067596241285238,0.46949663651125023,0.7281080163043478,0.32034005607307586,0.878581173260573,minigym
ds_v2_seed1/green_house_v37,green_house,0.8946742012417672,0.4216606178631495,0.5931944833597957,0.7780740489130434,0.44671074225160595,0.8826199740596627,minigym
ds_v2_seed1/green_house_v40,green_house,0.8972616193125209,0.37904676258992803,0.5497228562112814,0.7654551630434783,0.3944597819474989,0.9065490913001398,minigym
ds_v2_seed1/green_house_v09,green_house,0.8798109062528905,0.2816265060240964,0.43948296122209163,0.7407608695652174,0.29379418695993714,0.8717948717948718,minigym
ds_v2_seed1/green_house_v28,green_house,0.9377648881253923,0.39875986471251407,0.5701620053195776,0.818851902173913,0.40965948575399586,0.9374503047972436,minigym
ds_v2_seed1/green_house_v24,green_house,0.918217851969133,0.37799018605602125,0.5486108535183056,0.7933254076086956,0.3901345291479821,0.9239130434782609,minigym
ds_v2_seed1/green_house_v46,green_house,0.9184504475692552,0.44442273881617506,0.615363808493373,0.8067934782608696,0.4648311794452674,0.9100910091009101,minigym
ds_v1_seed0/green_house_v30,green_house,0.9230164896668736,0.48645817746521025,0.6545198308838333,0.8251358695652173,0.5146701846965699,0.8987283450055289,minigym
ds_v1_seed0/green_house_v16,green_house,0.9027268289487508,0.442013442013442,0.6130503768345895,0.8011888586956522,0.47347459790656116,0.8693165838567545,minigym
ds_v1_seed0/green_house_v09,green_house,0.9098221198765271,0.39622460712916824,0.5675657127170407,0.7859714673913043,0.41407971159623475,0.9018538713195202,minigym
ds_v2_seed1/green_house_v51,green_house,0.9030218886847036,0.3095798319327731,0.47279260780287474,0.7558084239130435,0.3192374350086655,0.9109792284866469,minigym
ds_v2_seed1/green_house_v42,green_house,0.8819400615294539,0.3368165549018801,0.5039084138610205,0.7262228260869565,0.3496775295775851,0.9015526924347539,minigym
ds_v2_seed1/green_house_v30,green_house,0.9458158721545371,0.41994437822804925,0.5914941242305539,0.8264266304347826,0.43017441860465117,0.9464057303658224,minigym
ds_v1_seed0/green_house_v44,green_house,0.9027555222408226,0.3152216363991408,0.4793437511599421,0.7617697010869565,0.32583135691577936,0.9063728242560359,minigym
ds_v2_seed1/green_house_v07,green_house,0.9306759753189972,0.4081521739130435,0.5796989579313007,0.815047554347826,0.42063403158955975,0.9322244289970208,minigym
ds_v2_seed1/gym_v06,gym,0.8857611180649974,0.5161937413378073,0.6809073633061509,0.7747112771739131,0.5610258849645221,0.8659446891825746,minigym
ds_v2_seed1/gym_v26,gym,0.8802988968523834,0.5203228491802092,0.6844899416736103,0.7749150815217392,0.5703403951440134,0.8557652241204834,minigym
ds_v2_seed1/gym_v51,gym,0.9184705063396309,0.5842220890752946,0.7375507425430523,0.8232167119565217,0.6396396396396397,0.8708544209586186,minigym
ds_v2_seed1/gym_v01,gym,0.8815199215850669,0.5632558139534883,0.7206188634335019,0.7926800271739131,0.6389204545454545,0.8262740775730856,minigym
ds_v2_seed1/gym_v17,gym,0.8821830478787468,0.5772626931567328,0.7319804058782364,0.7918478260869565,0.6580685750235923,0.8245959795033504,minigym
ds_v2_seed1/gym_v00,gym,0.9031125285709185,0.5695975690521641,0.7257880367336808,0.8123641304347826,0.6366922139000174,0.8438762553387972,minigym
ds_v2_seed1/gym_v04,gym,0.9119105904820188,0.32827128970120506,0.4942834980270481,0.7453294836956522,0.33685758940884436,0.92794732176776,minigym
ds_v2_seed1/gym_v54,gym,0.8794302135023501,0.5045928410002187,0.6707367298980061,0.7691745923913044,0.5505050505050505,0.8581613043208729,minigym
ds_v2_seed1/gym_v35,gym,0.9094140654261422,0.47812066291125804,0.6469304907348596,0.7828634510869565,0.506990434142752,0.8935764418675618,minigym
ds_v2_seed1/gym_v25,gym,0.9129224061302377,0.5086638919561709,0.6743236776173183,0.803515625,0.546470776109869,0.8802734087902396,minigym
ds_v1_seed0/gym_v49,gym,0.8872670757333055,0.5263462233465848,0.689681299427002,0.7774116847826087,0.5747208081764729,0.8621322441247854,minigym
ds_v1_seed0/gym_v27,gym,0.9075152207144702,0.47760330578512394,0.6464567369539683,0.7852921195652174,0.5098143002073133,0.8831665011079698,minigym
ds_v2_seed1/gym_v24,gym,0.8723560205118472,0.45964585997132784,0.6298046294330008,0.7631453804347826,0.5039079092685413,0.8395612172682236,minigym
ds_v1_seed0/gym_v01,gym,0.8957404569651091,0.5372639828998931,0.6989872772357536,0.779398777173913,0.5823229593018766,0.8741088506346723,minigym
ds_v1_seed0/gym_v55,gym,0.8948743180988188,0.4725923031842157,0.6418508397230108,0.7707370923913044,0.5059605973145941,0.877539175856065,minigym
ds_v2_seed1/gym_v55,gym,0.8807656792563918,0.3557307089357255,0.524780779237465,0.7487262228260869,0.3744327817756795,0.876878488621726,minigym
ds_v2_seed1/gym_v09,gym,0.8855988031855211,0.47577662057820075,0.6447813496215901,0.7520889945652174,0.5088730122147961,0.8797396905505014,minigym
ds_v1_seed0/gym_v59,gym,0.9179003776388897,0.4346911294394883,0.6059717252302458,0.7718410326086956,0.4521579269894073,0.9183854907539118,minigym
ds_v2_seed1/gym_v40,gym,0.905211327403141,0.5816897033700885,0.7355294810741814,0.8170176630434782,0.6496964440589765,0.8474940604140739,minigym
ds_v2_seed1/gym_v05,gym,0.9166852469432044,0.5064775613886536,0.6723997414495686,0.8020210597826087,0.5388253310512566,0.894028846872431,minigym
ds_v2_seed1/gym_v33,gym,0.9112257618185443,0.5243869576933441,0.6879971716457486,0.7901664402173914,0.5577529378045285,0.8976014760147601,minigym
ds_v1_seed0/gym_v22,gym,0.8933726210943554,0.3383525619273838,0.5056254555826705,0.7350713315217391,0.3506527759461954,0.906065424806906,minigym
ds_v2_seed1/gym_v49,gym,0.8671550474130751,0.4949538483640412,0.6621660580434366,0.7611752717391305,0.5457821782178218,0.8416391840723098,minigym
ds_v1_seed0/gym_v04,gym,0.8545830799840717,0.4053063561748425,0.5768227751820059,0.7354279891304348,0.4413451945460592,0.8323142050799623,minigym
ds_v1_seed0/gym_v00,gym,0.9038667045359358,0.570043229349223,0.7261497246614078,0.8125,0.6367235079171741,0.8447997229597137,minigym
ds_v1_seed0/gym_v20,gym,0.888518761517038,0.5253788161528701,0.6888502850431847,0.7840183423913043,0.5758170736695709,0.8570993667803215,minigym
ds_v1_seed0/gym_v30,gym,0.9077231866989709,0.35233766233766234,0.5210794199558244,0.7459069293478261,0.36278136839759306,0.9244661517492049,minigym
ds_v1_seed0/gym_v42,gym,0.9162015919153075,0.5706311371877929,0.7266265435301441,0.8210258152173913,0.626425727959923,0.8649867210178495,minigym
ds_v1_seed0/gym_v31,gym,0.8748613268473399,0.45315340511816526,0.6236828176875331,0.7343410326086957,0.4820558592733088,0.8831505075969204,minigym
ds_v1_seed0/gym_v03,gym,0.8671495375091253,0.4503514332965821,0.6210238745694263,0.7290591032608695,0.48243153465711963,0.8713419105392973,minigym
ds_v1_seed0/gym_v63,gym,0.9071677903439372,0.5285223367697595,0.6915467625899282,0.7902853260869566,0.5644957383467232,0.8923989426858359,minigym
ds_v2_seed1/gym_v63,gym,0.8752695348459157,0.38800416728679865,0.5590821359639716,0.7206521739130435,0.40607476635514017,0.8971094287680661,minigym
ds_v2_seed1/gym_v13,gym,0.9131282634572903,0.4628956718346253,0.6328485082659454,0.7740658967391304,0.48442979676342585,0.9123826197676269,minigym
ds_v2_seed1/gym_v37,gym,0.9015779238135379,0.4467454436210695,0.6175867988260701,0.7654211956521739,0.47292541237331975,0.8897487036298365,minigym
ds_v1_seed0/gym_v50,gym,0.906771151729716,0.4717166346271831,0.6410427435940192,0.7806385869565218,0.500043357613597,0.8927852608762966,minigym
ds_v2_seed1/gym_v58,gym,0.8682022422790969,0.372975062826213,0.5433093038972743,0.7245584239130435,0.3942378422558235,0.8736641912696975,minigym
ds_v1_seed0/gym_v07,gym,0.8861111103333846,0.42460229374768776,0.5960994104967928,0.7358525815217392,0.4461939196018972,0.8976926085256159,minigym
ds_v1_seed0/gym_v39,gym,0.9171096872145832,0.5671816283924843,0.7238237331486119,0.8239470108695652,0.6225481209899175,0.8644520809469263,minigym
ds_v1_seed0/gym_v09,gym,0.9128396917397722,0.5702229299363057,0.7262955075550146,0.8166440217391304,0.6199255604604864,0.8767290978087893,minigym
ds_v2_seed1/gym_v41,gym,0.9016480668872886,0.5661047027506655,0.7229461756373937,0.808984375,0.6324727382440412,0.8436242382430723,minigym
ds_v2_seed1/living_room_contemp_v02,living_room_contemp,0.888645774734147,0.36010709504685406,0.5295275590551182,0.7645720108695652,0.377772397094431,0.8850692080780577,minigym
ds_v2_seed1/living_room_contemp_v51,living_room_contemp,0.8853309615411982,0.4117885848826825,0.5833572948415665,0.75390625,0.434395340870161,0.8877997549448626,minigym
ds_v1_seed0/living_room_contemp_v64,living_room_contemp,0.865295968219567,0.5567395709594019,0.7152635949457997,0.7845278532608696,0.6656501942437028,0.772868367445921,minigym
ds_v2_seed1/living_room_contemp_v06,living_room_contemp,0.8903341845532827,0.44607862010549415,0.6169493330493357,0.7556555706521739,0.46672574927489524,0.909776207302709,minigym
ds_v1_seed0/living_room_contemp_v01,living_room_contemp,0.8744043842949033,0.558148988786883,0.7164256984454831,0.7784816576086957,0.6251327970860525,0.8389429197005958,minigym
ds_v1_seed0/living_room_contemp_v40,living_room_contemp,0.8936316418464011,0.24709519772602603,0.3962731925783749,0.7435801630434783,0.25334901319153286,0.9091743119266055,minigym
ds_v2_seed1/living_room_contemp_v57,living_room_contemp,0.881835967724593,0.4968707287245522,0.6638792772010764,0.7624320652173913,0.5332767140210006,0.8792006109979633,minigym
ds_v1_seed0/living_room_contemp_v41,living_room_contemp,0.8918654456255578,0.41925650263272496,0.5908114591759881,0.7508661684782608,0.43742255266418834,0.9098719821290489,minigym
ds_v1_seed0/living_room_contemp_v62,living_room_contemp,0.8939713353136713,0.18308157099697886,0.30949948927477017,0.7244565217391304,0.1854723525811059,0.934224049331963,minigym
ds_v2_seed1/living_room_contemp_v56,living_room_contemp,0.8734423480193791,0.5710753609810774,0.7269865916864259,0.7790251358695652,0.644624716257954,0.833477675134719,minigym
ds_v2_seed1/living_room_contemp_v61,living_room_contemp,0.8486226165890903,0.5459999329691323,0.7063388831078737,0.7699388586956522,0.6594211698036835,0.7604443822060403,minigym
ds_v2_seed1/living_room_contemp_v41,living_room_contemp,0.8888526176060464,0.4708217078634024,0.6402158811584909,0.7712975543478261,0.5057621680948964,0.8720430890166678,minigym
ds_v1_seed0/living_room_contemp_v47,living_room_contemp,0.8654982744409515,0.13446875928309734,0.2370603124727241,0.7030910326086957,0.13654416570308178,0.8984452530598743,minigym
ds_v2_seed1/living_room_contemp_v33,living_room_contemp,0.890343516563639,0.38632499896338685,0.5573368427349406,0.748641304347826,0.4053689523146537,0.891578947368421,minigym
ds_v2_seed1/living_room_contemp_v42,living_room_contemp,0.8855469581783048,0.4321381794368042,0.603486710488711,0.7643682065217391,0.46042475251842485,0.8755286508002322,minigym
ds_v2_seed1/living_room_contemp_v35,living_room_contemp,0.8633901365910863,0.2842971718024483,0.4427280197206245,0.7120414402173914,0.2954984204984205,0.8823529411764706,minigym
ds_v1_seed0/living_room_contemp_v21,living_room_contemp,0.8880550948870636,0.266875321156631,0.4213126843657818,0.7334578804347827,0.27458425454195906,0.9048146974976243,minigym
ds_v1_seed0/living_room_contemp_v17,living_room_contemp,0.8448648524071083,0.5494625732123318,0.7092298745534602,0.7622282608695652,0.6610911062066829,0.7649298866538238,minigym
ds_v1_seed0/living_room_contemp_v36,living_room_contemp,0.8304962224250668,0.5315382616603872,0.6941233855746187,0.7550441576086957,0.6684502900089861,0.7218472938996956,minigym
ds_v1_seed0/living_room_contemp_v15,living_room_contemp,0.87909827202425,0.3474808779514466,0.5157488816905753,0.7334069293478261,0.36278807343431274,0.8917217836569235,minigym
ds_v1_seed0/living_room_contemp_v28,living_room_contemp,0.897533282295955,0.35354290251763276,0.5223963006418663,0.7649456521739131,0.36764134447250824,0.9021454112038141,minigym
ds_v1_seed0/living_room_contemp_v65,living_room_contemp,0.8881423441047825,0.3358591801195463,0.5028362047704611,0.7603430706521739,0.35066339066339064,0.888335615585709,minigym
ds_v2_seed1/living_room_contemp_v17,living_room_contemp,0.8771482893507236,0.559141596199845,0.7172428694900604,0.7777513586956522,0.6251695042941088,0.8411210216906547,minigym
ds_v2_seed1/living_room_contemp_v22,living_room_contemp,0.8781233265763317,0.46487411209044593,0.6346949655995328,0.7556216032608696,0.49820645675567954,0.8741870060843415,minigym
ds_v1_seed0/living_room_contemp_v08,living_room_contemp,0.8306595709727584,0.2715633423180593,0.4271330153683095,0.70625,0.286285130755228,0.8407875863867519,minigym
ds_v1_seed0/living_room_contemp_v35,living_room_contemp,0.8944340137766794,0.4314687058432383,0.6028335849494832,0.7676630434782609,0.45373891001267425,0.8978638761567067,minigym
ds_v1_seed0/living_room_contemp_v30,living_room_contemp,0.8391862341793097,0.14277998723425148,0.24988184747583247,0.7034816576086956,0.1460059245870362,0.8659916617033949,minigym
ds_v1_seed0/living_room_contemp_v19,living_room_contemp,0.8644090067440997,0.4920560197716841,0.6595677551664301,0.7800951086956521,0.5679420421100294,0.7864442911781303,minigym
ds_v2_seed1/living_room_contemp_v60,living_room_contemp,0.875967940311497,0.5631652012956965,0.7205447010065127,0.7755434782608696,0.6334535450050192,0.8354008335376317,minigym
ds_v2_seed1/living_room_contemp_v26,living_room_contemp,0.8731329846465744,0.5794131950072945,0.7337069195558019,0.7796705163043478,0.6636957813428401,0.8202303914819404,minigym
ds_v1_seed0/living_room_contemp_v50,living_room_contemp,0.8867181468752898,0.3644374860210244,0.5341944790505541,0.758695652173913,0.3841837215882297,0.8763984509466437,minigym
ds_v1_seed0/living_room_contemp_v10,living_room_contemp,0.8409619885085203,0.5585967371909253,0.7167944393335379,0.7647248641304348,0.6882459170854272,0.747813846350723,minigym
ds_v1_seed0/living_room_contemp_v54,living_room_contemp,0.8558211118959873,0.5562147162950913,0.7148303000491882,0.7636888586956522,0.6380900109769484,0.812552418227565,minigym
ds_v1_seed0/living_room_contemp_v12,living_room_contemp,0.885673207184169,0.3988254769036733,0.570229072159139,0.7409476902173913,0.41760554661384175,0.8986678507992896,minigym
ds_v1_seed0/living_room_contemp_v16,living_room_contemp,0.8222343557647728,0.2013604816840557,0.3352207513964343,0.7048913043478261,0.21080742950630355,0.8179611650485437,minigym
ds_v2_seed1/living_room_contemp_v13,living_room_contemp,0.8754544587527967,0.32086496630555317,0.4858406793890665,0.7295686141304348,0.3360432393799973,0.8766021906315544,minigym
ds_v1_seed0/living_room_contemp_v03,living_room_contemp,0.8687634897064923,0.41058956650669165,0.5821531312237219,0.7434442934782609,0.43931866572036904,0.8626116894827445,minigym
ds_v2_seed1/living_room_contemp_v55,living_room_contemp,0.8704215265898834,0.2007496251874063,0.3343738294418778,0.7283797554347826,0.20686991451230816,0.8715556519852462,minigym
ds_v1_seed0/living_room_contemp_v06,living_room_contemp,0.8258713362100685,0.2177537776514613,0.3576318655671386,0.71953125,0.23011463182660058,0.8021287733379864,minigym
ds_v1_seed0/living_room_contemp_v39,living_room_contemp,0.8842735340568347,0.40323952217047987,0.5747265748997201,0.7497112771739131,0.4246481876332623,0.8888690529322503,minigym
ds_v1_seed0/livingroom_v53,livingroom,0.8314527553346551,0.38976641776756654,0.5609092474599621,0.7834748641304348,0.4866431602223152,0.6619248902617461,minigym
ds_v2_seed1/livingroom_v60,livingroom,0.878540260901281,0.44451551007355294,0.6154527341155634,0.8229959239130434,0.539282250242483,0.7166795565867492,minigym
ds_v1_seed0/livingroom_v16,livingroom,0.8454482998219627,0.40913405758886195,0.5806886227544911,0.8097146739130435,0.5650400582665696,0.5972286374133949,minigym
ds_v2_seed1/livingroom_v61,livingroom,0.8262678413963005,0.3612040133779264,0.5307125307125307,0.7923913043478261,0.45297857002424796,0.6406525164519418,minigym
ds_v1_seed0/livingroom_v12,livingroom,0.8915214607182338,0.4736787457169557,0.6428521101951666,0.8278192934782609,0.5647787062828845,0.7459733464148475,minigym
ds_v1_seed0/livingroom_v59,livingroom,0.8019701652439071,0.38224414303329224,0.5530776092774309,0.7702615489130434,0.5183625441258438,0.5927762039660056,minigym
ds_v2_seed1/livingroom_v25,livingroom,0.8243765311251167,0.3592833700973799,0.5286364535919256,0.7977411684782608,0.4639755436670604,0.6142384105960265,minigym
ds_v2_seed1/livingroom_v52,livingroom,0.8280620606949218,0.3895773130234608,0.5607134045327976,0.7883322010869566,0.5037046418846178,0.6322734499205087,minigym
ds_v1_seed0/livingroom_v15,livingroom,0.8724324117960437,0.41696741461373504,0.5885349378022221,0.8106827445652174,0.4961722785834319,0.7231494920174165,minigym
ds_v1_seed0/livingroom_v43,livingroom,0.8066774488335272,0.33593522738291476,0.5029214298675376,0.7673743206521739,0.414166168559474,0.6400923787528868,minigym
ds_v1_seed0/livingroom_v27,livingroom,0.8503698781125486,0.3717495648504668,0.5420079209443612,0.7977072010869565,0.44568104211458204,0.6914549200431669,minigym
ds_v2_seed1/livingroom_v40,livingroom,0.8065538530060605,0.34380786406709507,0.5116919959473151,0.7953634510869565,0.47840254622612916,0.5499607979789181,minigym
ds_v2_seed1/livingroom_v59,livingroom,0.8031635595509702,0.34943292921392255,0.5178959571076657,0.7739809782608695,0.4524336983353377,0.6055061414654808,minigym
ds_v1_seed0/livingroom_v20,livingroom,0.8752944134315697,0.4356430500727197,0.6068960526791852,0.8154721467391305,0.518195860364535,0.7322332809498865,minigym
ds_v1_seed0/livingroom_v62,livingroom,0.8666576129997378,0.4205248116393869,0.5920696466456946,0.8105978260869565,0.509121791645697,0.7073064149624192,minigym
ds_v1_seed0/livingroom_v39,livingroom,0.8729061951710344,0.37393079852105293,0.5443226091496967,0.8073199728260869,0.4296766011414077,0.7424126218910924,minigym
ds_v2_seed1/livingroom_v11,livingroom,0.8695541618123236,0.4511933828292391,0.6218239252849883,0.8129415760869565,0.5563748079877112,0.7047241030430383,minigym
ds_v1_seed0/livingroom_v41,livingroom,0.8743213504532996,0.47300138454438234,0.6422280243690165,0.8254585597826087,0.6089654717105697,0.6793342171159228,minigym
ds_v2_seed1/livingroom_v43,livingroom,0.8143090888723785,0.3916733086408177,0.5628811103998922,0.7796365489130435,0.5970554602630075,0.5324071123574023,minigym
ds_v2_seed1/livingroom_v02,livingroom,0.8232516310264532,0.3381445633101262,0.5053931728776277,0.8014096467391304,0.44222370271670736,0.5896170548756415,minigym
ds_v1_seed0/livingroom_v14,livingroom,0.8759474380312775,0.42034776973755267,0.5918941525359289,0.8176970108695653,0.4993905177391416,0.7264582361175922,minigym
ds_v1_seed0/livingroom_v61,livingroom,0.8310639692929515,0.23790980566681502,0.3843734084304503,0.6510020380434782,0.24631393027184764,0.874573960463531,minigym
ds_v2_seed1/livingroom_v46,livingroom,0.8885759011112236,0.4531224072127883,0.6236534581858323,0.8320822010869565,0.5428401033728713,0.732737030411449,minigym
ds_v1_seed0/livingroom_v22,livingroom,0.8519293720263879,0.3427694229068013,0.5105410013951326,0.7854959239130435,0.3929956446512738,0.7284087139223709,minigym
ds_v2_seed1/livingroom_v38,livingroom,0.8586170884934728,0.3807572109226907,0.5515194241401061,0.7947180706521739,0.4457238814921435,0.7231682397586845,minigym
ds_v2_seed1/livingroom_v09,livingroom,0.8128067441636536,0.3874953720844132,0.5585537507087822,0.7752207880434783,0.5127372933251684,0.6133616584865578,minigym
ds_v2_seed1/livingroom_v07,livingroom,0.8432943885163382,0.3328457142857143,0.4994512278776238,0.7521399456521739,0.36925651688812255,0.7714558169103624,minigym
ds_v1_seed0/livingroom_v05,livingroom,0.8489313959589971,0.42670378287020927,0.5981673112435106,0.8041270380434783,0.5632176366380158,0.637741456166419,minigym
ds_v2_seed1/livingroom_v28,livingroom,0.8458410567287712,0.418417613350759,0.5899780282089446,0.8034986413043478,0.5459076600209863,0.6417887432536623,minigym
ds_v2_seed1/livingroom_v26,livingroom,0.6623094879758248,0.034284294646184425,0.06629568837823772,0.6038892663043478,0.0350996184824078,0.5961123110151187,minigym
ds_v1_seed0/livingroom_v63,livingroom,0.8283276640919665,0.3879262719099995,0.5590012665098607,0.7930197010869565,0.53423710056716,0.5861728769826212,minigym
ds_v1_seed0/livingroom_v10,livingroom,0.7967193722524019,0.36493388705904817,0.5347275652234734,0.7740489130434782,0.5308290515206221,0.5386837655016911,minigym
ds_v2_seed1/livingroom_v12,livingroom,0.8373977334634725,0.3333484081041968,0.5000169589254825,0.7496433423913044,0.3734610123119015,0.7563102811409809,minigym
ds_v1_seed0/livingroom_v33,livingroom,0.8509562608521175,0.3436567771329392,0.5115246437653898,0.7944802989130435,0.39992425676955123,0.709518477043673,minigym
ds_v1_seed0/livingroom_v57,livingroom,0.8435288054318514,0.3190246751350562,0.4837281381447863,0.7623641304347826,0.355092091007584,0.7585049757000695,minigym
ds_v2_seed1/livingroom_v10,livingroom,0.8371487377000779,0.3912121995347635,0.5624047857912533,0.7999830163043479,0.5028237326423494,0.6380037093238914,minigym
ds_v1_seed0/livingroom_v45,livingroom,0.8361742428062443,0.3855823900683324,0.5565636411549899,0.7999490489130435,0.48895356528641354,0.6458715596330276,minigym
ds_v2_seed1/livingroom_v13,livingroom,0.8803662689392847,0.4519519519519519,0.6225439503619442,0.832625679347826,0.5549334243769205,0.7089148639218423,minigym
ds_v2_seed1/livingroom_v30,livingroom,0.8380117237352175,0.39263998308042086,0.5638786590227419,0.8049082880434782,0.5113972866882446,0.6283635132848198,minigym
ds_v1_seed0/minigym_v42,minigym,0.9749474016162817,0.8295857580661823,0.9068563792746503,0.9159476902173913,0.9001980346000075,0.9136139552521805,minigym
ds_v2_seed1/minigym_v32,minigym,0.970746200275518,0.7655197897848579,0.8671891351363921,0.9030061141304347,0.817404647084612,0.9234312317369124,minigym
ds_v1_seed0/minigym_v55,minigym,0.966842299153661,0.6981621526556454,0.8222561686041996,0.883406929347826,0.7261627109342845,0.9476605395082358,minigym
ds_v1_seed0/minigym_v09,minigym,0.9677604235521762,0.7585407327253053,0.8626933895921238,0.8938858695652174,0.801600914808462,0.9338662099153107,minigym
ds_v1_seed0/minigym_v33,minigym,0.970325177660214,0.7635773560101882,0.8659414381886371,0.9022588315217391,0.8156843814455611,0.9227981332538974,minigym
ds_v2_seed1/minigym_v21,minigym,0.9724981987766469,0.8093440302029259,0.8946270213875847,0.9108016304347826,0.8845818124107284,0.904902995373001,minigym
ds_v1_seed0/minigym_v27,minigym,0.974651558320018,0.8425040719495787,0.9145207164270889,0.9244565217391304,0.8797278810958702,0.9521789587418464,minigym
ds_v1_seed0/minigym_v35,minigym,0.9717067882735385,0.7731828036159856,0.8720847078363976,0.9058254076086957,0.8266060261512223,0.9228590957914267,minigym
ds_v2_seed1/minigym_v49,minigym,0.9700876475485424,0.8197481340216355,0.9009468054350969,0.9068953804347826,0.9164124241867304,0.8859945271686982,minigym
ds_v2_seed1/minigym_v30,minigym,0.9751849067560419,0.7044121753700083,0.8265749160317849,0.8921365489130435,0.7267009170787919,0.9582752944156009,minigym
ds_v1_seed0/minigym_v31,minigym,0.9705712863826392,0.8155309816519429,0.8983939022730366,0.8985733695652174,0.9400078328052124,0.8603082537717097,minigym
ds_v2_seed1/minigym_v15,minigym,0.9805067874164476,0.8432645321274889,0.9149685435049262,0.9270040760869566,0.910644665852794,0.9193336778913053,minigym
ds_v1_seed0/minigym_v29,minigym,0.9695455011216249,0.7360959651035986,0.8479899497487436,0.8931385869565217,0.7708525497430492,0.9422818791946309,minigym
ds_v2_seed1/minigym_v33,minigym,0.9962652559378432,0.20877817319098457,0.3454367026496565,0.9546875,0.20952380952380953,0.9832402234636871,minigym
ds_v1_seed0/minigym_v40,minigym,0.9641538428646031,0.6234396293267921,0.7680478141159088,0.8826766304347826,0.6555281710322691,0.9271990271584921,minigym
ds_v1_seed0/minigym_v00,minigym,0.9747008431811379,0.8026937341401522,0.890549203049203,0.914164402173913,0.8633996808599983,0.9194615866201592,minigym
ds_v1_seed0/minigym_v11,minigym,0.9949395499443741,0.6129390018484289,0.7600275040110016,0.9644361413043478,0.6152133580705009,0.9940047961630696,minigym
ds_v2_seed1/minigym_v37,minigym,0.968494518924794,0.8031971478680889,0.8908589377680692,0.8837466032608695,0.9535447315424788,0.8359066427289048,minigym
ds_v1_seed0/minigym_v28,minigym,0.9680103802682463,0.6934326460168952,0.8189669044681649,0.885360054347826,0.7211411297940676,0.9474990691324314,minigym
ds_v2_seed1/minigym_v52,minigym,0.9688189799109602,0.770623514767455,0.870454400204512,0.8967221467391304,0.8179525163150098,0.9301584410854125,minigym
ds_v1_seed0/minigym_v50,minigym,0.9643442749316918,0.6850635129215944,0.813101117754094,0.8900985054347826,0.7327433628318584,0.9132550444430027,minigym
ds_v1_seed0/minigym_v07,minigym,0.9762258532144412,0.7868251736333035,0.88069631572672,0.9150305706521739,0.8387155379933687,0.9271011145697359,minigym
ds_v2_seed1/minigym_v01,minigym,0.9717002541144061,0.8117359413202934,0.8960863697705803,0.9084578804347826,0.8728638497652582,0.9205783323430382,minigym
ds_v2_seed1/minigym_v07,minigym,0.9668659444075826,0.6944987833388998,0.8197099816978741,0.8912533967391304,0.7341874306466256,0.927783797565173,minigym
ds_v2_seed1/minigym_v26,minigym,0.9713130710753914,0.8155903203613413,0.8984299059261578,0.8952955163043478,0.9536901014340678,0.8492229108917059,minigym
ds_v2_seed1/minigym_v50,minigym,0.9760926581228034,0.8270570845357922,0.905343452633201,0.9165421195652174,0.8944543828264758,0.9165009165009165,minigym
ds_v1_seed0/minigym_v34,minigym,0.964945636536922,0.6435928506513178,0.7831536263938808,0.8801120923913044,0.6717786561264822,0.9387980556783031,minigym
ds_v2_seed1/minigym_v35,minigym,0.9731924839922744,0.7595093001951647,0.863319449474828,0.8974524456521739,0.7933186337729334,0.946869258652366,minigym
ds_v1_seed0/minigym_v20,minigym,0.9727840261897109,0.7944635357006491,0.8854607740919632,0.9085767663043478,0.8483650004077306,0.9259490009345378,minigym
ds_v2_seed1/minigym_v53,minigym,0.974272338025845,0.7912634780204589,0.8834696712455626,0.9102411684782609,0.8416939752961936,0.9296088348568512,minigym
ds_v1_seed0/minigym_v05,minigym,0.9720870531103335,0.7697859840537138,0.8699198558353488,0.9068274456521739,0.8213486164592102,0.9245967741935484,minigym
ds_v2_seed1/minigym_v45,minigym,0.9984994312862022,0.8288196218702095,0.9063984353171276,0.9829313858695652,0.8446450269050512,0.9778938906752411,minigym
ds_v1_seed0/minigym_v17,minigym,0.97041932449117,0.8181040220595227,0.8999529313320432,0.9025305706521739,0.9297601037389237,0.8719975676497416,minigym
ds_v1_seed0/minimal_interior_v42,minimal_interior,0.8302550246270632,0.24778851042196237,0.39716427640156454,0.7487092391304347,0.2696989818503763,0.7530902348578492,minigym
ds_v1_seed0/minimal_interior_v65,minimal_interior,0.6977082347735358,0.02053467648198373,0.040242976461655276,0.6994565217391304,0.020866141732283464,0.5638297872340425,minigym
ds_v1_seed0/minimal_interior_v13,minimal_interior,0.7310934045873938,0.19164575116529223,0.32164886414924027,0.6936820652173913,0.21810762560571284,0.6123442646427038,minigym
ds_v2_seed1/minimal_interior_v10,minimal_interior,0.7662327978833445,0.21115537848605578,0.3486842105263158,0.7377038043478261,0.2436637981846045,0.6128075896827749,minigym
ds_v2_seed1/minimal_interior_v04,minimal_interior,0.8643513434937948,0.22927112471631392,0.3730196213129535,0.7519870923913043,0.24010612425381384,0.8355452971725332,minigym
ds_v2_seed1/minimal_interior_v53,minimal_interior,0.7057061159700132,0.18286809744237154,0.3091944027195826,0.7031929347826087,0.21660389898094817,0.54004418668876,minigym
ds_v2_seed1/minimal_interior_v27,minimal_interior,0.743302225203369,0.19684815113684911,0.3289442373284683,0.7126358695652174,0.22439261944699962,0.6159215802762513,minigym
ds_v1_seed0/minimal_interior_v46,minimal_interior,0.8626162579448985,0.10635765737550892,0.19226631942478628,0.7576936141304348,0.10898587933247754,0.815170427268363,minigym
ds_v2_seed1/minimal_interior_v08,minimal_interior,0.7109458459945606,0.1602998928953945,0.27630769230769225,0.6804347826086956,0.1811762332290931,0.5817946226109492,minigym
ds_v2_seed1/minimal_interior_v25,minimal_interior,0.7058206524111899,0.10239395640855495,0.18576654164930312,0.7013417119565217,0.11088386490520148,0.5721620079863092,minigym
ds_v2_seed1/minimal_interior_v33,minimal_interior,0.8112623428043819,0.219805464587712,0.36039429395736494,0.72890625,0.23861827443489333,0.7360065466448446,minigym
ds_v2_seed1/minimal_interior_v30,minimal_interior,0.8968653148634719,0.1557424315233061,0.2695106232589081,0.7016134510869565,0.15745239020598523,0.9348139601961349,minigym
ds_v1_seed0/minimal_interior_v24,minimal_interior,0.7141676901318178,0.16299795027181177,0.28030651340996166,0.6809782608695653,0.182053451450754,0.6089562177459631,minigym
ds_v2_seed1/minimal_interior_v29,minimal_interior,0.7160011485752721,0.16296525232902115,0.2802581624905087,0.6780230978260869,0.18228960885025683,0.6058765594221931,minigym
ds_v1_seed0/minimal_interior_v43,minimal_interior,0.8556114213050182,0.21520402459474566,0.35418583256669733,0.7377038043478261,0.22528992446004895,0.8277951524628616,minigym
ds_v2_seed1/minimal_interior_v22,minimal_interior,0.8640381596807566,0.15302115688917542,0.26542645115380703,0.7545516304347826,0.15822324566719184,0.823139974779319,minigym
ds_v1_seed0/minimal_interior_v11,minimal_interior,0.7559889454689523,0.20067632850241546,0.334272149352217,0.7189877717391304,0.226265047115856,0.6395688991531948,minigym
ds_v1_seed0/minimal_interior_v09,minimal_interior,0.8038158127779597,0.22692552514322087,0.3699092088197147,0.7524796195652174,0.2555097652750403,0.669798027242837,minigym
ds_v1_seed0/minimal_interior_v40,minimal_interior,0.8940213831426903,0.1546101393418322,0.2678135832584414,0.7094259510869565,0.15641089727568108,0.9306960142772159,minigym
ds_v1_seed0/minimal_interior_v26,minimal_interior,0.8260782331227523,0.14259237115867512,0.249594474386479,0.7564368206521739,0.15012274186441746,0.7397642679900744,minigym
ds_v1_seed0/minimal_interior_v63,minimal_interior,0.9014056682055395,0.1914671070740435,0.3213972185002079,0.7505604619565217,0.19471503750979732,0.9198624702459667,minigym
ds_v2_seed1/minimal_interior_v60,minimal_interior,0.7125092908129016,0.1723727026903158,0.29405785770132914,0.6933084239130435,0.19675647397331938,0.5817478731631864,minigym
ds_v1_seed0/minimal_interior_v37,minimal_interior,0.7924310863219278,0.2369789112309956,0.38315756085956704,0.7357676630434783,0.265742726722763,0.6864611450490127,minigym
ds_v2_seed1/minimal_interior_v51,minimal_interior,0.7649691755483762,0.15483799255265937,0.26815534915058475,0.7417289402173913,0.17409235768293446,0.5833333333333334,minigym
ds_v1_seed0/minimal_interior_v29,minimal_interior,0.8933231793455545,0.18309505894156006,0.3095187619249523,0.7234205163043478,0.18583575174380124,0.9254563894523327,minigym
ds_v2_seed1/minimal_interior_v37,minimal_interior,0.745841728408072,0.1813323505021653,0.3069963341393027,0.6981997282608695,0.20187721187875057,0.6405207485760781,minigym
ds_v2_seed1/minimal_interior_v16,minimal_interior,0.7162858563367701,0.11535564403314323,0.20684997588036663,0.7207540760869565,0.12727812407242506,0.5518661518661518,minigym
ds_v1_seed0/minimal_interior_v23,minimal_interior,0.7022466052182955,0.12889197316678233,0.2283512970779886,0.6802139945652174,0.14187503182767225,0.5848026868178001,minigym
ds_v1_seed0/minimal_interior_v04,minimal_interior,0.7544465517992351,0.15967657798643714,0.27538122441635554,0.7264096467391304,0.1791630084869769,0.5948309366498251,minigym
ds_v2_seed1/minimal_interior_v35,minimal_interior,0.7478379652869898,0.1969168562041951,0.3290401587770787,0.7301460597826087,0.2300425129900803,0.5776130467012602,minigym
ds_v2_seed1/minimal_interior_v02,minimal_interior,0.8687454410268807,0.025142092945503177,0.04905094253473355,0.7523947010869565,0.025270515491632502,0.831858407079646,minigym
ds_v1_seed0/minimal_interior_v31,minimal_interior,0.7617902263424959,0.16310931641188348,0.28047117172969627,0.7043308423913044,0.17766258246936853,0.6656856974690994,minigym
ds_v2_seed1/minimal_interior_v61,minimal_interior,0.7311410293906394,0.045299647473560516,0.08667303692878423,0.7240319293478261,0.04675560946027896,0.5926210607225212,minigym
ds_v2_seed1/minimal_interior_v23,minimal_interior,0.7402593024328908,0.17305731184988782,0.29505346431365725,0.7245584239130435,0.1990966152402182,0.5695586507803323,minigym
ds_v1_seed0/minimal_interior_v25,minimal_interior,0.9124051237729961,0.14224898764406604,0.24906826652122535,0.7193953804347826,0.1434179534153363,0.9458060062133241,minigym
ds_v1_seed0/minimal_interior_v18,minimal_interior,0.7551886505427993,0.20488257107540173,0.34008720184662733,0.7378057065217392,0.23873252115465401,0.5909968801069677,minigym
ds_v2_seed1/minimal_interior_v40,minimal_interior,0.6873295534882308,0.14254555368746308,0.24952274896595608,0.6795176630434783,0.16258097952837522,0.5363309967515815,minigym
ds_v1_seed0/minimal_interior_v44,minimal_interior,0.6897281645375031,0.10797001098323862,0.19489699163865185,0.6827445652173914,0.11889362149655572,0.54026284348865,minigym
ds_v2_seed1/minimal_interior_v26,minimal_interior,0.8862716854834398,0.16661718131433095,0.28564156945917285,0.7139775815217392,0.16928955704158077,0.9134563212154097,minigym
ds_v2_seed1/scandinavian_v01,scandinavian,0.807030765288203,0.34561410603793424,0.5136897784990833,0.7251868206521739,0.39371602321938637,0.7388259704331287,minigym
ds_v2_seed1/scandinavian_v02,scandinavian,0.8704091125085869,0.3490868392938902,0.5175157434292393,0.7826936141304348,0.3810528653931586,0.8062507343437904,minigym
ds_v1_seed0/scandinavian_v17,scandinavian,0.8106553053422144,0.3453653027538876,0.5134149097601136,0.744038722826087,0.39715284715284715,0.7259198393134301,minigym
ds_v1_seed0/scandinavian_v15,scandinavian,0.8266445194763793,0.34948042198427437,0.5179481173508227,0.7203804347826087,0.389836484640134,0.7714784125599651,minigym
ds_v1_seed0/scandinavian_v10,scandinavian,0.833337992981092,0.3630155695165255,0.5326653306613227,0.7623641304347826,0.4139971964072478,0.7466991291319411,minigym
ds_v1_seed0/scandinavian_v18,scandinavian,0.7045552080019796,0.2842989243253444,0.4427301447358754,0.6135360054347826,0.3334686047369586,0.6584832811247906,minigym
ds_v2_seed1/scandinavian_v50,scandinavian,0.8318424623097587,0.3306205035971223,0.4969418443550839,0.747163722826087,0.36807328427691843,0.7646630615640599,minigym
ds_v2_seed1/scandinavian_v31,scandinavian,0.8302518313809729,0.2378576314836425,0.3843053117482608,0.678328804347826,0.25266082496259884,0.8023618840776435,minigym
ds_v2_seed1/scandinavian_v25,scandinavian,0.8374920625935337,0.31717171717171716,0.4815950920245398,0.7531589673913044,0.3505738173131848,0.76899419068231,minigym
ds_v2_seed1/scandinavian_v16,scandinavian,0.7705193323777076,0.2910395211689112,0.45086074654849156,0.7264096467391304,0.33746682996529903,0.6790224869083068,minigym
ds_v1_seed0/scandinavian_v06,scandinavian,0.6606341684393435,0.24167169262425942,0.3892682648075659,0.6369735054347826,0.2930900955167369,0.5793995066768733,minigym
ds_v1_seed0/scandinavian_v50,scandinavian,0.8300046629525769,0.304754015371163,0.46714401608408873,0.7434273097826087,0.3349011278005361,0.7719748193051994,minigym
ds_v1_seed0/scandinavian_v13,scandinavian,0.7660996432560627,0.3256992881282807,0.4913622433759119,0.6814707880434783,0.3745865034733708,0.713925447237765,minigym
ds_v2_seed1/scandinavian_v10,scandinavian,0.6795698178350149,0.24298546804009294,0.3909707302101063,0.629296875,0.2885502471169687,0.606107794791937,minigym
ds_v2_seed1/scandinavian_v30,scandinavian,0.7564955724127471,0.27164766024380654,0.4272373059558414,0.6854279891304348,0.3091934473189509,0.6910764305722289,minigym
ds_v2_seed1/scandinavian_v61,scandinavian,0.78240748803682,0.28850345078096623,0.44781168510818237,0.7338654891304348,0.331438109644776,0.6901270772238515,minigym
ds_v1_seed0/scandinavian_v34,scandinavian,0.7803680601678145,0.2467028076705235,0.3957684319833853,0.6837635869565217,0.2712874810926239,0.7313504437514992,minigym
ds_v1_seed0/scandinavian_v04,scandinavian,0.7302929990416988,0.33678377650363645,0.50387172918046,0.7072860054347826,0.4261161692390087,0.6163380281690141,minigym
ds_v1_seed0/scandinavian_v27,scandinavian,0.8117898796755617,0.2863921295490162,0.4452641196575412,0.721586277173913,0.31686172518422195,0.7486345015930814,minigym
ds_v2_seed1/scandinavian_v41,scandinavian,0.8513730184818312,0.38756695056633594,0.5586281085869772,0.763077445652174,0.4312652662432829,0.7927442528735632,minigym
ds_v1_seed0/scandinavian_v43,scandinavian,0.8128511501656296,0.3346299136028724,0.501457235735904,0.697860054347826,0.37388215628917676,0.7611876807895185,minigym
ds_v2_seed1/scandinavian_v24,scandinavian,0.6919002563104435,0.27112639000947136,0.42659233911027705,0.6471127717391304,0.3312617863877936,0.5989615623062616,minigym
ds_v2_seed1/scandinavian_v32,scandinavian,0.8071045123561214,0.3573957137389973,0.5265903083700441,0.7718580163043478,0.4282111537800195,0.6836566617862372,minigym
ds_v1_seed0/scandinavian_v55,scandinavian,0.8688525336294733,0.3509589444253691,0.5195701111030425,0.7752717391304348,0.3814575891667111,0.8144564598747865,minigym
ds_v1_seed0/scandinavian_v64,scandinavian,0.8238101635264753,0.3693003828750435,0.5394001016776817,0.7845788043478261,0.43417514322459955,0.711944018404908,minigym
ds_v1_seed0/scandinavian_v32,scandinavian,0.8235507440369622,0.2768792032008172,0.4336811227040901,0.7114639945652174,0.30048965262379895,0.7789486289067178,minigym
ds_v2_seed1/scandinavian_v54,scandinavian,0.7945107014599855,0.29433009877725075,0.4547991259035131,0.7245754076086957,0.3328903981495152,0.7175896456609379,minigym
ds_v2_seed1/scandinavian_v37,scandinavian,0.7790739199906185,0.33193670140932857,0.4984271415572598,0.6723335597826087,0.3745848149740143,0.7446015224483455,minigym
ds_v2_seed1/scandinavian_v28,scandinavian,0.8185189076013584,0.3377871443624868,0.5049938561391348,0.7331691576086956,0.3796844648694746,0.7537622272385253,minigym
ds_v2_seed1/scandinavian_v39,scandinavian,0.774958779221349,0.2996592110932665,0.46113505530606713,0.6963485054347827,0.33819628647214856,0.7245004261767213,minigym
ds_v1_seed0/scandinavian_v60,scandinavian,0.8135173124036419,0.3350989927058006,0.5019837398373983,0.7399116847826087,0.3794866751893008,0.741260084517864,minigym
ds_v1_seed0/scandinavian_v42,scandinavian,0.844717416210678,0.379139409207265,0.5498202816569442,0.7404891304347826,0.4223700887198986,0.7874261603375527,minigym
ds_v2_seed1/scandinavian_v12,scandinavian,0.7076272268921489,0.23972700636032301,0.3867416054186482,0.6386379076086957,0.2729788013183057,0.6630757066613955,minigym
ds_v1_seed0/scandinavian_v40,scandinavian,0.8076709630376806,0.26810428065658193,0.4228426395939086,0.6910326086956522,0.29196056955093097,0.7664174813110983,minigym
ds_v1_seed0/scandinavian_v07,scandinavian,0.6872527192436538,0.2364926507856057,0.38252172487292996,0.6162364130434783,0.27478308664755996,0.629236716713117,minigym
ds_v2_seed1/scandinavian_v65,scandinavian,0.8088242725996441,0.31439610133028933,0.4783886699178302,0.7347826086956522,0.35471567267683773,0.7344615384615385,minigym
ds_v2_seed1/scandinavian_v42,scandinavian,0.8150164093704673,0.3399717228842658,0.5074311898947875,0.7225033967391304,0.383329537690731,0.7503566333808844,minigym
ds_v1_seed0/scandinavian_v37,scandinavian,0.7955069696751748,0.3329153605015674,0.49952963311382886,0.7108695652173913,0.38003220611916266,0.7286449399656947,minigym
ds_v1_seed0/scandinavian_v45,scandinavian,0.8041753620564168,0.31799956887260183,0.4825488207778614,0.7313349184782608,0.35966452116247316,0.7329822120639968,minigym
ds_v2_seed1/scandinavian_v46,scandinavian,0.8227064935784445,0.34457421957952855,0.5125402741803019,0.7379076086956522,0.3858923135464231,0.7629302238104194,minigym
ds_v1_seed0/sunlight_v02,sunlight,0.8812993927856683,0.5054704595185996,0.6715116279069767,0.7812160326086957,0.5464165663775574,0.8708909319399432,minigym
ds_v1_seed0/sunlight_v20,sunlight,0.8650337984214308,0.44164209219307776,0.6126931151423805,0.7556046195652174,0.4707585408222351,0.877157829839704,minigym
ds_v2_seed1/sunlight_v49,sunlight,0.8653549423688908,0.45752682014278623,0.6278125572988972,0.7586786684782608,0.49637576109017106,0.8539261792788941,minigym
ds_v2_seed1/sunlight_v55,sunlight,0.8848337169126477,0.2611988547150642,0.4142072500915416,0.7282948369565218,0.2688085167054798,0.9022172595310257,minigym
ds_v1_seed0/sunlight_v59,sunlight,0.8897401405487527,0.21411912450663798,0.3527151828592538,0.7024116847826087,0.21756368773640797,0.9311488199726936,minigym
ds_v2_seed1/sunlight_v31,sunlight,0.893297300365488,0.19817383981206507,0.3307931340633324,0.692764945652174,0.2007182940516274,0.9398780744166492,minigym
ds_v2_seed1/sunlight_v22,sunlight,0.8770556052666022,0.48180343069077425,0.6502933124755573,0.7721976902173913,0.5171470039394568,0.8757724719101123,minigym
ds_v1_seed0/sunlight_v04,sunlight,0.862128407135243,0.344361802171497,0.5123052464228934,0.7395040760869566,0.363899177884181,0.8651202749140894,minigym
ds_v1_seed0/sunlight_v32,sunlight,0.8960851670755704,0.33440393759906567,0.501203463474102,0.7289911684782608,0.34276796784813374,0.9319925598697977,minigym
ds_v2_seed1/sunlight_v26,sunlight,0.8721968116350745,0.45894405043341213,0.6291455115048071,0.7667798913043479,0.5003866311538792,0.8471272727272727,minigym
ds_v1_seed0/sunlight_v21,sunlight,0.896328370761585,0.2553441595193522,0.4068114032045501,0.7095108695652174,0.2596396476160963,0.9391513210568455,minigym
ds_v2_seed1/sunlight_v42,sunlight,0.8851314482810683,0.39381107491856676,0.5650853003038093,0.7471467391304348,0.4081873813040726,0.9179083230521021,minigym
ds_v1_seed0/sunlight_v28,sunlight,0.8792736445299463,0.316814445928985,0.4811831263067273,0.7134171195652174,0.3253367703309496,0.9236307837582625,minigym
ds_v2_seed1/sunlight_v16,sunlight,0.8776765817295525,0.48807939465378913,0.6559856905583238,0.7713485054347826,0.5266051282051282,0.8696476964769647,minigym
ds_v2_seed1/sunlight_v33,sunlight,0.8763651724847847,0.3801646223369916,0.5508975033619833,0.7390964673913043,0.3963653190862816,0.902922855773838,minigym
ds_v1_seed0/sunlight_v42,sunlight,0.8917890216141378,0.42933596805401175,0.6007488479262673,0.7645720108695652,0.44964214883159437,0.9048238764532361,minigym
ds_v2_seed1/sunlight_v65,sunlight,0.8700569325794628,0.4160890326555761,0.5876594240339379,0.7424762228260869,0.44188614428267625,0.8769580391202013,minigym
ds_v2_seed1/sunlight_v41,sunlight,0.87812180307219,0.3541063966570235,0.5230111866116732,0.7269870923913043,0.36739202934800735,0.9073406774426027,minigym
ds_v1_seed0/sunlight_v08,sunlight,0.8729281478403385,0.32353834801857717,0.4888990915947923,0.7353091032608695,0.3365085097738251,0.893550707264445,minigym
ds_v2_seed1/sunlight_v53,sunlight,0.8645778465294465,0.43833116036505865,0.6094996374184191,0.7439198369565218,0.4699844230538803,0.8668139963167587,minigym
ds_v1_seed0/sunlight_v11,sunlight,0.8698895100730554,0.424488715835633,0.5959874741255773,0.7414402173913044,0.4483708672735985,0.8885108403228359,minigym
ds_v2_seed1/sunlight_v05,sunlight,0.8963614306059738,0.3868146653212243,0.5578462284744119,0.7523097826086956,0.3997740407595707,0.9226757597031391,minigym
ds_v1_seed0/sunlight_v43,sunlight,0.8977579643804322,0.23566471877282688,0.3814379664523757,0.7156589673913043,0.23946928929300426,0.9368421052631579,minigym
ds_v2_seed1/sunlight_v02,sunlight,0.8916774945327823,0.271765493016643,0.42738302699503494,0.7042289402173914,0.2765414237692013,0.9402488425925926,minigym
ds_v1_seed0/sunlight_v50,sunlight,0.8820182968014786,0.27156627486069873,0.4271366427840328,0.6958220108695652,0.27683568970521166,0.9344996501049685,minigym
ds_v1_seed0/sunlight_v25,sunlight,0.9049851631004682,0.11486932729502783,0.2060677865696272,0.6813349184782609,0.11558910092091522,0.9485781067393845,minigym
ds_v2_seed1/sunlight_v64,sunlight,0.8643169542286342,0.43653792609681397,0.6077638719681028,0.7594089673913044,0.466386197518273,0.8721392244119517,minigym
ds_v1_seed0/sunlight_v26,sunlight,0.8759681081171634,0.34410865334974783,0.5120250546593393,0.7194972826086956,0.35734905971626524,0.9027922483850802,minigym
ds_v1_seed0/sunlight_v44,sunlight,0.8611264615252663,0.40845609336139277,0.5800054333061667,0.7374320652173914,0.43667675693364966,0.8633937237140085,minigym
ds_v2_seed1/sunlight_v21,sunlight,0.87382369324273,0.4575808806578037,0.6278634506392513,0.7602411684782608,0.4946008804718,0.8594212311467129,minigym
ds_v1_seed0/sunlight_v19,sunlight,0.8651914951786663,0.446212700841622,0.6170775579303778,0.7541440217391304,0.48288139101635275,0.8545681002271228,minigym
ds_v2_seed1/sunlight_v54,sunlight,0.8641346927406143,0.4438305007240302,0.6147958510385599,0.7521229619565217,0.48084386095285275,0.8521987268603205,minigym
ds_v1_seed0/sunlight_v47,sunlight,0.8993923876579267,0.1501029983978027,0.26102531444037574,0.6846807065217392,0.1514689578713969,0.943325661680092,minigym
ds_v1_seed0/sunlight_v16,sunlight,0.8776513129100004,0.2865188628642947,0.44541727468556735,0.72890625,0.29663566106714795,0.8936288861006553,minigym
ds_v1_seed0/sunlight_v24,sunlight,0.8808731104003011,0.4485907105994442,0.619347766511373,0.7640964673913043,0.47711535213646344,0.8823988755270967,minigym
ds_v2_seed1/sunlight_v23,sunlight,0.8766036242832479,0.3007602595231461,0.46243765109091467,0.7016474184782608,0.3088872536996157,0.9195570159425581,minigym
ds_v2_seed1/sunlight_v19,sunlight,0.87060352972743,0.3867029613132063,0.5577300577003154,0.747452445652174,0.408843151789997,0.8771634390494901,minigym
ds_v1_seed0/sunlight_v07,sunlight,0.8773378513939712,0.3518834885111472,0.5205825672132183,0.7422724184782609,0.3663731768054073,0.8989634478996181,minigym
ds_v2_seed1/sunlight_v25,sunlight,0.8896536842379608,0.27197449592183165,0.4276414295944274,0.7013586956521739,0.27726658787776465,0.9344238975817923,minigym
ds_v2_seed1/sunlight_v45,sunlight,0.8617779377861557,0.4720738762794838,0.641372534199985,0.7582370923913043,0.5190214067278287,0.8392009493670886,minigym
ds_v2_seed1/terrazzo_v37,terrazzo,0.849068566487445,0.539575771702574,0.7009408456796798,0.7651664402173913,0.6642617036976306,0.7419074218213452,minigym
ds_v2_seed1/terrazzo_v38,terrazzo,0.853783390417289,0.35216969594737063,0.5208957085828343,0.7390964673913043,0.37671418260555756,0.8438763136620857,minigym
ds_v1_seed0/terrazzo_v07,terrazzo,0.855815191073233,0.5312556688314044,0.6938823863905607,0.7805706521739131,0.6428289213749506,0.753744788181397,minigym
ds_v1_seed0/terrazzo_v15,terrazzo,0.8302378943876881,0.5644379977558226,0.7215856410615258,0.7297044836956522,0.7778825481839098,0.6728874388254487,minigym
ds_v1_seed0/terrazzo_v11,terrazzo,0.8400342753160689,0.5442189536399181,0.7048468772606704,0.7505434782608695,0.7434821315019713,0.670028653295129,minigym
ds_v2_seed1/terrazzo_v13,terrazzo,0.8512137768965264,0.5634124798669923,0.7207470672294042,0.7145720108695652,0.8561503237012474,0.6223242467718795,minigym
ds_v1_seed0/terrazzo_v53,terrazzo,0.864525798634441,0.49484709544441174,0.6620705180516081,0.7960427989130435,0.5944116012328836,0.7471103772386638,minigym
ds_v2_seed1/terrazzo_v03,terrazzo,0.8319815084982616,0.26234580143588115,0.4156480754124116,0.6841542119565217,0.27404184793867825,0.8600780234070221,minigym
ds_v2_seed1/terrazzo_v10,terrazzo,0.8487150874151215,0.5581954760297096,0.7164639926333181,0.6443953804347826,0.9453934672289329,0.576792255363684,minigym
ds_v1_seed0/terrazzo_v60,terrazzo,0.8639553360310348,0.5361997724414636,0.6980859938408762,0.6053838315217391,0.9714306379285405,0.5447908004948587,minigym
ds_v2_seed1/terrazzo_v58,terrazzo,0.7999696745970627,0.555301433931233,0.7140756406655321,0.7060971467391305,0.8528634013498047,0.6141363042119025,minigym
ds_v1_seed0/terrazzo_v49,terrazzo,0.8995291121749698,0.5972149040270982,0.7478203496866017,0.7273607336956521,0.9324975514201763,0.6242001468582817,minigym
ds_v1_seed0/terrazzo_v03,terrazzo,0.8151601343169473,0.5634794032091583,0.720801824510863,0.6839673913043478,0.8556568823026504,0.6226669431771049,minigym
ds_v2_seed1/terrazzo_v40,terrazzo,0.8341359909364859,0.5283954672359994,0.6914381500902606,0.7561480978260869,0.6482250070516179,0.7408243149896385,minigym
ds_v2_seed1/terrazzo_v07,terrazzo,0.851155532125274,0.5309008626785462,0.6935796766743649,0.7746603260869566,0.6946063465630493,0.6925560372659348,minigym
ds_v2_seed1/terrazzo_v43,terrazzo,0.8912444788894146,0.5874724502507427,0.7401356164107931,0.780655570652174,0.8576758067524716,0.6509290391081225,minigym
ds_v2_seed1/terrazzo_v47,terrazzo,0.8588271035752841,0.5270329831778447,0.6902705953096813,0.7813009510869565,0.6357554275587063,0.7550118389897396,minigym
ds_v1_seed0/terrazzo_v19,terrazzo,0.9090951393616575,0.60060840140821,0.7504751329304491,0.8015455163043478,0.8767150626153769,0.6560143358470844,minigym
ds_v1_seed0/terrazzo_v20,terrazzo,0.8586502152991357,0.45814634146341465,0.6283955573397565,0.7641813858695652,0.5116360149917197,0.8142034815174423,minigym
ds_v1_seed0/terrazzo_v04,terrazzo,0.8373665535004116,0.5577689243027888,0.7161125319693095,0.6832880434782609,0.8770555990602976,0.605078336034576,minigym
ds_v2_seed1/terrazzo_v63,terrazzo,0.8278454794488492,0.39616683001197867,0.5675064347554793,0.7174762228260869,0.4414155712841254,0.7944387829378367,minigym
ds_v1_seed0/terrazzo_v05,terrazzo,0.86694140276034,0.5753138984229048,0.7304117598389366,0.66796875,0.9377522838325898,0.5981570150871804,minigym
ds_v1_seed0/terrazzo_v22,terrazzo,0.8767125881212647,0.5192406802954819,0.6835528919545428,0.8098845108695653,0.6199364167777663,0.76171875,minigym
ds_v2_seed1/terrazzo_v16,terrazzo,0.8356062554043214,0.47695282026930774,0.6458606039729016,0.7380944293478261,0.547734974486815,0.7868173679498657,minigym
ds_v1_seed0/terrazzo_v42,terrazzo,0.8120307089576739,0.5327747341282629,0.6951768218325554,0.6306555706521739,0.9222358585295102,0.5578350654609259,minigym
ds_v1_seed0/terrazzo_v58,terrazzo,0.8204318688960903,0.4920568427158186,0.6595684944819991,0.7322860054347826,0.5809396994483546,0.762813467878909,minigym
ds_v1_seed0/terrazzo_v23,terrazzo,0.9133581970498776,0.6064148771844807,0.7549916099473971,0.779296875,0.924889135254989,0.6378261285081711,minigym
ds_v2_seed1/terrazzo_v04,terrazzo,0.9055788587211189,0.5908862326409037,0.7428390799007926,0.8203804347826087,0.8213248736423271,0.6780450994318182,minigym
ds_v1_seed0/terrazzo_v55,terrazzo,0.8358481666384471,0.552720518832019,0.7119381912306848,0.7505095108695652,0.7127208480565371,0.7111572514299146,minigym
ds_v1_seed0/terrazzo_v41,terrazzo,0.8834211059941993,0.2993785850860421,0.4608027075745871,0.751069972826087,0.3112049689440994,0.8873618588835364,minigym
ds_v1_seed0/terrazzo_v47,terrazzo,0.8502262150709878,0.4708349624995557,0.6402281350443462,0.747163722826087,0.5278552642065832,0.8133865520417563,minigym
ds_v2_seed1/terrazzo_v48,terrazzo,0.8476696001908862,0.5184376342546183,0.6828566713036097,0.7715523097826087,0.6940663343558282,0.6720033412223305,minigym
ds_v1_seed0/terrazzo_v18,terrazzo,0.8128082618714582,0.566164234896901,0.722994718282749,0.6944802989130435,0.8431562690801997,0.6328103940913257,minigym
ds_v1_seed0/terrazzo_v61,terrazzo,0.8872419578967544,0.31536675053222374,0.47951151327889346,0.7596807065217391,0.32743896312669546,0.8953296703296704,minigym
ds_v2_seed1/terrazzo_v56,terrazzo,0.8470689554278266,0.4291107690052049,0.6005283541511709,0.7354789402173914,0.4707845739333253,0.8289902280130294,minigym
ds_v2_seed1/terrazzo_v55,terrazzo,0.813473345883848,0.5530274773094617,0.7121927788007365,0.694718070652174,0.8223027434740812,0.6280889039509729,minigym
ds_v2_seed1/terrazzo_v51,terrazzo,0.8306350747600685,0.5429567984334843,0.7037874281181836,0.7462975543478261,0.7017557734894021,0.7058308805982022,minigym
ds_v2_seed1/terrazzo_v19,terrazzo,0.8068351743581297,0.501026756980415,0.6675787152366561,0.7235054347826086,0.6249092090676249,0.7165023011176858,minigym
ds_v2_seed1/terrazzo_v06,terrazzo,0.8431109483540107,0.5439511512530213,0.7046222295460164,0.756453804347826,0.7032316421346929,0.7060183274168249,minigym
ds_v2_seed1/terrazzo_v53,terrazzo,0.8873242444335023,0.549252941954251,0.7090552189126911,0.6526154891304348,0.9604254171322878,0.5619715451737277,minigym
ds_v2_seed1/bedroom_v36,bedroom,0.874502540941544,0.12657534246575342,0.22470817120622572,0.9187839673913043,0.8020833333333334,0.13065610859728508,minimal_interior
ds_v2_seed1/bedroom_v60,bedroom,0.910544570601952,0.12064570943075616,0.21531463229719486,0.947265625,0.615606936416185,0.13047473200612558,minimal_interior
ds_v2_seed1/bedroom_v58,bedroom,0.8056485562177714,0.18488187625948635,0.31206802967251673,0.6771229619565218,0.9359670067288908,0.1872503039777662,minimal_interior
ds_v1_seed0/bedroom_v40,bedroom,0.8532117830249084,0.2404492914517077,0.38768096867596735,0.8024626358695652,0.7786001268767181,0.25809617271835134,minimal_interior
ds_v1_seed0/bedroom_v61,bedroom,0.9476103582039966,0.1386986301369863,0.24360902255639097,0.9231148097826087,0.6890359168241966,0.14796021920032473,minimal_interior
ds_v1_seed0/bedroom_v12,bedroom,0.8537682961653305,0.1902710731526179,0.31971048855057094,0.8148267663043478,0.8342559426896776,0.1977462179685088,minimal_interior
ds_v2_seed1/bedroom_v62,bedroom,0.8413577952717752,0.22564793532535468,0.3682100362131402,0.8340692934782609,0.8536731634182908,0.2347266881028939,minimal_interior
ds_v1_seed0/bedroom_v32,bedroom,0.8889743151310717,0.19903309274138636,0.3319893236413197,0.8002207880434783,0.8889902676399026,0.2041058585294323,minimal_interior
ds_v2_seed1/bedroom_v59,bedroom,0.8343284831297263,0.3263939174511224,0.49215231336153953,0.8104110054347826,0.8425233644859813,0.3475997686524002,minimal_interior
ds_v2_seed1/bedroom_v24,bedroom,0.8401177162472239,0.09665175545614749,0.17626699629171816,0.886820652173913,0.8120728929384966,0.09886300610094287,minimal_interior
ds_v1_seed0/bedroom_v46,bedroom,0.9292549439719607,0.12202380952380952,0.21750663129973474,0.9549082880434783,0.5006784260515604,0.13893072289156627,minimal_interior
ds_v1_seed0/bedroom_v58,bedroom,0.8933156474297996,0.09164475015172972,0.16790214974054854,0.9237432065217391,0.7259615384615384,0.0949287510477787,minimal_interior
ds_v1_seed0/bedroom_v14,bedroom,0.8857610102487838,0.20783990406235947,0.34415141172820357,0.8204993206521739,0.7866666666666666,0.22025416997617156,minimal_interior
ds_v2_seed1/bedroom_v08,bedroom,0.9117298371021286,0.14932185706833595,0.25984341313968,0.8892153532608695,0.8035087719298246,0.15498105035192203,minimal_interior
ds_v1_seed0/bedroom_v38,bedroom,0.8776855538662935,0.18153071760454312,0.30728057239608936,0.7845957880434783,0.9513019952654718,0.18323345492443982,minimal_interior
ds_v2_seed1/bedroom_v47,bedroom,0.8623123102175585,0.3370173745173745,0.5041331263762048,0.766694972826087,0.8434593549945646,0.35950370675453047,minimal_interior
ds_v1_seed0/bedroom_v31,bedroom,0.9214165095222034,0.15404143804766193,0.26695997729208065,0.8245584239130435,0.8728538283062645,0.15757728072379995,minimal_interior
ds_v2_seed1/bedroom_v50,bedroom,0.8641553597960905,0.14791700005334188,0.25771375464684015,0.7287024456521739,0.9415959252971138,0.14928667563930015,minimal_interior
ds_v2_seed1/bedroom_v39,bedroom,0.8646652350064847,0.2471091640772248,0.39629115268360426,0.7489809782608695,0.9285987748851455,0.25189531623221517,minimal_interior
ds_v1_seed0/bedroom_v48,bedroom,0.7460467023546415,0.19461077844311378,0.3258145363408521,0.7670006793478261,0.7446091644204852,0.20852991130401963,minimal_interior
ds_v2_seed1/bedroom_v12,bedroom,0.8984603005968025,0.17428535448935903,0.29683646112600537,0.8886379076086957,0.6993431025770591,0.1884018513476722,minimal_interior
ds_v2_seed1/bedroom_v11,bedroom,0.9037895202806612,0.12489991993594876,0.2220640569395018,0.9257472826086957,0.7563636363636363,0.13013555787278416,minimal_interior
ds_v1_seed0/bedroom_v07,bedroom,0.8291778575975868,0.11879362570788884,0.21236021188934665,0.8863620923913044,0.5581683168316832,0.13112370984154673,minimal_interior
ds_v2_seed1/bedroom_v44,bedroom,0.8158038058575171,0.2318674497445447,0.37644869956199856,0.7267832880434782,0.9733413509721387,0.23334935127342624,minimal_interior
ds_v2_seed1/bedroom_v38,bedroom,0.8655584894670723,0.19683426443202978,0.3289248482962502,0.8534986413043478,0.7002318648559126,0.21494661921708186,minimal_interior
ds_v1_seed0/bedroom_v63,bedroom,0.8427758625199862,0.28205128205128205,0.44,0.8302309782608696,0.8341121495327103,0.2988129660630041,minimal_interior
ds_v2_seed1/bedroom_v63,bedroom,0.8853817618976387,0.31889433479047996,0.48357829187451884,0.7380264945652174,0.9026371703537058,0.3302542527894641,minimal_interior
ds_v2_seed1/bedroom_v04,bedroom,0.9498219281261016,0.0781563126252505,0.1449814126394052,0.953125,0.6902654867256637,0.08099688473520249,minimal_interior
ds_v2_seed1/bedroom_v48,bedroom,0.7877978139448749,0.18477306002928257,0.31191300049431536,0.8108695652173913,0.7611580217129071,0.19614547715262667,minimal_interior
ds_v2_seed1/bedroom_v13,bedroom,0.8931918994910301,0.1713871543264942,0.29262256068538794,0.8737941576086956,0.8519955654101996,0.17664636248707044,minimal_interior
ds_v1_seed0/bedroom_v59,bedroom,0.775109422369365,0.20581210191082802,0.34136678771871903,0.7289402173913043,0.8458077709611452,0.2138351773342984,minimal_interior
ds_v1_seed0/bedroom_v54,bedroom,0.9458885540631982,0.17815905902665372,0.3024363436526836,0.741304347826087,0.9610011641443539,0.17945652173913043,minimal_interior
ds_v1_seed0/bedroom_v29,bedroom,0.9282721816913784,0.08498168498168499,0.15665091154625252,0.9575747282608695,0.5155555555555555,0.09235668789808917,minimal_interior
ds_v1_seed0/bedroom_v41,bedroom,0.8680163578729848,0.18836176676793642,0.31701081612586035,0.7640625,0.9361207897793263,0.19081439393939395,minimal_interior
ds_v1_seed0/bedroom_v56,bedroom,0.8624555904764519,0.3059048660470202,0.4684948712581118,0.7412703804347827,0.8752444270629645,0.31985136487065885,minimal_interior
ds_v2_seed1/bedroom_v55,bedroom,0.8647618811437849,0.2548316291022003,0.40616067238363407,0.7636039402173913,0.9678731191541277,0.25700556125479185,minimal_interior
ds_v1_seed0/bedroom_v33,bedroom,0.9166970865134982,0.1195240101095198,0.213526479164707,0.8579993206521739,0.6739904988123515,0.12685816474796022,minimal_interior
ds_v2_seed1/bedroom_v14,bedroom,0.8658756880858648,0.18336582196231319,0.3099055567757523,0.7865489130434783,0.911498708010336,0.18668960042339244,minimal_interior
ds_v2_seed1/bedroom_v30,bedroom,0.7821097042121697,0.21692515171948754,0.3565135479581094,0.8027683423913043,0.7701699784534355,0.23193943763518385,minimal_interior
ds_v2_seed1/blue_bathroom_v51,blue_bathroom,0.993064014728697,0.5902598025117438,0.7423438630335182,0.9274116847826087,0.9996752719597337,0.59037299836993,minimal_interior
ds_v2_seed1/blue_bathroom_v23,blue_bathroom,0.988880136673737,0.4561031331592689,0.6264709178527401,0.9433933423913043,0.9838085181274199,0.45955277869122,minimal_interior
ds_v1_seed0/blue_bathroom_v42,blue_bathroom,0.9696780299279179,0.0022988505747126436,0.004587155963302752,0.9926290760869565,0.05555555555555555,0.0023923444976076554,minimal_interior
ds_v1_seed0/blue_bathroom_v14,blue_bathroom,0.9757173715810481,0.2961259508225721,0.45694008461853414,0.932421875,0.8270750988142292,0.3156703752592872,minimal_interior
ds_v1_seed0/blue_bathroom_v19,blue_bathroom,0.9947123923527187,0.5314328582145537,0.6940335064171647,0.9469599184782609,0.992991309223437,0.533433734939759,minimal_interior
ds_v2_seed1/blue_bathroom_v36,blue_bathroom,0.9915735355928463,0.5860367454068242,0.7389951678030053,0.9330332880434783,0.9950089126559715,0.5877645572285985,minimal_interior
ds_v2_seed1/blue_bathroom_v29,blue_bathroom,0.9677683821141294,0.5403094462540716,0.7015596087761036,0.942476222826087,0.8753298153034301,0.5853550948389943,minimal_interior
ds_v1_seed0/blue_bathroom_v53,blue_bathroom,0.973162365755281,0.032753326509723645,0.06342913776015857,0.9839504076086957,0.7804878048780488,0.03305785123966942,minimal_interior
ds_v1_seed0/blue_bathroom_v11,blue_bathroom,0.9948255924965438,0.5046875,0.6708203530633436,0.9515455163043478,0.9975978037062457,0.5053015817834173,minimal_interior
ds_v1_seed0/blue_bathroom_v50,blue_bathroom,0.9900527941862043,0.6749161073825504,0.8059103431004259,0.9605129076086957,0.9592607313195548,0.6948323017129696,minimal_interior
ds_v2_seed1/blue_bathroom_v10,blue_bathroom,0.9892977136246475,0.2621844538865284,0.4154455445544555,0.9498641304347826,0.9776328052190121,0.26376665828513957,minimal_interior
ds_v1_seed0/blue_bathroom_v32,blue_bathroom,0.988118765825243,0.5498594716132659,0.7095604236181634,0.9319972826086956,0.9683231043357751,0.5599313108185461,minimal_interior
ds_v1_seed0/blue_bathroom_v09,blue_bathroom,0.9944459440284044,0.4533883426966292,0.6239052968532948,0.8942425271739131,0.9992261559295802,0.4535475939585529,minimal_interior
ds_v2_seed1/blue_bathroom_v41,blue_bathroom,0.9900555011950878,0.5818325747080942,0.7356436882271988,0.928226902173913,0.9817999666054433,0.5881764529358807,minimal_interior
ds_v1_seed0/blue_bathroom_v28,blue_bathroom,0.9951069030077361,0.4454765751211632,0.6163732886281085,0.9533627717391304,0.986142154671435,0.44828286933550093,minimal_interior
ds_v2_seed1/blue_bathroom_v33,blue_bathroom,0.9580390810256069,0.0,0.0,0.9864470108695652,0.0,0.0,minimal_interior
ds_v2_seed1/blue_bathroom_v09,blue_bathroom,0.9867702156546246,0.30845771144278605,0.4714828897338403,0.9504245923913044,0.9871114480667172,0.30970504281636535,minimal_interior
ds_v2_seed1/blue_bathroom_v30,blue_bathroom,0.9922567485738248,0.5087405895112926,0.6743910690121786,0.9346127717391305,0.9952571143285073,0.509976976208749,minimal_interior
ds_v1_seed0/blue_bathroom_v18,blue_bathroom,0.9894106387397873,0.6322192513368984,0.7746744205094603,0.9532778532608696,0.9811203319502074,0.6400054134524293,minimal_interior
ds_v1_seed0/blue_bathroom_v37,blue_bathroom,0.9568759712865091,0.21160066926938093,0.34929110661020063,0.8799592391304348,0.9089602299952084,0.21618233618233618,minimal_interior
ds_v1_seed0/blue_bathroom_v22,blue_bathroom,0.9915665369700014,0.48838295388207825,0.65625980545968,0.9255774456521739,0.9952414941708304,0.4895260386190755,minimal_interior
ds_v1_seed0/blue_bathroom_v03,blue_bathroom,0.9448877968844105,0.0,0.0,0.9921025815217391,0.0,0.0,minimal_interior
ds_v1_seed0/blue_bathroom_v29,blue_bathroom,0.9923555870046863,0.5490741731777802,0.7089062392040351,0.9284476902173913,0.9945715393563397,0.5507246376811594,minimal_interior
ds_v1_seed0/blue_bathroom_v16,blue_bathroom,0.9980125977135524,0.6974826388888888,0.8217847097928919,0.9644870923913044,0.9946358572312771,0.7001161777519604,minimal_interior
ds_v1_seed0/blue_bathroom_v47,blue_bathroom,0.9923228297708847,0.5836293664890467,0.737078231610431,0.9522248641304348,0.9907035175879397,0.5868432802500372,minimal_interior
ds_v2_seed1/blue_bathroom_v48,blue_bathroom,0.9899968528274913,0.6992724333063864,0.8230256898192199,0.9684103260869565,0.8954451345755694,0.761443661971831,minimal_interior
ds_v1_seed0/blue_bathroom_v43,blue_bathroom,0.991721231850562,0.5192927832758812,0.6835980384981336,0.9265794836956521,0.9831578947368421,0.5239537753842701,minimal_interior
ds_v1_seed0/blue_bathroom_v44,blue_bathroom,0.9799125019987646,0.5341981132075472,0.6963873943120676,0.9463315217391305,0.9536842105263158,0.5484261501210653,minimal_interior
ds_v1_seed0/blue_bathroom_v08,blue_bathroom,0.9905536763057694,0.4243274627443391,0.5958285209593043,0.8989639945652174,0.9979517523896222,0.42469733656174335,minimal_interior
ds_v2_seed1/blue_bathroom_v28,blue_bathroom,0.9932730488146415,0.3924646781789639,0.5636978579481399,0.9802819293478261,0.8700696055684455,0.4168982768204558,minimal_interior
ds_v2_seed1/blue_bathroom_v07,blue_bathroom,0.9947438181521182,0.5897847305789544,0.7419680403700589,0.9478940217391304,0.9910132554482138,0.5929560424788278,minimal_interior
ds_v2_seed1/blue_bathroom_v20,blue_bathroom,0.9905008218592001,0.5358533087482074,0.6977923030747682,0.923046875,0.9944866920152091,0.537449912668242,minimal_interior
ds_v2_seed1/blue_bathroom_v53,blue_bathroom,0.9904716840353844,0.576530612244898,0.7313915857605178,0.9492527173913043,0.9804772234273319,0.5832258064516129,minimal_interior
ds_v2_seed1/blue_bathroom_v25,blue_bathroom,0.9942943347012069,0.5418524021792966,0.7028589784773529,0.9528702445652174,0.9823406165818617,0.5471823941313771,minimal_interior
ds_v2_seed1/blue_bathroom_v56,blue_bathroom,0.981846556966406,0.5533310321021747,0.7124444444444443,0.9340692934782608,0.9884892086330935,0.5569195136074117,minimal_interior
ds_v1_seed0/computer_room_v17,computer_room,0.9799113753228689,0.7469010592742844,0.8551154689717456,0.9046365489130435,0.9635961851593394,0.7685885245141241,minimal_interior
ds_v1_seed0/computer_room_v40,computer_room,0.9840597184494656,0.7400350416119141,0.8505978602894902,0.9395210597826087,0.9022696929238986,0.8045238095238095,minimal_interior
ds_v2_seed1/computer_room_v29,computer_room,0.9794556681012129,0.7033218785796106,0.8258238063214526,0.9428158967391305,0.8612429866206301,0.7932028222200139,minimal_interior
ds_v2_seed1/computer_room_v43,computer_room,0.9769933692330489,0.7018558201593014,0.824812315879502,0.8747622282608696,0.9864189112399137,0.708704172450396,minimal_interior
ds_v1_seed0/computer_room_v43,computer_room,0.9838729956627205,0.7169440591770689,0.8351396836082127,0.9168138586956521,0.9697490815289611,0.7333451557604777,minimal_interior
ds_v2_seed1/computer_room_v39,computer_room,0.9855282556667133,0.807529074574216,0.8935171067878269,0.9406929347826087,0.9070141769330774,0.8804158403942071,minimal_interior
ds_v1_seed0/computer_room_v59,computer_room,0.9863592502000748,0.7746558980775794,0.8730209601948594,0.932710597826087,0.9732742603973131,0.791492329149233,minimal_interior
ds_v2_seed1/computer_room_v07,computer_room,0.9826412613951988,0.7601689408706953,0.8637454317250546,0.9373131793478261,0.8879696394686907,0.840807819462412,minimal_interior
ds_v2_seed1/computer_room_v00,computer_room,0.9805056173596888,0.7445887445887446,0.8535980148883375,0.9128226902173913,0.9568386725493957,0.7704664813098548,minimal_interior
ds_v2_seed1/computer_room_v36,computer_room,0.9827019965957796,0.6889525628780643,0.8158341187558906,0.9502207880434783,0.8737550471063257,0.7651149086623453,minimal_interior
ds_v1_seed0/computer_room_v04,computer_room,0.9703608932960395,0.6632451885463934,0.7975314681367477,0.8172384510869565,0.9974585843373494,0.6643678881539764,minimal_interior
ds_v2_seed1/computer_room_v40,computer_room,0.9837978410537461,0.7819217343376814,0.8776162490978452,0.9395210597826087,0.927165783167526,0.8330940884770978,minimal_interior
ds_v2_seed1/computer_room_v16,computer_room,0.9755118415897128,0.7768891140706428,0.8744373612497199,0.8952955163043478,0.9585193784604393,0.8039171628655957,minimal_interior
ds_v2_seed1/computer_room_v56,computer_room,0.9811465797253026,0.7637016542061577,0.8660213618157543,0.9318274456521739,0.9090463177072384,0.8268850787175728,minimal_interior
ds_v1_seed0/computer_room_v42,computer_room,0.9798167913087698,0.7156474719884052,0.8342593495142476,0.9133661684782609,0.9654809355493721,0.7344393592677345,minimal_interior
ds_v2_seed1/computer_room_v06,computer_room,0.9831923143825811,0.7784520265628578,0.8754265112985257,0.9342730978260869,0.8910878112712975,0.8603062128305706,minimal_interior
ds_v2_seed1/computer_room_v63,computer_room,0.9780242962859657,0.7787914691943127,0.8756411110371012,0.9048743206521739,0.9552853405677745,0.8082551133336066,minimal_interior
ds_v1_seed0/computer_room_v12,computer_room,0.9871446563636133,0.8046822396022169,0.8917716614528025,0.9359544836956522,0.9386744003383481,0.8493330417668926,minimal_interior
ds_v2_seed1/computer_room_v24,computer_room,0.9689424471241633,0.6815116557696915,0.8105940311876552,0.8419836956521739,0.9934630738522954,0.6845815280929785,minimal_interior
ds_v2_seed1/computer_room_v48,computer_room,0.9794589169821675,0.7661343250929775,0.8675833023659111,0.9273777173913044,0.8828942392537502,0.8527943504200658,minimal_interior
ds_v1_seed0/computer_room_v29,computer_room,0.9899866530889805,0.7838014904594218,0.8787990083555229,0.9551630434782609,0.8442268677780718,0.9163235998085209,minimal_interior
ds_v1_seed0/computer_room_v64,computer_room,0.9736585395973505,0.7393090569561158,0.8501181017822632,0.881453804347826,0.9650919019062942,0.7596223953336659,minimal_interior
ds_v1_seed0/computer_room_v26,computer_room,0.9745998261139069,0.7186365084421791,0.8362867946911842,0.925,0.8595488492607835,0.8142506497256714,minimal_interior
ds_v2_seed1/computer_room_v22,computer_room,0.9838396988407385,0.8033509295386734,0.8909535203380339,0.927241847826087,0.9508829122521054,0.8381303577414875,minimal_interior
ds_v1_seed0/computer_room_v58,computer_room,0.980424608814656,0.7144782153016919,0.8334643262597152,0.9352241847826087,0.8609833107803337,0.8076499957688077,minimal_interior
ds_v2_seed1/computer_room_v25,computer_room,0.9774382755803928,0.6689320388349514,0.8016288539848748,0.9420855978260869,0.8883445074780815,0.7303370786516854,minimal_interior
ds_v1_seed0/computer_room_v53,computer_room,0.9852655438497624,0.7523577128536569,0.8586805163524143,0.9362262228260869,0.9157903186963153,0.8082754711633838,minimal_interior
ds_v2_seed1/computer_room_v10,computer_room,0.9739850455504221,0.7526542993816357,0.8588736519771004,0.891983695652174,0.9632191917180968,0.7749259229598783,minimal_interior
ds_v1_seed0/computer_room_v50,computer_room,0.979186857444873,0.6802250962582683,0.8096832951407252,0.9449898097826087,0.841064453125,0.780559646539028,minimal_interior
ds_v1_seed0/computer_room_v25,computer_room,0.9879679242722191,0.7651894210150108,0.8669771208746708,0.9553668478260869,0.8805264240180958,0.8538384845463609,minimal_interior
ds_v1_seed0/computer_room_v62,computer_room,0.9867303799284568,0.7264604810996563,0.8415605095541402,0.9526834239130435,0.8045889517181383,0.8820934668574154,minimal_interior
ds_v1_seed0/computer_room_v08,computer_room,0.9794923207019975,0.7766909121310928,0.8743117970919015,0.909273097826087,0.963043590939719,0.8005515101900125,minimal_interior
ds_v2_seed1/computer_room_v55,computer_room,0.9822406502034544,0.7483420834484664,0.8560591094077207,0.8762567934782609,0.9897670169026953,0.7541771094402674,minimal_interior
ds_v1_seed0/computer_room_v48,computer_room,0.9819624895368267,0.7534140685390364,0.8593681116825862,0.9349864130434783,0.8697850821744627,0.8491977056559936,minimal_interior
ds_v2_seed1/computer_room_v02,computer_room,0.9814491322398397,0.6532443374548638,0.7902574624396055,0.9461786684782608,0.8674803836094158,0.7256594141242251,minimal_interior
ds_v1_seed0/computer_room_v28,computer_room,0.982694124029712,0.7154673283705542,0.8341369334619094,0.9415760869565217,0.8934104523858707,0.782239102911919,minimal_interior
ds_v2_seed1/computer_room_v49,computer_room,0.9763530223117378,0.7455510801904064,0.8542300350317804,0.8819802989130435,0.9669927811550152,0.7650197257185798,minimal_interior
ds_v2_seed1/computer_room_v08,computer_room,0.9827520628185904,0.7467225699775599,0.8549984786503938,0.9271569293478261,0.9422503725782414,0.7825360480227737,minimal_interior
ds_v1_seed0/computer_room_v16,computer_room,0.98006783198536,0.7027045697903354,0.8253981133989249,0.8538213315217391,0.9961318121725505,0.7046273205874204,minimal_interior
ds_v2_seed1/computer_room_v46,computer_room,0.9796431404200305,0.7399341142020498,0.8505311875460186,0.9275985054347826,0.913328313253012,0.7958139229709337,minimal_interior
ds_v2_seed1/green_house_v56,green_house,0.9349617848010713,0.28988674746671966,0.4494762784966112,0.8179008152173913,0.29409393267486394,0.952971913781842,minimal_interior
ds_v2_seed1/green_house_v33,green_house,0.9665629435124582,0.4364224137931034,0.6076519129782445,0.8134680706521739,0.4408106146988701,0.9776985860443729,minimal_interior
ds_v1_seed0/green_house_v38,green_house,0.978904494817408,0.46775908437050473,0.6373785580364753,0.85546875,0.46955047714716225,0.9919098143236075,minimal_interior
ds_v2_seed1/green_house_v52,green_house,0.9652860906848815,0.34733307377846995,0.5155860574318223,0.7722316576086956,0.34901462174189446,0.986318407960199,minimal_interior
ds_v2_seed1/green_house_v11,green_house,0.9530596072427201,0.5172989974444663,0.6818682386474056,0.8331861413043479,0.5354290655679332,0.9385644226482389,minimal_interior
ds_v1_seed0/green_house_v61,green_house,0.9692243147868548,0.4465174129353234,0.6173688736027515,0.8564028532608695,0.4473373557187828,0.9959118119433494,minimal_interior
ds_v1_seed0/green_house_v37,green_house,0.954892675890209,0.4252173044260166,0.5967052225727304,0.804585597826087,0.4319058250456667,0.9648605758331444,minimal_interior
ds_v2_seed1/green_house_v04,green_house,0.9646082162857238,0.5066692317558035,0.6725686316237498,0.8693444293478261,0.5241823127446428,0.9381382094514367,minimal_interior
ds_v1_seed0/green_house_v62,green_house,0.969917025101373,0.44758000106490603,0.6183837863684849,0.8237941576086957,0.45118351135204765,0.982468443197756,minimal_interior
ds_v1_seed0/green_house_v56,green_house,0.9582356325146775,0.44087262336520494,0.6119522520117464,0.8271908967391305,0.4482122905027933,0.9641869967551977,minimal_interior
ds_v1_seed0/green_house_v36,green_house,0.9497185851621489,0.34029374501431187,0.5077897979904071,0.761226222826087,0.3438107429004883,0.9708165997322624,minimal_interior
ds_v1_seed0/green_house_v06,green_house,0.9557317919289707,0.49749674576950037,0.6644378322356324,0.8295346467391305,0.5108734769420595,0.95,minimal_interior
ds_v2_seed1/green_house_v63,green_house,0.9644076740374005,0.340964079657547,0.5085357390700902,0.7594429347826087,0.3426700958615852,0.9856086079354405,minimal_interior
ds_v2_seed1/green_house_v08,green_house,0.9651642724684071,0.47914650914090745,0.6478688976106864,0.8262907608695652,0.4860271708249393,0.9713017446061732,minimal_interior
ds_v2_seed1/green_house_v13,green_house,0.9590359602892445,0.48410572598170515,0.6523871143499285,0.8266304347826087,0.4934068198207479,0.9625200964630225,minimal_interior
ds_v1_seed0/green_house_v20,green_house,0.9531892301692567,0.36875,0.5388127853881279,0.7890115489130435,0.3724785710619514,0.9735712369197747,minimal_interior
ds_v2_seed1/green_house_v41,green_house,0.9579084266078906,0.43172710389991203,0.6030857454942654,0.8025135869565218,0.43834664814171587,0.9662036530679208,minimal_interior
ds_v2_seed1/green_house_v45,green_house,0.9365246292171019,0.36558926892045734,0.5354307876327522,0.782319972826087,0.3773372841524471,0.9215221459762944,minimal_interior
ds_v2_seed1/green_house_v59,green_house,0.7453314150335854,0.19228954640425963,0.32255511588468067,0.7964673913043478,0.2690747901537301,0.40256808240440245,minimal_interior
ds_v2_seed1/green_house_v27,green_house,0.9570341471026276,0.39635047657882666,0.567694834823873,0.7988620923913043,0.4017151418091646,0.9674048270714108,minimal_interior
ds_v2_seed1/green_house_v55,green_house,0.9721505603037235,0.5011922586369434,0.6677256104318274,0.8472316576086957,0.5084669479606189,0.9722461273666093,minimal_interior
ds_v1_seed0/green_house_v00,green_house,0.9526099597986997,0.43249599679743794,0.6038355398749432,0.8073879076086956,0.4412170095461739,0.9562956406284576,minimal_interior
ds_v1_seed0/green_house_v52,green_house,0.9595423804706712,0.4604678708913237,0.6305758313057583,0.8143342391304348,0.4679975922953451,0.9662386081193041,minimal_interior
ds_v2_seed1/green_house_v36,green_house,0.9507867904180501,0.5177769932926521,0.6822833599149389,0.8376019021739131,0.5337388230401331,0.9453959484346225,minimal_interior
ds_v1_seed0/green_house_v10,green_house,0.958196546051313,0.36201589562181286,0.5315883563261038,0.7641474184782608,0.3650852483320978,0.9773037331018232,minimal_interior
ds_v2_seed1/green_house_v37,green_house,0.9514252115352188,0.4941849100860047,0.6614775811884749,0.8242017663043478,0.511196481827832,0.9369093941078377,minimal_interior
ds_v2_seed1/green_house_v40,green_house,0.9685876734029771,0.4419411592219724,0.6129808507032707,0.8060631793478261,0.44754033455409287,0.9724701580815142,minimal_interior
ds_v2_seed1/green_house_v09,green_house,0.9592485949051718,0.31057723167209206,0.47395487143606785,0.7446161684782608,0.31186409465494225,0.9868881118881119,minimal_interior
ds_v2_seed1/green_house_v28,green_house,0.9815696181612712,0.4509108398965911,0.6215555463473252,0.8448879076086957,0.4521613311629589,0.993904055128545,minimal_interior
ds_v2_seed1/green_house_v24,green_house,0.9756081989275037,0.43333333333333335,0.6046511627906976,0.8235903532608696,0.43478022880289013,0.9923788105947027,minimal_interior
ds_v2_seed1/green_house_v46,green_house,0.9579866785598385,0.5028571428571429,0.6692015209125475,0.8404211956521739,0.5163814180929095,0.9504950495049505,minimal_interior
ds_v1_seed0/green_house_v30,green_house,0.9563800272807443,0.5315800372747981,0.694159004867496,0.8463315217391304,0.5481528934443732,0.9461850350165868,minimal_interior
ds_v1_seed0/green_house_v16,green_house,0.9449840748882546,0.48948412698412697,0.6572532303183696,0.8252038043478261,0.5096844171272145,0.9250960907471641,minimal_interior
ds_v1_seed0/green_house_v09,green_house,0.9705030737711661,0.4787888514417161,0.6475418731686141,0.8345278532608695,0.48449087857954853,0.9760087241003271,minimal_interior
ds_v2_seed1/green_house_v51,green_house,0.964430592424566,0.32685660906118635,0.4926781188397635,0.7552309782608696,0.3280671323426,0.9888370778578494,minimal_interior
ds_v2_seed1/green_house_v42,green_house,0.946071636566156,0.40077911236840885,0.5722231418639299,0.7805536684782609,0.40910812346146563,0.9516573064640458,minimal_interior
ds_v2_seed1/green_house_v30,green_house,0.9777628930260084,0.5058460325801366,0.6718429661941111,0.8722316576086957,0.5097636857086119,0.9850345356868765,minimal_interior
ds_v1_seed0/green_house_v44,green_house,0.9484833848058,0.35016476552598225,0.5186993091018325,0.7823029891304348,0.3540598728726676,0.9695395845030882,minimal_interior
ds_v2_seed1/green_house_v07,green_house,0.9684548772768958,0.45687753917585605,0.6272010198390567,0.8410665760869566,0.46180922210489267,0.9771598808341608,minimal_interior
ds_v2_seed1/gym_v06,gym,0.9696852390088552,0.5965761071827317,0.7473193473193473,0.8158967391304348,0.6036300647687904,0.9807880567792462,minimal_interior
ds_v2_seed1/gym_v26,gym,0.9600787215821343,0.5731233669938564,0.7286438928042375,0.7946671195652174,0.5848315618807423,0.9662479909518423,minimal_interior
ds_v2_seed1/gym_v51,gym,0.9708631558857319,0.6743119266055045,0.8054794520547945,0.8673573369565217,0.6923570969813745,0.9627865436141709,minimal_interior
ds_v2_seed1/gym_v01,gym,0.9669903533907331,0.6553441223546149,0.7917920068758058,0.8354279891304348,0.67031687706916,0.967039311394531,minimal_interior
ds_v2_seed1/gym_v17,gym,0.9628509106076021,0.6909583571021106,0.8172387619127942,0.8527853260869566,0.7142857142857143,0.9548679542767048,minimal_interior
ds_v2_seed1/gym_v00,gym,0.9700461517410931,0.6584378316757734,0.794045841333049,0.8524286684782608,0.6736918312351687,0.9667551656470045,minimal_interior
ds_v2_seed1/gym_v04,gym,0.9803977904813055,0.49198434738702346,0.659503363086425,0.8632982336956522,0.4951721509338077,0.9870837026719007,minimal_interior
ds_v2_seed1/gym_v54,gym,0.9680004666696798,0.5529160689920583,0.7121003897537568,0.7829653532608696,0.5593148357870895,0.9797284731262786,minimal_interior
ds_v2_seed1/gym_v35,gym,0.9613106451179082,0.5488004832585434,0.7086780888703162,0.8224014945652174,0.5581691315223593,0.9703234665852914,minimal_interior
ds_v2_seed1/gym_v25,gym,0.9715151571163105,0.5865303023536242,0.7393874563675261,0.8427649456521739,0.5991878821060316,0.9652359253270616,minimal_interior
ds_v1_seed0/gym_v49,gym,0.9635071188049906,0.584943252570534,0.7381251683577265,0.8018682065217392,0.5945037063822094,0.9732433552358966,minimal_interior
ds_v1_seed0/gym_v27,gym,0.9718329435626588,0.5331376359201224,0.6954856803840138,0.8082201086956522,0.5374036257553657,0.985328952395507,minimal_interior
ds_v2_seed1/gym_v24,gym,0.9658878348298126,0.5883239982766049,0.7408110674081106,0.8377207880434783,0.6006157906311854,0.9663835810332626,minimal_interior
ds_v1_seed0/gym_v01,gym,0.9647431254223644,0.5922258246405413,0.7438967707664725,0.8034816576086956,0.6017258665138928,0.9740335014200429,minimal_interior
ds_v1_seed0/gym_v55,gym,0.9712666510386921,0.5673279864921908,0.7239429033126852,0.8259171195652174,0.5756874839372912,0.9750435287289612,minimal_interior
ds_v2_seed1/gym_v55,gym,0.9742310038858728,0.467639853001225,0.6372678583849204,0.822860054347826,0.47134478855849365,0.9834693001288106,minimal_interior
ds_v2_seed1/gym_v09,gym,0.9658973412199836,0.5331864798497761,0.695527239324493,0.7804517663043479,0.5389079494853639,0.9804767912876021,minimal_interior
ds_v1_seed0/gym_v59,gym,0.9703111171168981,0.5541790969307782,0.7131470215050265,0.8502547554347826,0.5623685155728873,0.9743954480796586,minimal_interior
ds_v2_seed1/gym_v40,gym,0.9749211758003591,0.671899406435489,0.8037557808193582,0.8573029891304348,0.6845162316995544,0.973300147075461,minimal_interior
ds_v2_seed1/gym_v05,gym,0.9784623807335752,0.6151863135692524,0.7617527568195008,0.8605638586956522,0.622657621329285,0.980868395486137,minimal_interior
ds_v2_seed1/gym_v33,gym,0.9680570687061307,0.5807856865033061,0.734806357954825,0.8169497282608695,0.5863504280216759,0.9839219820769636,minimal_interior
ds_v1_seed0/gym_v22,gym,0.9726143828395831,0.4543457797301538,0.6248112189859762,0.8227921195652174,0.45711880458802484,0.9868241708314403,minimal_interior
ds_v2_seed1/gym_v49,gym,0.9609328600034515,0.5851142497966427,0.7382612955144504,0.8094259510869565,0.5972374231045025,0.9664712348845731,minimal_interior
ds_v1_seed0/gym_v04,gym,0.9752760864485197,0.5960096153846154,0.7468747175949634,0.8572860054347826,0.6064771782202436,0.9718563813107557,minimal_interior
ds_v1_seed0/gym_v00,gym,0.9696684519229504,0.6578419417017427,0.7936123766135157,0.8522758152173913,0.6738254492706907,0.9651968140367079,minimal_interior
ds_v1_seed0/gym_v20,gym,0.9584350496249703,0.5731401104813831,0.7286574242977014,0.7978940217391305,0.5824584426946632,0.9728446176327326,minimal_interior
ds_v1_seed0/gym_v30,gym,0.9783925820304251,0.49418109565711044,0.6614741641337386,0.8486752717391305,0.49697419502169443,0.9887551113130395,minimal_interior
ds_v1_seed0/gym_v42,gym,0.9727705382419375,0.655884203901825,0.7921860747947704,0.8606997282608696,0.6716071658718907,0.9655364091161757,minimal_interior
ds_v1_seed0/gym_v31,gym,0.9623086435422495,0.5197906444226366,0.6840292724924666,0.7756114130434782,0.5269926668386335,0.9743816856305785,minimal_interior
ds_v1_seed0/gym_v03,gym,0.9564981993140413,0.5350566959565392,0.6971165265308061,0.7834239130434782,0.5414929338400797,0.9782681154589694,minimal_interior
ds_v1_seed0/gym_v63,gym,0.9744659657163491,0.6009891196834817,0.7507722723341159,0.828719429347826,0.6087200448825839,0.9793050093482045,minimal_interior
ds_v2_seed1/gym_v63,gym,0.9682882591093354,0.4940056264877732,0.6613169558793708,0.8014436141304347,0.4985367984276043,0.9819339298004129,minimal_interior
ds_v2_seed1/gym_v13,gym,0.9745220384274472,0.5674597716957778,0.724050188646135,0.8397588315217391,0.572393063583815,0.9850389941110934,minimal_interior
ds_v2_seed1/gym_v37,gym,0.9705765954797922,0.5763232514177694,0.7312247039424374,0.8477411684782609,0.5857348703170029,0.9728759473474272,minimal_interior
ds_v1_seed0/gym_v50,gym,0.969848226567665,0.5199983489495191,0.6842090970807876,0.8024966032608696,0.5269586313631991,0.9752283635237653,minimal_interior
ds_v2_seed1/gym_v58,gym,0.9654654310907536,0.4615875718237923,0.6316249271986021,0.78515625,0.46549060005150655,0.9821590291613838,minimal_interior
ds_v1_seed0/gym_v07,gym,0.9568610769371021,0.47614163057518427,0.6451164586282332,0.7658118206521739,0.48074415036440354,0.9802894016425499,minimal_interior
ds_v1_seed0/gym_v39,gym,0.9707821524231578,0.6480721552534838,0.7864609000129685,0.8601732336956521,0.6637625322884287,0.9648084510627466,minimal_interior
ds_v1_seed0/gym_v09,gym,0.9734864768148676,0.6465019058158121,0.7853035620939436,0.853515625,0.6617998741346759,0.9654792508262945,minimal_interior
ds_v2_seed1/gym_v41,gym,0.9684559888794058,0.6511463844797178,0.7887203588976713,0.848828125,0.6716798059429957,0.9551569506726457,minimal_interior
ds_v2_seed1/living_room_contemp_v02,living_room_contemp,0.9679553769600483,0.6305309734513275,0.7734056987788331,0.9234205163043478,0.6941813261163735,0.8730428863172226,minimal_interior
ds_v2_seed1/living_room_contemp_v51,living_room_contemp,0.9637163578225213,0.6417389054211412,0.7817794940499646,0.9059442934782609,0.7110091743119266,0.8681953439523893,minimal_interior
ds_v1_seed0/living_room_contemp_v64,living_room_contemp,0.9317509846379359,0.6622844586793788,0.7968364923600842,0.8459918478260869,0.7404646902065289,0.8624987874672616,minimal_interior
ds_v2_seed1/living_room_contemp_v06,living_room_contemp,0.9645356941679756,0.6226274258903818,0.7674311625156076,0.879789402173913,0.659811288773377,0.9170003926187672,minimal_interior
ds_v1_seed0/living_room_contemp_v01,living_room_contemp,0.9490557175451704,0.6973635806253832,0.8217020661754082,0.8742527173913044,0.7795038150500297,0.8687305870971027,minimal_interior
ds_v1_seed0/living_room_contemp_v40,living_room_contemp,0.9634279765860159,0.492458601413353,0.6599293286219081,0.9182744565217391,0.5366666666666666,0.856697247706422,minimal_interior
ds_v2_seed1/living_room_contemp_v57,living_room_contemp,0.9626640327000255,0.6939265183704074,0.8193112402986396,0.8960088315217392,0.7637964236588721,0.8835285132382892,minimal_interior
ds_v1_seed0/living_room_contemp_v41,living_room_contemp,0.9635408974344096,0.5922298040942109,0.7438999101403193,0.8741508152173914,0.6222607690083839,0.9246498840106538,minimal_interior
ds_v1_seed0/living_room_contemp_v62,living_room_contemp,0.9705152454640015,0.42680235409514466,0.5982641574288906,0.9206012228260869,0.4494512588766946,0.894398766700925,minimal_interior
ds_v2_seed1/living_room_contemp_v56,living_room_contemp,0.9535256132889756,0.7258929635662918,0.8411795851654044,0.8828294836956522,0.8064444934892959,0.879041570438799,minimal_interior
ds_v2_seed1/living_room_contemp_v61,living_room_contemp,0.9259425204244003,0.6540208202333543,0.7908253780518713,0.8317934782608696,0.7221600771456124,0.8739205526770294,minimal_interior
ds_v2_seed1/living_room_contemp_v41,living_room_contemp,0.963642498186276,0.677432239657632,0.8077014661360002,0.9039911684782609,0.7582066675182015,0.8641094693936968,minimal_interior
ds_v1_seed0/living_room_contemp_v47,living_room_contemp,0.9322883873320695,0.27447035152089005,0.4307206537890044,0.895889945652174,0.29941897998708844,0.7671187562024478,minimal_interior
ds_v2_seed1/living_room_contemp_v33,living_room_contemp,0.9587174020215632,0.563989250522544,0.7212188323341863,0.8760020380434783,0.6000381218628884,0.9037320574162679,minimal_interior
ds_v2_seed1/living_room_contemp_v42,living_room_contemp,0.9681780888710145,0.6684885035808519,0.8013102902970745,0.9103770380434782,0.7338620689655172,0.882411476905216,minimal_interior
ds_v2_seed1/living_room_contemp_v35,living_room_contemp,0.9433313330607362,0.4551857478248861,0.6256050109139224,0.8659986413043478,0.49043969942712595,0.8636184986243941,minimal_interior
ds_v1_seed0/living_room_contemp_v21,living_room_contemp,0.9588334557731915,0.4806228373702422,0.6492171068006544,0.8980298913043478,0.5143491945935937,0.8799493189737092,minimal_interior
ds_v1_seed0/living_room_contemp_v17,living_room_contemp,0.9320099160789415,0.6873405728445449,0.8147028334485141,0.8542798913043478,0.7864737522411708,0.8450338246494332,minimal_interior
ds_v1_seed0/living_room_contemp_v36,living_room_contemp,0.9148108529971057,0.6584244017153134,0.7940360754874362,0.8322520380434782,0.7530058535041924,0.8397953332451149,minimal_interior
ds_v1_seed0/living_room_contemp_v15,living_room_contemp,0.9564603369836765,0.5504951829145052,0.7100895107325975,0.8866847826086957,0.5990469208211143,0.8716663110731812,minimal_interior
ds_v1_seed0/living_room_contemp_v28,living_room_contemp,0.9690100176789512,0.6107749689183589,0.7583616342492538,0.9202445652173913,0.6672401303875407,0.8783075089392134,minimal_interior
ds_v1_seed0/living_room_contemp_v65,living_room_contemp,0.9649122637572429,0.5699502974007985,0.726074320116255,0.9103600543478261,0.6226079216733422,0.8707830200423254,minimal_interior
ds_v2_seed1/living_room_contemp_v17,living_room_contemp,0.9506803739072613,0.7025163016218023,0.8252682232206427,0.8791270380434782,0.8003714462593456,0.8517636326778837,minimal_interior
ds_v2_seed1/living_room_contemp_v22,living_room_contemp,0.9510335756065201,0.6132048052702964,0.7602318109479627,0.8643851902173914,0.6661229214902126,0.8853066648017344,minimal_interior
ds_v1_seed0/living_room_contemp_v08,living_room_contemp,0.9228455245305678,0.40424208496610065,0.5757441530829198,0.8373301630434783,0.43596967867444825,0.8474377363411135,minimal_interior
ds_v1_seed0/living_room_contemp_v35,living_room_contemp,0.9659991455613559,0.6154207252669874,0.7619324373410826,0.8886888586956522,0.6568547629485815,0.9070310473060624,minimal_interior
ds_v1_seed0/living_room_contemp_v30,living_room_contemp,0.929330276475675,0.31035340965654556,0.47369420702754034,0.9058763586956522,0.34774121583937534,0.7427039904705182,minimal_interior
ds_v1_seed0/living_room_contemp_v19,living_room_contemp,0.9252277427199433,0.5780846670108415,0.7326408767481801,0.8334408967391305,0.648128497009454,0.8424979622546868,minimal_interior
ds_v2_seed1/living_room_contemp_v60,living_room_contemp,0.9473513395612692,0.6997765184771331,0.8233747329373371,0.8722316576086957,0.7899360302729975,0.8597695513606276,minimal_interior
ds_v2_seed1/living_room_contemp_v26,living_room_contemp,0.9491258924718184,0.7156238430211033,0.8342432939856277,0.8695482336956522,0.7873319755600815,0.8870989949056863,minimal_interior
ds_v1_seed0/living_room_contemp_v50,living_room_contemp,0.971038097860603,0.6240768094534712,0.7685311505229651,0.9135529891304348,0.6656688199149204,0.9089931153184165,minimal_interior
ds_v1_seed0/living_room_contemp_v10,living_room_contemp,0.9259931317859655,0.6870186637063762,0.8144766604976352,0.846773097826087,0.7862786358041847,0.8447724267371923,minimal_interior
ds_v1_seed0/living_room_contemp_v54,living_room_contemp,0.9327035113053024,0.6681463449559676,0.8010644233658097,0.8425611413043478,0.7425206874602164,0.8696300437983413,minimal_interior
ds_v1_seed0/living_room_contemp_v12,living_room_contemp,0.9491715936107565,0.5620964022140221,0.7196692872697745,0.8710088315217391,0.6157392787216573,0.8658081705150977,minimal_interior
ds_v1_seed0/living_room_contemp_v16,living_room_contemp,0.8713175907240651,0.2615844544095665,0.41469194312796204,0.8154211956521739,0.29140175597941265,0.7188200149365198,minimal_interior
ds_v2_seed1/living_room_contemp_v13,living_room_contemp,0.9523969117955842,0.5245984297342073,0.6881791552489842,0.8879076086956522,0.5787507946598855,0.8486366814262409,minimal_interior
ds_v1_seed0/living_room_contemp_v03,living_room_contemp,0.9317602143368006,0.5371875,0.6989225452327709,0.8490828804347826,0.595668495524112,0.8454791376342323,minimal_interior
ds_v2_seed1/living_room_contemp_v55,living_room_contemp,0.8869293258030915,0.2482259635452901,0.3977260060193958,0.8164741847826087,0.2676066901672542,0.774137556953786,minimal_interior
ds_v1_seed0/living_room_contemp_v06,living_room_contemp,0.8802696934042199,0.2778096879188206,0.43482169613425226,0.8078125,0.3045972989993702,0.7595533065782586,minimal_interior
ds_v1_seed0/living_room_contemp_v39,living_room_contemp,0.9642506630619503,0.624905422446406,0.7691591323580769,0.8989639945652174,0.6803267435475013,0.8846737481031867,minimal_interior
ds_v1_seed0/livingroom_v53,livingroom,0.9192885869081533,0.5230539878607177,0.6868489128154932,0.8478600543478261,0.6025515210991168,0.7985693383189725,minimal_interior
ds_v2_seed1/livingroom_v60,livingroom,0.9507288309453381,0.604072249589491,0.7531733682745066,0.8976222826086957,0.7193586233867814,0.7903239666580734,minimal_interior
ds_v1_seed0/livingroom_v16,livingroom,0.9271179122482369,0.5500672453845213,0.7097333964347688,0.875,0.7276403040595181,0.6926866820631254,minimal_interior
ds_v2_seed1/livingroom_v61,livingroom,0.9052282616128633,0.4832656644354219,0.651623881038692,0.8400475543478261,0.5421975992613112,0.8163870608953564,minimal_interior
ds_v1_seed0/livingroom_v12,livingroom,0.9574767879775448,0.6308673952871312,0.7736587255471625,0.9007642663043478,0.7351295641931684,0.8164500040879732,minimal_interior
ds_v1_seed0/livingroom_v59,livingroom,0.8885625096517277,0.5120031291253117,0.6772514147130154,0.8304857336956522,0.6231478726569474,0.741643059490085,minimal_interior
ds_v2_seed1/livingroom_v25,livingroom,0.9321857930319193,0.5143204926249463,0.6792756158683626,0.8847995923913043,0.6989393791962635,0.6606880058866814,minimal_interior
ds_v2_seed1/livingroom_v52,livingroom,0.9073597537316251,0.5093696763202725,0.6749435665914221,0.8483695652173913,0.6226655918312508,0.7368044515103339,minimal_interior
ds_v1_seed0/livingroom_v15,livingroom,0.9549763971628844,0.6125679675132494,0.7597421998378079,0.904398777173913,0.7174526400644902,0.8073294629898403,minimal_interior
ds_v1_seed0/livingroom_v43,livingroom,0.8800827516007808,0.4379031481659767,0.6090857353285796,0.8016813858695652,0.47763309881339916,0.8403695150115473,minimal_interior
ds_v1_seed0/livingroom_v27,livingroom,0.9415173920099731,0.559201966170305,0.7172925359295318,0.8964334239130435,0.6799683572119187,0.758952222113215,minimal_interior
ds_v2_seed1/livingroom_v40,livingroom,0.9154472707651781,0.4559425541909939,0.6263194284397327,0.8623131793478261,0.6650352388410337,0.5918634027354299,minimal_interior
ds_v2_seed1/livingroom_v59,livingroom,0.8761017571112091,0.4473788918730727,0.618191814714271,0.8112941576086956,0.5200624421831638,0.7619652689538331,minimal_interior
ds_v1_seed0/livingroom_v20,livingroom,0.941646684611747,0.5653442240373395,0.7223257547521432,0.8734714673913043,0.6302029136316337,0.8459926663174437,minimal_interior
ds_v1_seed0/livingroom_v62,livingroom,0.9389807287737975,0.5595238095238095,0.7175572519083969,0.8837466032608695,0.6796685687485343,0.7599195944764902,minimal_interior
ds_v1_seed0/livingroom_v39,livingroom,0.9683235490103185,0.6261022927689595,0.7700650759219089,0.9207880434782608,0.7000089629828807,0.8557028596472006,minimal_interior
ds_v2_seed1/livingroom_v11,livingroom,0.9404754924969699,0.616745072351575,0.7629465930018416,0.8906929347826087,0.7242150898538564,0.8060549459101876,minimal_interior
ds_v1_seed0/livingroom_v41,livingroom,0.9491816573539668,0.6133931865699176,0.760376567442924,0.8932235054347826,0.7879769334070622,0.7346442775077331,minimal_interior
ds_v2_seed1/livingroom_v43,livingroom,0.898826090124177,0.48086469175340274,0.6494377162629759,0.8348165760869565,0.7474487679415913,0.5741507870753936,minimal_interior
ds_v2_seed1/livingroom_v02,livingroom,0.9400419103915943,0.48782077393075357,0.6557520670207523,0.8932235054347826,0.7364407821916124,0.590998815633636,minimal_interior
ds_v1_seed0/livingroom_v14,livingroom,0.9577970190063041,0.6150746787078847,0.7616671684803646,0.9058933423913044,0.7063985958193713,0.8263182454503033,minimal_interior
ds_v1_seed0/livingroom_v61,livingroom,0.9267613417518646,0.43554790894653256,0.6068037245321286,0.8551290760869565,0.4583884671634515,0.8973415132924335,minimal_interior
ds_v2_seed1/livingroom_v46,livingroom,0.9508035547529843,0.5798974358974359,0.734095040249286,0.8956521739130435,0.7111353345631394,0.7585867620751342,minimal_interior
ds_v1_seed0/livingroom_v22,livingroom,0.9599825609525314,0.5910267471958585,0.7429501084598699,0.9114470108695653,0.6703140290009786,0.8332411810239965,minimal_interior
ds_v2_seed1/livingroom_v38,livingroom,0.9484928979920042,0.5686700935811256,0.7250346594967021,0.8888417119565217,0.6379565281679728,0.8396419188479128,minimal_interior
ds_v2_seed1/livingroom_v09,livingroom,0.8581201768461164,0.4524191227853825,0.6229870093114086,0.7737601902173913,0.5076099990775759,0.8062413010035895,minimal_interior
ds_v2_seed1/livingroom_v07,livingroom,0.9443822814677921,0.5340693578975887,0.6962779813678309,0.8831691576086956,0.5968511089243812,0.8354524263615173,minimal_interior
ds_v1_seed0/livingroom_v05,livingroom,0.9303890925900118,0.5710703363914373,0.7269825203410285,0.8808933423913043,0.763637850658379,0.6936849925705795,minimal_interior
ds_v2_seed1/livingroom_v28,livingroom,0.9412952321821699,0.5920118525834928,0.7437279460234983,0.8877547554347827,0.7481082767766597,0.7393986121819583,minimal_interior
ds_v2_seed1/livingroom_v26,livingroom,0.884420435594771,0.10762428556022863,0.19433356051017428,0.8594599184782609,0.11236208061247467,0.7185025197984162,minimal_interior
ds_v1_seed0/livingroom_v63,livingroom,0.9056465128927133,0.5214907222979348,0.6854997071691873,0.8449558423913044,0.6276971608832808,0.7550276997799196,minimal_interior
ds_v1_seed0/livingroom_v10,livingroom,0.8994726568570525,0.5203738710354967,0.6845340885542585,0.8448709239130435,0.6713182495596802,0.6982807215332582,minimal_interior
ds_v2_seed1/livingroom_v12,livingroom,0.9449590172879853,0.5606221045665123,0.7184597769390612,0.8872452445652174,0.6122876761835924,0.8691770982967372,minimal_interior
ds_v1_seed0/livingroom_v33,livingroom,0.9583228188995266,0.5758426966292135,0.7308377896613192,0.9076766304347826,0.6550683472394816,0.826427771556551,minimal_interior
ds_v1_seed0/livingroom_v57,livingroom,0.9512073294828719,0.5433906710057338,0.704151814850143,0.8999150815217392,0.6218852531701694,0.8115019671372368,minimal_interior
ds_v2_seed1/livingroom_v10,livingroom,0.9159687084543987,0.513706543430312,0.6787399389397724,0.8427309782608695,0.5767008607475533,0.8246501433147867,minimal_interior
ds_v1_seed0/livingroom_v45,livingroom,0.9388791606163326,0.5728976828950794,0.7284614747993048,0.8885529891304348,0.6919267353195504,0.7690694626474442,minimal_interior
ds_v2_seed1/livingroom_v13,livingroom,0.9596353873853212,0.6335408119960391,0.7756657285126651,0.912007472826087,0.7700971541569942,0.7813154221912073,minimal_interior
ds_v2_seed1/livingroom_v30,livingroom,0.9292267379753525,0.5627120661944164,0.7201737010513485,0.8752377717391304,0.654912013301926,0.7998815366390252,minimal_interior
ds_v1_seed0/minigym_v42,minigym,0.9226980765056159,0.6252158894645942,0.769394261424017,0.745703125,0.6477865089862289,0.9472127417519909,minimal_interior
ds_v2_seed1/minigym_v32,minigym,0.9686726147160266,0.6583476196755902,0.7939802389614521,0.8239979619565218,0.6632015941547659,0.9890050022287158,minimal_interior
ds_v1_seed0/minigym_v55,minigym,0.9438509104541222,0.527035466587779,0.6902727253158836,0.7556216032608696,0.5398471431938319,0.956910957269038,minimal_interior
ds_v1_seed0/minigym_v09,minigym,0.9322178684083222,0.5931430344399627,0.7446199388474497,0.7772927989130435,0.6303208150614923,0.9095537158625939,minimal_interior
ds_v1_seed0/minigym_v33,minigym,0.9703391966908459,0.6487233696536022,0.7869402248964292,0.8165760869565217,0.6529069006154249,0.9902194419620693,minimal_interior
ds_v2_seed1/minigym_v21,minigym,0.9589557048903233,0.6800861683079678,0.8095848667010807,0.8057914402173914,0.6864040660736976,0.9866466433963795,minimal_interior
ds_v1_seed0/minigym_v27,minigym,0.963122854637906,0.7811648234593815,0.877139289043674,0.8813688858695652,0.7825131810193322,0.9977990315738925,minimal_interior
ds_v1_seed0/minigym_v35,minigym,0.9633935487477456,0.646194883661139,0.7850770161841361,0.8130264945652174,0.6540776162128753,0.9816912410897374,minimal_interior
ds_v2_seed1/minigym_v49,minigym,0.9329449868071931,0.6597955583480342,0.7950323219381514,0.7609035326086957,0.6733999260081391,0.9702903443619176,minimal_interior
ds_v2_seed1/minigym_v30,minigym,0.950230887045449,0.514955426289884,0.6798291452719589,0.7606657608695652,0.5301559177888022,0.947258452576928,minimal_interior
ds_v1_seed0/minigym_v31,minigym,0.8884790815046936,0.6298131207226306,0.7728654441601039,0.727156929347826,0.6826173826173826,0.8906122714979309,minimal_interior
ds_v2_seed1/minigym_v15,minigym,0.9267905767313347,0.6414150031280214,0.7815391012092443,0.7858355978260869,0.6925604102060241,0.8967518785035582,minimal_interior
ds_v1_seed0/minigym_v29,minigym,0.9642078381192382,0.597127666472152,0.7477519537196793,0.7889436141304348,0.6011422976501305,0.9889395973154362,minimal_interior
ds_v2_seed1/minigym_v33,minigym,0.9409726264282962,0.08790669122160835,0.16160704209457172,0.873828125,0.08790669122160835,1.0,minimal_interior
ds_v1_seed0/minigym_v40,minigym,0.9690195152225947,0.4913644560208375,0.6589461805089073,0.7844259510869566,0.49280604453018245,0.9940818808269153,minimal_interior
ds_v1_seed0/minigym_v00,minigym,0.9609219511817358,0.6638064810588772,0.7979371262412904,0.8123471467391304,0.6750208855472013,0.9755835792862892,minimal_interior
ds_v1_seed0/minigym_v11,minigym,0.9728308542133598,0.4314536989136058,0.6028189374774124,0.9253396739130435,0.4314536989136058,1.0,minimal_interior
ds_v2_seed1/minigym_v37,minigym,0.8911992115864033,0.6812869549150037,0.8104350693061146,0.7656419836956522,0.7491682117186905,0.8826152004787552,minimal_interior
ds_v1_seed0/minigym_v28,minigym,0.9667831657003593,0.5673326922391994,0.7239467345361996,0.7936820652173913,0.5710956546680052,0.9885192999875885,minimal_interior
ds_v2_seed1/minigym_v52,minigym,0.9639962493220963,0.6412992495309568,0.7814531685361149,0.7921875,0.6429579120620739,0.9959934438171554,minimal_interior
ds_v1_seed0/minigym_v50,minigym,0.9704447407630215,0.5676339285714286,0.7241919407660543,0.8026154891304348,0.5709260991580917,0.9899435541426069,minimal_interior
ds_v1_seed0/minigym_v07,minigym,0.960765132886939,0.6152552402902793,0.7618055957270397,0.7902004076086957,0.6184140500266099,0.9917662415905212,minimal_interior
ds_v2_seed1/minigym_v01,minigym,0.9095715168102999,0.6112091671871182,0.7586962383713091,0.7568274456521739,0.6602622393006952,0.8916221033868093,minimal_interior
ds_v2_seed1/minigym_v07,minigym,0.9745032839389054,0.5724977986498385,0.7281381241250583,0.8021059782608696,0.5742887637554746,0.994582191344254,minimal_interior
ds_v2_seed1/minigym_v26,minigym,0.8869148195713858,0.6535338899238713,0.7904693020279857,0.7441576086956522,0.71417799783849,0.8850094994860934,minimal_interior
ds_v2_seed1/minigym_v50,minigym,0.9150024075563352,0.6156092594577216,0.7620769141473609,0.7563349184782608,0.6629255626081939,0.8961038961038961,minimal_interior
ds_v1_seed0/minigym_v34,minigym,0.9726944606361136,0.5167667189232593,0.6814056670364022,0.7853600543478261,0.5180145649674205,0.9953601414052143,minimal_interior
ds_v2_seed1/minigym_v35,minigym,0.9389408731537748,0.588774341351661,0.7411679884643114,0.7805027173913044,0.6210854898801732,0.9188142410248771,minimal_interior
ds_v1_seed0/minigym_v20,minigym,0.9509003972086232,0.6053894828714815,0.7541963982330955,0.7542798913043478,0.6099645497265658,0.9877620043611767,minimal_interior
ds_v2_seed1/minigym_v53,minigym,0.9669672379895766,0.6508241172348658,0.7884838977576819,0.8053498641304347,0.6545933688790831,0.9912301053315391,minimal_interior
ds_v1_seed0/minigym_v05,minigym,0.9724741283237209,0.6562740183792816,0.7924703413768058,0.8253057065217392,0.6607118826537478,0.9898689516129032,minimal_interior
ds_v2_seed1/minigym_v45,minigym,0.9748155535111128,0.631431838394105,0.7740830153414843,0.9507302989130435,0.6319135410044501,0.9987942122186495,minimal_interior
ds_v1_seed0/minigym_v17,minigym,0.8955011976119255,0.6322477589166507,0.7746958211004484,0.7380264945652174,0.6823889660851217,0.8958818958818959,minimal_interior
ds_v1_seed0/minimal_interior_v42,minimal_interior,0.993989977303685,0.7699413306703283,0.8700190422455744,0.9686990489130435,0.8003114052160374,0.9530284301606922,minimal_interior
ds_v1_seed0/minimal_interior_v65,minimal_interior,0.970278210881127,0.1820250284414107,0.30798845043310874,0.9633661684782608,0.19520130134200894,0.729483282674772,minimal_interior
ds_v1_seed0/minimal_interior_v13,minimal_interior,0.996372657877388,0.8173818707810994,0.8995158187968428,0.9742697010869565,0.8377810723993081,0.9710726048976085,minimal_interior
ds_v2_seed1/minimal_interior_v10,minimal_interior,0.9957309717662839,0.772931974401517,0.8719251336898396,0.9674592391304347,0.7940102264426588,0.9667951378594722,minimal_interior
ds_v2_seed1/minimal_interior_v04,minimal_interior,0.9954281456061816,0.7448080083669505,0.8537420791231376,0.9709918478260869,0.7694088593918814,0.958838238122716,minimal_interior
ds_v2_seed1/minimal_interior_v53,minimal_interior,0.9938103723134772,0.8067473845068767,0.8930383864671436,0.9720788043478261,0.8443651574803149,0.9476663904998619,minimal_interior
ds_v2_seed1/minimal_interior_v27,minimal_interior,0.9950475889527653,0.7681994590144655,0.8689058862653808,0.9665251358695652,0.7867983618405203,0.9701470369820289,minimal_interior
ds_v1_seed0/minimal_interior_v46,minimal_interior,0.9945863070753257,0.5512784490025288,0.7107408078246693,0.9728770380434782,0.5706806282722513,0.941910705712914,minimal_interior
ds_v2_seed1/minimal_interior_v08,minimal_interior,0.9983657688527289,0.781269962948767,0.8772055659159375,0.9709239130434782,0.7872039134912462,0.9904437965662456,minimal_interior
ds_v2_seed1/minimal_interior_v25,minimal_interior,0.9972926875857455,0.6918897162406923,0.8178898536933508,0.9739979619565218,0.7014894919404203,0.9806046776953794,minimal_interior
ds_v2_seed1/minimal_interior_v33,minimal_interior,0.9969028163785218,0.7310269216713363,0.8446164672765658,0.9625,0.7408641975308642,0.9821603927986907,minimal_interior
ds_v2_seed1/minimal_interior_v30,minimal_interior,0.9948435606157671,0.5200671448191668,0.6842686477261319,0.9465862771739131,0.5247921157991993,0.982982405537929,minimal_interior
ds_v1_seed0/minimal_interior_v24,minimal_interior,0.9962148195894154,0.7061713600958658,0.8277848012361286,0.9583559782608696,0.7159518891993683,0.9810221408356917,minimal_interior
ds_v2_seed1/minimal_interior_v29,minimal_interior,0.9970718053522083,0.7459190031152648,0.8544714866890302,0.9653702445652174,0.7559035231721177,0.9826001313197636,minimal_interior
ds_v1_seed0/minimal_interior_v43,minimal_interior,0.994925915690727,0.7025181391378574,0.8252694911005264,0.9644870923913044,0.7207706904101591,0.9652071931196247,minimal_interior
ds_v2_seed1/minimal_interior_v22,minimal_interior,0.996976604205626,0.6044589659811647,0.7534738859607092,0.9650475543478261,0.607612055641422,0.9914880201765448,minimal_interior
ds_v1_seed0/minimal_interior_v11,minimal_interior,0.9975605128812165,0.76612711259224,0.8675786778084776,0.9666270380434783,0.7714525407478428,0.9910700538876058,minimal_interior
ds_v1_seed0/minimal_interior_v09,minimal_interior,0.9969566766901762,0.8401139137510171,0.9131107671899182,0.979976222826087,0.8625730994152047,0.9699389384687647,minimal_interior
ds_v1_seed0/minimal_interior_v40,minimal_interior,0.9903224922105642,0.5221809969349895,0.6860958033064858,0.9496942934782608,0.532927230819888,0.962819750148721,minimal_interior
ds_v1_seed0/minimal_interior_v26,minimal_interior,0.9978335964481924,0.6970162351908732,0.8214608920491274,0.9765455163043478,0.7042784305032144,0.9854218362282878,minimal_interior
ds_v1_seed0/minimal_interior_v63,minimal_interior,0.9952006755227765,0.6627401232330554,0.7971662125340598,0.9683933423913044,0.6779755283648499,0.9672044432689765,minimal_interior
ds_v2_seed1/minimal_interior_v60,minimal_interior,0.9946862680999599,0.7757114328507239,0.8736908694735362,0.9694802989130434,0.8006956969853131,0.9613302397525135,minimal_interior
ds_v1_seed0/minimal_interior_v37,minimal_interior,0.9948732148823849,0.7836129625373477,0.878680497390632,0.9680197010869566,0.8039377505305353,0.9687455604489275,minimal_interior
ds_v2_seed1/minimal_interior_v51,minimal_interior,0.9940900683459438,0.6156278824614574,0.7620911834271267,0.9504585597826087,0.6241816967267869,0.9782244556113903,minimal_interior
ds_v1_seed0/minimal_interior_v29,minimal_interior,0.9961544201277474,0.5390776028721348,0.7005203660506011,0.9433084239130435,0.5420716467647876,0.9898580121703854,minimal_interior
ds_v2_seed1/minimal_interior_v37,minimal_interior,0.9956512932965486,0.7323275337632316,0.8454839162803766,0.9626358695652174,0.7437291486469789,0.9794955248169244,minimal_interior
ds_v2_seed1/minimal_interior_v16,minimal_interior,0.9982090240331899,0.7780705310093231,0.8751852274022569,0.9814028532608695,0.785392798690671,0.9881595881595882,minimal_interior
ds_v1_seed0/minimal_interior_v23,minimal_interior,0.9960776428487512,0.6345842332613391,0.7764472706251548,0.9540251358695652,0.6400272294077604,0.9867758186397985,minimal_interior
ds_v1_seed0/minimal_interior_v04,minimal_interior,0.9973343595724102,0.7364284674719836,0.8482105439611098,0.969242527173913,0.7457627118644068,0.9832879906723669,minimal_interior
ds_v2_seed1/minimal_interior_v35,minimal_interior,0.9972933671443591,0.776790931401192,0.8743751644304131,0.9675611413043478,0.7857902825393073,0.985470719051149,minimal_interior
ds_v2_seed1/minimal_interior_v02,minimal_interior,0.9832148189648435,0.19253650621957816,0.32290249433106577,0.9746433423913043,0.20308043354249858,0.7876106194690266,minimal_interior
ds_v1_seed0/minimal_interior_v31,minimal_interior,0.9969862779694731,0.6766836597799839,0.8071691470635302,0.9590692934782609,0.6815295230374274,0.9896017265057877,minimal_interior
ds_v2_seed1/minimal_interior_v61,minimal_interior,0.9889680159915036,0.4616306954436451,0.6316652994257588,0.9771229619565217,0.4902376910016978,0.8877786318216756,minimal_interior
ds_v2_seed1/minimal_interior_v23,minimal_interior,0.998045009345764,0.7741555380989787,0.8727031215408457,0.970703125,0.7788461538461539,0.9922805839906025,minimal_interior
ds_v1_seed0/minimal_interior_v25,minimal_interior,0.9910063524572967,0.41737474362730737,0.5889405684754522,0.9324558423913043,0.4203304809678371,0.9834311356575768,minimal_interior
ds_v1_seed0/minimal_interior_v18,minimal_interior,0.9942386522893063,0.7442314315233612,0.8533631696722391,0.9621603260869566,0.7660404112017015,0.9631555489526074,minimal_interior
ds_v2_seed1/minimal_interior_v40,minimal_interior,0.995922568011596,0.7907458563535912,0.8831469340532202,0.9742697010869565,0.8045250140528387,0.9787997948367242,minimal_interior
ds_v1_seed0/minimal_interior_v44,minimal_interior,0.9989583727203195,0.5920940776423916,0.7437928272670641,0.9511039402173913,0.5925978445830969,0.9985663082437276,minimal_interior
ds_v2_seed1/minimal_interior_v26,minimal_interior,0.9959065095915515,0.568114588198661,0.7245830023828435,0.9528872282608696,0.5714062010648293,0.9899620184481823,minimal_interior
ds_v2_seed1/scandinavian_v01,scandinavian,0.9471808276694462,0.6954137587238285,0.8203469567774183,0.9273607336956522,0.7977941176470589,0.8442119823636206,minimal_interior
ds_v2_seed1/scandinavian_v02,scandinavian,0.9624819962503536,0.7303705125743905,0.8441781771786765,0.9522927989130435,0.7996006725514923,0.8940195041710727,minimal_interior
ds_v1_seed0/scandinavian_v17,scandinavian,0.9636800433072886,0.7194705069459597,0.8368512330273676,0.9344938858695652,0.7796343001261034,0.9031315621290971,minimal_interior
ds_v1_seed0/scandinavian_v15,scandinavian,0.9071847576853735,0.5402165977123388,0.7014813351767727,0.8716542119565217,0.6410830324909748,0.7744439598778893,minimal_interior
ds_v1_seed0/scandinavian_v10,scandinavian,0.9617418537695916,0.7424517146235712,0.8521920101343708,0.9445142663043479,0.8244047619047619,0.8819177825639105,minimal_interior
ds_v1_seed0/scandinavian_v18,scandinavian,0.8095998499268889,0.40882541206593054,0.5803776799659236,0.7490319293478261,0.47556775874906926,0.7444452538792161,minimal_interior
ds_v2_seed1/scandinavian_v50,scandinavian,0.9569557691211302,0.6408073394495413,0.7810878511361603,0.9168817934782608,0.6853218210361067,0.9079658901830283,minimal_interior
ds_v2_seed1/scandinavian_v31,scandinavian,0.9152661990188568,0.4089302923225185,0.5804833561331509,0.84375,0.4370665384879489,0.8639880548391475,minimal_interior
ds_v2_seed1/scandinavian_v25,scandinavian,0.9616394623150563,0.7040743388134382,0.8263422818791947,0.94375,0.7655688331876033,0.8975965371910241,minimal_interior
ds_v2_seed1/scandinavian_v16,scandinavian,0.9430732939847853,0.6205871423262728,0.7658793854620499,0.9132982336956522,0.6920271838223107,0.8573775541636718,minimal_interior
ds_v1_seed0/scandinavian_v06,scandinavian,0.7902213370974804,0.36263782687676904,0.5322585645636335,0.7437669836956522,0.4187725631768953,0.7301182274389725,minimal_interior
ds_v1_seed0/scandinavian_v50,scandinavian,0.9584615601644825,0.6094336670838548,0.7573268529769136,0.9152004076086957,0.649412353088272,0.9082536721846585,minimal_interior
ds_v1_seed0/scandinavian_v13,scandinavian,0.9416150145322628,0.642258064516129,0.7821646042034964,0.9058254076086957,0.7798057339808867,0.7845377886358263,minimal_interior
ds_v2_seed1/scandinavian_v10,scandinavian,0.8723582360598673,0.4522762006205715,0.6228514939889664,0.7991338315217391,0.49323232323232324,0.8448827753265854,minimal_interior
ds_v2_seed1/scandinavian_v30,scandinavian,0.9501771128220537,0.6025906389797689,0.7520206649445879,0.8989130434782608,0.6443666999857204,0.9028611444577831,minimal_interior
ds_v2_seed1/scandinavian_v61,scandinavian,0.9452718913550818,0.6327787553991361,0.7750943026502719,0.9220278532608696,0.7059610922719971,0.8592375366568915,minimal_interior
ds_v1_seed0/scandinavian_v34,scandinavian,0.9496198008977266,0.5435852881552273,0.7043151969981238,0.8929347826086956,0.5783392389462333,0.9004557447829216,minimal_interior
ds_v1_seed0/scandinavian_v04,scandinavian,0.8571582339831288,0.4809900370817138,0.6495520226854505,0.8027004076086957,0.5681566309567787,0.758169014084507,minimal_interior
ds_v1_seed0/scandinavian_v27,scandinavian,0.9658159596265493,0.6321481366218004,0.7746210315568691,0.9197010869565218,0.6665299425758818,0.9245562130177515,minimal_interior
ds_v2_seed1/scandinavian_v41,scandinavian,0.9609341652697287,0.7205374843967985,0.837572550358484,0.9353600543478261,0.7980644111906311,0.8811961206896551,minimal_interior
ds_v1_seed0/scandinavian_v43,scandinavian,0.9100922397672422,0.5318876128888393,0.6944211943666072,0.8573879076086957,0.6067408585055644,0.81172366853837,minimal_interior
ds_v2_seed1/scandinavian_v24,scandinavian,0.8785554320923361,0.4880259203606311,0.6559373915238728,0.8148267663043478,0.5532605802501996,0.805409175449473,minimal_interior
ds_v2_seed1/scandinavian_v32,scandinavian,0.9581989680932763,0.7418111753371869,0.8517699115044248,0.9431046195652174,0.8246230294722413,0.8807650073206442,minimal_interior
ds_v1_seed0/scandinavian_v55,scandinavian,0.9664520234548097,0.7171218109953288,0.8352602668061732,0.9465183423913044,0.7727976766698935,0.9087080250426864,minimal_interior
ds_v1_seed0/scandinavian_v64,scandinavian,0.961426264026803,0.7391164916219033,0.8499907800110639,0.9447350543478261,0.8187388987566607,0.8837231595092024,minimal_interior
ds_v1_seed0/scandinavian_v32,scandinavian,0.9587892488798887,0.6810156534401165,0.81024308375291,0.9404721467391305,0.7394268774703557,0.8960603520536463,minimal_interior
ds_v2_seed1/scandinavian_v54,scandinavian,0.944529040701803,0.6102338745717265,0.757944400758592,0.9111243206521739,0.6719429180677438,0.869191597708466,minimal_interior
ds_v2_seed1/scandinavian_v37,scandinavian,0.8425401682988294,0.4277988101676582,0.5992424242424242,0.784375,0.5047325321705839,0.7372999844648128,minimal_interior
ds_v2_seed1/scandinavian_v28,scandinavian,0.9486541629768019,0.6767234988880653,0.8071974888368186,0.9259341032608696,0.7615750396262618,0.8586343115124153,minimal_interior
ds_v2_seed1/scandinavian_v39,scandinavian,0.9035395364874113,0.5069721691835908,0.6728354770589364,0.8552819293478261,0.5658013689784321,0.8298134293020173,minimal_interior
ds_v1_seed0/scandinavian_v60,scandinavian,0.958028186476514,0.7113553680625435,0.8313356551630557,0.9366677989130435,0.785671539711037,0.8826354206684595,minimal_interior
ds_v1_seed0/scandinavian_v42,scandinavian,0.9681247915191937,0.758563013599011,0.8627077991894798,0.9436141304347826,0.8458481998053844,0.880253164556962,minimal_interior
ds_v2_seed1/scandinavian_v12,scandinavian,0.8967613581744358,0.4519828510182208,0.6225732634531631,0.8263247282608696,0.4968190386427898,0.8335639454437636,minimal_interior
ds_v1_seed0/scandinavian_v40,scandinavian,0.9482621901036321,0.5493254637436762,0.7091156462585035,0.8910665760869565,0.5853987270685137,0.8991374353076481,minimal_interior
ds_v1_seed0/scandinavian_v07,scandinavian,0.8803184148460864,0.43642187142530314,0.6076513872519351,0.7908118206521739,0.4705476073014307,0.8575024723545805,minimal_interior
ds_v2_seed1/scandinavian_v65,scandinavian,0.937778698064267,0.5839119152815766,0.7373035200354218,0.8992357336956521,0.6486949746786131,0.853948717948718,minimal_interior
ds_v2_seed1/scandinavian_v42,scandinavian,0.9672141023481536,0.7442804428044281,0.8533953881954727,0.9411514945652174,0.8120621628150415,0.8991619115549215,minimal_interior
ds_v1_seed0/scandinavian_v37,scandinavian,0.9591839537277791,0.7306262510723477,0.8443489755452742,0.9360054347826087,0.8144724258846031,0.8765008576329331,minimal_interior
ds_v1_seed0/scandinavian_v45,scandinavian,0.9579097218791458,0.694054468738013,0.8194004166289286,0.9322690217391304,0.7527248523171645,0.8990360727417271,minimal_interior
ds_v2_seed1/scandinavian_v46,scandinavian,0.964675313476149,0.7143379396066388,0.8333688744828762,0.9336447010869565,0.762506829001795,0.9187511754748918,minimal_interior
ds_v1_seed0/sunlight_v02,sunlight,0.9347666718540654,0.3482847776905674,0.5166338498416231,0.5205332880434783,0.3485422538465093,0.9978834579006548,minimal_interior
ds_v1_seed0/sunlight_v20,sunlight,0.9209002174873396,0.3072213389022046,0.47003721521285285,0.5041949728260869,0.30744021468094707,0.9976880394574599,minimal_interior
ds_v2_seed1/sunlight_v49,sunlight,0.9192227166202357,0.3041785395775781,0.46646763513851597,0.4567085597826087,0.3045097227968556,0.9964372238848511,minimal_interior
ds_v2_seed1/sunlight_v55,sunlight,0.9222225103606194,0.15762677689283194,0.27232745482255605,0.4323709239130435,0.15768639217367186,0.9976072738873824,minimal_interior
ds_v1_seed0/sunlight_v59,sunlight,0.9193836314281982,0.1495954502814259,0.26025755450720384,0.507319972826087,0.14970077446608776,0.9953188999414863,minimal_interior
ds_v2_seed1/sunlight_v31,sunlight,0.9569556238291551,0.15907950630498044,0.2744928289037024,0.5730129076086956,0.15908482740165908,0.9997897834769813,minimal_interior
ds_v2_seed1/sunlight_v22,sunlight,0.9305074247223732,0.3317216733235232,0.4981846882399368,0.5140794836956522,0.3320163646990064,0.9973314606741573,minimal_interior
ds_v1_seed0/sunlight_v04,sunlight,0.9211555819080983,0.2270549117402572,0.37008109346669593,0.46306046195652173,0.22719377645130515,0.9973152920962199,minimal_interior
ds_v1_seed0/sunlight_v32,sunlight,0.9511995090602459,0.27151166466460136,0.4270690898242299,0.6086107336956522,0.2716232883210525,0.9984887235526622,minimal_interior
ds_v2_seed1/sunlight_v26,sunlight,0.9392707596237133,0.3066158331464454,0.46932820706463907,0.47489809782608694,0.30715312724658517,0.9943272727272727,minimal_interior
ds_v1_seed0/sunlight_v21,sunlight,0.9464764280313773,0.18625078426100206,0.31401586701926704,0.5374150815217391,0.18631201434548714,0.9982385908726982,minimal_interior
ds_v2_seed1/sunlight_v42,sunlight,0.9531919657636282,0.2955521257190964,0.4562566335261116,0.5736582880434783,0.29559360089811954,0.9995254816361393,minimal_interior
ds_v1_seed0/sunlight_v28,sunlight,0.9585926010889948,0.26628093456180624,0.42057165561598253,0.6037194293478261,0.2663144321791364,0.9995278564683664,minimal_interior
ds_v2_seed1/sunlight_v16,sunlight,0.9291360406577774,0.31788036551381477,0.48241156607546803,0.46372282608695653,0.31818968126973146,0.9969512195121951,minimal_interior
ds_v2_seed1/sunlight_v33,sunlight,0.9355487793027258,0.2661453142170768,0.4204024786549058,0.512313179347826,0.26628822747263986,0.9979875419262099,minimal_interior
ds_v1_seed0/sunlight_v42,sunlight,0.9416967543062541,0.3205060328252571,0.4854291080208487,0.5858525815217391,0.3207205197557371,0.9979177511712649,minimal_interior
ds_v2_seed1/sunlight_v65,sunlight,0.951819781559786,0.30124048836583395,0.4630050956132598,0.5149626358695653,0.3013068376486711,0.9992695398100804,minimal_interior
ds_v2_seed1/sunlight_v41,sunlight,0.9584300504261597,0.2737456967097466,0.4298278650391015,0.562890625,0.273838423756563,0.9987645423659014,minimal_interior
ds_v1_seed0/sunlight_v08,sunlight,0.926713552584168,0.20672289754403375,0.342618670723434,0.4569123641304348,0.20676906280241186,0.9989211220330856,minimal_interior
ds_v2_seed1/sunlight_v53,sunlight,0.9356956238695658,0.2999844992138887,0.4615201171941539,0.46311141304347825,0.30017061443353793,0.9979373848987109,minimal_interior
ds_v1_seed0/sunlight_v11,sunlight,0.944284716555361,0.2977965461923186,0.4589263965388741,0.49448029891304346,0.2979019658744956,0.998813103339136,minimal_interior
ds_v2_seed1/sunlight_v05,sunlight,0.9534821441605301,0.30283959625440837,0.4648916061885983,0.610546875,0.302931695152363,0.9989970915655401,minimal_interior
ds_v1_seed0/sunlight_v43,sunlight,0.9460372695223939,0.1749594633262328,0.2978136161922286,0.5592730978260869,0.17499840997265154,0.9987295825771325,minimal_interior
ds_v2_seed1/sunlight_v02,sunlight,0.9600790824535184,0.21870448933071615,0.35891307736270583,0.5808763586956521,0.21873218922170856,0.9994212962962963,minimal_interior
ds_v1_seed0/sunlight_v50,sunlight,0.9633841893435642,0.21106448371653172,0.34856027330405076,0.5466032608695652,0.211083197872026,0.9995801259622114,minimal_interior
ds_v1_seed0/sunlight_v25,sunlight,0.9534576142054146,0.0924830471793392,0.16930797675647122,0.5726902173913043,0.0924930558060676,0.9988313206077133,minimal_interior
ds_v2_seed1/sunlight_v64,sunlight,0.9397682642626001,0.31382978723404253,0.47773279352226716,0.5333389945652174,0.313963074924426,0.9986490781945327,minimal_interior
ds_v1_seed0/sunlight_v26,sunlight,0.954561034695358,0.25170549958018473,0.40218006498270614,0.5156419836956522,0.2517385257301808,0.9994790581371119,minimal_interior
ds_v1_seed0/sunlight_v44,sunlight,0.927227972910404,0.2721641758144866,0.4278758685218235,0.4392153532608696,0.27226620212132574,0.998625040439987,minimal_interior
ds_v2_seed1/sunlight_v21,sunlight,0.9447545121113123,0.32406735205264514,0.4895028210615681,0.5097995923913043,0.3242116114521344,0.9986288518438334,minimal_interior
ds_v1_seed0/sunlight_v19,sunlight,0.9218672134664884,0.3013932265709792,0.46318548524355796,0.46433423913043476,0.3016738720762665,0.9969228514909517,minimal_interior
ds_v2_seed1/sunlight_v54,sunlight,0.9258885081092492,0.3022380625594935,0.464182504334818,0.46467391304347827,0.30233176111074206,0.9989756347406161,minimal_interior
ds_v1_seed0/sunlight_v47,sunlight,0.9455827563185004,0.10753622289100555,0.1941899879541698,0.5114639945652174,0.10756959746749015,0.9971231300345225,minimal_interior
ds_v1_seed0/sunlight_v16,sunlight,0.9132006988373569,0.1797854660824898,0.3047765398898707,0.44677309782608693,0.17993498147728132,0.9953994144709327,minimal_interior
ds_v1_seed0/sunlight_v24,sunlight,0.9273838346383285,0.2921859635482174,0.4522351608678724,0.47432065217391306,0.2923798627002288,0.997735436514134,minimal_interior
ds_v2_seed1/sunlight_v23,sunlight,0.9520731502852197,0.23115676892766676,0.37551151041309466,0.5360563858695652,0.23118279569892472,0.9995132043324815,minimal_interior
ds_v2_seed1/sunlight_v19,sunlight,0.9189958232882918,0.24698139006697722,0.3961268260045348,0.4481657608695652,0.24716469142101724,0.9970062681261109,minimal_interior
ds_v1_seed0/sunlight_v07,sunlight,0.929180373958075,0.22281735404392072,0.3644327639071397,0.45784646739130436,0.22288789849248677,0.9985815602836879,minimal_interior
ds_v2_seed1/sunlight_v25,sunlight,0.9614325490287526,0.21770245987979428,0.3575626510622058,0.5711447010869565,0.21772269558481797,0.9995732574679943,minimal_interior
ds_v2_seed1/sunlight_v45,sunlight,0.9289697947953637,0.34096663351116735,0.5085385795444968,0.5048743206521739,0.34162306629521416,0.9943960970464135,minimal_interior
ds_v2_seed1/terrazzo_v37,terrazzo,0.9161574518277559,0.6061884669479606,0.754816112084063,0.8288043478260869,0.8051476311556225,0.7104070326450254,minimal_interior
ds_v2_seed1/terrazzo_v38,terrazzo,0.954809826829106,0.5905621096460791,0.7425828970331588,0.9098165760869565,0.7136600819977637,0.773949070331447,minimal_interior
ds_v1_seed0/terrazzo_v07,terrazzo,0.9249770577385542,0.5775450689289502,0.7322073775312999,0.8376188858695652,0.8030842958957974,0.6728264786122407,minimal_interior
ds_v1_seed0/terrazzo_v15,terrazzo,0.9040409384807504,0.6561669171194081,0.7923922526609668,0.7979279891304348,0.8516879219804951,0.740815660685155,minimal_interior
ds_v1_seed0/terrazzo_v11,terrazzo,0.921205674821386,0.599140154772141,0.7493278847187869,0.8020550271739131,0.8572834645669292,0.6655205348615091,minimal_interior
ds_v2_seed1/terrazzo_v13,terrazzo,0.9372394269239013,0.6171157421538974,0.7632301462008374,0.7656589673913043,0.9493298044907368,0.6381348637015782,minimal_interior
ds_v1_seed0/terrazzo_v53,terrazzo,0.9436691423760272,0.554405838143993,0.7133347347768201,0.8610394021739131,0.7955611128477649,0.6465134002286295,minimal_interior
ds_v2_seed1/terrazzo_v03,terrazzo,0.9571864933185757,0.5520178986317873,0.7113550676424929,0.9115828804347826,0.6200463947419292,0.8342002600780234,minimal_interior
ds_v2_seed1/terrazzo_v10,terrazzo,0.9382003700767969,0.7167546089594327,0.8350111369660167,0.7748131793478261,0.9725499289834488,0.7315541601255887,minimal_interior
ds_v1_seed0/terrazzo_v60,terrazzo,0.9177612542387369,0.7117397510110222,0.8315980867893499,0.7530400815217392,0.9693034557235422,0.7281521893443121,minimal_interior
ds_v2_seed1/terrazzo_v58,terrazzo,0.874346223573933,0.6427958833619211,0.7825632993996345,0.7594938858695652,0.851107177448983,0.7242369124083442,minimal_interior
ds_v1_seed0/terrazzo_v49,terrazzo,0.9633574311821481,0.6580075401539017,0.7937328681784201,0.7750679347826087,0.9772204325816843,0.6682576313857128,minimal_interior
ds_v1_seed0/terrazzo_v03,terrazzo,0.9095264347124863,0.6824857385605049,0.8112826431972299,0.7778532608695652,0.9147849287434112,0.7288210286188304,minimal_interior
ds_v2_seed1/terrazzo_v40,terrazzo,0.927450339620016,0.6141729044994654,0.7609753611741025,0.8406759510869565,0.8517567875884098,0.687681326272162,minimal_interior
ds_v2_seed1/terrazzo_v07,terrazzo,0.9269733885275484,0.6002210468145575,0.7501726689689194,0.8279891304347826,0.8063421359635168,0.7013190665067798,minimal_interior
ds_v2_seed1/terrazzo_v43,terrazzo,0.968429074283403,0.58913813459268,0.7414561664190192,0.7990489130434782,0.9689873779199268,0.6004600955583083,minimal_interior
ds_v2_seed1/terrazzo_v47,terrazzo,0.9428756464847149,0.5965852025443589,0.7473264835395261,0.8567425271739131,0.8675754625121713,0.656353591160221,minimal_interior
ds_v1_seed0/terrazzo_v19,terrazzo,0.9651494695142769,0.5979005843734219,0.7483576765920943,0.8106827445652174,0.9465478841870824,0.6187933995370716,minimal_interior
ds_v1_seed0/terrazzo_v20,terrazzo,0.9224212267912656,0.564006400640064,0.7212328548134412,0.8519191576086956,0.6690592003796417,0.7822317775157778,minimal_interior
ds_v1_seed0/terrazzo_v04,terrazzo,0.9237643059336992,0.6000951498610311,0.7500743314085412,0.7287533967391304,0.9574145094279323,0.616552185433871,minimal_interior
ds_v2_seed1/terrazzo_v63,terrazzo,0.9197094151691588,0.5547570850202429,0.7136254150120436,0.8505774456521739,0.6454309938765898,0.7979327413014995,minimal_interior
ds_v1_seed0/terrazzo_v05,terrazzo,0.9176131678337811,0.6956180510137344,0.8204890843169019,0.7628736413043479,0.9524207509999403,0.7206613063510705,minimal_interior
ds_v1_seed0/terrazzo_v22,terrazzo,0.9485887543580133,0.5689636343780714,0.7252731955175054,0.8659307065217391,0.8101383921629607,0.6565020161290323,minimal_interior
ds_v2_seed1/terrazzo_v16,terrazzo,0.9284026324120961,0.6293107294222618,0.7724870622381642,0.858882472826087,0.7563944447423454,0.7892793196060878,minimal_interior
ds_v1_seed0/terrazzo_v42,terrazzo,0.9105698723200965,0.6296548392763043,0.7727462577976583,0.7135360054347826,0.9633822689555548,0.6450938048319611,minimal_interior
ds_v1_seed0/terrazzo_v58,terrazzo,0.9093140629200278,0.595111147567878,0.746168877918338,0.8323369565217391,0.7687824520504397,0.7248476371265861,minimal_interior
ds_v1_seed0/terrazzo_v23,terrazzo,0.9684229051147365,0.6618470149253731,0.7965197866966041,0.8153023097826086,0.965131041987848,0.6780605906151445,minimal_interior
ds_v2_seed1/terrazzo_v04,terrazzo,0.971662577532623,0.5224940463303746,0.6863659632557876,0.8127038043478261,0.9551211017888238,0.53564453125,minimal_interior
ds_v1_seed0/terrazzo_v55,terrazzo,0.8942951748118784,0.600217757101851,0.7501700995855757,0.7942085597826087,0.7918171926006529,0.712685105382747,minimal_interior
ds_v1_seed0/terrazzo_v41,terrazzo,0.9541935672537067,0.5163201956542188,0.6810173697270471,0.9126698369565217,0.6057161774442728,0.7776990648909039,minimal_interior
ds_v1_seed0/terrazzo_v47,terrazzo,0.9310660124600745,0.6249141286924662,0.7691657271702368,0.8609035326086957,0.7108622036988799,0.8378876266502917,minimal_interior
ds_v2_seed1/terrazzo_v48,terrazzo,0.9464491655775721,0.6310178244211228,0.7737718312736186,0.8495244565217391,0.8601759863752484,0.7031416771079865,minimal_interior
ds_v1_seed0/terrazzo_v18,terrazzo,0.8745911727231052,0.64631154509461,0.7851631084291132,0.7527004076086956,0.8673033671240914,0.7172354304814276,minimal_interior
ds_v1_seed0/terrazzo_v61,terrazzo,0.9686794445864213,0.5922774172960323,0.7439374707729307,0.9349014945652174,0.7241513850955911,0.7648351648351648,minimal_interior
ds_v2_seed1/terrazzo_v56,terrazzo,0.9317409313991392,0.5934198611530335,0.7448380375071036,0.8627377717391305,0.672060164083865,0.8352924514941227,minimal_interior
ds_v2_seed1/terrazzo_v55,terrazzo,0.8896341146307722,0.6027221231511591,0.752123046715209,0.7427139945652174,0.8940714230140823,0.6490722697619249,minimal_interior
ds_v2_seed1/terrazzo_v51,terrazzo,0.9087406838187491,0.5707838394049897,0.7267503332873627,0.7980978260869566,0.8608690917011544,0.6287884814255031,minimal_interior
ds_v2_seed1/terrazzo_v19,terrazzo,0.8920784795781863,0.580511078179781,0.7345865349432859,0.8028872282608696,0.7679912016449099,0.7039666885820732,minimal_interior
ds_v2_seed1/terrazzo_v06,terrazzo,0.9163902098708812,0.628087235316915,0.771564596407704,0.8207201086956522,0.8109079330422125,0.7358622967060183,minimal_interior
ds_v2_seed1/terrazzo_v53,terrazzo,0.9465384951315023,0.6414439276255759,0.7815605721645991,0.7263756793478261,0.9802067745884914,0.6498613334535862,minimal_interior
ds_v2_seed1/bedroom_v36,bedroom,0.865308097027304,0.23407255480066658,0.37934974550742706,0.8985224184782609,0.4223918575063613,0.3442684766214178,scandinavian
ds_v2_seed1/bedroom_v60,bedroom,0.8716463974665025,0.1944538958829534,0.32559464463751603,0.9195822010869565,0.30431309904153353,0.35007656967840733,scandinavian
ds_v2_seed1/bedroom_v58,bedroom,0.7308269013312425,0.1868063398107403,0.31480509253182837,0.6453464673913043,0.6440655209452202,0.2083116206357478,scandinavian
ds_v1_seed0/bedroom_v40,bedroom,0.7889439454959073,0.25083074878156847,0.4010626522027894,0.7702615489130434,0.5444163962014665,0.317468105986261,scandinavian
ds_v1_seed0/bedroom_v61,bedroom,0.9027974084337761,0.23611718408395277,0.38203042094092676,0.9109884510869565,0.4558244231851435,0.32880048711183274,scandinavian
ds_v1_seed0/bedroom_v12,bedroom,0.8053769409122699,0.23590523248447992,0.3817529472065607,0.7951426630434782,0.568202624351541,0.2874343933312751,scandinavian
ds_v2_seed1/bedroom_v62,bedroom,0.79464160769401,0.24212962962962964,0.3898620946701453,0.8053838315217391,0.5503607937462417,0.30183856871959763,scandinavian
ds_v1_seed0/bedroom_v32,bedroom,0.8141893967690778,0.22218276515151514,0.36358353510895886,0.7768002717391305,0.5931426765681782,0.2621325326443684,scandinavian
ds_v2_seed1/bedroom_v59,bedroom,0.7717466612493834,0.2453180540081702,0.39398457802581693,0.758406929347826,0.5844287158746209,0.2971531392584024,scandinavian
ds_v2_seed1/bedroom_v24,bedroom,0.789435483303077,0.18862369887498687,0.31738168951791246,0.8689368206521739,0.4383093085756169,0.24875207986688852,scandinavian
ds_v1_seed0/bedroom_v46,bedroom,0.8864928490641565,0.18444009257610824,0.31143844882008115,0.9221976902173913,0.2591943957968476,0.39006024096385544,scandinavian
ds_v1_seed0/bedroom_v58,bedroom,0.874179939072524,0.21352562307476897,0.3519095419406947,0.9046025815217391,0.39152759948652116,0.3195725062866723,scandinavian
ds_v1_seed0/bedroom_v14,bedroom,0.8173238524061195,0.23797850273430135,0.3844630616907844,0.7941066576086957,0.5328641801548205,0.3007148530579825,scandinavian
ds_v2_seed1/bedroom_v08,bedroom,0.855411699510326,0.22226660009985022,0.363695776488849,0.8677139945652174,0.4586853492684937,0.3012994044396318,scandinavian
ds_v1_seed0/bedroom_v38,bedroom,0.8061020148070461,0.21006502685891998,0.347196261682243,0.7627377717391305,0.6142526455026455,0.24198801459093278,scandinavian
ds_v2_seed1/bedroom_v47,bedroom,0.8179013491014869,0.27426707186271004,0.43047031178760564,0.7242017663043478,0.6752117944768401,0.3159493410214168,scandinavian
ds_v1_seed0/bedroom_v31,bedroom,0.8530787306159102,0.2130017761989343,0.3511977976922626,0.8118716032608696,0.5837227414330218,0.2511518807070453,scandinavian
ds_v2_seed1/bedroom_v50,bedroom,0.8077019182301572,0.18440868152960282,0.31139366741460983,0.7185461956521739,0.6823893644144965,0.2017227456258412,scandinavian
ds_v2_seed1/bedroom_v39,bedroom,0.8003035405162439,0.2191926182237601,0.3595701203360327,0.7125679347826087,0.6628069196428571,0.24670266902066673,scandinavian
ds_v1_seed0/bedroom_v48,bedroom,0.7182158877796989,0.20272658419591014,0.3371116708648195,0.731827445652174,0.506752492742648,0.25256337673774926,scandinavian
ds_v2_seed1/bedroom_v12,bedroom,0.848429091471477,0.2381442334674025,0.3846793080003022,0.8616677989130435,0.4321846885078934,0.3465831745167438,scandinavian
ds_v2_seed1/bedroom_v11,bedroom,0.8608536306395246,0.21168489547279523,0.3494058500914076,0.9032948369565217,0.38640384129390953,0.31887382690302396,scandinavian
ds_v1_seed0/bedroom_v07,bedroom,0.7922812486645264,0.1978202160493827,0.33030034624365895,0.8587466032608696,0.37021660649819493,0.29815380142462566,scandinavian
ds_v2_seed1/bedroom_v44,bedroom,0.7555883266957969,0.19135456621988536,0.3212386499294577,0.6813349184782609,0.6497877945265623,0.21335896203748198,scandinavian
ds_v2_seed1/bedroom_v38,bedroom,0.8151893696289522,0.24207427536231885,0.38979033728350043,0.8294667119565218,0.4844410876132931,0.3260803253685816,scandinavian
ds_v1_seed0/bedroom_v63,bedroom,0.7838383166270163,0.22853279242731575,0.372041827187672,0.7868376358695652,0.5431701972242513,0.2829097549840207,scandinavian
ds_v2_seed1/bedroom_v63,bedroom,0.810439015957154,0.24411312762157897,0.39242914844610605,0.6908797554347826,0.7266658425021635,0.2687945856959941,scandinavian
ds_v2_seed1/bedroom_v04,bedroom,0.9434449111848867,0.2745677888989991,0.43084062109584154,0.9458389945652174,0.4447310243183493,0.41779162339910003,scandinavian
ds_v2_seed1/bedroom_v48,bedroom,0.7453449977139669,0.20358617290036354,0.3382992883837608,0.7804857336956522,0.4957239309827457,0.2567609574137395,scandinavian
ds_v2_seed1/bedroom_v13,bedroom,0.8395921900824791,0.23177083333333334,0.37632135306553904,0.8547044836956522,0.5145534290271132,0.29663257096885415,scandinavian
ds_v1_seed0/bedroom_v59,bedroom,0.7330472189807162,0.20447568625706278,0.3395264654822147,0.6963145380434783,0.5944897167248738,0.23761761968772618,scandinavian
ds_v1_seed0/bedroom_v54,bedroom,0.8773097678402646,0.19633439507075348,0.3282266160359653,0.7386039402173913,0.8335180669474618,0.20434782608695654,scandinavian
ds_v1_seed0/bedroom_v29,bedroom,0.8867043287310323,0.18205645161290324,0.3080334299846495,0.9310971467391305,0.2694717994628469,0.35947452229299365,scandinavian
ds_v1_seed0/bedroom_v41,bedroom,0.7904376560727139,0.19950318273560005,0.33264302355682107,0.7372961956521739,0.6136580706781279,0.22816051136363635,scandinavian
ds_v1_seed0/bedroom_v56,bedroom,0.7886803039609825,0.23577712609970675,0.3815851922164215,0.6901834239130434,0.6615728223815681,0.2681149063884522,scandinavian
ds_v2_seed1/bedroom_v55,bedroom,0.7900979655703019,0.2064606066432726,0.34225834727866766,0.719633152173913,0.6530332978561654,0.23189892554397712,scandinavian
ds_v1_seed0/bedroom_v33,bedroom,0.8491692190436716,0.19760479041916168,0.33000000000000007,0.8406929347826086,0.457154165842074,0.25818710182183974,scandinavian
ds_v2_seed1/bedroom_v14,bedroom,0.802244110524106,0.21057752847575983,0.3478959810874704,0.7657608695652174,0.609711634073583,0.24338449325218312,scandinavian
ds_v2_seed1/bedroom_v30,bedroom,0.7312081669906888,0.20494579945799457,0.34017430418892325,0.760835597826087,0.485813704496788,0.2617159336697909,scandinavian
ds_v2_seed1/blue_bathroom_v51,blue_bathroom,0.9623305179027735,0.4865964133850989,0.6546449446586246,0.9056725543478261,0.9311869803644083,0.5047463802857417,scandinavian
ds_v2_seed1/blue_bathroom_v23,blue_bathroom,0.9512240982766192,0.4106678893473942,0.5822318526543878,0.9345108695652173,0.8535578144853876,0.44179546201907266,scandinavian
ds_v1_seed0/blue_bathroom_v42,blue_bathroom,0.9134820982967057,0.008253094910591471,0.016371077762619375,0.9877547554347826,0.01904761904761905,0.014354066985645933,scandinavian
ds_v1_seed0/blue_bathroom_v14,blue_bathroom,0.9283405910536074,0.43617175075899955,0.6074088987316288,0.9337635869565217,0.6514791621679983,0.5689232509900056,scandinavian
ds_v1_seed0/blue_bathroom_v19,blue_bathroom,0.9605817436091995,0.46433058774256597,0.6341881971589284,0.9348335597826087,0.8641205507924136,0.5009036144578313,scandinavian
ds_v2_seed1/blue_bathroom_v36,blue_bathroom,0.9458117934712051,0.45606736007924714,0.6264371725967752,0.906742527173913,0.8850442137639369,0.4847846688427925,scandinavian
ds_v2_seed1/blue_bathroom_v29,blue_bathroom,0.9316568980621235,0.4506481838018226,0.621305963546275,0.9273097826086957,0.7800488780271051,0.5162476106454933,scandinavian
ds_v1_seed0/blue_bathroom_v53,blue_bathroom,0.9021098661805487,0.05354659248956885,0.10165016501650166,0.9768851902173913,0.14076782449725778,0.07954545454545454,scandinavian
ds_v1_seed0/blue_bathroom_v11,blue_bathroom,0.9594262859190534,0.4287317620650954,0.6001571091908876,0.9394870923913043,0.8467384420519316,0.4648009734051799,scandinavian
ds_v1_seed0/blue_bathroom_v50,blue_bathroom,0.9577074982486972,0.5351441812564367,0.6971907756813417,0.938671875,0.8350743270389714,0.5983877932920685,scandinavian
ds_v2_seed1/blue_bathroom_v10,blue_bathroom,0.932027647031191,0.32995471209833943,0.49618939516782873,0.9472316576086957,0.6986301369863014,0.38471209454362587,scandinavian
ds_v1_seed0/blue_bathroom_v32,blue_bathroom,0.9422669861294632,0.463626723223754,0.6335313722648892,0.9140964673913043,0.8628379711861062,0.5005151688609044,scandinavian
ds_v1_seed0/blue_bathroom_v09,blue_bathroom,0.9493412258204151,0.40407952491608573,0.5755792570798088,0.8824048913043478,0.9531059683313033,0.4122760800842993,scandinavian
ds_v2_seed1/blue_bathroom_v41,blue_bathroom,0.9555807795465494,0.48361507224478234,0.6519414385741567,0.907133152173913,0.8963766847540696,0.5122536761028309,scandinavian
ds_v1_seed0/blue_bathroom_v28,blue_bathroom,0.9580854812887711,0.4374307862679956,0.6086286594761171,0.9482336956521739,0.8266480641785838,0.48160942897785003,scandinavian
ds_v2_seed1/blue_bathroom_v33,blue_bathroom,0.8906982012513193,0.0018050541516245488,0.0036036036036036032,0.9812160326086956,0.006329113924050633,0.0025188916876574307,scandinavian
ds_v2_seed1/blue_bathroom_v09,blue_bathroom,0.9192772091926845,0.19951870487858236,0.3326645996717125,0.9378566576086956,0.7130570758405004,0.21693625118934348,scandinavian
ds_v2_seed1/blue_bathroom_v30,blue_bathroom,0.9396845386192212,0.44494756911344135,0.615866732640607,0.9208899456521739,0.8667595171773445,0.4776157585060118,scandinavian
ds_v1_seed0/blue_bathroom_v18,blue_bathroom,0.9460774191876757,0.46660189458343454,0.636303411725737,0.9254076086956522,0.819714102837636,0.519962105832995,scandinavian
ds_v1_seed0/blue_bathroom_v37,blue_bathroom,0.9097019859434788,0.4346262272771459,0.6059086597099879,0.9012228260869565,0.7472839712518803,0.5095156695156695,scandinavian
ds_v1_seed0/blue_bathroom_v22,blue_bathroom,0.9464181406460855,0.4084305524983491,0.5799796827381417,0.9087126358695652,0.8727657572906867,0.4342890579286132,scandinavian
ds_v1_seed0/blue_bathroom_v03,blue_bathroom,0.8745016328956038,0.01107011070110701,0.0218978102189781,0.9863451086956522,0.024,0.020134228187919462,scandinavian
ds_v1_seed0/blue_bathroom_v29,blue_bathroom,0.9360367229247648,0.44910954133917025,0.6198420871953313,0.9059612771739131,0.8598095238095238,0.48459473966720346,scandinavian
ds_v1_seed0/blue_bathroom_v16,blue_bathroom,0.9668327757070118,0.52866156531078,0.6916659348379731,0.9403702445652173,0.8749166851810709,0.5718849840255591,scandinavian
ds_v1_seed0/blue_bathroom_v47,blue_bathroom,0.9473995857656866,0.48692403486924035,0.6549413735343383,0.9370244565217392,0.8738515023590763,0.5237386515850573,scandinavian
ds_v2_seed1/blue_bathroom_v48,blue_bathroom,0.9462883749867627,0.4841835280706754,0.6524577572964669,0.9385190217391305,0.7174831081081081,0.5982394366197183,scandinavian
ds_v1_seed0/blue_bathroom_v43,blue_bathroom,0.9417393601621568,0.4341044698000628,0.6054014598540146,0.9081861413043478,0.866304574890328,0.4652754403680018,scandinavian
ds_v1_seed0/blue_bathroom_v44,blue_bathroom,0.9349548510246459,0.44871084003326867,0.6194622524160368,0.9324558423913043,0.8423106947697112,0.48986077481840196,scandinavian
ds_v1_seed0/blue_bathroom_v08,blue_bathroom,0.9377570439453224,0.37593353248693057,0.5464414139358165,0.8864639945652174,0.912324422292705,0.3900242130750605,scandinavian
ds_v2_seed1/blue_bathroom_v28,blue_bathroom,0.9561394421523556,0.21894409937888198,0.35923566878980895,0.9658288043478261,0.42058165548098436,0.31350750416898276,scandinavian
ds_v2_seed1/blue_bathroom_v07,blue_bathroom,0.9563019454806495,0.48144458281444585,0.6499663752521857,0.9292798913043478,0.867399596140902,0.5196935071918268,scandinavian
ds_v2_seed1/blue_bathroom_v20,blue_bathroom,0.9365518256612437,0.4255827283148643,0.5970649333243986,0.8978770380434783,0.8583815028901735,0.45772115483406967,scandinavian
ds_v2_seed1/blue_bathroom_v53,blue_bathroom,0.937112081314809,0.49202644885258656,0.6595411887382691,0.9334578804347826,0.8371939113170086,0.5440860215053763,scandinavian
ds_v2_seed1/blue_bathroom_v25,blue_bathroom,0.959444313655527,0.468463132958247,0.6380318612623513,0.9390285326086957,0.8071428571428572,0.5275091697232411,scandinavian
ds_v2_seed1/blue_bathroom_v56,blue_bathroom,0.9389309430691752,0.4594973573508791,0.629665213214101,0.9148947010869565,0.8700980392156863,0.493341053850608,scandinavian
ds_v1_seed0/computer_room_v17,computer_room,0.8672158341346587,0.4363131079203335,0.6075459529184134,0.7726392663043479,0.8255258126195029,0.48063453778004545,scandinavian
ds_v1_seed0/computer_room_v40,computer_room,0.9332140430574419,0.533278553820871,0.6956055734190784,0.8745923913043478,0.7237090410018872,0.6696031746031746,scandinavian
ds_v2_seed1/computer_room_v29,computer_room,0.9191009518742209,0.4713653190099441,0.6407182674757043,0.8763077445652174,0.6361677115987461,0.645334393322071,scandinavian
ds_v2_seed1/computer_room_v43,computer_room,0.8377990334763563,0.41647432744333873,0.5880435944011112,0.7380774456521739,0.8504867872044506,0.4493753572303421,scandinavian
ds_v1_seed0/computer_room_v43,computer_room,0.9289127581353597,0.5444253143423593,0.7050199310857376,0.8516983695652174,0.8226251478123768,0.6168351362534729,scandinavian
ds_v2_seed1/computer_room_v39,computer_room,0.9252729629302081,0.5636345501695591,0.720928749122919,0.8513926630434783,0.7681642085230749,0.6791659155098853,scandinavian
ds_v1_seed0/computer_room_v59,computer_room,0.9326638108034864,0.5655593500983132,0.7225013220518244,0.8574048913043478,0.8376762722256285,0.6351696885169689,scandinavian
ds_v2_seed1/computer_room_v07,computer_room,0.9167728438661058,0.504762978411589,0.6708870242732994,0.85078125,0.7005945861367548,0.6435963777490298,scandinavian
ds_v2_seed1/computer_room_v00,computer_room,0.8987426511634041,0.48800443766467894,0.6559179869524696,0.8118885869565218,0.8268327067669173,0.5435588507877664,scandinavian
ds_v2_seed1/computer_room_v36,computer_room,0.9203821781994138,0.4463179001093693,0.6171781460709559,0.8968240489130435,0.6631906825568797,0.5771361225692399,scandinavian
ds_v1_seed0/computer_room_v04,computer_room,0.8540081897124557,0.43867136206279095,0.6098284481506835,0.6805536684782608,0.9014473200049061,0.4607692548822921,scandinavian
ds_v2_seed1/computer_room_v40,computer_room,0.9090194513807346,0.5047450893842419,0.6708712232326195,0.847554347826087,0.7657793403649757,0.5968941667754143,scandinavian
ds_v2_seed1/computer_room_v16,computer_room,0.8393202423273328,0.4330411740725642,0.6043666880022758,0.7165591032608696,0.8234496124031008,0.4773620941467251,scandinavian
ds_v2_seed1/computer_room_v56,computer_room,0.8859558630867577,0.4501655806003632,0.6208471454880296,0.8251698369565217,0.7353634063345258,0.5371916629485627,scandinavian
ds_v1_seed0/computer_room_v42,computer_room,0.9050415671740789,0.48449175964786567,0.6527375534409047,0.8289402173913043,0.8214161749392572,0.541533180778032,scandinavian
ds_v2_seed1/computer_room_v06,computer_room,0.9105283502560011,0.5129648760330578,0.678092246765218,0.8398607336956522,0.7364479050797182,0.6283057066936606,scandinavian
ds_v2_seed1/computer_room_v63,computer_room,0.8869903663225901,0.5196970800262142,0.6839482510781025,0.7759510869565217,0.8230409963674105,0.5850719350739845,scandinavian
ds_v1_seed0/computer_room_v12,computer_room,0.9108096676159817,0.5122466621842282,0.677464430894309,0.8275135869565218,0.8082752349196727,0.5830964356002624,scandinavian
ds_v2_seed1/computer_room_v24,computer_room,0.8480481640589215,0.43415471294887154,0.6054503172202028,0.7032099184782609,0.8815832730620028,0.46104119386562137,scandinavian
ds_v2_seed1/computer_room_v48,computer_room,0.8518913124359679,0.402679794955083,0.5741578318920288,0.8001188858695653,0.7076977968067077,0.48301473274077683,scandinavian
ds_v1_seed0/computer_room_v29,computer_room,0.9587394257887978,0.6038434661076171,0.7529955121781186,0.9037194293478261,0.6909483447944986,0.8272857826711345,scandinavian
ds_v1_seed0/computer_room_v64,computer_room,0.833007930494876,0.40888998035363455,0.5804427401080704,0.7138417119565217,0.8265957446808511,0.44725430753290607,scandinavian
ds_v1_seed0/computer_room_v26,computer_room,0.8918891687274586,0.4658081205713643,0.635564933819298,0.838671875,0.6782117415868337,0.5979641928963326,scandinavian
ds_v2_seed1/computer_room_v22,computer_room,0.8809220779075271,0.4828381040191107,0.6512350912893563,0.790421195652174,0.794496931246121,0.55174560605335,scandinavian
ds_v1_seed0/computer_room_v58,computer_room,0.9172557902779012,0.47897774113767516,0.6477146042363434,0.8604619565217392,0.656497175141243,0.6391639163916392,scandinavian
ds_v2_seed1/computer_room_v25,computer_room,0.9067573848622212,0.4481182137317332,0.618897282669974,0.8851902173913043,0.6610067437379576,0.5818316726733093,scandinavian
ds_v1_seed0/computer_room_v53,computer_room,0.9176694596386274,0.5012792288927232,0.6678027901077996,0.8576426630434782,0.7577801762906997,0.5969250389684002,scandinavian
ds_v2_seed1/computer_room_v10,computer_room,0.8659572610384144,0.477307955733391,0.6461861304963155,0.7537364130434783,0.8271489255372314,0.5301913990550172,scandinavian
ds_v1_seed0/computer_room_v50,computer_room,0.8911151437887531,0.39869064390486453,0.5700912430382745,0.8767663043478261,0.5975655198112035,0.5450322873003285,scandinavian
ds_v1_seed0/computer_room_v25,computer_room,0.9586385214877374,0.5967420947888258,0.7474495683884965,0.9070822010869565,0.6959511733860569,0.8071784646061815,scandinavian
ds_v1_seed0/computer_room_v62,computer_room,0.9505091915107087,0.5295884406201802,0.6924587379928886,0.9015794836956522,0.6240076518412243,0.7777777777777778,scandinavian
ds_v1_seed0/computer_room_v08,computer_room,0.9096479814831625,0.5503199534613147,0.7099437148217637,0.8030740489130435,0.8463557199093403,0.6114007497091646,scandinavian
ds_v2_seed1/computer_room_v55,computer_room,0.904346534483337,0.535610961219647,0.6975867908552075,0.7573709239130435,0.890071305099395,0.5735519353940407,scandinavian
ds_v1_seed0/computer_room_v48,computer_room,0.9067658159565025,0.4775806258242417,0.6464359608909084,0.8519870923913043,0.7325303420375138,0.5784505917374574,scandinavian
ds_v2_seed1/computer_room_v02,computer_room,0.9160837150058356,0.45304172027200884,0.6235770301037186,0.8989130434782608,0.6499670402109426,0.5992463838580284,scandinavian
ds_v1_seed0/computer_room_v28,computer_room,0.9269721383978035,0.5013764126340191,0.6678890229191797,0.8831012228260869,0.7159408296265646,0.6258817145957678,scandinavian
ds_v2_seed1/computer_room_v49,computer_room,0.8258657290993163,0.41910170366546207,0.5906577415599534,0.7133491847826087,0.8330710816172949,0.4575239526582754,scandinavian
ds_v2_seed1/computer_room_v08,computer_room,0.9282053536533054,0.5569826814760225,0.7154641963621611,0.8570652173913044,0.7885088307623519,0.6548053716195309,scandinavian
ds_v1_seed0/computer_room_v16,computer_room,0.9068378396868252,0.49676550750336584,0.6637853491586407,0.7397248641304348,0.9053803339517625,0.5239678581324466,scandinavian
ds_v2_seed1/computer_room_v46,computer_room,0.901944893267416,0.47925254190711736,0.6479658183169236,0.8390794836956522,0.7469590543087202,0.5721409356341447,scandinavian
ds_v2_seed1/green_house_v56,green_house,0.9262729830025678,0.2910944357921563,0.45092663669261984,0.8299252717391304,0.3013558079882741,0.8952754191160461,scandinavian
ds_v2_seed1/green_house_v33,green_house,0.9318964555115861,0.49108637124354215,0.6586960765176654,0.8812160326086956,0.5722886458068346,0.7758363030233361,scandinavian
ds_v1_seed0/green_house_v38,green_house,0.9500735694527254,0.5097724003722819,0.6752970186056938,0.9015964673913044,0.5847243788819876,0.7990716180371353,scandinavian
ds_v2_seed1/green_house_v52,green_house,0.9381816516925694,0.44668886422493526,0.6175327332242226,0.8729959239130435,0.49017538161740826,0.8343007186290768,scandinavian
ds_v2_seed1/green_house_v11,green_house,0.9235058329657043,0.5175812000699749,0.6821133525456293,0.8594938858695652,0.59932478055368,0.7914400356665181,scandinavian
ds_v1_seed0/green_house_v61,green_house,0.9554053744126321,0.47322239031770047,0.6424317108235778,0.8817255434782608,0.49544626593806923,0.9134180172287926,scandinavian
ds_v1_seed0/green_house_v37,green_house,0.9310465197029799,0.4763112787110045,0.6452721530744937,0.8702785326086957,0.5465774980330449,0.7874631602811154,scandinavian
ds_v2_seed1/green_house_v04,green_house,0.9437756749927962,0.5077267637178051,0.6734997029114677,0.8880095108695653,0.577628673348055,0.8075279031109001,scandinavian
ds_v1_seed0/green_house_v62,green_house,0.9421634798093209,0.5027944669554283,0.6691460183162102,0.8791270380434782,0.5555384021613277,0.841164095371669,scandinavian
ds_v1_seed0/green_house_v56,green_house,0.9309411572989652,0.4736055032151937,0.6427846559772682,0.8804347826086957,0.5562483533854395,0.7612065857469055,scandinavian
ds_v1_seed0/green_house_v36,green_house,0.9276342678631273,0.4429042904290429,0.6139066788655078,0.870991847826087,0.4948377581120944,0.808433734939759,scandinavian
ds_v1_seed0/green_house_v06,green_house,0.9268430215063699,0.5165903531330365,0.6812523263989413,0.8691066576086957,0.6003353014068081,0.7873804971319311,scandinavian
ds_v2_seed1/green_house_v63,green_house,0.9380009520421356,0.4608722078711442,0.63095485749948,0.8794836956521739,0.5143729330959044,0.8158708809683928,scandinavian
ds_v2_seed1/green_house_v08,green_house,0.933631055677365,0.5112173358827279,0.6765636202606384,0.8697520380434782,0.5719480889903024,0.8280169299060597,scandinavian
ds_v2_seed1/green_house_v13,green_house,0.93129143314167,0.5115721763259129,0.6768742959656223,0.8684612771739131,0.5787258329171721,0.815112540192926,scandinavian
ds_v1_seed0/green_house_v20,green_house,0.9261559152399381,0.42203508771929826,0.5935649427556257,0.8601222826086956,0.46947697111631537,0.8068151328145962,scandinavian
ds_v2_seed1/green_house_v41,green_house,0.9306203765350533,0.4827015942316597,0.6511109128223432,0.8671875,0.5498455278426645,0.7980969047358635,scandinavian
ds_v2_seed1/green_house_v45,green_house,0.9240997309245008,0.43593716982461084,0.6071813989993132,0.8639945652173913,0.5002829197316304,0.7721771678103556,scandinavian
ds_v2_seed1/green_house_v59,green_house,0.7989830889775915,0.2538534130229632,0.40491721023582544,0.7985733695652174,0.3141789301565055,0.5693523352617469,scandinavian
ds_v2_seed1/green_house_v27,green_house,0.9283872366163951,0.45685097871124447,0.6271759917618791,0.8708729619565218,0.5176042088223392,0.7955959193829311,scandinavian
ds_v2_seed1/green_house_v55,green_house,0.9526972598334841,0.5569927821053384,0.7154725294900629,0.8947180706521739,0.6239692578656633,0.8384251290877797,scandinavian
ds_v1_seed0/green_house_v00,green_house,0.93128400150317,0.4807743304163352,0.6493553008595989,0.8669836956521739,0.545345164686419,0.8023899092719629,scandinavian
ds_v1_seed0/green_house_v52,green_house,0.9270709613280971,0.4818014705882353,0.6502915271058181,0.8563688858695652,0.5412679837543883,0.8143123446561723,scandinavian
ds_v2_seed1/green_house_v36,green_house,0.9255884940513582,0.5215400373561487,0.6855423118045382,0.865132472826087,0.6014034600152852,0.7970534069981584,scandinavian
ds_v1_seed0/green_house_v10,green_house,0.9214037846687446,0.44371975594361457,0.6146895948703003,0.8652853260869565,0.5052303761079614,0.7846955227582786,scandinavian
ds_v2_seed1/green_house_v37,green_house,0.9202340814841262,0.49396471680594245,0.6612802983219391,0.8519021739130435,0.5693645484949833,0.788586251621271,scandinavian
ds_v2_seed1/green_house_v40,green_house,0.9339399342313949,0.49920684185116215,0.6659612642038919,0.8766813858695652,0.5819263547194082,0.77836326486719,scandinavian
ds_v2_seed1/green_house_v09,green_house,0.9298198333182761,0.41069495561809916,0.5822590546347453,0.8613111413043478,0.44867549668874174,0.8291083916083916,scandinavian
ds_v2_seed1/green_house_v28,green_house,0.9551055922346422,0.5268141444612033,0.6900828714121069,0.9040930706521739,0.5889461358313818,0.8331566392790882,scandinavian
ds_v2_seed1/green_house_v24,green_house,0.9388642762901904,0.48127653123104913,0.6498132132439487,0.8837805706521739,0.5503163734072982,0.7932283858070964,scandinavian
ds_v2_seed1/green_house_v46,green_house,0.912603776488203,0.4653982465957844,0.6351832993890021,0.8539741847826087,0.5516250276365244,0.7485748574857486,scandinavian
ds_v1_seed0/green_house_v30,green_house,0.9222355800113652,0.5033690289977139,0.6696546480451399,0.8597995923913043,0.5918511706868501,0.7710099520825654,scandinavian
ds_v1_seed0/green_house_v16,green_house,0.9175380494096663,0.4961599414848226,0.6632445204921371,0.8596127717391304,0.5864975862814323,0.763101153088966,scandinavian
ds_v1_seed0/green_house_v09,green_house,0.9392588068595016,0.5132688747171363,0.6783578031538879,0.8794497282608695,0.5803225306249031,0.8162486368593239,scandinavian
ds_v2_seed1/green_house_v51,green_house,0.9347781497436166,0.43235714823458554,0.6037001997266898,0.8719429347826086,0.48062599380701315,0.8115020488907729,scandinavian
ds_v2_seed1/green_house_v42,green_house,0.9154468566323549,0.46038415366146457,0.6304973284011508,0.8625849184782609,0.538623595505618,0.7601585728444004,scandinavian
ds_v2_seed1/green_house_v30,green_house,0.9508653781303432,0.5271783222456596,0.690395240118997,0.9010190217391304,0.5904052335089951,0.8311588641596316,scandinavian
ds_v1_seed0/green_house_v44,green_house,0.9269499587729908,0.41909255898366604,0.5906486597094333,0.8640964673913043,0.4646651641983258,0.8103593486805165,scandinavian
ds_v2_seed1/green_house_v07,green_house,0.9458168069460573,0.5121759003861612,0.6774025432562018,0.8948709239130435,0.5838124326266618,0.8067279046673287,scandinavian
ds_v2_seed1/gym_v06,gym,0.8760697799639885,0.5052627550044015,0.6713283157038241,0.78046875,0.5743560737904629,0.8076970141948115,scandinavian
ds_v2_seed1/gym_v26,gym,0.8718009248245695,0.5011457717327026,0.6676843530715253,0.7707710597826087,0.5693231441048034,0.8071313768676707,scandinavian
ds_v2_seed1/gym_v51,gym,0.860588608029448,0.5056139225278691,0.6716382134391562,0.7906080163043478,0.6076040863531226,0.7507591545102709,scandinavian
ds_v2_seed1/gym_v01,gym,0.8798680908849843,0.5486285195277021,0.7085346971332052,0.7889945652173913,0.6406057777966317,0.7925785965464757,scandinavian
ds_v2_seed1/gym_v17,gym,0.8749106883886671,0.5636317266003571,0.7209264394062959,0.7965862771739131,0.6838778126519606,0.7622191564840363,scandinavian
ds_v2_seed1/gym_v00,gym,0.8779033760665267,0.5268250809629716,0.6900922542229946,0.794038722826087,0.6192157761981197,0.7792912386009465,scandinavian
ds_v2_seed1/gym_v04,gym,0.9104800346971624,0.3956126606079599,0.566937620694301,0.8362262228260869,0.4392484342379958,0.7992908699506142,scandinavian
ds_v2_seed1/gym_v54,gym,0.8793065505616726,0.49676792586780255,0.6637875081132358,0.7712635869565218,0.5556484306432065,0.8241894488872358,scandinavian
ds_v2_seed1/gym_v35,gym,0.8410198619893895,0.41501342805163305,0.586585851164784,0.7706351902173914,0.48985121938749426,0.7309276777540433,scandinavian
ds_v2_seed1/gym_v25,gym,0.896314104205175,0.49133472461664096,0.6589194451204673,0.8095788043478261,0.5621301775147929,0.7959723651330295,scandinavian
ds_v1_seed0/gym_v49,gym,0.8626251895759269,0.4932818701525689,0.6606681297244575,0.7636548913043478,0.5617199485839864,0.8019297934055526,scandinavian
ds_v1_seed0/gym_v27,gym,0.8825990048997586,0.4678935522309016,0.6375033823396771,0.7952275815217391,0.5255279072072965,0.8101169099105983,scandinavian
ds_v2_seed1/gym_v24,gym,0.8412529219893488,0.4181908466440454,0.5897525676937442,0.7612092391304348,0.5017376625955714,0.7152158527954706,scandinavian
ds_v1_seed0/gym_v01,gym,0.8837350706124708,0.5339356034283067,0.6961643008154637,0.7949728260869565,0.6152408914987322,0.8015997217875153,scandinavian
ds_v1_seed0/gym_v55,gym,0.896843894307479,0.5023716136094135,0.6687714398469992,0.8146908967391304,0.5749856449339666,0.7991149158444574,scandinavian
ds_v2_seed1/gym_v55,gym,0.8715370919778996,0.3631464451695837,0.5328062094229444,0.7812330163043478,0.40235551903588057,0.7884285100901675,scandinavian
ds_v2_seed1/gym_v09,gym,0.8769520730687073,0.4808016629407381,0.6493802309566692,0.7751698369565218,0.5401154337577654,0.8140646789295438,scandinavian
ds_v1_seed0/gym_v59,gym,0.8440883975984563,0.39096442179227076,0.5621487015297048,0.7909646739130435,0.46856837860277545,0.7024359886201992,scandinavian
ds_v2_seed1/gym_v40,gym,0.8804988772750496,0.5355502831777131,0.6975353253420391,0.7938688858695652,0.6234130696244822,0.7916619527095825,scandinavian
ds_v2_seed1/gym_v05,gym,0.882277702692993,0.4665336477417014,0.6362399505256648,0.8002038043478261,0.5426446542539164,0.7688513564008669,scandinavian
ds_v2_seed1/gym_v33,gym,0.8657029592183425,0.4751160185629701,0.6441744413104794,0.7771739130434783,0.547382005899705,0.7825513969425408,scandinavian
ds_v1_seed0/gym_v22,gym,0.880774757126097,0.3817872993260643,0.5525992307387287,0.8083729619565218,0.42448979591836733,0.7914584279872785,scandinavian
ds_v2_seed1/gym_v49,gym,0.8552151851060209,0.47344399867496045,0.6426358912869704,0.75703125,0.5437061459125877,0.7855746915842189,scandinavian
ds_v1_seed0/gym_v04,gym,0.8740105458695212,0.4370550682037386,0.6082648854229922,0.7918308423913043,0.5134624723466249,0.7460018814675446,scandinavian
ds_v1_seed0/gym_v00,gym,0.8777335059099656,0.5267892061008995,0.6900614754098361,0.7944972826086957,0.6203371096988118,0.7774443033591135,scandinavian
ds_v1_seed0/gym_v20,gym,0.8646596960220173,0.49349183658114515,0.6608564231738034,0.7713315217391304,0.5635848083863206,0.7987092060399416,scandinavian
ds_v1_seed0/gym_v30,gym,0.8701950035038064,0.3600607697501688,0.5294774730048405,0.8068444293478261,0.41641179150126895,0.7268287142208087,scandinavian
ds_v1_seed0/gym_v42,gym,0.8704351130164448,0.50353385930309,0.669800491937688,0.7948029891304348,0.6007157213588902,0.7568402198752393,scandinavian
ds_v1_seed0/gym_v31,gym,0.8603211225318121,0.4548198525197723,0.6252593429104184,0.7576596467391304,0.5087179487179487,0.8110649315255161,scandinavian
ds_v1_seed0/gym_v03,gym,0.8538042494486177,0.45423531692188407,0.6247067605033056,0.7609035326086957,0.5205010883568033,0.78108126124925,scandinavian
ds_v1_seed0/gym_v63,gym,0.9090812823676121,0.5454545454545454,0.7058823529411765,0.8126698369565217,0.6018825883315903,0.8533298949132874,scandinavian
ds_v2_seed1/gym_v63,gym,0.8702261130046112,0.40433473300250244,0.5758381153729991,0.7614809782608696,0.4436842595178256,0.8201135581555402,scandinavian
ds_v2_seed1/gym_v13,gym,0.8802054168972495,0.45346830246769604,0.623981000064189,0.8010190217391304,0.5228592943201377,0.7735954162024511,scandinavian
ds_v2_seed1/gym_v37,gym,0.864180925192824,0.42931397799110277,0.6007273203813518,0.7930197010869565,0.5096731154102735,0.7313921021140806,scandinavian
ds_v1_seed0/gym_v50,gym,0.8956445153413654,0.47994849153789554,0.6486016159105034,0.8079483695652174,0.5417921295815595,0.8078649945812045,scandinavian
ds_v2_seed1/gym_v58,gym,0.8641509060052258,0.38443365834800913,0.5553659520337564,0.7566066576086956,0.4223889754117703,0.8105415685564209,scandinavian
ds_v1_seed0/gym_v07,gym,0.8437513173449452,0.40489296636085625,0.5764040052242055,0.7521229619565217,0.4582371942778034,0.7766914352757137,scandinavian
ds_v1_seed0/gym_v39,gym,0.8655896160030683,0.48827088859416445,0.6561586231863878,0.7903023097826087,0.5833622183708839,0.7497136311569301,scandinavian
ds_v1_seed0/gym_v09,gym,0.8818121089888751,0.5166922641661952,0.6813409369503811,0.7969089673913043,0.6033603926750991,0.7824703146039907,scandinavian
ds_v2_seed1/gym_v41,gym,0.8664341305528921,0.5083211447997786,0.6740224342174232,0.7887567934782609,0.6193526635198922,0.7392779119236519,scandinavian
ds_v2_seed1/living_room_contemp_v02,living_room_contemp,0.9353905680897856,0.5082994304312449,0.6740033446620272,0.897367527173913,0.642497171654839,0.7087587928295893,scandinavian
ds_v2_seed1/living_room_contemp_v51,living_room_contemp,0.9229074188097262,0.541705467606758,0.7027353524894295,0.8829823369565217,0.6929884275017019,0.7127603710834938,scandinavian
ds_v1_seed0/living_room_contemp_v64,living_room_contemp,0.875105863849647,0.5587137966844878,0.7168908081431214,0.8051460597826087,0.7296930727884664,0.7045300223106024,scandinavian
ds_v2_seed1/living_room_contemp_v06,living_room_contemp,0.9166582131749313,0.5418095182753211,0.7028228997851732,0.8660835597826086,0.6757501087114075,0.7321554770318022,scandinavian
ds_v1_seed0/living_room_contemp_v01,living_room_contemp,0.9017693782187199,0.5833440597245463,0.7368506625477604,0.8350713315217392,0.7875347544022243,0.6922959417485616,scandinavian
ds_v1_seed0/living_room_contemp_v40,living_room_contemp,0.9480130394394105,0.4718420462194301,0.6411585365853658,0.9200407608695652,0.5483702737940026,0.7717431192660551,scandinavian
ds_v2_seed1/living_room_contemp_v57,living_room_contemp,0.9199832493535889,0.5740674593049957,0.7294064252601551,0.8582370923913043,0.7433102081268583,0.7160132382892057,scandinavian
ds_v1_seed0/living_room_contemp_v41,living_room_contemp,0.9125888469196178,0.5184574012956851,0.6828738176695511,0.8661854619565217,0.6423595335453581,0.7288426840793882,scandinavian
ds_v1_seed0/living_room_contemp_v62,living_room_contemp,0.9622191651120592,0.42836218375499335,0.5997949100400857,0.9270889945652174,0.4706656912948061,0.8265673175745119,scandinavian
ds_v2_seed1/living_room_contemp_v56,living_room_contemp,0.9033299827111136,0.5928489515072084,0.744388161785503,0.8311650815217392,0.7994145910421384,0.6964491916859122,scandinavian
ds_v2_seed1/living_room_contemp_v61,living_room_contemp,0.8425999618058049,0.5236345294711053,0.6873492551430598,0.7754415760869565,0.6965064455839364,0.6784297250618494,scandinavian
ds_v2_seed1/living_room_contemp_v41,living_room_contemp,0.9036816835227558,0.5336378008080098,0.6959111212919482,0.8647248641304348,0.7318130721053476,0.6633670572821894,scandinavian
ds_v1_seed0/living_room_contemp_v47,living_room_contemp,0.9404905529076242,0.3170209730346697,0.4814212978008883,0.9186990489130434,0.35792525773195877,0.7350314257360239,scandinavian
ds_v2_seed1/living_room_contemp_v33,living_room_contemp,0.9074784540801255,0.5069561126419786,0.6728213361876728,0.8754076086956522,0.6300534580688273,0.7218181818181818,scandinavian
ds_v2_seed1/living_room_contemp_v42,living_room_contemp,0.9208748689120931,0.5484594196399974,0.7083936623505563,0.8802819293478261,0.7067855373947499,0.7100091218177295,scandinavian
ds_v2_seed1/living_room_contemp_v35,living_room_contemp,0.8667474685343345,0.38145705762286075,0.552253224981531,0.8661854619565217,0.4876555600160578,0.6365780165072711,scandinavian
ds_v1_seed0/living_room_contemp_v21,living_room_contemp,0.9246661731711885,0.4443493964452048,0.6152934982890234,0.9007133152173913,0.5263454176987165,0.740418118466899,scandinavian
ds_v1_seed0/living_room_contemp_v17,living_room_contemp,0.890023074777454,0.5833839380598148,0.7368824756106331,0.813569972826087,0.7924012784823178,0.6886340217732181,scandinavian
ds_v1_seed0/living_room_contemp_v36,living_room_contemp,0.8596672061673465,0.550450226002776,0.7100521084406491,0.7854789402173913,0.7402833620524603,0.6821931101407084,scandinavian
ds_v1_seed0/living_room_contemp_v15,living_room_contemp,0.9051428335983412,0.4665841584158416,0.6362869198312237,0.8755604619565217,0.5950236746820166,0.6836995946234266,scandinavian
ds_v1_seed0/living_room_contemp_v28,living_room_contemp,0.9416463732890852,0.5272481862662393,0.6904551480335837,0.9048233695652174,0.6434012765081326,0.7449344457687723,scandinavian
ds_v1_seed0/living_room_contemp_v65,living_room_contemp,0.9320193685676944,0.4963731443994602,0.6634349811171864,0.8985903532608696,0.6062010712814174,0.7326030125731359,scandinavian
ds_v2_seed1/living_room_contemp_v17,living_room_contemp,0.8970043809018988,0.5541531121231837,0.7131255058468924,0.8254245923913044,0.7935896639542829,0.6474761808230286,scandinavian
ds_v2_seed1/living_room_contemp_v22,living_room_contemp,0.9119216469478791,0.5608628659476117,0.7186574531095756,0.8596297554347826,0.7000928505106778,0.7382334428981048,scandinavian
ds_v1_seed0/living_room_contemp_v08,living_room_contemp,0.8702931863394164,0.35637023593466427,0.5254763433954185,0.8494225543478261,0.4456650022696323,0.6401095318816012,scandinavian
ds_v1_seed0/living_room_contemp_v35,living_room_contemp,0.9216755388901664,0.5401034928848641,0.7013859722805545,0.8792459239130435,0.6817996243978117,0.7221309348784918,scandinavian
ds_v1_seed0/living_room_contemp_v30,living_room_contemp,0.9342703901435204,0.32676518883415434,0.49257425742574246,0.9164402173913043,0.37677500788892393,0.7111375818939845,scandinavian
ds_v1_seed0/living_room_contemp_v19,living_room_contemp,0.8787232263813163,0.5276815810130674,0.6908266586066192,0.826273777173913,0.6669000933706816,0.7165339519719105,scandinavian
ds_v2_seed1/living_room_contemp_v60,living_room_contemp,0.8901010314573519,0.5536057491434779,0.712672117039587,0.8185461956521739,0.7892072190124486,0.6496690365285609,scandinavian
ds_v2_seed1/living_room_contemp_v26,living_room_contemp,0.8911790069576186,0.5816833605093563,0.7355244102992072,0.817000679347826,0.7905761924862811,0.6876405525723989,scandinavian
ds_v1_seed0/living_room_contemp_v50,living_room_contemp,0.9259078573750819,0.4956896551724138,0.6628242074927954,0.8847486413043478,0.615881809787627,0.717512908777969,scandinavian
ds_v1_seed0/living_room_contemp_v10,living_room_contemp,0.8716281420354018,0.5699441850668726,0.7260693602844175,0.7919327445652173,0.7629699248120301,0.692573476090944,scandinavian
ds_v1_seed0/living_room_contemp_v54,living_room_contemp,0.887736779740785,0.5739147137917787,0.7292831165027216,0.8116338315217392,0.7658276516122418,0.6960674680831237,scandinavian
ds_v1_seed0/living_room_contemp_v12,living_room_contemp,0.900432212758942,0.48317261638674247,0.6515392895586652,0.8625509510869566,0.6323443376514835,0.6719360568383659,scandinavian
ds_v1_seed0/living_room_contemp_v16,living_room_contemp,0.8848169127985078,0.2975724353954581,0.4586602293301147,0.84765625,0.33886213661494563,0.7094846900672144,scandinavian
ds_v2_seed1/living_room_contemp_v13,living_room_contemp,0.9034207602530447,0.4511185076244291,0.6217528137835387,0.8795686141304347,0.5733398917855386,0.6790957818690282,scandinavian
ds_v1_seed0/living_room_contemp_v03,living_room_contemp,0.8835884519178547,0.48900297532232656,0.6568193394193473,0.8512398097826087,0.629090363254278,0.6871055004508566,scandinavian
ds_v2_seed1/living_room_contemp_v55,living_room_contemp,0.9003720006616106,0.28217657777041577,0.44015244493249783,0.8528023097826087,0.313373804267844,0.739205901497071,scandinavian
ds_v1_seed0/living_room_contemp_v06,living_room_contemp,0.8899857979193808,0.30715519183121853,0.46995979322228604,0.8432744565217392,0.3502868396266804,0.7138370266969115,scandinavian
ds_v1_seed0/living_room_contemp_v39,living_room_contemp,0.9203302585306035,0.535833444548245,0.6977754605491832,0.8818614130434783,0.6797595868957927,0.7167722931357672,scandinavian
ds_v1_seed0/livingroom_v53,livingroom,0.7814949633488197,0.2815031982942431,0.43933280645563827,0.7710767663043478,0.4498679614958685,0.4292797919037555,scandinavian
ds_v2_seed1/livingroom_v60,livingroom,0.826372664623171,0.3327899535108374,0.4993884484711211,0.8123131793478261,0.528070511592259,0.4736615966314342,scandinavian
ds_v1_seed0/livingroom_v16,livingroom,0.802146315510649,0.30133407448582544,0.4631156294049806,0.7865319293478261,0.5201995969676615,0.41732101616628176,scandinavian
ds_v2_seed1/livingroom_v61,livingroom,0.7662325432833537,0.26854732401792775,0.4233934657910051,0.7644021739130434,0.38382696510663955,0.47205487070164054,scandinavian
ds_v1_seed0/livingroom_v12,livingroom,0.8381842718659537,0.34776528174348814,0.5160620865580008,0.8099014945652174,0.5476234171407598,0.487940479110457,scandinavian
ds_v1_seed0/livingroom_v59,livingroom,0.7382619975721949,0.26711703487310573,0.42161383285302595,0.7273097826086956,0.4290322580645161,0.41444759206798865,scandinavian
ds_v2_seed1/livingroom_v25,livingroom,0.8199537452918995,0.2862997658079625,0.4451524806554392,0.813671875,0.49443882709807885,0.40480132450331124,scandinavian
ds_v2_seed1/livingroom_v52,livingroom,0.7644357811947381,0.2753220907091233,0.4317687158638249,0.7649966032608696,0.44660606575482115,0.4178855325914149,scandinavian
ds_v1_seed0/livingroom_v15,livingroom,0.8345894052349355,0.3210767818904864,0.4860834529708702,0.8115319293478261,0.49654650392657773,0.4760522496371553,scandinavian
ds_v1_seed0/livingroom_v43,livingroom,0.7499104437443336,0.27228100276427414,0.42802022850721116,0.7406759510869565,0.35998739760554505,0.5277598152424943,scandinavian
ds_v1_seed0/livingroom_v27,livingroom,0.8562094088255883,0.33578811369509043,0.5027565528581102,0.8253736413043479,0.49575584167858844,0.5099578141862062,scandinavian
ds_v2_seed1/livingroom_v40,livingroom,0.7885911390242154,0.2668633815284745,0.4212978059346905,0.7890115489130435,0.4527432919503404,0.39393675407265444,scandinavian
ds_v2_seed1/livingroom_v59,livingroom,0.7382137797268995,0.26046488962526193,0.4132838475218434,0.7422554347826087,0.38012943602873195,0.4527742481999153,scandinavian
ds_v1_seed0/livingroom_v20,livingroom,0.8219153311590142,0.34721516844421874,0.5154561447599899,0.8035326086956521,0.4954106280193237,0.537192247249869,scandinavian
ds_v1_seed0/livingroom_v62,livingroom,0.8075944935355285,0.3005474235392122,0.46218602735965597,0.8003566576086957,0.48497359577532406,0.4414438035308513,scandinavian
ds_v1_seed0/livingroom_v39,livingroom,0.8799888981975252,0.36765237509941434,0.5376400930429266,0.851460597826087,0.5194606190622126,0.5571381614988495,scandinavian
ds_v2_seed1/livingroom_v11,livingroom,0.828484573918798,0.35394318365586763,0.5228331409005852,0.7964504076086957,0.5352135637430714,0.511012530157989,scandinavian
ds_v1_seed0/livingroom_v41,livingroom,0.8320643468196309,0.3353562598336705,0.5022723447231106,0.7991168478260869,0.5859022187315924,0.43953454116953894,scandinavian
ds_v2_seed1/livingroom_v43,livingroom,0.7586342925077378,0.2853211437100611,0.44396864566700533,0.7397758152173913,0.5155499367888748,0.3898413103052705,scandinavian
ds_v2_seed1/livingroom_v02,livingroom,0.8268534207086302,0.264813094131942,0.41873869801084995,0.8253057065217392,0.48982020095187734,0.3656731148835373,scandinavian
ds_v1_seed0/livingroom_v14,livingroom,0.8515324252614102,0.3463654978244177,0.5145192718977235,0.8265115489130435,0.5242107301956227,0.5051796546896874,scandinavian
ds_v1_seed0/livingroom_v61,livingroom,0.8405097404978265,0.2796313949793454,0.43704991308666497,0.8074898097826086,0.34375,0.59986366734833,scandinavian
ds_v2_seed1/livingroom_v46,livingroom,0.8471074751634208,0.3449602780536246,0.5129672358098754,0.8207540760869565,0.5298379408960915,0.4971377459749553,scandinavian
ds_v1_seed0/livingroom_v22,livingroom,0.8516913739920083,0.3212823047592148,0.48631893971782814,0.8367527173913043,0.4705760678456924,0.503151608979321,scandinavian
ds_v2_seed1/livingroom_v38,livingroom,0.8176797655861588,0.2952036424873698,0.4558412790137725,0.8080842391304348,0.45123462675183523,0.4605429600077844,scandinavian
ds_v2_seed1/livingroom_v09,livingroom,0.711645839354312,0.2700866034061244,0.4253042315095756,0.7008322010869565,0.38341176470588234,0.47747417771591827,scandinavian
ds_v2_seed1/livingroom_v07,livingroom,0.8522818179169422,0.3325400398790764,0.49910701356373993,0.8237601902173913,0.4583739693235216,0.5477855477855478,scandinavian
ds_v1_seed0/livingroom_v05,livingroom,0.7927270512365029,0.30250325097529257,0.4644951953076251,0.7813688858695652,0.5277436430664524,0.4147845468053492,scandinavian
ds_v2_seed1/livingroom_v28,livingroom,0.8093500667643291,0.3025658492279746,0.46456898805892094,0.7913383152173913,0.5342822774659182,0.4109483423284503,scandinavian
ds_v2_seed1/livingroom_v26,livingroom,0.7339826214261176,0.0410691493355357,0.07889802394345882,0.7830842391304348,0.04384066682696161,0.3938084953203744,scandinavian
ds_v1_seed0/livingroom_v63,livingroom,0.7658152127327911,0.29412054120541203,0.4545489107706346,0.7563349184782608,0.45543196708822187,0.4536692722167413,scandinavian
ds_v1_seed0/livingroom_v10,livingroom,0.7674036076725979,0.2913250527762777,0.4512032847964111,0.7548403532608695,0.48996779786970523,0.41812288613303267,scandinavian
ds_v2_seed1/livingroom_v12,livingroom,0.832026145330454,0.3123461349089119,0.4760118182244525,0.8102411684782609,0.43836918027122745,0.5207264518776934,scandinavian
ds_v1_seed0/livingroom_v33,livingroom,0.8624228831294901,0.34155080980364055,0.5091880341880342,0.8439538043478261,0.48682328907048006,0.5337066069428892,scandinavian
ds_v1_seed0/livingroom_v57,livingroom,0.8608836656330954,0.32523957057424885,0.4908389061055836,0.8409476902173914,0.4629268792944313,0.5223327933348761,scandinavian
ds_v2_seed1/livingroom_v10,livingroom,0.7738348891145618,0.3049129322025393,0.46733069261239085,0.7647588315217392,0.42967258326851,0.5122239082785365,scandinavian
ds_v1_seed0/livingroom_v45,livingroom,0.8208852213806361,0.3260908601185132,0.49180771834800274,0.8087805706521739,0.5086834733893557,0.4760157273918742,scandinavian
ds_v2_seed1/livingroom_v13,livingroom,0.8331841109973037,0.3113898894547261,0.47490054934646714,0.8116847826086957,0.5194778284293411,0.4373691556175855,scandinavian
ds_v2_seed1/livingroom_v30,livingroom,0.7946826016262011,0.31236101318001847,0.47602909571830054,0.7846807065217392,0.4652609468411698,0.48730749703841597,scandinavian
ds_v1_seed0/minigym_v42,minigym,0.8172779788185707,0.5495307946065401,0.7092867034579691,0.761124320652174,0.7795193312434692,0.6506636329161927,scandinavian
ds_v2_seed1/minigym_v32,minigym,0.8952585013488217,0.5630101207966046,0.7204177545691905,0.8181385869565218,0.7618311336904302,0.6832747263632312,scandinavian
ds_v1_seed0/minigym_v55,minigym,0.83581487535045,0.5028212595558791,0.6691697450493551,0.8144361413043478,0.6791641057160418,0.659465266173311,scandinavian
ds_v1_seed0/minigym_v09,minigym,0.8122891452302965,0.5056829127335773,0.671699078812692,0.7820991847826086,0.7266637138744325,0.6244647445047102,scandinavian
ds_v1_seed0/minigym_v33,minigym,0.8929409494514703,0.5580560991519896,0.7163491731212058,0.8158967391304348,0.7573309726679208,0.679575017376626,scandinavian
ds_v2_seed1/minigym_v21,minigym,0.8850722186007551,0.5738054458387221,0.7291948917268183,0.7929177989130435,0.8052190121155638,0.6662878480396136,scandinavian
ds_v1_seed0/minigym_v27,minigym,0.9397801315662896,0.7232541494836576,0.8394050868240971,0.8620923913043478,0.8298205138231729,0.8492136540077634,scandinavian
ds_v1_seed0/minigym_v35,minigym,0.8761139673612793,0.5434730634364042,0.7042209887698463,0.8054177989130434,0.747219635128472,0.6659017674055268,scandinavian
ds_v2_seed1/minigym_v49,minigym,0.8490804366010541,0.5800553165334973,0.7342215306817078,0.7679177989130435,0.8109211204674343,0.67077721312058,scandinavian
ds_v2_seed1/minigym_v30,minigym,0.8435211284937538,0.5120559280924526,0.6772976033213813,0.8257472826086957,0.6729375,0.6817145751551222,scandinavian
ds_v1_seed0/minigym_v31,minigym,0.7915181480970757,0.5593475242943082,0.7174122709399807,0.7412364130434783,0.8326516554010419,0.6301932288442113,scandinavian
ds_v2_seed1/minigym_v15,minigym,0.8041115458518544,0.5357692176231329,0.6977210006231639,0.7693274456521739,0.792507204610951,0.6231861010615036,scandinavian
ds_v1_seed0/minigym_v29,minigym,0.8790250722116307,0.5374675904280188,0.6991595709388477,0.8151834239130434,0.7206360061548983,0.6789261744966443,scandinavian
ds_v2_seed1/minigym_v33,minigym,0.9834434150556374,0.11862435620534972,0.21208970741125796,0.9099014945652174,0.11866378593983713,0.9972067039106145,scandinavian
ds_v1_seed0/minigym_v40,minigym,0.897140393052946,0.4865331678091434,0.6545877056025563,0.8384341032608695,0.5927923188215178,0.7307661126874747,scandinavian
ds_v1_seed0/minigym_v00,minigym,0.8691268247957219,0.5547968207768946,0.713658290733674,0.797367527173913,0.7701631701631702,0.6648779178964315,scandinavian
ds_v1_seed0/minigym_v11,minigym,0.9686231750592612,0.3644168852849988,0.5341723474916972,0.9094769021739131,0.3770046878855169,0.9160671462829736,scandinavian
ds_v2_seed1/minigym_v37,minigym,0.7836930837638323,0.53828125,0.6998476383951245,0.7089164402173913,0.8437565981166336,0.5978755236385398,scandinavian
ds_v1_seed0/minigym_v28,minigym,0.8815956695650073,0.5342459264873058,0.6964280201290481,0.8329993206521739,0.6929409596362966,0.6999503537296761,scandinavian
ds_v2_seed1/minigym_v52,minigym,0.9252552675415887,0.658221225710015,0.7938883129760671,0.8446671195652173,0.7859883980365908,0.8019486432343835,scandinavian
ds_v1_seed0/minigym_v50,minigym,0.8984489525445885,0.518028905440734,0.682502030869212,0.8340523097826087,0.6836349433667491,0.6813728670602738,scandinavian
ds_v1_seed0/minigym_v07,minigym,0.8858619110232245,0.5613201947049745,0.7190327731731427,0.8117357336956522,0.7260813923726644,0.7121196907320012,scandinavian
ds_v2_seed1/minigym_v01,minigym,0.784318418019832,0.5108731684678114,0.6762621497685236,0.749405570652174,0.7579677355892189,0.6104575163398693,scandinavian
ds_v2_seed1/minigym_v07,minigym,0.9072545929735248,0.5529531076447578,0.7121311067574712,0.8427819293478261,0.6952878309448628,0.7298106953916756,scandinavian
ds_v2_seed1/minigym_v26,minigym,0.7966461442352157,0.559539052496799,0.7175697865353038,0.73125,0.840349483717236,0.6260939981935404,scandinavian
ds_v2_seed1/minigym_v50,minigym,0.7988430095593367,0.5359446698144577,0.6978697609975755,0.7629755434782609,0.7842927351467082,0.6286026286026286,scandinavian
ds_v1_seed0/minigym_v34,minigym,0.9128777542877999,0.5385272601057297,0.7000555324170484,0.8532269021739131,0.6620060391230143,0.7427456179113271,scandinavian
ds_v2_seed1/minigym_v35,minigym,0.8336302841351059,0.5288865546218487,0.6918584678804536,0.801953125,0.7394374152733846,0.6500322756839962,scandinavian
ds_v1_seed0/minigym_v20,minigym,0.8540510688329064,0.5488078034682081,0.7086841921112174,0.787890625,0.744656862745098,0.676026879088603,scandinavian
ds_v2_seed1/minigym_v53,minigym,0.8864904604720353,0.5734126984126984,0.7288776796973517,0.8101222826086957,0.7634239268478537,0.6973226300403693,scandinavian
ds_v1_seed0/minigym_v05,minigym,0.9020268055044867,0.5732306411323896,0.7287305829738812,0.8259001358695652,0.7671179452894311,0.6940020161290322,scandinavian
ds_v2_seed1/minigym_v45,minigym,0.9866030570215814,0.648910411622276,0.7870778267254037,0.955672554347826,0.6624553694040098,0.9694533762057878,scandinavian
ds_v1_seed0/minigym_v17,minigym,0.7721409179049838,0.5231154299175501,0.6869018849685838,0.7249490489130435,0.8029741457241005,0.6001486436269045,scandinavian
ds_v1_seed0/minimal_interior_v42,minimal_interior,0.865542877751611,0.3291275167785235,0.4952534841446173,0.8726732336956522,0.4388497792626178,0.5682941903584673,scandinavian
ds_v1_seed0/minimal_interior_v65,minimal_interior,0.6570924317665149,0.026177148501810996,0.05101877105727579,0.8995414402173914,0.02852017937219731,0.24164133738601823,scandinavian
ds_v1_seed0/minimal_interior_v13,minimal_interior,0.8313314555626355,0.2947263017356475,0.4552719773137407,0.8564538043478261,0.4139224188444861,0.5057997995131033,scandinavian
ds_v2_seed1/minimal_interior_v10,minimal_interior,0.864065409064518,0.30339021273396977,0.4655401118864987,0.8426120923913043,0.38100632493155856,0.5982804624962941,scandinavian
ds_v2_seed1/minimal_interior_v04,minimal_interior,0.8996063847627669,0.32981881461766815,0.4960357170348703,0.8888077445652174,0.41350102669404515,0.619734564339296,scandinavian
ds_v2_seed1/minimal_interior_v53,minimal_interior,0.7701849853908841,0.22335518329691673,0.36515181583647555,0.837007472826087,0.3504761904761905,0.38111019055509526,scandinavian
ds_v2_seed1/minimal_interior_v27,minimal_interior,0.7873821611084918,0.22775885288758616,0.3710156149180539,0.8344429347826087,0.3280091272104963,0.42700133669983664,scandinavian
ds_v1_seed0/minimal_interior_v46,minimal_interior,0.865249740907539,0.15711947626841244,0.27157001414427157,0.9037873641304348,0.18545837723919917,0.5069611137782045,scandinavian
ds_v2_seed1/minimal_interior_v08,minimal_interior,0.7792050311025419,0.22158097236796082,0.36277738010021476,0.8488111413043479,0.3250384812724474,0.41043083900226757,scandinavian
ds_v2_seed1/minimal_interior_v25,minimal_interior,0.7265984424206121,0.12102808805986336,0.21592338202573277,0.8623471467391305,0.16337285902503293,0.31831146605818594,scandinavian
ds_v2_seed1/minimal_interior_v33,minimal_interior,0.87192257913243,0.31183752730803466,0.4754209584901005,0.8555536684782609,0.3814708502425022,0.6307692307692307,scandinavian
ds_v2_seed1/minimal_interior_v30,minimal_interior,0.9416064635989204,0.28821858779747334,0.44746845066139573,0.8765625,0.3038092288634252,0.8488606864724546,scandinavian
ds_v1_seed0/minimal_interior_v24,minimal_interior,0.843095394059379,0.27290882556263923,0.42879555877383535,0.8392323369565218,0.3362991008045433,0.5914766106209423,scandinavian
ds_v2_seed1/minimal_interior_v29,minimal_interior,0.8705988783115962,0.3174806102446092,0.4819510932850305,0.8639945652173913,0.39771513986760626,0.6114576493762311,scandinavian
ds_v1_seed0/minimal_interior_v43,minimal_interior,0.9091717238556669,0.3284058764485811,0.494436048907817,0.875,0.38116924380427875,0.7034792806880376,scandinavian
ds_v2_seed1/minimal_interior_v22,minimal_interior,0.8708844950263539,0.20426049908703592,0.339229758415041,0.8889775815217391,0.24966522838863264,0.5290037831021438,scandinavian
ds_v1_seed0/minimal_interior_v11,minimal_interior,0.7659118860235878,0.21589156724291858,0.3551164808757759,0.8359205163043478,0.3134574593448032,0.4095458044649731,scandinavian
ds_v1_seed0/minimal_interior_v09,minimal_interior,0.8266307241138455,0.25982905982905985,0.41248303934871094,0.8676290760869565,0.39773222852158746,0.42837012682010334,scandinavian
ds_v1_seed0/minimal_interior_v40,minimal_interior,0.9305028066313696,0.28294328484081804,0.4410846343467543,0.8844769021739131,0.3047229791099001,0.7983343248066627,scandinavian
ds_v1_seed0/minimal_interior_v26,minimal_interior,0.8243934637391477,0.17297231959385953,0.29492992580379224,0.8837975543478261,0.22083333333333333,0.4438585607940447,scandinavian
ds_v1_seed0/minimal_interior_v63,minimal_interior,0.9327886801185195,0.3383977900552486,0.5056759545923633,0.9023777173913043,0.3746654772524532,0.7775720708807193,scandinavian
ds_v2_seed1/minimal_interior_v60,minimal_interior,0.8361084181592869,0.2841747022121384,0.4425795053003534,0.8499660326086956,0.37376105723116276,0.5424593967517402,scandinavian
ds_v1_seed0/minimal_interior_v37,minimal_interior,0.8163845755881595,0.2777458781068001,0.43474353213070543,0.8504585597826086,0.39657999531506205,0.48103423781787186,scandinavian
ds_v2_seed1/minimal_interior_v51,minimal_interior,0.8958699779703386,0.28385819996558254,0.44219556330004695,0.8586447010869566,0.3251848201084278,0.6907453936348409,scandinavian
ds_v1_seed0/minimal_interior_v29,minimal_interior,0.9365203472246222,0.31162088171433966,0.47516913775730535,0.8761548913043479,0.33175879396984925,0.8369675456389453,scandinavian
ds_v2_seed1/minimal_interior_v37,minimal_interior,0.8564105079491136,0.2890029678350846,0.4484131922837586,0.8494565217391304,0.3630226700251889,0.5863303498779495,scandinavian
ds_v2_seed1/minimal_interior_v16,minimal_interior,0.7529845944810941,0.13689230053500814,0.24081841432225065,0.8739639945652173,0.199830220713073,0.30296010296010295,scandinavian
ds_v1_seed0/minimal_interior_v23,minimal_interior,0.8749525655898928,0.2650971468580431,0.4190937391905915,0.8573879076086957,0.3125580435455577,0.6358102434928632,scandinavian
ds_v1_seed0/minimal_interior_v04,minimal_interior,0.8911070678207,0.293710069288221,0.4540585657647631,0.866694972826087,0.35359116022099446,0.6342790516906335,scandinavian
ds_v2_seed1/minimal_interior_v35,minimal_interior,0.8575255237390128,0.29544778339779826,0.45613229214515394,0.8391304347826087,0.3722237840877144,0.588880652335063,scandinavian
ds_v2_seed1/minimal_interior_v02,minimal_interior,0.8614283838334269,0.03891552932497234,0.07491567548375644,0.9114979619565218,0.0407257286238178,0.4668141592920354,scandinavian
ds_v1_seed0/minimal_interior_v31,minimal_interior,0.888487996789546,0.29874351990159037,0.4600500642717002,0.864453125,0.3510945890128046,0.6670590543456936,scandinavian
ds_v2_seed1/minimal_interior_v61,minimal_interior,0.7079742420929976,0.06346682087610235,0.11935834692767809,0.8899796195652174,0.07250206440957886,0.3374327440430438,scandinavian
ds_v2_seed1/minimal_interior_v23,minimal_interior,0.8922144457715961,0.33183468787826387,0.4983121267203323,0.86875,0.40635256749602966,0.6440677966101694,scandinavian
ds_v1_seed0/minimal_interior_v25,minimal_interior,0.9436694411479061,0.26353714104058495,0.41714189869171425,0.8819633152173914,0.2755068128946494,0.8584742837418019,scandinavian
ds_v1_seed0/minimal_interior_v18,minimal_interior,0.8632466986396097,0.30852171326591316,0.4715576518724783,0.8420686141304348,0.38183324130314744,0.6164017233694845,scandinavian
ds_v2_seed1/minimal_interior_v40,minimal_interior,0.8463306263517406,0.28074706934234056,0.4384114179336023,0.8770380434782609,0.40124946755643903,0.483159514446914,scandinavian
ds_v1_seed0/minimal_interior_v44,minimal_interior,0.8797360905370425,0.24966657775406775,0.39957310565635007,0.8566745923913044,0.2844984802431611,0.6709677419354839,scandinavian
ds_v2_seed1/minimal_interior_v26,minimal_interior,0.9289558847241548,0.2896044523951501,0.4491368680641184,0.8786005434782609,0.31367061356297093,0.7905588714053174,scandinavian
ds_v2_seed1/scandinavian_v01,scandinavian,0.9941812221058463,0.8522003034901365,0.920203178764542,0.9669157608695652,0.8744258466329311,0.9710382986081093,scandinavian
ds_v2_seed1/scandinavian_v02,scandinavian,0.9956838552630687,0.8492882195172271,0.9185028169799743,0.9751868206521739,0.8743627867459643,0.9673363882035013,scandinavian
ds_v1_seed0/scandinavian_v17,scandinavian,0.9923970104942403,0.7795722391968573,0.8761344125582536,0.9485394021739131,0.7932489451476793,0.978362092577376,scandinavian
ds_v1_seed0/scandinavian_v15,scandinavian,0.9905890013018913,0.8099111874020449,0.8949734031586326,0.9567425271739131,0.8487408102612232,0.9465329262974269,scandinavian
ds_v1_seed0/scandinavian_v10,scandinavian,0.9951986385303827,0.818895800933126,0.9004317900047026,0.960444972826087,0.8284298300818125,0.9861410244404907,scandinavian
ds_v1_seed0/scandinavian_v18,scandinavian,0.9739846381735656,0.7164954337899543,0.8348352342632928,0.9156419836956522,0.767955463110241,0.9144751220222919,scandinavian
ds_v2_seed1/scandinavian_v50,scandinavian,0.9958523502985578,0.8391651865008881,0.912550098990777,0.969242527173913,0.8517984314432525,0.9826331114808652,scandinavian
ds_v2_seed1/scandinavian_v31,scandinavian,0.9911262988404964,0.6449242899381776,0.7841385696388693,0.9326936141304348,0.654839883551674,0.9770598615447265,scandinavian
ds_v2_seed1/scandinavian_v25,scandinavian,0.9961832560126256,0.8520286396181385,0.9201030927835051,0.9747282608695652,0.8702894870492636,0.9759653719102404,scandinavian
ds_v2_seed1/scandinavian_v16,scandinavian,0.9944551063208003,0.7739775752198113,0.8725900327391779,0.9524116847826087,0.7830735330123235,0.9852140876886744,scandinavian
ds_v1_seed0/scandinavian_v06,scandinavian,0.9741703413511883,0.6505446365143263,0.7882787561421758,0.8997452445652174,0.6815306375589184,0.9346772135748915,scandinavian
ds_v1_seed0/scandinavian_v50,scandinavian,0.9945526664087637,0.8141404358353511,0.8975495168437351,0.9674082880434782,0.8279326307495322,0.9799487059920727,scandinavian
ds_v1_seed0/scandinavian_v13,scandinavian,0.99272538393784,0.8449290411907234,0.9159474671669793,0.9619565217391305,0.8742210443377981,0.9618567262983687,scandinavian
ds_v2_seed1/scandinavian_v10,scandinavian,0.9855708035431032,0.7181477169835726,0.835955732891666,0.9259850543478261,0.7399213700273206,0.9606367332814257,scandinavian
ds_v2_seed1/scandinavian_v30,scandinavian,0.9925386251792264,0.7294857565667776,0.8435868914178145,0.9379076086956522,0.736956196740918,0.9862945178071229,scandinavian
ds_v2_seed1/scandinavian_v61,scandinavian,0.9966047976575536,0.808525754884547,0.8941268905912394,0.963383152173913,0.8159899614591736,0.9888128597806017,scandinavian
ds_v1_seed0/scandinavian_v34,scandinavian,0.9931485074068624,0.7536648728892188,0.8595312417332418,0.9549082880434783,0.7690050175139639,0.9742144399136483,scandinavian
ds_v1_seed0/scandinavian_v04,scandinavian,0.9831426143026467,0.7779341896885448,0.8750989707046715,0.9356997282608696,0.8231752730883813,0.9340140845070423,scandinavian
ds_v1_seed0/scandinavian_v27,scandinavian,0.9934361057856548,0.7751596366579728,0.8733407640085113,0.9575407608695652,0.7871232876712329,0.9807692307692307,scandinavian
ds_v2_seed1/scandinavian_v41,scandinavian,0.9951010987900508,0.8778644563627499,0.9349604050369986,0.9744735054347826,0.9022801302931596,0.9700969827586207,scandinavian
ds_v1_seed0/scandinavian_v43,scandinavian,0.9861547429414428,0.7710665258711721,0.870736942523253,0.9447690217391305,0.8171441360787824,0.9318529862174579,scandinavian
ds_v2_seed1/scandinavian_v24,scandinavian,0.9851087069835406,0.7669337673719795,0.8680956598759965,0.9367697010869566,0.7996214346322041,0.9493955362678239,scandinavian
ds_v2_seed1/scandinavian_v32,scandinavian,0.9951353170749446,0.8294453885369999,0.9067725046444857,0.9625,0.8417999372844152,0.9826134699853587,scandinavian
ds_v1_seed0/scandinavian_v55,scandinavian,0.9959692270514139,0.8573570571771292,0.9232011194230666,0.9757642663043479,0.8755614536545528,0.9763232783153102,scandinavian
ds_v1_seed0/scandinavian_v64,scandinavian,0.9946285916536407,0.8148265735375824,0.8979663240760989,0.9603770380434783,0.8257057829968631,0.9840874233128835,scandinavian
ds_v1_seed0/scandinavian_v32,scandinavian,0.9961232137402637,0.8164,0.8989209425236732,0.9688179347826087,0.8319576072556812,0.9776074721590229,scandinavian
ds_v2_seed1/scandinavian_v54,scandinavian,0.9951805564847919,0.7689124317166032,0.8693617817705409,0.9525815217391305,0.7776661644064959,0.9855718226182898,scandinavian
ds_v2_seed1/scandinavian_v37,scandinavian,0.9746809625462325,0.7049072016337318,0.8269156244495331,0.9165591032608695,0.7566243311198504,0.9116047848376573,scandinavian
ds_v2_seed1/scandinavian_v28,scandinavian,0.9954357252624045,0.8338801312314955,0.9094161794222881,0.964741847826087,0.8482012046231483,0.9801542513167796,scandinavian
ds_v2_seed1/scandinavian_v39,scandinavian,0.9889917473655983,0.7430651619949036,0.8525959650808237,0.9400645380434782,0.7626662681213571,0.9665688038640022,scandinavian
ds_v1_seed0/scandinavian_v60,scandinavian,0.9948934726124474,0.8033236654385827,0.8909367528798087,0.9573879076086956,0.8137854363535297,0.9842489435267,scandinavian
ds_v1_seed0/scandinavian_v42,scandinavian,0.994143761366073,0.8626744709590275,0.9262750785593425,0.9689198369565217,0.8862164662349676,0.970126582278481,scandinavian
ds_v2_seed1/scandinavian_v12,scandinavian,0.9839695011359295,0.7012787723785167,0.8244137101623572,0.930570652173913,0.7290337283500455,0.9485076101996442,scandinavian
ds_v1_seed0/scandinavian_v40,scandinavian,0.9927743885862677,0.7471304962034258,0.855265817667273,0.9513586956521739,0.7628234021454972,0.9732029902242668,scandinavian
ds_v1_seed0/scandinavian_v07,scandinavian,0.9869273795626531,0.720845921450151,0.8377808988764045,0.9293817934782609,0.7400234337307878,0.9652971320686865,scandinavian
ds_v2_seed1/scandinavian_v65,scandinavian,0.9960155338792424,0.826530612244898,0.9050279329608938,0.9659307065217392,0.8404854027435807,0.9803076923076923,scandinavian
ds_v2_seed1/scandinavian_v42,scandinavian,0.9945415111408724,0.8596325210945509,0.9245187007039267,0.9697690217391305,0.8815300016173379,0.9719151212553495,scandinavian
ds_v1_seed0/scandinavian_v37,scandinavian,0.9940128975497343,0.8555948528858455,0.9221785149438338,0.9674082880434782,0.8746826678975306,0.9751286449399656,scandinavian
ds_v1_seed0/scandinavian_v45,scandinavian,0.9953963056485868,0.8081801919011221,0.8939155461618025,0.9599354619565217,0.8164120256283883,0.9876776309251715,scandinavian
ds_v2_seed1/scandinavian_v46,scandinavian,0.9934088735609913,0.8298993770963105,0.907043728724797,0.9638247282608695,0.8462540716612378,0.9772428060936619,scandinavian
ds_v1_seed0/sunlight_v02,sunlight,0.8144748953458826,0.4163611029627457,0.5879307220338105,0.7296705163043479,0.4830270546197039,0.7510417355645215,scandinavian
ds_v1_seed0/sunlight_v20,sunlight,0.7734998226409031,0.3436619718309859,0.5115303983228512,0.7071671195652174,0.4044440462324165,0.6957459926017263,scandinavian
ds_v2_seed1/sunlight_v49,sunlight,0.784411595774715,0.37171219476849504,0.5419682003063757,0.70546875,0.43058586536847404,0.7310816588285592,scandinavian
ds_v2_seed1/sunlight_v55,sunlight,0.744748319180134,0.18989995235826584,0.31918641896220373,0.7112092391304348,0.2130753193991554,0.6358270856595948,scandinavian
ds_v1_seed0/sunlight_v59,sunlight,0.791727175126011,0.1891806055473216,0.3181696786254785,0.73984375,0.20612492069900226,0.697093817047006,scandinavian
ds_v2_seed1/sunlight_v31,sunlight,0.8757394704983581,0.21734375854338672,0.35707869205892917,0.7568953804347827,0.22705203632832582,0.8356106789993694,scandinavian
ds_v2_seed1/sunlight_v22,sunlight,0.8055260907484596,0.3969404493953382,0.5682997432956468,0.7315217391304348,0.4649655912056484,0.730688202247191,scandinavian
ds_v1_seed0/sunlight_v04,sunlight,0.7576860693661275,0.2705907626208378,0.42592905691001925,0.7116677989130434,0.3108434924238685,0.676331615120275,scandinavian
ds_v1_seed0/sunlight_v32,sunlight,0.8784405230979923,0.34378357261451314,0.5116650919398212,0.7717730978260869,0.37217170649185877,0.8184143222506394,scandinavian
ds_v2_seed1/sunlight_v26,sunlight,0.8566568031746671,0.4318017709877247,0.6031585932315859,0.7460767663043478,0.4749007314524556,0.8263272727272727,scandinavian
ds_v1_seed0/sunlight_v21,sunlight,0.8534774379777404,0.2552282324552584,0.4066642636869719,0.7483865489130435,0.27114932706686606,0.8129703763010409,scandinavian
ds_v2_seed1/sunlight_v42,sunlight,0.8588513986520797,0.37179093342695396,0.5420518890559519,0.7568783967391305,0.4088408454782357,0.8040239157255386,scandinavian
ds_v1_seed0/sunlight_v28,sunlight,0.8883631661955722,0.3527397260273973,0.5215189873417723,0.7753057065217391,0.375951611221191,0.851038715769594,scandinavian
ds_v2_seed1/sunlight_v16,sunlight,0.8074594202311016,0.39895988112927194,0.5703664365374402,0.7114639945652174,0.4550296574264617,0.7640243902439025,scandinavian
ds_v2_seed1/sunlight_v33,sunlight,0.811498508254536,0.32750572859203936,0.49341516430124027,0.7308423913043478,0.3701856204134491,0.7396262577862961,scandinavian
ds_v1_seed0/sunlight_v42,sunlight,0.845302622669512,0.3823453050627434,0.5531834971514431,0.7575747282608696,0.4327130264446621,0.7666146104459483,scandinavian
ds_v2_seed1/sunlight_v65,sunlight,0.868118188863503,0.4136690647482014,0.5852417302798982,0.7536175271739131,0.451756709039548,0.8306955604252901,scandinavian
ds_v2_seed1/sunlight_v41,sunlight,0.9000645032245654,0.40106773440106774,0.5725172660157181,0.7865998641304348,0.4275406504065041,0.8662617111088232,scandinavian
ds_v1_seed0/sunlight_v08,sunlight,0.7764262386635885,0.25912801650668343,0.4115991592746963,0.7194802989130434,0.292817679558011,0.6925197794293935,scandinavian
ds_v2_seed1/sunlight_v53,sunlight,0.8404412426274709,0.4032118055555556,0.5746984225177854,0.7197690217391305,0.44201260854050195,0.8212154696132596,scandinavian
ds_v1_seed0/sunlight_v11,sunlight,0.8411957489938218,0.3935405764273998,0.5648067707311606,0.7362601902173913,0.43727489694076804,0.7973571767684761,scandinavian
ds_v2_seed1/sunlight_v05,sunlight,0.8698544349838642,0.37732456347891924,0.5479094375923318,0.7765115489130435,0.41670150501672243,0.7997191856383512,scandinavian
ds_v1_seed0/sunlight_v43,sunlight,0.8570757462456902,0.2416689693285438,0.38926473206337897,0.7669497282608696,0.2578723906121005,0.7936479128856624,scandinavian
ds_v2_seed1/sunlight_v02,sunlight,0.9236410357094751,0.3429068755439513,0.5106934543097862,0.7948369565217391,0.3546354635463546,0.9120370370370371,scandinavian
ds_v1_seed0/sunlight_v50,sunlight,0.9131206044584614,0.33218331616889807,0.4987051138340227,0.7797384510869565,0.3444942860194382,0.9028691392582225,scandinavian
ds_v1_seed0/sunlight_v25,sunlight,0.9002429973750353,0.13929798723613157,0.2445330173435312,0.7617866847826087,0.14188386774173387,0.8843007401636152,scandinavian
ds_v2_seed1/sunlight_v64,sunlight,0.7972074660184373,0.357858733693923,0.5270927303614317,0.72578125,0.4173856572965952,0.715034965034965,scandinavian
ds_v1_seed0/sunlight_v26,sunlight,0.8897084291289769,0.37680962721679334,0.5473663457431077,0.7660495923913043,0.3997600191984641,0.8677849551989998,scandinavian
ds_v1_seed0/sunlight_v44,sunlight,0.766379610106362,0.32330255296034766,0.4886298333470159,0.6826256793478261,0.3692460399520245,0.7220964089291492,scandinavian
ds_v2_seed1/sunlight_v21,sunlight,0.8461930119217361,0.4209004072002131,0.5924418137504351,0.7415591032608696,0.47103918228279384,0.7981525582737966,scandinavian
ds_v1_seed0/sunlight_v19,sunlight,0.793336575795993,0.3680432862190813,0.5380579546371781,0.7084069293478261,0.42516370439663237,0.732581141475566,scandinavian
ds_v2_seed1/sunlight_v54,sunlight,0.8403426783072242,0.4116319508675867,0.5832001048355393,0.7299082880434783,0.4543449852989219,0.814077705421819,scandinavian
ds_v1_seed0/sunlight_v47,sunlight,0.8614964125009897,0.158831356026167,0.27412333157919916,0.7423063858695652,0.1644000688586676,0.8242232451093211,scandinavian
ds_v1_seed0/sunlight_v16,sunlight,0.7386482290907934,0.20989205285687698,0.346959966157751,0.7115998641304347,0.2395645246946362,0.6288861006552349,scandinavian
ds_v1_seed0/sunlight_v24,sunlight,0.7935142468629613,0.3583983999384592,0.5276778888354051,0.716694972826087,0.41393096708275956,0.7276276745275652,scandinavian
ds_v2_seed1/sunlight_v23,sunlight,0.8887785448222962,0.33756417569880204,0.5047446422859581,0.7633322010869565,0.35647590361445786,0.864184008762322,scandinavian
ds_v2_seed1/sunlight_v19,sunlight,0.7636613142492478,0.29797692557686056,0.4591405589809396,0.7065047554347826,0.34498165741698805,0.6862194779680045,scandinavian
ds_v1_seed0/sunlight_v07,sunlight,0.7686746731327652,0.2697618742251293,0.42490151846739166,0.7099014945652173,0.30726529022204907,0.6884888161483906,scandinavian
ds_v2_seed1/sunlight_v25,sunlight,0.9227452507575331,0.3451932393153192,0.513224760913929,0.7933933423913043,0.357051389120873,0.9122332859174964,scandinavian
ds_v2_seed1/sunlight_v45,sunlight,0.8404068792626536,0.44517324439503425,0.6160828760449254,0.7457201086956522,0.5041124632815779,0.7919963080168776,scandinavian
ds_v2_seed1/terrazzo_v37,terrazzo,0.7936365015481889,0.3119575888474377,0.4755604777155857,0.7024286684782609,0.6867219917012448,0.36371960990797125,scandinavian
ds_v2_seed1/terrazzo_v38,terrazzo,0.8310239759050222,0.2784376746785914,0.43559053396731706,0.824609375,0.4743482918700155,0.4026879547291835,scandinavian
ds_v1_seed0/terrazzo_v07,terrazzo,0.8140831089840864,0.30456763529256603,0.4669250210614996,0.7313349184782608,0.6760343481654957,0.3566170793225923,scandinavian
ds_v1_seed0/terrazzo_v15,terrazzo,0.7552644110167067,0.32608822670172366,0.49180472329925984,0.6082201086956521,0.7571564238230905,0.36417618270799346,scandinavian
ds_v1_seed0/terrazzo_v11,terrazzo,0.8230726664677889,0.3356777941073553,0.5026328888423149,0.6775645380434783,0.7996832277425808,0.366494746895893,scandinavian
ds_v2_seed1/terrazzo_v13,terrazzo,0.8372305797810126,0.3419591292758774,0.5096416452867665,0.5974864130434783,0.9135143153834743,0.3534002869440459,scandinavian
ds_v1_seed0/terrazzo_v53,terrazzo,0.8375593335749983,0.305309261831001,0.46779605532367624,0.7791100543478261,0.6576161988034974,0.3630128286548965,scandinavian
ds_v2_seed1/terrazzo_v03,terrazzo,0.8086624094280442,0.23758146270818248,0.3839447662512434,0.8211786684782608,0.34900542495479203,0.4266579973992198,scandinavian
ds_v2_seed1/terrazzo_v10,terrazzo,0.8228496351911764,0.349703495964548,0.5181930653808331,0.48410326086956523,0.9507042253521126,0.3561616954474097,scandinavian
ds_v1_seed0/terrazzo_v60,terrazzo,0.8275698093999209,0.3636983143928006,0.5333999617866223,0.4608186141304348,0.9687166346359172,0.3680207678422942,scandinavian
ds_v2_seed1/terrazzo_v58,terrazzo,0.7089526883843581,0.3308111458306433,0.4971571614305397,0.5599014945652174,0.7836300238575885,0.36406525322571476,scandinavian
ds_v1_seed0/terrazzo_v49,terrazzo,0.8438220186851672,0.34152384357998516,0.5091580670956932,0.5621603260869565,0.929186935371786,0.350650372390643,scandinavian
ds_v1_seed0/terrazzo_v03,terrazzo,0.7707109805030317,0.3376878017695645,0.5048828303926419,0.5410495923913043,0.8609635693307505,0.3571650767316466,scandinavian
ds_v2_seed1/terrazzo_v40,terrazzo,0.7317625233186827,0.26685165915134695,0.4212831979556448,0.6769191576086957,0.6206525636428828,0.31885793230485837,scandinavian
ds_v2_seed1/terrazzo_v07,terrazzo,0.8196211174500541,0.32953125629760993,0.4957104313820596,0.7174762228260869,0.7232198142414861,0.37708698459551704,scandinavian
ds_v2_seed1/terrazzo_v43,terrazzo,0.8770068000245577,0.34840046186239215,0.5167611132099232,0.6741338315217391,0.8959825327510917,0.36308617943726773,scandinavian
ds_v2_seed1/terrazzo_v47,terrazzo,0.8369467332058301,0.3134122197154565,0.47724882563275606,0.7467391304347826,0.7149459090431677,0.35816890292028414,scandinavian
ds_v1_seed0/terrazzo_v19,terrazzo,0.8435379039054485,0.3239675133920857,0.4893889164426114,0.6677819293478261,0.8135034279267552,0.3499589337713731,scandinavian
ds_v1_seed0/terrazzo_v20,terrazzo,0.8009323561095137,0.30255556133867695,0.4645568608647007,0.7724184782608695,0.5480343169604978,0.40314862334419865,scandinavian
ds_v1_seed0/terrazzo_v04,terrazzo,0.8200011571803828,0.32790453317322127,0.4938676312666026,0.5437330163043478,0.9225084459459459,0.3371922512927375,scandinavian
ds_v2_seed1/terrazzo_v63,terrazzo,0.7312526491919686,0.25126130176332484,0.40161283883588167,0.7454313858695653,0.44469984970382814,0.3661377201921677,scandinavian
ds_v1_seed0/terrazzo_v05,terrazzo,0.8067749340872903,0.35598961770269677,0.5250624533627486,0.5027513586956521,0.9317213586643639,0.36552534104255124,scandinavian
ds_v1_seed0/terrazzo_v22,terrazzo,0.8599968476595783,0.31512559549588565,0.4792327007780019,0.7851392663043478,0.6912480703004393,0.36674647177419356,scandinavian
ds_v2_seed1/terrazzo_v16,terrazzo,0.7635034409077461,0.2928102300900352,0.45298253877468625,0.7238620923913044,0.5680533288330099,0.37667860340196957,scandinavian
ds_v1_seed0/terrazzo_v42,terrazzo,0.8200211887724328,0.3483061867712856,0.5166574034720632,0.49782608695652175,0.9451555023923445,0.3554910694200747,scandinavian
ds_v1_seed0/terrazzo_v58,terrazzo,0.7384896032200015,0.2709171359613837,0.4263332805823707,0.6921705163043478,0.5817569318476289,0.33644719752223,scandinavian
ds_v1_seed0/terrazzo_v23,terrazzo,0.8385903667724529,0.3561997359260593,0.5252909678275878,0.6356317934782608,0.859957980149243,0.37813386002357363,scandinavian
ds_v2_seed1/terrazzo_v04,terrazzo,0.8731011422434476,0.3084864753252117,0.47151649045289573,0.7156080163043478,0.8157693567762367,0.33158735795454547,scandinavian
ds_v1_seed0/terrazzo_v55,terrazzo,0.7511224923725227,0.2980599647266314,0.45923913043478265,0.6485054347826087,0.6894712066530676,0.34427642403823555,scandinavian
ds_v1_seed0/terrazzo_v41,terrazzo,0.8466598926011735,0.2586191998617472,0.4109570232047233,0.8542798913043478,0.3986414491209377,0.42405780674412014,scandinavian
ds_v1_seed0/terrazzo_v47,terrazzo,0.7768386812796464,0.30159608820001843,0.46342500708817697,0.7428668478260869,0.5479842427290252,0.40147374884863374,scandinavian
ds_v2_seed1/terrazzo_v48,terrazzo,0.8360661019317327,0.3340082644628099,0.5007589133599727,0.7262737771739131,0.7530277622507918,0.3750986124646155,scandinavian
ds_v1_seed0/terrazzo_v18,terrazzo,0.7320878538589883,0.32496422204926056,0.49052527855681044,0.5433763586956522,0.8257624090851091,0.3488867324384064,scandinavian
ds_v1_seed0/terrazzo_v61,terrazzo,0.86584218869793,0.2667753327900027,0.4211880763457002,0.8624830163043479,0.4391116410791474,0.4046703296703297,scandinavian
ds_v2_seed1/terrazzo_v56,terrazzo,0.7698976485728197,0.267683142323421,0.42231869050937915,0.7536514945652174,0.48257031036679715,0.3754425718736723,scandinavian
ds_v2_seed1/terrazzo_v55,terrazzo,0.7681790398246069,0.3187019867549669,0.4833571041160283,0.5631963315217391,0.83711383245199,0.3397723742551329,scandinavian
ds_v2_seed1/terrazzo_v51,terrazzo,0.7765022946385144,0.29009911542150696,0.44973151590251964,0.6606148097826087,0.7308690593394791,0.32479516347148196,scandinavian
ds_v2_seed1/terrazzo_v19,terrazzo,0.7389411233929145,0.2978848413631022,0.45903123585332734,0.6752717391304348,0.6474578976773885,0.35555555555555557,scandinavian
ds_v2_seed1/terrazzo_v06,terrazzo,0.7836635038951015,0.3155858115370835,0.47976469306607117,0.6755774456521739,0.7050912584053795,0.3635763229588046,scandinavian
ds_v2_seed1/terrazzo_v53,terrazzo,0.7893279139419537,0.32843202190135556,0.4944656805717135,0.4833899456521739,0.9403881408432897,0.33541521048003425,scandinavian
ds_v2_seed1/bedroom_v36,bedroom,0.9251033363805544,0.001884303749764462,0.003761519653940192,0.9100373641304348,0.7692307692307693,0.001885369532428356,sunlight
ds_v2_seed1/bedroom_v60,bedroom,0.9395650583431624,0.0,0.0,0.9445482336956522,0.0,0.0,sunlight
ds_v2_seed1/bedroom_v58,bedroom,0.8633111589350858,0.0143303804064617,0.02825584382224506,0.6145040760869566,1.0,0.0143303804064617,sunlight
ds_v1_seed0/bedroom_v40,bedroom,0.9037248067729979,0.024738944565141214,0.04828340856244016,0.7636548913043478,0.9915730337078652,0.0247441469227534,sunlight
ds_v1_seed0/bedroom_v61,bedroom,0.9500661072337084,0.00426049908703591,0.008484848484848486,0.9166440217391304,0.9130434782608695,0.004262228536634869,sunlight
ds_v1_seed0/bedroom_v12,bedroom,0.9076090433006366,0.004551766702669341,0.009062284002764764,0.780859375,0.9076923076923077,0.004553874652670578,sunlight
ds_v2_seed1/bedroom_v62,bedroom,0.9096178677168434,0.020113758140301707,0.03943434343434343,0.7981148097826087,0.991869918699187,0.0201170747794542,sunlight
ds_v1_seed0/bedroom_v32,bedroom,0.9223061522162433,0.01270594805920134,0.025093064938646072,0.7598165760869565,0.9837837837837838,0.012708609733957125,sunlight
ds_v2_seed1/bedroom_v59,bedroom,0.9125473453937565,0.03392226148409894,0.0656185919343814,0.7446161684782608,0.9924812030075187,0.03393098129940235,sunlight
ds_v2_seed1/bedroom_v24,bedroom,0.9022487090773805,0.0020795785387494803,0.004150525733259546,0.8777513586956521,0.9375,0.0020798668885191347,sunlight
ds_v1_seed0/bedroom_v46,bedroom,0.9417910228974378,0.003386004514672686,0.006749156355455568,0.9550101902173913,0.8181818181818182,0.00338855421686747,sunlight
ds_v1_seed0/bedroom_v58,bedroom,0.93169655729056,0.001047559187094071,0.002092925910422771,0.9190217391304348,0.8333333333333334,0.0010477787091366304,sunlight
ds_v1_seed0/bedroom_v14,bedroom,0.9211929188692141,0.025889453621346887,0.050472209320328226,0.7916779891304347,0.9939024390243902,0.02589356632247816,sunlight
ds_v2_seed1/bedroom_v08,bedroom,0.9427107510374454,0.0018941956433500204,0.0037812288993923026,0.8747112771739131,0.8235294117647058,0.0018949648077964266,sunlight
ds_v1_seed0/bedroom_v38,bedroom,0.9112668662287445,0.003973164853774506,0.00791488257428312,0.7402853260869565,0.9838709677419355,0.003973423658155289,sunlight
ds_v2_seed1/bedroom_v47,bedroom,0.9119921212415958,0.04298141761466001,0.08242029414667851,0.6842391304347826,0.9964200477326969,0.04298805601317957,sunlight
ds_v1_seed0/bedroom_v31,bedroom,0.9369648175876721,0.015829145728643215,0.031164976502597082,0.8004245923913044,0.984375,0.015833123900477506,sunlight
ds_v2_seed1/bedroom_v50,bedroom,0.8887182334297216,0.007697276348369039,0.015276961700763847,0.686905570652174,0.9794520547945206,0.007698519515477792,sunlight
ds_v2_seed1/bedroom_v39,bedroom,0.9089417990455332,0.015525208993197986,0.030575723489109315,0.6779891304347826,0.9966666666666667,0.015526015162529858,sunlight
ds_v1_seed0/bedroom_v48,bedroom,0.8235032043744965,0.023462070700717073,0.04584844201339808,0.736328125,0.9973262032085561,0.023463546581115935,sunlight
ds_v2_seed1/bedroom_v12,bedroom,0.9367445804377035,0.004627109417528579,0.009211595773503117,0.87578125,0.9444444444444444,0.004628369180506398,sunlight
ds_v2_seed1/bedroom_v11,bedroom,0.9321706929664936,0.0012507817385866166,0.00249843847595253,0.9186311141304347,0.75,0.001251303441084463,sunlight
ds_v1_seed0/bedroom_v07,bedroom,0.8941656072405084,0.0029073993312981536,0.005797941730685606,0.8835088315217391,1.0,0.0029073993312981536,sunlight
ds_v2_seed1/bedroom_v44,bedroom,0.8863332902906417,0.01475039638687359,0.029071969696969697,0.6517323369565218,0.9903225806451613,0.014752522825564633,sunlight
ds_v2_seed1/bedroom_v38,bedroom,0.9184399115117038,0.005589998983636549,0.011117849201536285,0.8338315217391304,0.9322033898305084,0.005592272496187087,sunlight
ds_v1_seed0/bedroom_v63,bedroom,0.9119418339649106,0.023574144486692015,0.04606240713224369,0.7819293478260869,0.9748427672955975,0.023588494901841426,sunlight
ds_v2_seed1/bedroom_v63,bedroom,0.9204853697259948,0.029945595025830933,0.058149857954545456,0.6396399456521739,0.9924242424242424,0.02995244192427291,sunlight
ds_v2_seed1/bedroom_v04,bedroom,0.9517756398556835,0.00034614053305642093,0.0006920415224913495,0.9509510869565218,1.0,0.00034614053305642093,sunlight
ds_v2_seed1/bedroom_v48,bedroom,0.8625252670905194,0.010024867889337893,0.019850734784950374,0.7836447010869565,1.0,0.010024867889337893,sunlight
ds_v2_seed1/bedroom_v13,bedroom,0.9308829476097912,0.0016090104585679806,0.0032128514056224897,0.8524626358695652,1.0,0.0016090104585679806,sunlight
ds_v1_seed0/bedroom_v59,bedroom,0.8634755021993007,0.022902341932482036,0.04477913676336803,0.6790081521739131,0.9977477477477478,0.022903526005583704,sunlight
ds_v1_seed0/bedroom_v54,bedroom,0.9381363119468551,0.0038043478260869567,0.007579859231185706,0.6886888586956522,1.0,0.0038043478260869567,sunlight
ds_v1_seed0/bedroom_v29,bedroom,0.9440921901582594,0.0,0.0,0.9573369565217391,0.0,0.0,sunlight
ds_v1_seed0/bedroom_v41,bedroom,0.9052312023447605,0.007043087121212121,0.013987657948868644,0.7150645380434782,1.0,0.007043087121212121,sunlight
ds_v1_seed0/bedroom_v56,bedroom,0.9012836778049858,0.023195999047392238,0.04534028488967507,0.6516983695652174,0.9918533604887984,0.023200419227287886,sunlight
ds_v2_seed1/bedroom_v55,bedroom,0.9102000310401877,0.015872158937537115,0.031248339267683476,0.6904042119565217,0.9932432432432432,0.01587387290103126,sunlight
ds_v1_seed0/bedroom_v33,bedroom,0.9285571144152881,0.011508379888268156,0.0227548878824699,0.8497452445652174,0.9716981132075472,0.011512238739242205,sunlight
ds_v2_seed1/bedroom_v14,bedroom,0.9081080263819226,0.009327864514421805,0.018483319132201612,0.7456691576086957,1.0,0.009327864514421805,sunlight
ds_v2_seed1/bedroom_v30,bedroom,0.8564396039845027,0.010670511896178804,0.0211157083749465,0.7669497282608696,1.0,0.010670511896178804,sunlight
ds_v2_seed1/blue_bathroom_v51,blue_bathroom,0.9842032546663653,0.16111430212521538,0.2775166955231264,0.851171875,0.99,0.1613769297152172,sunlight
ds_v2_seed1/blue_bathroom_v23,blue_bathroom,0.9634124258515816,0.08885616102110948,0.16321009918845808,0.9054347826086957,0.9493006993006993,0.08927984215718514,sunlight
ds_v1_seed0/blue_bathroom_v42,blue_bathroom,0.9808293662803745,0.0,0.0,0.9926630434782608,0.0,0.0,sunlight
ds_v1_seed0/blue_bathroom_v14,blue_bathroom,0.9723878404244174,0.5136287498096543,0.678672032193159,0.9457540760869565,0.7274099633383653,0.6360550631717895,sunlight
ds_v1_seed0/blue_bathroom_v19,blue_bathroom,0.9866546949666968,0.14848803971716565,0.2585800366780194,0.9038722826086957,0.9929577464788732,0.148644578313253,sunlight
ds_v2_seed1/blue_bathroom_v36,blue_bathroom,0.9698336203083205,0.15967607973421927,0.27538048343777977,0.8625339673913044,0.9193066347878064,0.16194587764557228,sunlight
ds_v2_seed1/blue_bathroom_v29,blue_bathroom,0.8420646986889742,0.14624173180998196,0.25516734865176793,0.8794327445652174,0.44542124542124545,0.17879723570063227,sunlight
ds_v1_seed0/blue_bathroom_v53,blue_bathroom,0.9740491843423879,0.0010319917440660474,0.002061855670103093,0.9835597826086957,0.5,0.0010330578512396695,sunlight
ds_v1_seed0/blue_bathroom_v11,blue_bathroom,0.9898662143719182,0.022766770941953424,0.04451996601529312,0.9045006793478261,0.9924242424242424,0.022770728315661393,sunlight
ds_v1_seed0/blue_bathroom_v50,blue_bathroom,0.9129686135360081,0.20963541666666666,0.34660925726587727,0.8969089673913043,0.68715322236449,0.23175471426515043,sunlight
ds_v2_seed1/blue_bathroom_v10,blue_bathroom,0.9908570939734612,0.1399197592778335,0.2454905411350638,0.9417459239130435,0.9806678383128296,0.1403067638923812,sunlight
ds_v1_seed0/blue_bathroom_v32,blue_bathroom,0.9314875298954155,0.15139054214911807,0.2629699248120301,0.8668138586956522,0.7343832020997375,0.1601602747567258,sunlight
ds_v1_seed0/blue_bathroom_v09,blue_bathroom,0.9859935813492231,0.11905179982440738,0.2127726345520163,0.829585597826087,0.9985272459499264,0.11907270811380401,sunlight
ds_v2_seed1/blue_bathroom_v41,blue_bathroom,0.9670495741934945,0.20958971824023728,0.34654679199019206,0.8642153532608695,0.9472743521000894,0.2120636190857257,sunlight
ds_v1_seed0/blue_bathroom_v28,blue_bathroom,0.992320778043076,0.047735120861263455,0.09112058937572702,0.9203804347826087,0.9915611814345991,0.04775452143873196,sunlight
ds_v2_seed1/blue_bathroom_v33,blue_bathroom,0.9530441746629313,0.0,0.0,0.9865149456521739,0.0,0.0,sunlight
ds_v2_seed1/blue_bathroom_v09,blue_bathroom,0.9776790251250181,0.0021392916567625386,0.004269449715370018,0.9287024456521739,0.75,0.0021408182683158895,sunlight
ds_v2_seed1/blue_bathroom_v30,blue_bathroom,0.9619465878082853,0.1277656989384832,0.22658199138126564,0.884171195652174,0.999,0.12778204144282426,sunlight
ds_v1_seed0/blue_bathroom_v18,blue_bathroom,0.9580658400283489,0.15828303152246814,0.27330631152287205,0.8934273097826086,0.9470304975922953,0.15969684666395995,sunlight
ds_v1_seed0/blue_bathroom_v37,blue_bathroom,0.9005723900037841,0.3081761006289308,0.4711538461538462,0.8617527173913043,0.5479824693970077,0.41321937321937324,sunlight
ds_v1_seed0/blue_bathroom_v22,blue_bathroom,0.9882019759594334,0.12927000467945718,0.22894436962602302,0.8735903532608695,0.9972924187725631,0.12931538911644236,sunlight
ds_v1_seed0/blue_bathroom_v03,blue_bathroom,0.9263664218423969,0.002044989775051125,0.004081632653061225,0.9917119565217392,0.023255813953488372,0.0022371364653243847,sunlight
ds_v1_seed0/blue_bathroom_v29,blue_bathroom,0.9852171183986674,0.15575354229282953,0.2695272592179809,0.8664232336956522,0.9993112947658402,0.15577026301663982,sunlight
ds_v1_seed0/blue_bathroom_v16,blue_bathroom,0.9790097697324736,0.21696113074204948,0.35656213704994194,0.9059103260869565,0.8903712296983759,0.22291606157420854,sunlight
ds_v1_seed0/blue_bathroom_v47,blue_bathroom,0.9447727585534705,0.19584483510097342,0.32754221844247355,0.9059952445652174,0.8915343915343915,0.20062509301979461,sunlight
ds_v2_seed1/blue_bathroom_v48,blue_bathroom,0.9358494387376893,0.22025424939294386,0.36099730773732885,0.9072860054347827,0.5385958784491792,0.27147887323943665,sunlight
ds_v1_seed0/blue_bathroom_v43,blue_bathroom,0.9553388193685673,0.14530666080457244,0.25374280230326296,0.8679347826086956,0.8772395487723955,0.14832267474475486,sunlight
ds_v1_seed0/blue_bathroom_v44,blue_bathroom,0.9114656926314284,0.1586467178865076,0.27384830153559797,0.8939877717391305,0.5920523138832998,0.1781174334140436,sunlight
ds_v1_seed0/blue_bathroom_v08,blue_bathroom,0.9863295995180823,0.06799031476997579,0.1273238414800036,0.8365658967391304,1.0,0.06799031476997579,sunlight
ds_v2_seed1/blue_bathroom_v28,blue_bathroom,0.9918995678580819,0.02415966386554622,0.047179487179487174,0.9684442934782609,0.304635761589404,0.02556976097832129,sunlight
ds_v2_seed1/blue_bathroom_v07,blue_bathroom,0.9902841249743489,0.16785378309367022,0.2874568469505178,0.8948369565217391,0.9984012789768185,0.16789891114397096,sunlight
ds_v2_seed1/blue_bathroom_v20,blue_bathroom,0.9784448772290768,0.12647693414158018,0.22455308281649033,0.8556046195652174,1.0,0.12647693414158018,sunlight
ds_v2_seed1/blue_bathroom_v53,blue_bathroom,0.935997018263653,0.1766491857576594,0.3002580342481821,0.8986752717391304,0.8252740167633784,0.18351254480286738,sunlight
ds_v2_seed1/blue_bathroom_v25,blue_bathroom,0.9902975818282355,0.14185697616269377,0.24846715328467153,0.9125679347826087,0.9988262910798122,0.14188062687562522,sunlight
ds_v2_seed1/blue_bathroom_v56,blue_bathroom,0.9511267504917854,0.1283776080264508,0.2275437001111448,0.8701596467391305,0.8922345483359746,0.13039953676896351,sunlight
ds_v1_seed0/computer_room_v17,computer_room,0.9827505702470655,0.31833572985760006,0.48293575399338545,0.7504076086956522,1.0,0.31833572985760006,sunlight
ds_v1_seed0/computer_room_v40,computer_room,0.982375356696986,0.3008387403070106,0.46253041362530417,0.8499320652173913,0.9901041666666667,0.30174603174603176,sunlight
ds_v2_seed1/computer_room_v29,computer_room,0.9775115972519571,0.3343579573624194,0.5011518168982686,0.8859884510869566,0.9935179728933412,0.3350889396800159,sunlight
ds_v2_seed1/computer_room_v43,computer_room,0.9758919032234351,0.2760676083938924,0.432684924494497,0.6988451086956522,1.0,0.2760676083938924,sunlight
ds_v1_seed0/computer_room_v43,computer_room,0.9839532118296435,0.30389318839723517,0.466132028453627,0.7998811141304348,0.9980597594101669,0.30407282615120884,sunlight
ds_v2_seed1/computer_room_v39,computer_room,0.9878539860165639,0.3813208565772899,0.5521104742053152,0.8248301630434782,0.9953029591357445,0.3820082927708671,sunlight
ds_v1_seed0/computer_room_v59,computer_room,0.9863944960372827,0.30386868511107246,0.4661032028469751,0.7961616847826087,0.9937405159332322,0.3044514179451418,sunlight
ds_v2_seed1/computer_room_v07,computer_room,0.9836326913246148,0.3773232866881952,0.5479080914916897,0.852632472826087,0.9960219738586854,0.3778927698720713,sunlight
ds_v2_seed1/computer_room_v00,computer_room,0.9823476555478312,0.29772446457990115,0.4588407981909788,0.7683254076086956,0.9996542783059637,0.2977551230563279,sunlight
ds_v2_seed1/computer_room_v36,computer_room,0.9831455800881931,0.22732086127779738,0.3704342824273799,0.8884680706521739,0.9928057553956835,0.22769593400117855,sunlight
ds_v1_seed0/computer_room_v04,computer_room,0.9744468580615718,0.2769819127927024,0.4338071041068316,0.6082710597826086,1.0,0.2769819127927024,sunlight
ds_v2_seed1/computer_room_v40,computer_room,0.983687418507043,0.3512156964995763,0.5198514158907811,0.830961277173913,0.997223764575236,0.35155944147200835,sunlight
ds_v2_seed1/computer_room_v16,computer_room,0.981974751308605,0.32626848904699496,0.49200971257552656,0.694429347826087,0.9997705106138841,0.32629292588847697,sunlight
ds_v2_seed1/computer_room_v56,computer_room,0.9851245742992489,0.33448034155355894,0.5012892751408653,0.8226222826086956,0.9992385303636018,0.3345656192236599,sunlight
ds_v1_seed0/computer_room_v42,computer_room,0.9816676774837219,0.28676008006863024,0.44570869816436287,0.7881963315217392,0.9990037856146643,0.2868421052631579,sunlight
ds_v2_seed1/computer_room_v06,computer_room,0.9842832042818754,0.3804498925818274,0.5511969606811005,0.8334748641304348,0.9966892898526734,0.38093129191446284,sunlight
ds_v2_seed1/computer_room_v63,computer_room,0.9860786139886208,0.36709016393442623,0.53703870252121,0.7377207880434783,0.9996651785714286,0.3671353035209247,sunlight
ds_v1_seed0/computer_room_v12,computer_room,0.987379236948758,0.3317869228250191,0.4982582681037663,0.7920686141304348,0.9950892126370928,0.3323310736934179,sunlight
ds_v2_seed1/computer_room_v24,computer_room,0.9791309076419789,0.25069628305195474,0.4008907461373509,0.6298913043478261,0.9998628634119583,0.2507049033766591,sunlight
ds_v2_seed1/computer_room_v48,computer_room,0.9845560820182475,0.35869829683698295,0.5280028652012356,0.8209408967391304,0.9976315344273389,0.35900401802021187,sunlight
ds_v1_seed0/computer_room_v29,computer_room,0.9896007910203046,0.4447188449848024,0.6156476002629848,0.9007133152173913,0.9825813221406086,0.4482527525131642,sunlight
ds_v1_seed0/computer_room_v64,computer_room,0.9777452983575172,0.31568243735850504,0.47987634157722814,0.6971127717391304,0.9997569571029287,0.31570666564334776,sunlight
ds_v1_seed0/computer_room_v26,computer_room,0.9769135948290885,0.31586923576531717,0.4800921355709115,0.8389945652173914,0.9988589685075308,0.3159832515160266,sunlight
ds_v2_seed1/computer_room_v22,computer_room,0.9855502147180306,0.32546560061282137,0.491096261513455,0.7607167119565217,0.9991181657848325,0.32555912073176574,sunlight
ds_v1_seed0/computer_room_v58,computer_room,0.9781725496513111,0.3463258246857336,0.5144754981827296,0.8684103260869566,0.9913064477179425,0.3473808919353474,sunlight
ds_v2_seed1/computer_room_v25,computer_room,0.9774241847497278,0.20042328042328042,0.33392101551480957,0.8716711956521739,0.9916230366492147,0.2007631969472122,sunlight
ds_v1_seed0/computer_room_v53,computer_room,0.9826574087827832,0.30089184597961494,0.46259317699548397,0.8322520380434782,0.9967174677608441,0.30119030749610315,sunlight
ds_v2_seed1/computer_room_v10,computer_room,0.9828879174670803,0.28782479881490974,0.44699372007710003,0.6978940217391304,0.9995828698553949,0.28785937374869863,sunlight
ds_v1_seed0/computer_room_v50,computer_room,0.9782258108998774,0.2104965501640086,0.3477854606615586,0.881453804347826,0.9925333333333334,0.21083040670669537,sunlight
ds_v1_seed0/computer_room_v25,computer_room,0.9863856128645793,0.36907482857994633,0.5391594686796836,0.8921705163043478,0.9911929543634908,0.3702891326021934,sunlight
ds_v1_seed0/computer_room_v62,computer_room,0.9834937011886962,0.39454738581376136,0.5658429248476641,0.9128736413043478,0.9752042007001167,0.3985455412494039,sunlight
ds_v1_seed0/computer_room_v08,computer_room,0.984412067484389,0.3121823037822004,0.4758215422999902,0.7288213315217391,0.9993105350248207,0.3122495583609807,sunlight
ds_v2_seed1/computer_room_v55,computer_room,0.9824412207010332,0.33028289084519297,0.4965603829353143,0.6731148097826087,0.9988424707986951,0.3304093567251462,sunlight
ds_v1_seed0/computer_room_v48,computer_room,0.9830708900917126,0.35500725689404933,0.523993144815767,0.8490489130434783,0.998571136966728,0.3551876860524214,sunlight
ds_v2_seed1/computer_room_v02,computer_room,0.9794130985538902,0.20029150977772378,0.3337381096943938,0.888179347826087,0.9963746223564954,0.20043758356630606,sunlight
ds_v1_seed0/computer_room_v28,computer_room,0.9810153245154556,0.3357413761964963,0.5027041644131963,0.8750679347826087,0.9957150508837708,0.3362271658527763,sunlight
ds_v2_seed1/computer_room_v49,computer_room,0.9807752642781652,0.28447984370890783,0.4429494866770014,0.6765455163043478,0.9997359387377872,0.2845012211159121,sunlight
ds_v2_seed1/computer_room_v08,computer_room,0.9816222762851361,0.30502814026841485,0.46746599687218615,0.8091542119565217,0.9979765277215702,0.30521690698681847,sunlight
ds_v1_seed0/computer_room_v16,computer_room,0.9807614120394532,0.28294372294372294,0.44108516668916187,0.6483525815217391,0.9996329377217668,0.28297312274868386,sunlight
ds_v2_seed1/computer_room_v46,computer_room,0.9787193136973266,0.3259458396170743,0.4916427653051132,0.8254076086956522,0.9979923710098374,0.32615970080703366,sunlight
ds_v2_seed1/green_house_v56,green_house,0.9047921179301576,0.29347826086956524,0.45378151260504207,0.8741508152173914,0.3430290872617854,0.6701502286087524,sunlight
ds_v2_seed1/green_house_v33,green_house,0.9819446751397715,0.6999371596145789,0.8234859220011089,0.9513417119565217,0.8872809346787042,0.7682492240487412,sunlight
ds_v1_seed0/green_house_v38,green_house,0.988094622473157,0.7711761858664086,0.8708068593290975,0.9678838315217392,0.8979850641115964,0.8452254641909814,sunlight
ds_v2_seed1/green_house_v52,green_house,0.9783843703281543,0.7091849002163981,0.8298515861292819,0.9589164402173913,0.8450078785274316,0.8152294085129906,sunlight
ds_v2_seed1/green_house_v11,green_house,0.9692747398003013,0.6789813185892603,0.808801516814689,0.9349184782608696,0.9182055058343718,0.7226928221132412,sunlight
ds_v1_seed0/green_house_v61,green_house,0.9282819154171876,0.47181912931932973,0.6411373787994336,0.8881114130434783,0.5113389521244244,0.859249525478172,sunlight
ds_v1_seed0/green_house_v37,green_house,0.977562976618399,0.688351603319332,0.8154126213592233,0.948335597826087,0.877383128754244,0.761618680571299,sunlight
ds_v2_seed1/green_house_v04,green_house,0.9738118579713411,0.645668437601648,0.7846883647384373,0.9444972826086957,0.8814387211367674,0.7070767038708146,sunlight
ds_v1_seed0/green_house_v62,green_house,0.9814220552549261,0.7283002772446151,0.8427936821322803,0.9567255434782609,0.8925771040250915,0.7982702197288453,sunlight
ds_v1_seed0/green_house_v56,green_house,0.9798407975020024,0.711823436678928,0.8316552062868369,0.9534307065217391,0.8501317936488013,0.8139646677082082,sunlight
ds_v1_seed0/green_house_v36,green_house,0.9736874919765947,0.6892802269235315,0.8160638074581963,0.9553498641304348,0.8547559724461381,0.7807228915662651,sunlight
ds_v1_seed0/green_house_v06,green_house,0.9703726386707134,0.6778487274035435,0.8079974271012006,0.9391644021739131,0.9195949243533431,0.7205544933078394,sunlight
ds_v2_seed1/green_house_v63,green_house,0.9806757773643648,0.7174946517708581,0.8355131132793577,0.9596297554347826,0.8604618015963512,0.8119704102219233,sunlight
ds_v2_seed1/green_house_v08,green_house,0.9828429793587822,0.7386882129277567,0.8497075064239242,0.9533118206521739,0.9031845653184565,0.8022091462785176,sunlight
ds_v2_seed1/green_house_v13,green_house,0.9795438354263972,0.7067402075348228,0.8281754943309415,0.9467221467391305,0.9102950030102348,0.7596463022508039,sunlight
ds_v1_seed0/green_house_v20,green_house,0.9727139376973022,0.6570798898071626,0.793057587445139,0.9471467391304348,0.7862605485232067,0.7999731687684465,sunlight
ds_v2_seed1/green_house_v41,green_house,0.9801062502687355,0.7193194402496728,0.8367490338447126,0.9526494565217392,0.9004410838059231,0.7814721644974297,sunlight
ds_v2_seed1/green_house_v45,green_house,0.9672910133173945,0.6324849508923857,0.774873851727261,0.9408967391304348,0.8046486631734515,0.7472239550842171,sunlight
ds_v2_seed1/green_house_v59,green_house,0.8058129180272172,0.20798429319371728,0.3443493336222776,0.7944633152173913,0.27948289508398555,0.4484266967687315,sunlight
ds_v2_seed1/green_house_v27,green_house,0.9766910350376445,0.6875207618203965,0.8148293963254594,0.9520720108695652,0.8621216328797556,0.7724558347847723,sunlight
ds_v2_seed1/green_house_v55,green_house,0.9866368207149577,0.755159007078058,0.8605021015562876,0.9582880434782609,0.9115523465703971,0.8148666092943201,sunlight
ds_v1_seed0/green_house_v00,green_house,0.9765836176417946,0.6897967357564835,0.8164256932922493,0.9473845108695652,0.8789231946925236,0.7622261562292543,sunlight
ds_v1_seed0/green_house_v52,green_house,0.97914626195741,0.7219497842291095,0.8385259440678932,0.9518512228260869,0.9316542209846855,0.7623239436619719,sunlight
ds_v2_seed1/green_house_v36,green_house,0.9642344532242935,0.6748588508801063,0.8058695221098553,0.933491847826087,0.872852233676976,0.7484346224677716,sunlight
ds_v1_seed0/green_house_v10,green_house,0.9712070634613743,0.6668502809298227,0.8001321877065434,0.9486413043478261,0.8565162020659403,0.750713134069205,sunlight
ds_v2_seed1/green_house_v37,green_house,0.9700862187798895,0.6741760168302945,0.8053824807581549,0.9368716032608696,0.9260686333534016,0.7125254771169168,sunlight
ds_v2_seed1/green_house_v40,green_house,0.9845589359620803,0.7346918289500101,0.8470574619524333,0.9551120923913043,0.9169381107491856,0.787073878911711,sunlight
ds_v2_seed1/green_house_v09,green_house,0.9709351452354807,0.6721416655973309,0.8039290921648377,0.9566066576086957,0.849359494081401,0.7631118881118881,sunlight
ds_v2_seed1/green_house_v28,green_house,0.9876887387672101,0.7548517680676271,0.8603025985480698,0.9650305706521739,0.8814124843597942,0.84018022793533,sunlight
ds_v2_seed1/green_house_v24,green_house,0.9840082231566818,0.7201415848367207,0.8373050116163293,0.9583729619565218,0.8932162583203512,0.7879810094952524,sunlight
ds_v2_seed1/green_house_v46,green_house,0.9648685997463722,0.6370040124832813,0.7782558962906475,0.930859375,0.8545454545454545,0.7144714471447144,sunlight
ds_v1_seed0/green_house_v30,green_house,0.9711597339735258,0.6583984207364175,0.7940171824862852,0.9324048913043478,0.9056670602125148,0.7068743088831552,sunlight
ds_v1_seed0/green_house_v16,green_house,0.9643819368308856,0.6128427257301062,0.7599534857965559,0.926375679347826,0.9283008658008658,0.6432923971125902,sunlight
ds_v1_seed0/green_house_v09,green_house,0.9840720321814178,0.7409169112438012,0.8511800953377514,0.9565217391304348,0.9114790836653387,0.7983642311886586,sunlight
ds_v2_seed1/green_house_v51,green_house,0.9774680292193255,0.7081503172279161,0.8291428571428572,0.959375,0.8383648707207858,0.8201215204182564,sunlight
ds_v2_seed1/green_house_v42,green_house,0.9721995736371943,0.6750759878419453,0.8060243150063511,0.9455332880434782,0.894122383252818,0.7337297654443343,sunlight
ds_v2_seed1/green_house_v30,green_house,0.9867963874273842,0.735199262842663,0.8473946232990376,0.9609544836956522,0.8807782530702359,0.8164492197492965,sunlight
ds_v1_seed0/green_house_v44,green_house,0.9714166992559872,0.6570490265071546,0.7930351075877689,0.9503396739130435,0.7998286693318104,0.7863559797866367,sunlight
ds_v2_seed1/green_house_v07,green_house,0.9823755343615469,0.7206758366728041,0.8376660162396928,0.9561990489130435,0.8496999106116716,0.8259682224428997,sunlight
ds_v2_seed1/gym_v06,gym,0.973159531833264,0.7249448872307953,0.8405426661423515,0.9173573369565218,0.9049534292972058,0.7846916299559471,sunlight
ds_v2_seed1/gym_v26,gym,0.9583300926849555,0.6883811375789985,0.8154333429311834,0.9020210597826087,0.881449716419975,0.7586165843204953,sunlight
ds_v2_seed1/gym_v51,gym,0.978790107900189,0.6922006378660481,0.818107052292509,0.9098505434782609,0.9636715911843061,0.7107472462042275,sunlight
ds_v2_seed1/gym_v01,gym,0.9582071948660241,0.6771307026551269,0.8074870987492347,0.8878566576086957,0.9083038173947264,0.7268146748543537,sunlight
ds_v2_seed1/gym_v17,gym,0.9713266731882957,0.6609510086455331,0.7958705647609958,0.8801120923913044,0.9633181659082954,0.6780153724871896,sunlight
ds_v2_seed1/gym_v00,gym,0.9757680774817646,0.6950782997762863,0.8201135013857728,0.9074048913043479,0.9573255276536743,0.7173034745469237,sunlight
ds_v2_seed1/gym_v04,gym,0.9781645129763911,0.6621398205007085,0.7967317939609236,0.9514096467391304,0.9075752670767239,0.7100164619475751,sunlight
ds_v2_seed1/gym_v54,gym,0.9668712476541241,0.7218027911233127,0.8384267871379218,0.9173913043478261,0.9031704000572532,0.7823445539644164,sunlight
ds_v2_seed1/gym_v35,gym,0.9732752972162163,0.6708030238197119,0.8029708041659552,0.9216032608695652,0.9114341085271318,0.7175770521818736,sunlight
ds_v2_seed1/gym_v25,gym,0.9792697612851511,0.683162175201599,0.8117603701732116,0.9219259510869565,0.916504854368932,0.7285021314126121,sunlight
ds_v1_seed0/gym_v49,gym,0.9611403837015111,0.6862948033554853,0.8139677617340182,0.9021908967391304,0.8958333333333334,0.745811874741017,sunlight
ds_v1_seed0/gym_v27,gym,0.9788262449410159,0.7065974690743637,0.8280774838575297,0.9299082880434782,0.9103315625572449,0.7594559486513334,sunlight
ds_v2_seed1/gym_v24,gym,0.9487761219640449,0.5980191482337405,0.7484505412775804,0.8966032608695652,0.8992255758538522,0.6409766454352441,sunlight
ds_v1_seed0/gym_v01,gym,0.9664056116042539,0.6980591447261718,0.8221847241236587,0.9051460597826086,0.9121220683808986,0.7483915840723352,sunlight
ds_v1_seed0/gym_v55,gym,0.9774416877901079,0.7055290102389078,0.8273433122548627,0.9267323369565217,0.922692376361364,0.7498549042367962,sunlight
ds_v2_seed1/gym_v55,gym,0.9520755715039091,0.5775303307295995,0.7321955330804889,0.9136548913043478,0.71886636326024,0.7460283383426364,sunlight
ds_v2_seed1/gym_v09,gym,0.9616888662200147,0.6993971229033606,0.8231120477695819,0.9144701086956522,0.8736857803295802,0.7780729132080484,sunlight
ds_v1_seed0/gym_v59,gym,0.9722693021737063,0.6571428571428571,0.793103448275862,0.9305027173913043,0.9194607268464244,0.6972795163584637,sunlight
ds_v2_seed1/gym_v40,gym,0.9776339451787399,0.7173396674584323,0.8354080221300139,0.9110733695652173,0.9401443328144898,0.7516687408077837,sunlight
ds_v2_seed1/gym_v05,gym,0.9797518493246465,0.7338265056877661,0.8464820479793913,0.9352241847826087,0.9172991363517404,0.7858157088408938,sunlight
ds_v2_seed1/gym_v33,gym,0.9761877585201776,0.7191384615384615,0.8366265750286369,0.9224864130434782,0.9158307210031348,0.7700316288877175,sunlight
ds_v1_seed0/gym_v22,gym,0.9681478360071247,0.6072626233592029,0.7556482861400894,0.9303838315217391,0.7951323547860996,0.7199000454338936,sunlight
ds_v2_seed1/gym_v49,gym,0.9574881620546305,0.673433512900482,0.8048524279082376,0.9021908967391304,0.9040115703737536,0.7252962012947356,sunlight
ds_v1_seed0/gym_v04,gym,0.9449868514010754,0.6034925160370634,0.7527225852335868,0.9055197010869566,0.869212606508572,0.6637660708686108,sunlight
ds_v1_seed0/gym_v00,gym,0.9759910134415442,0.6938992339092993,0.8192922223689423,0.90703125,0.9570414931358939,0.7162068567470853,sunlight
ds_v1_seed0/gym_v20,gym,0.9641571752494729,0.6831660713273232,0.8117631206629389,0.9050951086956521,0.9085356658120947,0.7336215294690697,sunlight
ds_v1_seed0/gym_v30,gym,0.9686380121116402,0.6305726173964732,0.7734370253356827,0.9366677989130435,0.8314826910516002,0.7229668332576101,sunlight
ds_v1_seed0/gym_v42,gym,0.9780226717098799,0.7053678408818596,0.8272324878802783,0.9164741847826087,0.9591853360488798,0.7271941201902291,sunlight
ds_v1_seed0/gym_v31,gym,0.9530873776245404,0.6609511291671646,0.7958706521348152,0.9036175271739131,0.8429594635781774,0.7537643932683791,sunlight
ds_v1_seed0/gym_v03,gym,0.9568093775478362,0.6424235210094037,0.7822872880127555,0.8979619565217392,0.8570067487098055,0.7195520298646757,sunlight
ds_v1_seed0/gym_v63,gym,0.9745292795529225,0.7385693430656934,0.8496288583616028,0.9239639945652174,0.8868321413546487,0.81542131390626,sunlight
ds_v2_seed1/gym_v63,gym,0.9573261182796525,0.6301466940684572,0.7731165500152153,0.9113620923913044,0.7814394938043765,0.7649690295939435,sunlight
ds_v2_seed1/gym_v13,gym,0.9775467038549135,0.7182324437694366,0.8360131324185537,0.9338315217391304,0.8873302358827734,0.7903071780996339,sunlight
ds_v2_seed1/gym_v37,gym,0.9650009073741221,0.6281822242072354,0.771636263886984,0.9151664402173914,0.9037267080745341,0.6732349421619466,sunlight
ds_v1_seed0/gym_v50,gym,0.978655280833075,0.7173760359601068,0.8354326844429902,0.9316576086956522,0.885555748222646,0.7906796717758167,sunlight
ds_v2_seed1/gym_v58,gym,0.9510762126681566,0.5914216228167146,0.7432620172270075,0.9058423913043478,0.7605193328279,0.7267705125882992,sunlight
ds_v1_seed0/gym_v07,gym,0.9514922324425381,0.6182556810968642,0.7641013571820819,0.8978600543478261,0.7663860256511134,0.7618302698474775,sunlight
ds_v1_seed0/gym_v39,gym,0.9777187785457387,0.6910473599604303,0.8173010127600454,0.915132472826087,0.9604709117470138,0.7112765686648849,sunlight
ds_v1_seed0/gym_v09,gym,0.9775853417853841,0.7437857392927997,0.8530701020578886,0.9254245923913044,0.9409463349819148,0.7802056555269923,sunlight
ds_v2_seed1/gym_v41,gym,0.976869101457379,0.6764135792213546,0.806976974662218,0.9007642663043478,0.948512852372447,0.7021961595952627,sunlight
ds_v2_seed1/living_room_contemp_v02,living_room_contemp,0.973915363193242,0.4001778568252557,0.5716100349317244,0.9083559782608696,0.9518773135906927,0.4084411164057182,sunlight
ds_v2_seed1/living_room_contemp_v51,living_room_contemp,0.9718496795013168,0.48568958063121487,0.6538237690606449,0.8989809782608695,0.9758512856150104,0.4915981095746543,sunlight
ds_v1_seed0/living_room_contemp_v64,living_room_contemp,0.9601080804439155,0.5156234884395859,0.6804110550839344,0.8299252717391304,0.9947741694662188,0.5170239596469105,sunlight
ds_v2_seed1/living_room_contemp_v06,living_room_contemp,0.9795698942022388,0.6103162941767845,0.7580079719540891,0.9144191576086956,0.9757665677546983,0.619709462112289,sunlight
ds_v1_seed0/living_room_contemp_v01,living_room_contemp,0.9697367813178634,0.5181896595464002,0.6826415346567742,0.8387228260869565,0.9931926480599047,0.520036661744488,sunlight
ds_v1_seed0/living_room_contemp_v40,living_room_contemp,0.9758074270201773,0.3999287114596329,0.5713558243157225,0.9428158967391305,0.9330561330561331,0.41174311926605506,sunlight
ds_v2_seed1/living_room_contemp_v57,living_room_contemp,0.9788929208070133,0.5778212572582682,0.7324292971718869,0.8863960597826087,0.9857865833961451,0.5826756619144603,sunlight
ds_v1_seed0/living_room_contemp_v41,living_room_contemp,0.9811788617396012,0.6134169066576317,0.760394792104158,0.9224864130434782,0.9774598461330813,0.6222184036429247,sunlight
ds_v1_seed0/living_room_contemp_v62,living_room_contemp,0.9770884351970356,0.4072855464159812,0.5788243152972612,0.9571671195652174,0.8268129770992366,0.44527235354573486,sunlight
ds_v2_seed1/living_room_contemp_v56,living_room_contemp,0.9724145449250369,0.5455502392344498,0.705962479103461,0.8386888586956521,0.9899288070845633,0.5485950731331793,sunlight
ds_v2_seed1/living_room_contemp_v61,living_room_contemp,0.9541397975209679,0.5234531170099019,0.6871929449818437,0.8259001358695652,0.9922453295734931,0.5256033235307846,sunlight
ds_v2_seed1/living_room_contemp_v41,living_room_contemp,0.9739306379118129,0.4589228992203292,0.6291256370923846,0.8727072010869565,0.9825347758887172,0.4626974306718102,sunlight
ds_v1_seed0/living_room_contemp_v47,living_room_contemp,0.9531404863173387,0.19394292370413513,0.32487804878048787,0.9529891304347826,0.6183844011142061,0.22031094938802515,sunlight
ds_v2_seed1/living_room_contemp_v33,living_room_contemp,0.9765981859083351,0.55234521575985,0.7116267826927726,0.9189538043478261,0.9655624795014759,0.563444976076555,sunlight
ds_v2_seed1/living_room_contemp_v42,living_room_contemp,0.9750573266866099,0.49139421889154244,0.6589729431253452,0.8951086956521739,0.9861179970252851,0.4948171490173315,sunlight
ds_v2_seed1/living_room_contemp_v35,living_room_contemp,0.9642851857409088,0.3793759512937595,0.5500689655172414,0.916898777173913,0.9225786551511412,0.3918511725402856,sunlight
ds_v1_seed0/living_room_contemp_v21,living_room_contemp,0.9720306258487528,0.4250457038391225,0.5965362411802437,0.9359035326086956,0.9177631578947368,0.4418751979727589,sunlight
ds_v1_seed0/living_room_contemp_v17,living_room_contemp,0.9532474238472965,0.47381836068506017,0.6429806729573105,0.8001528532608696,0.9960518894529047,0.47470991443035704,sunlight
ds_v1_seed0/living_room_contemp_v36,living_room_contemp,0.9429893337331607,0.45682598362820176,0.6271524379191589,0.7903872282608696,0.9951107276387691,0.4578536456265714,sunlight
ds_v1_seed0/living_room_contemp_v15,living_room_contemp,0.9769456721419789,0.510407905803196,0.6758543885292686,0.9209069293478261,0.9723613058281594,0.5179219116705782,sunlight
ds_v1_seed0/living_room_contemp_v28,living_room_contemp,0.9788660613473066,0.5170720299345183,0.6816710343764453,0.9298573369565217,0.9646596858638743,0.5270560190703218,sunlight
ds_v1_seed0/living_room_contemp_v65,living_room_contemp,0.9735378015721532,0.4292682926829268,0.6006825938566553,0.920516304347826,0.9547057228098725,0.43819245611851115,sunlight
ds_v2_seed1/living_room_contemp_v17,living_room_contemp,0.9658108957102935,0.4952068617558022,0.6623924413700016,0.830078125,0.9911138038978088,0.49741536590310154,sunlight
ds_v2_seed1/living_room_contemp_v22,living_room_contemp,0.9770781488193213,0.5819859829297065,0.7357662952890605,0.8976902173913044,0.9868219790563596,0.5865445136023498,sunlight
ds_v1_seed0/living_room_contemp_v08,living_room_contemp,0.9556420964994555,0.3939855348306053,0.5652648825778264,0.9188858695652173,0.9360868254446789,0.4048767766331986,sunlight
ds_v1_seed0/living_room_contemp_v35,living_room_contemp,0.9771969322244691,0.5433565246903105,0.7041231445849367,0.90859375,0.9663497811981289,0.5538355098157918,sunlight
ds_v1_seed0/living_room_contemp_v30,living_room_contemp,0.9447756668374929,0.18011567061415587,0.30525087514585764,0.9494395380434782,0.7055016181229773,0.1947587849910661,sunlight
ds_v1_seed0/living_room_contemp_v19,living_room_contemp,0.9589090373477224,0.4825733916302311,0.6509942703067071,0.8593070652173913,0.9921664312315397,0.4844190858361026,sunlight
ds_v2_seed1/living_room_contemp_v60,living_room_contemp,0.9717899011732777,0.5014419082066572,0.6679471319747379,0.826766304347826,0.993800251864768,0.5030154449620005,sunlight
ds_v2_seed1/living_room_contemp_v26,living_room_contemp,0.9720631971064504,0.5425264217413186,0.7034257748776509,0.830180027173913,0.9942981720610431,0.5442195603286062,sunlight
ds_v1_seed0/living_room_contemp_v50,living_room_contemp,0.974587302371219,0.46266440390326685,0.6326323422770123,0.913960597826087,0.9706275033377837,0.4692340791738382,sunlight
ds_v1_seed0/living_room_contemp_v10,living_room_contemp,0.9493204739958758,0.46358603066439524,0.6334933798923323,0.7860903532608695,0.9966123420618934,0.4643177067781427,sunlight
ds_v1_seed0/living_room_contemp_v54,living_room_contemp,0.9640176837166963,0.5040129900255161,0.6702242512107097,0.8184273097826087,0.991512275257826,0.5061969993476843,sunlight
ds_v1_seed0/living_room_contemp_v12,living_room_contemp,0.9746357067086012,0.5213735108619482,0.685398433901428,0.9072010869565217,0.9744597249508841,0.5285968028419183,sunlight
ds_v1_seed0/living_room_contemp_v16,living_room_contemp,0.914178857122382,0.19406960227272727,0.3250557620817843,0.9229110054347827,0.7983929875821768,0.20407020164301717,sunlight
ds_v2_seed1/living_room_contemp_v13,living_room_contemp,0.971020054430384,0.44500170979140546,0.6159185927269859,0.9173063858695653,0.9533577533577534,0.45490561640643207,sunlight
ds_v1_seed0/living_room_contemp_v03,living_room_contemp,0.9693302568878231,0.4972139223128483,0.664185544768069,0.8942595108695652,0.9709824948746254,0.504713501106648,sunlight
ds_v2_seed1/living_room_contemp_v55,living_room_contemp,0.9267636850349462,0.3327793934358122,0.4993765586034912,0.9454483695652174,0.8865522966242391,0.3475808201345194,sunlight
ds_v1_seed0/living_room_contemp_v06,living_room_contemp,0.9195236426537854,0.310078819386215,0.47337429595494107,0.9301290760869565,0.8885151369533878,0.32263130343744545,sunlight
ds_v1_seed0/living_room_contemp_v39,living_room_contemp,0.9784376022342962,0.513578062804069,0.6786277832972942,0.9066066576086956,0.9827352742044685,0.5182540390966706,sunlight
ds_v1_seed0/livingroom_v53,livingroom,0.9043720967276104,0.34772563176895305,0.5160184292296154,0.8465692934782608,0.7567567567567568,0.39148105999024546,sunlight
ds_v2_seed1/livingroom_v60,livingroom,0.9179575290134249,0.3016246583662314,0.46345873432487594,0.8437669836956522,0.7213144517066086,0.3414110165850305,sunlight
ds_v1_seed0/livingroom_v16,livingroom,0.8757609428846401,0.24103857162327927,0.3884465432980067,0.8108525815217391,0.677456425972036,0.2722863741339492,sunlight
ds_v2_seed1/livingroom_v61,livingroom,0.8469513682793715,0.23521833468944942,0.3808530493495087,0.8084408967391304,0.46701669359181475,0.32153118917415885,sunlight
ds_v1_seed0/livingroom_v12,livingroom,0.9420248031842337,0.3954998489882211,0.56682177253544,0.8640285326086956,0.8379459286514158,0.4282560706401766,sunlight
ds_v1_seed0/livingroom_v59,livingroom,0.8383146208484913,0.2779428038907333,0.43498473178068464,0.789453125,0.610152154455952,0.3379603399433428,sunlight
ds_v2_seed1/livingroom_v25,livingroom,0.9240549689857307,0.25313807531380755,0.4040066777963273,0.8484205163043478,0.7372654155495979,0.2782376747608536,sunlight
ds_v2_seed1/livingroom_v52,livingroom,0.8980752565867862,0.2972328588974785,0.45825675299359514,0.8347995923913043,0.7653953488372093,0.327027027027027,sunlight
ds_v1_seed0/livingroom_v15,livingroom,0.9304991040110535,0.3246370059787251,0.4901524032825323,0.8522758152173913,0.6926772697150431,0.3792634252539913,sunlight
ds_v1_seed0/livingroom_v43,livingroom,0.8215601109486989,0.30095774647887324,0.4626710549107916,0.7892663043478261,0.4354772968125866,0.49348729792147805,sunlight
ds_v1_seed0/livingroom_v27,livingroom,0.9328218197545359,0.33314360058546105,0.49978652028057335,0.8607167119565218,0.6605933569816188,0.401942509565388,sunlight
ds_v2_seed1/livingroom_v40,livingroom,0.8618049219604114,0.20969654691314962,0.3466928089498876,0.8075917119565217,0.5127942681678608,0.26186950082759824,sunlight
ds_v2_seed1/livingroom_v59,livingroom,0.8482959482995382,0.2701478619954709,0.4253801782905086,0.8138926630434783,0.5582931865106676,0.34358322744599745,sunlight
ds_v1_seed0/livingroom_v20,livingroom,0.9304564190656895,0.41439319097195837,0.5859660434128521,0.8691236413043478,0.7618049734562727,0.47607822594726734,sunlight
ds_v1_seed0/livingroom_v62,livingroom,0.9165872365927706,0.2834733893557423,0.44172850283718895,0.8479449728260869,0.7708378672470076,0.3095612655130222,sunlight
ds_v1_seed0/livingroom_v39,livingroom,0.968279887502375,0.4528970826580227,0.6234400055776337,0.9082710597826087,0.857170245398773,0.4898652350169826,sunlight
ds_v2_seed1/livingroom_v11,livingroom,0.8952263369179554,0.3338166687681251,0.500543555324479,0.8205332880434782,0.6373375060182956,0.4120943264067243,sunlight
ds_v1_seed0/livingroom_v41,livingroom,0.9330248105838067,0.35438867077958497,0.5233190123712408,0.8435971467391304,0.8805086221912559,0.3722934158197084,sunlight
ds_v2_seed1/livingroom_v43,livingroom,0.8442071231763953,0.2731613611416026,0.42910721213950076,0.7750849184782609,0.6630695443645084,0.317188197055637,sunlight
ds_v2_seed1/livingroom_v02,livingroom,0.9254284518856712,0.14925373134328357,0.25974025974025977,0.845108695652174,0.7312614259597806,0.15791551519936833,sunlight
ds_v1_seed0/livingroom_v14,livingroom,0.945253044308967,0.33935605411885594,0.5067450930247426,0.8689707880434783,0.8045066991473813,0.36985534297713485,sunlight
ds_v1_seed0/livingroom_v61,livingroom,0.9135107125738339,0.3550367488110679,0.524025269606279,0.8733186141304348,0.4925623800383877,0.5597818677573279,sunlight
ds_v2_seed1/livingroom_v46,livingroom,0.9414295481223959,0.40196700507614214,0.5734329033718036,0.8719429347826086,0.7801724137931034,0.453309481216458,sunlight
ds_v1_seed0/livingroom_v22,livingroom,0.9591272114160614,0.4117647058823529,0.5833333333333334,0.9003057065217391,0.8144697720515361,0.4543846068782484,sunlight
ds_v2_seed1/livingroom_v38,livingroom,0.9362460724702283,0.32593313284981423,0.4916283103195249,0.8705672554347826,0.78171404327535,0.35856767539165124,sunlight
ds_v2_seed1/livingroom_v09,livingroom,0.8025051724869925,0.3207312006647279,0.48568732305756523,0.7778532608695652,0.5242339359986419,0.4524210680536224,sunlight
ds_v2_seed1/livingroom_v07,livingroom,0.9384861029166018,0.40558725832552595,0.5771071926316427,0.8814707880434782,0.6740268931351734,0.5045560500105954,sunlight
ds_v1_seed0/livingroom_v05,livingroom,0.8763998814433294,0.2577399883169988,0.4098462173598927,0.8057744565217392,0.671003717472119,0.2950222882615156,sunlight
ds_v2_seed1/livingroom_v28,livingroom,0.9256617116691217,0.22472490953400784,0.36698022190062707,0.8217051630434783,0.8420033204205866,0.2346183500385505,sunlight
ds_v2_seed1/livingroom_v26,livingroom,0.6979534869194601,0.01142635809044253,0.022594542843465775,0.8266134510869565,0.013030035335689047,0.08495320374370051,sunlight
ds_v1_seed0/livingroom_v63,livingroom,0.8489529830915605,0.2956626049624345,0.45638826625085277,0.8105298913043478,0.637576582709326,0.35539197085831375,sunlight
ds_v1_seed0/livingroom_v10,livingroom,0.8805347675046551,0.33866533366658336,0.5059746079163555,0.8202445652173913,0.7494469026548672,0.38190529875986473,sunlight
ds_v2_seed1/livingroom_v12,livingroom,0.9301768877884308,0.3693611364958046,0.5394649032336347,0.8710767663043478,0.6599376577111474,0.45618715370408375,sunlight
ds_v1_seed0/livingroom_v33,livingroom,0.9598256767405704,0.3910519467520769,0.5622391711037559,0.8966711956521739,0.7864331723027376,0.4375139977603583,sunlight
ds_v1_seed0/livingroom_v57,livingroom,0.9511825596299085,0.3788249694002448,0.5494895694629384,0.8965692934782609,0.7616899097621,0.42976162925248784,sunlight
ds_v2_seed1/livingroom_v10,livingroom,0.8675828161937056,0.3535046886595156,0.5223545830633505,0.8372452445652174,0.6389464699426899,0.441746754341595,sunlight
ds_v1_seed0/livingroom_v45,livingroom,0.9213404938527777,0.31475702184574234,0.4788063750423872,0.8433763586956522,0.6778684589534325,0.37011795543905635,sunlight
ds_v2_seed1/livingroom_v13,livingroom,0.9299839115348628,0.2730899048787972,0.42901904073270664,0.8390625,0.6936866718628215,0.31053733426378227,sunlight
ds_v2_seed1/livingroom_v30,livingroom,0.903154958198724,0.36779026217228467,0.5377875136911281,0.8566576086956522,0.7621856566283762,0.4154679302758504,sunlight
ds_v1_seed0/minigym_v42,minigym,0.9737820497342378,0.7034485313182947,0.8259111072453683,0.8640285326086956,0.9680395555102457,0.7201744406522563,sunlight
ds_v2_seed1/minigym_v32,minigym,0.9836236157725846,0.7337781645875641,0.8464498856601038,0.9064877717391304,0.9686602412714623,0.7516220098063494,sunlight
ds_v1_seed0/minigym_v55,minigym,0.9817314726255004,0.6875285779606767,0.8148348856900931,0.9071501358695652,0.9420471454303391,0.7178920983528289,sunlight
ds_v1_seed0/minigym_v09,minigym,0.9825276400925098,0.6666198238710886,0.7999662722392423,0.8791270380434782,0.9773367213790262,0.6770863069749739,sunlight
ds_v1_seed0/minigym_v33,minigym,0.9859888987681498,0.7297060114085125,0.8437341451040081,0.9058423913043478,0.9759389671361502,0.7430741733690795,sunlight
ds_v2_seed1/minigym_v21,minigym,0.9810863037333122,0.7316055173510355,0.8450025251365869,0.8853260869565217,0.972574508560558,0.7470168033119572,sunlight
ds_v1_seed0/minigym_v27,minigym,0.9590128369710373,0.82310834749286,0.9029724959844534,0.916898777173913,0.8949685534591195,0.9111208931930049,sunlight
ds_v1_seed0/minigym_v35,minigym,0.9842370635739515,0.7006509668772736,0.8239797354348439,0.8937839673913044,0.9727538543328017,0.7146763011424666,sunlight
ds_v2_seed1/minigym_v49,minigym,0.9751153237610594,0.7417452830188679,0.851726472579553,0.873539402173913,0.9686127089089179,0.7600127936316144,sunlight
ds_v2_seed1/minigym_v30,minigym,0.9835122383284707,0.7091698317959848,0.8298412698412698,0.918070652173913,0.9368429436126154,0.7447764974040775,sunlight
ds_v1_seed0/minigym_v31,minigym,0.9703676589571698,0.6715481171548117,0.8035043804755945,0.8266813858695652,0.9820672126517933,0.6798853009221545,sunlight
ds_v2_seed1/minigym_v15,minigym,0.9797569694473764,0.6568492341615152,0.7928895648660853,0.8519870923913043,0.9855843081649533,0.663221086947879,sunlight
ds_v1_seed0/minigym_v29,minigym,0.984577994479822,0.741574198900757,0.8516136715493628,0.9153532608695653,0.9558243667713694,0.7678926174496644,sunlight
ds_v2_seed1/minigym_v33,minigym,0.8855584349435367,0.0739900626485202,0.13778537664688725,0.854398777173913,0.07423864744770782,0.9567039106145251,sunlight
ds_v1_seed0/minigym_v40,minigym,0.9817742949004418,0.7137081680017968,0.8329401485364789,0.935054347826087,0.9031738512553292,0.7728415079043373,sunlight
ds_v1_seed0/minigym_v00,minigym,0.9848958594854815,0.7195657906302189,0.8369156848212231,0.8916270380434783,0.9766179540709812,0.7321795903765316,sunlight
ds_v1_seed0/minigym_v11,minigym,0.9009079769887101,0.27518260574146425,0.4315971759690956,0.8550611413043478,0.27744476793971573,0.9712230215827338,sunlight
ds_v2_seed1/minigym_v37,minigym,0.9692169790986483,0.6167812602315683,0.7629742815589389,0.7813349184782609,0.9915306952485765,0.6200478755236385,sunlight
ds_v1_seed0/minigym_v28,minigym,0.9853685587219077,0.7357168309775508,0.8477383151987956,0.924422554347826,0.9447834045149481,0.7687724959662405,sunlight
ds_v2_seed1/minigym_v52,minigym,0.9816315983153433,0.8097874318556396,0.8948978400467017,0.9235563858695652,0.9185561574229424,0.8724276088144236,sunlight
ds_v1_seed0/minigym_v50,minigym,0.9830646105874478,0.7086088583905178,0.8294570813100149,0.9206691576086956,0.9484802939211757,0.7369752806072796,sunlight
ds_v1_seed0/minigym_v07,minigym,0.9815371771504068,0.752840772882006,0.8589950490987173,0.9124490489130435,0.9435731025779701,0.788332161863641,sunlight
ds_v2_seed1/minigym_v01,minigym,0.9754985845124794,0.653032550152213,0.7901024696604807,0.849014945652174,0.9779648138406687,0.6627847098435333,sunlight
ds_v2_seed1/minigym_v07,minigym,0.986711107739918,0.7563380281690141,0.8612670408981556,0.932421875,0.9506619458128078,0.787239467142584,sunlight
ds_v2_seed1/minigym_v26,minigym,0.9713152616273255,0.6467152833570237,0.7854609596367116,0.8058254076086957,0.9879626132930514,0.6518516211418071,sunlight
ds_v2_seed1/minigym_v50,minigym,0.9769354069724117,0.6555824962475465,0.7919659669433016,0.8480129076086956,0.9803176795580111,0.6643266643266643,sunlight
ds_v1_seed0/minigym_v34,minigym,0.9838593129265042,0.7353612167300381,0.8475021910604732,0.9349864130434783,0.9230301978479695,0.7833996170275446,sunlight
ds_v2_seed1/minigym_v35,minigym,0.9817866823229622,0.6843051506316813,0.8125667137870352,0.8896569293478261,0.9696364637840815,0.699289934952083,sunlight
ds_v1_seed0/minigym_v20,minigym,0.978467882577221,0.7405111984954693,0.8509123056899389,0.8968919836956522,0.9493150684931507,0.7709937252458725,sunlight
ds_v2_seed1/minigym_v53,minigym,0.9853124130308719,0.7752976190476191,0.8734283319362951,0.9153702445652174,0.9649231114603211,0.797782005475384,sunlight
ds_v1_seed0/minigym_v05,minigym,0.9854046040196572,0.7414480484323474,0.8515304824623385,0.9107846467391304,0.9693069944019046,0.7592741935483871,sunlight
ds_v2_seed1/minigym_v45,minigym,0.9511946151261884,0.5422324510932106,0.7031786300552156,0.9324388586956521,0.5592214573937812,0.9469453376205788,sunlight
ds_v1_seed0/minigym_v17,minigym,0.9705133422117104,0.6436981535991437,0.7832315832315833,0.8190896739130434,0.9849019908900148,0.6501131718523023,sunlight
ds_v1_seed0/minimal_interior_v42,minimal_interior,0.9587112195219631,0.12614259597806216,0.22402597402597402,0.9025815217391304,0.9,0.12793572311495674,sunlight
ds_v1_seed0/minimal_interior_v65,minimal_interior,0.8043564700837451,0.004371584699453552,0.008705114254624592,0.9845278532608696,0.01532567049808429,0.0060790273556231,sunlight
ds_v1_seed0/minimal_interior_v13,minimal_interior,0.9395401891999854,0.11005933879627014,0.1982945144457172,0.8930197010869565,0.8913043478260869,0.11155663754833166,sunlight
ds_v2_seed1/minimal_interior_v10,minimal_interior,0.9400635572832448,0.09668912979783181,0.17632914774245256,0.8952785326086956,0.8918918918918919,0.09783575452119775,sunlight
ds_v2_seed1/minimal_interior_v04,minimal_interior,0.9655230712771502,0.09956298688960669,0.1810955590115777,0.9195142663043478,0.891156462585034,0.10078861319484517,sunlight
ds_v2_seed1/minimal_interior_v53,minimal_interior,0.9288246283992683,0.04442405975625737,0.08506900878293601,0.8761548913043479,0.46565934065934067,0.0468102734051367,sunlight
ds_v2_seed1/minimal_interior_v27,minimal_interior,0.9255290580529397,0.07333516785910842,0.13664914754518653,0.8856148097826086,0.499063670411985,0.07916233476904798,sunlight
ds_v1_seed0/minimal_interior_v46,minimal_interior,0.9583547797987308,0.04435107376283847,0.0849351810460438,0.965234375,0.6168831168831169,0.04560729716754681,sunlight
ds_v2_seed1/minimal_interior_v08,minimal_interior,0.9342944550975701,0.13191691771048042,0.23308586636783862,0.9070142663043478,0.8621761658031089,0.13475866537091027,sunlight
ds_v2_seed1/minimal_interior_v25,minimal_interior,0.9185637854468471,0.03180803571428571,0.06165494862087614,0.9410665760869565,0.59375,0.032515687393040504,sunlight
ds_v2_seed1/minimal_interior_v33,minimal_interior,0.9558782500224083,0.20849236641221375,0.34504540071061984,0.9154721467391305,0.880456682337139,0.21456628477905074,sunlight
ds_v2_seed1/minimal_interior_v30,minimal_interior,0.9522598694624794,0.20163415919873484,0.3355999122614609,0.9485563858695653,0.7005494505494505,0.22065186039803866,sunlight
ds_v1_seed0/minimal_interior_v24,minimal_interior,0.910816082716477,0.13553113553113552,0.23870967741935484,0.9078125,0.7577916295636687,0.1416680539370734,sunlight
ds_v2_seed1/minimal_interior_v29,minimal_interior,0.9161411438193214,0.16466056812710642,0.2827614716825134,0.9115998641304348,0.8806866952789699,0.16841759684832566,sunlight
ds_v1_seed0/minimal_interior_v43,minimal_interior,0.960761850258149,0.16874763526295877,0.2887665911298155,0.9253736413043478,0.839924670433145,0.1743549648162627,sunlight
ds_v2_seed1/minimal_interior_v22,minimal_interior,0.965973118501797,0.06989748369058714,0.13066202090592335,0.9491508152173913,0.8272058823529411,0.07093316519546028,sunlight
ds_v1_seed0/minimal_interior_v11,minimal_interior,0.9552761615806697,0.15502117362371445,0.2684300117847323,0.9051120923913043,0.8975481611208407,0.1578137028483449,sunlight
ds_v1_seed0/minimal_interior_v09,minimal_interior,0.9689016652114785,0.056144728633811605,0.10632014176018902,0.8972146739130434,0.935064935064935,0.05636449037106623,sunlight
ds_v1_seed0/minimal_interior_v40,minimal_interior,0.9604928175348975,0.1626038781163435,0.27972361210388375,0.9486582880434783,0.7029940119760479,0.1745984533016062,sunlight
ds_v1_seed0/minimal_interior_v26,minimal_interior,0.9598335232851858,0.05715158924205379,0.10812373518357907,0.9476052989130435,0.7957446808510639,0.05800248138957816,sunlight
ds_v1_seed0/minimal_interior_v63,minimal_interior,0.9672419415915241,0.13299101412066752,0.23476093360525715,0.9426460597826087,0.819620253164557,0.13700079344088864,sunlight
ds_v2_seed1/minimal_interior_v60,minimal_interior,0.9288895061492038,0.0708745247148289,0.1323675614259338,0.8962466032608696,0.8090277777777778,0.07208043310131478,sunlight
ds_v1_seed0/minimal_interior_v37,minimal_interior,0.9459607125012077,0.12459978655282818,0.22158956109134045,0.8885529891304348,0.6714593817397556,0.13268930245773547,sunlight
ds_v2_seed1/minimal_interior_v51,minimal_interior,0.8528573823080606,0.14557084706338438,0.2541455160744501,0.9251358695652174,0.6622574955908289,0.15724455611390284,sunlight
ds_v1_seed0/minimal_interior_v29,minimal_interior,0.9531834282141624,0.252,0.40255591054313106,0.9460088315217391,0.7777777777777778,0.27155172413793105,sunlight
ds_v2_seed1/minimal_interior_v37,minimal_interior,0.9452166600847398,0.09766355140186916,0.17794806300553428,0.9016134510869566,0.6951219512195121,0.10203417412530513,sunlight
ds_v2_seed1/minimal_interior_v16,minimal_interior,0.9492737903047931,0.0382262996941896,0.07363770250368187,0.9359035326086956,0.7936507936507936,0.03861003861003861,sunlight
ds_v1_seed0/minimal_interior_v23,minimal_interior,0.8698041420057383,0.12946825537969056,0.22925523539600062,0.9168648097826086,0.4587271581600504,0.1528127623845508,sunlight
ds_v1_seed0/minimal_interior_v04,minimal_interior,0.924962229196226,0.13636363636363635,0.24,0.9228770380434783,0.864897466827503,0.13933151962689466,sunlight
ds_v2_seed1/minimal_interior_v35,minimal_interior,0.9399628836096742,0.1319948739854763,0.23320754716981135,0.8964673913043478,0.7692946058091287,0.1374351371386212,sunlight
ds_v2_seed1/minimal_interior_v02,minimal_interior,0.9376746344188234,0.03278688524590164,0.06349206349206349,0.9919836956521739,0.3076923076923077,0.035398230088495575,sunlight
ds_v1_seed0/minimal_interior_v31,minimal_interior,0.9178983572768575,0.1982220540949499,0.33086029992107335,0.9280061141304348,0.8465266558966075,0.20561114381008436,sunlight
ds_v2_seed1/minimal_interior_v61,minimal_interior,0.9452218766933174,0.022649279341111873,0.04429530201342282,0.9758152173913044,0.1746031746031746,0.02536510376633359,sunlight
ds_v2_seed1/minimal_interior_v23,minimal_interior,0.9102128767460345,0.1285240464344942,0.227773695811903,0.910750679347826,0.9160756501182034,0.13005537841919784,sunlight
ds_v1_seed0/minimal_interior_v25,minimal_interior,0.92880244706171,0.14273393704182838,0.24981132075471696,0.9324728260869565,0.2754889721181856,0.2285122540559199,sunlight
ds_v1_seed0/minimal_interior_v18,minimal_interior,0.9162432694206938,0.09114470842332613,0.16706254948535232,0.8927989130434782,0.7473435655253837,0.09404248997177239,sunlight
ds_v2_seed1/minimal_interior_v40,minimal_interior,0.9304507917589172,0.12159468438538205,0.21682464454976305,0.9101902173913043,0.8106312292358804,0.1251495982219183,sunlight
ds_v1_seed0/minimal_interior_v44,minimal_interior,0.8719343075857943,0.17564984709480122,0.2988132011055113,0.9267493206521739,0.4674465920651068,0.21959378733572282,sunlight
ds_v2_seed1/minimal_interior_v26,minimal_interior,0.9631034313908514,0.18630280766203097,0.314089803140898,0.9473335597826087,0.8502994011976048,0.19262072707542052,sunlight
ds_v2_seed1/scandinavian_v01,scandinavian,0.9344663709553058,0.4475142832779057,0.6183210603829161,0.8899626358695653,0.9704142011834319,0.45370450419296277,sunlight
ds_v2_seed1/scandinavian_v02,scandinavian,0.9578937659786438,0.5024933317870811,0.6688792837295462,0.927139945652174,0.9748031496062992,0.5091058630008225,sunlight
ds_v1_seed0/scandinavian_v17,scandinavian,0.9131056340323381,0.4081578947368421,0.5797047280882077,0.8854110054347826,0.9123529411764706,0.4248151191454396,sunlight
ds_v1_seed0/scandinavian_v15,scandinavian,0.9137234481940023,0.4408308507116849,0.6119120096490724,0.8852411684782608,0.8958964009418097,0.46463148713475794,sunlight
ds_v1_seed0/scandinavian_v10,scandinavian,0.9290223774003109,0.43008397225264694,0.601480725044677,0.8939538043478261,0.9444778512728002,0.44123981646221555,sunlight
ds_v1_seed0/scandinavian_v18,scandinavian,0.7874894639367132,0.2607220174360775,0.413607462755836,0.7854110054347826,0.5698209718670076,0.3246157208421359,sunlight
ds_v2_seed1/scandinavian_v50,scandinavian,0.9487989062139451,0.541607033326518,0.7026525198938992,0.9238451086956522,0.969619326500732,0.5509567387687188,sunlight
ds_v2_seed1/scandinavian_v31,scandinavian,0.9163594021191318,0.48861990482102213,0.6564736951838209,0.9160495923913043,0.6726003987467958,0.641102212569567,sunlight
ds_v2_seed1/scandinavian_v25,scandinavian,0.950845966168274,0.4883590147340007,0.6562381923977934,0.9227411684782608,0.9748540637629097,0.4945893609750541,sunlight
ds_v2_seed1/scandinavian_v16,scandinavian,0.8952012924689141,0.4342155734560798,0.6055094945172506,0.899796195652174,0.8679317615487828,0.46493479823390493,sunlight
ds_v1_seed0/scandinavian_v06,scandinavian,0.7712726129484048,0.27977663557332316,0.43722729075763583,0.807235054347826,0.5241945071929616,0.37501063196393636,sunlight
ds_v1_seed0/scandinavian_v50,scandinavian,0.9494715708215871,0.48768529076396805,0.6556296466620679,0.9236922554347826,0.957037368538823,0.4986010725110748,sunlight
ds_v1_seed0/scandinavian_v13,scandinavian,0.9053583340704294,0.33528145186096586,0.5021884358442755,0.8531929347826087,0.932620320855615,0.34360469698163765,sunlight
ds_v2_seed1/scandinavian_v10,scandinavian,0.8129544348051093,0.25784320255778326,0.40997669985172636,0.8107676630434782,0.5284641638225256,0.33489056146725493,sunlight
ds_v2_seed1/scandinavian_v30,scandinavian,0.8970811966468938,0.4225313190862196,0.5940555591530143,0.8935292119565217,0.8421149256471452,0.45888355342136855,sunlight
ds_v2_seed1/scandinavian_v61,scandinavian,0.9203200760933494,0.5032922684791844,0.6695867184740375,0.9205672554347826,0.9577607113985449,0.5147170631041599,sunlight
ds_v1_seed0/scandinavian_v34,scandinavian,0.9271279517129543,0.41950849843022625,0.5910616229408175,0.9089334239130434,0.8116883116883117,0.46473974574238425,sunlight
ds_v1_seed0/scandinavian_v04,scandinavian,0.8174919655578953,0.286718200983837,0.4456581103222283,0.8103770380434783,0.7554283790607642,0.316056338028169,sunlight
ds_v1_seed0/scandinavian_v27,scandinavian,0.9427761101185107,0.5071310116086235,0.6729753521126761,0.9242866847826087,0.9469446738232865,0.5219617660446063,sunlight
ds_v2_seed1/scandinavian_v41,scandinavian,0.9526804031523007,0.45711241342567926,0.6274223034734918,0.8961616847826087,0.9761092150170648,0.46228448275862066,sunlight
ds_v1_seed0/scandinavian_v43,scandinavian,0.898404163616672,0.36623396001193675,0.5361218806312456,0.8557235054347826,0.74843726177771,0.4176450570018717,sunlight
ds_v2_seed1/scandinavian_v24,scandinavian,0.8238275780776104,0.2820755354367948,0.44002951096121423,0.81953125,0.6875823451910409,0.3235430874147551,sunlight
ds_v2_seed1/scandinavian_v32,scandinavian,0.9200634203169739,0.40464536798077777,0.5761530663963507,0.8863790760869565,0.9363673805601318,0.4160871156661786,sunlight
ds_v1_seed0/scandinavian_v55,scandinavian,0.9627488773038683,0.4869653537975398,0.6549787492410444,0.9227921195652173,0.9826918697335459,0.49117814456459874,sunlight
ds_v1_seed0/scandinavian_v64,scandinavian,0.9278674710245277,0.48467468973298233,0.6529035526565765,0.9069123641304347,0.9619331964918828,0.4941526073619632,sunlight
ds_v1_seed0/scandinavian_v32,scandinavian,0.9500543405363518,0.5168903285515964,0.6815131177547284,0.9290760869565218,0.9384583070783449,0.5350257454197103,sunlight
ds_v2_seed1/scandinavian_v54,scandinavian,0.9220353617754553,0.41768735727631306,0.5892517206033094,0.9047214673913043,0.9508506616257089,0.4269043072353066,sunlight
ds_v2_seed1/scandinavian_v37,scandinavian,0.846053759217133,0.30214364913145253,0.4640711481148588,0.8075917119565217,0.5934664246823956,0.381000466055616,sunlight
ds_v2_seed1/scandinavian_v28,scandinavian,0.9379574570606419,0.45043043599000276,0.621098985257515,0.8991677989130434,0.9660512209648601,0.45767494356659144,sunlight
ds_v2_seed1/scandinavian_v39,scandinavian,0.8929565354857619,0.4264297144782279,0.5978979688238073,0.8843410326086957,0.7939469970205426,0.4794961644095085,sunlight
ds_v1_seed0/scandinavian_v60,scandinavian,0.9319665797055987,0.45104079156165405,0.6216789964618847,0.9001188858695652,0.9413598285602961,0.4640799077986938,sunlight
ds_v1_seed0/scandinavian_v42,scandinavian,0.9552133587413008,0.4628023352793995,0.6327612748731398,0.8906080163043478,0.9753911056424679,0.46827004219409285,sunlight
ds_v2_seed1/scandinavian_v12,scandinavian,0.8774625663428871,0.3240167234437906,0.4894450616922987,0.8517153532608696,0.5993126163540026,0.41361929235026684,sunlight
ds_v1_seed0/scandinavian_v40,scandinavian,0.9284207569428422,0.452880658436214,0.6234244441297268,0.9096807065217392,0.8111295374976967,0.5062679700977574,sunlight
ds_v1_seed0/scandinavian_v07,scandinavian,0.8293062173207691,0.30448072247308094,0.46682287783576526,0.8299592391304348,0.5725669497060745,0.39404836824597683,sunlight
ds_v2_seed1/scandinavian_v65,scandinavian,0.9388792632837005,0.44301863733577757,0.6140165149269533,0.9071161684782608,0.9843856076035302,0.4461538461538462,sunlight
ds_v2_seed1/scandinavian_v42,scandinavian,0.956965376378707,0.4731381341774378,0.6423540647009669,0.8982336956521739,0.9716504153123872,0.4797610556348074,sunlight
ds_v1_seed0/scandinavian_v37,scandinavian,0.936689431535755,0.40316172119367655,0.574647547897337,0.8800951086956522,0.9657756176589712,0.4090051457975986,sunlight
ds_v1_seed0/scandinavian_v45,scandinavian,0.933548871334022,0.4951759087808206,0.662364750358493,0.9120244565217391,0.9624928963818905,0.5049190102355162,sunlight
ds_v2_seed1/scandinavian_v46,scandinavian,0.9428018644276308,0.4951580486022291,0.6623487718440669,0.906148097826087,0.9455687369155618,0.509685913108896,sunlight
ds_v1_seed0/sunlight_v02,sunlight,0.991116088893819,0.8381764398816774,0.911965164710337,0.9526154891304348,0.8719604175466119,0.9558171836761691,sunlight
ds_v1_seed0/sunlight_v20,sunlight,0.9905759269116398,0.7976038745857762,0.8874078275666478,0.9460597826086956,0.8216911764705882,0.9645499383477188,sunlight
ds_v2_seed1/sunlight_v49,sunlight,0.9886071180996837,0.8051037068392091,0.8920304177414492,0.9452615489130435,0.8417525447303534,0.9486960239418555,sunlight
ds_v2_seed1/sunlight_v55,sunlight,0.9893634392862891,0.632563025210084,0.7749324411272681,0.9405910326086957,0.6494122721880728,0.9605997766788962,sunlight
ds_v1_seed0/sunlight_v59,sunlight,0.9924258621627011,0.6254239417158648,0.7695517774343122,0.9493546195652174,0.6372712146422629,0.9711332163058318,sunlight
ds_v2_seed1/sunlight_v31,sunlight,0.9942956779544235,0.5836329820210787,0.7370811149389289,0.94296875,0.5872738615096693,0.9894891738490645,sunlight
ds_v2_seed1/sunlight_v22,sunlight,0.9927178539426523,0.8355714893358449,0.9104210805084746,0.9540421195652173,0.8611598196392786,0.9656601123595505,sunlight
ds_v1_seed0/sunlight_v04,sunlight,0.9885208058016451,0.7396321070234114,0.8503316351052581,0.9471127717391304,0.7696189316164955,0.9499570446735395,sunlight
ds_v1_seed0/sunlight_v32,sunlight,0.993596933299171,0.7579138321995464,0.8622878076466644,0.9546705163043478,0.7752110585397533,0.9714019995349918,sunlight
ds_v2_seed1/sunlight_v26,sunlight,0.9918801079709123,0.8196771619713987,0.9009039395574744,0.950101902173913,0.8400427726758083,0.9712727272727273,sunlight
ds_v1_seed0/sunlight_v21,sunlight,0.9931646504626519,0.6396283536903643,0.7802113841843882,0.9413722826086957,0.6476059613148716,0.9811048839071257,sunlight
ds_v2_seed1/sunlight_v42,sunlight,0.9952002520990829,0.8119287740308856,0.896203852676436,0.9594599184782608,0.8270465489566613,0.9779823479168643,sunlight
ds_v1_seed0/sunlight_v28,sunlight,0.9934584709450769,0.7493406093678945,0.8567120723718415,0.9531929347826087,0.7655640215573314,0.9724976392823418,sunlight
ds_v2_seed1/sunlight_v16,sunlight,0.9888088234661812,0.81439022985195,0.8977012954025908,0.9452785326086957,0.8447060229445507,0.9577913279132791,sunlight
ds_v2_seed1/sunlight_v33,sunlight,0.9934314764647721,0.7729622871046229,0.8719444206192641,0.9492866847826087,0.7891019172552977,0.974221370388117,sunlight
ds_v1_seed0/sunlight_v42,sunlight,0.9926636811455603,0.806687641764835,0.8930017819536692,0.9551290760869565,0.8373841713504481,0.9565330557001561,sunlight
ds_v2_seed1/sunlight_v65,sunlight,0.9952664042165709,0.8207069000473068,0.9015255558442523,0.9549422554347826,0.8306429548563612,0.9856342829315802,sunlight
ds_v2_seed1/sunlight_v41,sunlight,0.9951450068885824,0.787906286091404,0.8813731370830066,0.9563349184782609,0.7985785953177258,0.9833213219396685,sunlight
ds_v1_seed0/sunlight_v08,sunlight,0.9912302922875441,0.7092727432230898,0.8299117224389242,0.9437160326086956,0.7256327409800754,0.9691920402781108,sunlight
ds_v2_seed1/sunlight_v53,sunlight,0.9903913068839946,0.7797559393975122,0.8762504140443855,0.9365489130434783,0.7960878724044538,0.9743646408839779,sunlight
ds_v1_seed0/sunlight_v11,sunlight,0.9948990881680905,0.8237360015903519,0.9033500472349393,0.9548233695652174,0.8351921526471379,0.983620826080076,sunlight
ds_v2_seed1/sunlight_v05,sunlight,0.994325885947204,0.7990596387032912,0.8883081155433287,0.9586277173913044,0.8182278908691613,0.9715174004613378,sunlight
ds_v1_seed0/sunlight_v43,sunlight,0.9944944616683108,0.6554560851681587,0.7918737211341713,0.9516304347826087,0.6628333741130413,0.9833030852994555,sunlight
ds_v2_seed1/sunlight_v02,sunlight,0.9937240678536329,0.699917474726635,0.8234722980763397,0.9505944293478261,0.7092087383714853,0.9816261574074074,sunlight
ds_v1_seed0/sunlight_v50,sunlight,0.992745478569631,0.6416190216898086,0.7816905301564486,0.9329313858695653,0.6460160818713451,0.9895031490552834,sunlight
ds_v1_seed0/sunlight_v25,sunlight,0.9920012262974122,0.4271151885830785,0.5985714285714285,0.9427309782608696,0.4309960569175381,0.9793533307362681,sunlight
ds_v2_seed1/sunlight_v64,sunlight,0.9933614848498031,0.8227754165823382,0.9027721233206262,0.9553838315217391,0.8448908901974368,0.9691671964399237,sunlight
ds_v1_seed0/sunlight_v26,sunlight,0.9942750992394143,0.7532250358337315,0.8592451287641368,0.947367527173913,0.7616555278202753,0.9855178162117108,sunlight
ds_v1_seed0/sunlight_v44,sunlight,0.987847304861431,0.7603400882183724,0.8638559029669173,0.936328125,0.7838924405193436,0.9619864121643481,sunlight
ds_v2_seed1/sunlight_v21,sunlight,0.9950501504598507,0.8615394418249013,0.9256204004792058,0.9630944293478261,0.8803880713634588,0.9757523273435809,sunlight
ds_v1_seed0/sunlight_v19,sunlight,0.9856314097106447,0.7730581794115877,0.8720054292500847,0.9359375,0.8121484103406864,0.9413876474466993,sunlight
ds_v2_seed1/sunlight_v54,sunlight,0.9928574376335062,0.8227371022551745,0.9027490593539202,0.951273777173913,0.8409751168371858,0.9743176995683032,sunlight
ds_v1_seed0/sunlight_v47,sunlight,0.9941247158958499,0.49379688401615696,0.6611298889425399,0.9404042119565217,0.49760139555167904,0.9847525891829689,sunlight
ds_v1_seed0/sunlight_v16,sunlight,0.9858127481497013,0.6676587301587301,0.8007138607971446,0.9431046195652174,0.698350108955069,0.9382406245643385,sunlight
ds_v1_seed0/sunlight_v24,sunlight,0.9902710076818548,0.7939284795472087,0.8851283522156891,0.9455842391304348,0.8182420787485085,0.9639231610182727,sunlight
ds_v2_seed1/sunlight_v23,sunlight,0.9943813488779528,0.7094352797416427,0.8300229767679346,0.943461277173913,0.7149894440534834,0.989168796397712,sunlight
ds_v2_seed1/sunlight_v19,sunlight,0.9913824989116624,0.7820825087532349,0.8777175073677017,0.9513756793478261,0.8075290789060044,0.9612685938815605,sunlight
ds_v1_seed0/sunlight_v07,sunlight,0.9951035622085714,0.7581798300950459,0.8624599339807684,0.951171875,0.7679332083830295,0.9835242771412984,sunlight
ds_v2_seed1/sunlight_v25,sunlight,0.9940222808709334,0.6987120981644863,0.8226374544803294,0.9495414402173913,0.7087748174056167,0.9800853485064012,sunlight
ds_v2_seed1/sunlight_v45,sunlight,0.9917343396709417,0.8492119501293813,0.9184582114234829,0.9564538043478261,0.8871958712214303,0.9520042194092827,sunlight
ds_v2_seed1/terrazzo_v37,terrazzo,0.9192599274771288,0.13682864450127877,0.24071991001124862,0.6790081521739131,0.9819731235660439,0.13717320635502037,sunlight
ds_v2_seed1/terrazzo_v38,terrazzo,0.94710243039946,0.0937657367307886,0.1714548802946593,0.8471807065217392,0.9657676348547718,0.09407841552142279,sunlight
ds_v1_seed0/terrazzo_v07,terrazzo,0.9252694845070111,0.11085984478593822,0.19959285648190986,0.7061820652173914,0.9862825788751715,0.1110310392752355,sunlight
ds_v1_seed0/terrazzo_v15,terrazzo,0.8996281997273619,0.22968128788372547,0.3735623045529231,0.598539402173913,0.9949181253529079,0.2299510603588907,sunlight
ds_v1_seed0/terrazzo_v11,terrazzo,0.9250314234202979,0.162710829581012,0.27988185100098456,0.62734375,0.9927823050058208,0.16290353390639922,sunlight
ds_v2_seed1/terrazzo_v13,terrazzo,0.9374081131249735,0.17159169153086987,0.292920635698019,0.5095957880434783,0.9989978286286955,0.17162123385939743,sunlight
ds_v1_seed0/terrazzo_v53,terrazzo,0.9403622971151473,0.1183861598686703,0.21170891435668715,0.7628566576086957,0.9532282663955262,0.11907786104407468,sunlight
ds_v2_seed1/terrazzo_v03,terrazzo,0.9503120872772869,0.09929169349645847,0.18064667291471417,0.8812160326086956,0.9113475177304965,0.10026007802340703,sunlight
ds_v2_seed1/terrazzo_v10,terrazzo,0.9482559808984978,0.26137577673607326,0.41442967521131147,0.42464334239130436,0.9999165902076904,0.26138147566718994,sunlight
ds_v1_seed0/terrazzo_v60,terrazzo,0.9395536774606735,0.2738556391587401,0.42996338162712944,0.3919157608695652,1.0,0.2738556391587401,sunlight
ds_v2_seed1/terrazzo_v58,terrazzo,0.8905718566721051,0.20272151359336382,0.3371046602262796,0.5233525815217391,0.9979023912739478,0.20280793497413743,sunlight
ds_v1_seed0/terrazzo_v49,terrazzo,0.9653222083755977,0.20719586709674034,0.34326801929009,0.48654891304347825,0.9998734497595545,0.2072013007447813,sunlight
ds_v1_seed0/terrazzo_v03,terrazzo,0.9100446211161478,0.25499494674648215,0.40636808523818374,0.5117357336956522,0.9986806048919111,0.2550808793031937,sunlight
ds_v2_seed1/terrazzo_v40,terrazzo,0.9344335593377746,0.06554962253728595,0.12303438742007951,0.6552309782608695,0.9937194696441033,0.06557679023716326,sunlight
ds_v2_seed1/terrazzo_v07,terrazzo,0.9267509372122276,0.16143847884995177,0.2779974691553306,0.6899116847826087,0.9747642817526345,0.1621160409556314,sunlight
ds_v2_seed1/terrazzo_v43,terrazzo,0.971681866962322,0.1317623748363585,0.23284459311595332,0.5832370923913044,0.9978563772775991,0.13179968147230578,sunlight
ds_v2_seed1/terrazzo_v47,terrazzo,0.9411860887953096,0.1588745727057586,0.2741876928662189,0.7283627717391304,0.9967007588254702,0.15895816890292028,sunlight
ds_v1_seed0/terrazzo_v19,terrazzo,0.9766241223823074,0.14246258351061844,0.24939562234563864,0.6097826086956522,0.9981694560669456,0.1424998133353244,sunlight
ds_v1_seed0/terrazzo_v20,terrazzo,0.9186159084550215,0.11862314865606144,0.21208777736913081,0.7816915760869565,0.9129287598944591,0.11998058117761287,sunlight
ds_v1_seed0/terrazzo_v04,terrazzo,0.9206864339464312,0.1827044267819019,0.3089604175728578,0.46036005434782606,0.9991559994373329,0.18273262843765276,sunlight
ds_v2_seed1/terrazzo_v63,terrazzo,0.926673475986702,0.09047550224020812,0.16593770709078856,0.7862432065217392,0.9260355029585798,0.09113408065220556,sunlight
ds_v1_seed0/terrazzo_v05,terrazzo,0.9305079668645069,0.2507960165300454,0.40101825272165953,0.4365319293478261,0.9993701070817961,0.25083566717860695,sunlight
ds_v1_seed0/terrazzo_v22,terrazzo,0.9493805647995065,0.12834526950621938,0.22749290128611993,0.7643512228260869,0.9779798946864529,0.1287172379032258,sunlight
ds_v2_seed1/terrazzo_v16,terrazzo,0.9296150107597408,0.11499832607967861,0.2062753340339288,0.7306216032608696,0.9763145428706774,0.11532005371530886,sunlight
ds_v1_seed0/terrazzo_v42,terrazzo,0.9219125907304669,0.21057722589643227,0.347895568150144,0.4039911684782609,1.0,0.21057722589643227,sunlight
ds_v1_seed0/terrazzo_v58,terrazzo,0.9142418496195789,0.07404085700049826,0.13787344590833178,0.684375,0.9661898569570871,0.074233190128884,sunlight
ds_v1_seed0/terrazzo_v23,terrazzo,0.9762559803374639,0.20294333131589845,0.33741129117678215,0.5750339673913043,0.999686176055233,0.20295626134879424,sunlight
ds_v2_seed1/terrazzo_v04,terrazzo,0.9806280691706112,0.10279170920065688,0.18642089588280275,0.6566745923913043,0.9987063389391979,0.10280539772727272,sunlight
ds_v1_seed0/terrazzo_v55,terrazzo,0.9058665772876227,0.19547228727556595,0.3270210265116887,0.6499320652173913,0.9815758526068209,0.1961921178406331,sunlight
ds_v1_seed0/terrazzo_v41,terrazzo,0.9531950796566213,0.12675274191309177,0.22498767865943814,0.893172554347826,0.8629489603024575,0.129356758288467,sunlight
ds_v1_seed0/terrazzo_v47,terrazzo,0.9290642301016316,0.1270034737034554,0.22538257719136973,0.7567085597826086,0.9438405797101449,0.12797052502302733,sunlight
ds_v2_seed1/terrazzo_v48,terrazzo,0.9398168119283633,0.12800111023731323,0.2269520997375328,0.6798573369565217,0.9760141093474427,0.12840503039584203,sunlight
ds_v1_seed0/terrazzo_v18,terrazzo,0.8902906899853987,0.2361721044265431,0.3821023036854609,0.5184952445652173,0.9978372225384178,0.23629306162057254,sunlight
ds_v1_seed0/terrazzo_v61,terrazzo,0.9652240901056308,0.10755179934569248,0.19421538461538462,0.8888077445652174,0.9337278106508876,0.10837912087912088,sunlight
ds_v2_seed1/terrazzo_v56,terrazzo,0.9312510018234048,0.11751103636745848,0.21030850263355907,0.7861073369565217,0.9184008762322016,0.11875088514374735,sunlight
ds_v2_seed1/terrazzo_v55,terrazzo,0.9003811481829109,0.18619618913196895,0.3139382689607577,0.5103770380434782,0.9975801572897761,0.1862803242113587,sunlight
ds_v2_seed1/terrazzo_v51,terrazzo,0.9118114097403068,0.12012071635627208,0.21447816222348268,0.6236752717391304,0.9866275277234181,0.12031660170233076,sunlight
ds_v2_seed1/terrazzo_v19,terrazzo,0.8936092888023697,0.08234573840031487,0.15216161616161616,0.6436141304347827,0.9731266149870801,0.08253342099495946,sunlight
ds_v2_seed1/terrazzo_v06,terrazzo,0.9152005333703039,0.1947929091432567,0.3260697442252745,0.6675101902173913,0.9819614347916235,0.1954924461322546,sunlight
ds_v2_seed1/terrazzo_v53,terrazzo,0.9487231058265935,0.2141955266955267,0.35281883681200327,0.4080842391304348,0.9998947479212714,0.21420035624901354,sunlight
ds_v2_seed1/bedroom_v36,bedroom,0.8275708929348838,0.21547681083897863,0.3545551982851018,0.8977241847826087,0.410829607550919,0.3118401206636501,terrazzo
ds_v2_seed1/bedroom_v60,bedroom,0.8210978039103061,0.18214218720690303,0.3081561409076484,0.9259510869565217,0.3197234112611129,0.2973966309341501,terrazzo
ds_v2_seed1/bedroom_v58,bedroom,0.8396881206578117,0.37462858048413294,0.5450615326973514,0.7319123641304348,0.8103522152712315,0.4106305367378843,terrazzo
ds_v1_seed0/bedroom_v40,bedroom,0.8663332484496782,0.3792323780453338,0.5499180327868852,0.8134850543478261,0.6620288138938227,0.47027898499929904,terrazzo
ds_v1_seed0/bedroom_v61,bedroom,0.9343107589628663,0.303446075303127,0.4656058751529987,0.9258491847826087,0.5864939870490287,0.3860361274609296,terrazzo
ds_v1_seed0/bedroom_v12,bedroom,0.8559734610189556,0.3479295267489712,0.5162429041644803,0.8277683423913044,0.6757836892718871,0.41764433467119483,terrazzo
ds_v2_seed1/bedroom_v62,bedroom,0.8575007270305567,0.35190756187611105,0.5206089111414555,0.8390115489130435,0.6733385661957091,0.4243548520075851,terrazzo
ds_v1_seed0/bedroom_v32,bedroom,0.910415871755448,0.38880111230487263,0.5599089874857793,0.8357506793478261,0.8037627384374183,0.42957894001815516,terrazzo
ds_v2_seed1/bedroom_v59,bedroom,0.8340475950373637,0.45011534025374855,0.6207993636905946,0.8056725543478261,0.6409361527407104,0.601889338731444,terrazzo
ds_v2_seed1/bedroom_v24,bedroom,0.7598641569058752,0.23757064852955265,0.38393064478674815,0.8648267663043478,0.43455405642193795,0.343871325568497,terrazzo
ds_v1_seed0/bedroom_v46,bedroom,0.8667819879314498,0.20493399697035275,0.3401580459770115,0.937601902173913,0.32520604395604397,0.3565512048192771,terrazzo
ds_v1_seed0/bedroom_v58,bedroom,0.8399302900671601,0.19359732969200424,0.3243930341934664,0.9097316576086957,0.4122778675282714,0.2673931265716681,terrazzo
ds_v1_seed0/bedroom_v14,bedroom,0.8970385572120095,0.388309119432508,0.5593986440011791,0.8476902173913043,0.7332560535806285,0.45218427323272437,terrazzo
ds_v2_seed1/bedroom_v08,bedroom,0.9035960167339665,0.31751500333407423,0.48199072121467734,0.895703125,0.6395791358853817,0.38670817541959934,terrazzo
ds_v1_seed0/bedroom_v38,bedroom,0.8860965587285811,0.3527749985286328,0.5215575375244725,0.8132302989130434,0.7852744661338923,0.39043772798332466,terrazzo
ds_v2_seed1/bedroom_v47,bedroom,0.8751969680467371,0.4952775476387738,0.6624556737588653,0.793070652173913,0.7171305182341651,0.6155271828665568,terrazzo
ds_v1_seed0/bedroom_v31,bedroom,0.931713576601523,0.32897853159141266,0.49508479448117276,0.8508322010869566,0.788933675338952,0.36072715087542934,terrazzo
ds_v2_seed1/bedroom_v50,bedroom,0.880702906822691,0.31015695291412576,0.4734653389798177,0.7656080163043478,0.8125982189628077,0.3340511440107672,terrazzo
ds_v2_seed1/bedroom_v39,bedroom,0.8850731392917615,0.38660782808902533,0.557631105576311,0.7828125,0.8352331606217617,0.41852736525080486,terrazzo
ds_v1_seed0/bedroom_v48,bedroom,0.7844939994804718,0.3378384924671802,0.5050512365571931,0.7678498641304348,0.5950511945392492,0.4386991256211864,terrazzo
ds_v2_seed1/bedroom_v12,bedroom,0.8814125628706123,0.33336662338959355,0.5000374503782488,0.8866338315217391,0.5558701082431308,0.45439695072148106,terrazzo
ds_v2_seed1/bedroom_v11,bedroom,0.8370081524052193,0.230438648488441,0.3745634108153679,0.9118036684782609,0.44327251995439,0.32429614181439,terrazzo
ds_v1_seed0/bedroom_v07,bedroom,0.7950511040945546,0.25339451259481227,0.40433320881583856,0.8645889945652174,0.4159237626806025,0.3933711295246402,terrazzo
ds_v2_seed1/bedroom_v44,bedroom,0.8455272635059699,0.378595785608114,0.5492484302657449,0.75859375,0.8075345020514734,0.4161460836136473,terrazzo
ds_v2_seed1/bedroom_v38,bedroom,0.8679108522344653,0.35748190802272195,0.5266838635712239,0.859765625,0.6036793692509855,0.46710726995424506,terrazzo
ds_v1_seed0/bedroom_v63,bedroom,0.8373937808350033,0.4369221935113408,0.6081361892583119,0.8334578804347826,0.6403804073388318,0.5789834119616497,terrazzo
ds_v2_seed1/bedroom_v63,bedroom,0.9013143729545662,0.49364180818771025,0.6609908821267714,0.7903532608695653,0.8274202420242024,0.5503018108651911,terrazzo
ds_v2_seed1/bedroom_v04,bedroom,0.9168988916585201,0.18806668616554548,0.3165928114229443,0.9528532608695652,0.5481670929241261,0.22256836275527864,terrazzo
ds_v2_seed1/bedroom_v48,bedroom,0.8024591149148398,0.3462361755262219,0.5143765734729032,0.8132642663043478,0.5958252327842014,0.4525178737954616,terrazzo
ds_v2_seed1/bedroom_v13,bedroom,0.8859603559379248,0.337172473365966,0.5043066322136089,0.882710597826087,0.6715733129420761,0.403746695782094,terrazzo
ds_v1_seed0/bedroom_v59,bedroom,0.8193001119030688,0.3874189591729455,0.5584743622126799,0.7625,0.7172749391727494,0.45724330472546787,terrazzo
ds_v1_seed0/bedroom_v54,bedroom,0.9514540809202612,0.36714518588631223,0.5370975806761799,0.7956012228260869,0.9188051059349914,0.3794565217391304,terrazzo
ds_v1_seed0/bedroom_v29,bedroom,0.8413560340397316,0.1403973509933775,0.24622531939605108,0.9448879076086957,0.2955939765755717,0.21098726114649682,terrazzo
ds_v1_seed0/bedroom_v41,bedroom,0.8893796211688146,0.36717482971132015,0.537129300118624,0.8011888586956522,0.8091493924231594,0.40198863636363635,terrazzo
ds_v1_seed0/bedroom_v56,bedroom,0.8825200921915488,0.47013833744305594,0.6395838071412326,0.7846807065217392,0.7930207966161438,0.5358963365251774,terrazzo
ds_v2_seed1/bedroom_v55,bedroom,0.8866586222945271,0.3821255080797066,0.5529534124735502,0.7882982336956522,0.8234351634266183,0.41623022514982994,terrazzo
ds_v1_seed0/bedroom_v33,bedroom,0.9070108802171348,0.28762227238525206,0.4467494521548575,0.8713654891304348,0.6447396162766181,0.34179054431653066,terrazzo
ds_v2_seed1/bedroom_v14,bedroom,0.8844424915770045,0.35976296296296295,0.5291554083500392,0.816508152173913,0.7753512132822478,0.40162741465996293,terrazzo
ds_v2_seed1/bedroom_v30,bedroom,0.8058958539534674,0.35575790037493304,0.524810366624526,0.7957201086956521,0.5804929208180388,0.47887527036770006,terrazzo
ds_v2_seed1/blue_bathroom_v51,blue_bathroom,0.9848009871071892,0.7201119925338311,0.8372850089523086,0.9490658967391304,0.9642589352661834,0.7398600057531882,terrazzo
ds_v2_seed1/blue_bathroom_v23,blue_bathroom,0.9770478719816386,0.6185217903415783,0.7643045574456473,0.9559952445652173,0.8554265933618408,0.6907267346267675,terrazzo
ds_v1_seed0/blue_bathroom_v42,blue_bathroom,0.9164643651075683,0.008237232289950576,0.016339869281045753,0.9897758152173913,0.02577319587628866,0.011961722488038277,terrazzo
ds_v1_seed0/blue_bathroom_v14,blue_bathroom,0.9533475396426645,0.3550561797752809,0.5240464344941957,0.9317595108695652,0.704683020070086,0.41712238355647746,terrazzo
ds_v1_seed0/blue_bathroom_v19,blue_bathroom,0.9862997356962305,0.6874476987447699,0.8147780808331266,0.9619395380434783,0.9029126213592233,0.7423192771084337,terrazzo
ds_v2_seed1/blue_bathroom_v36,blue_bathroom,0.9828079042931098,0.7169792498004789,0.8351635581895299,0.9518172554347826,0.931682654913145,0.7567652943034643,terrazzo
ds_v2_seed1/blue_bathroom_v29,blue_bathroom,0.9378147481985191,0.4979011947045528,0.6647984479413668,0.9207710597826086,0.6500843170320405,0.6801940891045435,terrazzo
ds_v1_seed0/blue_bathroom_v53,blue_bathroom,0.931915490330727,0.06419180201082754,0.12063953488372092,0.9794497282608695,0.2034313725490196,0.08574380165289257,terrazzo
ds_v1_seed0/blue_bathroom_v11,blue_bathroom,0.985765982029994,0.6041022301806934,0.7531966714024763,0.9586956521739131,0.9049012435991222,0.6450547540413697,terrazzo
ds_v1_seed0/blue_bathroom_v50,blue_bathroom,0.9689299544861246,0.6556809438317517,0.7920377972271706,0.9543987771739131,0.8573105298457411,0.7360011515762199,terrazzo
ds_v2_seed1/blue_bathroom_v10,blue_bathroom,0.970488107649896,0.3261744966442953,0.4919028340080972,0.9488451086956522,0.7473090722706305,0.366607995976867,terrazzo
ds_v1_seed0/blue_bathroom_v32,blue_bathroom,0.976041834718241,0.6642834612553885,0.7982816349737822,0.9457710597826087,0.8906117846067099,0.7232970807097882,terrazzo
ds_v1_seed0/blue_bathroom_v09,blue_bathroom,0.9858997669058182,0.5885719240440476,0.7410075869221113,0.9194123641304348,0.9790855329583154,0.5960660344221989,terrazzo
ds_v2_seed1/blue_bathroom_v41,blue_bathroom,0.9828200858842028,0.6946579371856912,0.8198208286674132,0.9453464673913043,0.9310695663232863,0.7323196959087727,terrazzo
ds_v1_seed0/blue_bathroom_v28,blue_bathroom,0.9881066776979951,0.6379246676514032,0.7789426220268291,0.966694972826087,0.8746835443037975,0.7020930705141232,terrazzo
ds_v2_seed1/blue_bathroom_v33,blue_bathroom,0.9017364355345253,0.004995004995004995,0.009940357852882706,0.9830842391304347,0.02358490566037736,0.006297229219143577,terrazzo
ds_v2_seed1/blue_bathroom_v09,blue_bathroom,0.9785775041262014,0.4118829573375028,0.5834519854453409,0.9552819293478261,0.8710439300897497,0.4386298763082778,terrazzo
ds_v2_seed1/blue_bathroom_v30,blue_bathroom,0.9720874293851247,0.6361134378365442,0.7775908725224896,0.9483525815217392,0.9079419299743808,0.6799693016116654,terrazzo
ds_v1_seed0/blue_bathroom_v18,blue_bathroom,0.9762910159784975,0.6674185181008233,0.8005410889414949,0.9499150815217391,0.8001622498647918,0.8009202869129788,terrazzo
ds_v1_seed0/blue_bathroom_v37,blue_bathroom,0.9260514037330723,0.2947674418604651,0.45532105972159853,0.8763926630434783,0.6631785480706344,0.3466666666666667,terrazzo
ds_v1_seed0/blue_bathroom_v22,blue_bathroom,0.9813596417170551,0.6492019812878371,0.7872922645665087,0.9458729619565217,0.9161230195712954,0.6902282036278525,terrazzo
ds_v1_seed0/blue_bathroom_v03,blue_bathroom,0.9153498465574695,0.006379585326953748,0.012678288431061805,0.9894191576086957,0.021739130434782608,0.008948545861297539,terrazzo
ds_v1_seed0/blue_bathroom_v29,blue_bathroom,0.983030672811593,0.693583202511774,0.8190718961821448,0.9469599184782609,0.8896300025169896,0.7588835212023618,terrazzo
ds_v1_seed0/blue_bathroom_v16,blue_bathroom,0.9942945560498384,0.758006126427179,0.8623475368287661,0.9704823369565218,0.9484320557491289,0.7905896020911996,terrazzo
ds_v1_seed0/blue_bathroom_v47,blue_bathroom,0.9822391223774602,0.6755719766946142,0.8063777457382749,0.9612262228260869,0.9373028391167192,0.7075457657389492,terrazzo
ds_v2_seed1/blue_bathroom_v48,blue_bathroom,0.9788892847214868,0.6332431277595784,0.7754425743437691,0.9562669836956522,0.7682737169517885,0.7827464788732394,terrazzo
ds_v1_seed0/blue_bathroom_v43,blue_bathroom,0.9815255921483069,0.6916910410573069,0.8177510245901638,0.951664402173913,0.9525585558705058,0.7163693481431617,terrazzo
ds_v1_seed0/blue_bathroom_v44,blue_bathroom,0.9634696645331998,0.5579189811678634,0.7162361944516915,0.9445822010869566,0.8419546105090984,0.6231840193704601,terrazzo
ds_v1_seed0/blue_bathroom_v08,blue_bathroom,0.9833130478080447,0.5966835300730747,0.7474036261221616,0.9268851902173914,0.9480500148853825,0.6168523002421308,terrazzo
ds_v2_seed1/blue_bathroom_v28,blue_bathroom,0.9904321622709111,0.5556036347901342,0.7143254520166898,0.9825577445652174,0.7149220489977728,0.7137298499166204,terrazzo
ds_v2_seed1/blue_bathroom_v07,blue_bathroom,0.9852209843301402,0.6964132696780512,0.8210419974022224,0.9578804347826086,0.886275120735317,0.7647533270600887,terrazzo
ds_v2_seed1/blue_bathroom_v20,blue_bathroom,0.9816593472392013,0.672314733664427,0.8040528736970827,0.9428498641304348,0.9279569892473118,0.7093393609370184,terrazzo
ds_v2_seed1/blue_bathroom_v53,blue_bathroom,0.9798606746057641,0.6537309545513739,0.7906134341286715,0.9548403532608696,0.8770090845562544,0.7197132616487455,terrazzo
ds_v2_seed1/blue_bathroom_v25,blue_bathroom,0.9890424832305775,0.7104303428154631,0.8307036247334754,0.9662873641304348,0.8503579535533438,0.8119373124374791,terrazzo
ds_v2_seed1/blue_bathroom_v56,blue_bathroom,0.967042258423015,0.6424140468930711,0.7822802637475194,0.9422384510869565,0.8746063555682794,0.7075854082223509,terrazzo
ds_v1_seed0/computer_room_v17,computer_room,0.9804840120749223,0.8160808250894549,0.8987274286641478,0.9257982336956522,0.8982485404503753,0.8992068277749432,terrazzo
ds_v1_seed0/computer_room_v40,computer_room,0.9822145352306869,0.7420060477385318,0.8518983601713694,0.9318953804347826,0.7966979828681956,0.9153174603174603,terrazzo
ds_v2_seed1/computer_room_v29,computer_room,0.9813951333100432,0.6806974029763642,0.810017795911281,0.9256623641304348,0.719096794081381,0.9272582728808506,terrazzo
ds_v2_seed1/computer_room_v43,computer_room,0.9781468999080088,0.8073844964237387,0.8934285958757593,0.9153872282608696,0.9383930978700459,0.8525761410957785,terrazzo
ds_v1_seed0/computer_room_v43,computer_room,0.9810847927320644,0.7753729319229726,0.8734761220935562,0.9296705163043478,0.9039969643308879,0.8449488680026009,terrazzo
ds_v2_seed1/computer_room_v39,computer_room,0.9824470613744433,0.7761305780173705,0.8739566646994351,0.923828125,0.820874247703516,0.9343789435731026,terrazzo
ds_v1_seed0/computer_room_v59,computer_room,0.9804508858291522,0.7786955131621017,0.8755804547769556,0.9294667119565218,0.9036546904953312,0.8491980474198048,terrazzo
ds_v2_seed1/computer_room_v07,computer_room,0.9783504385863714,0.724809483488569,0.8404516445753559,0.9172044836956522,0.771588245898684,0.9228115567054765,terrazzo
ds_v2_seed1/computer_room_v00,computer_room,0.9778886213047258,0.7852854949043697,0.8797309978104474,0.9216372282608696,0.8908774152676592,0.8688600556070436,terrazzo
ds_v2_seed1/computer_room_v36,computer_room,0.9811973926896784,0.6763754045307443,0.806949806949807,0.9371603260869565,0.7239958805355304,0.9113730111962286,terrazzo
ds_v1_seed0/computer_room_v04,computer_room,0.9730107256806749,0.7703108712980563,0.8702549182599058,0.8727581521739131,0.9722555430871029,0.7876242124071345,terrazzo
ds_v2_seed1/computer_room_v40,computer_room,0.9819120960723976,0.7714474626701195,0.8709797822706065,0.9295516304347826,0.8322039942938659,0.9135456087694115,terrazzo
ds_v2_seed1/computer_room_v16,computer_room,0.9750591590409725,0.8341082067706719,0.9095517960080365,0.9181895380434782,0.9121036378700007,0.907014193161817,terrazzo
ds_v2_seed1/computer_room_v56,computer_room,0.9812071037390184,0.7654483302655798,0.8671432826928807,0.9242527173913043,0.813992506011968,0.9277200586398113,terrazzo
ds_v1_seed0/computer_room_v42,computer_room,0.9812102561657767,0.7913998646467801,0.8835546772834267,0.9319463315217391,0.8978796290827477,0.8696796338672769,terrazzo
ds_v2_seed1/computer_room_v06,computer_room,0.9792020262032721,0.7496405832819881,0.8569080878037328,0.9171875,0.7991242474001095,0.9236998608123498,terrazzo
ds_v2_seed1/computer_room_v63,computer_room,0.9808747503664798,0.837940501711234,0.9118254926435981,0.9268172554347827,0.9104282445243543,0.9132270361109972,terrazzo
ds_v1_seed0/computer_room_v12,computer_room,0.9812963135059174,0.7925714285714286,0.8842843481032835,0.9260190217391304,0.8600661430343117,0.9099059698228734,terrazzo
ds_v2_seed1/computer_room_v24,computer_room,0.9688507198729336,0.7839705051981267,0.8789052318004095,0.8895380434782608,0.9583807048887445,0.8116016780138917,terrazzo
ds_v2_seed1/computer_room_v48,computer_room,0.9796744545579334,0.7568784882013121,0.8616173438109569,0.9156589673913044,0.7944501541623844,0.9411907950809691,terrazzo
ds_v1_seed0/computer_room_v29,computer_room,0.9843529727972371,0.7129549393414212,0.8324269634501075,0.9324898097826086,0.7436727930099427,0.9452369554810914,terrazzo
ds_v1_seed0/computer_room_v64,computer_room,0.9748977816905697,0.8277675145658662,0.9057689317368993,0.9176630434782609,0.9177202725589823,0.8941248704862044,terrazzo
ds_v1_seed0/computer_room_v26,computer_room,0.9740197598293574,0.6900318133616119,0.816590324402334,0.9007133152173913,0.7221174120519365,0.9395033208200981,terrazzo
ds_v2_seed1/computer_room_v22,computer_room,0.9814826388872566,0.8158587316410562,0.898592734583197,0.9263247282608695,0.8777458099283006,0.9204540012451511,terrazzo
ds_v1_seed0/computer_room_v58,computer_room,0.9799707394209434,0.7064033131570564,0.8279441415876334,0.9217391304347826,0.7408620113598396,0.9382245916899382,terrazzo
ds_v2_seed1/computer_room_v25,computer_room,0.977702066520537,0.6734028683181226,0.8048305414881185,0.9319293478260869,0.744370383714646,0.8759804960780156,terrazzo
ds_v1_seed0/computer_room_v53,computer_room,0.9796526091676275,0.7442583318943188,0.8533808533808535,0.9245414402173913,0.7986904688368646,0.9161116621793963,terrazzo
ds_v2_seed1/computer_room_v10,computer_room,0.9740906730104836,0.8185126053540267,0.900200089836253,0.9169836956521739,0.9183886018996834,0.8827180267478177,terrazzo
ds_v1_seed0/computer_room_v50,computer_room,0.9783101443001743,0.6330532212885154,0.7753001715265866,0.9199048913043478,0.6690239289532111,0.921717457799932,terrazzo
ds_v1_seed0/computer_room_v25,computer_room,0.9847837868176433,0.7346178242943229,0.8470082735292774,0.9431555706521739,0.7820545285726345,0.923728813559322,terrazzo
ds_v1_seed0/computer_room_v62,computer_room,0.9812939424276846,0.6417290784760664,0.7817722021123618,0.9252547554347826,0.6692418711265812,0.939794945159752,terrazzo
ds_v1_seed0/computer_room_v08,computer_room,0.9821760386186619,0.8346019663812242,0.9098452761690725,0.9291440217391305,0.9126457710148698,0.9070619156361757,terrazzo
ds_v2_seed1/computer_room_v55,computer_room,0.98560534669916,0.8551851231362038,0.9219404710301979,0.9265964673913043,0.9580705705705705,0.8884363686995266,terrazzo
ds_v1_seed0/computer_room_v48,computer_room,0.9808227759401188,0.7192827097631171,0.8367241823332475,0.9138586956521739,0.7516048811520444,0.9435852755390982,terrazzo
ds_v2_seed1/computer_room_v02,computer_room,0.9813514136710407,0.6736560133013116,0.8050113140901817,0.9399966032608695,0.7372624342903357,0.8864713747417041,terrazzo
ds_v1_seed0/computer_room_v28,computer_room,0.9828408991793958,0.7318353167270308,0.8451557831839522,0.938383152173913,0.8002748140963466,0.8953698679688913,terrazzo
ds_v2_seed1/computer_room_v49,computer_room,0.9760028191534161,0.8264213128261466,0.9049624060150376,0.9141304347826087,0.9054730110964829,0.9044523764794289,terrazzo
ds_v2_seed1/computer_room_v08,computer_room,0.9783063309937515,0.7630833377879938,0.8656236735188892,0.9247282608695652,0.8485406883433395,0.8834086267714586,terrazzo
ds_v1_seed0/computer_room_v16,computer_room,0.9817352108478101,0.809348881100027,0.8946299849125486,0.9039232336956522,0.9677614346161596,0.8317747298420615,terrazzo
ds_v2_seed1/computer_room_v46,computer_room,0.9793833479366825,0.7544759766981989,0.8600584866577312,0.921976902173913,0.8026951725706488,0.9262515582966997,terrazzo
ds_v2_seed1/green_house_v56,green_house,0.9101902548875483,0.2091750230102214,0.345979728376267,0.7227411684782609,0.21199921445404557,0.9401262791204006,terrazzo
ds_v2_seed1/green_house_v33,green_house,0.9462679494986168,0.3349996094665313,0.5018722209220688,0.7108016304347826,0.33659015106925644,0.986090355213243,terrazzo
ds_v1_seed0/green_house_v38,green_house,0.9686293875851323,0.3720549575913893,0.5423324416166583,0.7849864130434783,0.37277606599741575,0.9948275862068966,terrazzo
ds_v2_seed1/green_house_v52,green_house,0.937326760246907,0.25336584331601825,0.40429670980292653,0.6411514945652174,0.2539581340983955,0.9908789386401327,terrazzo
ds_v2_seed1/green_house_v11,green_house,0.9384396562444304,0.4322154551925967,0.6035620599199227,0.7561650815217391,0.43716,0.9744984395898351,terrazzo
ds_v1_seed0/green_house_v61,green_house,0.967125025219208,0.45424270680698015,0.6247137491984978,0.860835597826087,0.4551217884551218,0.9957658052270404,terrazzo
ds_v1_seed0/green_house_v37,green_house,0.9437890417100294,0.3394584893882647,0.5068592898960184,0.7124490489130435,0.3410685586609698,0.986284289276808,terrazzo
ds_v2_seed1/green_house_v04,green_house,0.9596265978512155,0.4357139070038704,0.6069648066767606,0.819242527173913,0.4404781047328081,0.9757777250059368,terrazzo
ds_v1_seed0/green_house_v62,green_house,0.9501571344104416,0.331568835039015,0.4980123089608057,0.7104789402173913,0.33287406999173325,0.9883122954651706,terrazzo
ds_v1_seed0/green_house_v56,green_house,0.9535534296092579,0.37025115604315895,0.540413564929694,0.7640794836956522,0.372854273192111,0.9814926090614109,terrazzo
ds_v1_seed0/green_house_v36,green_house,0.9271376330713504,0.24252579013075762,0.3903754627181385,0.6084239130434783,0.24322899505766063,0.9882195448460509,terrazzo
ds_v1_seed0/green_house_v06,green_house,0.9348182973946104,0.38968953622077424,0.5608296328984748,0.7295686141304348,0.3941155948366089,0.9719885277246654,terrazzo
ds_v2_seed1/green_house_v63,green_house,0.9411674745124804,0.26604940504177366,0.42028281674046564,0.6553498641304348,0.2668117519042437,0.9893745796906523,terrazzo
ds_v2_seed1/green_house_v08,green_house,0.9535225660987372,0.4009840615669288,0.5724320105661284,0.7580842391304348,0.40356371947348374,0.9843088675544545,terrazzo
ds_v2_seed1/green_house_v13,green_house,0.945003669058505,0.39658382579130574,0.5679341525620217,0.7468070652173913,0.3990713587487781,0.9845257234726688,terrazzo
ds_v1_seed0/green_house_v20,green_house,0.9409503373239795,0.2840411642730973,0.44241753640958165,0.6833389945652174,0.2846642293630941,0.9923530990072444,terrazzo
ds_v2_seed1/green_house_v41,green_house,0.9453197811519986,0.3506134371957157,0.5191913948726822,0.7168308423913043,0.3525495417874207,0.9845783659630318,terrazzo
ds_v2_seed1/green_house_v45,green_house,0.9172325469318409,0.305676342695969,0.46822682268226823,0.6989809782608696,0.308236223582856,0.9735495945102932,terrazzo
ds_v2_seed1/green_house_v59,green_house,0.7237233781497435,0.19004672897196262,0.3193937252130208,0.7056216032608695,0.22127312295973883,0.5738676449837731,terrazzo
ds_v2_seed1/green_house_v27,green_house,0.937573488137789,0.29670042225626847,0.4576236996051987,0.6803498641304347,0.2977909462551101,0.9878079124160238,terrazzo
ds_v2_seed1/green_house_v55,green_house,0.9580992558603936,0.37032403857794277,0.5404911950055951,0.7349864130434782,0.37211093990755006,0.9871987951807228,terrazzo
ds_v1_seed0/green_house_v00,green_house,0.9358207052675479,0.3343598602921846,0.5011539544047284,0.6989809782608696,0.33606371734863355,0.9850630670502324,terrazzo
ds_v1_seed0/green_house_v52,green_house,0.9430209597358629,0.347558067001798,0.5158339006126617,0.6980129076086956,0.3499205733495881,0.9809444904722452,terrazzo
ds_v2_seed1/green_house_v36,green_house,0.945970919882216,0.4406217616580311,0.6117105452452885,0.7708050271739131,0.4448629420380833,0.9788213627992634,terrazzo
ds_v1_seed0/green_house_v10,green_house,0.9273321050492841,0.25804987191543177,0.4102379049926541,0.6113960597826087,0.258931476540639,0.9869775517797346,terrazzo
ds_v2_seed1/green_house_v37,green_house,0.938705314441451,0.3879520745506989,0.559028055311326,0.7189028532608696,0.3923482553573432,0.971928849360756,terrazzo
ds_v2_seed1/green_house_v40,green_house,0.9463008951457997,0.34587232115907035,0.5139749376244008,0.7055536684782608,0.3476035188836645,0.9858049252607808,terrazzo
ds_v2_seed1/green_house_v09,green_house,0.9231670703885984,0.21237468671679197,0.3503449701542676,0.5730129076086956,0.2129417307994346,0.9876165501165501,terrazzo
ds_v2_seed1/green_house_v28,green_house,0.9675169679936382,0.37747344041085545,0.5480663791212808,0.7900135869565217,0.3784070260448213,0.9935064935064936,terrazzo
ds_v2_seed1/green_house_v24,green_house,0.9544557586958545,0.34933614701485977,0.5177896520265867,0.748641304347826,0.35022919605077574,0.9927536231884058,terrazzo
ds_v2_seed1/green_house_v46,green_house,0.9451374414665746,0.4185630273587318,0.5901225666906994,0.7682744565217391,0.42174417106788614,0.9822982298229823,terrazzo
ds_v1_seed0/green_house_v30,green_house,0.9503143041927471,0.4623111188750109,0.6323019949826784,0.7908967391304348,0.4677447861435136,0.975488389237007,terrazzo
ds_v1_seed0/green_house_v16,green_house,0.9248402302529782,0.39209043848964675,0.5633117326989856,0.7287533967391304,0.3976298926889524,0.9656885722321178,terrazzo
ds_v1_seed0/green_house_v09,green_house,0.9518066201635791,0.3647244349197364,0.5345026814020326,0.7331691576086956,0.3669500833977462,0.9836423118865867,terrazzo
ds_v2_seed1/green_house_v51,green_house,0.9451946939197056,0.263238708710958,0.41676795825798224,0.6658797554347826,0.2637127635626923,0.993217465027554,terrazzo
ds_v2_seed1/green_house_v42,green_house,0.9330206626763363,0.29409232399496654,0.4545152127741242,0.6379585597826087,0.2960530702046803,0.9779759938332783,terrazzo
ds_v2_seed1/green_house_v30,green_house,0.9705854030311758,0.41963707064160727,0.591189226204063,0.8174932065217392,0.4207277452891488,0.9938603223330775,terrazzo
ds_v1_seed0/green_house_v44,green_house,0.9354283826575519,0.27564579985104465,0.43216667178809576,0.6861582880434782,0.276643455682757,0.987085906793936,terrazzo
ds_v2_seed1/green_house_v07,green_house,0.9579575626935237,0.3798360968172289,0.5505524861878454,0.7789402173913044,0.3813624186758515,0.9895729890764647,terrazzo
ds_v2_seed1/gym_v06,gym,0.940980616108335,0.4801693803304109,0.6488032879361754,0.7039402173913043,0.4836597380752133,0.9851933431228586,terrazzo
ds_v2_seed1/gym_v26,gym,0.9178905637382054,0.4460719408584354,0.6169429448906015,0.6589504076086956,0.453935549068044,0.9626168224299065,terrazzo
ds_v2_seed1/gym_v51,gym,0.9469250725691137,0.5414774245257814,0.7025434377572685,0.7668138586956522,0.5521915335626468,0.9654063709437333,terrazzo
ds_v2_seed1/gym_v01,gym,0.9270222201284556,0.5176009318976049,0.6821304876907235,0.7116338315217391,0.5301786857575228,0.9561748805962316,terrazzo
ds_v2_seed1/gym_v17,gym,0.9294071682955007,0.5473373612477167,0.7074570484181468,0.7264266304347826,0.5602312604268538,0.9596472211273157,terrazzo
ds_v2_seed1/gym_v00,gym,0.9448860544260868,0.5252768566602015,0.6887626392107801,0.7422724184782609,0.5342178104419204,0.9691215514256032,terrazzo
ds_v2_seed1/gym_v04,gym,0.960344316069612,0.36351294415055474,0.5332005768042298,0.7690896739130435,0.36577323472608225,0.9832847916930479,terrazzo
ds_v2_seed1/gym_v54,gym,0.9323443721881884,0.42950739451935627,0.6009166460643174,0.6435971467391305,0.43341929112257216,0.9794185109416651,terrazzo
ds_v2_seed1/gym_v35,gym,0.9458519445841752,0.44498370657976843,0.6159013483038241,0.7280910326086957,0.44921957023867853,0.9792493133963991,terrazzo
ds_v2_seed1/gym_v25,gym,0.9368976713828656,0.45856002261004736,0.628784575885288,0.7397078804347826,0.4689306358381503,0.9539908863736587,terrazzo
ds_v1_seed0/gym_v49,gym,0.9276386299649164,0.4644833427442123,0.6343306600863664,0.6778532608695652,0.47033934646502185,0.9738945125199787,terrazzo
ds_v1_seed0/gym_v27,gym,0.9489615188908491,0.42542698265589834,0.5969116451875073,0.705180027173913,0.4287477483487891,0.9821196607320242,terrazzo
ds_v2_seed1/gym_v24,gym,0.9410371711995952,0.45962133564036867,0.6297816076232161,0.7241847826086957,0.4645211191821361,0.9775654635527247,terrazzo
ds_v1_seed0/gym_v01,gym,0.9252818838289747,0.4574274129908297,0.6277189641330122,0.6613620923913044,0.4630088690574561,0.9743233060916942,terrazzo
ds_v1_seed0/gym_v55,gym,0.935627651401779,0.43985123259717607,0.6109676092074885,0.7109544836956522,0.4460167539965958,0.96952988972722,terrazzo
ds_v2_seed1/gym_v55,gym,0.940725602565665,0.3447831361844101,0.5127713560755568,0.7064877717391305,0.34770971935459205,0.9761700300558179,terrazzo
ds_v2_seed1/gym_v09,gym,0.9288220059814205,0.40737073707370736,0.5789103415930587,0.6340353260869566,0.41015700717193254,0.9835978484627134,terrazzo
ds_v1_seed0/gym_v59,gym,0.9583525752990208,0.42502672163689115,0.5965175462094829,0.7441915760869565,0.426884441377195,0.9898648648648649,terrazzo
ds_v2_seed1/gym_v40,gym,0.9459867417798076,0.5380567562488254,0.6996578690127078,0.7495244565217392,0.5466174505186788,0.9717162574951917,terrazzo
ds_v2_seed1/gym_v05,gym,0.9551568288208004,0.4760413632391494,0.645024421530416,0.7556046195652174,0.48142283757410614,0.977057021149391,terrazzo
ds_v2_seed1/gym_v33,gym,0.9468594001955553,0.46762409457213633,0.6372532262199812,0.7116508152173913,0.4715125837865183,0.9826700052714813,terrazzo
ds_v1_seed0/gym_v22,gym,0.9417103596808181,0.33768883657053167,0.5048839869760348,0.7133322010869565,0.34033297741922724,0.977510222626079,terrazzo
ds_v2_seed1/gym_v49,gym,0.9235443562725157,0.46145108204934027,0.6314971301020409,0.6859714673913043,0.46870007691852555,0.9675705386588493,terrazzo
ds_v1_seed0/gym_v04,gym,0.9470482485907418,0.45021113797957196,0.6208904706204424,0.7412873641304348,0.4548404740200547,0.977892756349953,terrazzo
ds_v1_seed0/gym_v00,gym,0.9449763831723038,0.5270660638030645,0.6902989678003043,0.7441915760869565,0.5361568928069503,0.9688329677940667,terrazzo
ds_v1_seed0/gym_v20,gym,0.9256171195168069,0.4612636491976145,0.6313215954573237,0.682421875,0.46683189969383293,0.9747929858743303,terrazzo
ds_v1_seed0/gym_v30,gym,0.9618222668649514,0.37331276513690703,0.5436675091266499,0.7516134510869565,0.37479027747902777,0.9895502044525216,terrazzo
ds_v1_seed0/gym_v42,gym,0.9490339501005732,0.5141967213114754,0.6791676590953382,0.7483525815217391,0.5229061082955455,0.9686245445000309,terrazzo
ds_v1_seed0/gym_v31,gym,0.9260853231702996,0.42304751823100445,0.5945655542927988,0.6667629076086956,0.42668604306305236,0.9802411937044355,terrazzo
ds_v1_seed0/gym_v03,gym,0.9181557103938613,0.4179609717244126,0.5895239432663951,0.6524966032608696,0.42165528324628365,0.9794680354643024,terrazzo
ds_v1_seed0/gym_v63,gym,0.9480473119232947,0.4905489089906948,0.6582124290344333,0.7331351902173913,0.49668439367080297,0.9754367867964671,terrazzo
ds_v2_seed1/gym_v63,gym,0.934727646786256,0.3832299178265974,0.5541087752479329,0.6876868206521739,0.3857919438160516,0.9829662766689607,terrazzo
ds_v2_seed1/gym_v13,gym,0.9510720357259879,0.4450151931703082,0.6159315075351726,0.7394361413043479,0.44930606281957636,0.9789909279006844,terrazzo
ds_v2_seed1/gym_v37,gym,0.9524997518007944,0.44096728307254623,0.6120434353405726,0.733016304347826,0.44309451491870644,0.9892301555644196,terrazzo
ds_v1_seed0/gym_v50,gym,0.9407495311443524,0.4196004122203384,0.5911528464042339,0.7034816576086956,0.4237703542051368,0.9770862362594829,terrazzo
ds_v2_seed1/gym_v58,gym,0.935837925883695,0.3649752309546124,0.5347719470328592,0.6777853260869565,0.3666689084672809,0.9875022640825938,terrazzo
ds_v1_seed0/gym_v07,gym,0.9253870432944359,0.38450717147313374,0.555442657713377,0.6581861413043478,0.3870163449995383,0.9834180680484943,terrazzo
ds_v1_seed0/gym_v39,gym,0.9526074255631038,0.5186378591052471,0.6830303301022914,0.7589673913043479,0.52618719889883,0.9730813287514318,terrazzo
ds_v1_seed0/gym_v09,gym,0.950339042363147,0.5171298866716745,0.6817213097108905,0.7488960597826086,0.5257844927776856,0.9691516709511568,terrazzo
ds_v2_seed1/gym_v41,gym,0.9272774553153055,0.5095323852698255,0.6750863913115024,0.7317255434782609,0.5255909294728076,0.9434287685408762,terrazzo
ds_v2_seed1/living_room_contemp_v02,living_room_contemp,0.9385526297028336,0.43387372013651876,0.6051770306456412,0.8197010869565218,0.45014938585813874,0.9230769230769231,terrazzo
ds_v2_seed1/living_room_contemp_v51,living_room_contemp,0.9283643501690354,0.455930551864647,0.6263081041615965,0.7913722826086956,0.47999626970064346,0.9009277087344653,terrazzo
ds_v1_seed0/living_room_contemp_v64,living_room_contemp,0.8984254213761372,0.539924064574095,0.7012346608446886,0.7304008152173913,0.5729531893953373,0.9035308953341741,terrazzo
ds_v2_seed1/living_room_contemp_v06,living_room_contemp,0.936335363047712,0.450642965204236,0.6213010037804719,0.753311820652174,0.4650663544106167,0.9356105221829604,terrazzo
ds_v1_seed0/living_room_contemp_v01,living_room_contemp,0.9285009964633947,0.5675116559113225,0.7240924222427955,0.762109375,0.5904651760472887,0.9358928662355517,terrazzo
ds_v1_seed0/living_room_contemp_v40,living_room_contemp,0.9400235822571589,0.32198599781617315,0.48712467204353316,0.8207201086956522,0.33128469468675653,0.9198165137614679,terrazzo
ds_v2_seed1/living_room_contemp_v57,living_room_contemp,0.9450621946637888,0.5474204048037712,0.7075264137714272,0.7945482336956522,0.5704705836484854,0.9312627291242362,terrazzo
ds_v1_seed0/living_room_contemp_v41,living_room_contemp,0.9487677833266668,0.4347402850245308,0.6060194859825766,0.7534476902173913,0.44291494763567124,0.959274851791391,terrazzo
ds_v1_seed0/living_room_contemp_v62,living_room_contemp,0.9465768192271568,0.2523331447963801,0.4029808615141421,0.8203974184782609,0.2582302293611171,0.9170092497430626,terrazzo
ds_v2_seed1/living_room_contemp_v56,living_room_contemp,0.9312626238453868,0.587407318102357,0.7400839235194714,0.7675101902173913,0.6112661920145532,0.9376924557351809,terrazzo
ds_v2_seed1/living_room_contemp_v61,living_room_contemp,0.9029656762025803,0.5391285259576336,0.7005633601939671,0.714741847826087,0.566731085407713,0.9171451243990104,terrazzo
ds_v2_seed1/living_room_contemp_v41,living_room_contemp,0.9428903506733725,0.5259250143572073,0.6893196053657357,0.8037194293478261,0.5465046888320546,0.9331829099643351,terrazzo
ds_v1_seed0/living_room_contemp_v47,living_room_contemp,0.8760012268699635,0.16421373640944048,0.2821023859689084,0.7858865489130434,0.170381070298528,0.8193847171683758,terrazzo
ds_v2_seed1/living_room_contemp_v33,living_room_contemp,0.9382005182836768,0.4053067585301837,0.5768231826538652,0.7537194293478261,0.4149557039089726,0.9457416267942583,terrazzo
ds_v2_seed1/living_room_contemp_v42,living_room_contemp,0.9310420814441835,0.46970804488971063,0.6391855124191802,0.7905400815217392,0.4938070698851822,0.9058794261547392,terrazzo
ds_v2_seed1/living_room_contemp_v35,living_room_contemp,0.9144796839660476,0.31650987560747246,0.48083175291248986,0.739639945652174,0.3242292760904316,0.9300406131272108,terrazzo
ds_v1_seed0/living_room_contemp_v21,living_room_contemp,0.9326070147198151,0.3110075713453698,0.47445579742336735,0.7789911684782609,0.3184257602862254,0.9303135888501742,terrazzo
ds_v1_seed0/living_room_contemp_v17,living_room_contemp,0.891651492114896,0.5643437366395896,0.721508608909538,0.7404042119565217,0.6080334111288539,0.8870570314950047,terrazzo
ds_v1_seed0/living_room_contemp_v36,living_room_contemp,0.8755774487777834,0.5400230309847085,0.7013181233262616,0.7082880434782609,0.5788718243146261,0.8894623086762825,terrazzo
ds_v1_seed0/living_room_contemp_v15,living_room_contemp,0.9409237837791293,0.4169528715893913,0.5885204511025081,0.7924082880434783,0.4299345826570262,0.9324727970983572,terrazzo
ds_v1_seed0/living_room_contemp_v28,living_room_contemp,0.9432586669707191,0.42375407031293116,0.5952630150792728,0.8226732336956522,0.44108691905555236,0.9151370679380214,terrazzo
ds_v1_seed0/living_room_contemp_v65,living_room_contemp,0.9322756104273796,0.38340936500445705,0.5542963271803814,0.800288722826087,0.3984741144414169,0.9102452383916345,terrazzo
ds_v2_seed1/living_room_contemp_v17,living_room_contemp,0.9256952345811104,0.581552052100461,0.7354194271735807,0.7795686141304348,0.6151485182280121,0.9141496047030204,terrazzo
ds_v2_seed1/living_room_contemp_v22,living_room_contemp,0.9417271141983219,0.4819580320431022,0.6504341170561362,0.7517832880434783,0.49425663395129044,0.9509056577383034,terrazzo
ds_v1_seed0/living_room_contemp_v08,living_room_contemp,0.8964246657902823,0.3037405824558312,0.4659524855530398,0.7316066576086957,0.31447860596660887,0.8989437997131308,terrazzo
ds_v1_seed0/living_room_contemp_v35,living_room_contemp,0.9329920631824081,0.4418585693906664,0.6129014020805066,0.7674252717391304,0.45525553269222696,0.9375594568883507,terrazzo
ds_v1_seed0/living_room_contemp_v30,living_room_contemp,0.8860368389725977,0.1999400479616307,0.3332500624531602,0.8186820652173913,0.21084242136873715,0.7945205479452054,terrazzo
ds_v1_seed0/living_room_contemp_v19,living_room_contemp,0.9129637956608969,0.48244951567887046,0.6508815451404271,0.7323029891304348,0.503202164457687,0.9212489811273434,terrazzo
ds_v2_seed1/living_room_contemp_v60,living_room_contemp,0.9325005769035436,0.596435172132945,0.7472087592959598,0.7811990489130435,0.6228735933001832,0.9335621475851924,terrazzo
ds_v2_seed1/living_room_contemp_v26,living_room_contemp,0.9224064657991572,0.5725097042642912,0.7281477535073699,0.7400135869565218,0.5938703977289186,0.9408876038367984,terrazzo
ds_v1_seed0/living_room_contemp_v50,living_room_contemp,0.94295744227949,0.422101623283066,0.5936307453311268,0.7956351902173913,0.4326359832635983,0.945460413080895,terrazzo
ds_v1_seed0/living_room_contemp_v10,living_room_contemp,0.8900681896333308,0.5733380423266049,0.728817363977,0.7332710597826086,0.6122425297360023,0.9002260802798276,terrazzo
ds_v1_seed0/living_room_contemp_v54,living_room_contemp,0.9100006816881833,0.563402340746647,0.7207387709008779,0.7396059782608696,0.5916566985645934,0.9218618954431087,terrazzo
ds_v1_seed0/living_room_contemp_v12,living_room_contemp,0.9358519264783444,0.42470810095092887,0.5962036724118509,0.7564877717391304,0.43653084790498187,0.9400532859680284,terrazzo
ds_v1_seed0/living_room_contemp_v16,living_room_contemp,0.8499051994654956,0.22409435551811288,0.36613902271163107,0.7497282608695652,0.2378716744913928,0.79462285287528,terrazzo
ds_v2_seed1/living_room_contemp_v13,living_room_contemp,0.9356074338540991,0.39632415201474325,0.5676678319183848,0.7941576086956522,0.40905819453012543,0.9271731531111629,terrazzo
ds_v1_seed0/living_room_contemp_v03,living_room_contemp,0.924606559762996,0.4171584699453552,0.5887252255726074,0.7282778532608696,0.4288442813272414,0.9386834986474302,terrazzo
ds_v2_seed1/living_room_contemp_v55,living_room_contemp,0.8477897033050216,0.18680162349050458,0.3147983956090352,0.7243716032608696,0.19542881107150345,0.8088522456064222,terrazzo
ds_v1_seed0/living_room_contemp_v06,living_room_contemp,0.8594317068584663,0.22996933103316083,0.373943195542915,0.7270889945652174,0.24072030497592295,0.8373756761472693,terrazzo
ds_v1_seed0/living_room_contemp_v39,living_room_contemp,0.9430613667971933,0.46843943056674725,0.6380098774464972,0.798335597826087,0.4844668734663642,0.9340355261983397,terrazzo
ds_v1_seed0/livingroom_v53,livingroom,0.919898772667953,0.46746208291203234,0.6371027754044594,0.7763756793478261,0.4819648888703557,0.939522028938384,terrazzo
ds_v2_seed1/livingroom_v60,livingroom,0.9437028509057398,0.526617928462784,0.6899145079385486,0.8361413043478261,0.5510602248806284,0.9223167483028272,terrazzo
ds_v1_seed0/livingroom_v16,livingroom,0.9195072428612721,0.5186385737439222,0.6830309498399147,0.8234544836956522,0.5655137591517294,0.8622016936104696,terrazzo
ds_v2_seed1/livingroom_v61,livingroom,0.9066568422678158,0.4152073732718894,0.5867795506349722,0.7629245923913044,0.43106297842727903,0.9186208174993048,terrazzo
ds_v1_seed0/livingroom_v12,livingroom,0.9593368118322954,0.5738266699776509,0.7292120294108365,0.8542629076086956,0.5937917566039675,0.9446488431035892,terrazzo
ds_v1_seed0/livingroom_v59,livingroom,0.8881709857356959,0.47475988385079293,0.6438470276410451,0.7603770380434782,0.5002157285742302,0.9031869688385269,terrazzo
ds_v2_seed1/livingroom_v25,livingroom,0.9341891842989377,0.5160955914447839,0.6808219671069204,0.8493716032608696,0.5592078037245048,0.8700331125827815,terrazzo
ds_v2_seed1/livingroom_v52,livingroom,0.9141152812067562,0.4700065380843413,0.6394618335464503,0.7797214673913043,0.49166452936650423,0.914308426073132,terrazzo
ds_v1_seed0/livingroom_v15,livingroom,0.9530131568129037,0.527114967462039,0.6903409090909091,0.8407948369565217,0.5428615960099751,0.9478410740203193,terrazzo
ds_v1_seed0/livingroom_v43,livingroom,0.8835365846918574,0.3700655498907502,0.5402158311626176,0.7062160326086957,0.3792215546516401,0.9387528868360278,terrazzo
ds_v1_seed0/livingroom_v27,livingroom,0.9488972843227321,0.5424131733055024,0.7033305766483723,0.8659646739130434,0.5701139618502041,0.9177867163739821,terrazzo
ds_v2_seed1/livingroom_v40,livingroom,0.9263153432743898,0.5322752449936089,0.694751477233229,0.8508491847826087,0.5779885489561043,0.8706333304294799,terrazzo
ds_v2_seed1/livingroom_v59,livingroom,0.8824527677251351,0.39171278764928635,0.5629218774527759,0.7162703804347826,0.40723776356134306,0.9113087674714104,terrazzo
ds_v1_seed0/livingroom_v20,livingroom,0.9421642407466017,0.47369792797880195,0.6428697753935035,0.7942255434782609,0.4852705589177643,0.9520691461498166,terrazzo
ds_v1_seed0/livingroom_v62,livingroom,0.9355969184561781,0.4890031022827245,0.6568194539461408,0.8125679347826087,0.5097991890326318,0.9230029715084775,terrazzo
ds_v1_seed0/livingroom_v39,livingroom,0.9653481570273025,0.5103911266783421,0.6758396784292505,0.8575577445652174,0.5220948286157888,0.9579270296921223,terrazzo
ds_v2_seed1/livingroom_v11,livingroom,0.9347309237619204,0.5458594293667363,0.7062213018816963,0.8337466032608696,0.574736225087925,0.915713285080551,terrazzo
ds_v1_seed0/livingroom_v41,livingroom,0.9472242222420907,0.5840049012677317,0.7373776442236173,0.8500849184782608,0.6185793440822642,0.9126528207394314,terrazzo
ds_v2_seed1/livingroom_v43,livingroom,0.9065916334182482,0.5502212855637513,0.7098616058076619,0.8187669836956522,0.6190250379362671,0.8319418775094003,terrazzo
ds_v2_seed1/livingroom_v02,livingroom,0.9456515648482292,0.5470247100353001,0.7071958275609159,0.8779551630434783,0.6022206800832755,0.8564942755625741,terrazzo
ds_v1_seed0/livingroom_v14,livingroom,0.9552947595804766,0.5275713320513487,0.6907321720195971,0.8456182065217391,0.543502703860363,0.9473635090993934,terrazzo
ds_v1_seed0/livingroom_v61,livingroom,0.9280484190523723,0.3463372345036844,0.5144880875724405,0.7694972826086957,0.34875600174596244,0.9803680981595092,terrazzo
ds_v2_seed1/livingroom_v46,livingroom,0.9635349146611761,0.5876804182293442,0.7403006442376521,0.8767663043478261,0.6170644391408114,0.9250447227191413,terrazzo
ds_v1_seed0/livingroom_v22,livingroom,0.955369743670237,0.47671521125200733,0.6456427178641068,0.8395040760869565,0.48845390070921985,0.9520070772973571,terrazzo
ds_v2_seed1/livingroom_v38,livingroom,0.9437911477087255,0.4640064836003051,0.633885831515191,0.8090523097826087,0.47636061080657793,0.9470662644740683,terrazzo
ds_v2_seed1/livingroom_v09,livingroom,0.8655022822763069,0.4128240197994008,0.5843955284084361,0.6937669836956522,0.4263469428936571,0.9286499157570874,terrazzo
ds_v2_seed1/livingroom_v07,livingroom,0.9519629754648012,0.4596333063209076,0.6297928449980915,0.8188009510869565,0.4682420927712708,0.9615384615384616,terrazzo
ds_v1_seed0/livingroom_v05,livingroom,0.9320691868464906,0.554282467686189,0.7132326063116852,0.8401154891304348,0.6044506402313093,0.8697622585438336,terrazzo
ds_v2_seed1/livingroom_v28,livingroom,0.9359421235305508,0.5429567642956764,0.7037873994395732,0.8330332880434783,0.5776250061823037,0.9004626060138782,terrazzo
ds_v2_seed1/livingroom_v26,livingroom,0.753917591308216,0.04898701298701299,0.09339870252067548,0.6890794836956522,0.05014890448840672,0.6789056875449964,terrazzo
ds_v1_seed0/livingroom_v63,livingroom,0.8986097992773111,0.45157513031653695,0.6221863696687399,0.753413722826087,0.4734278472992238,0.9072626546254838,terrazzo
ds_v1_seed0/livingroom_v10,livingroom,0.9029074249949341,0.4981367434197623,0.6650083787180561,0.782710597826087,0.529125,0.8947998872604284,terrazzo
ds_v2_seed1/livingroom_v12,livingroom,0.9433228625477657,0.4660646953760667,0.6358037225042301,0.8172214673913043,0.474348616441123,0.963882618510158,terrazzo
ds_v1_seed0/livingroom_v33,livingroom,0.9519441916720752,0.4602414880887632,0.6303635280095352,0.8314538043478261,0.4722625293001451,0.9475923852183651,terrazzo
ds_v1_seed0/livingroom_v57,livingroom,0.952132107129333,0.4633674630261661,0.633289279328306,0.8397758152173913,0.4768204167642238,0.9426058782689193,terrazzo
ds_v2_seed1/livingroom_v10,livingroom,0.8984102570259417,0.41752697353100987,0.5890921038221443,0.7451086956521739,0.4362176628010705,0.9069296914516944,terrazzo
ds_v1_seed0/livingroom_v45,livingroom,0.9454648141673071,0.5292243907371827,0.6921474623904779,0.8418648097826087,0.5567553191489362,0.9145478374836173,terrazzo
ds_v2_seed1/livingroom_v13,livingroom,0.9571133473809225,0.5814792543595911,0.735361216730038,0.8699728260869565,0.6090117943432956,0.927861130495464,terrazzo
ds_v2_seed1/livingroom_v30,livingroom,0.9288958407390764,0.4669209015339789,0.6365999707901271,0.7887058423913044,0.4861042958469019,0.922068031815874,terrazzo
ds_v1_seed0/minigym_v42,minigym,0.9351211762152003,0.5879174078494067,0.740488648771288,0.6891813858695652,0.5913795837013884,0.9901403109594236,terrazzo
ds_v2_seed1/minigym_v32,minigym,0.9661934379758166,0.563358564620129,0.7207029498789563,0.7354789402173914,0.5648788440996233,0.9952454063691744,terrazzo
ds_v1_seed0/minigym_v55,minigym,0.9441619472188183,0.48548410722132707,0.6536375648332577,0.7017153532608695,0.4881152248829195,0.9890188589162091,terrazzo
ds_v1_seed0/minigym_v09,minigym,0.9422422291039263,0.570870366803335,0.7268204670064987,0.7351392663043478,0.5751753583409576,0.98705871158055,terrazzo
ds_v1_seed0/minigym_v33,minigym,0.9565040814891845,0.5563241381226214,0.7149206575870625,0.7287533967391304,0.5581226833142889,0.994240889683249,terrazzo
ds_v2_seed1/minigym_v21,minigym,0.962829670954503,0.5983026874115983,0.7486725663716814,0.7202445652173913,0.5998239694880446,0.9957788781556944,terrazzo
ds_v1_seed0/minigym_v27,minigym,0.9622346599905334,0.7919501494245565,0.8838975232417855,0.8888586956521739,0.7939442231075697,0.9968386089879547,terrazzo
ds_v1_seed0/minigym_v35,minigym,0.9539610206004661,0.5595346150672498,0.7175661375661376,0.728023097826087,0.5616820365564085,0.9932135533639294,terrazzo
ds_v2_seed1/minigym_v49,minigym,0.9381366393857914,0.6102027897229922,0.7579204229648208,0.6967221467391305,0.6126769824223031,0.9934254948647784,terrazzo
ds_v2_seed1/minigym_v30,minigym,0.9398593138573914,0.45883319156425073,0.6290413382660448,0.6866508152173914,0.46087443285604857,0.9904394073698873,terrazzo
ds_v1_seed0/minigym_v31,minigym,0.9106413415035681,0.6337632135306553,0.7758323951499151,0.7057914402173913,0.6434489568129131,0.9767995047085275,terrazzo
ds_v2_seed1/minigym_v15,minigym,0.936683747135335,0.6172029054239573,0.7632968050625096,0.7395380434782609,0.6238363145545829,0.9830636504591898,terrazzo
ds_v1_seed0/minigym_v29,minigym,0.9544916246178932,0.5267549480279083,0.6900320823696188,0.7177649456521739,0.5286820819161403,0.9931275167785235,terrazzo
ds_v2_seed1/minigym_v33,minigym,0.890973195518432,0.07991803278688525,0.14800759013282733,0.8627377717391305,0.08004561003420753,0.9804469273743017,terrazzo
ds_v1_seed0/minigym_v40,minigym,0.9533459880760119,0.4020957198699208,0.5735638646799738,0.6908627717391305,0.4033411315035092,0.9923794081880827,terrazzo
ds_v1_seed0/minigym_v00,minigym,0.9565424905543921,0.585791167625178,0.738799886875946,0.7333389945652173,0.5882275027153037,0.9929791610768267,terrazzo
ds_v1_seed0/minigym_v11,minigym,0.9424284441811379,0.3083248730964467,0.4713276945759292,0.8842900815217392,0.3179771751649042,0.9103717026378897,terrazzo
ds_v2_seed1/minigym_v37,minigym,0.9115479780065937,0.67706854805043,0.8074429024830418,0.7372452445652173,0.6912519978689398,0.9705864751645721,terrazzo
ds_v1_seed0/minigym_v28,minigym,0.9545950780202817,0.5036717198777144,0.669922448124083,0.7325407608695652,0.50579187238891,0.9917463075586447,terrazzo
ds_v2_seed1/minigym_v52,minigym,0.9662485953284918,0.6247715330134795,0.7690577048143005,0.776851222826087,0.6263276933207363,0.9960389728646877,terrazzo
ds_v1_seed0/minigym_v50,minigym,0.954239793892643,0.47484003230415606,0.6439207261852109,0.7128566576086957,0.4767057502806536,0.9918250827223772,terrazzo
ds_v1_seed0/minigym_v07,minigym,0.9610779020739304,0.5302070808283234,0.6929873576866662,0.7013926630434782,0.5312717536813922,0.9962345617029822,terrazzo
ds_v2_seed1/minigym_v01,minigym,0.9315510735979611,0.597844952270755,0.7483140982122651,0.7166610054347826,0.604312865497076,0.9824123588829471,terrazzo
ds_v2_seed1/minigym_v07,minigym,0.963291111707578,0.4979887626101392,0.6648764997975407,0.7329313858695652,0.4994237049369277,0.9942634967174453,terrazzo
ds_v2_seed1/minigym_v26,minigym,0.9141528251946734,0.6616780331733603,0.7963974006561697,0.7270210597826087,0.671171748227859,0.9790699847385306,terrazzo
ds_v2_seed1/minigym_v50,minigym,0.9268049599437427,0.5903002960665444,0.7423758865248227,0.7038722826086956,0.5975879540426746,0.9797589797589797,terrazzo
ds_v1_seed0/minigym_v34,minigym,0.9620837965264898,0.45362070701984086,0.6241252684819512,0.7235903532608695,0.454628040779247,0.9951391957578436,terrazzo
ds_v2_seed1/minigym_v35,minigym,0.9438014783855544,0.5474864931574472,0.7075816113139333,0.7197690217391305,0.5501419241050514,0.991260737871791,terrazzo
ds_v1_seed0/minigym_v20,minigym,0.9458705629419569,0.5421715947649055,0.7031274556027032,0.6791779891304348,0.5435020287178989,0.9955053179653776,terrazzo
ds_v2_seed1/minigym_v53,minigym,0.9638587586511563,0.5750629993029864,0.730209521215938,0.7307914402173913,0.576608784473953,0.9953598440907615,terrazzo
ds_v1_seed0/minigym_v05,minigym,0.9645382908297114,0.5610704353255008,0.7188278281735716,0.7373131793478261,0.562171230344906,0.9965221774193549,terrazzo
ds_v2_seed1/minigym_v45,minigym,0.9616216424471181,0.5923658624414836,0.7440072365445499,0.9423233695652173,0.5952955367913149,0.9917604501607717,terrazzo
ds_v1_seed0/minigym_v17,minigym,0.9108301642303606,0.6162800650517847,0.7625906900386591,0.6954483695652174,0.6270274977683917,0.972940103374886,terrazzo
ds_v1_seed0/minimal_interior_v42,minimal_interior,0.9207393454707091,0.34844244341688974,0.5168072914316654,0.8181216032608696,0.3649862978777643,0.8848887515451175,terrazzo
ds_v1_seed0/minimal_interior_v65,minimal_interior,0.8767775480267906,0.036012982149544376,0.06952226037713115,0.737686820652174,0.03619597264914372,0.8768996960486323,terrazzo
ds_v1_seed0/minimal_interior_v13,minimal_interior,0.8956148022971652,0.30189512961508247,0.4637779537655089,0.7585088315217391,0.314784478345449,0.8805670915079479,terrazzo
ds_v2_seed1/minimal_interior_v10,minimal_interior,0.9269949839401626,0.35993721323351846,0.5293438693065791,0.8199388586956522,0.3778200253485425,0.883782982508153,terrazzo
ds_v2_seed1/minimal_interior_v04,minimal_interior,0.944935038460104,0.3431974280286424,0.5110156122504488,0.8473335597826087,0.3562651699029126,0.903442969801885,terrazzo
ds_v2_seed1/minimal_interior_v53,minimal_interior,0.9200106713403344,0.36898050270143296,0.539058813435717,0.8175101902173914,0.39100130686414836,0.867578017122342,terrazzo
ds_v2_seed1/minimal_interior_v27,minimal_interior,0.9124685627835244,0.31403499662495454,0.47797052198996326,0.7756283967391304,0.32561645310649295,0.8982622902123868,terrazzo
ds_v1_seed0/minimal_interior_v46,minimal_interior,0.9658962339796858,0.20628458085395135,0.3420164430982258,0.8708729619565218,0.20861486486486486,0.9486317810849736,terrazzo
ds_v2_seed1/minimal_interior_v08,minimal_interior,0.9406070389840971,0.2897787144362487,0.44934640522875824,0.7596127717391304,0.2956989247311828,0.935374149659864,terrazzo
ds_v2_seed1/minimal_interior_v25,minimal_interior,0.945306451729546,0.19583040524713047,0.32752203721841333,0.7667798913043479,0.19770604233179614,0.9537934968625214,terrazzo
ds_v2_seed1/minimal_interior_v33,minimal_interior,0.9296787947697556,0.30471656817684395,0.4671000209687566,0.7841881793478261,0.31401184099238794,0.9114566284779051,terrazzo
ds_v2_seed1/minimal_interior_v30,minimal_interior,0.9282236436174311,0.19739109032734434,0.3297019527235355,0.7784646739130435,0.20058775714375038,0.9252956446495529,terrazzo
ds_v1_seed0/minimal_interior_v24,minimal_interior,0.89426039721007,0.2242245079776464,0.3663127253481525,0.6746433423913043,0.22857496697490093,0.9217579490594306,terrazzo
ds_v2_seed1/minimal_interior_v29,minimal_interior,0.8877173279522779,0.2342411784857828,0.37957116091874266,0.6962975543478261,0.24065112186537616,0.8978988837820092,terrazzo
ds_v1_seed0/minimal_interior_v43,minimal_interior,0.9315832601071988,0.3019542894998344,0.46384775861191674,0.8210427989130434,0.313544747884708,0.8909304143862392,terrazzo
ds_v2_seed1/minimal_interior_v22,minimal_interior,0.9683186134221216,0.27115778232624366,0.42663119574348923,0.8609035326086957,0.2742080633549316,0.9605926860025221,terrazzo
ds_v1_seed0/minimal_interior_v11,minimal_interior,0.9492935667652219,0.3373324686554259,0.5044855734260083,0.7917459239130434,0.34200865705988714,0.9610469591993841,terrazzo
ds_v1_seed0/minimal_interior_v09,minimal_interior,0.96350936959868,0.45019980396592024,0.6208796922117084,0.8761548913043479,0.4647777691289795,0.9348677000156568,terrazzo
ds_v1_seed0/minimal_interior_v40,minimal_interior,0.9228640419936369,0.2059605810543545,0.34157100039586047,0.8022588315217392,0.2108791285524754,0.8982748364069006,terrazzo
ds_v1_seed0/minimal_interior_v26,minimal_interior,0.9677354456665921,0.2565228195146194,0.4083058668424521,0.847554347826087,0.25924995814498575,0.9606079404466501,terrazzo
ds_v1_seed0/minimal_interior_v63,minimal_interior,0.9471423606967198,0.2774152975395016,0.4343384615384615,0.8438858695652174,0.2830218942978587,0.9333509653530812,terrazzo
ds_v2_seed1/minimal_interior_v60,minimal_interior,0.8821737872070562,0.26412799401197606,0.4178817260010362,0.7328464673913043,0.2746509704723452,0.8733178654292343,terrazzo
ds_v1_seed0/minimal_interior_v37,minimal_interior,0.9325953948838598,0.3715938675151866,0.5418424160620887,0.815523097826087,0.38532605435239065,0.9124875692569967,terrazzo
ds_v2_seed1/minimal_interior_v51,minimal_interior,0.9243371701495054,0.2714431803655887,0.4269843663600261,0.8064028532608696,0.2809419858437521,0.8892378559463987,terrazzo
ds_v1_seed0/minimal_interior_v29,minimal_interior,0.9403379995228082,0.23818820773135493,0.38473667612740464,0.8011888586956522,0.24267338549264023,0.9279918864097363,terrazzo
ds_v2_seed1/minimal_interior_v37,minimal_interior,0.9209283070402136,0.2918645467685319,0.45185007592104215,0.7670176630434783,0.2994544780467136,0.9200976403580147,terrazzo
ds_v2_seed1/minimal_interior_v16,minimal_interior,0.9555134332441361,0.2785719746196774,0.43575485799701036,0.8397248641304348,0.2838006230529595,0.937966537966538,terrazzo
ds_v1_seed0/minimal_interior_v23,minimal_interior,0.8823012898901318,0.17858334723844485,0.30304746398612536,0.6655740489130435,0.1822555238622334,0.8986146095717884,terrazzo
ds_v1_seed0/minimal_interior_v04,minimal_interior,0.9266296531209406,0.29904161919442396,0.46040344631893926,0.822367527173913,0.3134087237479806,0.8670812281383599,terrazzo
ds_v2_seed1/minimal_interior_v35,minimal_interior,0.9310809060954898,0.34966245456119094,0.5181480056431961,0.8085767663043478,0.3640514237654692,0.8984432913269088,terrazzo
ds_v2_seed1/minimal_interior_v02,minimal_interior,0.9612618298536706,0.06442278403898873,0.1210473601373587,0.8956691576086957,0.06470858191831115,0.9358407079646017,terrazzo
ds_v1_seed0/minimal_interior_v31,minimal_interior,0.8913565131997327,0.20367680435769406,0.3384244069841988,0.702055027173913,0.20947712418300654,0.880321757896802,terrazzo
ds_v2_seed1/minimal_interior_v61,minimal_interior,0.9403229962606333,0.0944663116462144,0.17262534376983288,0.8007302989130435,0.09503105590062112,0.940814757878555,terrazzo
ds_v2_seed1/minimal_interior_v23,minimal_interior,0.919134285781484,0.30628624992676784,0.4689420101358928,0.7988960597826087,0.31999020687966706,0.8773284108071824,terrazzo
ds_v1_seed0/minimal_interior_v25,minimal_interior,0.9059660234768123,0.16996632996632996,0.2905490963508691,0.7906589673913044,0.17434551357325412,0.8712461166724197,terrazzo
ds_v1_seed0/minimal_interior_v18,minimal_interior,0.9136006709162126,0.3267007558915073,0.492501047339757,0.7942595108695653,0.3429604994457086,0.8732729163571534,terrazzo
ds_v2_seed1/minimal_interior_v40,minimal_interior,0.9177573562128951,0.30452528837622006,0.4668752550673378,0.8003226902173913,0.31769933349790175,0.8801504530689007,terrazzo
ds_v1_seed0/minimal_interior_v44,minimal_interior,0.9215288670975781,0.16659653257027437,0.28561122533636324,0.6636379076086957,0.16819610842042654,0.9459976105137395,terrazzo
ds_v2_seed1/minimal_interior_v26,minimal_interior,0.9210184134997335,0.21196850393700786,0.3497920997920998,0.7875339673913043,0.21634306287771635,0.9129137276180141,terrazzo
ds_v2_seed1/scandinavian_v01,scandinavian,0.9031200289628434,0.49199388067312594,0.6595119283614738,0.8308084239130434,0.5453620484992369,0.8340970000864528,terrazzo
ds_v2_seed1/scandinavian_v02,scandinavian,0.9279635465450033,0.47130631764409764,0.6406637584466683,0.8573029891304348,0.5036648510523838,0.880037598402068,terrazzo
ds_v1_seed0/scandinavian_v17,scandinavian,0.8877972914432156,0.40782680376589003,0.5793707047982989,0.7681895380434782,0.4372906587272051,0.858212361909979,terrazzo
ds_v1_seed0/scandinavian_v15,scandinavian,0.8468608654898275,0.37322301617149306,0.5435723284219751,0.7169497282608696,0.39618348037845824,0.8655909289140864,terrazzo
ds_v1_seed0/scandinavian_v10,scandinavian,0.9067709867091557,0.47520467226364915,0.6442559208200778,0.8290760869565217,0.5174606779853501,0.8533570559041108,terrazzo
ds_v1_seed0/scandinavian_v18,scandinavian,0.7175838762181047,0.31594105639907166,0.4801750881815478,0.5845108695652174,0.33895305234738266,0.8231223136883514,terrazzo
ds_v2_seed1/scandinavian_v50,scandinavian,0.8724474546100631,0.35714921652421655,0.5263226949191459,0.7547384510869565,0.3844089885487039,0.8343386023294509,terrazzo
ds_v2_seed1/scandinavian_v31,scandinavian,0.8300373826334647,0.2423964191438081,0.39020785219399534,0.663671875,0.2523498486538155,0.8600515813764084,terrazzo
ds_v2_seed1/scandinavian_v25,scandinavian,0.9202052166731642,0.43407582405219935,0.6053736026671896,0.8291270380434783,0.4616535056233549,0.8790295022212097,terrazzo
ds_v2_seed1/scandinavian_v16,scandinavian,0.8676968511866812,0.36519597061540493,0.5350088609634284,0.7549082880434783,0.38983846731780614,0.8524489167265633,terrazzo
ds_v1_seed0/scandinavian_v06,scandinavian,0.6933349542706919,0.2648270065835551,0.4187560910782316,0.5543138586956522,0.2831002365906981,0.8040316407246747,terrazzo
ds_v1_seed0/scandinavian_v50,scandinavian,0.8855477638773628,0.3465958058029302,0.5147733333333333,0.7682235054347826,0.37033815930833375,0.8439030076941012,terrazzo
ds_v1_seed0/scandinavian_v13,scandinavian,0.8386107094184012,0.40772302498867896,0.5792659745576839,0.7556555706521739,0.4605226448432995,0.780518559382142,terrazzo
ds_v2_seed1/scandinavian_v10,scandinavian,0.7358881554730216,0.3055686867731871,0.46810051415743353,0.6257642663043478,0.3246283648051426,0.8388268881391123,terrazzo
ds_v2_seed1/scandinavian_v30,scandinavian,0.8453126750250055,0.32891972993248314,0.4950182054249344,0.6961447010869565,0.34478826721189004,0.8772509003601441,terrazzo
ds_v2_seed1/scandinavian_v61,scandinavian,0.8826952271330115,0.3538965408946117,0.522782251383504,0.7554177989130435,0.37615641392465426,0.8567394373845987,terrazzo
ds_v1_seed0/scandinavian_v34,scandinavian,0.85028742141115,0.3003234126171859,0.4619211031703555,0.7097316576086956,0.3131696905016009,0.8798272967138403,terrazzo
ds_v1_seed0/scandinavian_v04,scandinavian,0.7657336340108691,0.3595859036218164,0.528963859751578,0.6438349184782609,0.3883447115860295,0.829225352112676,terrazzo
ds_v1_seed0/scandinavian_v27,scandinavian,0.8764175725949642,0.31884908984145627,0.48352626892252887,0.7241847826086957,0.3355402542372881,0.8650432407828857,terrazzo
ds_v2_seed1/scandinavian_v41,scandinavian,0.9152374620235726,0.4811644687733267,0.649711060341352,0.8229279891304347,0.519057333047026,0.8682650862068966,terrazzo
ds_v1_seed0/scandinavian_v43,scandinavian,0.8513092719238063,0.3969929989670607,0.5683535984226092,0.7323029891304348,0.4190695420402229,0.8828483920367535,terrazzo
ds_v2_seed1/scandinavian_v24,scandinavian,0.7533616945594191,0.33339643476889097,0.5000709857555251,0.6411684782608695,0.35993596294025476,0.8188933663980161,terrazzo
ds_v2_seed1/scandinavian_v32,scandinavian,0.8970654669738064,0.4499632262809512,0.6206546733396455,0.809476902173913,0.4922226989916327,0.8397693997071742,terrazzo
ds_v1_seed0/scandinavian_v55,scandinavian,0.9027889980011229,0.4171548831124509,0.5887216536223159,0.8259680706521739,0.4546807191568506,0.8348321001707456,terrazzo
ds_v1_seed0/scandinavian_v64,scandinavian,0.91440224725004,0.45179267149972874,0.6223928255995652,0.8112092391304347,0.4820056824160791,0.8781633435582822,terrazzo
ds_v1_seed0/scandinavian_v32,scandinavian,0.8976656527288196,0.38163233047052003,0.552436885058348,0.800679347826087,0.405293492250014,0.8673212788887559,terrazzo
ds_v2_seed1/scandinavian_v54,scandinavian,0.8698786794657838,0.34530113220543285,0.513344,0.7417119565217392,0.3675311583577713,0.8509441969021855,terrazzo
ds_v2_seed1/scandinavian_v37,scandinavian,0.7759481718451986,0.35359561431796194,0.5224538415723644,0.659561820652174,0.3767911755609773,0.8517166381854901,terrazzo
ds_v2_seed1/scandinavian_v28,scandinavian,0.8945203210565951,0.4335328772329913,0.6048453915752493,0.7975033967391304,0.4669668901284479,0.8582580887885628,terrazzo
ds_v2_seed1/scandinavian_v39,scandinavian,0.8323926623553739,0.3398354614153296,0.5072793954212047,0.6988111413043478,0.35894310541422564,0.8645705085708874,terrazzo
ds_v1_seed0/scandinavian_v60,scandinavian,0.8976099807197407,0.4301293186643505,0.60152506916796,0.799422554347826,0.4636429834598981,0.8561275451402228,terrazzo
ds_v1_seed0/scandinavian_v42,scandinavian,0.9149519706875313,0.4929365503179766,0.6603583390238351,0.8226052989130435,0.5371634132148336,0.8568776371308017,terrazzo
ds_v2_seed1/scandinavian_v12,scandinavian,0.7865838108068932,0.30103273236478206,0.4627596598859111,0.6609035326086956,0.31793980625600826,0.8498715161099032,terrazzo
ds_v1_seed0/scandinavian_v40,scandinavian,0.8547712096639788,0.3143614851081191,0.47834859537482544,0.7145889945652174,0.327593537414966,0.8861414606095457,terrazzo
ds_v1_seed0/scandinavian_v07,scandinavian,0.7357532220974591,0.286472546256035,0.44536130536130536,0.5958899456521739,0.3006262391037543,0.8588510293985435,terrazzo
ds_v2_seed1/scandinavian_v65,scandinavian,0.8584294477759163,0.35136818687430477,0.5200184380350323,0.7524116847826087,0.38294054892832896,0.8099487179487179,terrazzo
ds_v2_seed1/scandinavian_v42,scandinavian,0.9177232587141733,0.47852104110921917,0.6472968971076963,0.8179517663043478,0.5129595827900912,0.8769614835948645,terrazzo
ds_v1_seed0/scandinavian_v37,scandinavian,0.8819243924464369,0.43622378903030856,0.607459356072681,0.7908627717391304,0.4834094368340944,0.8171526586620926,terrazzo
ds_v1_seed0/scandinavian_v45,scandinavian,0.8895052347464797,0.3939035486806187,0.5651804948103663,0.7737432065217391,0.4208019441069259,0.8603796084666601,terrazzo
ds_v2_seed1/scandinavian_v46,scandinavian,0.8964777764910885,0.41257011616094696,0.5841410793571384,0.7741168478260869,0.43755855349447254,0.8784088771863833,terrazzo
ds_v1_seed0/sunlight_v02,sunlight,0.8883600188729357,0.2928116752057134,0.4529842680437133,0.3811141304347826,0.29298794104510945,0.9979495998412593,terrazzo
ds_v1_seed0/sunlight_v20,sunlight,0.8653229235991459,0.2559171304640615,0.4075382431793092,0.36195652173913045,0.2561962168378475,0.9957614056720099,terrazzo
ds_v2_seed1/sunlight_v49,sunlight,0.872664600494854,0.26926572682794764,0.42428582311266855,0.35823709239130436,0.26983973178814363,0.9921618925466724,terrazzo
ds_v2_seed1/sunlight_v55,sunlight,0.8847697847529464,0.13029315960912052,0.23054755043227668,0.2925951086956522,0.13037210371267993,0.9953740628489393,terrazzo
ds_v1_seed0/sunlight_v59,sunlight,0.8686797169105618,0.11712415298036064,0.20968869515154004,0.3472146739130435,0.11719953110993633,0.9945387165984007,terrazzo
ds_v2_seed1/sunlight_v31,sunlight,0.8962194141280302,0.12501979832110238,0.22225350790745693,0.4370584239130435,0.12508914186101794,0.9955854530166071,terrazzo
ds_v2_seed1/sunlight_v22,sunlight,0.8962988709929121,0.28146915487935337,0.4392913458862815,0.38400135869565216,0.2816477024937557,0.9977528089887641,terrazzo
ds_v1_seed0/sunlight_v04,sunlight,0.8626086409776343,0.18888684753097762,0.3177541208791209,0.32516983695652174,0.1891146173969915,0.9936640893470791,terrazzo
ds_v1_seed0/sunlight_v32,sunlight,0.9203151357318688,0.21459828461403815,0.3533650381899409,0.4665591032608696,0.2147056616046634,0.997674959311788,terrazzo
ds_v2_seed1/sunlight_v26,sunlight,0.8760440674415325,0.256845120319596,0.40871403511402316,0.3302139945652174,0.25742723855931404,0.9912727272727273,terrazzo
ds_v1_seed0/sunlight_v21,sunlight,0.8921383642489179,0.1473260766682442,0.2568164006104855,0.3880095108695652,0.14739234393125164,0.9969575660528422,terrazzo
ds_v2_seed1/sunlight_v42,sunlight,0.913587228851841,0.23894751205312473,0.38572661025349214,0.431640625,0.2391106458513495,0.9971528898168359,terrazzo
ds_v1_seed0/sunlight_v28,sunlight,0.9112786697844925,0.2098308536797397,0.34687634728694905,0.4596976902173913,0.20995601063697591,0.9971671388101983,terrazzo
ds_v2_seed1/sunlight_v16,sunlight,0.8885724569847693,0.29291260203065894,0.4531050305652649,0.3967900815217391,0.2931869358149174,0.9968157181571816,terrazzo
ds_v2_seed1/sunlight_v33,sunlight,0.8911669688203958,0.22109710015709252,0.36212861389753304,0.37685122282608696,0.22119101219046,0.9980833732630571,terrazzo
ds_v1_seed0/sunlight_v42,sunlight,0.901773749524837,0.2581275258194881,0.4103360279815122,0.4388077445652174,0.25829570218597653,0.9974839493319452,terrazzo
ds_v2_seed1/sunlight_v65,sunlight,0.8988268795160138,0.24973564340328616,0.39966155197943276,0.37338654891304346,0.24993894496906546,0.9967535102670237,terrazzo
ds_v2_seed1/sunlight_v41,sunlight,0.9021351528259423,0.21967116319207886,0.36021375239726666,0.41642323369565215,0.21987089148520253,0.9958818078863378,terrazzo
ds_v1_seed0/sunlight_v08,sunlight,0.8652531771801206,0.1677334413611505,0.287280359404,0.30215692934782606,0.16794094384392302,0.9926876048909135,terrazzo
ds_v2_seed1/sunlight_v53,sunlight,0.8939126700694271,0.2807930812783873,0.4384675173262517,0.41103940217391305,0.2810028849546502,0.9973480662983425,terrazzo
ds_v1_seed0/sunlight_v11,sunlight,0.8970791585929186,0.25310886554030976,0.4039694754392715,0.36858016304347824,0.2533073304113555,0.9969140686817535,terrazzo
ds_v2_seed1/sunlight_v05,sunlight,0.9172835884352094,0.23953191591822975,0.38648769401115013,0.4636039402173913,0.23966464296039316,0.9976933106007422,terrazzo
ds_v1_seed0/sunlight_v43,sunlight,0.885854693138032,0.13379216088251086,0.23600826588599969,0.3972146739130435,0.13388365163874372,0.9949183303085299,terrazzo
ds_v2_seed1/sunlight_v02,sunlight,0.9091156470777779,0.17365556171563934,0.29592253022137294,0.44308763586956523,0.17374751014850862,0.9969618055555556,terrazzo
ds_v1_seed0/sunlight_v50,sunlight,0.8993515305802576,0.16991576988236418,0.2904752192535182,0.4091711956521739,0.17001313119255104,0.9966410076976907,terrazzo
ds_v1_seed0/sunlight_v25,sunlight,0.8832784301882286,0.06884963841169987,0.12882941797877157,0.41175271739130437,0.06886074587937942,0.9976626412154266,terrazzo
ds_v2_seed1/sunlight_v64,sunlight,0.8905620173337195,0.25823780023463067,0.4104753492328328,0.38790760869565216,0.2584346035015448,0.9970597584233948,terrazzo
ds_v1_seed0/sunlight_v26,sunlight,0.9036288176776545,0.20878449179182676,0.34544535144116156,0.3844429347826087,0.20893957268318258,0.9964575953323609,terrazzo
ds_v1_seed0/sunlight_v44,sunlight,0.8670468179040345,0.24830171944606824,0.39782324349637477,0.3666610054347826,0.24853217117607893,0.9962795211905532,terrazzo
ds_v2_seed1/sunlight_v21,sunlight,0.8998138861490487,0.27261606455813586,0.4284341085271317,0.37387907608695653,0.27283138834587206,0.9971133723028073,terrazzo
ds_v1_seed0/sunlight_v19,sunlight,0.8724514595559922,0.2731348384632396,0.429074486396008,0.38595448369565216,0.2734812190506864,0.9953842772364275,terrazzo
ds_v2_seed1/sunlight_v54,sunlight,0.8656729689917874,0.2577575585252583,0.40986843096770303,0.3349694293478261,0.25809512963595643,0.9949513426501793,terrazzo
ds_v1_seed0/sunlight_v47,sunlight,0.875836911402707,0.08357856143566983,0.15426396278075818,0.3547384510869565,0.0836007431177166,0.9968354430379747,terrazzo
ds_v1_seed0/sunlight_v16,sunlight,0.8728870918162991,0.14739477713860033,0.25692077404461755,0.30022078804347824,0.1475474355787555,0.9930294158650494,terrazzo
ds_v1_seed0/sunlight_v24,sunlight,0.8757038158626741,0.24702490373265737,0.39618279152765923,0.3391134510869565,0.24721625128294505,0.9968764641574263,terrazzo
ds_v2_seed1/sunlight_v23,sunlight,0.9097231450890605,0.19031913411065174,0.3197783328129878,0.4079483695652174,0.19042085938044664,0.9972009249117683,terrazzo
ds_v2_seed1/sunlight_v19,sunlight,0.8510747141039854,0.20944570694595396,0.34634991177047253,0.3205502717391304,0.20981886568346036,0.9915801291046871,terrazzo
ds_v1_seed0/sunlight_v07,sunlight,0.8762796636957224,0.18407729390644856,0.3109210772873618,0.31299252717391307,0.184222213250434,0.9957446808510638,terrazzo
ds_v2_seed1/sunlight_v25,sunlight,0.9071151464106851,0.1725326113709082,0.29429051217464314,0.429008152173913,0.17261758187638512,0.9971550497866287,terrazzo
ds_v2_seed1/sunlight_v45,sunlight,0.8794253861087205,0.2916164404868375,0.4515526921861124,0.38119904891304346,0.2925777821125524,0.9888581223628692,terrazzo
ds_v2_seed1/terrazzo_v37,terrazzo,0.9888162392527576,0.8372485857950974,0.9114156813273748,0.9296365489130435,0.8549823491655969,0.9758252827251499,terrazzo
ds_v2_seed1/terrazzo_v38,terrazzo,0.9914381080466973,0.643087451470685,0.7827793352022426,0.9078804347826087,0.6483348812524877,0.987570735650768,terrazzo
ds_v1_seed0/terrazzo_v07,terrazzo,0.9888029818213443,0.8274468458970304,0.9055769230769231,0.9332880434782609,0.8495016461462138,0.9695784217841149,terrazzo
ds_v1_seed0/terrazzo_v15,terrazzo,0.9864609265882268,0.8850900202694646,0.9390427096345726,0.9345278532608695,0.9110797459421313,0.9687765089722675,terrazzo
ds_v1_seed0/terrazzo_v11,terrazzo,0.985214298115465,0.862780393242869,0.9263361332044898,0.9326766304347827,0.9018344972319716,0.9522063037249283,terrazzo
ds_v2_seed1/terrazzo_v13,terrazzo,0.989464288720878,0.8922437984061062,0.9430537430300155,0.9347826086956522,0.9758762506905654,0.9123672883787661,terrazzo
ds_v1_seed0/terrazzo_v53,terrazzo,0.9908983045524051,0.8039985345684828,0.891351649308074,0.9363960597826086,0.8204881696309352,0.9756128540581736,terrazzo
ds_v2_seed1/terrazzo_v03,terrazzo,0.9864138281335935,0.5621252997601919,0.719692971935716,0.9007642663043478,0.5702014443177499,0.9754226267880364,terrazzo
ds_v2_seed1/terrazzo_v10,terrazzo,0.9931903572422933,0.9258745201795667,0.9615107427593352,0.9419497282608695,0.9942477876106195,0.9308608058608059,terrazzo
ds_v1_seed0/terrazzo_v60,terrazzo,0.9925257413621381,0.9135959595959596,0.9548472915764915,0.9273607336956522,0.995750396336093,0.9171720039750948,terrazzo
ds_v2_seed1/terrazzo_v58,terrazzo,0.9742461807627001,0.8745227123107308,0.9330617405352251,0.9190726902173914,0.9225256257118253,0.9438413005172511,terrazzo
ds_v1_seed0/terrazzo_v49,terrazzo,0.9948720044367712,0.9038697068403909,0.9495079454154748,0.9373471467391304,0.9930430301468693,0.9096297073324242,terrazzo
ds_v1_seed0/terrazzo_v03,terrazzo,0.9869783897726355,0.9166061637833913,0.9564887989027497,0.9434273097826087,0.9640064246030701,0.9490875155537122,terrazzo
ds_v2_seed1/terrazzo_v40,terrazzo,0.9848576778558654,0.8495741893219784,0.9186700314340107,0.937601902173913,0.8845219318811544,0.9555606723463044,terrazzo
ds_v2_seed1/terrazzo_v07,terrazzo,0.9868854898498406,0.8349047221227672,0.9100251495967392,0.9295176630434783,0.8586449554046314,0.9679457614611198,terrazzo
ds_v2_seed1/terrazzo_v43,terrazzo,0.9931097510644675,0.8890936272294266,0.9412912249705536,0.9458220108695652,0.9805222192400598,0.9050787471244027,terrazzo
ds_v2_seed1/terrazzo_v47,terrazzo,0.9910133934396079,0.8424212106053026,0.9144718979093132,0.9411514945652174,0.8612609261670077,0.9746908708234675,terrazzo
ds_v1_seed0/terrazzo_v19,terrazzo,0.9918029540976685,0.8971478273475156,0.9457858943990218,0.9518002717391304,0.9684297003364369,0.9241768087807063,terrazzo
ds_v1_seed0/terrazzo_v20,terrazzo,0.986927057149539,0.6565113500597372,0.7926433465560765,0.873046875,0.6605177993527508,0.990845412303211,terrazzo
ds_v1_seed0/terrazzo_v04,terrazzo,0.9846665087767694,0.8758570276265376,0.933820664077722,0.9163552989130435,0.9774670867559356,0.8939054822361143,terrazzo
ds_v2_seed1/terrazzo_v63,terrazzo,0.9807084008257755,0.6455604776579353,0.7846086320409656,0.8749830163043478,0.6560160493223076,0.975906245450575,terrazzo
ds_v1_seed0/terrazzo_v05,terrazzo,0.9939501106688186,0.9317549371633752,0.9646719873604479,0.9483525815217392,0.9932062292179987,0.9377315023940735,terrazzo
ds_v1_seed0/terrazzo_v22,terrazzo,0.9919937847213628,0.8281985451433461,0.9060269163253364,0.9454483695652174,0.8457504915883767,0.975554435483871,terrazzo
ds_v2_seed1/terrazzo_v16,terrazzo,0.9884809389114982,0.7658988592158749,0.8674323053314192,0.9090353260869565,0.777762982689747,0.9804722470904208,terrazzo
ds_v1_seed0/terrazzo_v42,terrazzo,0.9838580407416758,0.8874653662861576,0.9403779080008925,0.9137737771739131,0.9837588147128922,0.9006613578080712,terrazzo
ds_v1_seed0/terrazzo_v58,terrazzo,0.985973078529154,0.7967326934858077,0.8868683654217717,0.9154721467391305,0.8136809176225235,0.9745229293635728,terrazzo
ds_v1_seed0/terrazzo_v23,terrazzo,0.9927442985673828,0.9136087295401403,0.9548542661170759,0.9529381793478261,0.9771908763505402,0.933515975916664,terrazzo
ds_v2_seed1/terrazzo_v04,terrazzo,0.9924312639175396,0.8808198489751888,0.936633935945673,0.9530910326086957,0.969278252611586,0.9061168323863636,terrazzo
ds_v1_seed0/terrazzo_v55,terrazzo,0.9845772170654805,0.8357873553580413,0.9105492015931597,0.9168478260869565,0.8531566694056423,0.9762203243751469,terrazzo
ds_v1_seed0/terrazzo_v41,terrazzo,0.9915291564289334,0.5360146811439058,0.6979291119076065,0.8969429347826087,0.5379892555640828,0.9931992065741003,terrazzo
ds_v1_seed0/terrazzo_v47,terrazzo,0.98598512822374,0.6753502810638476,0.8062197961789819,0.8685631793478261,0.6806612548621681,0.9885784464230888,terrazzo
ds_v2_seed1/terrazzo_v48,terrazzo,0.98664830485598,0.8435833198642314,0.9151561643835617,0.9342561141304347,0.8671290912111647,0.9688152582486427,terrazzo
ds_v1_seed0/terrazzo_v18,terrazzo,0.9797825855723473,0.8941645432298105,0.9441255211177559,0.9287533967391305,0.9331507859192755,0.95536147501213,terrazzo
ds_v1_seed0/terrazzo_v61,terrazzo,0.9947404910980492,0.6005642217059409,0.7504406428201141,0.9182404891304348,0.6026644462947544,0.9942307692307693,terrazzo
ds_v2_seed1/terrazzo_v56,terrazzo,0.9834699082831128,0.6455737400037196,0.7846184273726444,0.8705332880434783,0.6527666776362183,0.983217674550347,terrazzo
ds_v2_seed1/terrazzo_v55,terrazzo,0.9827908129583418,0.8889638242196984,0.9412184741938249,0.9300951086956522,0.9520411406119088,0.9306391030528962,terrazzo
ds_v2_seed1/terrazzo_v51,terrazzo,0.9863940026765702,0.8651575869164951,0.9277045467742872,0.9365658967391305,0.9035858376380981,0.9531461299817039,terrazzo
ds_v2_seed1/terrazzo_v19,terrazzo,0.9816672802555131,0.8075292397660818,0.8935172079103814,0.9105638586956522,0.8293854874432224,0.9683979837825991,terrazzo
ds_v2_seed1/terrazzo_v06,terrazzo,0.9871601483016518,0.8424894079111332,0.914512077294686,0.9248641304347827,0.8597224240662694,0.9767605052423016,terrazzo
ds_v2_seed1/terrazzo_v53,terrazzo,0.9917233445118899,0.8818945382680561,0.9372411900187357,0.9106827445652174,0.9955128530142473,0.8854140831097382,terrazzo
