[fs_server] roots=2, 대상 1537 views
ckpt: D:\Users\dust\Documents\학교\2026년도1학기\컴퓨터비전\실습\FoundationStereo\pretrained_models\11-33-40\model_best_bp2.pth
ckpt global_step:160000, epoch:32
features.npz 저장: {'pre_conf': (184, 320), 'pre_entropy': (184, 320), 'pre_argdisp': (184, 320), 'post_conf': (184, 320), 'post_entropy': (184, 320), 'post_argdisp': (184, 320), 'scale_to_full': (), 'feat_left': (128, 184, 320)}
DONE: D:\Users\dust\Documents\학교\2026년도1학기\컴퓨터비전\실습\FoundationStereo\experiments\ds_v1_seed0/bedroom_v00\fs
features.npz 저장: {'pre_conf': (184, 320), 'pre_entropy': (184, 320), 'pre_argdisp': (184, 320), 'post_conf': (184, 320), 'post_entropy': (184, 320), 'post_argdisp': (184, 320), 'scale_to_full': (), 'feat_left': (128, 184, 320)}
DONE: D:\Users\dust\Documents\학교\2026년도1학기\컴퓨터비전\실습\FoundationStereo\experiments\ds_v1_seed0/blue_bathroom_v00\fs
features.npz 저장: {'pre_conf': (184, 320), 'pre_entropy': (184, 320), 'pre_argdisp': (184, 320), 'post_conf': (184, 320), 'post_entropy': (184, 320), 'post_argdisp': (184, 320), 'scale_to_full': (), 'feat_left': (128, 184, 320)}
DONE: D:\Users\dust\Documents\학교\2026년도1학기\컴퓨터비전\실습\FoundationStereo\experiments\ds_v1_seed0/computer_room_v00\fs
features.npz 저장: {'pre_conf': (184, 320), 'pre_entropy': (184, 320), 'pre_argdisp': (184, 320), 'post_conf': (184, 320), 'post_entropy': (184, 320), 'post_argdisp': (184, 320), 'scale_to_full': (), 'feat_left': (128, 184, 320)}
DONE: D:\Users\dust\Documents\학교\2026년도1학기\컴퓨터비전\실습\FoundationStereo\experiments\ds_v1_seed0/green_house_v00\fs
features.npz 저장: {'pre_conf': (184, 320), 'pre_entropy': (184, 320), 'pre_argdisp': (184, 320), 'post_conf': (184, 320), 'post_entropy': (184, 320), 'post_argdisp': (184, 320), 'scale_to_full': (), 'feat_left': (128, 184, 320)}
DONE: D:\Users\dust\Documents\학교\2026년도1학기\컴퓨터비전\실습\FoundationStereo\experiments\ds_v1_seed0/gym_v00\fs
features.npz 저장: {'pre_conf': (184, 320), 'pre_entropy': (184, 320), 'pre_argdisp': (184, 320), 'post_conf': (184, 320), 'post_entropy': (184, 320), 'post_argdisp': (184, 320), 'scale_to_full': (), 'feat_left': (128, 184, 320)}
DONE: D:\Users\dust\Documents\학교\2026년도1학기\컴퓨터비전\실습\FoundationStereo\experiments\ds_v1_seed0/living_room_contemp_v00\fs
features.npz 저장: {'pre_conf': (184, 320), 'pre_entropy': (184, 320), 'pre_argdisp': (184, 320), 'post_conf': (184, 320), 'post_entropy': (184, 320), 'post_argdisp': (184, 320), 'scale_to_full': (), 'feat_left': (128, 184, 320)}
DONE: D:\Users\dust\Documents\학교\2026년도1학기\컴퓨터비전\실습\FoundationStereo\experiments\ds_v1_seed0/livingroom_v00\fs
features.npz 저장: {'pre_conf': (184, 320), 'pre_entropy': (184, 320), 'pre_argdisp': (184, 320), 'post_conf': (184, 320), 'post_entropy': (184, 320), 'post_argdisp': (184, 320), 'scale_to_full': (), 'feat_left': (128, 184, 320)}
DONE: D:\Users\dust\Documents\학교\2026년도1학기\컴퓨터비전\실습\FoundationStereo\experiments\ds_v1_seed0/minigym_v00\fs
features.npz 저장: {'pre_conf': (184, 320), 'pre_entropy': (184, 320), 'pre_argdisp': (184, 320), 'post_conf': (184, 320), 'post_entropy': (184, 320), 'post_argdisp': (184, 320), 'scale_to_full': (), 'feat_left': (128, 184, 320)}
DONE: D:\Users\dust\Documents\학교\2026년도1학기\컴퓨터비전\실습\FoundationStereo\experiments\ds_v1_seed0/minimal_interior_v00\fs
features.npz 저장: {'pre_conf': (184, 320), 'pre_entropy': (184, 320), 'pre_argdisp': (184, 320), 'post_conf': (184, 320), 'post_entropy': (184, 320), 'post_argdisp': (184, 320), 'scale_to_full': (), 'feat_left': (128, 184, 320)}
DONE: D:\Users\dust\Documents\학교\2026년도1학기\컴퓨터비전\실습\FoundationStereo\experiments\ds_v1_seed0/scandinavian_v00\fs
features.npz 저장: {'pre_conf': (184, 320), 'pre_entropy': (184, 320), 'pre_argdisp': (184, 320), 'post_conf': (184, 320), 'post_entropy': (184, 320), 'post_argdisp': (184, 320), 'scale_to_full': (), 'feat_left': (128, 184, 320)}
DONE: D:\Users\dust\Documents\학교\2026년도1학기\컴퓨터비전\실습\FoundationStereo\experiments\ds_v1_seed0/sunlight_v00\fs
features.npz 저장: {'pre_conf': (184, 320), 'pre_entropy': (184, 320), 'pre_argdisp': (184, 320), 'post_conf': (184, 320), 'post_entropy': (184, 320), 'post_argdisp': (184, 320), 'scale_to_full': (), 'feat_left': (128, 184, 320)}
DONE: D:\Users\dust\Documents\학교\2026년도1학기\컴퓨터비전\실습\FoundationStereo\experiments\ds_v1_seed0/terrazzo_v00\fs
features.npz 저장: {'pre_conf': (184, 320), 'pre_entropy': (184, 320), 'pre_argdisp': (184, 320), 'post_conf': (184, 320), 'post_entropy': (184, 320), 'post_argdisp': (184, 320), 'scale_to_full': (), 'feat_left': (128, 184, 320)}
DONE: D:\Users\dust\Documents\학교\2026년도1학기\컴퓨터비전\실습\FoundationStereo\experiments\ds_v2_seed1/bedroom_v00\fs
features.npz 저장: {'pre_conf': (184, 320), 'pre_entropy': (184, 320), 'pre_argdisp': (184, 320), 'post_conf': (184, 320), 'post_entropy': (184, 320), 'post_argdisp': (184, 320), 'scale_to_full': (), 'feat_left': (128, 184, 320)}
DONE: D:\Users\dust\Documents\학교\2026년도1학기\컴퓨터비전\실습\FoundationStereo\experiments\ds_v2_seed1/blue_bathroom_v00\fs
features.npz 저장: {'pre_conf': (184, 320), 'pre_entropy': (184, 320), 'pre_argdisp': (184, 320), 'post_conf': (184, 320), 'post_entropy': (184, 320), 'post_argdisp': (184, 320), 'scale_to_full': (), 'feat_left': (128, 184, 320)}
DONE: D:\Users\dust\Documents\학교\2026년도1학기\컴퓨터비전\실습\FoundationStereo\experiments\ds_v2_seed1/computer_room_v00\fs
features.npz 저장: {'pre_conf': (184, 320), 'pre_entropy': (184, 320), 'pre_argdisp': (184, 320), 'post_conf': (184, 320), 'post_entropy': (184, 320), 'post_argdisp': (184, 320), 'scale_to_full': (), 'feat_left': (128, 184, 320)}
DONE: D:\Users\dust\Documents\학교\2026년도1학기\컴퓨터비전\실습\FoundationStereo\experiments\ds_v2_seed1/green_house_v00\fs
features.npz 저장: {'pre_conf': (184, 320), 'pre_entropy': (184, 320), 'pre_argdisp': (184, 320), 'post_conf': (184, 320), 'post_entropy': (184, 320), 'post_argdisp': (184, 320), 'scale_to_full': (), 'feat_left': (128, 184, 320)}
DONE: D:\Users\dust\Documents\학교\2026년도1학기\컴퓨터비전\실습\FoundationStereo\experiments\ds_v2_seed1/gym_v00\fs
features.npz 저장: {'pre_conf': (184, 320), 'pre_entropy': (184, 320), 'pre_argdisp': (184, 320), 'post_conf': (184, 320), 'post_entropy': (184, 320), 'post_argdisp': (184, 320), 'scale_to_full': (), 'feat_left': (128, 184, 320)}
DONE: D:\Users\dust\Documents\학교\2026년도1학기\컴퓨터비전\실습\FoundationStereo\experiments\ds_v2_seed1/living_room_contemp_v00\fs
features.npz 저장: {'pre_conf': (184, 320), 'pre_entropy': (184, 320), 'pre_argdisp': (184, 320), 'post_conf': (184, 320), 'post_entropy': (184, 320), 'post_argdisp': (184, 320), 'scale_to_full': (), 'feat_left': (128, 184, 320)}
DONE: D:\Users\dust\Documents\학교\2026년도1학기\컴퓨터비전\실습\FoundationStereo\experiments\ds_v2_seed1/livingroom_v00\fs
features.npz 저장: {'pre_conf': (184, 320), 'pre_entropy': (184, 320), 'pre_argdisp': (184, 320), 'post_conf': (184, 320), 'post_entropy': (184, 320), 'post_argdisp': (184, 320), 'scale_to_full': (), 'feat_left': (128, 184, 320)}
DONE: D:\Users\dust\Documents\학교\2026년도1학기\컴퓨터비전\실습\FoundationStereo\experiments\ds_v2_seed1/minigym_v00\fs
[fs_server] 20/1537 (done 20, skip 0, fail 0) 2.5s/view, ETA 63m
features.npz 저장: {'pre_conf': (184, 320), 'pre_entropy': (184, 320), 'pre_argdisp': (184, 320), 'post_conf': (184, 320), 'post_entropy': (184, 320), 'post_argdisp': (184, 320), 'scale_to_full': (), 'feat_left': (128, 184, 320)}
DONE: D:\Users\dust\Documents\학교\2026년도1학기\컴퓨터비전\실습\FoundationStereo\experiments\ds_v2_seed1/minimal_interior_v00\fs
features.npz 저장: {'pre_conf': (184, 320), 'pre_entropy': (184, 320), 'pre_argdisp': (184, 320), 'post_conf': (184, 320), 'post_entropy': (184, 320), 'post_argdisp': (184, 320), 'scale_to_full': (), 'feat_left': (128, 184, 320)}
DONE: D:\Users\dust\Documents\학교\2026년도1학기\컴퓨터비전\실습\FoundationStereo\experiments\ds_v2_seed1/scandinavian_v00\fs
features.npz 저장: {'pre_conf': (184, 320), 'pre_entropy': (184, 320), 'pre_argdisp': (184, 320), 'post_conf': (184, 320), 'post_entropy': (184, 320), 'post_argdisp': (184, 320), 'scale_to_full': (), 'feat_left': (128, 184, 320)}
DONE: D:\Users\dust\Documents\학교\2026년도1학기\컴퓨터비전\실습\FoundationStereo\experiments\ds_v2_seed1/sunlight_v00\fs
features.npz 저장: {'pre_conf': (184, 320), 'pre_entropy': (184, 320), 'pre_argdisp': (184, 320), 'post_conf': (184, 320), 'post_entropy': (184, 320), 'post_argdisp': (184, 320), 'scale_to_full': (), 'feat_left': (128, 184, 320)}
DONE: D:\Users\dust\Documents\학교\2026년도1학기\컴퓨터비전\실습\FoundationStereo\experiments\ds_v2_seed1/terrazzo_v00\fs
features.npz 저장: {'pre_conf': (184, 320), 'pre_entropy': (184, 320), 'pre_argdisp': (184, 320), 'post_conf': (184, 320), 'post_entropy': (184, 320), 'post_argdisp': (184, 320), 'scale_to_full': (), 'feat_left': (128, 184, 320)}
DONE: D:\Users\dust\Documents\학교\2026년도1학기\컴퓨터비전\실습\FoundationStereo\experiments\ds_v1_seed0/bedroom_v01\fs
features.npz 저장: {'pre_conf': (184, 320), 'pre_entropy': (184, 320), 'pre_argdisp': (184, 320), 'post_conf': (184, 320), 'post_entropy': (184, 320), 'post_argdisp': (184, 320), 'scale_to_full': (), 'feat_left': (128, 184, 320)}
DONE: D:\Users\dust\Documents\학교\2026년도1학기\컴퓨터비전\실습\FoundationStereo\experiments\ds_v1_seed0/blue_bathroom_v01\fs
features.npz 저장: {'pre_conf': (184, 320), 'pre_entropy': (184, 320), 'pre_argdisp': (184, 320), 'post_conf': (184, 320), 'post_entropy': (184, 320), 'post_argdisp': (184, 320), 'scale_to_full': (), 'feat_left': (128, 184, 320)}
DONE: D:\Users\dust\Documents\학교\2026년도1학기\컴퓨터비전\실습\FoundationStereo\experiments\ds_v1_seed0/computer_room_v01\fs
features.npz 저장: {'pre_conf': (184, 320), 'pre_entropy': (184, 320), 'pre_argdisp': (184, 320), 'post_conf': (184, 320), 'post_entropy': (184, 320), 'post_argdisp': (184, 320), 'scale_to_full': (), 'feat_left': (128, 184, 320)}
DONE: D:\Users\dust\Documents\학교\2026년도1학기\컴퓨터비전\실습\FoundationStereo\experiments\ds_v1_seed0/green_house_v01\fs
features.npz 저장: {'pre_conf': (184, 320), 'pre_entropy': (184, 320), 'pre_argdisp': (184, 320), 'post_conf': (184, 320), 'post_entropy': (184, 320), 'post_argdisp': (184, 320), 'scale_to_full': (), 'feat_left': (128, 184, 320)}
DONE: D:\Users\dust\Documents\학교\2026년도1학기\컴퓨터비전\실습\FoundationStereo\experiments\ds_v1_seed0/gym_v01\fs
features.npz 저장: {'pre_conf': (184, 320), 'pre_entropy': (184, 320), 'pre_argdisp': (184, 320), 'post_conf': (184, 320), 'post_entropy': (184, 320), 'post_argdisp': (184, 320), 'scale_to_full': (), 'feat_left': (128, 184, 320)}
DONE: D:\Users\dust\Documents\학교\2026년도1학기\컴퓨터비전\실습\FoundationStereo\experiments\ds_v1_seed0/living_room_contemp_v01\fs
features.npz 저장: {'pre_conf': (184, 320), 'pre_entropy': (184, 320), 'pre_argdisp': (184, 320), 'post_conf': (184, 320), 'post_entropy': (184, 320), 'post_argdisp': (184, 320), 'scale_to_full': (), 'feat_left': (128, 184, 320)}
DONE: D:\Users\dust\Documents\학교\2026년도1학기\컴퓨터비전\실습\FoundationStereo\experiments\ds_v1_seed0/livingroom_v01\fs
features.npz 저장: {'pre_conf': (184, 320), 'pre_entropy': (184, 320), 'pre_argdisp': (184, 320), 'post_conf': (184, 320), 'post_entropy': (184, 320), 'post_argdisp': (184, 320), 'scale_to_full': (), 'feat_left': (128, 184, 320)}
DONE: D:\Users\dust\Documents\학교\2026년도1학기\컴퓨터비전\실습\FoundationStereo\experiments\ds_v1_seed0/minigym_v01\fs
features.npz 저장: {'pre_conf': (184, 320), 'pre_entropy': (184, 320), 'pre_argdisp': (184, 320), 'post_conf': (184, 320), 'post_entropy': (184, 320), 'post_argdisp': (184, 320), 'scale_to_full': (), 'feat_left': (128, 184, 320)}
DONE: D:\Users\dust\Documents\학교\2026년도1학기\컴퓨터비전\실습\FoundationStereo\experiments\ds_v1_seed0/minimal_interior_v01\fs
features.npz 저장: {'pre_conf': (184, 320), 'pre_entropy': (184, 320), 'pre_argdisp': (184, 320), 'post_conf': (184, 320), 'post_entropy': (184, 320), 'post_argdisp': (184, 320), 'scale_to_full': (), 'feat_left': (128, 184, 320)}
DONE: D:\Users\dust\Documents\학교\2026년도1학기\컴퓨터비전\실습\FoundationStereo\experiments\ds_v1_seed0/scandinavian_v01\fs
features.npz 저장: {'pre_conf': (184, 320), 'pre_entropy': (184, 320), 'pre_argdisp': (184, 320), 'post_conf': (184, 320), 'post_entropy': (184, 320), 'post_argdisp': (184, 320), 'scale_to_full': (), 'feat_left': (128, 184, 320)}
DONE: D:\Users\dust\Documents\학교\2026년도1학기\컴퓨터비전\실습\FoundationStereo\experiments\ds_v1_seed0/sunlight_v01\fs
features.npz 저장: {'pre_conf': (184, 320), 'pre_entropy': (184, 320), 'pre_argdisp': (184, 320), 'post_conf': (184, 320), 'post_entropy': (184, 320), 'post_argdisp': (184, 320), 'scale_to_full': (), 'feat_left': (128, 184, 320)}
DONE: D:\Users\dust\Documents\학교\2026년도1학기\컴퓨터비전\실습\FoundationStereo\experiments\ds_v1_seed0/terrazzo_v01\fs
features.npz 저장: {'pre_conf': (184, 320), 'pre_entropy': (184, 320), 'pre_argdisp': (184, 320), 'post_conf': (184, 320), 'post_entropy': (184, 320), 'post_argdisp': (184, 320), 'scale_to_full': (), 'feat_left': (128, 184, 320)}
DONE: D:\Users\dust\Documents\학교\2026년도1학기\컴퓨터비전\실습\FoundationStereo\experiments\ds_v2_seed1/bedroom_v01\fs
features.npz 저장: {'pre_conf': (184, 320), 'pre_entropy': (184, 320), 'pre_argdisp': (184, 320), 'post_conf': (184, 320), 'post_entropy': (184, 320), 'post_argdisp': (184, 320), 'scale_to_full': (), 'feat_left': (128, 184, 320)}
DONE: D:\Users\dust\Documents\학교\2026년도1학기\컴퓨터비전\실습\FoundationStereo\experiments\ds_v2_seed1/blue_bathroom_v01\fs
features.npz 저장: {'pre_conf': (184, 320), 'pre_entropy': (184, 320), 'pre_argdisp': (184, 320), 'post_conf': (184, 320), 'post_entropy': (184, 320), 'post_argdisp': (184, 320), 'scale_to_full': (), 'feat_left': (128, 184, 320)}
DONE: D:\Users\dust\Documents\학교\2026년도1학기\컴퓨터비전\실습\FoundationStereo\experiments\ds_v2_seed1/computer_room_v01\fs
features.npz 저장: {'pre_conf': (184, 320), 'pre_entropy': (184, 320), 'pre_argdisp': (184, 320), 'post_conf': (184, 320), 'post_entropy': (184, 320), 'post_argdisp': (184, 320), 'scale_to_full': (), 'feat_left': (128, 184, 320)}
DONE: D:\Users\dust\Documents\학교\2026년도1학기\컴퓨터비전\실습\FoundationStereo\experiments\ds_v2_seed1/green_house_v01\fs
[fs_server] 40/1537 (done 40, skip 0, fail 0) 2.6s/view, ETA 66m
features.npz 저장: {'pre_conf': (184, 320), 'pre_entropy': (184, 320), 'pre_argdisp': (184, 320), 'post_conf': (184, 320), 'post_entropy': (184, 320), 'post_argdisp': (184, 320), 'scale_to_full': (), 'feat_left': (128, 184, 320)}
DONE: D:\Users\dust\Documents\학교\2026년도1학기\컴퓨터비전\실습\FoundationStereo\experiments\ds_v2_seed1/gym_v01\fs
features.npz 저장: {'pre_conf': (184, 320), 'pre_entropy': (184, 320), 'pre_argdisp': (184, 320), 'post_conf': (184, 320), 'post_entropy': (184, 320), 'post_argdisp': (184, 320), 'scale_to_full': (), 'feat_left': (128, 184, 320)}
DONE: D:\Users\dust\Documents\학교\2026년도1학기\컴퓨터비전\실습\FoundationStereo\experiments\ds_v2_seed1/living_room_contemp_v01\fs
features.npz 저장: {'pre_conf': (184, 320), 'pre_entropy': (184, 320), 'pre_argdisp': (184, 320), 'post_conf': (184, 320), 'post_entropy': (184, 320), 'post_argdisp': (184, 320), 'scale_to_full': (), 'feat_left': (128, 184, 320)}
DONE: D:\Users\dust\Documents\학교\2026년도1학기\컴퓨터비전\실습\FoundationStereo\experiments\ds_v2_seed1/livingroom_v01\fs
features.npz 저장: {'pre_conf': (184, 320), 'pre_entropy': (184, 320), 'pre_argdisp': (184, 320), 'post_conf': (184, 320), 'post_entropy': (184, 320), 'post_argdisp': (184, 320), 'scale_to_full': (), 'feat_left': (128, 184, 320)}
DONE: D:\Users\dust\Documents\학교\2026년도1학기\컴퓨터비전\실습\FoundationStereo\experiments\ds_v2_seed1/minigym_v01\fs
features.npz 저장: {'pre_conf': (184, 320), 'pre_entropy': (184, 320), 'pre_argdisp': (184, 320), 'post_conf': (184, 320), 'post_entropy': (184, 320), 'post_argdisp': (184, 320), 'scale_to_full': (), 'feat_left': (128, 184, 320)}
DONE: D:\Users\dust\Documents\학교\2026년도1학기\컴퓨터비전\실습\FoundationStereo\experiments\ds_v2_seed1/minimal_interior_v01\fs
features.npz 저장: {'pre_conf': (184, 320), 'pre_entropy': (184, 320), 'pre_argdisp': (184, 320), 'post_conf': (184, 320), 'post_entropy': (184, 320), 'post_argdisp': (184, 320), 'scale_to_full': (), 'feat_left': (128, 184, 320)}
DONE: D:\Users\dust\Documents\학교\2026년도1학기\컴퓨터비전\실습\FoundationStereo\experiments\ds_v2_seed1/scandinavian_v01\fs
features.npz 저장: {'pre_conf': (184, 320), 'pre_entropy': (184, 320), 'pre_argdisp': (184, 320), 'post_conf': (184, 320), 'post_entropy': (184, 320), 'post_argdisp': (184, 320), 'scale_to_full': (), 'feat_left': (128, 184, 320)}
DONE: D:\Users\dust\Documents\학교\2026년도1학기\컴퓨터비전\실습\FoundationStereo\experiments\ds_v2_seed1/sunlight_v01\fs
features.npz 저장: {'pre_conf': (184, 320), 'pre_entropy': (184, 320), 'pre_argdisp': (184, 320), 'post_conf': (184, 320), 'post_entropy': (184, 320), 'post_argdisp': (184, 320), 'scale_to_full': (), 'feat_left': (128, 184, 320)}
DONE: D:\Users\dust\Documents\학교\2026년도1학기\컴퓨터비전\실습\FoundationStereo\experiments\ds_v2_seed1/terrazzo_v01\fs
features.npz 저장: {'pre_conf': (184, 320), 'pre_entropy': (184, 320), 'pre_argdisp': (184, 320), 'post_conf': (184, 320), 'post_entropy': (184, 320), 'post_argdisp': (184, 320), 'scale_to_full': (), 'feat_left': (128, 184, 320)}
DONE: D:\Users\dust\Documents\학교\2026년도1학기\컴퓨터비전\실습\FoundationStereo\experiments\ds_v1_seed0/bedroom_v02\fs
features.npz 저장: {'pre_conf': (184, 320), 'pre_entropy': (184, 320), 'pre_argdisp': (184, 320), 'post_conf': (184, 320), 'post_entropy': (184, 320), 'post_argdisp': (184, 320), 'scale_to_full': (), 'feat_left': (128, 184, 320)}
DONE: D:\Users\dust\Documents\학교\2026년도1학기\컴퓨터비전\실습\FoundationStereo\experiments\ds_v1_seed0/blue_bathroom_v02\fs
features.npz 저장: {'pre_conf': (184, 320), 'pre_entropy': (184, 320), 'pre_argdisp': (184, 320), 'post_conf': (184, 320), 'post_entropy': (184, 320), 'post_argdisp': (184, 320), 'scale_to_full': (), 'feat_left': (128, 184, 320)}
DONE: D:\Users\dust\Documents\학교\2026년도1학기\컴퓨터비전\실습\FoundationStereo\experiments\ds_v1_seed0/computer_room_v02\fs
features.npz 저장: {'pre_conf': (184, 320), 'pre_entropy': (184, 320), 'pre_argdisp': (184, 320), 'post_conf': (184, 320), 'post_entropy': (184, 320), 'post_argdisp': (184, 320), 'scale_to_full': (), 'feat_left': (128, 184, 320)}
DONE: D:\Users\dust\Documents\학교\2026년도1학기\컴퓨터비전\실습\FoundationStereo\experiments\ds_v1_seed0/green_house_v02\fs
features.npz 저장: {'pre_conf': (184, 320), 'pre_entropy': (184, 320), 'pre_argdisp': (184, 320), 'post_conf': (184, 320), 'post_entropy': (184, 320), 'post_argdisp': (184, 320), 'scale_to_full': (), 'feat_left': (128, 184, 320)}
DONE: D:\Users\dust\Documents\학교\2026년도1학기\컴퓨터비전\실습\FoundationStereo\experiments\ds_v1_seed0/gym_v02\fs
features.npz 저장: {'pre_conf': (184, 320), 'pre_entropy': (184, 320), 'pre_argdisp': (184, 320), 'post_conf': (184, 320), 'post_entropy': (184, 320), 'post_argdisp': (184, 320), 'scale_to_full': (), 'feat_left': (128, 184, 320)}
DONE: D:\Users\dust\Documents\학교\2026년도1학기\컴퓨터비전\실습\FoundationStereo\experiments\ds_v1_seed0/living_room_contemp_v02\fs
features.npz 저장: {'pre_conf': (184, 320), 'pre_entropy': (184, 320), 'pre_argdisp': (184, 320), 'post_conf': (184, 320), 'post_entropy': (184, 320), 'post_argdisp': (184, 320), 'scale_to_full': (), 'feat_left': (128, 184, 320)}
DONE: D:\Users\dust\Documents\학교\2026년도1학기\컴퓨터비전\실습\FoundationStereo\experiments\ds_v1_seed0/livingroom_v02\fs
features.npz 저장: {'pre_conf': (184, 320), 'pre_entropy': (184, 320), 'pre_argdisp': (184, 320), 'post_conf': (184, 320), 'post_entropy': (184, 320), 'post_argdisp': (184, 320), 'scale_to_full': (), 'feat_left': (128, 184, 320)}
DONE: D:\Users\dust\Documents\학교\2026년도1학기\컴퓨터비전\실습\FoundationStereo\experiments\ds_v1_seed0/minigym_v02\fs
features.npz 저장: {'pre_conf': (184, 320), 'pre_entropy': (184, 320), 'pre_argdisp': (184, 320), 'post_conf': (184, 320), 'post_entropy': (184, 320), 'post_argdisp': (184, 320), 'scale_to_full': (), 'feat_left': (128, 184, 320)}
DONE: D:\Users\dust\Documents\학교\2026년도1학기\컴퓨터비전\실습\FoundationStereo\experiments\ds_v1_seed0/minimal_interior_v02\fs
features.npz 저장: {'pre_conf': (184, 320), 'pre_entropy': (184, 320), 'pre_argdisp': (184, 320), 'post_conf': (184, 320), 'post_entropy': (184, 320), 'post_argdisp': (184, 320), 'scale_to_full': (), 'feat_left': (128, 184, 320)}
DONE: D:\Users\dust\Documents\학교\2026년도1학기\컴퓨터비전\실습\FoundationStereo\experiments\ds_v1_seed0/scandinavian_v02\fs
features.npz 저장: {'pre_conf': (184, 320), 'pre_entropy': (184, 320), 'pre_argdisp': (184, 320), 'post_conf': (184, 320), 'post_entropy': (184, 320), 'post_argdisp': (184, 320), 'scale_to_full': (), 'feat_left': (128, 184, 320)}
DONE: D:\Users\dust\Documents\학교\2026년도1학기\컴퓨터비전\실습\FoundationStereo\experiments\ds_v1_seed0/sunlight_v02\fs
features.npz 저장: {'pre_conf': (184, 320), 'pre_entropy': (184, 320), 'pre_argdisp': (184, 320), 'post_conf': (184, 320), 'post_entropy': (184, 320), 'post_argdisp': (184, 320), 'scale_to_full': (), 'feat_left': (128, 184, 320)}
DONE: D:\Users\dust\Documents\학교\2026년도1학기\컴퓨터비전\실습\FoundationStereo\experiments\ds_v1_seed0/terrazzo_v02\fs
[fs_server] 60/1537 (done 60, skip 0, fail 0) 2.6s/view, ETA 65m
features.npz 저장: {'pre_conf': (184, 320), 'pre_entropy': (184, 320), 'pre_argdisp': (184, 320), 'post_conf': (184, 320), 'post_entropy': (184, 320), 'post_argdisp': (184, 320), 'scale_to_full': (), 'feat_left': (128, 184, 320)}
DONE: D:\Users\dust\Documents\학교\2026년도1학기\컴퓨터비전\실습\FoundationStereo\experiments\ds_v2_seed1/bedroom_v02\fs
features.npz 저장: {'pre_conf': (184, 320), 'pre_entropy': (184, 320), 'pre_argdisp': (184, 320), 'post_conf': (184, 320), 'post_entropy': (184, 320), 'post_argdisp': (184, 320), 'scale_to_full': (), 'feat_left': (128, 184, 320)}
DONE: D:\Users\dust\Documents\학교\2026년도1학기\컴퓨터비전\실습\FoundationStereo\experiments\ds_v2_seed1/blue_bathroom_v02\fs
features.npz 저장: {'pre_conf': (184, 320), 'pre_entropy': (184, 320), 'pre_argdisp': (184, 320), 'post_conf': (184, 320), 'post_entropy': (184, 320), 'post_argdisp': (184, 320), 'scale_to_full': (), 'feat_left': (128, 184, 320)}
DONE: D:\Users\dust\Documents\학교\2026년도1학기\컴퓨터비전\실습\FoundationStereo\experiments\ds_v2_seed1/computer_room_v02\fs
features.npz 저장: {'pre_conf': (184, 320), 'pre_entropy': (184, 320), 'pre_argdisp': (184, 320), 'post_conf': (184, 320), 'post_entropy': (184, 320), 'post_argdisp': (184, 320), 'scale_to_full': (), 'feat_left': (128, 184, 320)}
DONE: D:\Users\dust\Documents\학교\2026년도1학기\컴퓨터비전\실습\FoundationStereo\experiments\ds_v2_seed1/green_house_v02\fs
features.npz 저장: {'pre_conf': (184, 320), 'pre_entropy': (184, 320), 'pre_argdisp': (184, 320), 'post_conf': (184, 320), 'post_entropy': (184, 320), 'post_argdisp': (184, 320), 'scale_to_full': (), 'feat_left': (128, 184, 320)}
DONE: D:\Users\dust\Documents\학교\2026년도1학기\컴퓨터비전\실습\FoundationStereo\experiments\ds_v2_seed1/gym_v02\fs
features.npz 저장: {'pre_conf': (184, 320), 'pre_entropy': (184, 320), 'pre_argdisp': (184, 320), 'post_conf': (184, 320), 'post_entropy': (184, 320), 'post_argdisp': (184, 320), 'scale_to_full': (), 'feat_left': (128, 184, 320)}
DONE: D:\Users\dust\Documents\학교\2026년도1학기\컴퓨터비전\실습\FoundationStereo\experiments\ds_v2_seed1/living_room_contemp_v02\fs
features.npz 저장: {'pre_conf': (184, 320), 'pre_entropy': (184, 320), 'pre_argdisp': (184, 320), 'post_conf': (184, 320), 'post_entropy': (184, 320), 'post_argdisp': (184, 320), 'scale_to_full': (), 'feat_left': (128, 184, 320)}
DONE: D:\Users\dust\Documents\학교\2026년도1학기\컴퓨터비전\실습\FoundationStereo\experiments\ds_v2_seed1/livingroom_v02\fs
features.npz 저장: {'pre_conf': (184, 320), 'pre_entropy': (184, 320), 'pre_argdisp': (184, 320), 'post_conf': (184, 320), 'post_entropy': (184, 320), 'post_argdisp': (184, 320), 'scale_to_full': (), 'feat_left': (128, 184, 320)}
DONE: D:\Users\dust\Documents\학교\2026년도1학기\컴퓨터비전\실습\FoundationStereo\experiments\ds_v2_seed1/minigym_v02\fs
features.npz 저장: {'pre_conf': (184, 320), 'pre_entropy': (184, 320), 'pre_argdisp': (184, 320), 'post_conf': (184, 320), 'post_entropy': (184, 320), 'post_argdisp': (184, 320), 'scale_to_full': (), 'feat_left': (128, 184, 320)}
DONE: D:\Users\dust\Documents\학교\2026년도1학기\컴퓨터비전\실습\FoundationStereo\experiments\ds_v2_seed1/minimal_interior_v02\fs
features.npz 저장: {'pre_conf': (184, 320), 'pre_entropy': (184, 320), 'pre_argdisp': (184, 320), 'post_conf': (184, 320), 'post_entropy': (184, 320), 'post_argdisp': (184, 320), 'scale_to_full': (), 'feat_left': (128, 184, 320)}
DONE: D:\Users\dust\Documents\학교\2026년도1학기\컴퓨터비전\실습\FoundationStereo\experiments\ds_v2_seed1/scandinavian_v02\fs
features.npz 저장: {'pre_conf': (184, 320), 'pre_entropy': (184, 320), 'pre_argdisp': (184, 320), 'post_conf': (184, 320), 'post_entropy': (184, 320), 'post_argdisp': (184, 320), 'scale_to_full': (), 'feat_left': (128, 184, 320)}
DONE: D:\Users\dust\Documents\학교\2026년도1학기\컴퓨터비전\실습\FoundationStereo\experiments\ds_v2_seed1/sunlight_v02\fs
features.npz 저장: {'pre_conf': (184, 320), 'pre_entropy': (184, 320), 'pre_argdisp': (184, 320), 'post_conf': (184, 320), 'post_entropy': (184, 320), 'post_argdisp': (184, 320), 'scale_to_full': (), 'feat_left': (128, 184, 320)}
DONE: D:\Users\dust\Documents\학교\2026년도1학기\컴퓨터비전\실습\FoundationStereo\experiments\ds_v2_seed1/terrazzo_v02\fs
features.npz 저장: {'pre_conf': (184, 320), 'pre_entropy': (184, 320), 'pre_argdisp': (184, 320), 'post_conf': (184, 320), 'post_entropy': (184, 320), 'post_argdisp': (184, 320), 'scale_to_full': (), 'feat_left': (128, 184, 320)}
DONE: D:\Users\dust\Documents\학교\2026년도1학기\컴퓨터비전\실습\FoundationStereo\experiments\ds_v1_seed0/bedroom_v03\fs
features.npz 저장: {'pre_conf': (184, 320), 'pre_entropy': (184, 320), 'pre_argdisp': (184, 320), 'post_conf': (184, 320), 'post_entropy': (184, 320), 'post_argdisp': (184, 320), 'scale_to_full': (), 'feat_left': (128, 184, 320)}
DONE: D:\Users\dust\Documents\학교\2026년도1학기\컴퓨터비전\실습\FoundationStereo\experiments\ds_v1_seed0/blue_bathroom_v03\fs
features.npz 저장: {'pre_conf': (184, 320), 'pre_entropy': (184, 320), 'pre_argdisp': (184, 320), 'post_conf': (184, 320), 'post_entropy': (184, 320), 'post_argdisp': (184, 320), 'scale_to_full': (), 'feat_left': (128, 184, 320)}
DONE: D:\Users\dust\Documents\학교\2026년도1학기\컴퓨터비전\실습\FoundationStereo\experiments\ds_v1_seed0/computer_room_v03\fs
features.npz 저장: {'pre_conf': (184, 320), 'pre_entropy': (184, 320), 'pre_argdisp': (184, 320), 'post_conf': (184, 320), 'post_entropy': (184, 320), 'post_argdisp': (184, 320), 'scale_to_full': (), 'feat_left': (128, 184, 320)}
DONE: D:\Users\dust\Documents\학교\2026년도1학기\컴퓨터비전\실습\FoundationStereo\experiments\ds_v1_seed0/green_house_v03\fs
features.npz 저장: {'pre_conf': (184, 320), 'pre_entropy': (184, 320), 'pre_argdisp': (184, 320), 'post_conf': (184, 320), 'post_entropy': (184, 320), 'post_argdisp': (184, 320), 'scale_to_full': (), 'feat_left': (128, 184, 320)}
DONE: D:\Users\dust\Documents\학교\2026년도1학기\컴퓨터비전\실습\FoundationStereo\experiments\ds_v1_seed0/gym_v03\fs
features.npz 저장: {'pre_conf': (184, 320), 'pre_entropy': (184, 320), 'pre_argdisp': (184, 320), 'post_conf': (184, 320), 'post_entropy': (184, 320), 'post_argdisp': (184, 320), 'scale_to_full': (), 'feat_left': (128, 184, 320)}
DONE: D:\Users\dust\Documents\학교\2026년도1학기\컴퓨터비전\실습\FoundationStereo\experiments\ds_v1_seed0/living_room_contemp_v03\fs
features.npz 저장: {'pre_conf': (184, 320), 'pre_entropy': (184, 320), 'pre_argdisp': (184, 320), 'post_conf': (184, 320), 'post_entropy': (184, 320), 'post_argdisp': (184, 320), 'scale_to_full': (), 'feat_left': (128, 184, 320)}
DONE: D:\Users\dust\Documents\학교\2026년도1학기\컴퓨터비전\실습\FoundationStereo\experiments\ds_v1_seed0/livingroom_v03\fs
features.npz 저장: {'pre_conf': (184, 320), 'pre_entropy': (184, 320), 'pre_argdisp': (184, 320), 'post_conf': (184, 320), 'post_entropy': (184, 320), 'post_argdisp': (184, 320), 'scale_to_full': (), 'feat_left': (128, 184, 320)}
DONE: D:\Users\dust\Documents\학교\2026년도1학기\컴퓨터비전\실습\FoundationStereo\experiments\ds_v1_seed0/minigym_v03\fs
[fs_server] 80/1537 (done 80, skip 0, fail 0) 2.6s/view, ETA 64m
features.npz 저장: {'pre_conf': (184, 320), 'pre_entropy': (184, 320), 'pre_argdisp': (184, 320), 'post_conf': (184, 320), 'post_entropy': (184, 320), 'post_argdisp': (184, 320), 'scale_to_full': (), 'feat_left': (128, 184, 320)}
DONE: D:\Users\dust\Documents\학교\2026년도1학기\컴퓨터비전\실습\FoundationStereo\experiments\ds_v1_seed0/minimal_interior_v03\fs
features.npz 저장: {'pre_conf': (184, 320), 'pre_entropy': (184, 320), 'pre_argdisp': (184, 320), 'post_conf': (184, 320), 'post_entropy': (184, 320), 'post_argdisp': (184, 320), 'scale_to_full': (), 'feat_left': (128, 184, 320)}
DONE: D:\Users\dust\Documents\학교\2026년도1학기\컴퓨터비전\실습\FoundationStereo\experiments\ds_v1_seed0/scandinavian_v03\fs
features.npz 저장: {'pre_conf': (184, 320), 'pre_entropy': (184, 320), 'pre_argdisp': (184, 320), 'post_conf': (184, 320), 'post_entropy': (184, 320), 'post_argdisp': (184, 320), 'scale_to_full': (), 'feat_left': (128, 184, 320)}
DONE: D:\Users\dust\Documents\학교\2026년도1학기\컴퓨터비전\실습\FoundationStereo\experiments\ds_v1_seed0/sunlight_v03\fs
features.npz 저장: {'pre_conf': (184, 320), 'pre_entropy': (184, 320), 'pre_argdisp': (184, 320), 'post_conf': (184, 320), 'post_entropy': (184, 320), 'post_argdisp': (184, 320), 'scale_to_full': (), 'feat_left': (128, 184, 320)}
DONE: D:\Users\dust\Documents\학교\2026년도1학기\컴퓨터비전\실습\FoundationStereo\experiments\ds_v1_seed0/terrazzo_v03\fs
features.npz 저장: {'pre_conf': (184, 320), 'pre_entropy': (184, 320), 'pre_argdisp': (184, 320), 'post_conf': (184, 320), 'post_entropy': (184, 320), 'post_argdisp': (184, 320), 'scale_to_full': (), 'feat_left': (128, 184, 320)}
DONE: D:\Users\dust\Documents\학교\2026년도1학기\컴퓨터비전\실습\FoundationStereo\experiments\ds_v2_seed1/bedroom_v03\fs
features.npz 저장: {'pre_conf': (184, 320), 'pre_entropy': (184, 320), 'pre_argdisp': (184, 320), 'post_conf': (184, 320), 'post_entropy': (184, 320), 'post_argdisp': (184, 320), 'scale_to_full': (), 'feat_left': (128, 184, 320)}
DONE: D:\Users\dust\Documents\학교\2026년도1학기\컴퓨터비전\실습\FoundationStereo\experiments\ds_v2_seed1/blue_bathroom_v03\fs
features.npz 저장: {'pre_conf': (184, 320), 'pre_entropy': (184, 320), 'pre_argdisp': (184, 320), 'post_conf': (184, 320), 'post_entropy': (184, 320), 'post_argdisp': (184, 320), 'scale_to_full': (), 'feat_left': (128, 184, 320)}
DONE: D:\Users\dust\Documents\학교\2026년도1학기\컴퓨터비전\실습\FoundationStereo\experiments\ds_v2_seed1/computer_room_v03\fs
features.npz 저장: {'pre_conf': (184, 320), 'pre_entropy': (184, 320), 'pre_argdisp': (184, 320), 'post_conf': (184, 320), 'post_entropy': (184, 320), 'post_argdisp': (184, 320), 'scale_to_full': (), 'feat_left': (128, 184, 320)}
DONE: D:\Users\dust\Documents\학교\2026년도1학기\컴퓨터비전\실습\FoundationStereo\experiments\ds_v2_seed1/green_house_v03\fs
features.npz 저장: {'pre_conf': (184, 320), 'pre_entropy': (184, 320), 'pre_argdisp': (184, 320), 'post_conf': (184, 320), 'post_entropy': (184, 320), 'post_argdisp': (184, 320), 'scale_to_full': (), 'feat_left': (128, 184, 320)}
DONE: D:\Users\dust\Documents\학교\2026년도1학기\컴퓨터비전\실습\FoundationStereo\experiments\ds_v2_seed1/gym_v03\fs
features.npz 저장: {'pre_conf': (184, 320), 'pre_entropy': (184, 320), 'pre_argdisp': (184, 320), 'post_conf': (184, 320), 'post_entropy': (184, 320), 'post_argdisp': (184, 320), 'scale_to_full': (), 'feat_left': (128, 184, 320)}
DONE: D:\Users\dust\Documents\학교\2026년도1학기\컴퓨터비전\실습\FoundationStereo\experiments\ds_v2_seed1/living_room_contemp_v03\fs
features.npz 저장: {'pre_conf': (184, 320), 'pre_entropy': (184, 320), 'pre_argdisp': (184, 320), 'post_conf': (184, 320), 'post_entropy': (184, 320), 'post_argdisp': (184, 320), 'scale_to_full': (), 'feat_left': (128, 184, 320)}
DONE: D:\Users\dust\Documents\학교\2026년도1학기\컴퓨터비전\실습\FoundationStereo\experiments\ds_v2_seed1/livingroom_v03\fs
features.npz 저장: {'pre_conf': (184, 320), 'pre_entropy': (184, 320), 'pre_argdisp': (184, 320), 'post_conf': (184, 320), 'post_entropy': (184, 320), 'post_argdisp': (184, 320), 'scale_to_full': (), 'feat_left': (128, 184, 320)}
DONE: D:\Users\dust\Documents\학교\2026년도1학기\컴퓨터비전\실습\FoundationStereo\experiments\ds_v2_seed1/minigym_v03\fs
features.npz 저장: {'pre_conf': (184, 320), 'pre_entropy': (184, 320), 'pre_argdisp': (184, 320), 'post_conf': (184, 320), 'post_entropy': (184, 320), 'post_argdisp': (184, 320), 'scale_to_full': (), 'feat_left': (128, 184, 320)}
DONE: D:\Users\dust\Documents\학교\2026년도1학기\컴퓨터비전\실습\FoundationStereo\experiments\ds_v2_seed1/minimal_interior_v03\fs
features.npz 저장: {'pre_conf': (184, 320), 'pre_entropy': (184, 320), 'pre_argdisp': (184, 320), 'post_conf': (184, 320), 'post_entropy': (184, 320), 'post_argdisp': (184, 320), 'scale_to_full': (), 'feat_left': (128, 184, 320)}
DONE: D:\Users\dust\Documents\학교\2026년도1학기\컴퓨터비전\실습\FoundationStereo\experiments\ds_v2_seed1/scandinavian_v03\fs
features.npz 저장: {'pre_conf': (184, 320), 'pre_entropy': (184, 320), 'pre_argdisp': (184, 320), 'post_conf': (184, 320), 'post_entropy': (184, 320), 'post_argdisp': (184, 320), 'scale_to_full': (), 'feat_left': (128, 184, 320)}
DONE: D:\Users\dust\Documents\학교\2026년도1학기\컴퓨터비전\실습\FoundationStereo\experiments\ds_v2_seed1/sunlight_v03\fs
features.npz 저장: {'pre_conf': (184, 320), 'pre_entropy': (184, 320), 'pre_argdisp': (184, 320), 'post_conf': (184, 320), 'post_entropy': (184, 320), 'post_argdisp': (184, 320), 'scale_to_full': (), 'feat_left': (128, 184, 320)}
DONE: D:\Users\dust\Documents\학교\2026년도1학기\컴퓨터비전\실습\FoundationStereo\experiments\ds_v2_seed1/terrazzo_v03\fs
features.npz 저장: {'pre_conf': (184, 320), 'pre_entropy': (184, 320), 'pre_argdisp': (184, 320), 'post_conf': (184, 320), 'post_entropy': (184, 320), 'post_argdisp': (184, 320), 'scale_to_full': (), 'feat_left': (128, 184, 320)}
DONE: D:\Users\dust\Documents\학교\2026년도1학기\컴퓨터비전\실습\FoundationStereo\experiments\ds_v1_seed0/bedroom_v04\fs
features.npz 저장: {'pre_conf': (184, 320), 'pre_entropy': (184, 320), 'pre_argdisp': (184, 320), 'post_conf': (184, 320), 'post_entropy': (184, 320), 'post_argdisp': (184, 320), 'scale_to_full': (), 'feat_left': (128, 184, 320)}
DONE: D:\Users\dust\Documents\학교\2026년도1학기\컴퓨터비전\실습\FoundationStereo\experiments\ds_v1_seed0/blue_bathroom_v04\fs
features.npz 저장: {'pre_conf': (184, 320), 'pre_entropy': (184, 320), 'pre_argdisp': (184, 320), 'post_conf': (184, 320), 'post_entropy': (184, 320), 'post_argdisp': (184, 320), 'scale_to_full': (), 'feat_left': (128, 184, 320)}
DONE: D:\Users\dust\Documents\학교\2026년도1학기\컴퓨터비전\실습\FoundationStereo\experiments\ds_v1_seed0/computer_room_v04\fs
features.npz 저장: {'pre_conf': (184, 320), 'pre_entropy': (184, 320), 'pre_argdisp': (184, 320), 'post_conf': (184, 320), 'post_entropy': (184, 320), 'post_argdisp': (184, 320), 'scale_to_full': (), 'feat_left': (128, 184, 320)}
DONE: D:\Users\dust\Documents\학교\2026년도1학기\컴퓨터비전\실습\FoundationStereo\experiments\ds_v1_seed0/green_house_v04\fs
[fs_server] 100/1537 (done 100, skip 0, fail 0) 2.6s/view, ETA 63m
features.npz 저장: {'pre_conf': (184, 320), 'pre_entropy': (184, 320), 'pre_argdisp': (184, 320), 'post_conf': (184, 320), 'post_entropy': (184, 320), 'post_argdisp': (184, 320), 'scale_to_full': (), 'feat_left': (128, 184, 320)}
DONE: D:\Users\dust\Documents\학교\2026년도1학기\컴퓨터비전\실습\FoundationStereo\experiments\ds_v1_seed0/gym_v04\fs
features.npz 저장: {'pre_conf': (184, 320), 'pre_entropy': (184, 320), 'pre_argdisp': (184, 320), 'post_conf': (184, 320), 'post_entropy': (184, 320), 'post_argdisp': (184, 320), 'scale_to_full': (), 'feat_left': (128, 184, 320)}
DONE: D:\Users\dust\Documents\학교\2026년도1학기\컴퓨터비전\실습\FoundationStereo\experiments\ds_v1_seed0/living_room_contemp_v04\fs
features.npz 저장: {'pre_conf': (184, 320), 'pre_entropy': (184, 320), 'pre_argdisp': (184, 320), 'post_conf': (184, 320), 'post_entropy': (184, 320), 'post_argdisp': (184, 320), 'scale_to_full': (), 'feat_left': (128, 184, 320)}
DONE: D:\Users\dust\Documents\학교\2026년도1학기\컴퓨터비전\실습\FoundationStereo\experiments\ds_v1_seed0/livingroom_v04\fs
features.npz 저장: {'pre_conf': (184, 320), 'pre_entropy': (184, 320), 'pre_argdisp': (184, 320), 'post_conf': (184, 320), 'post_entropy': (184, 320), 'post_argdisp': (184, 320), 'scale_to_full': (), 'feat_left': (128, 184, 320)}
DONE: D:\Users\dust\Documents\학교\2026년도1학기\컴퓨터비전\실습\FoundationStereo\experiments\ds_v1_seed0/minigym_v04\fs
features.npz 저장: {'pre_conf': (184, 320), 'pre_entropy': (184, 320), 'pre_argdisp': (184, 320), 'post_conf': (184, 320), 'post_entropy': (184, 320), 'post_argdisp': (184, 320), 'scale_to_full': (), 'feat_left': (128, 184, 320)}
DONE: D:\Users\dust\Documents\학교\2026년도1학기\컴퓨터비전\실습\FoundationStereo\experiments\ds_v1_seed0/minimal_interior_v04\fs
features.npz 저장: {'pre_conf': (184, 320), 'pre_entropy': (184, 320), 'pre_argdisp': (184, 320), 'post_conf': (184, 320), 'post_entropy': (184, 320), 'post_argdisp': (184, 320), 'scale_to_full': (), 'feat_left': (128, 184, 320)}
DONE: D:\Users\dust\Documents\학교\2026년도1학기\컴퓨터비전\실습\FoundationStereo\experiments\ds_v1_seed0/scandinavian_v04\fs
features.npz 저장: {'pre_conf': (184, 320), 'pre_entropy': (184, 320), 'pre_argdisp': (184, 320), 'post_conf': (184, 320), 'post_entropy': (184, 320), 'post_argdisp': (184, 320), 'scale_to_full': (), 'feat_left': (128, 184, 320)}
DONE: D:\Users\dust\Documents\학교\2026년도1학기\컴퓨터비전\실습\FoundationStereo\experiments\ds_v1_seed0/sunlight_v04\fs
features.npz 저장: {'pre_conf': (184, 320), 'pre_entropy': (184, 320), 'pre_argdisp': (184, 320), 'post_conf': (184, 320), 'post_entropy': (184, 320), 'post_argdisp': (184, 320), 'scale_to_full': (), 'feat_left': (128, 184, 320)}
DONE: D:\Users\dust\Documents\학교\2026년도1학기\컴퓨터비전\실습\FoundationStereo\experiments\ds_v1_seed0/terrazzo_v04\fs
features.npz 저장: {'pre_conf': (184, 320), 'pre_entropy': (184, 320), 'pre_argdisp': (184, 320), 'post_conf': (184, 320), 'post_entropy': (184, 320), 'post_argdisp': (184, 320), 'scale_to_full': (), 'feat_left': (128, 184, 320)}
DONE: D:\Users\dust\Documents\학교\2026년도1학기\컴퓨터비전\실습\FoundationStereo\experiments\ds_v2_seed1/bedroom_v04\fs
features.npz 저장: {'pre_conf': (184, 320), 'pre_entropy': (184, 320), 'pre_argdisp': (184, 320), 'post_conf': (184, 320), 'post_entropy': (184, 320), 'post_argdisp': (184, 320), 'scale_to_full': (), 'feat_left': (128, 184, 320)}
DONE: D:\Users\dust\Documents\학교\2026년도1학기\컴퓨터비전\실습\FoundationStereo\experiments\ds_v2_seed1/blue_bathroom_v04\fs
features.npz 저장: {'pre_conf': (184, 320), 'pre_entropy': (184, 320), 'pre_argdisp': (184, 320), 'post_conf': (184, 320), 'post_entropy': (184, 320), 'post_argdisp': (184, 320), 'scale_to_full': (), 'feat_left': (128, 184, 320)}
DONE: D:\Users\dust\Documents\학교\2026년도1학기\컴퓨터비전\실습\FoundationStereo\experiments\ds_v2_seed1/computer_room_v04\fs
features.npz 저장: {'pre_conf': (184, 320), 'pre_entropy': (184, 320), 'pre_argdisp': (184, 320), 'post_conf': (184, 320), 'post_entropy': (184, 320), 'post_argdisp': (184, 320), 'scale_to_full': (), 'feat_left': (128, 184, 320)}
DONE: D:\Users\dust\Documents\학교\2026년도1학기\컴퓨터비전\실습\FoundationStereo\experiments\ds_v2_seed1/green_house_v04\fs
features.npz 저장: {'pre_conf': (184, 320), 'pre_entropy': (184, 320), 'pre_argdisp': (184, 320), 'post_conf': (184, 320), 'post_entropy': (184, 320), 'post_argdisp': (184, 320), 'scale_to_full': (), 'feat_left': (128, 184, 320)}
DONE: D:\Users\dust\Documents\학교\2026년도1학기\컴퓨터비전\실습\FoundationStereo\experiments\ds_v2_seed1/gym_v04\fs
features.npz 저장: {'pre_conf': (184, 320), 'pre_entropy': (184, 320), 'pre_argdisp': (184, 320), 'post_conf': (184, 320), 'post_entropy': (184, 320), 'post_argdisp': (184, 320), 'scale_to_full': (), 'feat_left': (128, 184, 320)}
DONE: D:\Users\dust\Documents\학교\2026년도1학기\컴퓨터비전\실습\FoundationStereo\experiments\ds_v2_seed1/living_room_contemp_v04\fs
features.npz 저장: {'pre_conf': (184, 320), 'pre_entropy': (184, 320), 'pre_argdisp': (184, 320), 'post_conf': (184, 320), 'post_entropy': (184, 320), 'post_argdisp': (184, 320), 'scale_to_full': (), 'feat_left': (128, 184, 320)}
DONE: D:\Users\dust\Documents\학교\2026년도1학기\컴퓨터비전\실습\FoundationStereo\experiments\ds_v2_seed1/livingroom_v04\fs
features.npz 저장: {'pre_conf': (184, 320), 'pre_entropy': (184, 320), 'pre_argdisp': (184, 320), 'post_conf': (184, 320), 'post_entropy': (184, 320), 'post_argdisp': (184, 320), 'scale_to_full': (), 'feat_left': (128, 184, 320)}
DONE: D:\Users\dust\Documents\학교\2026년도1학기\컴퓨터비전\실습\FoundationStereo\experiments\ds_v2_seed1/minigym_v04\fs
features.npz 저장: {'pre_conf': (184, 320), 'pre_entropy': (184, 320), 'pre_argdisp': (184, 320), 'post_conf': (184, 320), 'post_entropy': (184, 320), 'post_argdisp': (184, 320), 'scale_to_full': (), 'feat_left': (128, 184, 320)}
DONE: D:\Users\dust\Documents\학교\2026년도1학기\컴퓨터비전\실습\FoundationStereo\experiments\ds_v2_seed1/minimal_interior_v04\fs
features.npz 저장: {'pre_conf': (184, 320), 'pre_entropy': (184, 320), 'pre_argdisp': (184, 320), 'post_conf': (184, 320), 'post_entropy': (184, 320), 'post_argdisp': (184, 320), 'scale_to_full': (), 'feat_left': (128, 184, 320)}
DONE: D:\Users\dust\Documents\학교\2026년도1학기\컴퓨터비전\실습\FoundationStereo\experiments\ds_v2_seed1/scandinavian_v04\fs
features.npz 저장: {'pre_conf': (184, 320), 'pre_entropy': (184, 320), 'pre_argdisp': (184, 320), 'post_conf': (184, 320), 'post_entropy': (184, 320), 'post_argdisp': (184, 320), 'scale_to_full': (), 'feat_left': (128, 184, 320)}
DONE: D:\Users\dust\Documents\학교\2026년도1학기\컴퓨터비전\실습\FoundationStereo\experiments\ds_v2_seed1/sunlight_v04\fs
features.npz 저장: {'pre_conf': (184, 320), 'pre_entropy': (184, 320), 'pre_argdisp': (184, 320), 'post_conf': (184, 320), 'post_entropy': (184, 320), 'post_argdisp': (184, 320), 'scale_to_full': (), 'feat_left': (128, 184, 320)}
DONE: D:\Users\dust\Documents\학교\2026년도1학기\컴퓨터비전\실습\FoundationStereo\experiments\ds_v2_seed1/terrazzo_v04\fs
[fs_server] 120/1537 (done 120, skip 0, fail 0) 2.6s/view, ETA 62m
features.npz 저장: {'pre_conf': (184, 320), 'pre_entropy': (184, 320), 'pre_argdisp': (184, 320), 'post_conf': (184, 320), 'post_entropy': (184, 320), 'post_argdisp': (184, 320), 'scale_to_full': (), 'feat_left': (128, 184, 320)}
DONE: D:\Users\dust\Documents\학교\2026년도1학기\컴퓨터비전\실습\FoundationStereo\experiments\ds_v1_seed0/bedroom_v05\fs
features.npz 저장: {'pre_conf': (184, 320), 'pre_entropy': (184, 320), 'pre_argdisp': (184, 320), 'post_conf': (184, 320), 'post_entropy': (184, 320), 'post_argdisp': (184, 320), 'scale_to_full': (), 'feat_left': (128, 184, 320)}
DONE: D:\Users\dust\Documents\학교\2026년도1학기\컴퓨터비전\실습\FoundationStereo\experiments\ds_v1_seed0/blue_bathroom_v05\fs
features.npz 저장: {'pre_conf': (184, 320), 'pre_entropy': (184, 320), 'pre_argdisp': (184, 320), 'post_conf': (184, 320), 'post_entropy': (184, 320), 'post_argdisp': (184, 320), 'scale_to_full': (), 'feat_left': (128, 184, 320)}
DONE: D:\Users\dust\Documents\학교\2026년도1학기\컴퓨터비전\실습\FoundationStereo\experiments\ds_v1_seed0/computer_room_v05\fs
features.npz 저장: {'pre_conf': (184, 320), 'pre_entropy': (184, 320), 'pre_argdisp': (184, 320), 'post_conf': (184, 320), 'post_entropy': (184, 320), 'post_argdisp': (184, 320), 'scale_to_full': (), 'feat_left': (128, 184, 320)}
DONE: D:\Users\dust\Documents\학교\2026년도1학기\컴퓨터비전\실습\FoundationStereo\experiments\ds_v1_seed0/green_house_v05\fs
features.npz 저장: {'pre_conf': (184, 320), 'pre_entropy': (184, 320), 'pre_argdisp': (184, 320), 'post_conf': (184, 320), 'post_entropy': (184, 320), 'post_argdisp': (184, 320), 'scale_to_full': (), 'feat_left': (128, 184, 320)}
DONE: D:\Users\dust\Documents\학교\2026년도1학기\컴퓨터비전\실습\FoundationStereo\experiments\ds_v1_seed0/gym_v05\fs
features.npz 저장: {'pre_conf': (184, 320), 'pre_entropy': (184, 320), 'pre_argdisp': (184, 320), 'post_conf': (184, 320), 'post_entropy': (184, 320), 'post_argdisp': (184, 320), 'scale_to_full': (), 'feat_left': (128, 184, 320)}
DONE: D:\Users\dust\Documents\학교\2026년도1학기\컴퓨터비전\실습\FoundationStereo\experiments\ds_v1_seed0/living_room_contemp_v05\fs
features.npz 저장: {'pre_conf': (184, 320), 'pre_entropy': (184, 320), 'pre_argdisp': (184, 320), 'post_conf': (184, 320), 'post_entropy': (184, 320), 'post_argdisp': (184, 320), 'scale_to_full': (), 'feat_left': (128, 184, 320)}
DONE: D:\Users\dust\Documents\학교\2026년도1학기\컴퓨터비전\실습\FoundationStereo\experiments\ds_v1_seed0/livingroom_v05\fs
features.npz 저장: {'pre_conf': (184, 320), 'pre_entropy': (184, 320), 'pre_argdisp': (184, 320), 'post_conf': (184, 320), 'post_entropy': (184, 320), 'post_argdisp': (184, 320), 'scale_to_full': (), 'feat_left': (128, 184, 320)}
DONE: D:\Users\dust\Documents\학교\2026년도1학기\컴퓨터비전\실습\FoundationStereo\experiments\ds_v1_seed0/minigym_v05\fs
features.npz 저장: {'pre_conf': (184, 320), 'pre_entropy': (184, 320), 'pre_argdisp': (184, 320), 'post_conf': (184, 320), 'post_entropy': (184, 320), 'post_argdisp': (184, 320), 'scale_to_full': (), 'feat_left': (128, 184, 320)}
DONE: D:\Users\dust\Documents\학교\2026년도1학기\컴퓨터비전\실습\FoundationStereo\experiments\ds_v1_seed0/minimal_interior_v05\fs
features.npz 저장: {'pre_conf': (184, 320), 'pre_entropy': (184, 320), 'pre_argdisp': (184, 320), 'post_conf': (184, 320), 'post_entropy': (184, 320), 'post_argdisp': (184, 320), 'scale_to_full': (), 'feat_left': (128, 184, 320)}
DONE: D:\Users\dust\Documents\학교\2026년도1학기\컴퓨터비전\실습\FoundationStereo\experiments\ds_v1_seed0/scandinavian_v05\fs
features.npz 저장: {'pre_conf': (184, 320), 'pre_entropy': (184, 320), 'pre_argdisp': (184, 320), 'post_conf': (184, 320), 'post_entropy': (184, 320), 'post_argdisp': (184, 320), 'scale_to_full': (), 'feat_left': (128, 184, 320)}
DONE: D:\Users\dust\Documents\학교\2026년도1학기\컴퓨터비전\실습\FoundationStereo\experiments\ds_v1_seed0/sunlight_v05\fs
features.npz 저장: {'pre_conf': (184, 320), 'pre_entropy': (184, 320), 'pre_argdisp': (184, 320), 'post_conf': (184, 320), 'post_entropy': (184, 320), 'post_argdisp': (184, 320), 'scale_to_full': (), 'feat_left': (128, 184, 320)}
DONE: D:\Users\dust\Documents\학교\2026년도1학기\컴퓨터비전\실습\FoundationStereo\experiments\ds_v1_seed0/terrazzo_v05\fs
features.npz 저장: {'pre_conf': (184, 320), 'pre_entropy': (184, 320), 'pre_argdisp': (184, 320), 'post_conf': (184, 320), 'post_entropy': (184, 320), 'post_argdisp': (184, 320), 'scale_to_full': (), 'feat_left': (128, 184, 320)}
DONE: D:\Users\dust\Documents\학교\2026년도1학기\컴퓨터비전\실습\FoundationStereo\experiments\ds_v2_seed1/bedroom_v05\fs
features.npz 저장: {'pre_conf': (184, 320), 'pre_entropy': (184, 320), 'pre_argdisp': (184, 320), 'post_conf': (184, 320), 'post_entropy': (184, 320), 'post_argdisp': (184, 320), 'scale_to_full': (), 'feat_left': (128, 184, 320)}
DONE: D:\Users\dust\Documents\학교\2026년도1학기\컴퓨터비전\실습\FoundationStereo\experiments\ds_v2_seed1/blue_bathroom_v05\fs
features.npz 저장: {'pre_conf': (184, 320), 'pre_entropy': (184, 320), 'pre_argdisp': (184, 320), 'post_conf': (184, 320), 'post_entropy': (184, 320), 'post_argdisp': (184, 320), 'scale_to_full': (), 'feat_left': (128, 184, 320)}
DONE: D:\Users\dust\Documents\학교\2026년도1학기\컴퓨터비전\실습\FoundationStereo\experiments\ds_v2_seed1/computer_room_v05\fs
features.npz 저장: {'pre_conf': (184, 320), 'pre_entropy': (184, 320), 'pre_argdisp': (184, 320), 'post_conf': (184, 320), 'post_entropy': (184, 320), 'post_argdisp': (184, 320), 'scale_to_full': (), 'feat_left': (128, 184, 320)}
DONE: D:\Users\dust\Documents\학교\2026년도1학기\컴퓨터비전\실습\FoundationStereo\experiments\ds_v2_seed1/green_house_v05\fs
features.npz 저장: {'pre_conf': (184, 320), 'pre_entropy': (184, 320), 'pre_argdisp': (184, 320), 'post_conf': (184, 320), 'post_entropy': (184, 320), 'post_argdisp': (184, 320), 'scale_to_full': (), 'feat_left': (128, 184, 320)}
DONE: D:\Users\dust\Documents\학교\2026년도1학기\컴퓨터비전\실습\FoundationStereo\experiments\ds_v2_seed1/gym_v05\fs
features.npz 저장: {'pre_conf': (184, 320), 'pre_entropy': (184, 320), 'pre_argdisp': (184, 320), 'post_conf': (184, 320), 'post_entropy': (184, 320), 'post_argdisp': (184, 320), 'scale_to_full': (), 'feat_left': (128, 184, 320)}
DONE: D:\Users\dust\Documents\학교\2026년도1학기\컴퓨터비전\실습\FoundationStereo\experiments\ds_v2_seed1/living_room_contemp_v05\fs
features.npz 저장: {'pre_conf': (184, 320), 'pre_entropy': (184, 320), 'pre_argdisp': (184, 320), 'post_conf': (184, 320), 'post_entropy': (184, 320), 'post_argdisp': (184, 320), 'scale_to_full': (), 'feat_left': (128, 184, 320)}
DONE: D:\Users\dust\Documents\학교\2026년도1학기\컴퓨터비전\실습\FoundationStereo\experiments\ds_v2_seed1/livingroom_v05\fs
features.npz 저장: {'pre_conf': (184, 320), 'pre_entropy': (184, 320), 'pre_argdisp': (184, 320), 'post_conf': (184, 320), 'post_entropy': (184, 320), 'post_argdisp': (184, 320), 'scale_to_full': (), 'feat_left': (128, 184, 320)}
DONE: D:\Users\dust\Documents\학교\2026년도1학기\컴퓨터비전\실습\FoundationStereo\experiments\ds_v2_seed1/minigym_v05\fs
[fs_server] 140/1537 (done 140, skip 0, fail 0) 2.6s/view, ETA 61m
features.npz 저장: {'pre_conf': (184, 320), 'pre_entropy': (184, 320), 'pre_argdisp': (184, 320), 'post_conf': (184, 320), 'post_entropy': (184, 320), 'post_argdisp': (184, 320), 'scale_to_full': (), 'feat_left': (128, 184, 320)}
DONE: D:\Users\dust\Documents\학교\2026년도1학기\컴퓨터비전\실습\FoundationStereo\experiments\ds_v2_seed1/minimal_interior_v05\fs
features.npz 저장: {'pre_conf': (184, 320), 'pre_entropy': (184, 320), 'pre_argdisp': (184, 320), 'post_conf': (184, 320), 'post_entropy': (184, 320), 'post_argdisp': (184, 320), 'scale_to_full': (), 'feat_left': (128, 184, 320)}
DONE: D:\Users\dust\Documents\학교\2026년도1학기\컴퓨터비전\실습\FoundationStereo\experiments\ds_v2_seed1/scandinavian_v05\fs
features.npz 저장: {'pre_conf': (184, 320), 'pre_entropy': (184, 320), 'pre_argdisp': (184, 320), 'post_conf': (184, 320), 'post_entropy': (184, 320), 'post_argdisp': (184, 320), 'scale_to_full': (), 'feat_left': (128, 184, 320)}
DONE: D:\Users\dust\Documents\학교\2026년도1학기\컴퓨터비전\실습\FoundationStereo\experiments\ds_v2_seed1/sunlight_v05\fs
features.npz 저장: {'pre_conf': (184, 320), 'pre_entropy': (184, 320), 'pre_argdisp': (184, 320), 'post_conf': (184, 320), 'post_entropy': (184, 320), 'post_argdisp': (184, 320), 'scale_to_full': (), 'feat_left': (128, 184, 320)}
DONE: D:\Users\dust\Documents\학교\2026년도1학기\컴퓨터비전\실습\FoundationStereo\experiments\ds_v2_seed1/terrazzo_v05\fs
features.npz 저장: {'pre_conf': (184, 320), 'pre_entropy': (184, 320), 'pre_argdisp': (184, 320), 'post_conf': (184, 320), 'post_entropy': (184, 320), 'post_argdisp': (184, 320), 'scale_to_full': (), 'feat_left': (128, 184, 320)}
DONE: D:\Users\dust\Documents\학교\2026년도1학기\컴퓨터비전\실습\FoundationStereo\experiments\ds_v1_seed0/bedroom_v06\fs
features.npz 저장: {'pre_conf': (184, 320), 'pre_entropy': (184, 320), 'pre_argdisp': (184, 320), 'post_conf': (184, 320), 'post_entropy': (184, 320), 'post_argdisp': (184, 320), 'scale_to_full': (), 'feat_left': (128, 184, 320)}
DONE: D:\Users\dust\Documents\학교\2026년도1학기\컴퓨터비전\실습\FoundationStereo\experiments\ds_v1_seed0/blue_bathroom_v06\fs
features.npz 저장: {'pre_conf': (184, 320), 'pre_entropy': (184, 320), 'pre_argdisp': (184, 320), 'post_conf': (184, 320), 'post_entropy': (184, 320), 'post_argdisp': (184, 320), 'scale_to_full': (), 'feat_left': (128, 184, 320)}
DONE: D:\Users\dust\Documents\학교\2026년도1학기\컴퓨터비전\실습\FoundationStereo\experiments\ds_v1_seed0/computer_room_v06\fs
features.npz 저장: {'pre_conf': (184, 320), 'pre_entropy': (184, 320), 'pre_argdisp': (184, 320), 'post_conf': (184, 320), 'post_entropy': (184, 320), 'post_argdisp': (184, 320), 'scale_to_full': (), 'feat_left': (128, 184, 320)}
DONE: D:\Users\dust\Documents\학교\2026년도1학기\컴퓨터비전\실습\FoundationStereo\experiments\ds_v1_seed0/green_house_v06\fs
features.npz 저장: {'pre_conf': (184, 320), 'pre_entropy': (184, 320), 'pre_argdisp': (184, 320), 'post_conf': (184, 320), 'post_entropy': (184, 320), 'post_argdisp': (184, 320), 'scale_to_full': (), 'feat_left': (128, 184, 320)}
DONE: D:\Users\dust\Documents\학교\2026년도1학기\컴퓨터비전\실습\FoundationStereo\experiments\ds_v1_seed0/gym_v06\fs
features.npz 저장: {'pre_conf': (184, 320), 'pre_entropy': (184, 320), 'pre_argdisp': (184, 320), 'post_conf': (184, 320), 'post_entropy': (184, 320), 'post_argdisp': (184, 320), 'scale_to_full': (), 'feat_left': (128, 184, 320)}
DONE: D:\Users\dust\Documents\학교\2026년도1학기\컴퓨터비전\실습\FoundationStereo\experiments\ds_v1_seed0/living_room_contemp_v06\fs
features.npz 저장: {'pre_conf': (184, 320), 'pre_entropy': (184, 320), 'pre_argdisp': (184, 320), 'post_conf': (184, 320), 'post_entropy': (184, 320), 'post_argdisp': (184, 320), 'scale_to_full': (), 'feat_left': (128, 184, 320)}
DONE: D:\Users\dust\Documents\학교\2026년도1학기\컴퓨터비전\실습\FoundationStereo\experiments\ds_v1_seed0/livingroom_v06\fs
features.npz 저장: {'pre_conf': (184, 320), 'pre_entropy': (184, 320), 'pre_argdisp': (184, 320), 'post_conf': (184, 320), 'post_entropy': (184, 320), 'post_argdisp': (184, 320), 'scale_to_full': (), 'feat_left': (128, 184, 320)}
DONE: D:\Users\dust\Documents\학교\2026년도1학기\컴퓨터비전\실습\FoundationStereo\experiments\ds_v1_seed0/minigym_v06\fs
features.npz 저장: {'pre_conf': (184, 320), 'pre_entropy': (184, 320), 'pre_argdisp': (184, 320), 'post_conf': (184, 320), 'post_entropy': (184, 320), 'post_argdisp': (184, 320), 'scale_to_full': (), 'feat_left': (128, 184, 320)}
DONE: D:\Users\dust\Documents\학교\2026년도1학기\컴퓨터비전\실습\FoundationStereo\experiments\ds_v1_seed0/minimal_interior_v06\fs
features.npz 저장: {'pre_conf': (184, 320), 'pre_entropy': (184, 320), 'pre_argdisp': (184, 320), 'post_conf': (184, 320), 'post_entropy': (184, 320), 'post_argdisp': (184, 320), 'scale_to_full': (), 'feat_left': (128, 184, 320)}
DONE: D:\Users\dust\Documents\학교\2026년도1학기\컴퓨터비전\실습\FoundationStereo\experiments\ds_v1_seed0/scandinavian_v06\fs
features.npz 저장: {'pre_conf': (184, 320), 'pre_entropy': (184, 320), 'pre_argdisp': (184, 320), 'post_conf': (184, 320), 'post_entropy': (184, 320), 'post_argdisp': (184, 320), 'scale_to_full': (), 'feat_left': (128, 184, 320)}
DONE: D:\Users\dust\Documents\학교\2026년도1학기\컴퓨터비전\실습\FoundationStereo\experiments\ds_v1_seed0/sunlight_v06\fs
features.npz 저장: {'pre_conf': (184, 320), 'pre_entropy': (184, 320), 'pre_argdisp': (184, 320), 'post_conf': (184, 320), 'post_entropy': (184, 320), 'post_argdisp': (184, 320), 'scale_to_full': (), 'feat_left': (128, 184, 320)}
DONE: D:\Users\dust\Documents\학교\2026년도1학기\컴퓨터비전\실습\FoundationStereo\experiments\ds_v1_seed0/terrazzo_v06\fs
features.npz 저장: {'pre_conf': (184, 320), 'pre_entropy': (184, 320), 'pre_argdisp': (184, 320), 'post_conf': (184, 320), 'post_entropy': (184, 320), 'post_argdisp': (184, 320), 'scale_to_full': (), 'feat_left': (128, 184, 320)}
DONE: D:\Users\dust\Documents\학교\2026년도1학기\컴퓨터비전\실습\FoundationStereo\experiments\ds_v2_seed1/bedroom_v06\fs
features.npz 저장: {'pre_conf': (184, 320), 'pre_entropy': (184, 320), 'pre_argdisp': (184, 320), 'post_conf': (184, 320), 'post_entropy': (184, 320), 'post_argdisp': (184, 320), 'scale_to_full': (), 'feat_left': (128, 184, 320)}
DONE: D:\Users\dust\Documents\학교\2026년도1학기\컴퓨터비전\실습\FoundationStereo\experiments\ds_v2_seed1/blue_bathroom_v06\fs
features.npz 저장: {'pre_conf': (184, 320), 'pre_entropy': (184, 320), 'pre_argdisp': (184, 320), 'post_conf': (184, 320), 'post_entropy': (184, 320), 'post_argdisp': (184, 320), 'scale_to_full': (), 'feat_left': (128, 184, 320)}
DONE: D:\Users\dust\Documents\학교\2026년도1학기\컴퓨터비전\실습\FoundationStereo\experiments\ds_v2_seed1/computer_room_v06\fs
features.npz 저장: {'pre_conf': (184, 320), 'pre_entropy': (184, 320), 'pre_argdisp': (184, 320), 'post_conf': (184, 320), 'post_entropy': (184, 320), 'post_argdisp': (184, 320), 'scale_to_full': (), 'feat_left': (128, 184, 320)}
DONE: D:\Users\dust\Documents\학교\2026년도1학기\컴퓨터비전\실습\FoundationStereo\experiments\ds_v2_seed1/green_house_v06\fs
[fs_server] 160/1537 (done 160, skip 0, fail 0) 2.6s/view, ETA 60m
features.npz 저장: {'pre_conf': (184, 320), 'pre_entropy': (184, 320), 'pre_argdisp': (184, 320), 'post_conf': (184, 320), 'post_entropy': (184, 320), 'post_argdisp': (184, 320), 'scale_to_full': (), 'feat_left': (128, 184, 320)}
DONE: D:\Users\dust\Documents\학교\2026년도1학기\컴퓨터비전\실습\FoundationStereo\experiments\ds_v2_seed1/gym_v06\fs
features.npz 저장: {'pre_conf': (184, 320), 'pre_entropy': (184, 320), 'pre_argdisp': (184, 320), 'post_conf': (184, 320), 'post_entropy': (184, 320), 'post_argdisp': (184, 320), 'scale_to_full': (), 'feat_left': (128, 184, 320)}
DONE: D:\Users\dust\Documents\학교\2026년도1학기\컴퓨터비전\실습\FoundationStereo\experiments\ds_v2_seed1/living_room_contemp_v06\fs
features.npz 저장: {'pre_conf': (184, 320), 'pre_entropy': (184, 320), 'pre_argdisp': (184, 320), 'post_conf': (184, 320), 'post_entropy': (184, 320), 'post_argdisp': (184, 320), 'scale_to_full': (), 'feat_left': (128, 184, 320)}
DONE: D:\Users\dust\Documents\학교\2026년도1학기\컴퓨터비전\실습\FoundationStereo\experiments\ds_v2_seed1/livingroom_v06\fs
features.npz 저장: {'pre_conf': (184, 320), 'pre_entropy': (184, 320), 'pre_argdisp': (184, 320), 'post_conf': (184, 320), 'post_entropy': (184, 320), 'post_argdisp': (184, 320), 'scale_to_full': (), 'feat_left': (128, 184, 320)}
DONE: D:\Users\dust\Documents\학교\2026년도1학기\컴퓨터비전\실습\FoundationStereo\experiments\ds_v2_seed1/minigym_v06\fs
features.npz 저장: {'pre_conf': (184, 320), 'pre_entropy': (184, 320), 'pre_argdisp': (184, 320), 'post_conf': (184, 320), 'post_entropy': (184, 320), 'post_argdisp': (184, 320), 'scale_to_full': (), 'feat_left': (128, 184, 320)}
DONE: D:\Users\dust\Documents\학교\2026년도1학기\컴퓨터비전\실습\FoundationStereo\experiments\ds_v2_seed1/minimal_interior_v06\fs
features.npz 저장: {'pre_conf': (184, 320), 'pre_entropy': (184, 320), 'pre_argdisp': (184, 320), 'post_conf': (184, 320), 'post_entropy': (184, 320), 'post_argdisp': (184, 320), 'scale_to_full': (), 'feat_left': (128, 184, 320)}
DONE: D:\Users\dust\Documents\학교\2026년도1학기\컴퓨터비전\실습\FoundationStereo\experiments\ds_v2_seed1/scandinavian_v06\fs
features.npz 저장: {'pre_conf': (184, 320), 'pre_entropy': (184, 320), 'pre_argdisp': (184, 320), 'post_conf': (184, 320), 'post_entropy': (184, 320), 'post_argdisp': (184, 320), 'scale_to_full': (), 'feat_left': (128, 184, 320)}
DONE: D:\Users\dust\Documents\학교\2026년도1학기\컴퓨터비전\실습\FoundationStereo\experiments\ds_v2_seed1/sunlight_v06\fs
features.npz 저장: {'pre_conf': (184, 320), 'pre_entropy': (184, 320), 'pre_argdisp': (184, 320), 'post_conf': (184, 320), 'post_entropy': (184, 320), 'post_argdisp': (184, 320), 'scale_to_full': (), 'feat_left': (128, 184, 320)}
DONE: D:\Users\dust\Documents\학교\2026년도1학기\컴퓨터비전\실습\FoundationStereo\experiments\ds_v2_seed1/terrazzo_v06\fs
features.npz 저장: {'pre_conf': (184, 320), 'pre_entropy': (184, 320), 'pre_argdisp': (184, 320), 'post_conf': (184, 320), 'post_entropy': (184, 320), 'post_argdisp': (184, 320), 'scale_to_full': (), 'feat_left': (128, 184, 320)}
DONE: D:\Users\dust\Documents\학교\2026년도1학기\컴퓨터비전\실습\FoundationStereo\experiments\ds_v1_seed0/bedroom_v07\fs
features.npz 저장: {'pre_conf': (184, 320), 'pre_entropy': (184, 320), 'pre_argdisp': (184, 320), 'post_conf': (184, 320), 'post_entropy': (184, 320), 'post_argdisp': (184, 320), 'scale_to_full': (), 'feat_left': (128, 184, 320)}
DONE: D:\Users\dust\Documents\학교\2026년도1학기\컴퓨터비전\실습\FoundationStereo\experiments\ds_v1_seed0/blue_bathroom_v07\fs
features.npz 저장: {'pre_conf': (184, 320), 'pre_entropy': (184, 320), 'pre_argdisp': (184, 320), 'post_conf': (184, 320), 'post_entropy': (184, 320), 'post_argdisp': (184, 320), 'scale_to_full': (), 'feat_left': (128, 184, 320)}
DONE: D:\Users\dust\Documents\학교\2026년도1학기\컴퓨터비전\실습\FoundationStereo\experiments\ds_v1_seed0/computer_room_v07\fs
features.npz 저장: {'pre_conf': (184, 320), 'pre_entropy': (184, 320), 'pre_argdisp': (184, 320), 'post_conf': (184, 320), 'post_entropy': (184, 320), 'post_argdisp': (184, 320), 'scale_to_full': (), 'feat_left': (128, 184, 320)}
DONE: D:\Users\dust\Documents\학교\2026년도1학기\컴퓨터비전\실습\FoundationStereo\experiments\ds_v1_seed0/green_house_v07\fs
features.npz 저장: {'pre_conf': (184, 320), 'pre_entropy': (184, 320), 'pre_argdisp': (184, 320), 'post_conf': (184, 320), 'post_entropy': (184, 320), 'post_argdisp': (184, 320), 'scale_to_full': (), 'feat_left': (128, 184, 320)}
DONE: D:\Users\dust\Documents\학교\2026년도1학기\컴퓨터비전\실습\FoundationStereo\experiments\ds_v1_seed0/gym_v07\fs
features.npz 저장: {'pre_conf': (184, 320), 'pre_entropy': (184, 320), 'pre_argdisp': (184, 320), 'post_conf': (184, 320), 'post_entropy': (184, 320), 'post_argdisp': (184, 320), 'scale_to_full': (), 'feat_left': (128, 184, 320)}
DONE: D:\Users\dust\Documents\학교\2026년도1학기\컴퓨터비전\실습\FoundationStereo\experiments\ds_v1_seed0/living_room_contemp_v07\fs
features.npz 저장: {'pre_conf': (184, 320), 'pre_entropy': (184, 320), 'pre_argdisp': (184, 320), 'post_conf': (184, 320), 'post_entropy': (184, 320), 'post_argdisp': (184, 320), 'scale_to_full': (), 'feat_left': (128, 184, 320)}
DONE: D:\Users\dust\Documents\학교\2026년도1학기\컴퓨터비전\실습\FoundationStereo\experiments\ds_v1_seed0/livingroom_v07\fs
features.npz 저장: {'pre_conf': (184, 320), 'pre_entropy': (184, 320), 'pre_argdisp': (184, 320), 'post_conf': (184, 320), 'post_entropy': (184, 320), 'post_argdisp': (184, 320), 'scale_to_full': (), 'feat_left': (128, 184, 320)}
DONE: D:\Users\dust\Documents\학교\2026년도1학기\컴퓨터비전\실습\FoundationStereo\experiments\ds_v1_seed0/minigym_v07\fs
features.npz 저장: {'pre_conf': (184, 320), 'pre_entropy': (184, 320), 'pre_argdisp': (184, 320), 'post_conf': (184, 320), 'post_entropy': (184, 320), 'post_argdisp': (184, 320), 'scale_to_full': (), 'feat_left': (128, 184, 320)}
DONE: D:\Users\dust\Documents\학교\2026년도1학기\컴퓨터비전\실습\FoundationStereo\experiments\ds_v1_seed0/minimal_interior_v07\fs
features.npz 저장: {'pre_conf': (184, 320), 'pre_entropy': (184, 320), 'pre_argdisp': (184, 320), 'post_conf': (184, 320), 'post_entropy': (184, 320), 'post_argdisp': (184, 320), 'scale_to_full': (), 'feat_left': (128, 184, 320)}
DONE: D:\Users\dust\Documents\학교\2026년도1학기\컴퓨터비전\실습\FoundationStereo\experiments\ds_v1_seed0/scandinavian_v07\fs
features.npz 저장: {'pre_conf': (184, 320), 'pre_entropy': (184, 320), 'pre_argdisp': (184, 320), 'post_conf': (184, 320), 'post_entropy': (184, 320), 'post_argdisp': (184, 320), 'scale_to_full': (), 'feat_left': (128, 184, 320)}
DONE: D:\Users\dust\Documents\학교\2026년도1학기\컴퓨터비전\실습\FoundationStereo\experiments\ds_v1_seed0/sunlight_v07\fs
features.npz 저장: {'pre_conf': (184, 320), 'pre_entropy': (184, 320), 'pre_argdisp': (184, 320), 'post_conf': (184, 320), 'post_entropy': (184, 320), 'post_argdisp': (184, 320), 'scale_to_full': (), 'feat_left': (128, 184, 320)}
DONE: D:\Users\dust\Documents\학교\2026년도1학기\컴퓨터비전\실습\FoundationStereo\experiments\ds_v1_seed0/terrazzo_v07\fs
[fs_server] 180/1537 (done 180, skip 0, fail 0) 2.6s/view, ETA 59m
features.npz 저장: {'pre_conf': (184, 320), 'pre_entropy': (184, 320), 'pre_argdisp': (184, 320), 'post_conf': (184, 320), 'post_entropy': (184, 320), 'post_argdisp': (184, 320), 'scale_to_full': (), 'feat_left': (128, 184, 320)}
DONE: D:\Users\dust\Documents\학교\2026년도1학기\컴퓨터비전\실습\FoundationStereo\experiments\ds_v2_seed1/bedroom_v07\fs
features.npz 저장: {'pre_conf': (184, 320), 'pre_entropy': (184, 320), 'pre_argdisp': (184, 320), 'post_conf': (184, 320), 'post_entropy': (184, 320), 'post_argdisp': (184, 320), 'scale_to_full': (), 'feat_left': (128, 184, 320)}
DONE: D:\Users\dust\Documents\학교\2026년도1학기\컴퓨터비전\실습\FoundationStereo\experiments\ds_v2_seed1/blue_bathroom_v07\fs
features.npz 저장: {'pre_conf': (184, 320), 'pre_entropy': (184, 320), 'pre_argdisp': (184, 320), 'post_conf': (184, 320), 'post_entropy': (184, 320), 'post_argdisp': (184, 320), 'scale_to_full': (), 'feat_left': (128, 184, 320)}
DONE: D:\Users\dust\Documents\학교\2026년도1학기\컴퓨터비전\실습\FoundationStereo\experiments\ds_v2_seed1/computer_room_v07\fs
features.npz 저장: {'pre_conf': (184, 320), 'pre_entropy': (184, 320), 'pre_argdisp': (184, 320), 'post_conf': (184, 320), 'post_entropy': (184, 320), 'post_argdisp': (184, 320), 'scale_to_full': (), 'feat_left': (128, 184, 320)}
DONE: D:\Users\dust\Documents\학교\2026년도1학기\컴퓨터비전\실습\FoundationStereo\experiments\ds_v2_seed1/green_house_v07\fs
features.npz 저장: {'pre_conf': (184, 320), 'pre_entropy': (184, 320), 'pre_argdisp': (184, 320), 'post_conf': (184, 320), 'post_entropy': (184, 320), 'post_argdisp': (184, 320), 'scale_to_full': (), 'feat_left': (128, 184, 320)}
DONE: D:\Users\dust\Documents\학교\2026년도1학기\컴퓨터비전\실습\FoundationStereo\experiments\ds_v2_seed1/gym_v07\fs
features.npz 저장: {'pre_conf': (184, 320), 'pre_entropy': (184, 320), 'pre_argdisp': (184, 320), 'post_conf': (184, 320), 'post_entropy': (184, 320), 'post_argdisp': (184, 320), 'scale_to_full': (), 'feat_left': (128, 184, 320)}
DONE: D:\Users\dust\Documents\학교\2026년도1학기\컴퓨터비전\실습\FoundationStereo\experiments\ds_v2_seed1/living_room_contemp_v07\fs
features.npz 저장: {'pre_conf': (184, 320), 'pre_entropy': (184, 320), 'pre_argdisp': (184, 320), 'post_conf': (184, 320), 'post_entropy': (184, 320), 'post_argdisp': (184, 320), 'scale_to_full': (), 'feat_left': (128, 184, 320)}
DONE: D:\Users\dust\Documents\학교\2026년도1학기\컴퓨터비전\실습\FoundationStereo\experiments\ds_v2_seed1/livingroom_v07\fs
features.npz 저장: {'pre_conf': (184, 320), 'pre_entropy': (184, 320), 'pre_argdisp': (184, 320), 'post_conf': (184, 320), 'post_entropy': (184, 320), 'post_argdisp': (184, 320), 'scale_to_full': (), 'feat_left': (128, 184, 320)}
DONE: D:\Users\dust\Documents\학교\2026년도1학기\컴퓨터비전\실습\FoundationStereo\experiments\ds_v2_seed1/minigym_v07\fs
features.npz 저장: {'pre_conf': (184, 320), 'pre_entropy': (184, 320), 'pre_argdisp': (184, 320), 'post_conf': (184, 320), 'post_entropy': (184, 320), 'post_argdisp': (184, 320), 'scale_to_full': (), 'feat_left': (128, 184, 320)}
DONE: D:\Users\dust\Documents\학교\2026년도1학기\컴퓨터비전\실습\FoundationStereo\experiments\ds_v2_seed1/minimal_interior_v07\fs
features.npz 저장: {'pre_conf': (184, 320), 'pre_entropy': (184, 320), 'pre_argdisp': (184, 320), 'post_conf': (184, 320), 'post_entropy': (184, 320), 'post_argdisp': (184, 320), 'scale_to_full': (), 'feat_left': (128, 184, 320)}
DONE: D:\Users\dust\Documents\학교\2026년도1학기\컴퓨터비전\실습\FoundationStereo\experiments\ds_v2_seed1/scandinavian_v07\fs
features.npz 저장: {'pre_conf': (184, 320), 'pre_entropy': (184, 320), 'pre_argdisp': (184, 320), 'post_conf': (184, 320), 'post_entropy': (184, 320), 'post_argdisp': (184, 320), 'scale_to_full': (), 'feat_left': (128, 184, 320)}
DONE: D:\Users\dust\Documents\학교\2026년도1학기\컴퓨터비전\실습\FoundationStereo\experiments\ds_v2_seed1/sunlight_v07\fs
features.npz 저장: {'pre_conf': (184, 320), 'pre_entropy': (184, 320), 'pre_argdisp': (184, 320), 'post_conf': (184, 320), 'post_entropy': (184, 320), 'post_argdisp': (184, 320), 'scale_to_full': (), 'feat_left': (128, 184, 320)}
DONE: D:\Users\dust\Documents\학교\2026년도1학기\컴퓨터비전\실습\FoundationStereo\experiments\ds_v2_seed1/terrazzo_v07\fs
features.npz 저장: {'pre_conf': (184, 320), 'pre_entropy': (184, 320), 'pre_argdisp': (184, 320), 'post_conf': (184, 320), 'post_entropy': (184, 320), 'post_argdisp': (184, 320), 'scale_to_full': (), 'feat_left': (128, 184, 320)}
DONE: D:\Users\dust\Documents\학교\2026년도1학기\컴퓨터비전\실습\FoundationStereo\experiments\ds_v1_seed0/bedroom_v08\fs
features.npz 저장: {'pre_conf': (184, 320), 'pre_entropy': (184, 320), 'pre_argdisp': (184, 320), 'post_conf': (184, 320), 'post_entropy': (184, 320), 'post_argdisp': (184, 320), 'scale_to_full': (), 'feat_left': (128, 184, 320)}
DONE: D:\Users\dust\Documents\학교\2026년도1학기\컴퓨터비전\실습\FoundationStereo\experiments\ds_v1_seed0/blue_bathroom_v08\fs
features.npz 저장: {'pre_conf': (184, 320), 'pre_entropy': (184, 320), 'pre_argdisp': (184, 320), 'post_conf': (184, 320), 'post_entropy': (184, 320), 'post_argdisp': (184, 320), 'scale_to_full': (), 'feat_left': (128, 184, 320)}
DONE: D:\Users\dust\Documents\학교\2026년도1학기\컴퓨터비전\실습\FoundationStereo\experiments\ds_v1_seed0/computer_room_v08\fs
features.npz 저장: {'pre_conf': (184, 320), 'pre_entropy': (184, 320), 'pre_argdisp': (184, 320), 'post_conf': (184, 320), 'post_entropy': (184, 320), 'post_argdisp': (184, 320), 'scale_to_full': (), 'feat_left': (128, 184, 320)}
DONE: D:\Users\dust\Documents\학교\2026년도1학기\컴퓨터비전\실습\FoundationStereo\experiments\ds_v1_seed0/green_house_v08\fs
features.npz 저장: {'pre_conf': (184, 320), 'pre_entropy': (184, 320), 'pre_argdisp': (184, 320), 'post_conf': (184, 320), 'post_entropy': (184, 320), 'post_argdisp': (184, 320), 'scale_to_full': (), 'feat_left': (128, 184, 320)}
DONE: D:\Users\dust\Documents\학교\2026년도1학기\컴퓨터비전\실습\FoundationStereo\experiments\ds_v1_seed0/gym_v08\fs
features.npz 저장: {'pre_conf': (184, 320), 'pre_entropy': (184, 320), 'pre_argdisp': (184, 320), 'post_conf': (184, 320), 'post_entropy': (184, 320), 'post_argdisp': (184, 320), 'scale_to_full': (), 'feat_left': (128, 184, 320)}
DONE: D:\Users\dust\Documents\학교\2026년도1학기\컴퓨터비전\실습\FoundationStereo\experiments\ds_v1_seed0/living_room_contemp_v08\fs
features.npz 저장: {'pre_conf': (184, 320), 'pre_entropy': (184, 320), 'pre_argdisp': (184, 320), 'post_conf': (184, 320), 'post_entropy': (184, 320), 'post_argdisp': (184, 320), 'scale_to_full': (), 'feat_left': (128, 184, 320)}
DONE: D:\Users\dust\Documents\학교\2026년도1학기\컴퓨터비전\실습\FoundationStereo\experiments\ds_v1_seed0/livingroom_v08\fs
features.npz 저장: {'pre_conf': (184, 320), 'pre_entropy': (184, 320), 'pre_argdisp': (184, 320), 'post_conf': (184, 320), 'post_entropy': (184, 320), 'post_argdisp': (184, 320), 'scale_to_full': (), 'feat_left': (128, 184, 320)}
DONE: D:\Users\dust\Documents\학교\2026년도1학기\컴퓨터비전\실습\FoundationStereo\experiments\ds_v1_seed0/minigym_v08\fs
[fs_server] 200/1537 (done 200, skip 0, fail 0) 2.6s/view, ETA 58m
features.npz 저장: {'pre_conf': (184, 320), 'pre_entropy': (184, 320), 'pre_argdisp': (184, 320), 'post_conf': (184, 320), 'post_entropy': (184, 320), 'post_argdisp': (184, 320), 'scale_to_full': (), 'feat_left': (128, 184, 320)}
DONE: D:\Users\dust\Documents\학교\2026년도1학기\컴퓨터비전\실습\FoundationStereo\experiments\ds_v1_seed0/minimal_interior_v08\fs
features.npz 저장: {'pre_conf': (184, 320), 'pre_entropy': (184, 320), 'pre_argdisp': (184, 320), 'post_conf': (184, 320), 'post_entropy': (184, 320), 'post_argdisp': (184, 320), 'scale_to_full': (), 'feat_left': (128, 184, 320)}
DONE: D:\Users\dust\Documents\학교\2026년도1학기\컴퓨터비전\실습\FoundationStereo\experiments\ds_v1_seed0/scandinavian_v08\fs
features.npz 저장: {'pre_conf': (184, 320), 'pre_entropy': (184, 320), 'pre_argdisp': (184, 320), 'post_conf': (184, 320), 'post_entropy': (184, 320), 'post_argdisp': (184, 320), 'scale_to_full': (), 'feat_left': (128, 184, 320)}
DONE: D:\Users\dust\Documents\학교\2026년도1학기\컴퓨터비전\실습\FoundationStereo\experiments\ds_v1_seed0/sunlight_v08\fs
features.npz 저장: {'pre_conf': (184, 320), 'pre_entropy': (184, 320), 'pre_argdisp': (184, 320), 'post_conf': (184, 320), 'post_entropy': (184, 320), 'post_argdisp': (184, 320), 'scale_to_full': (), 'feat_left': (128, 184, 320)}
DONE: D:\Users\dust\Documents\학교\2026년도1학기\컴퓨터비전\실습\FoundationStereo\experiments\ds_v1_seed0/terrazzo_v08\fs
features.npz 저장: {'pre_conf': (184, 320), 'pre_entropy': (184, 320), 'pre_argdisp': (184, 320), 'post_conf': (184, 320), 'post_entropy': (184, 320), 'post_argdisp': (184, 320), 'scale_to_full': (), 'feat_left': (128, 184, 320)}
DONE: D:\Users\dust\Documents\학교\2026년도1학기\컴퓨터비전\실습\FoundationStereo\experiments\ds_v2_seed1/bedroom_v08\fs
features.npz 저장: {'pre_conf': (184, 320), 'pre_entropy': (184, 320), 'pre_argdisp': (184, 320), 'post_conf': (184, 320), 'post_entropy': (184, 320), 'post_argdisp': (184, 320), 'scale_to_full': (), 'feat_left': (128, 184, 320)}
DONE: D:\Users\dust\Documents\학교\2026년도1학기\컴퓨터비전\실습\FoundationStereo\experiments\ds_v2_seed1/blue_bathroom_v08\fs
features.npz 저장: {'pre_conf': (184, 320), 'pre_entropy': (184, 320), 'pre_argdisp': (184, 320), 'post_conf': (184, 320), 'post_entropy': (184, 320), 'post_argdisp': (184, 320), 'scale_to_full': (), 'feat_left': (128, 184, 320)}
DONE: D:\Users\dust\Documents\학교\2026년도1학기\컴퓨터비전\실습\FoundationStereo\experiments\ds_v2_seed1/computer_room_v08\fs
features.npz 저장: {'pre_conf': (184, 320), 'pre_entropy': (184, 320), 'pre_argdisp': (184, 320), 'post_conf': (184, 320), 'post_entropy': (184, 320), 'post_argdisp': (184, 320), 'scale_to_full': (), 'feat_left': (128, 184, 320)}
DONE: D:\Users\dust\Documents\학교\2026년도1학기\컴퓨터비전\실습\FoundationStereo\experiments\ds_v2_seed1/green_house_v08\fs
features.npz 저장: {'pre_conf': (184, 320), 'pre_entropy': (184, 320), 'pre_argdisp': (184, 320), 'post_conf': (184, 320), 'post_entropy': (184, 320), 'post_argdisp': (184, 320), 'scale_to_full': (), 'feat_left': (128, 184, 320)}
DONE: D:\Users\dust\Documents\학교\2026년도1학기\컴퓨터비전\실습\FoundationStereo\experiments\ds_v2_seed1/gym_v08\fs
features.npz 저장: {'pre_conf': (184, 320), 'pre_entropy': (184, 320), 'pre_argdisp': (184, 320), 'post_conf': (184, 320), 'post_entropy': (184, 320), 'post_argdisp': (184, 320), 'scale_to_full': (), 'feat_left': (128, 184, 320)}
DONE: D:\Users\dust\Documents\학교\2026년도1학기\컴퓨터비전\실습\FoundationStereo\experiments\ds_v2_seed1/living_room_contemp_v08\fs
features.npz 저장: {'pre_conf': (184, 320), 'pre_entropy': (184, 320), 'pre_argdisp': (184, 320), 'post_conf': (184, 320), 'post_entropy': (184, 320), 'post_argdisp': (184, 320), 'scale_to_full': (), 'feat_left': (128, 184, 320)}
DONE: D:\Users\dust\Documents\학교\2026년도1학기\컴퓨터비전\실습\FoundationStereo\experiments\ds_v2_seed1/livingroom_v08\fs
features.npz 저장: {'pre_conf': (184, 320), 'pre_entropy': (184, 320), 'pre_argdisp': (184, 320), 'post_conf': (184, 320), 'post_entropy': (184, 320), 'post_argdisp': (184, 320), 'scale_to_full': (), 'feat_left': (128, 184, 320)}
DONE: D:\Users\dust\Documents\학교\2026년도1학기\컴퓨터비전\실습\FoundationStereo\experiments\ds_v2_seed1/minigym_v08\fs
features.npz 저장: {'pre_conf': (184, 320), 'pre_entropy': (184, 320), 'pre_argdisp': (184, 320), 'post_conf': (184, 320), 'post_entropy': (184, 320), 'post_argdisp': (184, 320), 'scale_to_full': (), 'feat_left': (128, 184, 320)}
DONE: D:\Users\dust\Documents\학교\2026년도1학기\컴퓨터비전\실습\FoundationStereo\experiments\ds_v2_seed1/minimal_interior_v08\fs
features.npz 저장: {'pre_conf': (184, 320), 'pre_entropy': (184, 320), 'pre_argdisp': (184, 320), 'post_conf': (184, 320), 'post_entropy': (184, 320), 'post_argdisp': (184, 320), 'scale_to_full': (), 'feat_left': (128, 184, 320)}
DONE: D:\Users\dust\Documents\학교\2026년도1학기\컴퓨터비전\실습\FoundationStereo\experiments\ds_v2_seed1/scandinavian_v08\fs
features.npz 저장: {'pre_conf': (184, 320), 'pre_entropy': (184, 320), 'pre_argdisp': (184, 320), 'post_conf': (184, 320), 'post_entropy': (184, 320), 'post_argdisp': (184, 320), 'scale_to_full': (), 'feat_left': (128, 184, 320)}
DONE: D:\Users\dust\Documents\학교\2026년도1학기\컴퓨터비전\실습\FoundationStereo\experiments\ds_v2_seed1/sunlight_v08\fs
features.npz 저장: {'pre_conf': (184, 320), 'pre_entropy': (184, 320), 'pre_argdisp': (184, 320), 'post_conf': (184, 320), 'post_entropy': (184, 320), 'post_argdisp': (184, 320), 'scale_to_full': (), 'feat_left': (128, 184, 320)}
DONE: D:\Users\dust\Documents\학교\2026년도1학기\컴퓨터비전\실습\FoundationStereo\experiments\ds_v2_seed1/terrazzo_v08\fs
features.npz 저장: {'pre_conf': (184, 320), 'pre_entropy': (184, 320), 'pre_argdisp': (184, 320), 'post_conf': (184, 320), 'post_entropy': (184, 320), 'post_argdisp': (184, 320), 'scale_to_full': (), 'feat_left': (128, 184, 320)}
DONE: D:\Users\dust\Documents\학교\2026년도1학기\컴퓨터비전\실습\FoundationStereo\experiments\ds_v1_seed0/bedroom_v09\fs
features.npz 저장: {'pre_conf': (184, 320), 'pre_entropy': (184, 320), 'pre_argdisp': (184, 320), 'post_conf': (184, 320), 'post_entropy': (184, 320), 'post_argdisp': (184, 320), 'scale_to_full': (), 'feat_left': (128, 184, 320)}
DONE: D:\Users\dust\Documents\학교\2026년도1학기\컴퓨터비전\실습\FoundationStereo\experiments\ds_v1_seed0/blue_bathroom_v09\fs
features.npz 저장: {'pre_conf': (184, 320), 'pre_entropy': (184, 320), 'pre_argdisp': (184, 320), 'post_conf': (184, 320), 'post_entropy': (184, 320), 'post_argdisp': (184, 320), 'scale_to_full': (), 'feat_left': (128, 184, 320)}
DONE: D:\Users\dust\Documents\학교\2026년도1학기\컴퓨터비전\실습\FoundationStereo\experiments\ds_v1_seed0/computer_room_v09\fs
features.npz 저장: {'pre_conf': (184, 320), 'pre_entropy': (184, 320), 'pre_argdisp': (184, 320), 'post_conf': (184, 320), 'post_entropy': (184, 320), 'post_argdisp': (184, 320), 'scale_to_full': (), 'feat_left': (128, 184, 320)}
DONE: D:\Users\dust\Documents\학교\2026년도1학기\컴퓨터비전\실습\FoundationStereo\experiments\ds_v1_seed0/green_house_v09\fs
[fs_server] 220/1537 (done 220, skip 0, fail 0) 2.6s/view, ETA 57m
features.npz 저장: {'pre_conf': (184, 320), 'pre_entropy': (184, 320), 'pre_argdisp': (184, 320), 'post_conf': (184, 320), 'post_entropy': (184, 320), 'post_argdisp': (184, 320), 'scale_to_full': (), 'feat_left': (128, 184, 320)}
DONE: D:\Users\dust\Documents\학교\2026년도1학기\컴퓨터비전\실습\FoundationStereo\experiments\ds_v1_seed0/gym_v09\fs
features.npz 저장: {'pre_conf': (184, 320), 'pre_entropy': (184, 320), 'pre_argdisp': (184, 320), 'post_conf': (184, 320), 'post_entropy': (184, 320), 'post_argdisp': (184, 320), 'scale_to_full': (), 'feat_left': (128, 184, 320)}
DONE: D:\Users\dust\Documents\학교\2026년도1학기\컴퓨터비전\실습\FoundationStereo\experiments\ds_v1_seed0/living_room_contemp_v09\fs
features.npz 저장: {'pre_conf': (184, 320), 'pre_entropy': (184, 320), 'pre_argdisp': (184, 320), 'post_conf': (184, 320), 'post_entropy': (184, 320), 'post_argdisp': (184, 320), 'scale_to_full': (), 'feat_left': (128, 184, 320)}
DONE: D:\Users\dust\Documents\학교\2026년도1학기\컴퓨터비전\실습\FoundationStereo\experiments\ds_v1_seed0/livingroom_v09\fs
features.npz 저장: {'pre_conf': (184, 320), 'pre_entropy': (184, 320), 'pre_argdisp': (184, 320), 'post_conf': (184, 320), 'post_entropy': (184, 320), 'post_argdisp': (184, 320), 'scale_to_full': (), 'feat_left': (128, 184, 320)}
DONE: D:\Users\dust\Documents\학교\2026년도1학기\컴퓨터비전\실습\FoundationStereo\experiments\ds_v1_seed0/minigym_v09\fs
features.npz 저장: {'pre_conf': (184, 320), 'pre_entropy': (184, 320), 'pre_argdisp': (184, 320), 'post_conf': (184, 320), 'post_entropy': (184, 320), 'post_argdisp': (184, 320), 'scale_to_full': (), 'feat_left': (128, 184, 320)}
DONE: D:\Users\dust\Documents\학교\2026년도1학기\컴퓨터비전\실습\FoundationStereo\experiments\ds_v1_seed0/minimal_interior_v09\fs
features.npz 저장: {'pre_conf': (184, 320), 'pre_entropy': (184, 320), 'pre_argdisp': (184, 320), 'post_conf': (184, 320), 'post_entropy': (184, 320), 'post_argdisp': (184, 320), 'scale_to_full': (), 'feat_left': (128, 184, 320)}
DONE: D:\Users\dust\Documents\학교\2026년도1학기\컴퓨터비전\실습\FoundationStereo\experiments\ds_v1_seed0/scandinavian_v09\fs
features.npz 저장: {'pre_conf': (184, 320), 'pre_entropy': (184, 320), 'pre_argdisp': (184, 320), 'post_conf': (184, 320), 'post_entropy': (184, 320), 'post_argdisp': (184, 320), 'scale_to_full': (), 'feat_left': (128, 184, 320)}
DONE: D:\Users\dust\Documents\학교\2026년도1학기\컴퓨터비전\실습\FoundationStereo\experiments\ds_v1_seed0/sunlight_v09\fs
features.npz 저장: {'pre_conf': (184, 320), 'pre_entropy': (184, 320), 'pre_argdisp': (184, 320), 'post_conf': (184, 320), 'post_entropy': (184, 320), 'post_argdisp': (184, 320), 'scale_to_full': (), 'feat_left': (128, 184, 320)}
DONE: D:\Users\dust\Documents\학교\2026년도1학기\컴퓨터비전\실습\FoundationStereo\experiments\ds_v1_seed0/terrazzo_v09\fs
features.npz 저장: {'pre_conf': (184, 320), 'pre_entropy': (184, 320), 'pre_argdisp': (184, 320), 'post_conf': (184, 320), 'post_entropy': (184, 320), 'post_argdisp': (184, 320), 'scale_to_full': (), 'feat_left': (128, 184, 320)}
DONE: D:\Users\dust\Documents\학교\2026년도1학기\컴퓨터비전\실습\FoundationStereo\experiments\ds_v2_seed1/bedroom_v09\fs
features.npz 저장: {'pre_conf': (184, 320), 'pre_entropy': (184, 320), 'pre_argdisp': (184, 320), 'post_conf': (184, 320), 'post_entropy': (184, 320), 'post_argdisp': (184, 320), 'scale_to_full': (), 'feat_left': (128, 184, 320)}
DONE: D:\Users\dust\Documents\학교\2026년도1학기\컴퓨터비전\실습\FoundationStereo\experiments\ds_v2_seed1/blue_bathroom_v09\fs
features.npz 저장: {'pre_conf': (184, 320), 'pre_entropy': (184, 320), 'pre_argdisp': (184, 320), 'post_conf': (184, 320), 'post_entropy': (184, 320), 'post_argdisp': (184, 320), 'scale_to_full': (), 'feat_left': (128, 184, 320)}
DONE: D:\Users\dust\Documents\학교\2026년도1학기\컴퓨터비전\실습\FoundationStereo\experiments\ds_v2_seed1/computer_room_v09\fs
features.npz 저장: {'pre_conf': (184, 320), 'pre_entropy': (184, 320), 'pre_argdisp': (184, 320), 'post_conf': (184, 320), 'post_entropy': (184, 320), 'post_argdisp': (184, 320), 'scale_to_full': (), 'feat_left': (128, 184, 320)}
DONE: D:\Users\dust\Documents\학교\2026년도1학기\컴퓨터비전\실습\FoundationStereo\experiments\ds_v2_seed1/green_house_v09\fs
features.npz 저장: {'pre_conf': (184, 320), 'pre_entropy': (184, 320), 'pre_argdisp': (184, 320), 'post_conf': (184, 320), 'post_entropy': (184, 320), 'post_argdisp': (184, 320), 'scale_to_full': (), 'feat_left': (128, 184, 320)}
DONE: D:\Users\dust\Documents\학교\2026년도1학기\컴퓨터비전\실습\FoundationStereo\experiments\ds_v2_seed1/gym_v09\fs
features.npz 저장: {'pre_conf': (184, 320), 'pre_entropy': (184, 320), 'pre_argdisp': (184, 320), 'post_conf': (184, 320), 'post_entropy': (184, 320), 'post_argdisp': (184, 320), 'scale_to_full': (), 'feat_left': (128, 184, 320)}
DONE: D:\Users\dust\Documents\학교\2026년도1학기\컴퓨터비전\실습\FoundationStereo\experiments\ds_v2_seed1/living_room_contemp_v09\fs
features.npz 저장: {'pre_conf': (184, 320), 'pre_entropy': (184, 320), 'pre_argdisp': (184, 320), 'post_conf': (184, 320), 'post_entropy': (184, 320), 'post_argdisp': (184, 320), 'scale_to_full': (), 'feat_left': (128, 184, 320)}
DONE: D:\Users\dust\Documents\학교\2026년도1학기\컴퓨터비전\실습\FoundationStereo\experiments\ds_v2_seed1/livingroom_v09\fs
features.npz 저장: {'pre_conf': (184, 320), 'pre_entropy': (184, 320), 'pre_argdisp': (184, 320), 'post_conf': (184, 320), 'post_entropy': (184, 320), 'post_argdisp': (184, 320), 'scale_to_full': (), 'feat_left': (128, 184, 320)}
DONE: D:\Users\dust\Documents\학교\2026년도1학기\컴퓨터비전\실습\FoundationStereo\experiments\ds_v2_seed1/minigym_v09\fs
features.npz 저장: {'pre_conf': (184, 320), 'pre_entropy': (184, 320), 'pre_argdisp': (184, 320), 'post_conf': (184, 320), 'post_entropy': (184, 320), 'post_argdisp': (184, 320), 'scale_to_full': (), 'feat_left': (128, 184, 320)}
DONE: D:\Users\dust\Documents\학교\2026년도1학기\컴퓨터비전\실습\FoundationStereo\experiments\ds_v2_seed1/minimal_interior_v09\fs
features.npz 저장: {'pre_conf': (184, 320), 'pre_entropy': (184, 320), 'pre_argdisp': (184, 320), 'post_conf': (184, 320), 'post_entropy': (184, 320), 'post_argdisp': (184, 320), 'scale_to_full': (), 'feat_left': (128, 184, 320)}
DONE: D:\Users\dust\Documents\학교\2026년도1학기\컴퓨터비전\실습\FoundationStereo\experiments\ds_v2_seed1/scandinavian_v09\fs
features.npz 저장: {'pre_conf': (184, 320), 'pre_entropy': (184, 320), 'pre_argdisp': (184, 320), 'post_conf': (184, 320), 'post_entropy': (184, 320), 'post_argdisp': (184, 320), 'scale_to_full': (), 'feat_left': (128, 184, 320)}
DONE: D:\Users\dust\Documents\학교\2026년도1학기\컴퓨터비전\실습\FoundationStereo\experiments\ds_v2_seed1/sunlight_v09\fs
features.npz 저장: {'pre_conf': (184, 320), 'pre_entropy': (184, 320), 'pre_argdisp': (184, 320), 'post_conf': (184, 320), 'post_entropy': (184, 320), 'post_argdisp': (184, 320), 'scale_to_full': (), 'feat_left': (128, 184, 320)}
DONE: D:\Users\dust\Documents\학교\2026년도1학기\컴퓨터비전\실습\FoundationStereo\experiments\ds_v2_seed1/terrazzo_v09\fs
[fs_server] 240/1537 (done 240, skip 0, fail 0) 2.6s/view, ETA 57m
features.npz 저장: {'pre_conf': (184, 320), 'pre_entropy': (184, 320), 'pre_argdisp': (184, 320), 'post_conf': (184, 320), 'post_entropy': (184, 320), 'post_argdisp': (184, 320), 'scale_to_full': (), 'feat_left': (128, 184, 320)}
DONE: D:\Users\dust\Documents\학교\2026년도1학기\컴퓨터비전\실습\FoundationStereo\experiments\ds_v1_seed0/bedroom_v10\fs
features.npz 저장: {'pre_conf': (184, 320), 'pre_entropy': (184, 320), 'pre_argdisp': (184, 320), 'post_conf': (184, 320), 'post_entropy': (184, 320), 'post_argdisp': (184, 320), 'scale_to_full': (), 'feat_left': (128, 184, 320)}
DONE: D:\Users\dust\Documents\학교\2026년도1학기\컴퓨터비전\실습\FoundationStereo\experiments\ds_v1_seed0/blue_bathroom_v10\fs
features.npz 저장: {'pre_conf': (184, 320), 'pre_entropy': (184, 320), 'pre_argdisp': (184, 320), 'post_conf': (184, 320), 'post_entropy': (184, 320), 'post_argdisp': (184, 320), 'scale_to_full': (), 'feat_left': (128, 184, 320)}
DONE: D:\Users\dust\Documents\학교\2026년도1학기\컴퓨터비전\실습\FoundationStereo\experiments\ds_v1_seed0/computer_room_v10\fs
features.npz 저장: {'pre_conf': (184, 320), 'pre_entropy': (184, 320), 'pre_argdisp': (184, 320), 'post_conf': (184, 320), 'post_entropy': (184, 320), 'post_argdisp': (184, 320), 'scale_to_full': (), 'feat_left': (128, 184, 320)}
DONE: D:\Users\dust\Documents\학교\2026년도1학기\컴퓨터비전\실습\FoundationStereo\experiments\ds_v1_seed0/green_house_v10\fs
features.npz 저장: {'pre_conf': (184, 320), 'pre_entropy': (184, 320), 'pre_argdisp': (184, 320), 'post_conf': (184, 320), 'post_entropy': (184, 320), 'post_argdisp': (184, 320), 'scale_to_full': (), 'feat_left': (128, 184, 320)}
DONE: D:\Users\dust\Documents\학교\2026년도1학기\컴퓨터비전\실습\FoundationStereo\experiments\ds_v1_seed0/gym_v10\fs
features.npz 저장: {'pre_conf': (184, 320), 'pre_entropy': (184, 320), 'pre_argdisp': (184, 320), 'post_conf': (184, 320), 'post_entropy': (184, 320), 'post_argdisp': (184, 320), 'scale_to_full': (), 'feat_left': (128, 184, 320)}
DONE: D:\Users\dust\Documents\학교\2026년도1학기\컴퓨터비전\실습\FoundationStereo\experiments\ds_v1_seed0/living_room_contemp_v10\fs
features.npz 저장: {'pre_conf': (184, 320), 'pre_entropy': (184, 320), 'pre_argdisp': (184, 320), 'post_conf': (184, 320), 'post_entropy': (184, 320), 'post_argdisp': (184, 320), 'scale_to_full': (), 'feat_left': (128, 184, 320)}
DONE: D:\Users\dust\Documents\학교\2026년도1학기\컴퓨터비전\실습\FoundationStereo\experiments\ds_v1_seed0/livingroom_v10\fs
features.npz 저장: {'pre_conf': (184, 320), 'pre_entropy': (184, 320), 'pre_argdisp': (184, 320), 'post_conf': (184, 320), 'post_entropy': (184, 320), 'post_argdisp': (184, 320), 'scale_to_full': (), 'feat_left': (128, 184, 320)}
DONE: D:\Users\dust\Documents\학교\2026년도1학기\컴퓨터비전\실습\FoundationStereo\experiments\ds_v1_seed0/minigym_v10\fs
features.npz 저장: {'pre_conf': (184, 320), 'pre_entropy': (184, 320), 'pre_argdisp': (184, 320), 'post_conf': (184, 320), 'post_entropy': (184, 320), 'post_argdisp': (184, 320), 'scale_to_full': (), 'feat_left': (128, 184, 320)}
DONE: D:\Users\dust\Documents\학교\2026년도1학기\컴퓨터비전\실습\FoundationStereo\experiments\ds_v1_seed0/minimal_interior_v10\fs
features.npz 저장: {'pre_conf': (184, 320), 'pre_entropy': (184, 320), 'pre_argdisp': (184, 320), 'post_conf': (184, 320), 'post_entropy': (184, 320), 'post_argdisp': (184, 320), 'scale_to_full': (), 'feat_left': (128, 184, 320)}
DONE: D:\Users\dust\Documents\학교\2026년도1학기\컴퓨터비전\실습\FoundationStereo\experiments\ds_v1_seed0/scandinavian_v10\fs
features.npz 저장: {'pre_conf': (184, 320), 'pre_entropy': (184, 320), 'pre_argdisp': (184, 320), 'post_conf': (184, 320), 'post_entropy': (184, 320), 'post_argdisp': (184, 320), 'scale_to_full': (), 'feat_left': (128, 184, 320)}
DONE: D:\Users\dust\Documents\학교\2026년도1학기\컴퓨터비전\실습\FoundationStereo\experiments\ds_v1_seed0/sunlight_v10\fs
features.npz 저장: {'pre_conf': (184, 320), 'pre_entropy': (184, 320), 'pre_argdisp': (184, 320), 'post_conf': (184, 320), 'post_entropy': (184, 320), 'post_argdisp': (184, 320), 'scale_to_full': (), 'feat_left': (128, 184, 320)}
DONE: D:\Users\dust\Documents\학교\2026년도1학기\컴퓨터비전\실습\FoundationStereo\experiments\ds_v1_seed0/terrazzo_v10\fs
features.npz 저장: {'pre_conf': (184, 320), 'pre_entropy': (184, 320), 'pre_argdisp': (184, 320), 'post_conf': (184, 320), 'post_entropy': (184, 320), 'post_argdisp': (184, 320), 'scale_to_full': (), 'feat_left': (128, 184, 320)}
DONE: D:\Users\dust\Documents\학교\2026년도1학기\컴퓨터비전\실습\FoundationStereo\experiments\ds_v2_seed1/bedroom_v10\fs
features.npz 저장: {'pre_conf': (184, 320), 'pre_entropy': (184, 320), 'pre_argdisp': (184, 320), 'post_conf': (184, 320), 'post_entropy': (184, 320), 'post_argdisp': (184, 320), 'scale_to_full': (), 'feat_left': (128, 184, 320)}
DONE: D:\Users\dust\Documents\학교\2026년도1학기\컴퓨터비전\실습\FoundationStereo\experiments\ds_v2_seed1/blue_bathroom_v10\fs
features.npz 저장: {'pre_conf': (184, 320), 'pre_entropy': (184, 320), 'pre_argdisp': (184, 320), 'post_conf': (184, 320), 'post_entropy': (184, 320), 'post_argdisp': (184, 320), 'scale_to_full': (), 'feat_left': (128, 184, 320)}
DONE: D:\Users\dust\Documents\학교\2026년도1학기\컴퓨터비전\실습\FoundationStereo\experiments\ds_v2_seed1/computer_room_v10\fs
features.npz 저장: {'pre_conf': (184, 320), 'pre_entropy': (184, 320), 'pre_argdisp': (184, 320), 'post_conf': (184, 320), 'post_entropy': (184, 320), 'post_argdisp': (184, 320), 'scale_to_full': (), 'feat_left': (128, 184, 320)}
DONE: D:\Users\dust\Documents\학교\2026년도1학기\컴퓨터비전\실습\FoundationStereo\experiments\ds_v2_seed1/green_house_v10\fs
features.npz 저장: {'pre_conf': (184, 320), 'pre_entropy': (184, 320), 'pre_argdisp': (184, 320), 'post_conf': (184, 320), 'post_entropy': (184, 320), 'post_argdisp': (184, 320), 'scale_to_full': (), 'feat_left': (128, 184, 320)}
DONE: D:\Users\dust\Documents\학교\2026년도1학기\컴퓨터비전\실습\FoundationStereo\experiments\ds_v2_seed1/gym_v10\fs
features.npz 저장: {'pre_conf': (184, 320), 'pre_entropy': (184, 320), 'pre_argdisp': (184, 320), 'post_conf': (184, 320), 'post_entropy': (184, 320), 'post_argdisp': (184, 320), 'scale_to_full': (), 'feat_left': (128, 184, 320)}
DONE: D:\Users\dust\Documents\학교\2026년도1학기\컴퓨터비전\실습\FoundationStereo\experiments\ds_v2_seed1/living_room_contemp_v10\fs
features.npz 저장: {'pre_conf': (184, 320), 'pre_entropy': (184, 320), 'pre_argdisp': (184, 320), 'post_conf': (184, 320), 'post_entropy': (184, 320), 'post_argdisp': (184, 320), 'scale_to_full': (), 'feat_left': (128, 184, 320)}
DONE: D:\Users\dust\Documents\학교\2026년도1학기\컴퓨터비전\실습\FoundationStereo\experiments\ds_v2_seed1/livingroom_v10\fs
features.npz 저장: {'pre_conf': (184, 320), 'pre_entropy': (184, 320), 'pre_argdisp': (184, 320), 'post_conf': (184, 320), 'post_entropy': (184, 320), 'post_argdisp': (184, 320), 'scale_to_full': (), 'feat_left': (128, 184, 320)}
DONE: D:\Users\dust\Documents\학교\2026년도1학기\컴퓨터비전\실습\FoundationStereo\experiments\ds_v2_seed1/minigym_v10\fs
[fs_server] 260/1537 (done 260, skip 0, fail 0) 2.6s/view, ETA 56m
features.npz 저장: {'pre_conf': (184, 320), 'pre_entropy': (184, 320), 'pre_argdisp': (184, 320), 'post_conf': (184, 320), 'post_entropy': (184, 320), 'post_argdisp': (184, 320), 'scale_to_full': (), 'feat_left': (128, 184, 320)}
DONE: D:\Users\dust\Documents\학교\2026년도1학기\컴퓨터비전\실습\FoundationStereo\experiments\ds_v2_seed1/minimal_interior_v10\fs
features.npz 저장: {'pre_conf': (184, 320), 'pre_entropy': (184, 320), 'pre_argdisp': (184, 320), 'post_conf': (184, 320), 'post_entropy': (184, 320), 'post_argdisp': (184, 320), 'scale_to_full': (), 'feat_left': (128, 184, 320)}
DONE: D:\Users\dust\Documents\학교\2026년도1학기\컴퓨터비전\실습\FoundationStereo\experiments\ds_v2_seed1/scandinavian_v10\fs
features.npz 저장: {'pre_conf': (184, 320), 'pre_entropy': (184, 320), 'pre_argdisp': (184, 320), 'post_conf': (184, 320), 'post_entropy': (184, 320), 'post_argdisp': (184, 320), 'scale_to_full': (), 'feat_left': (128, 184, 320)}
DONE: D:\Users\dust\Documents\학교\2026년도1학기\컴퓨터비전\실습\FoundationStereo\experiments\ds_v2_seed1/sunlight_v10\fs
features.npz 저장: {'pre_conf': (184, 320), 'pre_entropy': (184, 320), 'pre_argdisp': (184, 320), 'post_conf': (184, 320), 'post_entropy': (184, 320), 'post_argdisp': (184, 320), 'scale_to_full': (), 'feat_left': (128, 184, 320)}
DONE: D:\Users\dust\Documents\학교\2026년도1학기\컴퓨터비전\실습\FoundationStereo\experiments\ds_v2_seed1/terrazzo_v10\fs
features.npz 저장: {'pre_conf': (184, 320), 'pre_entropy': (184, 320), 'pre_argdisp': (184, 320), 'post_conf': (184, 320), 'post_entropy': (184, 320), 'post_argdisp': (184, 320), 'scale_to_full': (), 'feat_left': (128, 184, 320)}
DONE: D:\Users\dust\Documents\학교\2026년도1학기\컴퓨터비전\실습\FoundationStereo\experiments\ds_v1_seed0/bedroom_v11\fs
features.npz 저장: {'pre_conf': (184, 320), 'pre_entropy': (184, 320), 'pre_argdisp': (184, 320), 'post_conf': (184, 320), 'post_entropy': (184, 320), 'post_argdisp': (184, 320), 'scale_to_full': (), 'feat_left': (128, 184, 320)}
DONE: D:\Users\dust\Documents\학교\2026년도1학기\컴퓨터비전\실습\FoundationStereo\experiments\ds_v1_seed0/blue_bathroom_v11\fs
features.npz 저장: {'pre_conf': (184, 320), 'pre_entropy': (184, 320), 'pre_argdisp': (184, 320), 'post_conf': (184, 320), 'post_entropy': (184, 320), 'post_argdisp': (184, 320), 'scale_to_full': (), 'feat_left': (128, 184, 320)}
DONE: D:\Users\dust\Documents\학교\2026년도1학기\컴퓨터비전\실습\FoundationStereo\experiments\ds_v1_seed0/computer_room_v11\fs
features.npz 저장: {'pre_conf': (184, 320), 'pre_entropy': (184, 320), 'pre_argdisp': (184, 320), 'post_conf': (184, 320), 'post_entropy': (184, 320), 'post_argdisp': (184, 320), 'scale_to_full': (), 'feat_left': (128, 184, 320)}
DONE: D:\Users\dust\Documents\학교\2026년도1학기\컴퓨터비전\실습\FoundationStereo\experiments\ds_v1_seed0/green_house_v11\fs
features.npz 저장: {'pre_conf': (184, 320), 'pre_entropy': (184, 320), 'pre_argdisp': (184, 320), 'post_conf': (184, 320), 'post_entropy': (184, 320), 'post_argdisp': (184, 320), 'scale_to_full': (), 'feat_left': (128, 184, 320)}
DONE: D:\Users\dust\Documents\학교\2026년도1학기\컴퓨터비전\실습\FoundationStereo\experiments\ds_v1_seed0/gym_v11\fs
features.npz 저장: {'pre_conf': (184, 320), 'pre_entropy': (184, 320), 'pre_argdisp': (184, 320), 'post_conf': (184, 320), 'post_entropy': (184, 320), 'post_argdisp': (184, 320), 'scale_to_full': (), 'feat_left': (128, 184, 320)}
DONE: D:\Users\dust\Documents\학교\2026년도1학기\컴퓨터비전\실습\FoundationStereo\experiments\ds_v1_seed0/living_room_contemp_v11\fs
features.npz 저장: {'pre_conf': (184, 320), 'pre_entropy': (184, 320), 'pre_argdisp': (184, 320), 'post_conf': (184, 320), 'post_entropy': (184, 320), 'post_argdisp': (184, 320), 'scale_to_full': (), 'feat_left': (128, 184, 320)}
DONE: D:\Users\dust\Documents\학교\2026년도1학기\컴퓨터비전\실습\FoundationStereo\experiments\ds_v1_seed0/livingroom_v11\fs
features.npz 저장: {'pre_conf': (184, 320), 'pre_entropy': (184, 320), 'pre_argdisp': (184, 320), 'post_conf': (184, 320), 'post_entropy': (184, 320), 'post_argdisp': (184, 320), 'scale_to_full': (), 'feat_left': (128, 184, 320)}
DONE: D:\Users\dust\Documents\학교\2026년도1학기\컴퓨터비전\실습\FoundationStereo\experiments\ds_v1_seed0/minigym_v11\fs
features.npz 저장: {'pre_conf': (184, 320), 'pre_entropy': (184, 320), 'pre_argdisp': (184, 320), 'post_conf': (184, 320), 'post_entropy': (184, 320), 'post_argdisp': (184, 320), 'scale_to_full': (), 'feat_left': (128, 184, 320)}
DONE: D:\Users\dust\Documents\학교\2026년도1학기\컴퓨터비전\실습\FoundationStereo\experiments\ds_v1_seed0/minimal_interior_v11\fs
features.npz 저장: {'pre_conf': (184, 320), 'pre_entropy': (184, 320), 'pre_argdisp': (184, 320), 'post_conf': (184, 320), 'post_entropy': (184, 320), 'post_argdisp': (184, 320), 'scale_to_full': (), 'feat_left': (128, 184, 320)}
DONE: D:\Users\dust\Documents\학교\2026년도1학기\컴퓨터비전\실습\FoundationStereo\experiments\ds_v1_seed0/scandinavian_v11\fs
features.npz 저장: {'pre_conf': (184, 320), 'pre_entropy': (184, 320), 'pre_argdisp': (184, 320), 'post_conf': (184, 320), 'post_entropy': (184, 320), 'post_argdisp': (184, 320), 'scale_to_full': (), 'feat_left': (128, 184, 320)}
DONE: D:\Users\dust\Documents\학교\2026년도1학기\컴퓨터비전\실습\FoundationStereo\experiments\ds_v1_seed0/sunlight_v11\fs
features.npz 저장: {'pre_conf': (184, 320), 'pre_entropy': (184, 320), 'pre_argdisp': (184, 320), 'post_conf': (184, 320), 'post_entropy': (184, 320), 'post_argdisp': (184, 320), 'scale_to_full': (), 'feat_left': (128, 184, 320)}
DONE: D:\Users\dust\Documents\학교\2026년도1학기\컴퓨터비전\실습\FoundationStereo\experiments\ds_v1_seed0/terrazzo_v11\fs
features.npz 저장: {'pre_conf': (184, 320), 'pre_entropy': (184, 320), 'pre_argdisp': (184, 320), 'post_conf': (184, 320), 'post_entropy': (184, 320), 'post_argdisp': (184, 320), 'scale_to_full': (), 'feat_left': (128, 184, 320)}
DONE: D:\Users\dust\Documents\학교\2026년도1학기\컴퓨터비전\실습\FoundationStereo\experiments\ds_v2_seed1/bedroom_v11\fs
features.npz 저장: {'pre_conf': (184, 320), 'pre_entropy': (184, 320), 'pre_argdisp': (184, 320), 'post_conf': (184, 320), 'post_entropy': (184, 320), 'post_argdisp': (184, 320), 'scale_to_full': (), 'feat_left': (128, 184, 320)}
DONE: D:\Users\dust\Documents\학교\2026년도1학기\컴퓨터비전\실습\FoundationStereo\experiments\ds_v2_seed1/blue_bathroom_v11\fs
features.npz 저장: {'pre_conf': (184, 320), 'pre_entropy': (184, 320), 'pre_argdisp': (184, 320), 'post_conf': (184, 320), 'post_entropy': (184, 320), 'post_argdisp': (184, 320), 'scale_to_full': (), 'feat_left': (128, 184, 320)}
DONE: D:\Users\dust\Documents\학교\2026년도1학기\컴퓨터비전\실습\FoundationStereo\experiments\ds_v2_seed1/computer_room_v11\fs
features.npz 저장: {'pre_conf': (184, 320), 'pre_entropy': (184, 320), 'pre_argdisp': (184, 320), 'post_conf': (184, 320), 'post_entropy': (184, 320), 'post_argdisp': (184, 320), 'scale_to_full': (), 'feat_left': (128, 184, 320)}
DONE: D:\Users\dust\Documents\학교\2026년도1학기\컴퓨터비전\실습\FoundationStereo\experiments\ds_v2_seed1/green_house_v11\fs
[fs_server] 280/1537 (done 280, skip 0, fail 0) 2.6s/view, ETA 55m
features.npz 저장: {'pre_conf': (184, 320), 'pre_entropy': (184, 320), 'pre_argdisp': (184, 320), 'post_conf': (184, 320), 'post_entropy': (184, 320), 'post_argdisp': (184, 320), 'scale_to_full': (), 'feat_left': (128, 184, 320)}
DONE: D:\Users\dust\Documents\학교\2026년도1학기\컴퓨터비전\실습\FoundationStereo\experiments\ds_v2_seed1/gym_v11\fs
features.npz 저장: {'pre_conf': (184, 320), 'pre_entropy': (184, 320), 'pre_argdisp': (184, 320), 'post_conf': (184, 320), 'post_entropy': (184, 320), 'post_argdisp': (184, 320), 'scale_to_full': (), 'feat_left': (128, 184, 320)}
DONE: D:\Users\dust\Documents\학교\2026년도1학기\컴퓨터비전\실습\FoundationStereo\experiments\ds_v2_seed1/living_room_contemp_v11\fs
features.npz 저장: {'pre_conf': (184, 320), 'pre_entropy': (184, 320), 'pre_argdisp': (184, 320), 'post_conf': (184, 320), 'post_entropy': (184, 320), 'post_argdisp': (184, 320), 'scale_to_full': (), 'feat_left': (128, 184, 320)}
DONE: D:\Users\dust\Documents\학교\2026년도1학기\컴퓨터비전\실습\FoundationStereo\experiments\ds_v2_seed1/livingroom_v11\fs
features.npz 저장: {'pre_conf': (184, 320), 'pre_entropy': (184, 320), 'pre_argdisp': (184, 320), 'post_conf': (184, 320), 'post_entropy': (184, 320), 'post_argdisp': (184, 320), 'scale_to_full': (), 'feat_left': (128, 184, 320)}
DONE: D:\Users\dust\Documents\학교\2026년도1학기\컴퓨터비전\실습\FoundationStereo\experiments\ds_v2_seed1/minigym_v11\fs
features.npz 저장: {'pre_conf': (184, 320), 'pre_entropy': (184, 320), 'pre_argdisp': (184, 320), 'post_conf': (184, 320), 'post_entropy': (184, 320), 'post_argdisp': (184, 320), 'scale_to_full': (), 'feat_left': (128, 184, 320)}
DONE: D:\Users\dust\Documents\학교\2026년도1학기\컴퓨터비전\실습\FoundationStereo\experiments\ds_v2_seed1/minimal_interior_v11\fs
features.npz 저장: {'pre_conf': (184, 320), 'pre_entropy': (184, 320), 'pre_argdisp': (184, 320), 'post_conf': (184, 320), 'post_entropy': (184, 320), 'post_argdisp': (184, 320), 'scale_to_full': (), 'feat_left': (128, 184, 320)}
DONE: D:\Users\dust\Documents\학교\2026년도1학기\컴퓨터비전\실습\FoundationStereo\experiments\ds_v2_seed1/scandinavian_v11\fs
features.npz 저장: {'pre_conf': (184, 320), 'pre_entropy': (184, 320), 'pre_argdisp': (184, 320), 'post_conf': (184, 320), 'post_entropy': (184, 320), 'post_argdisp': (184, 320), 'scale_to_full': (), 'feat_left': (128, 184, 320)}
DONE: D:\Users\dust\Documents\학교\2026년도1학기\컴퓨터비전\실습\FoundationStereo\experiments\ds_v2_seed1/sunlight_v11\fs
features.npz 저장: {'pre_conf': (184, 320), 'pre_entropy': (184, 320), 'pre_argdisp': (184, 320), 'post_conf': (184, 320), 'post_entropy': (184, 320), 'post_argdisp': (184, 320), 'scale_to_full': (), 'feat_left': (128, 184, 320)}
DONE: D:\Users\dust\Documents\학교\2026년도1학기\컴퓨터비전\실습\FoundationStereo\experiments\ds_v2_seed1/terrazzo_v11\fs
features.npz 저장: {'pre_conf': (184, 320), 'pre_entropy': (184, 320), 'pre_argdisp': (184, 320), 'post_conf': (184, 320), 'post_entropy': (184, 320), 'post_argdisp': (184, 320), 'scale_to_full': (), 'feat_left': (128, 184, 320)}
DONE: D:\Users\dust\Documents\학교\2026년도1학기\컴퓨터비전\실습\FoundationStereo\experiments\ds_v1_seed0/bedroom_v12\fs
features.npz 저장: {'pre_conf': (184, 320), 'pre_entropy': (184, 320), 'pre_argdisp': (184, 320), 'post_conf': (184, 320), 'post_entropy': (184, 320), 'post_argdisp': (184, 320), 'scale_to_full': (), 'feat_left': (128, 184, 320)}
DONE: D:\Users\dust\Documents\학교\2026년도1학기\컴퓨터비전\실습\FoundationStereo\experiments\ds_v1_seed0/blue_bathroom_v12\fs
features.npz 저장: {'pre_conf': (184, 320), 'pre_entropy': (184, 320), 'pre_argdisp': (184, 320), 'post_conf': (184, 320), 'post_entropy': (184, 320), 'post_argdisp': (184, 320), 'scale_to_full': (), 'feat_left': (128, 184, 320)}
DONE: D:\Users\dust\Documents\학교\2026년도1학기\컴퓨터비전\실습\FoundationStereo\experiments\ds_v1_seed0/computer_room_v12\fs
features.npz 저장: {'pre_conf': (184, 320), 'pre_entropy': (184, 320), 'pre_argdisp': (184, 320), 'post_conf': (184, 320), 'post_entropy': (184, 320), 'post_argdisp': (184, 320), 'scale_to_full': (), 'feat_left': (128, 184, 320)}
DONE: D:\Users\dust\Documents\학교\2026년도1학기\컴퓨터비전\실습\FoundationStereo\experiments\ds_v1_seed0/green_house_v12\fs
features.npz 저장: {'pre_conf': (184, 320), 'pre_entropy': (184, 320), 'pre_argdisp': (184, 320), 'post_conf': (184, 320), 'post_entropy': (184, 320), 'post_argdisp': (184, 320), 'scale_to_full': (), 'feat_left': (128, 184, 320)}
DONE: D:\Users\dust\Documents\학교\2026년도1학기\컴퓨터비전\실습\FoundationStereo\experiments\ds_v1_seed0/gym_v12\fs
features.npz 저장: {'pre_conf': (184, 320), 'pre_entropy': (184, 320), 'pre_argdisp': (184, 320), 'post_conf': (184, 320), 'post_entropy': (184, 320), 'post_argdisp': (184, 320), 'scale_to_full': (), 'feat_left': (128, 184, 320)}
DONE: D:\Users\dust\Documents\학교\2026년도1학기\컴퓨터비전\실습\FoundationStereo\experiments\ds_v1_seed0/living_room_contemp_v12\fs
features.npz 저장: {'pre_conf': (184, 320), 'pre_entropy': (184, 320), 'pre_argdisp': (184, 320), 'post_conf': (184, 320), 'post_entropy': (184, 320), 'post_argdisp': (184, 320), 'scale_to_full': (), 'feat_left': (128, 184, 320)}
DONE: D:\Users\dust\Documents\학교\2026년도1학기\컴퓨터비전\실습\FoundationStereo\experiments\ds_v1_seed0/livingroom_v12\fs
features.npz 저장: {'pre_conf': (184, 320), 'pre_entropy': (184, 320), 'pre_argdisp': (184, 320), 'post_conf': (184, 320), 'post_entropy': (184, 320), 'post_argdisp': (184, 320), 'scale_to_full': (), 'feat_left': (128, 184, 320)}
DONE: D:\Users\dust\Documents\학교\2026년도1학기\컴퓨터비전\실습\FoundationStereo\experiments\ds_v1_seed0/minigym_v12\fs
features.npz 저장: {'pre_conf': (184, 320), 'pre_entropy': (184, 320), 'pre_argdisp': (184, 320), 'post_conf': (184, 320), 'post_entropy': (184, 320), 'post_argdisp': (184, 320), 'scale_to_full': (), 'feat_left': (128, 184, 320)}
DONE: D:\Users\dust\Documents\학교\2026년도1학기\컴퓨터비전\실습\FoundationStereo\experiments\ds_v1_seed0/minimal_interior_v12\fs
features.npz 저장: {'pre_conf': (184, 320), 'pre_entropy': (184, 320), 'pre_argdisp': (184, 320), 'post_conf': (184, 320), 'post_entropy': (184, 320), 'post_argdisp': (184, 320), 'scale_to_full': (), 'feat_left': (128, 184, 320)}
DONE: D:\Users\dust\Documents\학교\2026년도1학기\컴퓨터비전\실습\FoundationStereo\experiments\ds_v1_seed0/scandinavian_v12\fs
features.npz 저장: {'pre_conf': (184, 320), 'pre_entropy': (184, 320), 'pre_argdisp': (184, 320), 'post_conf': (184, 320), 'post_entropy': (184, 320), 'post_argdisp': (184, 320), 'scale_to_full': (), 'feat_left': (128, 184, 320)}
DONE: D:\Users\dust\Documents\학교\2026년도1학기\컴퓨터비전\실습\FoundationStereo\experiments\ds_v1_seed0/sunlight_v12\fs
features.npz 저장: {'pre_conf': (184, 320), 'pre_entropy': (184, 320), 'pre_argdisp': (184, 320), 'post_conf': (184, 320), 'post_entropy': (184, 320), 'post_argdisp': (184, 320), 'scale_to_full': (), 'feat_left': (128, 184, 320)}
DONE: D:\Users\dust\Documents\학교\2026년도1학기\컴퓨터비전\실습\FoundationStereo\experiments\ds_v1_seed0/terrazzo_v12\fs
[fs_server] 300/1537 (done 300, skip 0, fail 0) 2.7s/view, ETA 55m
features.npz 저장: {'pre_conf': (184, 320), 'pre_entropy': (184, 320), 'pre_argdisp': (184, 320), 'post_conf': (184, 320), 'post_entropy': (184, 320), 'post_argdisp': (184, 320), 'scale_to_full': (), 'feat_left': (128, 184, 320)}
DONE: D:\Users\dust\Documents\학교\2026년도1학기\컴퓨터비전\실습\FoundationStereo\experiments\ds_v2_seed1/bedroom_v12\fs
features.npz 저장: {'pre_conf': (184, 320), 'pre_entropy': (184, 320), 'pre_argdisp': (184, 320), 'post_conf': (184, 320), 'post_entropy': (184, 320), 'post_argdisp': (184, 320), 'scale_to_full': (), 'feat_left': (128, 184, 320)}
DONE: D:\Users\dust\Documents\학교\2026년도1학기\컴퓨터비전\실습\FoundationStereo\experiments\ds_v2_seed1/blue_bathroom_v12\fs
features.npz 저장: {'pre_conf': (184, 320), 'pre_entropy': (184, 320), 'pre_argdisp': (184, 320), 'post_conf': (184, 320), 'post_entropy': (184, 320), 'post_argdisp': (184, 320), 'scale_to_full': (), 'feat_left': (128, 184, 320)}
DONE: D:\Users\dust\Documents\학교\2026년도1학기\컴퓨터비전\실습\FoundationStereo\experiments\ds_v2_seed1/computer_room_v12\fs
features.npz 저장: {'pre_conf': (184, 320), 'pre_entropy': (184, 320), 'pre_argdisp': (184, 320), 'post_conf': (184, 320), 'post_entropy': (184, 320), 'post_argdisp': (184, 320), 'scale_to_full': (), 'feat_left': (128, 184, 320)}
DONE: D:\Users\dust\Documents\학교\2026년도1학기\컴퓨터비전\실습\FoundationStereo\experiments\ds_v2_seed1/green_house_v12\fs
features.npz 저장: {'pre_conf': (184, 320), 'pre_entropy': (184, 320), 'pre_argdisp': (184, 320), 'post_conf': (184, 320), 'post_entropy': (184, 320), 'post_argdisp': (184, 320), 'scale_to_full': (), 'feat_left': (128, 184, 320)}
DONE: D:\Users\dust\Documents\학교\2026년도1학기\컴퓨터비전\실습\FoundationStereo\experiments\ds_v2_seed1/gym_v12\fs
features.npz 저장: {'pre_conf': (184, 320), 'pre_entropy': (184, 320), 'pre_argdisp': (184, 320), 'post_conf': (184, 320), 'post_entropy': (184, 320), 'post_argdisp': (184, 320), 'scale_to_full': (), 'feat_left': (128, 184, 320)}
DONE: D:\Users\dust\Documents\학교\2026년도1학기\컴퓨터비전\실습\FoundationStereo\experiments\ds_v2_seed1/living_room_contemp_v12\fs
features.npz 저장: {'pre_conf': (184, 320), 'pre_entropy': (184, 320), 'pre_argdisp': (184, 320), 'post_conf': (184, 320), 'post_entropy': (184, 320), 'post_argdisp': (184, 320), 'scale_to_full': (), 'feat_left': (128, 184, 320)}
DONE: D:\Users\dust\Documents\학교\2026년도1학기\컴퓨터비전\실습\FoundationStereo\experiments\ds_v2_seed1/livingroom_v12\fs
features.npz 저장: {'pre_conf': (184, 320), 'pre_entropy': (184, 320), 'pre_argdisp': (184, 320), 'post_conf': (184, 320), 'post_entropy': (184, 320), 'post_argdisp': (184, 320), 'scale_to_full': (), 'feat_left': (128, 184, 320)}
DONE: D:\Users\dust\Documents\학교\2026년도1학기\컴퓨터비전\실습\FoundationStereo\experiments\ds_v2_seed1/minigym_v12\fs
features.npz 저장: {'pre_conf': (184, 320), 'pre_entropy': (184, 320), 'pre_argdisp': (184, 320), 'post_conf': (184, 320), 'post_entropy': (184, 320), 'post_argdisp': (184, 320), 'scale_to_full': (), 'feat_left': (128, 184, 320)}
DONE: D:\Users\dust\Documents\학교\2026년도1학기\컴퓨터비전\실습\FoundationStereo\experiments\ds_v2_seed1/minimal_interior_v12\fs
features.npz 저장: {'pre_conf': (184, 320), 'pre_entropy': (184, 320), 'pre_argdisp': (184, 320), 'post_conf': (184, 320), 'post_entropy': (184, 320), 'post_argdisp': (184, 320), 'scale_to_full': (), 'feat_left': (128, 184, 320)}
DONE: D:\Users\dust\Documents\학교\2026년도1학기\컴퓨터비전\실습\FoundationStereo\experiments\ds_v2_seed1/scandinavian_v12\fs
features.npz 저장: {'pre_conf': (184, 320), 'pre_entropy': (184, 320), 'pre_argdisp': (184, 320), 'post_conf': (184, 320), 'post_entropy': (184, 320), 'post_argdisp': (184, 320), 'scale_to_full': (), 'feat_left': (128, 184, 320)}
DONE: D:\Users\dust\Documents\학교\2026년도1학기\컴퓨터비전\실습\FoundationStereo\experiments\ds_v2_seed1/sunlight_v12\fs
features.npz 저장: {'pre_conf': (184, 320), 'pre_entropy': (184, 320), 'pre_argdisp': (184, 320), 'post_conf': (184, 320), 'post_entropy': (184, 320), 'post_argdisp': (184, 320), 'scale_to_full': (), 'feat_left': (128, 184, 320)}
DONE: D:\Users\dust\Documents\학교\2026년도1학기\컴퓨터비전\실습\FoundationStereo\experiments\ds_v2_seed1/terrazzo_v12\fs
features.npz 저장: {'pre_conf': (184, 320), 'pre_entropy': (184, 320), 'pre_argdisp': (184, 320), 'post_conf': (184, 320), 'post_entropy': (184, 320), 'post_argdisp': (184, 320), 'scale_to_full': (), 'feat_left': (128, 184, 320)}
DONE: D:\Users\dust\Documents\학교\2026년도1학기\컴퓨터비전\실습\FoundationStereo\experiments\ds_v1_seed0/bedroom_v13\fs
features.npz 저장: {'pre_conf': (184, 320), 'pre_entropy': (184, 320), 'pre_argdisp': (184, 320), 'post_conf': (184, 320), 'post_entropy': (184, 320), 'post_argdisp': (184, 320), 'scale_to_full': (), 'feat_left': (128, 184, 320)}
DONE: D:\Users\dust\Documents\학교\2026년도1학기\컴퓨터비전\실습\FoundationStereo\experiments\ds_v1_seed0/blue_bathroom_v13\fs
features.npz 저장: {'pre_conf': (184, 320), 'pre_entropy': (184, 320), 'pre_argdisp': (184, 320), 'post_conf': (184, 320), 'post_entropy': (184, 320), 'post_argdisp': (184, 320), 'scale_to_full': (), 'feat_left': (128, 184, 320)}
DONE: D:\Users\dust\Documents\학교\2026년도1학기\컴퓨터비전\실습\FoundationStereo\experiments\ds_v1_seed0/computer_room_v13\fs
features.npz 저장: {'pre_conf': (184, 320), 'pre_entropy': (184, 320), 'pre_argdisp': (184, 320), 'post_conf': (184, 320), 'post_entropy': (184, 320), 'post_argdisp': (184, 320), 'scale_to_full': (), 'feat_left': (128, 184, 320)}
DONE: D:\Users\dust\Documents\학교\2026년도1학기\컴퓨터비전\실습\FoundationStereo\experiments\ds_v1_seed0/green_house_v13\fs
features.npz 저장: {'pre_conf': (184, 320), 'pre_entropy': (184, 320), 'pre_argdisp': (184, 320), 'post_conf': (184, 320), 'post_entropy': (184, 320), 'post_argdisp': (184, 320), 'scale_to_full': (), 'feat_left': (128, 184, 320)}
DONE: D:\Users\dust\Documents\학교\2026년도1학기\컴퓨터비전\실습\FoundationStereo\experiments\ds_v1_seed0/gym_v13\fs
features.npz 저장: {'pre_conf': (184, 320), 'pre_entropy': (184, 320), 'pre_argdisp': (184, 320), 'post_conf': (184, 320), 'post_entropy': (184, 320), 'post_argdisp': (184, 320), 'scale_to_full': (), 'feat_left': (128, 184, 320)}
DONE: D:\Users\dust\Documents\학교\2026년도1학기\컴퓨터비전\실습\FoundationStereo\experiments\ds_v1_seed0/living_room_contemp_v13\fs
features.npz 저장: {'pre_conf': (184, 320), 'pre_entropy': (184, 320), 'pre_argdisp': (184, 320), 'post_conf': (184, 320), 'post_entropy': (184, 320), 'post_argdisp': (184, 320), 'scale_to_full': (), 'feat_left': (128, 184, 320)}
DONE: D:\Users\dust\Documents\학교\2026년도1학기\컴퓨터비전\실습\FoundationStereo\experiments\ds_v1_seed0/livingroom_v13\fs
features.npz 저장: {'pre_conf': (184, 320), 'pre_entropy': (184, 320), 'pre_argdisp': (184, 320), 'post_conf': (184, 320), 'post_entropy': (184, 320), 'post_argdisp': (184, 320), 'scale_to_full': (), 'feat_left': (128, 184, 320)}
DONE: D:\Users\dust\Documents\학교\2026년도1학기\컴퓨터비전\실습\FoundationStereo\experiments\ds_v1_seed0/minigym_v13\fs
[fs_server] 320/1537 (done 320, skip 0, fail 0) 2.7s/view, ETA 54m
features.npz 저장: {'pre_conf': (184, 320), 'pre_entropy': (184, 320), 'pre_argdisp': (184, 320), 'post_conf': (184, 320), 'post_entropy': (184, 320), 'post_argdisp': (184, 320), 'scale_to_full': (), 'feat_left': (128, 184, 320)}
DONE: D:\Users\dust\Documents\학교\2026년도1학기\컴퓨터비전\실습\FoundationStereo\experiments\ds_v1_seed0/minimal_interior_v13\fs
features.npz 저장: {'pre_conf': (184, 320), 'pre_entropy': (184, 320), 'pre_argdisp': (184, 320), 'post_conf': (184, 320), 'post_entropy': (184, 320), 'post_argdisp': (184, 320), 'scale_to_full': (), 'feat_left': (128, 184, 320)}
DONE: D:\Users\dust\Documents\학교\2026년도1학기\컴퓨터비전\실습\FoundationStereo\experiments\ds_v1_seed0/scandinavian_v13\fs
features.npz 저장: {'pre_conf': (184, 320), 'pre_entropy': (184, 320), 'pre_argdisp': (184, 320), 'post_conf': (184, 320), 'post_entropy': (184, 320), 'post_argdisp': (184, 320), 'scale_to_full': (), 'feat_left': (128, 184, 320)}
DONE: D:\Users\dust\Documents\학교\2026년도1학기\컴퓨터비전\실습\FoundationStereo\experiments\ds_v1_seed0/sunlight_v13\fs
features.npz 저장: {'pre_conf': (184, 320), 'pre_entropy': (184, 320), 'pre_argdisp': (184, 320), 'post_conf': (184, 320), 'post_entropy': (184, 320), 'post_argdisp': (184, 320), 'scale_to_full': (), 'feat_left': (128, 184, 320)}
DONE: D:\Users\dust\Documents\학교\2026년도1학기\컴퓨터비전\실습\FoundationStereo\experiments\ds_v1_seed0/terrazzo_v13\fs
features.npz 저장: {'pre_conf': (184, 320), 'pre_entropy': (184, 320), 'pre_argdisp': (184, 320), 'post_conf': (184, 320), 'post_entropy': (184, 320), 'post_argdisp': (184, 320), 'scale_to_full': (), 'feat_left': (128, 184, 320)}
DONE: D:\Users\dust\Documents\학교\2026년도1학기\컴퓨터비전\실습\FoundationStereo\experiments\ds_v2_seed1/bedroom_v13\fs
features.npz 저장: {'pre_conf': (184, 320), 'pre_entropy': (184, 320), 'pre_argdisp': (184, 320), 'post_conf': (184, 320), 'post_entropy': (184, 320), 'post_argdisp': (184, 320), 'scale_to_full': (), 'feat_left': (128, 184, 320)}
DONE: D:\Users\dust\Documents\학교\2026년도1학기\컴퓨터비전\실습\FoundationStereo\experiments\ds_v2_seed1/blue_bathroom_v13\fs
features.npz 저장: {'pre_conf': (184, 320), 'pre_entropy': (184, 320), 'pre_argdisp': (184, 320), 'post_conf': (184, 320), 'post_entropy': (184, 320), 'post_argdisp': (184, 320), 'scale_to_full': (), 'feat_left': (128, 184, 320)}
DONE: D:\Users\dust\Documents\학교\2026년도1학기\컴퓨터비전\실습\FoundationStereo\experiments\ds_v2_seed1/computer_room_v13\fs
features.npz 저장: {'pre_conf': (184, 320), 'pre_entropy': (184, 320), 'pre_argdisp': (184, 320), 'post_conf': (184, 320), 'post_entropy': (184, 320), 'post_argdisp': (184, 320), 'scale_to_full': (), 'feat_left': (128, 184, 320)}
DONE: D:\Users\dust\Documents\학교\2026년도1학기\컴퓨터비전\실습\FoundationStereo\experiments\ds_v2_seed1/green_house_v13\fs
features.npz 저장: {'pre_conf': (184, 320), 'pre_entropy': (184, 320), 'pre_argdisp': (184, 320), 'post_conf': (184, 320), 'post_entropy': (184, 320), 'post_argdisp': (184, 320), 'scale_to_full': (), 'feat_left': (128, 184, 320)}
DONE: D:\Users\dust\Documents\학교\2026년도1학기\컴퓨터비전\실습\FoundationStereo\experiments\ds_v2_seed1/gym_v13\fs
features.npz 저장: {'pre_conf': (184, 320), 'pre_entropy': (184, 320), 'pre_argdisp': (184, 320), 'post_conf': (184, 320), 'post_entropy': (184, 320), 'post_argdisp': (184, 320), 'scale_to_full': (), 'feat_left': (128, 184, 320)}
DONE: D:\Users\dust\Documents\학교\2026년도1학기\컴퓨터비전\실습\FoundationStereo\experiments\ds_v2_seed1/living_room_contemp_v13\fs
features.npz 저장: {'pre_conf': (184, 320), 'pre_entropy': (184, 320), 'pre_argdisp': (184, 320), 'post_conf': (184, 320), 'post_entropy': (184, 320), 'post_argdisp': (184, 320), 'scale_to_full': (), 'feat_left': (128, 184, 320)}
DONE: D:\Users\dust\Documents\학교\2026년도1학기\컴퓨터비전\실습\FoundationStereo\experiments\ds_v2_seed1/livingroom_v13\fs
features.npz 저장: {'pre_conf': (184, 320), 'pre_entropy': (184, 320), 'pre_argdisp': (184, 320), 'post_conf': (184, 320), 'post_entropy': (184, 320), 'post_argdisp': (184, 320), 'scale_to_full': (), 'feat_left': (128, 184, 320)}
DONE: D:\Users\dust\Documents\학교\2026년도1학기\컴퓨터비전\실습\FoundationStereo\experiments\ds_v2_seed1/minigym_v13\fs
features.npz 저장: {'pre_conf': (184, 320), 'pre_entropy': (184, 320), 'pre_argdisp': (184, 320), 'post_conf': (184, 320), 'post_entropy': (184, 320), 'post_argdisp': (184, 320), 'scale_to_full': (), 'feat_left': (128, 184, 320)}
DONE: D:\Users\dust\Documents\학교\2026년도1학기\컴퓨터비전\실습\FoundationStereo\experiments\ds_v2_seed1/minimal_interior_v13\fs
features.npz 저장: {'pre_conf': (184, 320), 'pre_entropy': (184, 320), 'pre_argdisp': (184, 320), 'post_conf': (184, 320), 'post_entropy': (184, 320), 'post_argdisp': (184, 320), 'scale_to_full': (), 'feat_left': (128, 184, 320)}
DONE: D:\Users\dust\Documents\학교\2026년도1학기\컴퓨터비전\실습\FoundationStereo\experiments\ds_v2_seed1/scandinavian_v13\fs
features.npz 저장: {'pre_conf': (184, 320), 'pre_entropy': (184, 320), 'pre_argdisp': (184, 320), 'post_conf': (184, 320), 'post_entropy': (184, 320), 'post_argdisp': (184, 320), 'scale_to_full': (), 'feat_left': (128, 184, 320)}
DONE: D:\Users\dust\Documents\학교\2026년도1학기\컴퓨터비전\실습\FoundationStereo\experiments\ds_v2_seed1/sunlight_v13\fs
features.npz 저장: {'pre_conf': (184, 320), 'pre_entropy': (184, 320), 'pre_argdisp': (184, 320), 'post_conf': (184, 320), 'post_entropy': (184, 320), 'post_argdisp': (184, 320), 'scale_to_full': (), 'feat_left': (128, 184, 320)}
DONE: D:\Users\dust\Documents\학교\2026년도1학기\컴퓨터비전\실습\FoundationStereo\experiments\ds_v2_seed1/terrazzo_v13\fs
features.npz 저장: {'pre_conf': (184, 320), 'pre_entropy': (184, 320), 'pre_argdisp': (184, 320), 'post_conf': (184, 320), 'post_entropy': (184, 320), 'post_argdisp': (184, 320), 'scale_to_full': (), 'feat_left': (128, 184, 320)}
DONE: D:\Users\dust\Documents\학교\2026년도1학기\컴퓨터비전\실습\FoundationStereo\experiments\ds_v1_seed0/bedroom_v14\fs
features.npz 저장: {'pre_conf': (184, 320), 'pre_entropy': (184, 320), 'pre_argdisp': (184, 320), 'post_conf': (184, 320), 'post_entropy': (184, 320), 'post_argdisp': (184, 320), 'scale_to_full': (), 'feat_left': (128, 184, 320)}
DONE: D:\Users\dust\Documents\학교\2026년도1학기\컴퓨터비전\실습\FoundationStereo\experiments\ds_v1_seed0/blue_bathroom_v14\fs
features.npz 저장: {'pre_conf': (184, 320), 'pre_entropy': (184, 320), 'pre_argdisp': (184, 320), 'post_conf': (184, 320), 'post_entropy': (184, 320), 'post_argdisp': (184, 320), 'scale_to_full': (), 'feat_left': (128, 184, 320)}
DONE: D:\Users\dust\Documents\학교\2026년도1학기\컴퓨터비전\실습\FoundationStereo\experiments\ds_v1_seed0/computer_room_v14\fs
features.npz 저장: {'pre_conf': (184, 320), 'pre_entropy': (184, 320), 'pre_argdisp': (184, 320), 'post_conf': (184, 320), 'post_entropy': (184, 320), 'post_argdisp': (184, 320), 'scale_to_full': (), 'feat_left': (128, 184, 320)}
DONE: D:\Users\dust\Documents\학교\2026년도1학기\컴퓨터비전\실습\FoundationStereo\experiments\ds_v1_seed0/green_house_v14\fs
[fs_server] 340/1537 (done 340, skip 0, fail 0) 2.7s/view, ETA 53m
features.npz 저장: {'pre_conf': (184, 320), 'pre_entropy': (184, 320), 'pre_argdisp': (184, 320), 'post_conf': (184, 320), 'post_entropy': (184, 320), 'post_argdisp': (184, 320), 'scale_to_full': (), 'feat_left': (128, 184, 320)}
DONE: D:\Users\dust\Documents\학교\2026년도1학기\컴퓨터비전\실습\FoundationStereo\experiments\ds_v1_seed0/gym_v14\fs
features.npz 저장: {'pre_conf': (184, 320), 'pre_entropy': (184, 320), 'pre_argdisp': (184, 320), 'post_conf': (184, 320), 'post_entropy': (184, 320), 'post_argdisp': (184, 320), 'scale_to_full': (), 'feat_left': (128, 184, 320)}
DONE: D:\Users\dust\Documents\학교\2026년도1학기\컴퓨터비전\실습\FoundationStereo\experiments\ds_v1_seed0/living_room_contemp_v14\fs
features.npz 저장: {'pre_conf': (184, 320), 'pre_entropy': (184, 320), 'pre_argdisp': (184, 320), 'post_conf': (184, 320), 'post_entropy': (184, 320), 'post_argdisp': (184, 320), 'scale_to_full': (), 'feat_left': (128, 184, 320)}
DONE: D:\Users\dust\Documents\학교\2026년도1학기\컴퓨터비전\실습\FoundationStereo\experiments\ds_v1_seed0/livingroom_v14\fs
features.npz 저장: {'pre_conf': (184, 320), 'pre_entropy': (184, 320), 'pre_argdisp': (184, 320), 'post_conf': (184, 320), 'post_entropy': (184, 320), 'post_argdisp': (184, 320), 'scale_to_full': (), 'feat_left': (128, 184, 320)}
DONE: D:\Users\dust\Documents\학교\2026년도1학기\컴퓨터비전\실습\FoundationStereo\experiments\ds_v1_seed0/minigym_v14\fs
features.npz 저장: {'pre_conf': (184, 320), 'pre_entropy': (184, 320), 'pre_argdisp': (184, 320), 'post_conf': (184, 320), 'post_entropy': (184, 320), 'post_argdisp': (184, 320), 'scale_to_full': (), 'feat_left': (128, 184, 320)}
DONE: D:\Users\dust\Documents\학교\2026년도1학기\컴퓨터비전\실습\FoundationStereo\experiments\ds_v1_seed0/minimal_interior_v14\fs
features.npz 저장: {'pre_conf': (184, 320), 'pre_entropy': (184, 320), 'pre_argdisp': (184, 320), 'post_conf': (184, 320), 'post_entropy': (184, 320), 'post_argdisp': (184, 320), 'scale_to_full': (), 'feat_left': (128, 184, 320)}
DONE: D:\Users\dust\Documents\학교\2026년도1학기\컴퓨터비전\실습\FoundationStereo\experiments\ds_v1_seed0/scandinavian_v14\fs
features.npz 저장: {'pre_conf': (184, 320), 'pre_entropy': (184, 320), 'pre_argdisp': (184, 320), 'post_conf': (184, 320), 'post_entropy': (184, 320), 'post_argdisp': (184, 320), 'scale_to_full': (), 'feat_left': (128, 184, 320)}
DONE: D:\Users\dust\Documents\학교\2026년도1학기\컴퓨터비전\실습\FoundationStereo\experiments\ds_v1_seed0/sunlight_v14\fs
features.npz 저장: {'pre_conf': (184, 320), 'pre_entropy': (184, 320), 'pre_argdisp': (184, 320), 'post_conf': (184, 320), 'post_entropy': (184, 320), 'post_argdisp': (184, 320), 'scale_to_full': (), 'feat_left': (128, 184, 320)}
DONE: D:\Users\dust\Documents\학교\2026년도1학기\컴퓨터비전\실습\FoundationStereo\experiments\ds_v1_seed0/terrazzo_v14\fs
features.npz 저장: {'pre_conf': (184, 320), 'pre_entropy': (184, 320), 'pre_argdisp': (184, 320), 'post_conf': (184, 320), 'post_entropy': (184, 320), 'post_argdisp': (184, 320), 'scale_to_full': (), 'feat_left': (128, 184, 320)}
DONE: D:\Users\dust\Documents\학교\2026년도1학기\컴퓨터비전\실습\FoundationStereo\experiments\ds_v2_seed1/bedroom_v14\fs
features.npz 저장: {'pre_conf': (184, 320), 'pre_entropy': (184, 320), 'pre_argdisp': (184, 320), 'post_conf': (184, 320), 'post_entropy': (184, 320), 'post_argdisp': (184, 320), 'scale_to_full': (), 'feat_left': (128, 184, 320)}
DONE: D:\Users\dust\Documents\학교\2026년도1학기\컴퓨터비전\실습\FoundationStereo\experiments\ds_v2_seed1/blue_bathroom_v14\fs
features.npz 저장: {'pre_conf': (184, 320), 'pre_entropy': (184, 320), 'pre_argdisp': (184, 320), 'post_conf': (184, 320), 'post_entropy': (184, 320), 'post_argdisp': (184, 320), 'scale_to_full': (), 'feat_left': (128, 184, 320)}
DONE: D:\Users\dust\Documents\학교\2026년도1학기\컴퓨터비전\실습\FoundationStereo\experiments\ds_v2_seed1/computer_room_v14\fs
features.npz 저장: {'pre_conf': (184, 320), 'pre_entropy': (184, 320), 'pre_argdisp': (184, 320), 'post_conf': (184, 320), 'post_entropy': (184, 320), 'post_argdisp': (184, 320), 'scale_to_full': (), 'feat_left': (128, 184, 320)}
DONE: D:\Users\dust\Documents\학교\2026년도1학기\컴퓨터비전\실습\FoundationStereo\experiments\ds_v2_seed1/green_house_v14\fs
features.npz 저장: {'pre_conf': (184, 320), 'pre_entropy': (184, 320), 'pre_argdisp': (184, 320), 'post_conf': (184, 320), 'post_entropy': (184, 320), 'post_argdisp': (184, 320), 'scale_to_full': (), 'feat_left': (128, 184, 320)}
DONE: D:\Users\dust\Documents\학교\2026년도1학기\컴퓨터비전\실습\FoundationStereo\experiments\ds_v2_seed1/gym_v14\fs
features.npz 저장: {'pre_conf': (184, 320), 'pre_entropy': (184, 320), 'pre_argdisp': (184, 320), 'post_conf': (184, 320), 'post_entropy': (184, 320), 'post_argdisp': (184, 320), 'scale_to_full': (), 'feat_left': (128, 184, 320)}
DONE: D:\Users\dust\Documents\학교\2026년도1학기\컴퓨터비전\실습\FoundationStereo\experiments\ds_v2_seed1/living_room_contemp_v14\fs
features.npz 저장: {'pre_conf': (184, 320), 'pre_entropy': (184, 320), 'pre_argdisp': (184, 320), 'post_conf': (184, 320), 'post_entropy': (184, 320), 'post_argdisp': (184, 320), 'scale_to_full': (), 'feat_left': (128, 184, 320)}
DONE: D:\Users\dust\Documents\학교\2026년도1학기\컴퓨터비전\실습\FoundationStereo\experiments\ds_v2_seed1/livingroom_v14\fs
features.npz 저장: {'pre_conf': (184, 320), 'pre_entropy': (184, 320), 'pre_argdisp': (184, 320), 'post_conf': (184, 320), 'post_entropy': (184, 320), 'post_argdisp': (184, 320), 'scale_to_full': (), 'feat_left': (128, 184, 320)}
DONE: D:\Users\dust\Documents\학교\2026년도1학기\컴퓨터비전\실습\FoundationStereo\experiments\ds_v2_seed1/minigym_v14\fs
features.npz 저장: {'pre_conf': (184, 320), 'pre_entropy': (184, 320), 'pre_argdisp': (184, 320), 'post_conf': (184, 320), 'post_entropy': (184, 320), 'post_argdisp': (184, 320), 'scale_to_full': (), 'feat_left': (128, 184, 320)}
DONE: D:\Users\dust\Documents\학교\2026년도1학기\컴퓨터비전\실습\FoundationStereo\experiments\ds_v2_seed1/minimal_interior_v14\fs
features.npz 저장: {'pre_conf': (184, 320), 'pre_entropy': (184, 320), 'pre_argdisp': (184, 320), 'post_conf': (184, 320), 'post_entropy': (184, 320), 'post_argdisp': (184, 320), 'scale_to_full': (), 'feat_left': (128, 184, 320)}
DONE: D:\Users\dust\Documents\학교\2026년도1학기\컴퓨터비전\실습\FoundationStereo\experiments\ds_v2_seed1/scandinavian_v14\fs
features.npz 저장: {'pre_conf': (184, 320), 'pre_entropy': (184, 320), 'pre_argdisp': (184, 320), 'post_conf': (184, 320), 'post_entropy': (184, 320), 'post_argdisp': (184, 320), 'scale_to_full': (), 'feat_left': (128, 184, 320)}
DONE: D:\Users\dust\Documents\학교\2026년도1학기\컴퓨터비전\실습\FoundationStereo\experiments\ds_v2_seed1/sunlight_v14\fs
features.npz 저장: {'pre_conf': (184, 320), 'pre_entropy': (184, 320), 'pre_argdisp': (184, 320), 'post_conf': (184, 320), 'post_entropy': (184, 320), 'post_argdisp': (184, 320), 'scale_to_full': (), 'feat_left': (128, 184, 320)}
DONE: D:\Users\dust\Documents\학교\2026년도1학기\컴퓨터비전\실습\FoundationStereo\experiments\ds_v2_seed1/terrazzo_v14\fs
[fs_server] 360/1537 (done 360, skip 0, fail 0) 2.7s/view, ETA 53m
features.npz 저장: {'pre_conf': (184, 320), 'pre_entropy': (184, 320), 'pre_argdisp': (184, 320), 'post_conf': (184, 320), 'post_entropy': (184, 320), 'post_argdisp': (184, 320), 'scale_to_full': (), 'feat_left': (128, 184, 320)}
DONE: D:\Users\dust\Documents\학교\2026년도1학기\컴퓨터비전\실습\FoundationStereo\experiments\ds_v1_seed0/bedroom_v15\fs
features.npz 저장: {'pre_conf': (184, 320), 'pre_entropy': (184, 320), 'pre_argdisp': (184, 320), 'post_conf': (184, 320), 'post_entropy': (184, 320), 'post_argdisp': (184, 320), 'scale_to_full': (), 'feat_left': (128, 184, 320)}
DONE: D:\Users\dust\Documents\학교\2026년도1학기\컴퓨터비전\실습\FoundationStereo\experiments\ds_v1_seed0/blue_bathroom_v15\fs
features.npz 저장: {'pre_conf': (184, 320), 'pre_entropy': (184, 320), 'pre_argdisp': (184, 320), 'post_conf': (184, 320), 'post_entropy': (184, 320), 'post_argdisp': (184, 320), 'scale_to_full': (), 'feat_left': (128, 184, 320)}
DONE: D:\Users\dust\Documents\학교\2026년도1학기\컴퓨터비전\실습\FoundationStereo\experiments\ds_v1_seed0/computer_room_v15\fs
features.npz 저장: {'pre_conf': (184, 320), 'pre_entropy': (184, 320), 'pre_argdisp': (184, 320), 'post_conf': (184, 320), 'post_entropy': (184, 320), 'post_argdisp': (184, 320), 'scale_to_full': (), 'feat_left': (128, 184, 320)}
DONE: D:\Users\dust\Documents\학교\2026년도1학기\컴퓨터비전\실습\FoundationStereo\experiments\ds_v1_seed0/green_house_v15\fs
features.npz 저장: {'pre_conf': (184, 320), 'pre_entropy': (184, 320), 'pre_argdisp': (184, 320), 'post_conf': (184, 320), 'post_entropy': (184, 320), 'post_argdisp': (184, 320), 'scale_to_full': (), 'feat_left': (128, 184, 320)}
DONE: D:\Users\dust\Documents\학교\2026년도1학기\컴퓨터비전\실습\FoundationStereo\experiments\ds_v1_seed0/gym_v15\fs
features.npz 저장: {'pre_conf': (184, 320), 'pre_entropy': (184, 320), 'pre_argdisp': (184, 320), 'post_conf': (184, 320), 'post_entropy': (184, 320), 'post_argdisp': (184, 320), 'scale_to_full': (), 'feat_left': (128, 184, 320)}
DONE: D:\Users\dust\Documents\학교\2026년도1학기\컴퓨터비전\실습\FoundationStereo\experiments\ds_v1_seed0/living_room_contemp_v15\fs
features.npz 저장: {'pre_conf': (184, 320), 'pre_entropy': (184, 320), 'pre_argdisp': (184, 320), 'post_conf': (184, 320), 'post_entropy': (184, 320), 'post_argdisp': (184, 320), 'scale_to_full': (), 'feat_left': (128, 184, 320)}
DONE: D:\Users\dust\Documents\학교\2026년도1학기\컴퓨터비전\실습\FoundationStereo\experiments\ds_v1_seed0/livingroom_v15\fs
features.npz 저장: {'pre_conf': (184, 320), 'pre_entropy': (184, 320), 'pre_argdisp': (184, 320), 'post_conf': (184, 320), 'post_entropy': (184, 320), 'post_argdisp': (184, 320), 'scale_to_full': (), 'feat_left': (128, 184, 320)}
DONE: D:\Users\dust\Documents\학교\2026년도1학기\컴퓨터비전\실습\FoundationStereo\experiments\ds_v1_seed0/minigym_v15\fs
features.npz 저장: {'pre_conf': (184, 320), 'pre_entropy': (184, 320), 'pre_argdisp': (184, 320), 'post_conf': (184, 320), 'post_entropy': (184, 320), 'post_argdisp': (184, 320), 'scale_to_full': (), 'feat_left': (128, 184, 320)}
DONE: D:\Users\dust\Documents\학교\2026년도1학기\컴퓨터비전\실습\FoundationStereo\experiments\ds_v1_seed0/minimal_interior_v15\fs
features.npz 저장: {'pre_conf': (184, 320), 'pre_entropy': (184, 320), 'pre_argdisp': (184, 320), 'post_conf': (184, 320), 'post_entropy': (184, 320), 'post_argdisp': (184, 320), 'scale_to_full': (), 'feat_left': (128, 184, 320)}
DONE: D:\Users\dust\Documents\학교\2026년도1학기\컴퓨터비전\실습\FoundationStereo\experiments\ds_v1_seed0/scandinavian_v15\fs
features.npz 저장: {'pre_conf': (184, 320), 'pre_entropy': (184, 320), 'pre_argdisp': (184, 320), 'post_conf': (184, 320), 'post_entropy': (184, 320), 'post_argdisp': (184, 320), 'scale_to_full': (), 'feat_left': (128, 184, 320)}
DONE: D:\Users\dust\Documents\학교\2026년도1학기\컴퓨터비전\실습\FoundationStereo\experiments\ds_v1_seed0/sunlight_v15\fs
features.npz 저장: {'pre_conf': (184, 320), 'pre_entropy': (184, 320), 'pre_argdisp': (184, 320), 'post_conf': (184, 320), 'post_entropy': (184, 320), 'post_argdisp': (184, 320), 'scale_to_full': (), 'feat_left': (128, 184, 320)}
DONE: D:\Users\dust\Documents\학교\2026년도1학기\컴퓨터비전\실습\FoundationStereo\experiments\ds_v1_seed0/terrazzo_v15\fs
features.npz 저장: {'pre_conf': (184, 320), 'pre_entropy': (184, 320), 'pre_argdisp': (184, 320), 'post_conf': (184, 320), 'post_entropy': (184, 320), 'post_argdisp': (184, 320), 'scale_to_full': (), 'feat_left': (128, 184, 320)}
DONE: D:\Users\dust\Documents\학교\2026년도1학기\컴퓨터비전\실습\FoundationStereo\experiments\ds_v2_seed1/bedroom_v15\fs
features.npz 저장: {'pre_conf': (184, 320), 'pre_entropy': (184, 320), 'pre_argdisp': (184, 320), 'post_conf': (184, 320), 'post_entropy': (184, 320), 'post_argdisp': (184, 320), 'scale_to_full': (), 'feat_left': (128, 184, 320)}
DONE: D:\Users\dust\Documents\학교\2026년도1학기\컴퓨터비전\실습\FoundationStereo\experiments\ds_v2_seed1/blue_bathroom_v15\fs
features.npz 저장: {'pre_conf': (184, 320), 'pre_entropy': (184, 320), 'pre_argdisp': (184, 320), 'post_conf': (184, 320), 'post_entropy': (184, 320), 'post_argdisp': (184, 320), 'scale_to_full': (), 'feat_left': (128, 184, 320)}
DONE: D:\Users\dust\Documents\학교\2026년도1학기\컴퓨터비전\실습\FoundationStereo\experiments\ds_v2_seed1/computer_room_v15\fs
features.npz 저장: {'pre_conf': (184, 320), 'pre_entropy': (184, 320), 'pre_argdisp': (184, 320), 'post_conf': (184, 320), 'post_entropy': (184, 320), 'post_argdisp': (184, 320), 'scale_to_full': (), 'feat_left': (128, 184, 320)}
DONE: D:\Users\dust\Documents\학교\2026년도1학기\컴퓨터비전\실습\FoundationStereo\experiments\ds_v2_seed1/green_house_v15\fs
features.npz 저장: {'pre_conf': (184, 320), 'pre_entropy': (184, 320), 'pre_argdisp': (184, 320), 'post_conf': (184, 320), 'post_entropy': (184, 320), 'post_argdisp': (184, 320), 'scale_to_full': (), 'feat_left': (128, 184, 320)}
DONE: D:\Users\dust\Documents\학교\2026년도1학기\컴퓨터비전\실습\FoundationStereo\experiments\ds_v2_seed1/gym_v15\fs
features.npz 저장: {'pre_conf': (184, 320), 'pre_entropy': (184, 320), 'pre_argdisp': (184, 320), 'post_conf': (184, 320), 'post_entropy': (184, 320), 'post_argdisp': (184, 320), 'scale_to_full': (), 'feat_left': (128, 184, 320)}
DONE: D:\Users\dust\Documents\학교\2026년도1학기\컴퓨터비전\실습\FoundationStereo\experiments\ds_v2_seed1/living_room_contemp_v15\fs
features.npz 저장: {'pre_conf': (184, 320), 'pre_entropy': (184, 320), 'pre_argdisp': (184, 320), 'post_conf': (184, 320), 'post_entropy': (184, 320), 'post_argdisp': (184, 320), 'scale_to_full': (), 'feat_left': (128, 184, 320)}
DONE: D:\Users\dust\Documents\학교\2026년도1학기\컴퓨터비전\실습\FoundationStereo\experiments\ds_v2_seed1/livingroom_v15\fs
features.npz 저장: {'pre_conf': (184, 320), 'pre_entropy': (184, 320), 'pre_argdisp': (184, 320), 'post_conf': (184, 320), 'post_entropy': (184, 320), 'post_argdisp': (184, 320), 'scale_to_full': (), 'feat_left': (128, 184, 320)}
DONE: D:\Users\dust\Documents\학교\2026년도1학기\컴퓨터비전\실습\FoundationStereo\experiments\ds_v2_seed1/minigym_v15\fs
[fs_server] 380/1537 (done 380, skip 0, fail 0) 2.7s/view, ETA 52m
features.npz 저장: {'pre_conf': (184, 320), 'pre_entropy': (184, 320), 'pre_argdisp': (184, 320), 'post_conf': (184, 320), 'post_entropy': (184, 320), 'post_argdisp': (184, 320), 'scale_to_full': (), 'feat_left': (128, 184, 320)}
DONE: D:\Users\dust\Documents\학교\2026년도1학기\컴퓨터비전\실습\FoundationStereo\experiments\ds_v2_seed1/minimal_interior_v15\fs
features.npz 저장: {'pre_conf': (184, 320), 'pre_entropy': (184, 320), 'pre_argdisp': (184, 320), 'post_conf': (184, 320), 'post_entropy': (184, 320), 'post_argdisp': (184, 320), 'scale_to_full': (), 'feat_left': (128, 184, 320)}
DONE: D:\Users\dust\Documents\학교\2026년도1학기\컴퓨터비전\실습\FoundationStereo\experiments\ds_v2_seed1/scandinavian_v15\fs
features.npz 저장: {'pre_conf': (184, 320), 'pre_entropy': (184, 320), 'pre_argdisp': (184, 320), 'post_conf': (184, 320), 'post_entropy': (184, 320), 'post_argdisp': (184, 320), 'scale_to_full': (), 'feat_left': (128, 184, 320)}
DONE: D:\Users\dust\Documents\학교\2026년도1학기\컴퓨터비전\실습\FoundationStereo\experiments\ds_v2_seed1/sunlight_v15\fs
features.npz 저장: {'pre_conf': (184, 320), 'pre_entropy': (184, 320), 'pre_argdisp': (184, 320), 'post_conf': (184, 320), 'post_entropy': (184, 320), 'post_argdisp': (184, 320), 'scale_to_full': (), 'feat_left': (128, 184, 320)}
DONE: D:\Users\dust\Documents\학교\2026년도1학기\컴퓨터비전\실습\FoundationStereo\experiments\ds_v2_seed1/terrazzo_v15\fs
features.npz 저장: {'pre_conf': (184, 320), 'pre_entropy': (184, 320), 'pre_argdisp': (184, 320), 'post_conf': (184, 320), 'post_entropy': (184, 320), 'post_argdisp': (184, 320), 'scale_to_full': (), 'feat_left': (128, 184, 320)}
DONE: D:\Users\dust\Documents\학교\2026년도1학기\컴퓨터비전\실습\FoundationStereo\experiments\ds_v1_seed0/bedroom_v16\fs
features.npz 저장: {'pre_conf': (184, 320), 'pre_entropy': (184, 320), 'pre_argdisp': (184, 320), 'post_conf': (184, 320), 'post_entropy': (184, 320), 'post_argdisp': (184, 320), 'scale_to_full': (), 'feat_left': (128, 184, 320)}
DONE: D:\Users\dust\Documents\학교\2026년도1학기\컴퓨터비전\실습\FoundationStereo\experiments\ds_v1_seed0/blue_bathroom_v16\fs
features.npz 저장: {'pre_conf': (184, 320), 'pre_entropy': (184, 320), 'pre_argdisp': (184, 320), 'post_conf': (184, 320), 'post_entropy': (184, 320), 'post_argdisp': (184, 320), 'scale_to_full': (), 'feat_left': (128, 184, 320)}
DONE: D:\Users\dust\Documents\학교\2026년도1학기\컴퓨터비전\실습\FoundationStereo\experiments\ds_v1_seed0/computer_room_v16\fs
features.npz 저장: {'pre_conf': (184, 320), 'pre_entropy': (184, 320), 'pre_argdisp': (184, 320), 'post_conf': (184, 320), 'post_entropy': (184, 320), 'post_argdisp': (184, 320), 'scale_to_full': (), 'feat_left': (128, 184, 320)}
DONE: D:\Users\dust\Documents\학교\2026년도1학기\컴퓨터비전\실습\FoundationStereo\experiments\ds_v1_seed0/green_house_v16\fs
features.npz 저장: {'pre_conf': (184, 320), 'pre_entropy': (184, 320), 'pre_argdisp': (184, 320), 'post_conf': (184, 320), 'post_entropy': (184, 320), 'post_argdisp': (184, 320), 'scale_to_full': (), 'feat_left': (128, 184, 320)}
DONE: D:\Users\dust\Documents\학교\2026년도1학기\컴퓨터비전\실습\FoundationStereo\experiments\ds_v1_seed0/gym_v16\fs
features.npz 저장: {'pre_conf': (184, 320), 'pre_entropy': (184, 320), 'pre_argdisp': (184, 320), 'post_conf': (184, 320), 'post_entropy': (184, 320), 'post_argdisp': (184, 320), 'scale_to_full': (), 'feat_left': (128, 184, 320)}
DONE: D:\Users\dust\Documents\학교\2026년도1학기\컴퓨터비전\실습\FoundationStereo\experiments\ds_v1_seed0/living_room_contemp_v16\fs
features.npz 저장: {'pre_conf': (184, 320), 'pre_entropy': (184, 320), 'pre_argdisp': (184, 320), 'post_conf': (184, 320), 'post_entropy': (184, 320), 'post_argdisp': (184, 320), 'scale_to_full': (), 'feat_left': (128, 184, 320)}
DONE: D:\Users\dust\Documents\학교\2026년도1학기\컴퓨터비전\실습\FoundationStereo\experiments\ds_v1_seed0/livingroom_v16\fs
features.npz 저장: {'pre_conf': (184, 320), 'pre_entropy': (184, 320), 'pre_argdisp': (184, 320), 'post_conf': (184, 320), 'post_entropy': (184, 320), 'post_argdisp': (184, 320), 'scale_to_full': (), 'feat_left': (128, 184, 320)}
DONE: D:\Users\dust\Documents\학교\2026년도1학기\컴퓨터비전\실습\FoundationStereo\experiments\ds_v1_seed0/minigym_v16\fs
features.npz 저장: {'pre_conf': (184, 320), 'pre_entropy': (184, 320), 'pre_argdisp': (184, 320), 'post_conf': (184, 320), 'post_entropy': (184, 320), 'post_argdisp': (184, 320), 'scale_to_full': (), 'feat_left': (128, 184, 320)}
DONE: D:\Users\dust\Documents\학교\2026년도1학기\컴퓨터비전\실습\FoundationStereo\experiments\ds_v1_seed0/minimal_interior_v16\fs
features.npz 저장: {'pre_conf': (184, 320), 'pre_entropy': (184, 320), 'pre_argdisp': (184, 320), 'post_conf': (184, 320), 'post_entropy': (184, 320), 'post_argdisp': (184, 320), 'scale_to_full': (), 'feat_left': (128, 184, 320)}
DONE: D:\Users\dust\Documents\학교\2026년도1학기\컴퓨터비전\실습\FoundationStereo\experiments\ds_v1_seed0/scandinavian_v16\fs
features.npz 저장: {'pre_conf': (184, 320), 'pre_entropy': (184, 320), 'pre_argdisp': (184, 320), 'post_conf': (184, 320), 'post_entropy': (184, 320), 'post_argdisp': (184, 320), 'scale_to_full': (), 'feat_left': (128, 184, 320)}
DONE: D:\Users\dust\Documents\학교\2026년도1학기\컴퓨터비전\실습\FoundationStereo\experiments\ds_v1_seed0/sunlight_v16\fs
features.npz 저장: {'pre_conf': (184, 320), 'pre_entropy': (184, 320), 'pre_argdisp': (184, 320), 'post_conf': (184, 320), 'post_entropy': (184, 320), 'post_argdisp': (184, 320), 'scale_to_full': (), 'feat_left': (128, 184, 320)}
DONE: D:\Users\dust\Documents\학교\2026년도1학기\컴퓨터비전\실습\FoundationStereo\experiments\ds_v1_seed0/terrazzo_v16\fs
features.npz 저장: {'pre_conf': (184, 320), 'pre_entropy': (184, 320), 'pre_argdisp': (184, 320), 'post_conf': (184, 320), 'post_entropy': (184, 320), 'post_argdisp': (184, 320), 'scale_to_full': (), 'feat_left': (128, 184, 320)}
DONE: D:\Users\dust\Documents\학교\2026년도1학기\컴퓨터비전\실습\FoundationStereo\experiments\ds_v2_seed1/bedroom_v16\fs
features.npz 저장: {'pre_conf': (184, 320), 'pre_entropy': (184, 320), 'pre_argdisp': (184, 320), 'post_conf': (184, 320), 'post_entropy': (184, 320), 'post_argdisp': (184, 320), 'scale_to_full': (), 'feat_left': (128, 184, 320)}
DONE: D:\Users\dust\Documents\학교\2026년도1학기\컴퓨터비전\실습\FoundationStereo\experiments\ds_v2_seed1/blue_bathroom_v16\fs
features.npz 저장: {'pre_conf': (184, 320), 'pre_entropy': (184, 320), 'pre_argdisp': (184, 320), 'post_conf': (184, 320), 'post_entropy': (184, 320), 'post_argdisp': (184, 320), 'scale_to_full': (), 'feat_left': (128, 184, 320)}
DONE: D:\Users\dust\Documents\학교\2026년도1학기\컴퓨터비전\실습\FoundationStereo\experiments\ds_v2_seed1/computer_room_v16\fs
features.npz 저장: {'pre_conf': (184, 320), 'pre_entropy': (184, 320), 'pre_argdisp': (184, 320), 'post_conf': (184, 320), 'post_entropy': (184, 320), 'post_argdisp': (184, 320), 'scale_to_full': (), 'feat_left': (128, 184, 320)}
DONE: D:\Users\dust\Documents\학교\2026년도1학기\컴퓨터비전\실습\FoundationStereo\experiments\ds_v2_seed1/green_house_v16\fs
[fs_server] 400/1537 (done 400, skip 0, fail 0) 2.7s/view, ETA 51m
features.npz 저장: {'pre_conf': (184, 320), 'pre_entropy': (184, 320), 'pre_argdisp': (184, 320), 'post_conf': (184, 320), 'post_entropy': (184, 320), 'post_argdisp': (184, 320), 'scale_to_full': (), 'feat_left': (128, 184, 320)}
DONE: D:\Users\dust\Documents\학교\2026년도1학기\컴퓨터비전\실습\FoundationStereo\experiments\ds_v2_seed1/gym_v16\fs
features.npz 저장: {'pre_conf': (184, 320), 'pre_entropy': (184, 320), 'pre_argdisp': (184, 320), 'post_conf': (184, 320), 'post_entropy': (184, 320), 'post_argdisp': (184, 320), 'scale_to_full': (), 'feat_left': (128, 184, 320)}
DONE: D:\Users\dust\Documents\학교\2026년도1학기\컴퓨터비전\실습\FoundationStereo\experiments\ds_v2_seed1/living_room_contemp_v16\fs
features.npz 저장: {'pre_conf': (184, 320), 'pre_entropy': (184, 320), 'pre_argdisp': (184, 320), 'post_conf': (184, 320), 'post_entropy': (184, 320), 'post_argdisp': (184, 320), 'scale_to_full': (), 'feat_left': (128, 184, 320)}
DONE: D:\Users\dust\Documents\학교\2026년도1학기\컴퓨터비전\실습\FoundationStereo\experiments\ds_v2_seed1/livingroom_v16\fs
features.npz 저장: {'pre_conf': (184, 320), 'pre_entropy': (184, 320), 'pre_argdisp': (184, 320), 'post_conf': (184, 320), 'post_entropy': (184, 320), 'post_argdisp': (184, 320), 'scale_to_full': (), 'feat_left': (128, 184, 320)}
DONE: D:\Users\dust\Documents\학교\2026년도1학기\컴퓨터비전\실습\FoundationStereo\experiments\ds_v2_seed1/minigym_v16\fs
features.npz 저장: {'pre_conf': (184, 320), 'pre_entropy': (184, 320), 'pre_argdisp': (184, 320), 'post_conf': (184, 320), 'post_entropy': (184, 320), 'post_argdisp': (184, 320), 'scale_to_full': (), 'feat_left': (128, 184, 320)}
DONE: D:\Users\dust\Documents\학교\2026년도1학기\컴퓨터비전\실습\FoundationStereo\experiments\ds_v2_seed1/minimal_interior_v16\fs
features.npz 저장: {'pre_conf': (184, 320), 'pre_entropy': (184, 320), 'pre_argdisp': (184, 320), 'post_conf': (184, 320), 'post_entropy': (184, 320), 'post_argdisp': (184, 320), 'scale_to_full': (), 'feat_left': (128, 184, 320)}
DONE: D:\Users\dust\Documents\학교\2026년도1학기\컴퓨터비전\실습\FoundationStereo\experiments\ds_v2_seed1/scandinavian_v16\fs
features.npz 저장: {'pre_conf': (184, 320), 'pre_entropy': (184, 320), 'pre_argdisp': (184, 320), 'post_conf': (184, 320), 'post_entropy': (184, 320), 'post_argdisp': (184, 320), 'scale_to_full': (), 'feat_left': (128, 184, 320)}
DONE: D:\Users\dust\Documents\학교\2026년도1학기\컴퓨터비전\실습\FoundationStereo\experiments\ds_v2_seed1/sunlight_v16\fs
features.npz 저장: {'pre_conf': (184, 320), 'pre_entropy': (184, 320), 'pre_argdisp': (184, 320), 'post_conf': (184, 320), 'post_entropy': (184, 320), 'post_argdisp': (184, 320), 'scale_to_full': (), 'feat_left': (128, 184, 320)}
DONE: D:\Users\dust\Documents\학교\2026년도1학기\컴퓨터비전\실습\FoundationStereo\experiments\ds_v2_seed1/terrazzo_v16\fs
features.npz 저장: {'pre_conf': (184, 320), 'pre_entropy': (184, 320), 'pre_argdisp': (184, 320), 'post_conf': (184, 320), 'post_entropy': (184, 320), 'post_argdisp': (184, 320), 'scale_to_full': (), 'feat_left': (128, 184, 320)}
DONE: D:\Users\dust\Documents\학교\2026년도1학기\컴퓨터비전\실습\FoundationStereo\experiments\ds_v1_seed0/bedroom_v17\fs
features.npz 저장: {'pre_conf': (184, 320), 'pre_entropy': (184, 320), 'pre_argdisp': (184, 320), 'post_conf': (184, 320), 'post_entropy': (184, 320), 'post_argdisp': (184, 320), 'scale_to_full': (), 'feat_left': (128, 184, 320)}
DONE: D:\Users\dust\Documents\학교\2026년도1학기\컴퓨터비전\실습\FoundationStereo\experiments\ds_v1_seed0/blue_bathroom_v17\fs
features.npz 저장: {'pre_conf': (184, 320), 'pre_entropy': (184, 320), 'pre_argdisp': (184, 320), 'post_conf': (184, 320), 'post_entropy': (184, 320), 'post_argdisp': (184, 320), 'scale_to_full': (), 'feat_left': (128, 184, 320)}
DONE: D:\Users\dust\Documents\학교\2026년도1학기\컴퓨터비전\실습\FoundationStereo\experiments\ds_v1_seed0/computer_room_v17\fs
features.npz 저장: {'pre_conf': (184, 320), 'pre_entropy': (184, 320), 'pre_argdisp': (184, 320), 'post_conf': (184, 320), 'post_entropy': (184, 320), 'post_argdisp': (184, 320), 'scale_to_full': (), 'feat_left': (128, 184, 320)}
DONE: D:\Users\dust\Documents\학교\2026년도1학기\컴퓨터비전\실습\FoundationStereo\experiments\ds_v1_seed0/green_house_v17\fs
features.npz 저장: {'pre_conf': (184, 320), 'pre_entropy': (184, 320), 'pre_argdisp': (184, 320), 'post_conf': (184, 320), 'post_entropy': (184, 320), 'post_argdisp': (184, 320), 'scale_to_full': (), 'feat_left': (128, 184, 320)}
DONE: D:\Users\dust\Documents\학교\2026년도1학기\컴퓨터비전\실습\FoundationStereo\experiments\ds_v1_seed0/gym_v17\fs
features.npz 저장: {'pre_conf': (184, 320), 'pre_entropy': (184, 320), 'pre_argdisp': (184, 320), 'post_conf': (184, 320), 'post_entropy': (184, 320), 'post_argdisp': (184, 320), 'scale_to_full': (), 'feat_left': (128, 184, 320)}
DONE: D:\Users\dust\Documents\학교\2026년도1학기\컴퓨터비전\실습\FoundationStereo\experiments\ds_v1_seed0/living_room_contemp_v17\fs
features.npz 저장: {'pre_conf': (184, 320), 'pre_entropy': (184, 320), 'pre_argdisp': (184, 320), 'post_conf': (184, 320), 'post_entropy': (184, 320), 'post_argdisp': (184, 320), 'scale_to_full': (), 'feat_left': (128, 184, 320)}
DONE: D:\Users\dust\Documents\학교\2026년도1학기\컴퓨터비전\실습\FoundationStereo\experiments\ds_v1_seed0/livingroom_v17\fs
features.npz 저장: {'pre_conf': (184, 320), 'pre_entropy': (184, 320), 'pre_argdisp': (184, 320), 'post_conf': (184, 320), 'post_entropy': (184, 320), 'post_argdisp': (184, 320), 'scale_to_full': (), 'feat_left': (128, 184, 320)}
DONE: D:\Users\dust\Documents\학교\2026년도1학기\컴퓨터비전\실습\FoundationStereo\experiments\ds_v1_seed0/minigym_v17\fs
features.npz 저장: {'pre_conf': (184, 320), 'pre_entropy': (184, 320), 'pre_argdisp': (184, 320), 'post_conf': (184, 320), 'post_entropy': (184, 320), 'post_argdisp': (184, 320), 'scale_to_full': (), 'feat_left': (128, 184, 320)}
DONE: D:\Users\dust\Documents\학교\2026년도1학기\컴퓨터비전\실습\FoundationStereo\experiments\ds_v1_seed0/minimal_interior_v17\fs
features.npz 저장: {'pre_conf': (184, 320), 'pre_entropy': (184, 320), 'pre_argdisp': (184, 320), 'post_conf': (184, 320), 'post_entropy': (184, 320), 'post_argdisp': (184, 320), 'scale_to_full': (), 'feat_left': (128, 184, 320)}
DONE: D:\Users\dust\Documents\학교\2026년도1학기\컴퓨터비전\실습\FoundationStereo\experiments\ds_v1_seed0/scandinavian_v17\fs
features.npz 저장: {'pre_conf': (184, 320), 'pre_entropy': (184, 320), 'pre_argdisp': (184, 320), 'post_conf': (184, 320), 'post_entropy': (184, 320), 'post_argdisp': (184, 320), 'scale_to_full': (), 'feat_left': (128, 184, 320)}
DONE: D:\Users\dust\Documents\학교\2026년도1학기\컴퓨터비전\실습\FoundationStereo\experiments\ds_v1_seed0/sunlight_v17\fs
features.npz 저장: {'pre_conf': (184, 320), 'pre_entropy': (184, 320), 'pre_argdisp': (184, 320), 'post_conf': (184, 320), 'post_entropy': (184, 320), 'post_argdisp': (184, 320), 'scale_to_full': (), 'feat_left': (128, 184, 320)}
DONE: D:\Users\dust\Documents\학교\2026년도1학기\컴퓨터비전\실습\FoundationStereo\experiments\ds_v1_seed0/terrazzo_v17\fs
[fs_server] 420/1537 (done 420, skip 0, fail 0) 2.7s/view, ETA 50m
features.npz 저장: {'pre_conf': (184, 320), 'pre_entropy': (184, 320), 'pre_argdisp': (184, 320), 'post_conf': (184, 320), 'post_entropy': (184, 320), 'post_argdisp': (184, 320), 'scale_to_full': (), 'feat_left': (128, 184, 320)}
DONE: D:\Users\dust\Documents\학교\2026년도1학기\컴퓨터비전\실습\FoundationStereo\experiments\ds_v2_seed1/bedroom_v17\fs
features.npz 저장: {'pre_conf': (184, 320), 'pre_entropy': (184, 320), 'pre_argdisp': (184, 320), 'post_conf': (184, 320), 'post_entropy': (184, 320), 'post_argdisp': (184, 320), 'scale_to_full': (), 'feat_left': (128, 184, 320)}
DONE: D:\Users\dust\Documents\학교\2026년도1학기\컴퓨터비전\실습\FoundationStereo\experiments\ds_v2_seed1/blue_bathroom_v17\fs
features.npz 저장: {'pre_conf': (184, 320), 'pre_entropy': (184, 320), 'pre_argdisp': (184, 320), 'post_conf': (184, 320), 'post_entropy': (184, 320), 'post_argdisp': (184, 320), 'scale_to_full': (), 'feat_left': (128, 184, 320)}
DONE: D:\Users\dust\Documents\학교\2026년도1학기\컴퓨터비전\실습\FoundationStereo\experiments\ds_v2_seed1/computer_room_v17\fs
features.npz 저장: {'pre_conf': (184, 320), 'pre_entropy': (184, 320), 'pre_argdisp': (184, 320), 'post_conf': (184, 320), 'post_entropy': (184, 320), 'post_argdisp': (184, 320), 'scale_to_full': (), 'feat_left': (128, 184, 320)}
DONE: D:\Users\dust\Documents\학교\2026년도1학기\컴퓨터비전\실습\FoundationStereo\experiments\ds_v2_seed1/green_house_v17\fs
features.npz 저장: {'pre_conf': (184, 320), 'pre_entropy': (184, 320), 'pre_argdisp': (184, 320), 'post_conf': (184, 320), 'post_entropy': (184, 320), 'post_argdisp': (184, 320), 'scale_to_full': (), 'feat_left': (128, 184, 320)}
DONE: D:\Users\dust\Documents\학교\2026년도1학기\컴퓨터비전\실습\FoundationStereo\experiments\ds_v2_seed1/gym_v17\fs
features.npz 저장: {'pre_conf': (184, 320), 'pre_entropy': (184, 320), 'pre_argdisp': (184, 320), 'post_conf': (184, 320), 'post_entropy': (184, 320), 'post_argdisp': (184, 320), 'scale_to_full': (), 'feat_left': (128, 184, 320)}
DONE: D:\Users\dust\Documents\학교\2026년도1학기\컴퓨터비전\실습\FoundationStereo\experiments\ds_v2_seed1/living_room_contemp_v17\fs
features.npz 저장: {'pre_conf': (184, 320), 'pre_entropy': (184, 320), 'pre_argdisp': (184, 320), 'post_conf': (184, 320), 'post_entropy': (184, 320), 'post_argdisp': (184, 320), 'scale_to_full': (), 'feat_left': (128, 184, 320)}
DONE: D:\Users\dust\Documents\학교\2026년도1학기\컴퓨터비전\실습\FoundationStereo\experiments\ds_v2_seed1/livingroom_v17\fs
features.npz 저장: {'pre_conf': (184, 320), 'pre_entropy': (184, 320), 'pre_argdisp': (184, 320), 'post_conf': (184, 320), 'post_entropy': (184, 320), 'post_argdisp': (184, 320), 'scale_to_full': (), 'feat_left': (128, 184, 320)}
DONE: D:\Users\dust\Documents\학교\2026년도1학기\컴퓨터비전\실습\FoundationStereo\experiments\ds_v2_seed1/minigym_v17\fs
features.npz 저장: {'pre_conf': (184, 320), 'pre_entropy': (184, 320), 'pre_argdisp': (184, 320), 'post_conf': (184, 320), 'post_entropy': (184, 320), 'post_argdisp': (184, 320), 'scale_to_full': (), 'feat_left': (128, 184, 320)}
DONE: D:\Users\dust\Documents\학교\2026년도1학기\컴퓨터비전\실습\FoundationStereo\experiments\ds_v2_seed1/minimal_interior_v17\fs
features.npz 저장: {'pre_conf': (184, 320), 'pre_entropy': (184, 320), 'pre_argdisp': (184, 320), 'post_conf': (184, 320), 'post_entropy': (184, 320), 'post_argdisp': (184, 320), 'scale_to_full': (), 'feat_left': (128, 184, 320)}
DONE: D:\Users\dust\Documents\학교\2026년도1학기\컴퓨터비전\실습\FoundationStereo\experiments\ds_v2_seed1/scandinavian_v17\fs
features.npz 저장: {'pre_conf': (184, 320), 'pre_entropy': (184, 320), 'pre_argdisp': (184, 320), 'post_conf': (184, 320), 'post_entropy': (184, 320), 'post_argdisp': (184, 320), 'scale_to_full': (), 'feat_left': (128, 184, 320)}
DONE: D:\Users\dust\Documents\학교\2026년도1학기\컴퓨터비전\실습\FoundationStereo\experiments\ds_v2_seed1/sunlight_v17\fs
features.npz 저장: {'pre_conf': (184, 320), 'pre_entropy': (184, 320), 'pre_argdisp': (184, 320), 'post_conf': (184, 320), 'post_entropy': (184, 320), 'post_argdisp': (184, 320), 'scale_to_full': (), 'feat_left': (128, 184, 320)}
DONE: D:\Users\dust\Documents\학교\2026년도1학기\컴퓨터비전\실습\FoundationStereo\experiments\ds_v2_seed1/terrazzo_v17\fs
features.npz 저장: {'pre_conf': (184, 320), 'pre_entropy': (184, 320), 'pre_argdisp': (184, 320), 'post_conf': (184, 320), 'post_entropy': (184, 320), 'post_argdisp': (184, 320), 'scale_to_full': (), 'feat_left': (128, 184, 320)}
DONE: D:\Users\dust\Documents\학교\2026년도1학기\컴퓨터비전\실습\FoundationStereo\experiments\ds_v1_seed0/bedroom_v18\fs
features.npz 저장: {'pre_conf': (184, 320), 'pre_entropy': (184, 320), 'pre_argdisp': (184, 320), 'post_conf': (184, 320), 'post_entropy': (184, 320), 'post_argdisp': (184, 320), 'scale_to_full': (), 'feat_left': (128, 184, 320)}
DONE: D:\Users\dust\Documents\학교\2026년도1학기\컴퓨터비전\실습\FoundationStereo\experiments\ds_v1_seed0/blue_bathroom_v18\fs
features.npz 저장: {'pre_conf': (184, 320), 'pre_entropy': (184, 320), 'pre_argdisp': (184, 320), 'post_conf': (184, 320), 'post_entropy': (184, 320), 'post_argdisp': (184, 320), 'scale_to_full': (), 'feat_left': (128, 184, 320)}
DONE: D:\Users\dust\Documents\학교\2026년도1학기\컴퓨터비전\실습\FoundationStereo\experiments\ds_v1_seed0/computer_room_v18\fs
features.npz 저장: {'pre_conf': (184, 320), 'pre_entropy': (184, 320), 'pre_argdisp': (184, 320), 'post_conf': (184, 320), 'post_entropy': (184, 320), 'post_argdisp': (184, 320), 'scale_to_full': (), 'feat_left': (128, 184, 320)}
DONE: D:\Users\dust\Documents\학교\2026년도1학기\컴퓨터비전\실습\FoundationStereo\experiments\ds_v1_seed0/green_house_v18\fs
features.npz 저장: {'pre_conf': (184, 320), 'pre_entropy': (184, 320), 'pre_argdisp': (184, 320), 'post_conf': (184, 320), 'post_entropy': (184, 320), 'post_argdisp': (184, 320), 'scale_to_full': (), 'feat_left': (128, 184, 320)}
DONE: D:\Users\dust\Documents\학교\2026년도1학기\컴퓨터비전\실습\FoundationStereo\experiments\ds_v1_seed0/gym_v18\fs
features.npz 저장: {'pre_conf': (184, 320), 'pre_entropy': (184, 320), 'pre_argdisp': (184, 320), 'post_conf': (184, 320), 'post_entropy': (184, 320), 'post_argdisp': (184, 320), 'scale_to_full': (), 'feat_left': (128, 184, 320)}
DONE: D:\Users\dust\Documents\학교\2026년도1학기\컴퓨터비전\실습\FoundationStereo\experiments\ds_v1_seed0/living_room_contemp_v18\fs
features.npz 저장: {'pre_conf': (184, 320), 'pre_entropy': (184, 320), 'pre_argdisp': (184, 320), 'post_conf': (184, 320), 'post_entropy': (184, 320), 'post_argdisp': (184, 320), 'scale_to_full': (), 'feat_left': (128, 184, 320)}
DONE: D:\Users\dust\Documents\학교\2026년도1학기\컴퓨터비전\실습\FoundationStereo\experiments\ds_v1_seed0/livingroom_v18\fs
features.npz 저장: {'pre_conf': (184, 320), 'pre_entropy': (184, 320), 'pre_argdisp': (184, 320), 'post_conf': (184, 320), 'post_entropy': (184, 320), 'post_argdisp': (184, 320), 'scale_to_full': (), 'feat_left': (128, 184, 320)}
DONE: D:\Users\dust\Documents\학교\2026년도1학기\컴퓨터비전\실습\FoundationStereo\experiments\ds_v1_seed0/minigym_v18\fs
[fs_server] 440/1537 (done 440, skip 0, fail 0) 2.7s/view, ETA 50m
features.npz 저장: {'pre_conf': (184, 320), 'pre_entropy': (184, 320), 'pre_argdisp': (184, 320), 'post_conf': (184, 320), 'post_entropy': (184, 320), 'post_argdisp': (184, 320), 'scale_to_full': (), 'feat_left': (128, 184, 320)}
DONE: D:\Users\dust\Documents\학교\2026년도1학기\컴퓨터비전\실습\FoundationStereo\experiments\ds_v1_seed0/minimal_interior_v18\fs
features.npz 저장: {'pre_conf': (184, 320), 'pre_entropy': (184, 320), 'pre_argdisp': (184, 320), 'post_conf': (184, 320), 'post_entropy': (184, 320), 'post_argdisp': (184, 320), 'scale_to_full': (), 'feat_left': (128, 184, 320)}
DONE: D:\Users\dust\Documents\학교\2026년도1학기\컴퓨터비전\실습\FoundationStereo\experiments\ds_v1_seed0/scandinavian_v18\fs
features.npz 저장: {'pre_conf': (184, 320), 'pre_entropy': (184, 320), 'pre_argdisp': (184, 320), 'post_conf': (184, 320), 'post_entropy': (184, 320), 'post_argdisp': (184, 320), 'scale_to_full': (), 'feat_left': (128, 184, 320)}
DONE: D:\Users\dust\Documents\학교\2026년도1학기\컴퓨터비전\실습\FoundationStereo\experiments\ds_v1_seed0/sunlight_v18\fs
features.npz 저장: {'pre_conf': (184, 320), 'pre_entropy': (184, 320), 'pre_argdisp': (184, 320), 'post_conf': (184, 320), 'post_entropy': (184, 320), 'post_argdisp': (184, 320), 'scale_to_full': (), 'feat_left': (128, 184, 320)}
DONE: D:\Users\dust\Documents\학교\2026년도1학기\컴퓨터비전\실습\FoundationStereo\experiments\ds_v1_seed0/terrazzo_v18\fs
features.npz 저장: {'pre_conf': (184, 320), 'pre_entropy': (184, 320), 'pre_argdisp': (184, 320), 'post_conf': (184, 320), 'post_entropy': (184, 320), 'post_argdisp': (184, 320), 'scale_to_full': (), 'feat_left': (128, 184, 320)}
DONE: D:\Users\dust\Documents\학교\2026년도1학기\컴퓨터비전\실습\FoundationStereo\experiments\ds_v2_seed1/bedroom_v18\fs
features.npz 저장: {'pre_conf': (184, 320), 'pre_entropy': (184, 320), 'pre_argdisp': (184, 320), 'post_conf': (184, 320), 'post_entropy': (184, 320), 'post_argdisp': (184, 320), 'scale_to_full': (), 'feat_left': (128, 184, 320)}
DONE: D:\Users\dust\Documents\학교\2026년도1학기\컴퓨터비전\실습\FoundationStereo\experiments\ds_v2_seed1/blue_bathroom_v18\fs
features.npz 저장: {'pre_conf': (184, 320), 'pre_entropy': (184, 320), 'pre_argdisp': (184, 320), 'post_conf': (184, 320), 'post_entropy': (184, 320), 'post_argdisp': (184, 320), 'scale_to_full': (), 'feat_left': (128, 184, 320)}
DONE: D:\Users\dust\Documents\학교\2026년도1학기\컴퓨터비전\실습\FoundationStereo\experiments\ds_v2_seed1/computer_room_v18\fs
features.npz 저장: {'pre_conf': (184, 320), 'pre_entropy': (184, 320), 'pre_argdisp': (184, 320), 'post_conf': (184, 320), 'post_entropy': (184, 320), 'post_argdisp': (184, 320), 'scale_to_full': (), 'feat_left': (128, 184, 320)}
DONE: D:\Users\dust\Documents\학교\2026년도1학기\컴퓨터비전\실습\FoundationStereo\experiments\ds_v2_seed1/green_house_v18\fs
features.npz 저장: {'pre_conf': (184, 320), 'pre_entropy': (184, 320), 'pre_argdisp': (184, 320), 'post_conf': (184, 320), 'post_entropy': (184, 320), 'post_argdisp': (184, 320), 'scale_to_full': (), 'feat_left': (128, 184, 320)}
DONE: D:\Users\dust\Documents\학교\2026년도1학기\컴퓨터비전\실습\FoundationStereo\experiments\ds_v2_seed1/gym_v18\fs
features.npz 저장: {'pre_conf': (184, 320), 'pre_entropy': (184, 320), 'pre_argdisp': (184, 320), 'post_conf': (184, 320), 'post_entropy': (184, 320), 'post_argdisp': (184, 320), 'scale_to_full': (), 'feat_left': (128, 184, 320)}
DONE: D:\Users\dust\Documents\학교\2026년도1학기\컴퓨터비전\실습\FoundationStereo\experiments\ds_v2_seed1/living_room_contemp_v18\fs
features.npz 저장: {'pre_conf': (184, 320), 'pre_entropy': (184, 320), 'pre_argdisp': (184, 320), 'post_conf': (184, 320), 'post_entropy': (184, 320), 'post_argdisp': (184, 320), 'scale_to_full': (), 'feat_left': (128, 184, 320)}
DONE: D:\Users\dust\Documents\학교\2026년도1학기\컴퓨터비전\실습\FoundationStereo\experiments\ds_v2_seed1/livingroom_v18\fs
features.npz 저장: {'pre_conf': (184, 320), 'pre_entropy': (184, 320), 'pre_argdisp': (184, 320), 'post_conf': (184, 320), 'post_entropy': (184, 320), 'post_argdisp': (184, 320), 'scale_to_full': (), 'feat_left': (128, 184, 320)}
DONE: D:\Users\dust\Documents\학교\2026년도1학기\컴퓨터비전\실습\FoundationStereo\experiments\ds_v2_seed1/minigym_v18\fs
features.npz 저장: {'pre_conf': (184, 320), 'pre_entropy': (184, 320), 'pre_argdisp': (184, 320), 'post_conf': (184, 320), 'post_entropy': (184, 320), 'post_argdisp': (184, 320), 'scale_to_full': (), 'feat_left': (128, 184, 320)}
DONE: D:\Users\dust\Documents\학교\2026년도1학기\컴퓨터비전\실습\FoundationStereo\experiments\ds_v2_seed1/minimal_interior_v18\fs
features.npz 저장: {'pre_conf': (184, 320), 'pre_entropy': (184, 320), 'pre_argdisp': (184, 320), 'post_conf': (184, 320), 'post_entropy': (184, 320), 'post_argdisp': (184, 320), 'scale_to_full': (), 'feat_left': (128, 184, 320)}
DONE: D:\Users\dust\Documents\학교\2026년도1학기\컴퓨터비전\실습\FoundationStereo\experiments\ds_v2_seed1/scandinavian_v18\fs
features.npz 저장: {'pre_conf': (184, 320), 'pre_entropy': (184, 320), 'pre_argdisp': (184, 320), 'post_conf': (184, 320), 'post_entropy': (184, 320), 'post_argdisp': (184, 320), 'scale_to_full': (), 'feat_left': (128, 184, 320)}
DONE: D:\Users\dust\Documents\학교\2026년도1학기\컴퓨터비전\실습\FoundationStereo\experiments\ds_v2_seed1/sunlight_v18\fs
features.npz 저장: {'pre_conf': (184, 320), 'pre_entropy': (184, 320), 'pre_argdisp': (184, 320), 'post_conf': (184, 320), 'post_entropy': (184, 320), 'post_argdisp': (184, 320), 'scale_to_full': (), 'feat_left': (128, 184, 320)}
DONE: D:\Users\dust\Documents\학교\2026년도1학기\컴퓨터비전\실습\FoundationStereo\experiments\ds_v2_seed1/terrazzo_v18\fs
features.npz 저장: {'pre_conf': (184, 320), 'pre_entropy': (184, 320), 'pre_argdisp': (184, 320), 'post_conf': (184, 320), 'post_entropy': (184, 320), 'post_argdisp': (184, 320), 'scale_to_full': (), 'feat_left': (128, 184, 320)}
DONE: D:\Users\dust\Documents\학교\2026년도1학기\컴퓨터비전\실습\FoundationStereo\experiments\ds_v1_seed0/bedroom_v19\fs
features.npz 저장: {'pre_conf': (184, 320), 'pre_entropy': (184, 320), 'pre_argdisp': (184, 320), 'post_conf': (184, 320), 'post_entropy': (184, 320), 'post_argdisp': (184, 320), 'scale_to_full': (), 'feat_left': (128, 184, 320)}
DONE: D:\Users\dust\Documents\학교\2026년도1학기\컴퓨터비전\실습\FoundationStereo\experiments\ds_v1_seed0/blue_bathroom_v19\fs
features.npz 저장: {'pre_conf': (184, 320), 'pre_entropy': (184, 320), 'pre_argdisp': (184, 320), 'post_conf': (184, 320), 'post_entropy': (184, 320), 'post_argdisp': (184, 320), 'scale_to_full': (), 'feat_left': (128, 184, 320)}
DONE: D:\Users\dust\Documents\학교\2026년도1학기\컴퓨터비전\실습\FoundationStereo\experiments\ds_v1_seed0/computer_room_v19\fs
features.npz 저장: {'pre_conf': (184, 320), 'pre_entropy': (184, 320), 'pre_argdisp': (184, 320), 'post_conf': (184, 320), 'post_entropy': (184, 320), 'post_argdisp': (184, 320), 'scale_to_full': (), 'feat_left': (128, 184, 320)}
DONE: D:\Users\dust\Documents\학교\2026년도1학기\컴퓨터비전\실습\FoundationStereo\experiments\ds_v1_seed0/green_house_v19\fs
[fs_server] 460/1537 (done 460, skip 0, fail 0) 2.7s/view, ETA 49m
features.npz 저장: {'pre_conf': (184, 320), 'pre_entropy': (184, 320), 'pre_argdisp': (184, 320), 'post_conf': (184, 320), 'post_entropy': (184, 320), 'post_argdisp': (184, 320), 'scale_to_full': (), 'feat_left': (128, 184, 320)}
DONE: D:\Users\dust\Documents\학교\2026년도1학기\컴퓨터비전\실습\FoundationStereo\experiments\ds_v1_seed0/gym_v19\fs
features.npz 저장: {'pre_conf': (184, 320), 'pre_entropy': (184, 320), 'pre_argdisp': (184, 320), 'post_conf': (184, 320), 'post_entropy': (184, 320), 'post_argdisp': (184, 320), 'scale_to_full': (), 'feat_left': (128, 184, 320)}
DONE: D:\Users\dust\Documents\학교\2026년도1학기\컴퓨터비전\실습\FoundationStereo\experiments\ds_v1_seed0/living_room_contemp_v19\fs
features.npz 저장: {'pre_conf': (184, 320), 'pre_entropy': (184, 320), 'pre_argdisp': (184, 320), 'post_conf': (184, 320), 'post_entropy': (184, 320), 'post_argdisp': (184, 320), 'scale_to_full': (), 'feat_left': (128, 184, 320)}
DONE: D:\Users\dust\Documents\학교\2026년도1학기\컴퓨터비전\실습\FoundationStereo\experiments\ds_v1_seed0/livingroom_v19\fs
features.npz 저장: {'pre_conf': (184, 320), 'pre_entropy': (184, 320), 'pre_argdisp': (184, 320), 'post_conf': (184, 320), 'post_entropy': (184, 320), 'post_argdisp': (184, 320), 'scale_to_full': (), 'feat_left': (128, 184, 320)}
DONE: D:\Users\dust\Documents\학교\2026년도1학기\컴퓨터비전\실습\FoundationStereo\experiments\ds_v1_seed0/minigym_v19\fs
features.npz 저장: {'pre_conf': (184, 320), 'pre_entropy': (184, 320), 'pre_argdisp': (184, 320), 'post_conf': (184, 320), 'post_entropy': (184, 320), 'post_argdisp': (184, 320), 'scale_to_full': (), 'feat_left': (128, 184, 320)}
DONE: D:\Users\dust\Documents\학교\2026년도1학기\컴퓨터비전\실습\FoundationStereo\experiments\ds_v1_seed0/minimal_interior_v19\fs
features.npz 저장: {'pre_conf': (184, 320), 'pre_entropy': (184, 320), 'pre_argdisp': (184, 320), 'post_conf': (184, 320), 'post_entropy': (184, 320), 'post_argdisp': (184, 320), 'scale_to_full': (), 'feat_left': (128, 184, 320)}
DONE: D:\Users\dust\Documents\학교\2026년도1학기\컴퓨터비전\실습\FoundationStereo\experiments\ds_v1_seed0/scandinavian_v19\fs
features.npz 저장: {'pre_conf': (184, 320), 'pre_entropy': (184, 320), 'pre_argdisp': (184, 320), 'post_conf': (184, 320), 'post_entropy': (184, 320), 'post_argdisp': (184, 320), 'scale_to_full': (), 'feat_left': (128, 184, 320)}
DONE: D:\Users\dust\Documents\학교\2026년도1학기\컴퓨터비전\실습\FoundationStereo\experiments\ds_v1_seed0/sunlight_v19\fs
features.npz 저장: {'pre_conf': (184, 320), 'pre_entropy': (184, 320), 'pre_argdisp': (184, 320), 'post_conf': (184, 320), 'post_entropy': (184, 320), 'post_argdisp': (184, 320), 'scale_to_full': (), 'feat_left': (128, 184, 320)}
DONE: D:\Users\dust\Documents\학교\2026년도1학기\컴퓨터비전\실습\FoundationStereo\experiments\ds_v1_seed0/terrazzo_v19\fs
features.npz 저장: {'pre_conf': (184, 320), 'pre_entropy': (184, 320), 'pre_argdisp': (184, 320), 'post_conf': (184, 320), 'post_entropy': (184, 320), 'post_argdisp': (184, 320), 'scale_to_full': (), 'feat_left': (128, 184, 320)}
DONE: D:\Users\dust\Documents\학교\2026년도1학기\컴퓨터비전\실습\FoundationStereo\experiments\ds_v2_seed1/bedroom_v19\fs
features.npz 저장: {'pre_conf': (184, 320), 'pre_entropy': (184, 320), 'pre_argdisp': (184, 320), 'post_conf': (184, 320), 'post_entropy': (184, 320), 'post_argdisp': (184, 320), 'scale_to_full': (), 'feat_left': (128, 184, 320)}
DONE: D:\Users\dust\Documents\학교\2026년도1학기\컴퓨터비전\실습\FoundationStereo\experiments\ds_v2_seed1/blue_bathroom_v19\fs
features.npz 저장: {'pre_conf': (184, 320), 'pre_entropy': (184, 320), 'pre_argdisp': (184, 320), 'post_conf': (184, 320), 'post_entropy': (184, 320), 'post_argdisp': (184, 320), 'scale_to_full': (), 'feat_left': (128, 184, 320)}
DONE: D:\Users\dust\Documents\학교\2026년도1학기\컴퓨터비전\실습\FoundationStereo\experiments\ds_v2_seed1/computer_room_v19\fs
features.npz 저장: {'pre_conf': (184, 320), 'pre_entropy': (184, 320), 'pre_argdisp': (184, 320), 'post_conf': (184, 320), 'post_entropy': (184, 320), 'post_argdisp': (184, 320), 'scale_to_full': (), 'feat_left': (128, 184, 320)}
DONE: D:\Users\dust\Documents\학교\2026년도1학기\컴퓨터비전\실습\FoundationStereo\experiments\ds_v2_seed1/green_house_v19\fs
features.npz 저장: {'pre_conf': (184, 320), 'pre_entropy': (184, 320), 'pre_argdisp': (184, 320), 'post_conf': (184, 320), 'post_entropy': (184, 320), 'post_argdisp': (184, 320), 'scale_to_full': (), 'feat_left': (128, 184, 320)}
DONE: D:\Users\dust\Documents\학교\2026년도1학기\컴퓨터비전\실습\FoundationStereo\experiments\ds_v2_seed1/gym_v19\fs
features.npz 저장: {'pre_conf': (184, 320), 'pre_entropy': (184, 320), 'pre_argdisp': (184, 320), 'post_conf': (184, 320), 'post_entropy': (184, 320), 'post_argdisp': (184, 320), 'scale_to_full': (), 'feat_left': (128, 184, 320)}
DONE: D:\Users\dust\Documents\학교\2026년도1학기\컴퓨터비전\실습\FoundationStereo\experiments\ds_v2_seed1/living_room_contemp_v19\fs
features.npz 저장: {'pre_conf': (184, 320), 'pre_entropy': (184, 320), 'pre_argdisp': (184, 320), 'post_conf': (184, 320), 'post_entropy': (184, 320), 'post_argdisp': (184, 320), 'scale_to_full': (), 'feat_left': (128, 184, 320)}
DONE: D:\Users\dust\Documents\학교\2026년도1학기\컴퓨터비전\실습\FoundationStereo\experiments\ds_v2_seed1/livingroom_v19\fs
features.npz 저장: {'pre_conf': (184, 320), 'pre_entropy': (184, 320), 'pre_argdisp': (184, 320), 'post_conf': (184, 320), 'post_entropy': (184, 320), 'post_argdisp': (184, 320), 'scale_to_full': (), 'feat_left': (128, 184, 320)}
DONE: D:\Users\dust\Documents\학교\2026년도1학기\컴퓨터비전\실습\FoundationStereo\experiments\ds_v2_seed1/minigym_v19\fs
features.npz 저장: {'pre_conf': (184, 320), 'pre_entropy': (184, 320), 'pre_argdisp': (184, 320), 'post_conf': (184, 320), 'post_entropy': (184, 320), 'post_argdisp': (184, 320), 'scale_to_full': (), 'feat_left': (128, 184, 320)}
DONE: D:\Users\dust\Documents\학교\2026년도1학기\컴퓨터비전\실습\FoundationStereo\experiments\ds_v2_seed1/minimal_interior_v19\fs
features.npz 저장: {'pre_conf': (184, 320), 'pre_entropy': (184, 320), 'pre_argdisp': (184, 320), 'post_conf': (184, 320), 'post_entropy': (184, 320), 'post_argdisp': (184, 320), 'scale_to_full': (), 'feat_left': (128, 184, 320)}
DONE: D:\Users\dust\Documents\학교\2026년도1학기\컴퓨터비전\실습\FoundationStereo\experiments\ds_v2_seed1/scandinavian_v19\fs
features.npz 저장: {'pre_conf': (184, 320), 'pre_entropy': (184, 320), 'pre_argdisp': (184, 320), 'post_conf': (184, 320), 'post_entropy': (184, 320), 'post_argdisp': (184, 320), 'scale_to_full': (), 'feat_left': (128, 184, 320)}
DONE: D:\Users\dust\Documents\학교\2026년도1학기\컴퓨터비전\실습\FoundationStereo\experiments\ds_v2_seed1/sunlight_v19\fs
features.npz 저장: {'pre_conf': (184, 320), 'pre_entropy': (184, 320), 'pre_argdisp': (184, 320), 'post_conf': (184, 320), 'post_entropy': (184, 320), 'post_argdisp': (184, 320), 'scale_to_full': (), 'feat_left': (128, 184, 320)}
DONE: D:\Users\dust\Documents\학교\2026년도1학기\컴퓨터비전\실습\FoundationStereo\experiments\ds_v2_seed1/terrazzo_v19\fs
[fs_server] 480/1537 (done 480, skip 0, fail 0) 2.7s/view, ETA 48m
features.npz 저장: {'pre_conf': (184, 320), 'pre_entropy': (184, 320), 'pre_argdisp': (184, 320), 'post_conf': (184, 320), 'post_entropy': (184, 320), 'post_argdisp': (184, 320), 'scale_to_full': (), 'feat_left': (128, 184, 320)}
DONE: D:\Users\dust\Documents\학교\2026년도1학기\컴퓨터비전\실습\FoundationStereo\experiments\ds_v1_seed0/bedroom_v20\fs
features.npz 저장: {'pre_conf': (184, 320), 'pre_entropy': (184, 320), 'pre_argdisp': (184, 320), 'post_conf': (184, 320), 'post_entropy': (184, 320), 'post_argdisp': (184, 320), 'scale_to_full': (), 'feat_left': (128, 184, 320)}
DONE: D:\Users\dust\Documents\학교\2026년도1학기\컴퓨터비전\실습\FoundationStereo\experiments\ds_v1_seed0/blue_bathroom_v20\fs
features.npz 저장: {'pre_conf': (184, 320), 'pre_entropy': (184, 320), 'pre_argdisp': (184, 320), 'post_conf': (184, 320), 'post_entropy': (184, 320), 'post_argdisp': (184, 320), 'scale_to_full': (), 'feat_left': (128, 184, 320)}
DONE: D:\Users\dust\Documents\학교\2026년도1학기\컴퓨터비전\실습\FoundationStereo\experiments\ds_v1_seed0/computer_room_v20\fs
features.npz 저장: {'pre_conf': (184, 320), 'pre_entropy': (184, 320), 'pre_argdisp': (184, 320), 'post_conf': (184, 320), 'post_entropy': (184, 320), 'post_argdisp': (184, 320), 'scale_to_full': (), 'feat_left': (128, 184, 320)}
DONE: D:\Users\dust\Documents\학교\2026년도1학기\컴퓨터비전\실습\FoundationStereo\experiments\ds_v1_seed0/green_house_v20\fs
features.npz 저장: {'pre_conf': (184, 320), 'pre_entropy': (184, 320), 'pre_argdisp': (184, 320), 'post_conf': (184, 320), 'post_entropy': (184, 320), 'post_argdisp': (184, 320), 'scale_to_full': (), 'feat_left': (128, 184, 320)}
DONE: D:\Users\dust\Documents\학교\2026년도1학기\컴퓨터비전\실습\FoundationStereo\experiments\ds_v1_seed0/gym_v20\fs
features.npz 저장: {'pre_conf': (184, 320), 'pre_entropy': (184, 320), 'pre_argdisp': (184, 320), 'post_conf': (184, 320), 'post_entropy': (184, 320), 'post_argdisp': (184, 320), 'scale_to_full': (), 'feat_left': (128, 184, 320)}
DONE: D:\Users\dust\Documents\학교\2026년도1학기\컴퓨터비전\실습\FoundationStereo\experiments\ds_v1_seed0/living_room_contemp_v20\fs
features.npz 저장: {'pre_conf': (184, 320), 'pre_entropy': (184, 320), 'pre_argdisp': (184, 320), 'post_conf': (184, 320), 'post_entropy': (184, 320), 'post_argdisp': (184, 320), 'scale_to_full': (), 'feat_left': (128, 184, 320)}
DONE: D:\Users\dust\Documents\학교\2026년도1학기\컴퓨터비전\실습\FoundationStereo\experiments\ds_v1_seed0/livingroom_v20\fs
features.npz 저장: {'pre_conf': (184, 320), 'pre_entropy': (184, 320), 'pre_argdisp': (184, 320), 'post_conf': (184, 320), 'post_entropy': (184, 320), 'post_argdisp': (184, 320), 'scale_to_full': (), 'feat_left': (128, 184, 320)}
DONE: D:\Users\dust\Documents\학교\2026년도1학기\컴퓨터비전\실습\FoundationStereo\experiments\ds_v1_seed0/minigym_v20\fs
features.npz 저장: {'pre_conf': (184, 320), 'pre_entropy': (184, 320), 'pre_argdisp': (184, 320), 'post_conf': (184, 320), 'post_entropy': (184, 320), 'post_argdisp': (184, 320), 'scale_to_full': (), 'feat_left': (128, 184, 320)}
DONE: D:\Users\dust\Documents\학교\2026년도1학기\컴퓨터비전\실습\FoundationStereo\experiments\ds_v1_seed0/minimal_interior_v20\fs
features.npz 저장: {'pre_conf': (184, 320), 'pre_entropy': (184, 320), 'pre_argdisp': (184, 320), 'post_conf': (184, 320), 'post_entropy': (184, 320), 'post_argdisp': (184, 320), 'scale_to_full': (), 'feat_left': (128, 184, 320)}
DONE: D:\Users\dust\Documents\학교\2026년도1학기\컴퓨터비전\실습\FoundationStereo\experiments\ds_v1_seed0/scandinavian_v20\fs
features.npz 저장: {'pre_conf': (184, 320), 'pre_entropy': (184, 320), 'pre_argdisp': (184, 320), 'post_conf': (184, 320), 'post_entropy': (184, 320), 'post_argdisp': (184, 320), 'scale_to_full': (), 'feat_left': (128, 184, 320)}
DONE: D:\Users\dust\Documents\학교\2026년도1학기\컴퓨터비전\실습\FoundationStereo\experiments\ds_v1_seed0/sunlight_v20\fs
features.npz 저장: {'pre_conf': (184, 320), 'pre_entropy': (184, 320), 'pre_argdisp': (184, 320), 'post_conf': (184, 320), 'post_entropy': (184, 320), 'post_argdisp': (184, 320), 'scale_to_full': (), 'feat_left': (128, 184, 320)}
DONE: D:\Users\dust\Documents\학교\2026년도1학기\컴퓨터비전\실습\FoundationStereo\experiments\ds_v1_seed0/terrazzo_v20\fs
features.npz 저장: {'pre_conf': (184, 320), 'pre_entropy': (184, 320), 'pre_argdisp': (184, 320), 'post_conf': (184, 320), 'post_entropy': (184, 320), 'post_argdisp': (184, 320), 'scale_to_full': (), 'feat_left': (128, 184, 320)}
DONE: D:\Users\dust\Documents\학교\2026년도1학기\컴퓨터비전\실습\FoundationStereo\experiments\ds_v2_seed1/bedroom_v20\fs
features.npz 저장: {'pre_conf': (184, 320), 'pre_entropy': (184, 320), 'pre_argdisp': (184, 320), 'post_conf': (184, 320), 'post_entropy': (184, 320), 'post_argdisp': (184, 320), 'scale_to_full': (), 'feat_left': (128, 184, 320)}
DONE: D:\Users\dust\Documents\학교\2026년도1학기\컴퓨터비전\실습\FoundationStereo\experiments\ds_v2_seed1/blue_bathroom_v20\fs
features.npz 저장: {'pre_conf': (184, 320), 'pre_entropy': (184, 320), 'pre_argdisp': (184, 320), 'post_conf': (184, 320), 'post_entropy': (184, 320), 'post_argdisp': (184, 320), 'scale_to_full': (), 'feat_left': (128, 184, 320)}
DONE: D:\Users\dust\Documents\학교\2026년도1학기\컴퓨터비전\실습\FoundationStereo\experiments\ds_v2_seed1/computer_room_v20\fs
features.npz 저장: {'pre_conf': (184, 320), 'pre_entropy': (184, 320), 'pre_argdisp': (184, 320), 'post_conf': (184, 320), 'post_entropy': (184, 320), 'post_argdisp': (184, 320), 'scale_to_full': (), 'feat_left': (128, 184, 320)}
DONE: D:\Users\dust\Documents\학교\2026년도1학기\컴퓨터비전\실습\FoundationStereo\experiments\ds_v2_seed1/green_house_v20\fs
features.npz 저장: {'pre_conf': (184, 320), 'pre_entropy': (184, 320), 'pre_argdisp': (184, 320), 'post_conf': (184, 320), 'post_entropy': (184, 320), 'post_argdisp': (184, 320), 'scale_to_full': (), 'feat_left': (128, 184, 320)}
DONE: D:\Users\dust\Documents\학교\2026년도1학기\컴퓨터비전\실습\FoundationStereo\experiments\ds_v2_seed1/gym_v20\fs
features.npz 저장: {'pre_conf': (184, 320), 'pre_entropy': (184, 320), 'pre_argdisp': (184, 320), 'post_conf': (184, 320), 'post_entropy': (184, 320), 'post_argdisp': (184, 320), 'scale_to_full': (), 'feat_left': (128, 184, 320)}
DONE: D:\Users\dust\Documents\학교\2026년도1학기\컴퓨터비전\실습\FoundationStereo\experiments\ds_v2_seed1/living_room_contemp_v20\fs
features.npz 저장: {'pre_conf': (184, 320), 'pre_entropy': (184, 320), 'pre_argdisp': (184, 320), 'post_conf': (184, 320), 'post_entropy': (184, 320), 'post_argdisp': (184, 320), 'scale_to_full': (), 'feat_left': (128, 184, 320)}
DONE: D:\Users\dust\Documents\학교\2026년도1학기\컴퓨터비전\실습\FoundationStereo\experiments\ds_v2_seed1/livingroom_v20\fs
features.npz 저장: {'pre_conf': (184, 320), 'pre_entropy': (184, 320), 'pre_argdisp': (184, 320), 'post_conf': (184, 320), 'post_entropy': (184, 320), 'post_argdisp': (184, 320), 'scale_to_full': (), 'feat_left': (128, 184, 320)}
DONE: D:\Users\dust\Documents\학교\2026년도1학기\컴퓨터비전\실습\FoundationStereo\experiments\ds_v2_seed1/minigym_v20\fs
[fs_server] 500/1537 (done 500, skip 0, fail 0) 2.7s/view, ETA 47m
features.npz 저장: {'pre_conf': (184, 320), 'pre_entropy': (184, 320), 'pre_argdisp': (184, 320), 'post_conf': (184, 320), 'post_entropy': (184, 320), 'post_argdisp': (184, 320), 'scale_to_full': (), 'feat_left': (128, 184, 320)}
DONE: D:\Users\dust\Documents\학교\2026년도1학기\컴퓨터비전\실습\FoundationStereo\experiments\ds_v2_seed1/minimal_interior_v20\fs
features.npz 저장: {'pre_conf': (184, 320), 'pre_entropy': (184, 320), 'pre_argdisp': (184, 320), 'post_conf': (184, 320), 'post_entropy': (184, 320), 'post_argdisp': (184, 320), 'scale_to_full': (), 'feat_left': (128, 184, 320)}
DONE: D:\Users\dust\Documents\학교\2026년도1학기\컴퓨터비전\실습\FoundationStereo\experiments\ds_v2_seed1/scandinavian_v20\fs
features.npz 저장: {'pre_conf': (184, 320), 'pre_entropy': (184, 320), 'pre_argdisp': (184, 320), 'post_conf': (184, 320), 'post_entropy': (184, 320), 'post_argdisp': (184, 320), 'scale_to_full': (), 'feat_left': (128, 184, 320)}
DONE: D:\Users\dust\Documents\학교\2026년도1학기\컴퓨터비전\실습\FoundationStereo\experiments\ds_v2_seed1/sunlight_v20\fs
features.npz 저장: {'pre_conf': (184, 320), 'pre_entropy': (184, 320), 'pre_argdisp': (184, 320), 'post_conf': (184, 320), 'post_entropy': (184, 320), 'post_argdisp': (184, 320), 'scale_to_full': (), 'feat_left': (128, 184, 320)}
DONE: D:\Users\dust\Documents\학교\2026년도1학기\컴퓨터비전\실습\FoundationStereo\experiments\ds_v2_seed1/terrazzo_v20\fs
features.npz 저장: {'pre_conf': (184, 320), 'pre_entropy': (184, 320), 'pre_argdisp': (184, 320), 'post_conf': (184, 320), 'post_entropy': (184, 320), 'post_argdisp': (184, 320), 'scale_to_full': (), 'feat_left': (128, 184, 320)}
DONE: D:\Users\dust\Documents\학교\2026년도1학기\컴퓨터비전\실습\FoundationStereo\experiments\ds_v1_seed0/bedroom_v21\fs
features.npz 저장: {'pre_conf': (184, 320), 'pre_entropy': (184, 320), 'pre_argdisp': (184, 320), 'post_conf': (184, 320), 'post_entropy': (184, 320), 'post_argdisp': (184, 320), 'scale_to_full': (), 'feat_left': (128, 184, 320)}
DONE: D:\Users\dust\Documents\학교\2026년도1학기\컴퓨터비전\실습\FoundationStereo\experiments\ds_v1_seed0/blue_bathroom_v21\fs
features.npz 저장: {'pre_conf': (184, 320), 'pre_entropy': (184, 320), 'pre_argdisp': (184, 320), 'post_conf': (184, 320), 'post_entropy': (184, 320), 'post_argdisp': (184, 320), 'scale_to_full': (), 'feat_left': (128, 184, 320)}
DONE: D:\Users\dust\Documents\학교\2026년도1학기\컴퓨터비전\실습\FoundationStereo\experiments\ds_v1_seed0/computer_room_v21\fs
features.npz 저장: {'pre_conf': (184, 320), 'pre_entropy': (184, 320), 'pre_argdisp': (184, 320), 'post_conf': (184, 320), 'post_entropy': (184, 320), 'post_argdisp': (184, 320), 'scale_to_full': (), 'feat_left': (128, 184, 320)}
DONE: D:\Users\dust\Documents\학교\2026년도1학기\컴퓨터비전\실습\FoundationStereo\experiments\ds_v1_seed0/green_house_v21\fs
features.npz 저장: {'pre_conf': (184, 320), 'pre_entropy': (184, 320), 'pre_argdisp': (184, 320), 'post_conf': (184, 320), 'post_entropy': (184, 320), 'post_argdisp': (184, 320), 'scale_to_full': (), 'feat_left': (128, 184, 320)}
DONE: D:\Users\dust\Documents\학교\2026년도1학기\컴퓨터비전\실습\FoundationStereo\experiments\ds_v1_seed0/gym_v21\fs
features.npz 저장: {'pre_conf': (184, 320), 'pre_entropy': (184, 320), 'pre_argdisp': (184, 320), 'post_conf': (184, 320), 'post_entropy': (184, 320), 'post_argdisp': (184, 320), 'scale_to_full': (), 'feat_left': (128, 184, 320)}
DONE: D:\Users\dust\Documents\학교\2026년도1학기\컴퓨터비전\실습\FoundationStereo\experiments\ds_v1_seed0/living_room_contemp_v21\fs
features.npz 저장: {'pre_conf': (184, 320), 'pre_entropy': (184, 320), 'pre_argdisp': (184, 320), 'post_conf': (184, 320), 'post_entropy': (184, 320), 'post_argdisp': (184, 320), 'scale_to_full': (), 'feat_left': (128, 184, 320)}
DONE: D:\Users\dust\Documents\학교\2026년도1학기\컴퓨터비전\실습\FoundationStereo\experiments\ds_v1_seed0/livingroom_v21\fs
features.npz 저장: {'pre_conf': (184, 320), 'pre_entropy': (184, 320), 'pre_argdisp': (184, 320), 'post_conf': (184, 320), 'post_entropy': (184, 320), 'post_argdisp': (184, 320), 'scale_to_full': (), 'feat_left': (128, 184, 320)}
DONE: D:\Users\dust\Documents\학교\2026년도1학기\컴퓨터비전\실습\FoundationStereo\experiments\ds_v1_seed0/minigym_v21\fs
features.npz 저장: {'pre_conf': (184, 320), 'pre_entropy': (184, 320), 'pre_argdisp': (184, 320), 'post_conf': (184, 320), 'post_entropy': (184, 320), 'post_argdisp': (184, 320), 'scale_to_full': (), 'feat_left': (128, 184, 320)}
DONE: D:\Users\dust\Documents\학교\2026년도1학기\컴퓨터비전\실습\FoundationStereo\experiments\ds_v1_seed0/minimal_interior_v21\fs
features.npz 저장: {'pre_conf': (184, 320), 'pre_entropy': (184, 320), 'pre_argdisp': (184, 320), 'post_conf': (184, 320), 'post_entropy': (184, 320), 'post_argdisp': (184, 320), 'scale_to_full': (), 'feat_left': (128, 184, 320)}
DONE: D:\Users\dust\Documents\학교\2026년도1학기\컴퓨터비전\실습\FoundationStereo\experiments\ds_v1_seed0/scandinavian_v21\fs
features.npz 저장: {'pre_conf': (184, 320), 'pre_entropy': (184, 320), 'pre_argdisp': (184, 320), 'post_conf': (184, 320), 'post_entropy': (184, 320), 'post_argdisp': (184, 320), 'scale_to_full': (), 'feat_left': (128, 184, 320)}
DONE: D:\Users\dust\Documents\학교\2026년도1학기\컴퓨터비전\실습\FoundationStereo\experiments\ds_v1_seed0/sunlight_v21\fs
features.npz 저장: {'pre_conf': (184, 320), 'pre_entropy': (184, 320), 'pre_argdisp': (184, 320), 'post_conf': (184, 320), 'post_entropy': (184, 320), 'post_argdisp': (184, 320), 'scale_to_full': (), 'feat_left': (128, 184, 320)}
DONE: D:\Users\dust\Documents\학교\2026년도1학기\컴퓨터비전\실습\FoundationStereo\experiments\ds_v1_seed0/terrazzo_v21\fs
features.npz 저장: {'pre_conf': (184, 320), 'pre_entropy': (184, 320), 'pre_argdisp': (184, 320), 'post_conf': (184, 320), 'post_entropy': (184, 320), 'post_argdisp': (184, 320), 'scale_to_full': (), 'feat_left': (128, 184, 320)}
DONE: D:\Users\dust\Documents\학교\2026년도1학기\컴퓨터비전\실습\FoundationStereo\experiments\ds_v2_seed1/bedroom_v21\fs
features.npz 저장: {'pre_conf': (184, 320), 'pre_entropy': (184, 320), 'pre_argdisp': (184, 320), 'post_conf': (184, 320), 'post_entropy': (184, 320), 'post_argdisp': (184, 320), 'scale_to_full': (), 'feat_left': (128, 184, 320)}
DONE: D:\Users\dust\Documents\학교\2026년도1학기\컴퓨터비전\실습\FoundationStereo\experiments\ds_v2_seed1/blue_bathroom_v21\fs
features.npz 저장: {'pre_conf': (184, 320), 'pre_entropy': (184, 320), 'pre_argdisp': (184, 320), 'post_conf': (184, 320), 'post_entropy': (184, 320), 'post_argdisp': (184, 320), 'scale_to_full': (), 'feat_left': (128, 184, 320)}
DONE: D:\Users\dust\Documents\학교\2026년도1학기\컴퓨터비전\실습\FoundationStereo\experiments\ds_v2_seed1/computer_room_v21\fs
features.npz 저장: {'pre_conf': (184, 320), 'pre_entropy': (184, 320), 'pre_argdisp': (184, 320), 'post_conf': (184, 320), 'post_entropy': (184, 320), 'post_argdisp': (184, 320), 'scale_to_full': (), 'feat_left': (128, 184, 320)}
DONE: D:\Users\dust\Documents\학교\2026년도1학기\컴퓨터비전\실습\FoundationStereo\experiments\ds_v2_seed1/green_house_v21\fs
[fs_server] 520/1537 (done 520, skip 0, fail 0) 2.7s/view, ETA 46m
features.npz 저장: {'pre_conf': (184, 320), 'pre_entropy': (184, 320), 'pre_argdisp': (184, 320), 'post_conf': (184, 320), 'post_entropy': (184, 320), 'post_argdisp': (184, 320), 'scale_to_full': (), 'feat_left': (128, 184, 320)}
DONE: D:\Users\dust\Documents\학교\2026년도1학기\컴퓨터비전\실습\FoundationStereo\experiments\ds_v2_seed1/gym_v21\fs
features.npz 저장: {'pre_conf': (184, 320), 'pre_entropy': (184, 320), 'pre_argdisp': (184, 320), 'post_conf': (184, 320), 'post_entropy': (184, 320), 'post_argdisp': (184, 320), 'scale_to_full': (), 'feat_left': (128, 184, 320)}
DONE: D:\Users\dust\Documents\학교\2026년도1학기\컴퓨터비전\실습\FoundationStereo\experiments\ds_v2_seed1/living_room_contemp_v21\fs
features.npz 저장: {'pre_conf': (184, 320), 'pre_entropy': (184, 320), 'pre_argdisp': (184, 320), 'post_conf': (184, 320), 'post_entropy': (184, 320), 'post_argdisp': (184, 320), 'scale_to_full': (), 'feat_left': (128, 184, 320)}
DONE: D:\Users\dust\Documents\학교\2026년도1학기\컴퓨터비전\실습\FoundationStereo\experiments\ds_v2_seed1/livingroom_v21\fs
features.npz 저장: {'pre_conf': (184, 320), 'pre_entropy': (184, 320), 'pre_argdisp': (184, 320), 'post_conf': (184, 320), 'post_entropy': (184, 320), 'post_argdisp': (184, 320), 'scale_to_full': (), 'feat_left': (128, 184, 320)}
DONE: D:\Users\dust\Documents\학교\2026년도1학기\컴퓨터비전\실습\FoundationStereo\experiments\ds_v2_seed1/minigym_v21\fs
features.npz 저장: {'pre_conf': (184, 320), 'pre_entropy': (184, 320), 'pre_argdisp': (184, 320), 'post_conf': (184, 320), 'post_entropy': (184, 320), 'post_argdisp': (184, 320), 'scale_to_full': (), 'feat_left': (128, 184, 320)}
DONE: D:\Users\dust\Documents\학교\2026년도1학기\컴퓨터비전\실습\FoundationStereo\experiments\ds_v2_seed1/minimal_interior_v21\fs
features.npz 저장: {'pre_conf': (184, 320), 'pre_entropy': (184, 320), 'pre_argdisp': (184, 320), 'post_conf': (184, 320), 'post_entropy': (184, 320), 'post_argdisp': (184, 320), 'scale_to_full': (), 'feat_left': (128, 184, 320)}
DONE: D:\Users\dust\Documents\학교\2026년도1학기\컴퓨터비전\실습\FoundationStereo\experiments\ds_v2_seed1/scandinavian_v21\fs
features.npz 저장: {'pre_conf': (184, 320), 'pre_entropy': (184, 320), 'pre_argdisp': (184, 320), 'post_conf': (184, 320), 'post_entropy': (184, 320), 'post_argdisp': (184, 320), 'scale_to_full': (), 'feat_left': (128, 184, 320)}
DONE: D:\Users\dust\Documents\학교\2026년도1학기\컴퓨터비전\실습\FoundationStereo\experiments\ds_v2_seed1/sunlight_v21\fs
features.npz 저장: {'pre_conf': (184, 320), 'pre_entropy': (184, 320), 'pre_argdisp': (184, 320), 'post_conf': (184, 320), 'post_entropy': (184, 320), 'post_argdisp': (184, 320), 'scale_to_full': (), 'feat_left': (128, 184, 320)}
DONE: D:\Users\dust\Documents\학교\2026년도1학기\컴퓨터비전\실습\FoundationStereo\experiments\ds_v2_seed1/terrazzo_v21\fs
features.npz 저장: {'pre_conf': (184, 320), 'pre_entropy': (184, 320), 'pre_argdisp': (184, 320), 'post_conf': (184, 320), 'post_entropy': (184, 320), 'post_argdisp': (184, 320), 'scale_to_full': (), 'feat_left': (128, 184, 320)}
DONE: D:\Users\dust\Documents\학교\2026년도1학기\컴퓨터비전\실습\FoundationStereo\experiments\ds_v1_seed0/bedroom_v22\fs
features.npz 저장: {'pre_conf': (184, 320), 'pre_entropy': (184, 320), 'pre_argdisp': (184, 320), 'post_conf': (184, 320), 'post_entropy': (184, 320), 'post_argdisp': (184, 320), 'scale_to_full': (), 'feat_left': (128, 184, 320)}
DONE: D:\Users\dust\Documents\학교\2026년도1학기\컴퓨터비전\실습\FoundationStereo\experiments\ds_v1_seed0/blue_bathroom_v22\fs
features.npz 저장: {'pre_conf': (184, 320), 'pre_entropy': (184, 320), 'pre_argdisp': (184, 320), 'post_conf': (184, 320), 'post_entropy': (184, 320), 'post_argdisp': (184, 320), 'scale_to_full': (), 'feat_left': (128, 184, 320)}
DONE: D:\Users\dust\Documents\학교\2026년도1학기\컴퓨터비전\실습\FoundationStereo\experiments\ds_v1_seed0/computer_room_v22\fs
features.npz 저장: {'pre_conf': (184, 320), 'pre_entropy': (184, 320), 'pre_argdisp': (184, 320), 'post_conf': (184, 320), 'post_entropy': (184, 320), 'post_argdisp': (184, 320), 'scale_to_full': (), 'feat_left': (128, 184, 320)}
DONE: D:\Users\dust\Documents\학교\2026년도1학기\컴퓨터비전\실습\FoundationStereo\experiments\ds_v1_seed0/green_house_v22\fs
features.npz 저장: {'pre_conf': (184, 320), 'pre_entropy': (184, 320), 'pre_argdisp': (184, 320), 'post_conf': (184, 320), 'post_entropy': (184, 320), 'post_argdisp': (184, 320), 'scale_to_full': (), 'feat_left': (128, 184, 320)}
DONE: D:\Users\dust\Documents\학교\2026년도1학기\컴퓨터비전\실습\FoundationStereo\experiments\ds_v1_seed0/gym_v22\fs
features.npz 저장: {'pre_conf': (184, 320), 'pre_entropy': (184, 320), 'pre_argdisp': (184, 320), 'post_conf': (184, 320), 'post_entropy': (184, 320), 'post_argdisp': (184, 320), 'scale_to_full': (), 'feat_left': (128, 184, 320)}
DONE: D:\Users\dust\Documents\학교\2026년도1학기\컴퓨터비전\실습\FoundationStereo\experiments\ds_v1_seed0/living_room_contemp_v22\fs
features.npz 저장: {'pre_conf': (184, 320), 'pre_entropy': (184, 320), 'pre_argdisp': (184, 320), 'post_conf': (184, 320), 'post_entropy': (184, 320), 'post_argdisp': (184, 320), 'scale_to_full': (), 'feat_left': (128, 184, 320)}
DONE: D:\Users\dust\Documents\학교\2026년도1학기\컴퓨터비전\실습\FoundationStereo\experiments\ds_v1_seed0/livingroom_v22\fs
features.npz 저장: {'pre_conf': (184, 320), 'pre_entropy': (184, 320), 'pre_argdisp': (184, 320), 'post_conf': (184, 320), 'post_entropy': (184, 320), 'post_argdisp': (184, 320), 'scale_to_full': (), 'feat_left': (128, 184, 320)}
DONE: D:\Users\dust\Documents\학교\2026년도1학기\컴퓨터비전\실습\FoundationStereo\experiments\ds_v1_seed0/minigym_v22\fs
features.npz 저장: {'pre_conf': (184, 320), 'pre_entropy': (184, 320), 'pre_argdisp': (184, 320), 'post_conf': (184, 320), 'post_entropy': (184, 320), 'post_argdisp': (184, 320), 'scale_to_full': (), 'feat_left': (128, 184, 320)}
DONE: D:\Users\dust\Documents\학교\2026년도1학기\컴퓨터비전\실습\FoundationStereo\experiments\ds_v1_seed0/minimal_interior_v22\fs
features.npz 저장: {'pre_conf': (184, 320), 'pre_entropy': (184, 320), 'pre_argdisp': (184, 320), 'post_conf': (184, 320), 'post_entropy': (184, 320), 'post_argdisp': (184, 320), 'scale_to_full': (), 'feat_left': (128, 184, 320)}
DONE: D:\Users\dust\Documents\학교\2026년도1학기\컴퓨터비전\실습\FoundationStereo\experiments\ds_v1_seed0/scandinavian_v22\fs
features.npz 저장: {'pre_conf': (184, 320), 'pre_entropy': (184, 320), 'pre_argdisp': (184, 320), 'post_conf': (184, 320), 'post_entropy': (184, 320), 'post_argdisp': (184, 320), 'scale_to_full': (), 'feat_left': (128, 184, 320)}
DONE: D:\Users\dust\Documents\학교\2026년도1학기\컴퓨터비전\실습\FoundationStereo\experiments\ds_v1_seed0/sunlight_v22\fs
features.npz 저장: {'pre_conf': (184, 320), 'pre_entropy': (184, 320), 'pre_argdisp': (184, 320), 'post_conf': (184, 320), 'post_entropy': (184, 320), 'post_argdisp': (184, 320), 'scale_to_full': (), 'feat_left': (128, 184, 320)}
DONE: D:\Users\dust\Documents\학교\2026년도1학기\컴퓨터비전\실습\FoundationStereo\experiments\ds_v1_seed0/terrazzo_v22\fs
[fs_server] 540/1537 (done 540, skip 0, fail 0) 2.7s/view, ETA 45m
features.npz 저장: {'pre_conf': (184, 320), 'pre_entropy': (184, 320), 'pre_argdisp': (184, 320), 'post_conf': (184, 320), 'post_entropy': (184, 320), 'post_argdisp': (184, 320), 'scale_to_full': (), 'feat_left': (128, 184, 320)}
DONE: D:\Users\dust\Documents\학교\2026년도1학기\컴퓨터비전\실습\FoundationStereo\experiments\ds_v2_seed1/bedroom_v22\fs
features.npz 저장: {'pre_conf': (184, 320), 'pre_entropy': (184, 320), 'pre_argdisp': (184, 320), 'post_conf': (184, 320), 'post_entropy': (184, 320), 'post_argdisp': (184, 320), 'scale_to_full': (), 'feat_left': (128, 184, 320)}
DONE: D:\Users\dust\Documents\학교\2026년도1학기\컴퓨터비전\실습\FoundationStereo\experiments\ds_v2_seed1/blue_bathroom_v22\fs
features.npz 저장: {'pre_conf': (184, 320), 'pre_entropy': (184, 320), 'pre_argdisp': (184, 320), 'post_conf': (184, 320), 'post_entropy': (184, 320), 'post_argdisp': (184, 320), 'scale_to_full': (), 'feat_left': (128, 184, 320)}
DONE: D:\Users\dust\Documents\학교\2026년도1학기\컴퓨터비전\실습\FoundationStereo\experiments\ds_v2_seed1/computer_room_v22\fs
features.npz 저장: {'pre_conf': (184, 320), 'pre_entropy': (184, 320), 'pre_argdisp': (184, 320), 'post_conf': (184, 320), 'post_entropy': (184, 320), 'post_argdisp': (184, 320), 'scale_to_full': (), 'feat_left': (128, 184, 320)}
DONE: D:\Users\dust\Documents\학교\2026년도1학기\컴퓨터비전\실습\FoundationStereo\experiments\ds_v2_seed1/green_house_v22\fs
features.npz 저장: {'pre_conf': (184, 320), 'pre_entropy': (184, 320), 'pre_argdisp': (184, 320), 'post_conf': (184, 320), 'post_entropy': (184, 320), 'post_argdisp': (184, 320), 'scale_to_full': (), 'feat_left': (128, 184, 320)}
DONE: D:\Users\dust\Documents\학교\2026년도1학기\컴퓨터비전\실습\FoundationStereo\experiments\ds_v2_seed1/gym_v22\fs
features.npz 저장: {'pre_conf': (184, 320), 'pre_entropy': (184, 320), 'pre_argdisp': (184, 320), 'post_conf': (184, 320), 'post_entropy': (184, 320), 'post_argdisp': (184, 320), 'scale_to_full': (), 'feat_left': (128, 184, 320)}
DONE: D:\Users\dust\Documents\학교\2026년도1학기\컴퓨터비전\실습\FoundationStereo\experiments\ds_v2_seed1/living_room_contemp_v22\fs
features.npz 저장: {'pre_conf': (184, 320), 'pre_entropy': (184, 320), 'pre_argdisp': (184, 320), 'post_conf': (184, 320), 'post_entropy': (184, 320), 'post_argdisp': (184, 320), 'scale_to_full': (), 'feat_left': (128, 184, 320)}
DONE: D:\Users\dust\Documents\학교\2026년도1학기\컴퓨터비전\실습\FoundationStereo\experiments\ds_v2_seed1/livingroom_v22\fs
features.npz 저장: {'pre_conf': (184, 320), 'pre_entropy': (184, 320), 'pre_argdisp': (184, 320), 'post_conf': (184, 320), 'post_entropy': (184, 320), 'post_argdisp': (184, 320), 'scale_to_full': (), 'feat_left': (128, 184, 320)}
DONE: D:\Users\dust\Documents\학교\2026년도1학기\컴퓨터비전\실습\FoundationStereo\experiments\ds_v2_seed1/minigym_v22\fs
features.npz 저장: {'pre_conf': (184, 320), 'pre_entropy': (184, 320), 'pre_argdisp': (184, 320), 'post_conf': (184, 320), 'post_entropy': (184, 320), 'post_argdisp': (184, 320), 'scale_to_full': (), 'feat_left': (128, 184, 320)}
DONE: D:\Users\dust\Documents\학교\2026년도1학기\컴퓨터비전\실습\FoundationStereo\experiments\ds_v2_seed1/minimal_interior_v22\fs
features.npz 저장: {'pre_conf': (184, 320), 'pre_entropy': (184, 320), 'pre_argdisp': (184, 320), 'post_conf': (184, 320), 'post_entropy': (184, 320), 'post_argdisp': (184, 320), 'scale_to_full': (), 'feat_left': (128, 184, 320)}
DONE: D:\Users\dust\Documents\학교\2026년도1학기\컴퓨터비전\실습\FoundationStereo\experiments\ds_v2_seed1/scandinavian_v22\fs
features.npz 저장: {'pre_conf': (184, 320), 'pre_entropy': (184, 320), 'pre_argdisp': (184, 320), 'post_conf': (184, 320), 'post_entropy': (184, 320), 'post_argdisp': (184, 320), 'scale_to_full': (), 'feat_left': (128, 184, 320)}
DONE: D:\Users\dust\Documents\학교\2026년도1학기\컴퓨터비전\실습\FoundationStereo\experiments\ds_v2_seed1/sunlight_v22\fs
features.npz 저장: {'pre_conf': (184, 320), 'pre_entropy': (184, 320), 'pre_argdisp': (184, 320), 'post_conf': (184, 320), 'post_entropy': (184, 320), 'post_argdisp': (184, 320), 'scale_to_full': (), 'feat_left': (128, 184, 320)}
DONE: D:\Users\dust\Documents\학교\2026년도1학기\컴퓨터비전\실습\FoundationStereo\experiments\ds_v2_seed1/terrazzo_v22\fs
features.npz 저장: {'pre_conf': (184, 320), 'pre_entropy': (184, 320), 'pre_argdisp': (184, 320), 'post_conf': (184, 320), 'post_entropy': (184, 320), 'post_argdisp': (184, 320), 'scale_to_full': (), 'feat_left': (128, 184, 320)}
DONE: D:\Users\dust\Documents\학교\2026년도1학기\컴퓨터비전\실습\FoundationStereo\experiments\ds_v1_seed0/bedroom_v23\fs
features.npz 저장: {'pre_conf': (184, 320), 'pre_entropy': (184, 320), 'pre_argdisp': (184, 320), 'post_conf': (184, 320), 'post_entropy': (184, 320), 'post_argdisp': (184, 320), 'scale_to_full': (), 'feat_left': (128, 184, 320)}
DONE: D:\Users\dust\Documents\학교\2026년도1학기\컴퓨터비전\실습\FoundationStereo\experiments\ds_v1_seed0/blue_bathroom_v23\fs
features.npz 저장: {'pre_conf': (184, 320), 'pre_entropy': (184, 320), 'pre_argdisp': (184, 320), 'post_conf': (184, 320), 'post_entropy': (184, 320), 'post_argdisp': (184, 320), 'scale_to_full': (), 'feat_left': (128, 184, 320)}
DONE: D:\Users\dust\Documents\학교\2026년도1학기\컴퓨터비전\실습\FoundationStereo\experiments\ds_v1_seed0/computer_room_v23\fs
features.npz 저장: {'pre_conf': (184, 320), 'pre_entropy': (184, 320), 'pre_argdisp': (184, 320), 'post_conf': (184, 320), 'post_entropy': (184, 320), 'post_argdisp': (184, 320), 'scale_to_full': (), 'feat_left': (128, 184, 320)}
DONE: D:\Users\dust\Documents\학교\2026년도1학기\컴퓨터비전\실습\FoundationStereo\experiments\ds_v1_seed0/green_house_v23\fs
features.npz 저장: {'pre_conf': (184, 320), 'pre_entropy': (184, 320), 'pre_argdisp': (184, 320), 'post_conf': (184, 320), 'post_entropy': (184, 320), 'post_argdisp': (184, 320), 'scale_to_full': (), 'feat_left': (128, 184, 320)}
DONE: D:\Users\dust\Documents\학교\2026년도1학기\컴퓨터비전\실습\FoundationStereo\experiments\ds_v1_seed0/gym_v23\fs
features.npz 저장: {'pre_conf': (184, 320), 'pre_entropy': (184, 320), 'pre_argdisp': (184, 320), 'post_conf': (184, 320), 'post_entropy': (184, 320), 'post_argdisp': (184, 320), 'scale_to_full': (), 'feat_left': (128, 184, 320)}
DONE: D:\Users\dust\Documents\학교\2026년도1학기\컴퓨터비전\실습\FoundationStereo\experiments\ds_v1_seed0/living_room_contemp_v23\fs
features.npz 저장: {'pre_conf': (184, 320), 'pre_entropy': (184, 320), 'pre_argdisp': (184, 320), 'post_conf': (184, 320), 'post_entropy': (184, 320), 'post_argdisp': (184, 320), 'scale_to_full': (), 'feat_left': (128, 184, 320)}
DONE: D:\Users\dust\Documents\학교\2026년도1학기\컴퓨터비전\실습\FoundationStereo\experiments\ds_v1_seed0/livingroom_v23\fs
features.npz 저장: {'pre_conf': (184, 320), 'pre_entropy': (184, 320), 'pre_argdisp': (184, 320), 'post_conf': (184, 320), 'post_entropy': (184, 320), 'post_argdisp': (184, 320), 'scale_to_full': (), 'feat_left': (128, 184, 320)}
DONE: D:\Users\dust\Documents\학교\2026년도1학기\컴퓨터비전\실습\FoundationStereo\experiments\ds_v1_seed0/minigym_v23\fs
[fs_server] 560/1537 (done 560, skip 0, fail 0) 2.7s/view, ETA 45m
features.npz 저장: {'pre_conf': (184, 320), 'pre_entropy': (184, 320), 'pre_argdisp': (184, 320), 'post_conf': (184, 320), 'post_entropy': (184, 320), 'post_argdisp': (184, 320), 'scale_to_full': (), 'feat_left': (128, 184, 320)}
DONE: D:\Users\dust\Documents\학교\2026년도1학기\컴퓨터비전\실습\FoundationStereo\experiments\ds_v1_seed0/minimal_interior_v23\fs
features.npz 저장: {'pre_conf': (184, 320), 'pre_entropy': (184, 320), 'pre_argdisp': (184, 320), 'post_conf': (184, 320), 'post_entropy': (184, 320), 'post_argdisp': (184, 320), 'scale_to_full': (), 'feat_left': (128, 184, 320)}
DONE: D:\Users\dust\Documents\학교\2026년도1학기\컴퓨터비전\실습\FoundationStereo\experiments\ds_v1_seed0/scandinavian_v23\fs
features.npz 저장: {'pre_conf': (184, 320), 'pre_entropy': (184, 320), 'pre_argdisp': (184, 320), 'post_conf': (184, 320), 'post_entropy': (184, 320), 'post_argdisp': (184, 320), 'scale_to_full': (), 'feat_left': (128, 184, 320)}
DONE: D:\Users\dust\Documents\학교\2026년도1학기\컴퓨터비전\실습\FoundationStereo\experiments\ds_v1_seed0/sunlight_v23\fs
features.npz 저장: {'pre_conf': (184, 320), 'pre_entropy': (184, 320), 'pre_argdisp': (184, 320), 'post_conf': (184, 320), 'post_entropy': (184, 320), 'post_argdisp': (184, 320), 'scale_to_full': (), 'feat_left': (128, 184, 320)}
DONE: D:\Users\dust\Documents\학교\2026년도1학기\컴퓨터비전\실습\FoundationStereo\experiments\ds_v1_seed0/terrazzo_v23\fs
features.npz 저장: {'pre_conf': (184, 320), 'pre_entropy': (184, 320), 'pre_argdisp': (184, 320), 'post_conf': (184, 320), 'post_entropy': (184, 320), 'post_argdisp': (184, 320), 'scale_to_full': (), 'feat_left': (128, 184, 320)}
DONE: D:\Users\dust\Documents\학교\2026년도1학기\컴퓨터비전\실습\FoundationStereo\experiments\ds_v2_seed1/bedroom_v23\fs
features.npz 저장: {'pre_conf': (184, 320), 'pre_entropy': (184, 320), 'pre_argdisp': (184, 320), 'post_conf': (184, 320), 'post_entropy': (184, 320), 'post_argdisp': (184, 320), 'scale_to_full': (), 'feat_left': (128, 184, 320)}
DONE: D:\Users\dust\Documents\학교\2026년도1학기\컴퓨터비전\실습\FoundationStereo\experiments\ds_v2_seed1/blue_bathroom_v23\fs
features.npz 저장: {'pre_conf': (184, 320), 'pre_entropy': (184, 320), 'pre_argdisp': (184, 320), 'post_conf': (184, 320), 'post_entropy': (184, 320), 'post_argdisp': (184, 320), 'scale_to_full': (), 'feat_left': (128, 184, 320)}
DONE: D:\Users\dust\Documents\학교\2026년도1학기\컴퓨터비전\실습\FoundationStereo\experiments\ds_v2_seed1/computer_room_v23\fs
features.npz 저장: {'pre_conf': (184, 320), 'pre_entropy': (184, 320), 'pre_argdisp': (184, 320), 'post_conf': (184, 320), 'post_entropy': (184, 320), 'post_argdisp': (184, 320), 'scale_to_full': (), 'feat_left': (128, 184, 320)}
DONE: D:\Users\dust\Documents\학교\2026년도1학기\컴퓨터비전\실습\FoundationStereo\experiments\ds_v2_seed1/green_house_v23\fs
features.npz 저장: {'pre_conf': (184, 320), 'pre_entropy': (184, 320), 'pre_argdisp': (184, 320), 'post_conf': (184, 320), 'post_entropy': (184, 320), 'post_argdisp': (184, 320), 'scale_to_full': (), 'feat_left': (128, 184, 320)}
DONE: D:\Users\dust\Documents\학교\2026년도1학기\컴퓨터비전\실습\FoundationStereo\experiments\ds_v2_seed1/gym_v23\fs
features.npz 저장: {'pre_conf': (184, 320), 'pre_entropy': (184, 320), 'pre_argdisp': (184, 320), 'post_conf': (184, 320), 'post_entropy': (184, 320), 'post_argdisp': (184, 320), 'scale_to_full': (), 'feat_left': (128, 184, 320)}
DONE: D:\Users\dust\Documents\학교\2026년도1학기\컴퓨터비전\실습\FoundationStereo\experiments\ds_v2_seed1/living_room_contemp_v23\fs
features.npz 저장: {'pre_conf': (184, 320), 'pre_entropy': (184, 320), 'pre_argdisp': (184, 320), 'post_conf': (184, 320), 'post_entropy': (184, 320), 'post_argdisp': (184, 320), 'scale_to_full': (), 'feat_left': (128, 184, 320)}
DONE: D:\Users\dust\Documents\학교\2026년도1학기\컴퓨터비전\실습\FoundationStereo\experiments\ds_v2_seed1/livingroom_v23\fs
features.npz 저장: {'pre_conf': (184, 320), 'pre_entropy': (184, 320), 'pre_argdisp': (184, 320), 'post_conf': (184, 320), 'post_entropy': (184, 320), 'post_argdisp': (184, 320), 'scale_to_full': (), 'feat_left': (128, 184, 320)}
DONE: D:\Users\dust\Documents\학교\2026년도1학기\컴퓨터비전\실습\FoundationStereo\experiments\ds_v2_seed1/minigym_v23\fs
features.npz 저장: {'pre_conf': (184, 320), 'pre_entropy': (184, 320), 'pre_argdisp': (184, 320), 'post_conf': (184, 320), 'post_entropy': (184, 320), 'post_argdisp': (184, 320), 'scale_to_full': (), 'feat_left': (128, 184, 320)}
DONE: D:\Users\dust\Documents\학교\2026년도1학기\컴퓨터비전\실습\FoundationStereo\experiments\ds_v2_seed1/minimal_interior_v23\fs
features.npz 저장: {'pre_conf': (184, 320), 'pre_entropy': (184, 320), 'pre_argdisp': (184, 320), 'post_conf': (184, 320), 'post_entropy': (184, 320), 'post_argdisp': (184, 320), 'scale_to_full': (), 'feat_left': (128, 184, 320)}
DONE: D:\Users\dust\Documents\학교\2026년도1학기\컴퓨터비전\실습\FoundationStereo\experiments\ds_v2_seed1/scandinavian_v23\fs
features.npz 저장: {'pre_conf': (184, 320), 'pre_entropy': (184, 320), 'pre_argdisp': (184, 320), 'post_conf': (184, 320), 'post_entropy': (184, 320), 'post_argdisp': (184, 320), 'scale_to_full': (), 'feat_left': (128, 184, 320)}
DONE: D:\Users\dust\Documents\학교\2026년도1학기\컴퓨터비전\실습\FoundationStereo\experiments\ds_v2_seed1/sunlight_v23\fs
features.npz 저장: {'pre_conf': (184, 320), 'pre_entropy': (184, 320), 'pre_argdisp': (184, 320), 'post_conf': (184, 320), 'post_entropy': (184, 320), 'post_argdisp': (184, 320), 'scale_to_full': (), 'feat_left': (128, 184, 320)}
DONE: D:\Users\dust\Documents\학교\2026년도1학기\컴퓨터비전\실습\FoundationStereo\experiments\ds_v2_seed1/terrazzo_v23\fs
features.npz 저장: {'pre_conf': (184, 320), 'pre_entropy': (184, 320), 'pre_argdisp': (184, 320), 'post_conf': (184, 320), 'post_entropy': (184, 320), 'post_argdisp': (184, 320), 'scale_to_full': (), 'feat_left': (128, 184, 320)}
DONE: D:\Users\dust\Documents\학교\2026년도1학기\컴퓨터비전\실습\FoundationStereo\experiments\ds_v1_seed0/bedroom_v24\fs
features.npz 저장: {'pre_conf': (184, 320), 'pre_entropy': (184, 320), 'pre_argdisp': (184, 320), 'post_conf': (184, 320), 'post_entropy': (184, 320), 'post_argdisp': (184, 320), 'scale_to_full': (), 'feat_left': (128, 184, 320)}
DONE: D:\Users\dust\Documents\학교\2026년도1학기\컴퓨터비전\실습\FoundationStereo\experiments\ds_v1_seed0/blue_bathroom_v24\fs
features.npz 저장: {'pre_conf': (184, 320), 'pre_entropy': (184, 320), 'pre_argdisp': (184, 320), 'post_conf': (184, 320), 'post_entropy': (184, 320), 'post_argdisp': (184, 320), 'scale_to_full': (), 'feat_left': (128, 184, 320)}
DONE: D:\Users\dust\Documents\학교\2026년도1학기\컴퓨터비전\실습\FoundationStereo\experiments\ds_v1_seed0/computer_room_v24\fs
features.npz 저장: {'pre_conf': (184, 320), 'pre_entropy': (184, 320), 'pre_argdisp': (184, 320), 'post_conf': (184, 320), 'post_entropy': (184, 320), 'post_argdisp': (184, 320), 'scale_to_full': (), 'feat_left': (128, 184, 320)}
DONE: D:\Users\dust\Documents\학교\2026년도1학기\컴퓨터비전\실습\FoundationStereo\experiments\ds_v1_seed0/green_house_v24\fs
[fs_server] 580/1537 (done 580, skip 0, fail 0) 2.7s/view, ETA 44m
features.npz 저장: {'pre_conf': (184, 320), 'pre_entropy': (184, 320), 'pre_argdisp': (184, 320), 'post_conf': (184, 320), 'post_entropy': (184, 320), 'post_argdisp': (184, 320), 'scale_to_full': (), 'feat_left': (128, 184, 320)}
DONE: D:\Users\dust\Documents\학교\2026년도1학기\컴퓨터비전\실습\FoundationStereo\experiments\ds_v1_seed0/gym_v24\fs
features.npz 저장: {'pre_conf': (184, 320), 'pre_entropy': (184, 320), 'pre_argdisp': (184, 320), 'post_conf': (184, 320), 'post_entropy': (184, 320), 'post_argdisp': (184, 320), 'scale_to_full': (), 'feat_left': (128, 184, 320)}
DONE: D:\Users\dust\Documents\학교\2026년도1학기\컴퓨터비전\실습\FoundationStereo\experiments\ds_v1_seed0/living_room_contemp_v24\fs
features.npz 저장: {'pre_conf': (184, 320), 'pre_entropy': (184, 320), 'pre_argdisp': (184, 320), 'post_conf': (184, 320), 'post_entropy': (184, 320), 'post_argdisp': (184, 320), 'scale_to_full': (), 'feat_left': (128, 184, 320)}
DONE: D:\Users\dust\Documents\학교\2026년도1학기\컴퓨터비전\실습\FoundationStereo\experiments\ds_v1_seed0/livingroom_v24\fs
features.npz 저장: {'pre_conf': (184, 320), 'pre_entropy': (184, 320), 'pre_argdisp': (184, 320), 'post_conf': (184, 320), 'post_entropy': (184, 320), 'post_argdisp': (184, 320), 'scale_to_full': (), 'feat_left': (128, 184, 320)}
DONE: D:\Users\dust\Documents\학교\2026년도1학기\컴퓨터비전\실습\FoundationStereo\experiments\ds_v1_seed0/minigym_v24\fs
features.npz 저장: {'pre_conf': (184, 320), 'pre_entropy': (184, 320), 'pre_argdisp': (184, 320), 'post_conf': (184, 320), 'post_entropy': (184, 320), 'post_argdisp': (184, 320), 'scale_to_full': (), 'feat_left': (128, 184, 320)}
DONE: D:\Users\dust\Documents\학교\2026년도1학기\컴퓨터비전\실습\FoundationStereo\experiments\ds_v1_seed0/minimal_interior_v24\fs
features.npz 저장: {'pre_conf': (184, 320), 'pre_entropy': (184, 320), 'pre_argdisp': (184, 320), 'post_conf': (184, 320), 'post_entropy': (184, 320), 'post_argdisp': (184, 320), 'scale_to_full': (), 'feat_left': (128, 184, 320)}
DONE: D:\Users\dust\Documents\학교\2026년도1학기\컴퓨터비전\실습\FoundationStereo\experiments\ds_v1_seed0/scandinavian_v24\fs
features.npz 저장: {'pre_conf': (184, 320), 'pre_entropy': (184, 320), 'pre_argdisp': (184, 320), 'post_conf': (184, 320), 'post_entropy': (184, 320), 'post_argdisp': (184, 320), 'scale_to_full': (), 'feat_left': (128, 184, 320)}
DONE: D:\Users\dust\Documents\학교\2026년도1학기\컴퓨터비전\실습\FoundationStereo\experiments\ds_v1_seed0/sunlight_v24\fs
features.npz 저장: {'pre_conf': (184, 320), 'pre_entropy': (184, 320), 'pre_argdisp': (184, 320), 'post_conf': (184, 320), 'post_entropy': (184, 320), 'post_argdisp': (184, 320), 'scale_to_full': (), 'feat_left': (128, 184, 320)}
DONE: D:\Users\dust\Documents\학교\2026년도1학기\컴퓨터비전\실습\FoundationStereo\experiments\ds_v1_seed0/terrazzo_v24\fs
features.npz 저장: {'pre_conf': (184, 320), 'pre_entropy': (184, 320), 'pre_argdisp': (184, 320), 'post_conf': (184, 320), 'post_entropy': (184, 320), 'post_argdisp': (184, 320), 'scale_to_full': (), 'feat_left': (128, 184, 320)}
DONE: D:\Users\dust\Documents\학교\2026년도1학기\컴퓨터비전\실습\FoundationStereo\experiments\ds_v2_seed1/bedroom_v24\fs
features.npz 저장: {'pre_conf': (184, 320), 'pre_entropy': (184, 320), 'pre_argdisp': (184, 320), 'post_conf': (184, 320), 'post_entropy': (184, 320), 'post_argdisp': (184, 320), 'scale_to_full': (), 'feat_left': (128, 184, 320)}
DONE: D:\Users\dust\Documents\학교\2026년도1학기\컴퓨터비전\실습\FoundationStereo\experiments\ds_v2_seed1/blue_bathroom_v24\fs
features.npz 저장: {'pre_conf': (184, 320), 'pre_entropy': (184, 320), 'pre_argdisp': (184, 320), 'post_conf': (184, 320), 'post_entropy': (184, 320), 'post_argdisp': (184, 320), 'scale_to_full': (), 'feat_left': (128, 184, 320)}
DONE: D:\Users\dust\Documents\학교\2026년도1학기\컴퓨터비전\실습\FoundationStereo\experiments\ds_v2_seed1/computer_room_v24\fs
features.npz 저장: {'pre_conf': (184, 320), 'pre_entropy': (184, 320), 'pre_argdisp': (184, 320), 'post_conf': (184, 320), 'post_entropy': (184, 320), 'post_argdisp': (184, 320), 'scale_to_full': (), 'feat_left': (128, 184, 320)}
DONE: D:\Users\dust\Documents\학교\2026년도1학기\컴퓨터비전\실습\FoundationStereo\experiments\ds_v2_seed1/green_house_v24\fs
features.npz 저장: {'pre_conf': (184, 320), 'pre_entropy': (184, 320), 'pre_argdisp': (184, 320), 'post_conf': (184, 320), 'post_entropy': (184, 320), 'post_argdisp': (184, 320), 'scale_to_full': (), 'feat_left': (128, 184, 320)}
DONE: D:\Users\dust\Documents\학교\2026년도1학기\컴퓨터비전\실습\FoundationStereo\experiments\ds_v2_seed1/gym_v24\fs
features.npz 저장: {'pre_conf': (184, 320), 'pre_entropy': (184, 320), 'pre_argdisp': (184, 320), 'post_conf': (184, 320), 'post_entropy': (184, 320), 'post_argdisp': (184, 320), 'scale_to_full': (), 'feat_left': (128, 184, 320)}
DONE: D:\Users\dust\Documents\학교\2026년도1학기\컴퓨터비전\실습\FoundationStereo\experiments\ds_v2_seed1/living_room_contemp_v24\fs
features.npz 저장: {'pre_conf': (184, 320), 'pre_entropy': (184, 320), 'pre_argdisp': (184, 320), 'post_conf': (184, 320), 'post_entropy': (184, 320), 'post_argdisp': (184, 320), 'scale_to_full': (), 'feat_left': (128, 184, 320)}
DONE: D:\Users\dust\Documents\학교\2026년도1학기\컴퓨터비전\실습\FoundationStereo\experiments\ds_v2_seed1/livingroom_v24\fs
features.npz 저장: {'pre_conf': (184, 320), 'pre_entropy': (184, 320), 'pre_argdisp': (184, 320), 'post_conf': (184, 320), 'post_entropy': (184, 320), 'post_argdisp': (184, 320), 'scale_to_full': (), 'feat_left': (128, 184, 320)}
DONE: D:\Users\dust\Documents\학교\2026년도1학기\컴퓨터비전\실습\FoundationStereo\experiments\ds_v2_seed1/minigym_v24\fs
features.npz 저장: {'pre_conf': (184, 320), 'pre_entropy': (184, 320), 'pre_argdisp': (184, 320), 'post_conf': (184, 320), 'post_entropy': (184, 320), 'post_argdisp': (184, 320), 'scale_to_full': (), 'feat_left': (128, 184, 320)}
DONE: D:\Users\dust\Documents\학교\2026년도1학기\컴퓨터비전\실습\FoundationStereo\experiments\ds_v2_seed1/minimal_interior_v24\fs
features.npz 저장: {'pre_conf': (184, 320), 'pre_entropy': (184, 320), 'pre_argdisp': (184, 320), 'post_conf': (184, 320), 'post_entropy': (184, 320), 'post_argdisp': (184, 320), 'scale_to_full': (), 'feat_left': (128, 184, 320)}
DONE: D:\Users\dust\Documents\학교\2026년도1학기\컴퓨터비전\실습\FoundationStereo\experiments\ds_v2_seed1/scandinavian_v24\fs
features.npz 저장: {'pre_conf': (184, 320), 'pre_entropy': (184, 320), 'pre_argdisp': (184, 320), 'post_conf': (184, 320), 'post_entropy': (184, 320), 'post_argdisp': (184, 320), 'scale_to_full': (), 'feat_left': (128, 184, 320)}
DONE: D:\Users\dust\Documents\학교\2026년도1학기\컴퓨터비전\실습\FoundationStereo\experiments\ds_v2_seed1/sunlight_v24\fs
features.npz 저장: {'pre_conf': (184, 320), 'pre_entropy': (184, 320), 'pre_argdisp': (184, 320), 'post_conf': (184, 320), 'post_entropy': (184, 320), 'post_argdisp': (184, 320), 'scale_to_full': (), 'feat_left': (128, 184, 320)}
DONE: D:\Users\dust\Documents\학교\2026년도1학기\컴퓨터비전\실습\FoundationStereo\experiments\ds_v2_seed1/terrazzo_v24\fs
[fs_server] 600/1537 (done 600, skip 0, fail 0) 2.7s/view, ETA 43m
features.npz 저장: {'pre_conf': (184, 320), 'pre_entropy': (184, 320), 'pre_argdisp': (184, 320), 'post_conf': (184, 320), 'post_entropy': (184, 320), 'post_argdisp': (184, 320), 'scale_to_full': (), 'feat_left': (128, 184, 320)}
DONE: D:\Users\dust\Documents\학교\2026년도1학기\컴퓨터비전\실습\FoundationStereo\experiments\ds_v1_seed0/bedroom_v25\fs
features.npz 저장: {'pre_conf': (184, 320), 'pre_entropy': (184, 320), 'pre_argdisp': (184, 320), 'post_conf': (184, 320), 'post_entropy': (184, 320), 'post_argdisp': (184, 320), 'scale_to_full': (), 'feat_left': (128, 184, 320)}
DONE: D:\Users\dust\Documents\학교\2026년도1학기\컴퓨터비전\실습\FoundationStereo\experiments\ds_v1_seed0/blue_bathroom_v25\fs
features.npz 저장: {'pre_conf': (184, 320), 'pre_entropy': (184, 320), 'pre_argdisp': (184, 320), 'post_conf': (184, 320), 'post_entropy': (184, 320), 'post_argdisp': (184, 320), 'scale_to_full': (), 'feat_left': (128, 184, 320)}
DONE: D:\Users\dust\Documents\학교\2026년도1학기\컴퓨터비전\실습\FoundationStereo\experiments\ds_v1_seed0/computer_room_v25\fs
features.npz 저장: {'pre_conf': (184, 320), 'pre_entropy': (184, 320), 'pre_argdisp': (184, 320), 'post_conf': (184, 320), 'post_entropy': (184, 320), 'post_argdisp': (184, 320), 'scale_to_full': (), 'feat_left': (128, 184, 320)}
DONE: D:\Users\dust\Documents\학교\2026년도1학기\컴퓨터비전\실습\FoundationStereo\experiments\ds_v1_seed0/green_house_v25\fs
features.npz 저장: {'pre_conf': (184, 320), 'pre_entropy': (184, 320), 'pre_argdisp': (184, 320), 'post_conf': (184, 320), 'post_entropy': (184, 320), 'post_argdisp': (184, 320), 'scale_to_full': (), 'feat_left': (128, 184, 320)}
DONE: D:\Users\dust\Documents\학교\2026년도1학기\컴퓨터비전\실습\FoundationStereo\experiments\ds_v1_seed0/gym_v25\fs
features.npz 저장: {'pre_conf': (184, 320), 'pre_entropy': (184, 320), 'pre_argdisp': (184, 320), 'post_conf': (184, 320), 'post_entropy': (184, 320), 'post_argdisp': (184, 320), 'scale_to_full': (), 'feat_left': (128, 184, 320)}
DONE: D:\Users\dust\Documents\학교\2026년도1학기\컴퓨터비전\실습\FoundationStereo\experiments\ds_v1_seed0/living_room_contemp_v25\fs
features.npz 저장: {'pre_conf': (184, 320), 'pre_entropy': (184, 320), 'pre_argdisp': (184, 320), 'post_conf': (184, 320), 'post_entropy': (184, 320), 'post_argdisp': (184, 320), 'scale_to_full': (), 'feat_left': (128, 184, 320)}
DONE: D:\Users\dust\Documents\학교\2026년도1학기\컴퓨터비전\실습\FoundationStereo\experiments\ds_v1_seed0/livingroom_v25\fs
features.npz 저장: {'pre_conf': (184, 320), 'pre_entropy': (184, 320), 'pre_argdisp': (184, 320), 'post_conf': (184, 320), 'post_entropy': (184, 320), 'post_argdisp': (184, 320), 'scale_to_full': (), 'feat_left': (128, 184, 320)}
DONE: D:\Users\dust\Documents\학교\2026년도1학기\컴퓨터비전\실습\FoundationStereo\experiments\ds_v1_seed0/minigym_v25\fs
features.npz 저장: {'pre_conf': (184, 320), 'pre_entropy': (184, 320), 'pre_argdisp': (184, 320), 'post_conf': (184, 320), 'post_entropy': (184, 320), 'post_argdisp': (184, 320), 'scale_to_full': (), 'feat_left': (128, 184, 320)}
DONE: D:\Users\dust\Documents\학교\2026년도1학기\컴퓨터비전\실습\FoundationStereo\experiments\ds_v1_seed0/minimal_interior_v25\fs
features.npz 저장: {'pre_conf': (184, 320), 'pre_entropy': (184, 320), 'pre_argdisp': (184, 320), 'post_conf': (184, 320), 'post_entropy': (184, 320), 'post_argdisp': (184, 320), 'scale_to_full': (), 'feat_left': (128, 184, 320)}
DONE: D:\Users\dust\Documents\학교\2026년도1학기\컴퓨터비전\실습\FoundationStereo\experiments\ds_v1_seed0/scandinavian_v25\fs
features.npz 저장: {'pre_conf': (184, 320), 'pre_entropy': (184, 320), 'pre_argdisp': (184, 320), 'post_conf': (184, 320), 'post_entropy': (184, 320), 'post_argdisp': (184, 320), 'scale_to_full': (), 'feat_left': (128, 184, 320)}
DONE: D:\Users\dust\Documents\학교\2026년도1학기\컴퓨터비전\실습\FoundationStereo\experiments\ds_v1_seed0/sunlight_v25\fs
features.npz 저장: {'pre_conf': (184, 320), 'pre_entropy': (184, 320), 'pre_argdisp': (184, 320), 'post_conf': (184, 320), 'post_entropy': (184, 320), 'post_argdisp': (184, 320), 'scale_to_full': (), 'feat_left': (128, 184, 320)}
DONE: D:\Users\dust\Documents\학교\2026년도1학기\컴퓨터비전\실습\FoundationStereo\experiments\ds_v1_seed0/terrazzo_v25\fs
features.npz 저장: {'pre_conf': (184, 320), 'pre_entropy': (184, 320), 'pre_argdisp': (184, 320), 'post_conf': (184, 320), 'post_entropy': (184, 320), 'post_argdisp': (184, 320), 'scale_to_full': (), 'feat_left': (128, 184, 320)}
DONE: D:\Users\dust\Documents\학교\2026년도1학기\컴퓨터비전\실습\FoundationStereo\experiments\ds_v2_seed1/bedroom_v25\fs
features.npz 저장: {'pre_conf': (184, 320), 'pre_entropy': (184, 320), 'pre_argdisp': (184, 320), 'post_conf': (184, 320), 'post_entropy': (184, 320), 'post_argdisp': (184, 320), 'scale_to_full': (), 'feat_left': (128, 184, 320)}
DONE: D:\Users\dust\Documents\학교\2026년도1학기\컴퓨터비전\실습\FoundationStereo\experiments\ds_v2_seed1/blue_bathroom_v25\fs
features.npz 저장: {'pre_conf': (184, 320), 'pre_entropy': (184, 320), 'pre_argdisp': (184, 320), 'post_conf': (184, 320), 'post_entropy': (184, 320), 'post_argdisp': (184, 320), 'scale_to_full': (), 'feat_left': (128, 184, 320)}
DONE: D:\Users\dust\Documents\학교\2026년도1학기\컴퓨터비전\실습\FoundationStereo\experiments\ds_v2_seed1/computer_room_v25\fs
features.npz 저장: {'pre_conf': (184, 320), 'pre_entropy': (184, 320), 'pre_argdisp': (184, 320), 'post_conf': (184, 320), 'post_entropy': (184, 320), 'post_argdisp': (184, 320), 'scale_to_full': (), 'feat_left': (128, 184, 320)}
DONE: D:\Users\dust\Documents\학교\2026년도1학기\컴퓨터비전\실습\FoundationStereo\experiments\ds_v2_seed1/green_house_v25\fs
features.npz 저장: {'pre_conf': (184, 320), 'pre_entropy': (184, 320), 'pre_argdisp': (184, 320), 'post_conf': (184, 320), 'post_entropy': (184, 320), 'post_argdisp': (184, 320), 'scale_to_full': (), 'feat_left': (128, 184, 320)}
DONE: D:\Users\dust\Documents\학교\2026년도1학기\컴퓨터비전\실습\FoundationStereo\experiments\ds_v2_seed1/gym_v25\fs
features.npz 저장: {'pre_conf': (184, 320), 'pre_entropy': (184, 320), 'pre_argdisp': (184, 320), 'post_conf': (184, 320), 'post_entropy': (184, 320), 'post_argdisp': (184, 320), 'scale_to_full': (), 'feat_left': (128, 184, 320)}
DONE: D:\Users\dust\Documents\학교\2026년도1학기\컴퓨터비전\실습\FoundationStereo\experiments\ds_v2_seed1/living_room_contemp_v25\fs
features.npz 저장: {'pre_conf': (184, 320), 'pre_entropy': (184, 320), 'pre_argdisp': (184, 320), 'post_conf': (184, 320), 'post_entropy': (184, 320), 'post_argdisp': (184, 320), 'scale_to_full': (), 'feat_left': (128, 184, 320)}
DONE: D:\Users\dust\Documents\학교\2026년도1학기\컴퓨터비전\실습\FoundationStereo\experiments\ds_v2_seed1/livingroom_v25\fs
features.npz 저장: {'pre_conf': (184, 320), 'pre_entropy': (184, 320), 'pre_argdisp': (184, 320), 'post_conf': (184, 320), 'post_entropy': (184, 320), 'post_argdisp': (184, 320), 'scale_to_full': (), 'feat_left': (128, 184, 320)}
DONE: D:\Users\dust\Documents\학교\2026년도1학기\컴퓨터비전\실습\FoundationStereo\experiments\ds_v2_seed1/minigym_v25\fs
[fs_server] 620/1537 (done 620, skip 0, fail 0) 2.7s/view, ETA 42m
features.npz 저장: {'pre_conf': (184, 320), 'pre_entropy': (184, 320), 'pre_argdisp': (184, 320), 'post_conf': (184, 320), 'post_entropy': (184, 320), 'post_argdisp': (184, 320), 'scale_to_full': (), 'feat_left': (128, 184, 320)}
DONE: D:\Users\dust\Documents\학교\2026년도1학기\컴퓨터비전\실습\FoundationStereo\experiments\ds_v2_seed1/minimal_interior_v25\fs
features.npz 저장: {'pre_conf': (184, 320), 'pre_entropy': (184, 320), 'pre_argdisp': (184, 320), 'post_conf': (184, 320), 'post_entropy': (184, 320), 'post_argdisp': (184, 320), 'scale_to_full': (), 'feat_left': (128, 184, 320)}
DONE: D:\Users\dust\Documents\학교\2026년도1학기\컴퓨터비전\실습\FoundationStereo\experiments\ds_v2_seed1/scandinavian_v25\fs
features.npz 저장: {'pre_conf': (184, 320), 'pre_entropy': (184, 320), 'pre_argdisp': (184, 320), 'post_conf': (184, 320), 'post_entropy': (184, 320), 'post_argdisp': (184, 320), 'scale_to_full': (), 'feat_left': (128, 184, 320)}
DONE: D:\Users\dust\Documents\학교\2026년도1학기\컴퓨터비전\실습\FoundationStereo\experiments\ds_v2_seed1/sunlight_v25\fs
features.npz 저장: {'pre_conf': (184, 320), 'pre_entropy': (184, 320), 'pre_argdisp': (184, 320), 'post_conf': (184, 320), 'post_entropy': (184, 320), 'post_argdisp': (184, 320), 'scale_to_full': (), 'feat_left': (128, 184, 320)}
DONE: D:\Users\dust\Documents\학교\2026년도1학기\컴퓨터비전\실습\FoundationStereo\experiments\ds_v2_seed1/terrazzo_v25\fs
features.npz 저장: {'pre_conf': (184, 320), 'pre_entropy': (184, 320), 'pre_argdisp': (184, 320), 'post_conf': (184, 320), 'post_entropy': (184, 320), 'post_argdisp': (184, 320), 'scale_to_full': (), 'feat_left': (128, 184, 320)}
DONE: D:\Users\dust\Documents\학교\2026년도1학기\컴퓨터비전\실습\FoundationStereo\experiments\ds_v1_seed0/bedroom_v26\fs
features.npz 저장: {'pre_conf': (184, 320), 'pre_entropy': (184, 320), 'pre_argdisp': (184, 320), 'post_conf': (184, 320), 'post_entropy': (184, 320), 'post_argdisp': (184, 320), 'scale_to_full': (), 'feat_left': (128, 184, 320)}
DONE: D:\Users\dust\Documents\학교\2026년도1학기\컴퓨터비전\실습\FoundationStereo\experiments\ds_v1_seed0/blue_bathroom_v26\fs
features.npz 저장: {'pre_conf': (184, 320), 'pre_entropy': (184, 320), 'pre_argdisp': (184, 320), 'post_conf': (184, 320), 'post_entropy': (184, 320), 'post_argdisp': (184, 320), 'scale_to_full': (), 'feat_left': (128, 184, 320)}
DONE: D:\Users\dust\Documents\학교\2026년도1학기\컴퓨터비전\실습\FoundationStereo\experiments\ds_v1_seed0/computer_room_v26\fs
features.npz 저장: {'pre_conf': (184, 320), 'pre_entropy': (184, 320), 'pre_argdisp': (184, 320), 'post_conf': (184, 320), 'post_entropy': (184, 320), 'post_argdisp': (184, 320), 'scale_to_full': (), 'feat_left': (128, 184, 320)}
DONE: D:\Users\dust\Documents\학교\2026년도1학기\컴퓨터비전\실습\FoundationStereo\experiments\ds_v1_seed0/green_house_v26\fs
features.npz 저장: {'pre_conf': (184, 320), 'pre_entropy': (184, 320), 'pre_argdisp': (184, 320), 'post_conf': (184, 320), 'post_entropy': (184, 320), 'post_argdisp': (184, 320), 'scale_to_full': (), 'feat_left': (128, 184, 320)}
DONE: D:\Users\dust\Documents\학교\2026년도1학기\컴퓨터비전\실습\FoundationStereo\experiments\ds_v1_seed0/gym_v26\fs
features.npz 저장: {'pre_conf': (184, 320), 'pre_entropy': (184, 320), 'pre_argdisp': (184, 320), 'post_conf': (184, 320), 'post_entropy': (184, 320), 'post_argdisp': (184, 320), 'scale_to_full': (), 'feat_left': (128, 184, 320)}
DONE: D:\Users\dust\Documents\학교\2026년도1학기\컴퓨터비전\실습\FoundationStereo\experiments\ds_v1_seed0/living_room_contemp_v26\fs
features.npz 저장: {'pre_conf': (184, 320), 'pre_entropy': (184, 320), 'pre_argdisp': (184, 320), 'post_conf': (184, 320), 'post_entropy': (184, 320), 'post_argdisp': (184, 320), 'scale_to_full': (), 'feat_left': (128, 184, 320)}
DONE: D:\Users\dust\Documents\학교\2026년도1학기\컴퓨터비전\실습\FoundationStereo\experiments\ds_v1_seed0/livingroom_v26\fs
features.npz 저장: {'pre_conf': (184, 320), 'pre_entropy': (184, 320), 'pre_argdisp': (184, 320), 'post_conf': (184, 320), 'post_entropy': (184, 320), 'post_argdisp': (184, 320), 'scale_to_full': (), 'feat_left': (128, 184, 320)}
DONE: D:\Users\dust\Documents\학교\2026년도1학기\컴퓨터비전\실습\FoundationStereo\experiments\ds_v1_seed0/minigym_v26\fs
features.npz 저장: {'pre_conf': (184, 320), 'pre_entropy': (184, 320), 'pre_argdisp': (184, 320), 'post_conf': (184, 320), 'post_entropy': (184, 320), 'post_argdisp': (184, 320), 'scale_to_full': (), 'feat_left': (128, 184, 320)}
DONE: D:\Users\dust\Documents\학교\2026년도1학기\컴퓨터비전\실습\FoundationStereo\experiments\ds_v1_seed0/minimal_interior_v26\fs
features.npz 저장: {'pre_conf': (184, 320), 'pre_entropy': (184, 320), 'pre_argdisp': (184, 320), 'post_conf': (184, 320), 'post_entropy': (184, 320), 'post_argdisp': (184, 320), 'scale_to_full': (), 'feat_left': (128, 184, 320)}
DONE: D:\Users\dust\Documents\학교\2026년도1학기\컴퓨터비전\실습\FoundationStereo\experiments\ds_v1_seed0/scandinavian_v26\fs
features.npz 저장: {'pre_conf': (184, 320), 'pre_entropy': (184, 320), 'pre_argdisp': (184, 320), 'post_conf': (184, 320), 'post_entropy': (184, 320), 'post_argdisp': (184, 320), 'scale_to_full': (), 'feat_left': (128, 184, 320)}
DONE: D:\Users\dust\Documents\학교\2026년도1학기\컴퓨터비전\실습\FoundationStereo\experiments\ds_v1_seed0/sunlight_v26\fs
features.npz 저장: {'pre_conf': (184, 320), 'pre_entropy': (184, 320), 'pre_argdisp': (184, 320), 'post_conf': (184, 320), 'post_entropy': (184, 320), 'post_argdisp': (184, 320), 'scale_to_full': (), 'feat_left': (128, 184, 320)}
DONE: D:\Users\dust\Documents\학교\2026년도1학기\컴퓨터비전\실습\FoundationStereo\experiments\ds_v1_seed0/terrazzo_v26\fs
features.npz 저장: {'pre_conf': (184, 320), 'pre_entropy': (184, 320), 'pre_argdisp': (184, 320), 'post_conf': (184, 320), 'post_entropy': (184, 320), 'post_argdisp': (184, 320), 'scale_to_full': (), 'feat_left': (128, 184, 320)}
DONE: D:\Users\dust\Documents\학교\2026년도1학기\컴퓨터비전\실습\FoundationStereo\experiments\ds_v2_seed1/bedroom_v26\fs
features.npz 저장: {'pre_conf': (184, 320), 'pre_entropy': (184, 320), 'pre_argdisp': (184, 320), 'post_conf': (184, 320), 'post_entropy': (184, 320), 'post_argdisp': (184, 320), 'scale_to_full': (), 'feat_left': (128, 184, 320)}
DONE: D:\Users\dust\Documents\학교\2026년도1학기\컴퓨터비전\실습\FoundationStereo\experiments\ds_v2_seed1/blue_bathroom_v26\fs
features.npz 저장: {'pre_conf': (184, 320), 'pre_entropy': (184, 320), 'pre_argdisp': (184, 320), 'post_conf': (184, 320), 'post_entropy': (184, 320), 'post_argdisp': (184, 320), 'scale_to_full': (), 'feat_left': (128, 184, 320)}
DONE: D:\Users\dust\Documents\학교\2026년도1학기\컴퓨터비전\실습\FoundationStereo\experiments\ds_v2_seed1/computer_room_v26\fs
features.npz 저장: {'pre_conf': (184, 320), 'pre_entropy': (184, 320), 'pre_argdisp': (184, 320), 'post_conf': (184, 320), 'post_entropy': (184, 320), 'post_argdisp': (184, 320), 'scale_to_full': (), 'feat_left': (128, 184, 320)}
DONE: D:\Users\dust\Documents\학교\2026년도1학기\컴퓨터비전\실습\FoundationStereo\experiments\ds_v2_seed1/green_house_v26\fs
[fs_server] 640/1537 (done 640, skip 0, fail 0) 2.7s/view, ETA 41m
features.npz 저장: {'pre_conf': (184, 320), 'pre_entropy': (184, 320), 'pre_argdisp': (184, 320), 'post_conf': (184, 320), 'post_entropy': (184, 320), 'post_argdisp': (184, 320), 'scale_to_full': (), 'feat_left': (128, 184, 320)}
DONE: D:\Users\dust\Documents\학교\2026년도1학기\컴퓨터비전\실습\FoundationStereo\experiments\ds_v2_seed1/gym_v26\fs
features.npz 저장: {'pre_conf': (184, 320), 'pre_entropy': (184, 320), 'pre_argdisp': (184, 320), 'post_conf': (184, 320), 'post_entropy': (184, 320), 'post_argdisp': (184, 320), 'scale_to_full': (), 'feat_left': (128, 184, 320)}
DONE: D:\Users\dust\Documents\학교\2026년도1학기\컴퓨터비전\실습\FoundationStereo\experiments\ds_v2_seed1/living_room_contemp_v26\fs
features.npz 저장: {'pre_conf': (184, 320), 'pre_entropy': (184, 320), 'pre_argdisp': (184, 320), 'post_conf': (184, 320), 'post_entropy': (184, 320), 'post_argdisp': (184, 320), 'scale_to_full': (), 'feat_left': (128, 184, 320)}
DONE: D:\Users\dust\Documents\학교\2026년도1학기\컴퓨터비전\실습\FoundationStereo\experiments\ds_v2_seed1/livingroom_v26\fs
features.npz 저장: {'pre_conf': (184, 320), 'pre_entropy': (184, 320), 'pre_argdisp': (184, 320), 'post_conf': (184, 320), 'post_entropy': (184, 320), 'post_argdisp': (184, 320), 'scale_to_full': (), 'feat_left': (128, 184, 320)}
DONE: D:\Users\dust\Documents\학교\2026년도1학기\컴퓨터비전\실습\FoundationStereo\experiments\ds_v2_seed1/minigym_v26\fs
features.npz 저장: {'pre_conf': (184, 320), 'pre_entropy': (184, 320), 'pre_argdisp': (184, 320), 'post_conf': (184, 320), 'post_entropy': (184, 320), 'post_argdisp': (184, 320), 'scale_to_full': (), 'feat_left': (128, 184, 320)}
DONE: D:\Users\dust\Documents\학교\2026년도1학기\컴퓨터비전\실습\FoundationStereo\experiments\ds_v2_seed1/minimal_interior_v26\fs
features.npz 저장: {'pre_conf': (184, 320), 'pre_entropy': (184, 320), 'pre_argdisp': (184, 320), 'post_conf': (184, 320), 'post_entropy': (184, 320), 'post_argdisp': (184, 320), 'scale_to_full': (), 'feat_left': (128, 184, 320)}
DONE: D:\Users\dust\Documents\학교\2026년도1학기\컴퓨터비전\실습\FoundationStereo\experiments\ds_v2_seed1/scandinavian_v26\fs
features.npz 저장: {'pre_conf': (184, 320), 'pre_entropy': (184, 320), 'pre_argdisp': (184, 320), 'post_conf': (184, 320), 'post_entropy': (184, 320), 'post_argdisp': (184, 320), 'scale_to_full': (), 'feat_left': (128, 184, 320)}
DONE: D:\Users\dust\Documents\학교\2026년도1학기\컴퓨터비전\실습\FoundationStereo\experiments\ds_v2_seed1/sunlight_v26\fs
features.npz 저장: {'pre_conf': (184, 320), 'pre_entropy': (184, 320), 'pre_argdisp': (184, 320), 'post_conf': (184, 320), 'post_entropy': (184, 320), 'post_argdisp': (184, 320), 'scale_to_full': (), 'feat_left': (128, 184, 320)}
DONE: D:\Users\dust\Documents\학교\2026년도1학기\컴퓨터비전\실습\FoundationStereo\experiments\ds_v2_seed1/terrazzo_v26\fs
features.npz 저장: {'pre_conf': (184, 320), 'pre_entropy': (184, 320), 'pre_argdisp': (184, 320), 'post_conf': (184, 320), 'post_entropy': (184, 320), 'post_argdisp': (184, 320), 'scale_to_full': (), 'feat_left': (128, 184, 320)}
DONE: D:\Users\dust\Documents\학교\2026년도1학기\컴퓨터비전\실습\FoundationStereo\experiments\ds_v1_seed0/bedroom_v27\fs
features.npz 저장: {'pre_conf': (184, 320), 'pre_entropy': (184, 320), 'pre_argdisp': (184, 320), 'post_conf': (184, 320), 'post_entropy': (184, 320), 'post_argdisp': (184, 320), 'scale_to_full': (), 'feat_left': (128, 184, 320)}
DONE: D:\Users\dust\Documents\학교\2026년도1학기\컴퓨터비전\실습\FoundationStereo\experiments\ds_v1_seed0/blue_bathroom_v27\fs
features.npz 저장: {'pre_conf': (184, 320), 'pre_entropy': (184, 320), 'pre_argdisp': (184, 320), 'post_conf': (184, 320), 'post_entropy': (184, 320), 'post_argdisp': (184, 320), 'scale_to_full': (), 'feat_left': (128, 184, 320)}
DONE: D:\Users\dust\Documents\학교\2026년도1학기\컴퓨터비전\실습\FoundationStereo\experiments\ds_v1_seed0/computer_room_v27\fs
features.npz 저장: {'pre_conf': (184, 320), 'pre_entropy': (184, 320), 'pre_argdisp': (184, 320), 'post_conf': (184, 320), 'post_entropy': (184, 320), 'post_argdisp': (184, 320), 'scale_to_full': (), 'feat_left': (128, 184, 320)}
DONE: D:\Users\dust\Documents\학교\2026년도1학기\컴퓨터비전\실습\FoundationStereo\experiments\ds_v1_seed0/green_house_v27\fs
features.npz 저장: {'pre_conf': (184, 320), 'pre_entropy': (184, 320), 'pre_argdisp': (184, 320), 'post_conf': (184, 320), 'post_entropy': (184, 320), 'post_argdisp': (184, 320), 'scale_to_full': (), 'feat_left': (128, 184, 320)}
DONE: D:\Users\dust\Documents\학교\2026년도1학기\컴퓨터비전\실습\FoundationStereo\experiments\ds_v1_seed0/gym_v27\fs
features.npz 저장: {'pre_conf': (184, 320), 'pre_entropy': (184, 320), 'pre_argdisp': (184, 320), 'post_conf': (184, 320), 'post_entropy': (184, 320), 'post_argdisp': (184, 320), 'scale_to_full': (), 'feat_left': (128, 184, 320)}
DONE: D:\Users\dust\Documents\학교\2026년도1학기\컴퓨터비전\실습\FoundationStereo\experiments\ds_v1_seed0/living_room_contemp_v27\fs
features.npz 저장: {'pre_conf': (184, 320), 'pre_entropy': (184, 320), 'pre_argdisp': (184, 320), 'post_conf': (184, 320), 'post_entropy': (184, 320), 'post_argdisp': (184, 320), 'scale_to_full': (), 'feat_left': (128, 184, 320)}
DONE: D:\Users\dust\Documents\학교\2026년도1학기\컴퓨터비전\실습\FoundationStereo\experiments\ds_v1_seed0/livingroom_v27\fs
features.npz 저장: {'pre_conf': (184, 320), 'pre_entropy': (184, 320), 'pre_argdisp': (184, 320), 'post_conf': (184, 320), 'post_entropy': (184, 320), 'post_argdisp': (184, 320), 'scale_to_full': (), 'feat_left': (128, 184, 320)}
DONE: D:\Users\dust\Documents\학교\2026년도1학기\컴퓨터비전\실습\FoundationStereo\experiments\ds_v1_seed0/minigym_v27\fs
features.npz 저장: {'pre_conf': (184, 320), 'pre_entropy': (184, 320), 'pre_argdisp': (184, 320), 'post_conf': (184, 320), 'post_entropy': (184, 320), 'post_argdisp': (184, 320), 'scale_to_full': (), 'feat_left': (128, 184, 320)}
DONE: D:\Users\dust\Documents\학교\2026년도1학기\컴퓨터비전\실습\FoundationStereo\experiments\ds_v1_seed0/minimal_interior_v27\fs
features.npz 저장: {'pre_conf': (184, 320), 'pre_entropy': (184, 320), 'pre_argdisp': (184, 320), 'post_conf': (184, 320), 'post_entropy': (184, 320), 'post_argdisp': (184, 320), 'scale_to_full': (), 'feat_left': (128, 184, 320)}
DONE: D:\Users\dust\Documents\학교\2026년도1학기\컴퓨터비전\실습\FoundationStereo\experiments\ds_v1_seed0/scandinavian_v27\fs
features.npz 저장: {'pre_conf': (184, 320), 'pre_entropy': (184, 320), 'pre_argdisp': (184, 320), 'post_conf': (184, 320), 'post_entropy': (184, 320), 'post_argdisp': (184, 320), 'scale_to_full': (), 'feat_left': (128, 184, 320)}
DONE: D:\Users\dust\Documents\학교\2026년도1학기\컴퓨터비전\실습\FoundationStereo\experiments\ds_v1_seed0/sunlight_v27\fs
features.npz 저장: {'pre_conf': (184, 320), 'pre_entropy': (184, 320), 'pre_argdisp': (184, 320), 'post_conf': (184, 320), 'post_entropy': (184, 320), 'post_argdisp': (184, 320), 'scale_to_full': (), 'feat_left': (128, 184, 320)}
DONE: D:\Users\dust\Documents\학교\2026년도1학기\컴퓨터비전\실습\FoundationStereo\experiments\ds_v1_seed0/terrazzo_v27\fs
[fs_server] 660/1537 (done 660, skip 0, fail 0) 2.7s/view, ETA 40m
features.npz 저장: {'pre_conf': (184, 320), 'pre_entropy': (184, 320), 'pre_argdisp': (184, 320), 'post_conf': (184, 320), 'post_entropy': (184, 320), 'post_argdisp': (184, 320), 'scale_to_full': (), 'feat_left': (128, 184, 320)}
DONE: D:\Users\dust\Documents\학교\2026년도1학기\컴퓨터비전\실습\FoundationStereo\experiments\ds_v2_seed1/bedroom_v27\fs
features.npz 저장: {'pre_conf': (184, 320), 'pre_entropy': (184, 320), 'pre_argdisp': (184, 320), 'post_conf': (184, 320), 'post_entropy': (184, 320), 'post_argdisp': (184, 320), 'scale_to_full': (), 'feat_left': (128, 184, 320)}
DONE: D:\Users\dust\Documents\학교\2026년도1학기\컴퓨터비전\실습\FoundationStereo\experiments\ds_v2_seed1/blue_bathroom_v27\fs
features.npz 저장: {'pre_conf': (184, 320), 'pre_entropy': (184, 320), 'pre_argdisp': (184, 320), 'post_conf': (184, 320), 'post_entropy': (184, 320), 'post_argdisp': (184, 320), 'scale_to_full': (), 'feat_left': (128, 184, 320)}
DONE: D:\Users\dust\Documents\학교\2026년도1학기\컴퓨터비전\실습\FoundationStereo\experiments\ds_v2_seed1/computer_room_v27\fs
features.npz 저장: {'pre_conf': (184, 320), 'pre_entropy': (184, 320), 'pre_argdisp': (184, 320), 'post_conf': (184, 320), 'post_entropy': (184, 320), 'post_argdisp': (184, 320), 'scale_to_full': (), 'feat_left': (128, 184, 320)}
DONE: D:\Users\dust\Documents\학교\2026년도1학기\컴퓨터비전\실습\FoundationStereo\experiments\ds_v2_seed1/green_house_v27\fs
features.npz 저장: {'pre_conf': (184, 320), 'pre_entropy': (184, 320), 'pre_argdisp': (184, 320), 'post_conf': (184, 320), 'post_entropy': (184, 320), 'post_argdisp': (184, 320), 'scale_to_full': (), 'feat_left': (128, 184, 320)}
DONE: D:\Users\dust\Documents\학교\2026년도1학기\컴퓨터비전\실습\FoundationStereo\experiments\ds_v2_seed1/gym_v27\fs
features.npz 저장: {'pre_conf': (184, 320), 'pre_entropy': (184, 320), 'pre_argdisp': (184, 320), 'post_conf': (184, 320), 'post_entropy': (184, 320), 'post_argdisp': (184, 320), 'scale_to_full': (), 'feat_left': (128, 184, 320)}
DONE: D:\Users\dust\Documents\학교\2026년도1학기\컴퓨터비전\실습\FoundationStereo\experiments\ds_v2_seed1/living_room_contemp_v27\fs
features.npz 저장: {'pre_conf': (184, 320), 'pre_entropy': (184, 320), 'pre_argdisp': (184, 320), 'post_conf': (184, 320), 'post_entropy': (184, 320), 'post_argdisp': (184, 320), 'scale_to_full': (), 'feat_left': (128, 184, 320)}
DONE: D:\Users\dust\Documents\학교\2026년도1학기\컴퓨터비전\실습\FoundationStereo\experiments\ds_v2_seed1/livingroom_v27\fs
features.npz 저장: {'pre_conf': (184, 320), 'pre_entropy': (184, 320), 'pre_argdisp': (184, 320), 'post_conf': (184, 320), 'post_entropy': (184, 320), 'post_argdisp': (184, 320), 'scale_to_full': (), 'feat_left': (128, 184, 320)}
DONE: D:\Users\dust\Documents\학교\2026년도1학기\컴퓨터비전\실습\FoundationStereo\experiments\ds_v2_seed1/minigym_v27\fs
features.npz 저장: {'pre_conf': (184, 320), 'pre_entropy': (184, 320), 'pre_argdisp': (184, 320), 'post_conf': (184, 320), 'post_entropy': (184, 320), 'post_argdisp': (184, 320), 'scale_to_full': (), 'feat_left': (128, 184, 320)}
DONE: D:\Users\dust\Documents\학교\2026년도1학기\컴퓨터비전\실습\FoundationStereo\experiments\ds_v2_seed1/minimal_interior_v27\fs
features.npz 저장: {'pre_conf': (184, 320), 'pre_entropy': (184, 320), 'pre_argdisp': (184, 320), 'post_conf': (184, 320), 'post_entropy': (184, 320), 'post_argdisp': (184, 320), 'scale_to_full': (), 'feat_left': (128, 184, 320)}
DONE: D:\Users\dust\Documents\학교\2026년도1학기\컴퓨터비전\실습\FoundationStereo\experiments\ds_v2_seed1/scandinavian_v27\fs
features.npz 저장: {'pre_conf': (184, 320), 'pre_entropy': (184, 320), 'pre_argdisp': (184, 320), 'post_conf': (184, 320), 'post_entropy': (184, 320), 'post_argdisp': (184, 320), 'scale_to_full': (), 'feat_left': (128, 184, 320)}
DONE: D:\Users\dust\Documents\학교\2026년도1학기\컴퓨터비전\실습\FoundationStereo\experiments\ds_v2_seed1/sunlight_v27\fs
features.npz 저장: {'pre_conf': (184, 320), 'pre_entropy': (184, 320), 'pre_argdisp': (184, 320), 'post_conf': (184, 320), 'post_entropy': (184, 320), 'post_argdisp': (184, 320), 'scale_to_full': (), 'feat_left': (128, 184, 320)}
DONE: D:\Users\dust\Documents\학교\2026년도1학기\컴퓨터비전\실습\FoundationStereo\experiments\ds_v2_seed1/terrazzo_v27\fs
features.npz 저장: {'pre_conf': (184, 320), 'pre_entropy': (184, 320), 'pre_argdisp': (184, 320), 'post_conf': (184, 320), 'post_entropy': (184, 320), 'post_argdisp': (184, 320), 'scale_to_full': (), 'feat_left': (128, 184, 320)}
DONE: D:\Users\dust\Documents\학교\2026년도1학기\컴퓨터비전\실습\FoundationStereo\experiments\ds_v1_seed0/bedroom_v28\fs
features.npz 저장: {'pre_conf': (184, 320), 'pre_entropy': (184, 320), 'pre_argdisp': (184, 320), 'post_conf': (184, 320), 'post_entropy': (184, 320), 'post_argdisp': (184, 320), 'scale_to_full': (), 'feat_left': (128, 184, 320)}
DONE: D:\Users\dust\Documents\학교\2026년도1학기\컴퓨터비전\실습\FoundationStereo\experiments\ds_v1_seed0/blue_bathroom_v28\fs
features.npz 저장: {'pre_conf': (184, 320), 'pre_entropy': (184, 320), 'pre_argdisp': (184, 320), 'post_conf': (184, 320), 'post_entropy': (184, 320), 'post_argdisp': (184, 320), 'scale_to_full': (), 'feat_left': (128, 184, 320)}
DONE: D:\Users\dust\Documents\학교\2026년도1학기\컴퓨터비전\실습\FoundationStereo\experiments\ds_v1_seed0/computer_room_v28\fs
features.npz 저장: {'pre_conf': (184, 320), 'pre_entropy': (184, 320), 'pre_argdisp': (184, 320), 'post_conf': (184, 320), 'post_entropy': (184, 320), 'post_argdisp': (184, 320), 'scale_to_full': (), 'feat_left': (128, 184, 320)}
DONE: D:\Users\dust\Documents\학교\2026년도1학기\컴퓨터비전\실습\FoundationStereo\experiments\ds_v1_seed0/green_house_v28\fs
features.npz 저장: {'pre_conf': (184, 320), 'pre_entropy': (184, 320), 'pre_argdisp': (184, 320), 'post_conf': (184, 320), 'post_entropy': (184, 320), 'post_argdisp': (184, 320), 'scale_to_full': (), 'feat_left': (128, 184, 320)}
DONE: D:\Users\dust\Documents\학교\2026년도1학기\컴퓨터비전\실습\FoundationStereo\experiments\ds_v1_seed0/gym_v28\fs
features.npz 저장: {'pre_conf': (184, 320), 'pre_entropy': (184, 320), 'pre_argdisp': (184, 320), 'post_conf': (184, 320), 'post_entropy': (184, 320), 'post_argdisp': (184, 320), 'scale_to_full': (), 'feat_left': (128, 184, 320)}
DONE: D:\Users\dust\Documents\학교\2026년도1학기\컴퓨터비전\실습\FoundationStereo\experiments\ds_v1_seed0/living_room_contemp_v28\fs
features.npz 저장: {'pre_conf': (184, 320), 'pre_entropy': (184, 320), 'pre_argdisp': (184, 320), 'post_conf': (184, 320), 'post_entropy': (184, 320), 'post_argdisp': (184, 320), 'scale_to_full': (), 'feat_left': (128, 184, 320)}
DONE: D:\Users\dust\Documents\학교\2026년도1학기\컴퓨터비전\실습\FoundationStereo\experiments\ds_v1_seed0/livingroom_v28\fs
features.npz 저장: {'pre_conf': (184, 320), 'pre_entropy': (184, 320), 'pre_argdisp': (184, 320), 'post_conf': (184, 320), 'post_entropy': (184, 320), 'post_argdisp': (184, 320), 'scale_to_full': (), 'feat_left': (128, 184, 320)}
DONE: D:\Users\dust\Documents\학교\2026년도1학기\컴퓨터비전\실습\FoundationStereo\experiments\ds_v1_seed0/minigym_v28\fs
[fs_server] 680/1537 (done 680, skip 0, fail 0) 2.7s/view, ETA 39m
features.npz 저장: {'pre_conf': (184, 320), 'pre_entropy': (184, 320), 'pre_argdisp': (184, 320), 'post_conf': (184, 320), 'post_entropy': (184, 320), 'post_argdisp': (184, 320), 'scale_to_full': (), 'feat_left': (128, 184, 320)}
DONE: D:\Users\dust\Documents\학교\2026년도1학기\컴퓨터비전\실습\FoundationStereo\experiments\ds_v1_seed0/minimal_interior_v28\fs
features.npz 저장: {'pre_conf': (184, 320), 'pre_entropy': (184, 320), 'pre_argdisp': (184, 320), 'post_conf': (184, 320), 'post_entropy': (184, 320), 'post_argdisp': (184, 320), 'scale_to_full': (), 'feat_left': (128, 184, 320)}
DONE: D:\Users\dust\Documents\학교\2026년도1학기\컴퓨터비전\실습\FoundationStereo\experiments\ds_v1_seed0/scandinavian_v28\fs
features.npz 저장: {'pre_conf': (184, 320), 'pre_entropy': (184, 320), 'pre_argdisp': (184, 320), 'post_conf': (184, 320), 'post_entropy': (184, 320), 'post_argdisp': (184, 320), 'scale_to_full': (), 'feat_left': (128, 184, 320)}
DONE: D:\Users\dust\Documents\학교\2026년도1학기\컴퓨터비전\실습\FoundationStereo\experiments\ds_v1_seed0/sunlight_v28\fs
features.npz 저장: {'pre_conf': (184, 320), 'pre_entropy': (184, 320), 'pre_argdisp': (184, 320), 'post_conf': (184, 320), 'post_entropy': (184, 320), 'post_argdisp': (184, 320), 'scale_to_full': (), 'feat_left': (128, 184, 320)}
DONE: D:\Users\dust\Documents\학교\2026년도1학기\컴퓨터비전\실습\FoundationStereo\experiments\ds_v1_seed0/terrazzo_v28\fs
features.npz 저장: {'pre_conf': (184, 320), 'pre_entropy': (184, 320), 'pre_argdisp': (184, 320), 'post_conf': (184, 320), 'post_entropy': (184, 320), 'post_argdisp': (184, 320), 'scale_to_full': (), 'feat_left': (128, 184, 320)}
DONE: D:\Users\dust\Documents\학교\2026년도1학기\컴퓨터비전\실습\FoundationStereo\experiments\ds_v2_seed1/bedroom_v28\fs
features.npz 저장: {'pre_conf': (184, 320), 'pre_entropy': (184, 320), 'pre_argdisp': (184, 320), 'post_conf': (184, 320), 'post_entropy': (184, 320), 'post_argdisp': (184, 320), 'scale_to_full': (), 'feat_left': (128, 184, 320)}
DONE: D:\Users\dust\Documents\학교\2026년도1학기\컴퓨터비전\실습\FoundationStereo\experiments\ds_v2_seed1/blue_bathroom_v28\fs
features.npz 저장: {'pre_conf': (184, 320), 'pre_entropy': (184, 320), 'pre_argdisp': (184, 320), 'post_conf': (184, 320), 'post_entropy': (184, 320), 'post_argdisp': (184, 320), 'scale_to_full': (), 'feat_left': (128, 184, 320)}
DONE: D:\Users\dust\Documents\학교\2026년도1학기\컴퓨터비전\실습\FoundationStereo\experiments\ds_v2_seed1/computer_room_v28\fs
features.npz 저장: {'pre_conf': (184, 320), 'pre_entropy': (184, 320), 'pre_argdisp': (184, 320), 'post_conf': (184, 320), 'post_entropy': (184, 320), 'post_argdisp': (184, 320), 'scale_to_full': (), 'feat_left': (128, 184, 320)}
DONE: D:\Users\dust\Documents\학교\2026년도1학기\컴퓨터비전\실습\FoundationStereo\experiments\ds_v2_seed1/green_house_v28\fs
features.npz 저장: {'pre_conf': (184, 320), 'pre_entropy': (184, 320), 'pre_argdisp': (184, 320), 'post_conf': (184, 320), 'post_entropy': (184, 320), 'post_argdisp': (184, 320), 'scale_to_full': (), 'feat_left': (128, 184, 320)}
DONE: D:\Users\dust\Documents\학교\2026년도1학기\컴퓨터비전\실습\FoundationStereo\experiments\ds_v2_seed1/gym_v28\fs
features.npz 저장: {'pre_conf': (184, 320), 'pre_entropy': (184, 320), 'pre_argdisp': (184, 320), 'post_conf': (184, 320), 'post_entropy': (184, 320), 'post_argdisp': (184, 320), 'scale_to_full': (), 'feat_left': (128, 184, 320)}
DONE: D:\Users\dust\Documents\학교\2026년도1학기\컴퓨터비전\실습\FoundationStereo\experiments\ds_v2_seed1/living_room_contemp_v28\fs
features.npz 저장: {'pre_conf': (184, 320), 'pre_entropy': (184, 320), 'pre_argdisp': (184, 320), 'post_conf': (184, 320), 'post_entropy': (184, 320), 'post_argdisp': (184, 320), 'scale_to_full': (), 'feat_left': (128, 184, 320)}
DONE: D:\Users\dust\Documents\학교\2026년도1학기\컴퓨터비전\실습\FoundationStereo\experiments\ds_v2_seed1/livingroom_v28\fs
features.npz 저장: {'pre_conf': (184, 320), 'pre_entropy': (184, 320), 'pre_argdisp': (184, 320), 'post_conf': (184, 320), 'post_entropy': (184, 320), 'post_argdisp': (184, 320), 'scale_to_full': (), 'feat_left': (128, 184, 320)}
DONE: D:\Users\dust\Documents\학교\2026년도1학기\컴퓨터비전\실습\FoundationStereo\experiments\ds_v2_seed1/minigym_v28\fs
features.npz 저장: {'pre_conf': (184, 320), 'pre_entropy': (184, 320), 'pre_argdisp': (184, 320), 'post_conf': (184, 320), 'post_entropy': (184, 320), 'post_argdisp': (184, 320), 'scale_to_full': (), 'feat_left': (128, 184, 320)}
DONE: D:\Users\dust\Documents\학교\2026년도1학기\컴퓨터비전\실습\FoundationStereo\experiments\ds_v2_seed1/minimal_interior_v28\fs
features.npz 저장: {'pre_conf': (184, 320), 'pre_entropy': (184, 320), 'pre_argdisp': (184, 320), 'post_conf': (184, 320), 'post_entropy': (184, 320), 'post_argdisp': (184, 320), 'scale_to_full': (), 'feat_left': (128, 184, 320)}
DONE: D:\Users\dust\Documents\학교\2026년도1학기\컴퓨터비전\실습\FoundationStereo\experiments\ds_v2_seed1/scandinavian_v28\fs
features.npz 저장: {'pre_conf': (184, 320), 'pre_entropy': (184, 320), 'pre_argdisp': (184, 320), 'post_conf': (184, 320), 'post_entropy': (184, 320), 'post_argdisp': (184, 320), 'scale_to_full': (), 'feat_left': (128, 184, 320)}
DONE: D:\Users\dust\Documents\학교\2026년도1학기\컴퓨터비전\실습\FoundationStereo\experiments\ds_v2_seed1/sunlight_v28\fs
features.npz 저장: {'pre_conf': (184, 320), 'pre_entropy': (184, 320), 'pre_argdisp': (184, 320), 'post_conf': (184, 320), 'post_entropy': (184, 320), 'post_argdisp': (184, 320), 'scale_to_full': (), 'feat_left': (128, 184, 320)}
DONE: D:\Users\dust\Documents\학교\2026년도1학기\컴퓨터비전\실습\FoundationStereo\experiments\ds_v2_seed1/terrazzo_v28\fs
features.npz 저장: {'pre_conf': (184, 320), 'pre_entropy': (184, 320), 'pre_argdisp': (184, 320), 'post_conf': (184, 320), 'post_entropy': (184, 320), 'post_argdisp': (184, 320), 'scale_to_full': (), 'feat_left': (128, 184, 320)}
DONE: D:\Users\dust\Documents\학교\2026년도1학기\컴퓨터비전\실습\FoundationStereo\experiments\ds_v1_seed0/bedroom_v29\fs
features.npz 저장: {'pre_conf': (184, 320), 'pre_entropy': (184, 320), 'pre_argdisp': (184, 320), 'post_conf': (184, 320), 'post_entropy': (184, 320), 'post_argdisp': (184, 320), 'scale_to_full': (), 'feat_left': (128, 184, 320)}
DONE: D:\Users\dust\Documents\학교\2026년도1학기\컴퓨터비전\실습\FoundationStereo\experiments\ds_v1_seed0/blue_bathroom_v29\fs
features.npz 저장: {'pre_conf': (184, 320), 'pre_entropy': (184, 320), 'pre_argdisp': (184, 320), 'post_conf': (184, 320), 'post_entropy': (184, 320), 'post_argdisp': (184, 320), 'scale_to_full': (), 'feat_left': (128, 184, 320)}
DONE: D:\Users\dust\Documents\학교\2026년도1학기\컴퓨터비전\실습\FoundationStereo\experiments\ds_v1_seed0/computer_room_v29\fs
features.npz 저장: {'pre_conf': (184, 320), 'pre_entropy': (184, 320), 'pre_argdisp': (184, 320), 'post_conf': (184, 320), 'post_entropy': (184, 320), 'post_argdisp': (184, 320), 'scale_to_full': (), 'feat_left': (128, 184, 320)}
DONE: D:\Users\dust\Documents\학교\2026년도1학기\컴퓨터비전\실습\FoundationStereo\experiments\ds_v1_seed0/green_house_v29\fs
[fs_server] 700/1537 (done 700, skip 0, fail 0) 2.7s/view, ETA 38m
features.npz 저장: {'pre_conf': (184, 320), 'pre_entropy': (184, 320), 'pre_argdisp': (184, 320), 'post_conf': (184, 320), 'post_entropy': (184, 320), 'post_argdisp': (184, 320), 'scale_to_full': (), 'feat_left': (128, 184, 320)}
DONE: D:\Users\dust\Documents\학교\2026년도1학기\컴퓨터비전\실습\FoundationStereo\experiments\ds_v1_seed0/gym_v29\fs
features.npz 저장: {'pre_conf': (184, 320), 'pre_entropy': (184, 320), 'pre_argdisp': (184, 320), 'post_conf': (184, 320), 'post_entropy': (184, 320), 'post_argdisp': (184, 320), 'scale_to_full': (), 'feat_left': (128, 184, 320)}
DONE: D:\Users\dust\Documents\학교\2026년도1학기\컴퓨터비전\실습\FoundationStereo\experiments\ds_v1_seed0/living_room_contemp_v29\fs
features.npz 저장: {'pre_conf': (184, 320), 'pre_entropy': (184, 320), 'pre_argdisp': (184, 320), 'post_conf': (184, 320), 'post_entropy': (184, 320), 'post_argdisp': (184, 320), 'scale_to_full': (), 'feat_left': (128, 184, 320)}
DONE: D:\Users\dust\Documents\학교\2026년도1학기\컴퓨터비전\실습\FoundationStereo\experiments\ds_v1_seed0/livingroom_v29\fs
features.npz 저장: {'pre_conf': (184, 320), 'pre_entropy': (184, 320), 'pre_argdisp': (184, 320), 'post_conf': (184, 320), 'post_entropy': (184, 320), 'post_argdisp': (184, 320), 'scale_to_full': (), 'feat_left': (128, 184, 320)}
DONE: D:\Users\dust\Documents\학교\2026년도1학기\컴퓨터비전\실습\FoundationStereo\experiments\ds_v1_seed0/minigym_v29\fs
features.npz 저장: {'pre_conf': (184, 320), 'pre_entropy': (184, 320), 'pre_argdisp': (184, 320), 'post_conf': (184, 320), 'post_entropy': (184, 320), 'post_argdisp': (184, 320), 'scale_to_full': (), 'feat_left': (128, 184, 320)}
DONE: D:\Users\dust\Documents\학교\2026년도1학기\컴퓨터비전\실습\FoundationStereo\experiments\ds_v1_seed0/minimal_interior_v29\fs
features.npz 저장: {'pre_conf': (184, 320), 'pre_entropy': (184, 320), 'pre_argdisp': (184, 320), 'post_conf': (184, 320), 'post_entropy': (184, 320), 'post_argdisp': (184, 320), 'scale_to_full': (), 'feat_left': (128, 184, 320)}
DONE: D:\Users\dust\Documents\학교\2026년도1학기\컴퓨터비전\실습\FoundationStereo\experiments\ds_v1_seed0/scandinavian_v29\fs
features.npz 저장: {'pre_conf': (184, 320), 'pre_entropy': (184, 320), 'pre_argdisp': (184, 320), 'post_conf': (184, 320), 'post_entropy': (184, 320), 'post_argdisp': (184, 320), 'scale_to_full': (), 'feat_left': (128, 184, 320)}
DONE: D:\Users\dust\Documents\학교\2026년도1학기\컴퓨터비전\실습\FoundationStereo\experiments\ds_v1_seed0/sunlight_v29\fs
features.npz 저장: {'pre_conf': (184, 320), 'pre_entropy': (184, 320), 'pre_argdisp': (184, 320), 'post_conf': (184, 320), 'post_entropy': (184, 320), 'post_argdisp': (184, 320), 'scale_to_full': (), 'feat_left': (128, 184, 320)}
DONE: D:\Users\dust\Documents\학교\2026년도1학기\컴퓨터비전\실습\FoundationStereo\experiments\ds_v1_seed0/terrazzo_v29\fs
features.npz 저장: {'pre_conf': (184, 320), 'pre_entropy': (184, 320), 'pre_argdisp': (184, 320), 'post_conf': (184, 320), 'post_entropy': (184, 320), 'post_argdisp': (184, 320), 'scale_to_full': (), 'feat_left': (128, 184, 320)}
DONE: D:\Users\dust\Documents\학교\2026년도1학기\컴퓨터비전\실습\FoundationStereo\experiments\ds_v2_seed1/bedroom_v29\fs
features.npz 저장: {'pre_conf': (184, 320), 'pre_entropy': (184, 320), 'pre_argdisp': (184, 320), 'post_conf': (184, 320), 'post_entropy': (184, 320), 'post_argdisp': (184, 320), 'scale_to_full': (), 'feat_left': (128, 184, 320)}
DONE: D:\Users\dust\Documents\학교\2026년도1학기\컴퓨터비전\실습\FoundationStereo\experiments\ds_v2_seed1/blue_bathroom_v29\fs
features.npz 저장: {'pre_conf': (184, 320), 'pre_entropy': (184, 320), 'pre_argdisp': (184, 320), 'post_conf': (184, 320), 'post_entropy': (184, 320), 'post_argdisp': (184, 320), 'scale_to_full': (), 'feat_left': (128, 184, 320)}
DONE: D:\Users\dust\Documents\학교\2026년도1학기\컴퓨터비전\실습\FoundationStereo\experiments\ds_v2_seed1/computer_room_v29\fs
features.npz 저장: {'pre_conf': (184, 320), 'pre_entropy': (184, 320), 'pre_argdisp': (184, 320), 'post_conf': (184, 320), 'post_entropy': (184, 320), 'post_argdisp': (184, 320), 'scale_to_full': (), 'feat_left': (128, 184, 320)}
DONE: D:\Users\dust\Documents\학교\2026년도1학기\컴퓨터비전\실습\FoundationStereo\experiments\ds_v2_seed1/green_house_v29\fs
features.npz 저장: {'pre_conf': (184, 320), 'pre_entropy': (184, 320), 'pre_argdisp': (184, 320), 'post_conf': (184, 320), 'post_entropy': (184, 320), 'post_argdisp': (184, 320), 'scale_to_full': (), 'feat_left': (128, 184, 320)}
DONE: D:\Users\dust\Documents\학교\2026년도1학기\컴퓨터비전\실습\FoundationStereo\experiments\ds_v2_seed1/gym_v29\fs
features.npz 저장: {'pre_conf': (184, 320), 'pre_entropy': (184, 320), 'pre_argdisp': (184, 320), 'post_conf': (184, 320), 'post_entropy': (184, 320), 'post_argdisp': (184, 320), 'scale_to_full': (), 'feat_left': (128, 184, 320)}
DONE: D:\Users\dust\Documents\학교\2026년도1학기\컴퓨터비전\실습\FoundationStereo\experiments\ds_v2_seed1/living_room_contemp_v29\fs
features.npz 저장: {'pre_conf': (184, 320), 'pre_entropy': (184, 320), 'pre_argdisp': (184, 320), 'post_conf': (184, 320), 'post_entropy': (184, 320), 'post_argdisp': (184, 320), 'scale_to_full': (), 'feat_left': (128, 184, 320)}
DONE: D:\Users\dust\Documents\학교\2026년도1학기\컴퓨터비전\실습\FoundationStereo\experiments\ds_v2_seed1/livingroom_v29\fs
features.npz 저장: {'pre_conf': (184, 320), 'pre_entropy': (184, 320), 'pre_argdisp': (184, 320), 'post_conf': (184, 320), 'post_entropy': (184, 320), 'post_argdisp': (184, 320), 'scale_to_full': (), 'feat_left': (128, 184, 320)}
DONE: D:\Users\dust\Documents\학교\2026년도1학기\컴퓨터비전\실습\FoundationStereo\experiments\ds_v2_seed1/minigym_v29\fs
features.npz 저장: {'pre_conf': (184, 320), 'pre_entropy': (184, 320), 'pre_argdisp': (184, 320), 'post_conf': (184, 320), 'post_entropy': (184, 320), 'post_argdisp': (184, 320), 'scale_to_full': (), 'feat_left': (128, 184, 320)}
DONE: D:\Users\dust\Documents\학교\2026년도1학기\컴퓨터비전\실습\FoundationStereo\experiments\ds_v2_seed1/minimal_interior_v29\fs
features.npz 저장: {'pre_conf': (184, 320), 'pre_entropy': (184, 320), 'pre_argdisp': (184, 320), 'post_conf': (184, 320), 'post_entropy': (184, 320), 'post_argdisp': (184, 320), 'scale_to_full': (), 'feat_left': (128, 184, 320)}
DONE: D:\Users\dust\Documents\학교\2026년도1학기\컴퓨터비전\실습\FoundationStereo\experiments\ds_v2_seed1/scandinavian_v29\fs
features.npz 저장: {'pre_conf': (184, 320), 'pre_entropy': (184, 320), 'pre_argdisp': (184, 320), 'post_conf': (184, 320), 'post_entropy': (184, 320), 'post_argdisp': (184, 320), 'scale_to_full': (), 'feat_left': (128, 184, 320)}
DONE: D:\Users\dust\Documents\학교\2026년도1학기\컴퓨터비전\실습\FoundationStereo\experiments\ds_v2_seed1/sunlight_v29\fs
features.npz 저장: {'pre_conf': (184, 320), 'pre_entropy': (184, 320), 'pre_argdisp': (184, 320), 'post_conf': (184, 320), 'post_entropy': (184, 320), 'post_argdisp': (184, 320), 'scale_to_full': (), 'feat_left': (128, 184, 320)}
DONE: D:\Users\dust\Documents\학교\2026년도1학기\컴퓨터비전\실습\FoundationStereo\experiments\ds_v2_seed1/terrazzo_v29\fs
[fs_server] 720/1537 (done 720, skip 0, fail 0) 2.7s/view, ETA 37m
features.npz 저장: {'pre_conf': (184, 320), 'pre_entropy': (184, 320), 'pre_argdisp': (184, 320), 'post_conf': (184, 320), 'post_entropy': (184, 320), 'post_argdisp': (184, 320), 'scale_to_full': (), 'feat_left': (128, 184, 320)}
DONE: D:\Users\dust\Documents\학교\2026년도1학기\컴퓨터비전\실습\FoundationStereo\experiments\ds_v1_seed0/bedroom_v30\fs
features.npz 저장: {'pre_conf': (184, 320), 'pre_entropy': (184, 320), 'pre_argdisp': (184, 320), 'post_conf': (184, 320), 'post_entropy': (184, 320), 'post_argdisp': (184, 320), 'scale_to_full': (), 'feat_left': (128, 184, 320)}
DONE: D:\Users\dust\Documents\학교\2026년도1학기\컴퓨터비전\실습\FoundationStereo\experiments\ds_v1_seed0/blue_bathroom_v30\fs
features.npz 저장: {'pre_conf': (184, 320), 'pre_entropy': (184, 320), 'pre_argdisp': (184, 320), 'post_conf': (184, 320), 'post_entropy': (184, 320), 'post_argdisp': (184, 320), 'scale_to_full': (), 'feat_left': (128, 184, 320)}
DONE: D:\Users\dust\Documents\학교\2026년도1학기\컴퓨터비전\실습\FoundationStereo\experiments\ds_v1_seed0/computer_room_v30\fs
features.npz 저장: {'pre_conf': (184, 320), 'pre_entropy': (184, 320), 'pre_argdisp': (184, 320), 'post_conf': (184, 320), 'post_entropy': (184, 320), 'post_argdisp': (184, 320), 'scale_to_full': (), 'feat_left': (128, 184, 320)}
DONE: D:\Users\dust\Documents\학교\2026년도1학기\컴퓨터비전\실습\FoundationStereo\experiments\ds_v1_seed0/green_house_v30\fs
features.npz 저장: {'pre_conf': (184, 320), 'pre_entropy': (184, 320), 'pre_argdisp': (184, 320), 'post_conf': (184, 320), 'post_entropy': (184, 320), 'post_argdisp': (184, 320), 'scale_to_full': (), 'feat_left': (128, 184, 320)}
DONE: D:\Users\dust\Documents\학교\2026년도1학기\컴퓨터비전\실습\FoundationStereo\experiments\ds_v1_seed0/gym_v30\fs
features.npz 저장: {'pre_conf': (184, 320), 'pre_entropy': (184, 320), 'pre_argdisp': (184, 320), 'post_conf': (184, 320), 'post_entropy': (184, 320), 'post_argdisp': (184, 320), 'scale_to_full': (), 'feat_left': (128, 184, 320)}
DONE: D:\Users\dust\Documents\학교\2026년도1학기\컴퓨터비전\실습\FoundationStereo\experiments\ds_v1_seed0/living_room_contemp_v30\fs
features.npz 저장: {'pre_conf': (184, 320), 'pre_entropy': (184, 320), 'pre_argdisp': (184, 320), 'post_conf': (184, 320), 'post_entropy': (184, 320), 'post_argdisp': (184, 320), 'scale_to_full': (), 'feat_left': (128, 184, 320)}
DONE: D:\Users\dust\Documents\학교\2026년도1학기\컴퓨터비전\실습\FoundationStereo\experiments\ds_v1_seed0/livingroom_v30\fs
features.npz 저장: {'pre_conf': (184, 320), 'pre_entropy': (184, 320), 'pre_argdisp': (184, 320), 'post_conf': (184, 320), 'post_entropy': (184, 320), 'post_argdisp': (184, 320), 'scale_to_full': (), 'feat_left': (128, 184, 320)}
DONE: D:\Users\dust\Documents\학교\2026년도1학기\컴퓨터비전\실습\FoundationStereo\experiments\ds_v1_seed0/minigym_v30\fs
features.npz 저장: {'pre_conf': (184, 320), 'pre_entropy': (184, 320), 'pre_argdisp': (184, 320), 'post_conf': (184, 320), 'post_entropy': (184, 320), 'post_argdisp': (184, 320), 'scale_to_full': (), 'feat_left': (128, 184, 320)}
DONE: D:\Users\dust\Documents\학교\2026년도1학기\컴퓨터비전\실습\FoundationStereo\experiments\ds_v1_seed0/minimal_interior_v30\fs
features.npz 저장: {'pre_conf': (184, 320), 'pre_entropy': (184, 320), 'pre_argdisp': (184, 320), 'post_conf': (184, 320), 'post_entropy': (184, 320), 'post_argdisp': (184, 320), 'scale_to_full': (), 'feat_left': (128, 184, 320)}
DONE: D:\Users\dust\Documents\학교\2026년도1학기\컴퓨터비전\실습\FoundationStereo\experiments\ds_v1_seed0/scandinavian_v30\fs
features.npz 저장: {'pre_conf': (184, 320), 'pre_entropy': (184, 320), 'pre_argdisp': (184, 320), 'post_conf': (184, 320), 'post_entropy': (184, 320), 'post_argdisp': (184, 320), 'scale_to_full': (), 'feat_left': (128, 184, 320)}
DONE: D:\Users\dust\Documents\학교\2026년도1학기\컴퓨터비전\실습\FoundationStereo\experiments\ds_v1_seed0/sunlight_v30\fs
features.npz 저장: {'pre_conf': (184, 320), 'pre_entropy': (184, 320), 'pre_argdisp': (184, 320), 'post_conf': (184, 320), 'post_entropy': (184, 320), 'post_argdisp': (184, 320), 'scale_to_full': (), 'feat_left': (128, 184, 320)}
DONE: D:\Users\dust\Documents\학교\2026년도1학기\컴퓨터비전\실습\FoundationStereo\experiments\ds_v1_seed0/terrazzo_v30\fs
features.npz 저장: {'pre_conf': (184, 320), 'pre_entropy': (184, 320), 'pre_argdisp': (184, 320), 'post_conf': (184, 320), 'post_entropy': (184, 320), 'post_argdisp': (184, 320), 'scale_to_full': (), 'feat_left': (128, 184, 320)}
DONE: D:\Users\dust\Documents\학교\2026년도1학기\컴퓨터비전\실습\FoundationStereo\experiments\ds_v2_seed1/bedroom_v30\fs
features.npz 저장: {'pre_conf': (184, 320), 'pre_entropy': (184, 320), 'pre_argdisp': (184, 320), 'post_conf': (184, 320), 'post_entropy': (184, 320), 'post_argdisp': (184, 320), 'scale_to_full': (), 'feat_left': (128, 184, 320)}
DONE: D:\Users\dust\Documents\학교\2026년도1학기\컴퓨터비전\실습\FoundationStereo\experiments\ds_v2_seed1/blue_bathroom_v30\fs
features.npz 저장: {'pre_conf': (184, 320), 'pre_entropy': (184, 320), 'pre_argdisp': (184, 320), 'post_conf': (184, 320), 'post_entropy': (184, 320), 'post_argdisp': (184, 320), 'scale_to_full': (), 'feat_left': (128, 184, 320)}
DONE: D:\Users\dust\Documents\학교\2026년도1학기\컴퓨터비전\실습\FoundationStereo\experiments\ds_v2_seed1/computer_room_v30\fs
features.npz 저장: {'pre_conf': (184, 320), 'pre_entropy': (184, 320), 'pre_argdisp': (184, 320), 'post_conf': (184, 320), 'post_entropy': (184, 320), 'post_argdisp': (184, 320), 'scale_to_full': (), 'feat_left': (128, 184, 320)}
DONE: D:\Users\dust\Documents\학교\2026년도1학기\컴퓨터비전\실습\FoundationStereo\experiments\ds_v2_seed1/green_house_v30\fs
features.npz 저장: {'pre_conf': (184, 320), 'pre_entropy': (184, 320), 'pre_argdisp': (184, 320), 'post_conf': (184, 320), 'post_entropy': (184, 320), 'post_argdisp': (184, 320), 'scale_to_full': (), 'feat_left': (128, 184, 320)}
DONE: D:\Users\dust\Documents\학교\2026년도1학기\컴퓨터비전\실습\FoundationStereo\experiments\ds_v2_seed1/gym_v30\fs
features.npz 저장: {'pre_conf': (184, 320), 'pre_entropy': (184, 320), 'pre_argdisp': (184, 320), 'post_conf': (184, 320), 'post_entropy': (184, 320), 'post_argdisp': (184, 320), 'scale_to_full': (), 'feat_left': (128, 184, 320)}
DONE: D:\Users\dust\Documents\학교\2026년도1학기\컴퓨터비전\실습\FoundationStereo\experiments\ds_v2_seed1/living_room_contemp_v30\fs
features.npz 저장: {'pre_conf': (184, 320), 'pre_entropy': (184, 320), 'pre_argdisp': (184, 320), 'post_conf': (184, 320), 'post_entropy': (184, 320), 'post_argdisp': (184, 320), 'scale_to_full': (), 'feat_left': (128, 184, 320)}
DONE: D:\Users\dust\Documents\학교\2026년도1학기\컴퓨터비전\실습\FoundationStereo\experiments\ds_v2_seed1/livingroom_v30\fs
features.npz 저장: {'pre_conf': (184, 320), 'pre_entropy': (184, 320), 'pre_argdisp': (184, 320), 'post_conf': (184, 320), 'post_entropy': (184, 320), 'post_argdisp': (184, 320), 'scale_to_full': (), 'feat_left': (128, 184, 320)}
DONE: D:\Users\dust\Documents\학교\2026년도1학기\컴퓨터비전\실습\FoundationStereo\experiments\ds_v2_seed1/minigym_v30\fs
[fs_server] 740/1537 (done 740, skip 0, fail 0) 2.7s/view, ETA 36m
features.npz 저장: {'pre_conf': (184, 320), 'pre_entropy': (184, 320), 'pre_argdisp': (184, 320), 'post_conf': (184, 320), 'post_entropy': (184, 320), 'post_argdisp': (184, 320), 'scale_to_full': (), 'feat_left': (128, 184, 320)}
DONE: D:\Users\dust\Documents\학교\2026년도1학기\컴퓨터비전\실습\FoundationStereo\experiments\ds_v2_seed1/minimal_interior_v30\fs
features.npz 저장: {'pre_conf': (184, 320), 'pre_entropy': (184, 320), 'pre_argdisp': (184, 320), 'post_conf': (184, 320), 'post_entropy': (184, 320), 'post_argdisp': (184, 320), 'scale_to_full': (), 'feat_left': (128, 184, 320)}
DONE: D:\Users\dust\Documents\학교\2026년도1학기\컴퓨터비전\실습\FoundationStereo\experiments\ds_v2_seed1/scandinavian_v30\fs
features.npz 저장: {'pre_conf': (184, 320), 'pre_entropy': (184, 320), 'pre_argdisp': (184, 320), 'post_conf': (184, 320), 'post_entropy': (184, 320), 'post_argdisp': (184, 320), 'scale_to_full': (), 'feat_left': (128, 184, 320)}
DONE: D:\Users\dust\Documents\학교\2026년도1학기\컴퓨터비전\실습\FoundationStereo\experiments\ds_v2_seed1/sunlight_v30\fs
features.npz 저장: {'pre_conf': (184, 320), 'pre_entropy': (184, 320), 'pre_argdisp': (184, 320), 'post_conf': (184, 320), 'post_entropy': (184, 320), 'post_argdisp': (184, 320), 'scale_to_full': (), 'feat_left': (128, 184, 320)}
DONE: D:\Users\dust\Documents\학교\2026년도1학기\컴퓨터비전\실습\FoundationStereo\experiments\ds_v2_seed1/terrazzo_v30\fs
features.npz 저장: {'pre_conf': (184, 320), 'pre_entropy': (184, 320), 'pre_argdisp': (184, 320), 'post_conf': (184, 320), 'post_entropy': (184, 320), 'post_argdisp': (184, 320), 'scale_to_full': (), 'feat_left': (128, 184, 320)}
DONE: D:\Users\dust\Documents\학교\2026년도1학기\컴퓨터비전\실습\FoundationStereo\experiments\ds_v1_seed0/bedroom_v31\fs
features.npz 저장: {'pre_conf': (184, 320), 'pre_entropy': (184, 320), 'pre_argdisp': (184, 320), 'post_conf': (184, 320), 'post_entropy': (184, 320), 'post_argdisp': (184, 320), 'scale_to_full': (), 'feat_left': (128, 184, 320)}
DONE: D:\Users\dust\Documents\학교\2026년도1학기\컴퓨터비전\실습\FoundationStereo\experiments\ds_v1_seed0/blue_bathroom_v31\fs
features.npz 저장: {'pre_conf': (184, 320), 'pre_entropy': (184, 320), 'pre_argdisp': (184, 320), 'post_conf': (184, 320), 'post_entropy': (184, 320), 'post_argdisp': (184, 320), 'scale_to_full': (), 'feat_left': (128, 184, 320)}
DONE: D:\Users\dust\Documents\학교\2026년도1학기\컴퓨터비전\실습\FoundationStereo\experiments\ds_v1_seed0/computer_room_v31\fs
features.npz 저장: {'pre_conf': (184, 320), 'pre_entropy': (184, 320), 'pre_argdisp': (184, 320), 'post_conf': (184, 320), 'post_entropy': (184, 320), 'post_argdisp': (184, 320), 'scale_to_full': (), 'feat_left': (128, 184, 320)}
DONE: D:\Users\dust\Documents\학교\2026년도1학기\컴퓨터비전\실습\FoundationStereo\experiments\ds_v1_seed0/green_house_v31\fs
features.npz 저장: {'pre_conf': (184, 320), 'pre_entropy': (184, 320), 'pre_argdisp': (184, 320), 'post_conf': (184, 320), 'post_entropy': (184, 320), 'post_argdisp': (184, 320), 'scale_to_full': (), 'feat_left': (128, 184, 320)}
DONE: D:\Users\dust\Documents\학교\2026년도1학기\컴퓨터비전\실습\FoundationStereo\experiments\ds_v1_seed0/gym_v31\fs
features.npz 저장: {'pre_conf': (184, 320), 'pre_entropy': (184, 320), 'pre_argdisp': (184, 320), 'post_conf': (184, 320), 'post_entropy': (184, 320), 'post_argdisp': (184, 320), 'scale_to_full': (), 'feat_left': (128, 184, 320)}
DONE: D:\Users\dust\Documents\학교\2026년도1학기\컴퓨터비전\실습\FoundationStereo\experiments\ds_v1_seed0/living_room_contemp_v31\fs
features.npz 저장: {'pre_conf': (184, 320), 'pre_entropy': (184, 320), 'pre_argdisp': (184, 320), 'post_conf': (184, 320), 'post_entropy': (184, 320), 'post_argdisp': (184, 320), 'scale_to_full': (), 'feat_left': (128, 184, 320)}
DONE: D:\Users\dust\Documents\학교\2026년도1학기\컴퓨터비전\실습\FoundationStereo\experiments\ds_v1_seed0/livingroom_v31\fs
features.npz 저장: {'pre_conf': (184, 320), 'pre_entropy': (184, 320), 'pre_argdisp': (184, 320), 'post_conf': (184, 320), 'post_entropy': (184, 320), 'post_argdisp': (184, 320), 'scale_to_full': (), 'feat_left': (128, 184, 320)}
DONE: D:\Users\dust\Documents\학교\2026년도1학기\컴퓨터비전\실습\FoundationStereo\experiments\ds_v1_seed0/minigym_v31\fs
features.npz 저장: {'pre_conf': (184, 320), 'pre_entropy': (184, 320), 'pre_argdisp': (184, 320), 'post_conf': (184, 320), 'post_entropy': (184, 320), 'post_argdisp': (184, 320), 'scale_to_full': (), 'feat_left': (128, 184, 320)}
DONE: D:\Users\dust\Documents\학교\2026년도1학기\컴퓨터비전\실습\FoundationStereo\experiments\ds_v1_seed0/minimal_interior_v31\fs
features.npz 저장: {'pre_conf': (184, 320), 'pre_entropy': (184, 320), 'pre_argdisp': (184, 320), 'post_conf': (184, 320), 'post_entropy': (184, 320), 'post_argdisp': (184, 320), 'scale_to_full': (), 'feat_left': (128, 184, 320)}
DONE: D:\Users\dust\Documents\학교\2026년도1학기\컴퓨터비전\실습\FoundationStereo\experiments\ds_v1_seed0/scandinavian_v31\fs
features.npz 저장: {'pre_conf': (184, 320), 'pre_entropy': (184, 320), 'pre_argdisp': (184, 320), 'post_conf': (184, 320), 'post_entropy': (184, 320), 'post_argdisp': (184, 320), 'scale_to_full': (), 'feat_left': (128, 184, 320)}
DONE: D:\Users\dust\Documents\학교\2026년도1학기\컴퓨터비전\실습\FoundationStereo\experiments\ds_v1_seed0/sunlight_v31\fs
features.npz 저장: {'pre_conf': (184, 320), 'pre_entropy': (184, 320), 'pre_argdisp': (184, 320), 'post_conf': (184, 320), 'post_entropy': (184, 320), 'post_argdisp': (184, 320), 'scale_to_full': (), 'feat_left': (128, 184, 320)}
DONE: D:\Users\dust\Documents\학교\2026년도1학기\컴퓨터비전\실습\FoundationStereo\experiments\ds_v1_seed0/terrazzo_v31\fs
features.npz 저장: {'pre_conf': (184, 320), 'pre_entropy': (184, 320), 'pre_argdisp': (184, 320), 'post_conf': (184, 320), 'post_entropy': (184, 320), 'post_argdisp': (184, 320), 'scale_to_full': (), 'feat_left': (128, 184, 320)}
DONE: D:\Users\dust\Documents\학교\2026년도1학기\컴퓨터비전\실습\FoundationStereo\experiments\ds_v2_seed1/bedroom_v31\fs
features.npz 저장: {'pre_conf': (184, 320), 'pre_entropy': (184, 320), 'pre_argdisp': (184, 320), 'post_conf': (184, 320), 'post_entropy': (184, 320), 'post_argdisp': (184, 320), 'scale_to_full': (), 'feat_left': (128, 184, 320)}
DONE: D:\Users\dust\Documents\학교\2026년도1학기\컴퓨터비전\실습\FoundationStereo\experiments\ds_v2_seed1/blue_bathroom_v31\fs
features.npz 저장: {'pre_conf': (184, 320), 'pre_entropy': (184, 320), 'pre_argdisp': (184, 320), 'post_conf': (184, 320), 'post_entropy': (184, 320), 'post_argdisp': (184, 320), 'scale_to_full': (), 'feat_left': (128, 184, 320)}
DONE: D:\Users\dust\Documents\학교\2026년도1학기\컴퓨터비전\실습\FoundationStereo\experiments\ds_v2_seed1/computer_room_v31\fs
features.npz 저장: {'pre_conf': (184, 320), 'pre_entropy': (184, 320), 'pre_argdisp': (184, 320), 'post_conf': (184, 320), 'post_entropy': (184, 320), 'post_argdisp': (184, 320), 'scale_to_full': (), 'feat_left': (128, 184, 320)}
DONE: D:\Users\dust\Documents\학교\2026년도1학기\컴퓨터비전\실습\FoundationStereo\experiments\ds_v2_seed1/green_house_v31\fs
[fs_server] 760/1537 (done 760, skip 0, fail 0) 2.7s/view, ETA 35m
features.npz 저장: {'pre_conf': (184, 320), 'pre_entropy': (184, 320), 'pre_argdisp': (184, 320), 'post_conf': (184, 320), 'post_entropy': (184, 320), 'post_argdisp': (184, 320), 'scale_to_full': (), 'feat_left': (128, 184, 320)}
DONE: D:\Users\dust\Documents\학교\2026년도1학기\컴퓨터비전\실습\FoundationStereo\experiments\ds_v2_seed1/gym_v31\fs
features.npz 저장: {'pre_conf': (184, 320), 'pre_entropy': (184, 320), 'pre_argdisp': (184, 320), 'post_conf': (184, 320), 'post_entropy': (184, 320), 'post_argdisp': (184, 320), 'scale_to_full': (), 'feat_left': (128, 184, 320)}
DONE: D:\Users\dust\Documents\학교\2026년도1학기\컴퓨터비전\실습\FoundationStereo\experiments\ds_v2_seed1/living_room_contemp_v31\fs
features.npz 저장: {'pre_conf': (184, 320), 'pre_entropy': (184, 320), 'pre_argdisp': (184, 320), 'post_conf': (184, 320), 'post_entropy': (184, 320), 'post_argdisp': (184, 320), 'scale_to_full': (), 'feat_left': (128, 184, 320)}
DONE: D:\Users\dust\Documents\학교\2026년도1학기\컴퓨터비전\실습\FoundationStereo\experiments\ds_v2_seed1/livingroom_v31\fs
features.npz 저장: {'pre_conf': (184, 320), 'pre_entropy': (184, 320), 'pre_argdisp': (184, 320), 'post_conf': (184, 320), 'post_entropy': (184, 320), 'post_argdisp': (184, 320), 'scale_to_full': (), 'feat_left': (128, 184, 320)}
DONE: D:\Users\dust\Documents\학교\2026년도1학기\컴퓨터비전\실습\FoundationStereo\experiments\ds_v2_seed1/minigym_v31\fs
features.npz 저장: {'pre_conf': (184, 320), 'pre_entropy': (184, 320), 'pre_argdisp': (184, 320), 'post_conf': (184, 320), 'post_entropy': (184, 320), 'post_argdisp': (184, 320), 'scale_to_full': (), 'feat_left': (128, 184, 320)}
DONE: D:\Users\dust\Documents\학교\2026년도1학기\컴퓨터비전\실습\FoundationStereo\experiments\ds_v2_seed1/minimal_interior_v31\fs
features.npz 저장: {'pre_conf': (184, 320), 'pre_entropy': (184, 320), 'pre_argdisp': (184, 320), 'post_conf': (184, 320), 'post_entropy': (184, 320), 'post_argdisp': (184, 320), 'scale_to_full': (), 'feat_left': (128, 184, 320)}
DONE: D:\Users\dust\Documents\학교\2026년도1학기\컴퓨터비전\실습\FoundationStereo\experiments\ds_v2_seed1/scandinavian_v31\fs
features.npz 저장: {'pre_conf': (184, 320), 'pre_entropy': (184, 320), 'pre_argdisp': (184, 320), 'post_conf': (184, 320), 'post_entropy': (184, 320), 'post_argdisp': (184, 320), 'scale_to_full': (), 'feat_left': (128, 184, 320)}
DONE: D:\Users\dust\Documents\학교\2026년도1학기\컴퓨터비전\실습\FoundationStereo\experiments\ds_v2_seed1/sunlight_v31\fs
features.npz 저장: {'pre_conf': (184, 320), 'pre_entropy': (184, 320), 'pre_argdisp': (184, 320), 'post_conf': (184, 320), 'post_entropy': (184, 320), 'post_argdisp': (184, 320), 'scale_to_full': (), 'feat_left': (128, 184, 320)}
DONE: D:\Users\dust\Documents\학교\2026년도1학기\컴퓨터비전\실습\FoundationStereo\experiments\ds_v2_seed1/terrazzo_v31\fs
features.npz 저장: {'pre_conf': (184, 320), 'pre_entropy': (184, 320), 'pre_argdisp': (184, 320), 'post_conf': (184, 320), 'post_entropy': (184, 320), 'post_argdisp': (184, 320), 'scale_to_full': (), 'feat_left': (128, 184, 320)}
DONE: D:\Users\dust\Documents\학교\2026년도1학기\컴퓨터비전\실습\FoundationStereo\experiments\ds_v1_seed0/bedroom_v32\fs
features.npz 저장: {'pre_conf': (184, 320), 'pre_entropy': (184, 320), 'pre_argdisp': (184, 320), 'post_conf': (184, 320), 'post_entropy': (184, 320), 'post_argdisp': (184, 320), 'scale_to_full': (), 'feat_left': (128, 184, 320)}
DONE: D:\Users\dust\Documents\학교\2026년도1학기\컴퓨터비전\실습\FoundationStereo\experiments\ds_v1_seed0/blue_bathroom_v32\fs
features.npz 저장: {'pre_conf': (184, 320), 'pre_entropy': (184, 320), 'pre_argdisp': (184, 320), 'post_conf': (184, 320), 'post_entropy': (184, 320), 'post_argdisp': (184, 320), 'scale_to_full': (), 'feat_left': (128, 184, 320)}
DONE: D:\Users\dust\Documents\학교\2026년도1학기\컴퓨터비전\실습\FoundationStereo\experiments\ds_v1_seed0/computer_room_v32\fs
features.npz 저장: {'pre_conf': (184, 320), 'pre_entropy': (184, 320), 'pre_argdisp': (184, 320), 'post_conf': (184, 320), 'post_entropy': (184, 320), 'post_argdisp': (184, 320), 'scale_to_full': (), 'feat_left': (128, 184, 320)}
DONE: D:\Users\dust\Documents\학교\2026년도1학기\컴퓨터비전\실습\FoundationStereo\experiments\ds_v1_seed0/green_house_v32\fs
features.npz 저장: {'pre_conf': (184, 320), 'pre_entropy': (184, 320), 'pre_argdisp': (184, 320), 'post_conf': (184, 320), 'post_entropy': (184, 320), 'post_argdisp': (184, 320), 'scale_to_full': (), 'feat_left': (128, 184, 320)}
DONE: D:\Users\dust\Documents\학교\2026년도1학기\컴퓨터비전\실습\FoundationStereo\experiments\ds_v1_seed0/gym_v32\fs
features.npz 저장: {'pre_conf': (184, 320), 'pre_entropy': (184, 320), 'pre_argdisp': (184, 320), 'post_conf': (184, 320), 'post_entropy': (184, 320), 'post_argdisp': (184, 320), 'scale_to_full': (), 'feat_left': (128, 184, 320)}
DONE: D:\Users\dust\Documents\학교\2026년도1학기\컴퓨터비전\실습\FoundationStereo\experiments\ds_v1_seed0/living_room_contemp_v32\fs
features.npz 저장: {'pre_conf': (184, 320), 'pre_entropy': (184, 320), 'pre_argdisp': (184, 320), 'post_conf': (184, 320), 'post_entropy': (184, 320), 'post_argdisp': (184, 320), 'scale_to_full': (), 'feat_left': (128, 184, 320)}
DONE: D:\Users\dust\Documents\학교\2026년도1학기\컴퓨터비전\실습\FoundationStereo\experiments\ds_v1_seed0/livingroom_v32\fs
features.npz 저장: {'pre_conf': (184, 320), 'pre_entropy': (184, 320), 'pre_argdisp': (184, 320), 'post_conf': (184, 320), 'post_entropy': (184, 320), 'post_argdisp': (184, 320), 'scale_to_full': (), 'feat_left': (128, 184, 320)}
DONE: D:\Users\dust\Documents\학교\2026년도1학기\컴퓨터비전\실습\FoundationStereo\experiments\ds_v1_seed0/minigym_v32\fs
features.npz 저장: {'pre_conf': (184, 320), 'pre_entropy': (184, 320), 'pre_argdisp': (184, 320), 'post_conf': (184, 320), 'post_entropy': (184, 320), 'post_argdisp': (184, 320), 'scale_to_full': (), 'feat_left': (128, 184, 320)}
DONE: D:\Users\dust\Documents\학교\2026년도1학기\컴퓨터비전\실습\FoundationStereo\experiments\ds_v1_seed0/minimal_interior_v32\fs
features.npz 저장: {'pre_conf': (184, 320), 'pre_entropy': (184, 320), 'pre_argdisp': (184, 320), 'post_conf': (184, 320), 'post_entropy': (184, 320), 'post_argdisp': (184, 320), 'scale_to_full': (), 'feat_left': (128, 184, 320)}
DONE: D:\Users\dust\Documents\학교\2026년도1학기\컴퓨터비전\실습\FoundationStereo\experiments\ds_v1_seed0/scandinavian_v32\fs
features.npz 저장: {'pre_conf': (184, 320), 'pre_entropy': (184, 320), 'pre_argdisp': (184, 320), 'post_conf': (184, 320), 'post_entropy': (184, 320), 'post_argdisp': (184, 320), 'scale_to_full': (), 'feat_left': (128, 184, 320)}
DONE: D:\Users\dust\Documents\학교\2026년도1학기\컴퓨터비전\실습\FoundationStereo\experiments\ds_v1_seed0/sunlight_v32\fs
features.npz 저장: {'pre_conf': (184, 320), 'pre_entropy': (184, 320), 'pre_argdisp': (184, 320), 'post_conf': (184, 320), 'post_entropy': (184, 320), 'post_argdisp': (184, 320), 'scale_to_full': (), 'feat_left': (128, 184, 320)}
DONE: D:\Users\dust\Documents\학교\2026년도1학기\컴퓨터비전\실습\FoundationStereo\experiments\ds_v1_seed0/terrazzo_v32\fs
[fs_server] 780/1537 (done 780, skip 0, fail 0) 2.7s/view, ETA 34m
features.npz 저장: {'pre_conf': (184, 320), 'pre_entropy': (184, 320), 'pre_argdisp': (184, 320), 'post_conf': (184, 320), 'post_entropy': (184, 320), 'post_argdisp': (184, 320), 'scale_to_full': (), 'feat_left': (128, 184, 320)}
DONE: D:\Users\dust\Documents\학교\2026년도1학기\컴퓨터비전\실습\FoundationStereo\experiments\ds_v2_seed1/bedroom_v32\fs
features.npz 저장: {'pre_conf': (184, 320), 'pre_entropy': (184, 320), 'pre_argdisp': (184, 320), 'post_conf': (184, 320), 'post_entropy': (184, 320), 'post_argdisp': (184, 320), 'scale_to_full': (), 'feat_left': (128, 184, 320)}
DONE: D:\Users\dust\Documents\학교\2026년도1학기\컴퓨터비전\실습\FoundationStereo\experiments\ds_v2_seed1/blue_bathroom_v32\fs
features.npz 저장: {'pre_conf': (184, 320), 'pre_entropy': (184, 320), 'pre_argdisp': (184, 320), 'post_conf': (184, 320), 'post_entropy': (184, 320), 'post_argdisp': (184, 320), 'scale_to_full': (), 'feat_left': (128, 184, 320)}
DONE: D:\Users\dust\Documents\학교\2026년도1학기\컴퓨터비전\실습\FoundationStereo\experiments\ds_v2_seed1/computer_room_v32\fs
features.npz 저장: {'pre_conf': (184, 320), 'pre_entropy': (184, 320), 'pre_argdisp': (184, 320), 'post_conf': (184, 320), 'post_entropy': (184, 320), 'post_argdisp': (184, 320), 'scale_to_full': (), 'feat_left': (128, 184, 320)}
DONE: D:\Users\dust\Documents\학교\2026년도1학기\컴퓨터비전\실습\FoundationStereo\experiments\ds_v2_seed1/green_house_v32\fs
features.npz 저장: {'pre_conf': (184, 320), 'pre_entropy': (184, 320), 'pre_argdisp': (184, 320), 'post_conf': (184, 320), 'post_entropy': (184, 320), 'post_argdisp': (184, 320), 'scale_to_full': (), 'feat_left': (128, 184, 320)}
DONE: D:\Users\dust\Documents\학교\2026년도1학기\컴퓨터비전\실습\FoundationStereo\experiments\ds_v2_seed1/gym_v32\fs
features.npz 저장: {'pre_conf': (184, 320), 'pre_entropy': (184, 320), 'pre_argdisp': (184, 320), 'post_conf': (184, 320), 'post_entropy': (184, 320), 'post_argdisp': (184, 320), 'scale_to_full': (), 'feat_left': (128, 184, 320)}
DONE: D:\Users\dust\Documents\학교\2026년도1학기\컴퓨터비전\실습\FoundationStereo\experiments\ds_v2_seed1/living_room_contemp_v32\fs
features.npz 저장: {'pre_conf': (184, 320), 'pre_entropy': (184, 320), 'pre_argdisp': (184, 320), 'post_conf': (184, 320), 'post_entropy': (184, 320), 'post_argdisp': (184, 320), 'scale_to_full': (), 'feat_left': (128, 184, 320)}
DONE: D:\Users\dust\Documents\학교\2026년도1학기\컴퓨터비전\실습\FoundationStereo\experiments\ds_v2_seed1/livingroom_v32\fs
features.npz 저장: {'pre_conf': (184, 320), 'pre_entropy': (184, 320), 'pre_argdisp': (184, 320), 'post_conf': (184, 320), 'post_entropy': (184, 320), 'post_argdisp': (184, 320), 'scale_to_full': (), 'feat_left': (128, 184, 320)}
DONE: D:\Users\dust\Documents\학교\2026년도1학기\컴퓨터비전\실습\FoundationStereo\experiments\ds_v2_seed1/minigym_v32\fs
features.npz 저장: {'pre_conf': (184, 320), 'pre_entropy': (184, 320), 'pre_argdisp': (184, 320), 'post_conf': (184, 320), 'post_entropy': (184, 320), 'post_argdisp': (184, 320), 'scale_to_full': (), 'feat_left': (128, 184, 320)}
DONE: D:\Users\dust\Documents\학교\2026년도1학기\컴퓨터비전\실습\FoundationStereo\experiments\ds_v2_seed1/minimal_interior_v32\fs
features.npz 저장: {'pre_conf': (184, 320), 'pre_entropy': (184, 320), 'pre_argdisp': (184, 320), 'post_conf': (184, 320), 'post_entropy': (184, 320), 'post_argdisp': (184, 320), 'scale_to_full': (), 'feat_left': (128, 184, 320)}
DONE: D:\Users\dust\Documents\학교\2026년도1학기\컴퓨터비전\실습\FoundationStereo\experiments\ds_v2_seed1/scandinavian_v32\fs
features.npz 저장: {'pre_conf': (184, 320), 'pre_entropy': (184, 320), 'pre_argdisp': (184, 320), 'post_conf': (184, 320), 'post_entropy': (184, 320), 'post_argdisp': (184, 320), 'scale_to_full': (), 'feat_left': (128, 184, 320)}
DONE: D:\Users\dust\Documents\학교\2026년도1학기\컴퓨터비전\실습\FoundationStereo\experiments\ds_v2_seed1/sunlight_v32\fs
features.npz 저장: {'pre_conf': (184, 320), 'pre_entropy': (184, 320), 'pre_argdisp': (184, 320), 'post_conf': (184, 320), 'post_entropy': (184, 320), 'post_argdisp': (184, 320), 'scale_to_full': (), 'feat_left': (128, 184, 320)}
DONE: D:\Users\dust\Documents\학교\2026년도1학기\컴퓨터비전\실습\FoundationStereo\experiments\ds_v2_seed1/terrazzo_v32\fs
features.npz 저장: {'pre_conf': (184, 320), 'pre_entropy': (184, 320), 'pre_argdisp': (184, 320), 'post_conf': (184, 320), 'post_entropy': (184, 320), 'post_argdisp': (184, 320), 'scale_to_full': (), 'feat_left': (128, 184, 320)}
DONE: D:\Users\dust\Documents\학교\2026년도1학기\컴퓨터비전\실습\FoundationStereo\experiments\ds_v1_seed0/bedroom_v33\fs
features.npz 저장: {'pre_conf': (184, 320), 'pre_entropy': (184, 320), 'pre_argdisp': (184, 320), 'post_conf': (184, 320), 'post_entropy': (184, 320), 'post_argdisp': (184, 320), 'scale_to_full': (), 'feat_left': (128, 184, 320)}
DONE: D:\Users\dust\Documents\학교\2026년도1학기\컴퓨터비전\실습\FoundationStereo\experiments\ds_v1_seed0/blue_bathroom_v33\fs
features.npz 저장: {'pre_conf': (184, 320), 'pre_entropy': (184, 320), 'pre_argdisp': (184, 320), 'post_conf': (184, 320), 'post_entropy': (184, 320), 'post_argdisp': (184, 320), 'scale_to_full': (), 'feat_left': (128, 184, 320)}
DONE: D:\Users\dust\Documents\학교\2026년도1학기\컴퓨터비전\실습\FoundationStereo\experiments\ds_v1_seed0/computer_room_v33\fs
features.npz 저장: {'pre_conf': (184, 320), 'pre_entropy': (184, 320), 'pre_argdisp': (184, 320), 'post_conf': (184, 320), 'post_entropy': (184, 320), 'post_argdisp': (184, 320), 'scale_to_full': (), 'feat_left': (128, 184, 320)}
DONE: D:\Users\dust\Documents\학교\2026년도1학기\컴퓨터비전\실습\FoundationStereo\experiments\ds_v1_seed0/green_house_v33\fs
features.npz 저장: {'pre_conf': (184, 320), 'pre_entropy': (184, 320), 'pre_argdisp': (184, 320), 'post_conf': (184, 320), 'post_entropy': (184, 320), 'post_argdisp': (184, 320), 'scale_to_full': (), 'feat_left': (128, 184, 320)}
DONE: D:\Users\dust\Documents\학교\2026년도1학기\컴퓨터비전\실습\FoundationStereo\experiments\ds_v1_seed0/gym_v33\fs
features.npz 저장: {'pre_conf': (184, 320), 'pre_entropy': (184, 320), 'pre_argdisp': (184, 320), 'post_conf': (184, 320), 'post_entropy': (184, 320), 'post_argdisp': (184, 320), 'scale_to_full': (), 'feat_left': (128, 184, 320)}
DONE: D:\Users\dust\Documents\학교\2026년도1학기\컴퓨터비전\실습\FoundationStereo\experiments\ds_v1_seed0/living_room_contemp_v33\fs
features.npz 저장: {'pre_conf': (184, 320), 'pre_entropy': (184, 320), 'pre_argdisp': (184, 320), 'post_conf': (184, 320), 'post_entropy': (184, 320), 'post_argdisp': (184, 320), 'scale_to_full': (), 'feat_left': (128, 184, 320)}
DONE: D:\Users\dust\Documents\학교\2026년도1학기\컴퓨터비전\실습\FoundationStereo\experiments\ds_v1_seed0/livingroom_v33\fs
features.npz 저장: {'pre_conf': (184, 320), 'pre_entropy': (184, 320), 'pre_argdisp': (184, 320), 'post_conf': (184, 320), 'post_entropy': (184, 320), 'post_argdisp': (184, 320), 'scale_to_full': (), 'feat_left': (128, 184, 320)}
DONE: D:\Users\dust\Documents\학교\2026년도1학기\컴퓨터비전\실습\FoundationStereo\experiments\ds_v1_seed0/minigym_v33\fs
[fs_server] 800/1537 (done 800, skip 0, fail 0) 2.7s/view, ETA 34m
features.npz 저장: {'pre_conf': (184, 320), 'pre_entropy': (184, 320), 'pre_argdisp': (184, 320), 'post_conf': (184, 320), 'post_entropy': (184, 320), 'post_argdisp': (184, 320), 'scale_to_full': (), 'feat_left': (128, 184, 320)}
DONE: D:\Users\dust\Documents\학교\2026년도1학기\컴퓨터비전\실습\FoundationStereo\experiments\ds_v1_seed0/minimal_interior_v33\fs
features.npz 저장: {'pre_conf': (184, 320), 'pre_entropy': (184, 320), 'pre_argdisp': (184, 320), 'post_conf': (184, 320), 'post_entropy': (184, 320), 'post_argdisp': (184, 320), 'scale_to_full': (), 'feat_left': (128, 184, 320)}
DONE: D:\Users\dust\Documents\학교\2026년도1학기\컴퓨터비전\실습\FoundationStereo\experiments\ds_v1_seed0/scandinavian_v33\fs
features.npz 저장: {'pre_conf': (184, 320), 'pre_entropy': (184, 320), 'pre_argdisp': (184, 320), 'post_conf': (184, 320), 'post_entropy': (184, 320), 'post_argdisp': (184, 320), 'scale_to_full': (), 'feat_left': (128, 184, 320)}
DONE: D:\Users\dust\Documents\학교\2026년도1학기\컴퓨터비전\실습\FoundationStereo\experiments\ds_v1_seed0/sunlight_v33\fs
features.npz 저장: {'pre_conf': (184, 320), 'pre_entropy': (184, 320), 'pre_argdisp': (184, 320), 'post_conf': (184, 320), 'post_entropy': (184, 320), 'post_argdisp': (184, 320), 'scale_to_full': (), 'feat_left': (128, 184, 320)}
DONE: D:\Users\dust\Documents\학교\2026년도1학기\컴퓨터비전\실습\FoundationStereo\experiments\ds_v1_seed0/terrazzo_v33\fs
features.npz 저장: {'pre_conf': (184, 320), 'pre_entropy': (184, 320), 'pre_argdisp': (184, 320), 'post_conf': (184, 320), 'post_entropy': (184, 320), 'post_argdisp': (184, 320), 'scale_to_full': (), 'feat_left': (128, 184, 320)}
DONE: D:\Users\dust\Documents\학교\2026년도1학기\컴퓨터비전\실습\FoundationStereo\experiments\ds_v2_seed1/bedroom_v33\fs
features.npz 저장: {'pre_conf': (184, 320), 'pre_entropy': (184, 320), 'pre_argdisp': (184, 320), 'post_conf': (184, 320), 'post_entropy': (184, 320), 'post_argdisp': (184, 320), 'scale_to_full': (), 'feat_left': (128, 184, 320)}
DONE: D:\Users\dust\Documents\학교\2026년도1학기\컴퓨터비전\실습\FoundationStereo\experiments\ds_v2_seed1/blue_bathroom_v33\fs
features.npz 저장: {'pre_conf': (184, 320), 'pre_entropy': (184, 320), 'pre_argdisp': (184, 320), 'post_conf': (184, 320), 'post_entropy': (184, 320), 'post_argdisp': (184, 320), 'scale_to_full': (), 'feat_left': (128, 184, 320)}
DONE: D:\Users\dust\Documents\학교\2026년도1학기\컴퓨터비전\실습\FoundationStereo\experiments\ds_v2_seed1/computer_room_v33\fs
features.npz 저장: {'pre_conf': (184, 320), 'pre_entropy': (184, 320), 'pre_argdisp': (184, 320), 'post_conf': (184, 320), 'post_entropy': (184, 320), 'post_argdisp': (184, 320), 'scale_to_full': (), 'feat_left': (128, 184, 320)}
DONE: D:\Users\dust\Documents\학교\2026년도1학기\컴퓨터비전\실습\FoundationStereo\experiments\ds_v2_seed1/green_house_v33\fs
features.npz 저장: {'pre_conf': (184, 320), 'pre_entropy': (184, 320), 'pre_argdisp': (184, 320), 'post_conf': (184, 320), 'post_entropy': (184, 320), 'post_argdisp': (184, 320), 'scale_to_full': (), 'feat_left': (128, 184, 320)}
DONE: D:\Users\dust\Documents\학교\2026년도1학기\컴퓨터비전\실습\FoundationStereo\experiments\ds_v2_seed1/gym_v33\fs
features.npz 저장: {'pre_conf': (184, 320), 'pre_entropy': (184, 320), 'pre_argdisp': (184, 320), 'post_conf': (184, 320), 'post_entropy': (184, 320), 'post_argdisp': (184, 320), 'scale_to_full': (), 'feat_left': (128, 184, 320)}
DONE: D:\Users\dust\Documents\학교\2026년도1학기\컴퓨터비전\실습\FoundationStereo\experiments\ds_v2_seed1/living_room_contemp_v33\fs
features.npz 저장: {'pre_conf': (184, 320), 'pre_entropy': (184, 320), 'pre_argdisp': (184, 320), 'post_conf': (184, 320), 'post_entropy': (184, 320), 'post_argdisp': (184, 320), 'scale_to_full': (), 'feat_left': (128, 184, 320)}
DONE: D:\Users\dust\Documents\학교\2026년도1학기\컴퓨터비전\실습\FoundationStereo\experiments\ds_v2_seed1/livingroom_v33\fs
features.npz 저장: {'pre_conf': (184, 320), 'pre_entropy': (184, 320), 'pre_argdisp': (184, 320), 'post_conf': (184, 320), 'post_entropy': (184, 320), 'post_argdisp': (184, 320), 'scale_to_full': (), 'feat_left': (128, 184, 320)}
DONE: D:\Users\dust\Documents\학교\2026년도1학기\컴퓨터비전\실습\FoundationStereo\experiments\ds_v2_seed1/minigym_v33\fs
features.npz 저장: {'pre_conf': (184, 320), 'pre_entropy': (184, 320), 'pre_argdisp': (184, 320), 'post_conf': (184, 320), 'post_entropy': (184, 320), 'post_argdisp': (184, 320), 'scale_to_full': (), 'feat_left': (128, 184, 320)}
DONE: D:\Users\dust\Documents\학교\2026년도1학기\컴퓨터비전\실습\FoundationStereo\experiments\ds_v2_seed1/minimal_interior_v33\fs
features.npz 저장: {'pre_conf': (184, 320), 'pre_entropy': (184, 320), 'pre_argdisp': (184, 320), 'post_conf': (184, 320), 'post_entropy': (184, 320), 'post_argdisp': (184, 320), 'scale_to_full': (), 'feat_left': (128, 184, 320)}
DONE: D:\Users\dust\Documents\학교\2026년도1학기\컴퓨터비전\실습\FoundationStereo\experiments\ds_v2_seed1/scandinavian_v33\fs
features.npz 저장: {'pre_conf': (184, 320), 'pre_entropy': (184, 320), 'pre_argdisp': (184, 320), 'post_conf': (184, 320), 'post_entropy': (184, 320), 'post_argdisp': (184, 320), 'scale_to_full': (), 'feat_left': (128, 184, 320)}
DONE: D:\Users\dust\Documents\학교\2026년도1학기\컴퓨터비전\실습\FoundationStereo\experiments\ds_v2_seed1/sunlight_v33\fs
features.npz 저장: {'pre_conf': (184, 320), 'pre_entropy': (184, 320), 'pre_argdisp': (184, 320), 'post_conf': (184, 320), 'post_entropy': (184, 320), 'post_argdisp': (184, 320), 'scale_to_full': (), 'feat_left': (128, 184, 320)}
DONE: D:\Users\dust\Documents\학교\2026년도1학기\컴퓨터비전\실습\FoundationStereo\experiments\ds_v2_seed1/terrazzo_v33\fs
features.npz 저장: {'pre_conf': (184, 320), 'pre_entropy': (184, 320), 'pre_argdisp': (184, 320), 'post_conf': (184, 320), 'post_entropy': (184, 320), 'post_argdisp': (184, 320), 'scale_to_full': (), 'feat_left': (128, 184, 320)}
DONE: D:\Users\dust\Documents\학교\2026년도1학기\컴퓨터비전\실습\FoundationStereo\experiments\ds_v1_seed0/bedroom_v34\fs
features.npz 저장: {'pre_conf': (184, 320), 'pre_entropy': (184, 320), 'pre_argdisp': (184, 320), 'post_conf': (184, 320), 'post_entropy': (184, 320), 'post_argdisp': (184, 320), 'scale_to_full': (), 'feat_left': (128, 184, 320)}
DONE: D:\Users\dust\Documents\학교\2026년도1학기\컴퓨터비전\실습\FoundationStereo\experiments\ds_v1_seed0/blue_bathroom_v34\fs
features.npz 저장: {'pre_conf': (184, 320), 'pre_entropy': (184, 320), 'pre_argdisp': (184, 320), 'post_conf': (184, 320), 'post_entropy': (184, 320), 'post_argdisp': (184, 320), 'scale_to_full': (), 'feat_left': (128, 184, 320)}
DONE: D:\Users\dust\Documents\학교\2026년도1학기\컴퓨터비전\실습\FoundationStereo\experiments\ds_v1_seed0/computer_room_v34\fs
features.npz 저장: {'pre_conf': (184, 320), 'pre_entropy': (184, 320), 'pre_argdisp': (184, 320), 'post_conf': (184, 320), 'post_entropy': (184, 320), 'post_argdisp': (184, 320), 'scale_to_full': (), 'feat_left': (128, 184, 320)}
DONE: D:\Users\dust\Documents\학교\2026년도1학기\컴퓨터비전\실습\FoundationStereo\experiments\ds_v1_seed0/green_house_v34\fs
[fs_server] 820/1537 (done 820, skip 0, fail 0) 2.7s/view, ETA 33m
features.npz 저장: {'pre_conf': (184, 320), 'pre_entropy': (184, 320), 'pre_argdisp': (184, 320), 'post_conf': (184, 320), 'post_entropy': (184, 320), 'post_argdisp': (184, 320), 'scale_to_full': (), 'feat_left': (128, 184, 320)}
DONE: D:\Users\dust\Documents\학교\2026년도1학기\컴퓨터비전\실습\FoundationStereo\experiments\ds_v1_seed0/gym_v34\fs
features.npz 저장: {'pre_conf': (184, 320), 'pre_entropy': (184, 320), 'pre_argdisp': (184, 320), 'post_conf': (184, 320), 'post_entropy': (184, 320), 'post_argdisp': (184, 320), 'scale_to_full': (), 'feat_left': (128, 184, 320)}
DONE: D:\Users\dust\Documents\학교\2026년도1학기\컴퓨터비전\실습\FoundationStereo\experiments\ds_v1_seed0/living_room_contemp_v34\fs
features.npz 저장: {'pre_conf': (184, 320), 'pre_entropy': (184, 320), 'pre_argdisp': (184, 320), 'post_conf': (184, 320), 'post_entropy': (184, 320), 'post_argdisp': (184, 320), 'scale_to_full': (), 'feat_left': (128, 184, 320)}
DONE: D:\Users\dust\Documents\학교\2026년도1학기\컴퓨터비전\실습\FoundationStereo\experiments\ds_v1_seed0/livingroom_v34\fs
features.npz 저장: {'pre_conf': (184, 320), 'pre_entropy': (184, 320), 'pre_argdisp': (184, 320), 'post_conf': (184, 320), 'post_entropy': (184, 320), 'post_argdisp': (184, 320), 'scale_to_full': (), 'feat_left': (128, 184, 320)}
DONE: D:\Users\dust\Documents\학교\2026년도1학기\컴퓨터비전\실습\FoundationStereo\experiments\ds_v1_seed0/minigym_v34\fs
features.npz 저장: {'pre_conf': (184, 320), 'pre_entropy': (184, 320), 'pre_argdisp': (184, 320), 'post_conf': (184, 320), 'post_entropy': (184, 320), 'post_argdisp': (184, 320), 'scale_to_full': (), 'feat_left': (128, 184, 320)}
DONE: D:\Users\dust\Documents\학교\2026년도1학기\컴퓨터비전\실습\FoundationStereo\experiments\ds_v1_seed0/minimal_interior_v34\fs
features.npz 저장: {'pre_conf': (184, 320), 'pre_entropy': (184, 320), 'pre_argdisp': (184, 320), 'post_conf': (184, 320), 'post_entropy': (184, 320), 'post_argdisp': (184, 320), 'scale_to_full': (), 'feat_left': (128, 184, 320)}
DONE: D:\Users\dust\Documents\학교\2026년도1학기\컴퓨터비전\실습\FoundationStereo\experiments\ds_v1_seed0/scandinavian_v34\fs
features.npz 저장: {'pre_conf': (184, 320), 'pre_entropy': (184, 320), 'pre_argdisp': (184, 320), 'post_conf': (184, 320), 'post_entropy': (184, 320), 'post_argdisp': (184, 320), 'scale_to_full': (), 'feat_left': (128, 184, 320)}
DONE: D:\Users\dust\Documents\학교\2026년도1학기\컴퓨터비전\실습\FoundationStereo\experiments\ds_v1_seed0/sunlight_v34\fs
features.npz 저장: {'pre_conf': (184, 320), 'pre_entropy': (184, 320), 'pre_argdisp': (184, 320), 'post_conf': (184, 320), 'post_entropy': (184, 320), 'post_argdisp': (184, 320), 'scale_to_full': (), 'feat_left': (128, 184, 320)}
DONE: D:\Users\dust\Documents\학교\2026년도1학기\컴퓨터비전\실습\FoundationStereo\experiments\ds_v1_seed0/terrazzo_v34\fs
features.npz 저장: {'pre_conf': (184, 320), 'pre_entropy': (184, 320), 'pre_argdisp': (184, 320), 'post_conf': (184, 320), 'post_entropy': (184, 320), 'post_argdisp': (184, 320), 'scale_to_full': (), 'feat_left': (128, 184, 320)}
DONE: D:\Users\dust\Documents\학교\2026년도1학기\컴퓨터비전\실습\FoundationStereo\experiments\ds_v2_seed1/bedroom_v34\fs
features.npz 저장: {'pre_conf': (184, 320), 'pre_entropy': (184, 320), 'pre_argdisp': (184, 320), 'post_conf': (184, 320), 'post_entropy': (184, 320), 'post_argdisp': (184, 320), 'scale_to_full': (), 'feat_left': (128, 184, 320)}
DONE: D:\Users\dust\Documents\학교\2026년도1학기\컴퓨터비전\실습\FoundationStereo\experiments\ds_v2_seed1/blue_bathroom_v34\fs
features.npz 저장: {'pre_conf': (184, 320), 'pre_entropy': (184, 320), 'pre_argdisp': (184, 320), 'post_conf': (184, 320), 'post_entropy': (184, 320), 'post_argdisp': (184, 320), 'scale_to_full': (), 'feat_left': (128, 184, 320)}
DONE: D:\Users\dust\Documents\학교\2026년도1학기\컴퓨터비전\실습\FoundationStereo\experiments\ds_v2_seed1/computer_room_v34\fs
features.npz 저장: {'pre_conf': (184, 320), 'pre_entropy': (184, 320), 'pre_argdisp': (184, 320), 'post_conf': (184, 320), 'post_entropy': (184, 320), 'post_argdisp': (184, 320), 'scale_to_full': (), 'feat_left': (128, 184, 320)}
DONE: D:\Users\dust\Documents\학교\2026년도1학기\컴퓨터비전\실습\FoundationStereo\experiments\ds_v2_seed1/green_house_v34\fs
features.npz 저장: {'pre_conf': (184, 320), 'pre_entropy': (184, 320), 'pre_argdisp': (184, 320), 'post_conf': (184, 320), 'post_entropy': (184, 320), 'post_argdisp': (184, 320), 'scale_to_full': (), 'feat_left': (128, 184, 320)}
DONE: D:\Users\dust\Documents\학교\2026년도1학기\컴퓨터비전\실습\FoundationStereo\experiments\ds_v2_seed1/gym_v34\fs
features.npz 저장: {'pre_conf': (184, 320), 'pre_entropy': (184, 320), 'pre_argdisp': (184, 320), 'post_conf': (184, 320), 'post_entropy': (184, 320), 'post_argdisp': (184, 320), 'scale_to_full': (), 'feat_left': (128, 184, 320)}
DONE: D:\Users\dust\Documents\학교\2026년도1학기\컴퓨터비전\실습\FoundationStereo\experiments\ds_v2_seed1/living_room_contemp_v34\fs
features.npz 저장: {'pre_conf': (184, 320), 'pre_entropy': (184, 320), 'pre_argdisp': (184, 320), 'post_conf': (184, 320), 'post_entropy': (184, 320), 'post_argdisp': (184, 320), 'scale_to_full': (), 'feat_left': (128, 184, 320)}
DONE: D:\Users\dust\Documents\학교\2026년도1학기\컴퓨터비전\실습\FoundationStereo\experiments\ds_v2_seed1/livingroom_v34\fs
features.npz 저장: {'pre_conf': (184, 320), 'pre_entropy': (184, 320), 'pre_argdisp': (184, 320), 'post_conf': (184, 320), 'post_entropy': (184, 320), 'post_argdisp': (184, 320), 'scale_to_full': (), 'feat_left': (128, 184, 320)}
DONE: D:\Users\dust\Documents\학교\2026년도1학기\컴퓨터비전\실습\FoundationStereo\experiments\ds_v2_seed1/minigym_v34\fs
features.npz 저장: {'pre_conf': (184, 320), 'pre_entropy': (184, 320), 'pre_argdisp': (184, 320), 'post_conf': (184, 320), 'post_entropy': (184, 320), 'post_argdisp': (184, 320), 'scale_to_full': (), 'feat_left': (128, 184, 320)}
DONE: D:\Users\dust\Documents\학교\2026년도1학기\컴퓨터비전\실습\FoundationStereo\experiments\ds_v2_seed1/minimal_interior_v34\fs
features.npz 저장: {'pre_conf': (184, 320), 'pre_entropy': (184, 320), 'pre_argdisp': (184, 320), 'post_conf': (184, 320), 'post_entropy': (184, 320), 'post_argdisp': (184, 320), 'scale_to_full': (), 'feat_left': (128, 184, 320)}
DONE: D:\Users\dust\Documents\학교\2026년도1학기\컴퓨터비전\실습\FoundationStereo\experiments\ds_v2_seed1/scandinavian_v34\fs
features.npz 저장: {'pre_conf': (184, 320), 'pre_entropy': (184, 320), 'pre_argdisp': (184, 320), 'post_conf': (184, 320), 'post_entropy': (184, 320), 'post_argdisp': (184, 320), 'scale_to_full': (), 'feat_left': (128, 184, 320)}
DONE: D:\Users\dust\Documents\학교\2026년도1학기\컴퓨터비전\실습\FoundationStereo\experiments\ds_v2_seed1/sunlight_v34\fs
features.npz 저장: {'pre_conf': (184, 320), 'pre_entropy': (184, 320), 'pre_argdisp': (184, 320), 'post_conf': (184, 320), 'post_entropy': (184, 320), 'post_argdisp': (184, 320), 'scale_to_full': (), 'feat_left': (128, 184, 320)}
DONE: D:\Users\dust\Documents\학교\2026년도1학기\컴퓨터비전\실습\FoundationStereo\experiments\ds_v2_seed1/terrazzo_v34\fs
[fs_server] 840/1537 (done 840, skip 0, fail 0) 2.7s/view, ETA 32m
features.npz 저장: {'pre_conf': (184, 320), 'pre_entropy': (184, 320), 'pre_argdisp': (184, 320), 'post_conf': (184, 320), 'post_entropy': (184, 320), 'post_argdisp': (184, 320), 'scale_to_full': (), 'feat_left': (128, 184, 320)}
DONE: D:\Users\dust\Documents\학교\2026년도1학기\컴퓨터비전\실습\FoundationStereo\experiments\ds_v1_seed0/bedroom_v35\fs
features.npz 저장: {'pre_conf': (184, 320), 'pre_entropy': (184, 320), 'pre_argdisp': (184, 320), 'post_conf': (184, 320), 'post_entropy': (184, 320), 'post_argdisp': (184, 320), 'scale_to_full': (), 'feat_left': (128, 184, 320)}
DONE: D:\Users\dust\Documents\학교\2026년도1학기\컴퓨터비전\실습\FoundationStereo\experiments\ds_v1_seed0/blue_bathroom_v35\fs
features.npz 저장: {'pre_conf': (184, 320), 'pre_entropy': (184, 320), 'pre_argdisp': (184, 320), 'post_conf': (184, 320), 'post_entropy': (184, 320), 'post_argdisp': (184, 320), 'scale_to_full': (), 'feat_left': (128, 184, 320)}
DONE: D:\Users\dust\Documents\학교\2026년도1학기\컴퓨터비전\실습\FoundationStereo\experiments\ds_v1_seed0/computer_room_v35\fs
features.npz 저장: {'pre_conf': (184, 320), 'pre_entropy': (184, 320), 'pre_argdisp': (184, 320), 'post_conf': (184, 320), 'post_entropy': (184, 320), 'post_argdisp': (184, 320), 'scale_to_full': (), 'feat_left': (128, 184, 320)}
DONE: D:\Users\dust\Documents\학교\2026년도1학기\컴퓨터비전\실습\FoundationStereo\experiments\ds_v1_seed0/green_house_v35\fs
features.npz 저장: {'pre_conf': (184, 320), 'pre_entropy': (184, 320), 'pre_argdisp': (184, 320), 'post_conf': (184, 320), 'post_entropy': (184, 320), 'post_argdisp': (184, 320), 'scale_to_full': (), 'feat_left': (128, 184, 320)}
DONE: D:\Users\dust\Documents\학교\2026년도1학기\컴퓨터비전\실습\FoundationStereo\experiments\ds_v1_seed0/gym_v35\fs
features.npz 저장: {'pre_conf': (184, 320), 'pre_entropy': (184, 320), 'pre_argdisp': (184, 320), 'post_conf': (184, 320), 'post_entropy': (184, 320), 'post_argdisp': (184, 320), 'scale_to_full': (), 'feat_left': (128, 184, 320)}
DONE: D:\Users\dust\Documents\학교\2026년도1학기\컴퓨터비전\실습\FoundationStereo\experiments\ds_v1_seed0/living_room_contemp_v35\fs
features.npz 저장: {'pre_conf': (184, 320), 'pre_entropy': (184, 320), 'pre_argdisp': (184, 320), 'post_conf': (184, 320), 'post_entropy': (184, 320), 'post_argdisp': (184, 320), 'scale_to_full': (), 'feat_left': (128, 184, 320)}
DONE: D:\Users\dust\Documents\학교\2026년도1학기\컴퓨터비전\실습\FoundationStereo\experiments\ds_v1_seed0/livingroom_v35\fs
features.npz 저장: {'pre_conf': (184, 320), 'pre_entropy': (184, 320), 'pre_argdisp': (184, 320), 'post_conf': (184, 320), 'post_entropy': (184, 320), 'post_argdisp': (184, 320), 'scale_to_full': (), 'feat_left': (128, 184, 320)}
DONE: D:\Users\dust\Documents\학교\2026년도1학기\컴퓨터비전\실습\FoundationStereo\experiments\ds_v1_seed0/minigym_v35\fs
features.npz 저장: {'pre_conf': (184, 320), 'pre_entropy': (184, 320), 'pre_argdisp': (184, 320), 'post_conf': (184, 320), 'post_entropy': (184, 320), 'post_argdisp': (184, 320), 'scale_to_full': (), 'feat_left': (128, 184, 320)}
DONE: D:\Users\dust\Documents\학교\2026년도1학기\컴퓨터비전\실습\FoundationStereo\experiments\ds_v1_seed0/minimal_interior_v35\fs
features.npz 저장: {'pre_conf': (184, 320), 'pre_entropy': (184, 320), 'pre_argdisp': (184, 320), 'post_conf': (184, 320), 'post_entropy': (184, 320), 'post_argdisp': (184, 320), 'scale_to_full': (), 'feat_left': (128, 184, 320)}
DONE: D:\Users\dust\Documents\학교\2026년도1학기\컴퓨터비전\실습\FoundationStereo\experiments\ds_v1_seed0/scandinavian_v35\fs
features.npz 저장: {'pre_conf': (184, 320), 'pre_entropy': (184, 320), 'pre_argdisp': (184, 320), 'post_conf': (184, 320), 'post_entropy': (184, 320), 'post_argdisp': (184, 320), 'scale_to_full': (), 'feat_left': (128, 184, 320)}
DONE: D:\Users\dust\Documents\학교\2026년도1학기\컴퓨터비전\실습\FoundationStereo\experiments\ds_v1_seed0/sunlight_v35\fs
features.npz 저장: {'pre_conf': (184, 320), 'pre_entropy': (184, 320), 'pre_argdisp': (184, 320), 'post_conf': (184, 320), 'post_entropy': (184, 320), 'post_argdisp': (184, 320), 'scale_to_full': (), 'feat_left': (128, 184, 320)}
DONE: D:\Users\dust\Documents\학교\2026년도1학기\컴퓨터비전\실습\FoundationStereo\experiments\ds_v1_seed0/terrazzo_v35\fs
features.npz 저장: {'pre_conf': (184, 320), 'pre_entropy': (184, 320), 'pre_argdisp': (184, 320), 'post_conf': (184, 320), 'post_entropy': (184, 320), 'post_argdisp': (184, 320), 'scale_to_full': (), 'feat_left': (128, 184, 320)}
DONE: D:\Users\dust\Documents\학교\2026년도1학기\컴퓨터비전\실습\FoundationStereo\experiments\ds_v2_seed1/bedroom_v35\fs
features.npz 저장: {'pre_conf': (184, 320), 'pre_entropy': (184, 320), 'pre_argdisp': (184, 320), 'post_conf': (184, 320), 'post_entropy': (184, 320), 'post_argdisp': (184, 320), 'scale_to_full': (), 'feat_left': (128, 184, 320)}
DONE: D:\Users\dust\Documents\학교\2026년도1학기\컴퓨터비전\실습\FoundationStereo\experiments\ds_v2_seed1/blue_bathroom_v35\fs
features.npz 저장: {'pre_conf': (184, 320), 'pre_entropy': (184, 320), 'pre_argdisp': (184, 320), 'post_conf': (184, 320), 'post_entropy': (184, 320), 'post_argdisp': (184, 320), 'scale_to_full': (), 'feat_left': (128, 184, 320)}
DONE: D:\Users\dust\Documents\학교\2026년도1학기\컴퓨터비전\실습\FoundationStereo\experiments\ds_v2_seed1/computer_room_v35\fs
features.npz 저장: {'pre_conf': (184, 320), 'pre_entropy': (184, 320), 'pre_argdisp': (184, 320), 'post_conf': (184, 320), 'post_entropy': (184, 320), 'post_argdisp': (184, 320), 'scale_to_full': (), 'feat_left': (128, 184, 320)}
DONE: D:\Users\dust\Documents\학교\2026년도1학기\컴퓨터비전\실습\FoundationStereo\experiments\ds_v2_seed1/green_house_v35\fs
features.npz 저장: {'pre_conf': (184, 320), 'pre_entropy': (184, 320), 'pre_argdisp': (184, 320), 'post_conf': (184, 320), 'post_entropy': (184, 320), 'post_argdisp': (184, 320), 'scale_to_full': (), 'feat_left': (128, 184, 320)}
DONE: D:\Users\dust\Documents\학교\2026년도1학기\컴퓨터비전\실습\FoundationStereo\experiments\ds_v2_seed1/gym_v35\fs
features.npz 저장: {'pre_conf': (184, 320), 'pre_entropy': (184, 320), 'pre_argdisp': (184, 320), 'post_conf': (184, 320), 'post_entropy': (184, 320), 'post_argdisp': (184, 320), 'scale_to_full': (), 'feat_left': (128, 184, 320)}
DONE: D:\Users\dust\Documents\학교\2026년도1학기\컴퓨터비전\실습\FoundationStereo\experiments\ds_v2_seed1/living_room_contemp_v35\fs
features.npz 저장: {'pre_conf': (184, 320), 'pre_entropy': (184, 320), 'pre_argdisp': (184, 320), 'post_conf': (184, 320), 'post_entropy': (184, 320), 'post_argdisp': (184, 320), 'scale_to_full': (), 'feat_left': (128, 184, 320)}
DONE: D:\Users\dust\Documents\학교\2026년도1학기\컴퓨터비전\실습\FoundationStereo\experiments\ds_v2_seed1/livingroom_v35\fs
features.npz 저장: {'pre_conf': (184, 320), 'pre_entropy': (184, 320), 'pre_argdisp': (184, 320), 'post_conf': (184, 320), 'post_entropy': (184, 320), 'post_argdisp': (184, 320), 'scale_to_full': (), 'feat_left': (128, 184, 320)}
DONE: D:\Users\dust\Documents\학교\2026년도1학기\컴퓨터비전\실습\FoundationStereo\experiments\ds_v2_seed1/minigym_v35\fs
[fs_server] 860/1537 (done 860, skip 0, fail 0) 2.7s/view, ETA 31m
features.npz 저장: {'pre_conf': (184, 320), 'pre_entropy': (184, 320), 'pre_argdisp': (184, 320), 'post_conf': (184, 320), 'post_entropy': (184, 320), 'post_argdisp': (184, 320), 'scale_to_full': (), 'feat_left': (128, 184, 320)}
DONE: D:\Users\dust\Documents\학교\2026년도1학기\컴퓨터비전\실습\FoundationStereo\experiments\ds_v2_seed1/minimal_interior_v35\fs
features.npz 저장: {'pre_conf': (184, 320), 'pre_entropy': (184, 320), 'pre_argdisp': (184, 320), 'post_conf': (184, 320), 'post_entropy': (184, 320), 'post_argdisp': (184, 320), 'scale_to_full': (), 'feat_left': (128, 184, 320)}
DONE: D:\Users\dust\Documents\학교\2026년도1학기\컴퓨터비전\실습\FoundationStereo\experiments\ds_v2_seed1/scandinavian_v35\fs
features.npz 저장: {'pre_conf': (184, 320), 'pre_entropy': (184, 320), 'pre_argdisp': (184, 320), 'post_conf': (184, 320), 'post_entropy': (184, 320), 'post_argdisp': (184, 320), 'scale_to_full': (), 'feat_left': (128, 184, 320)}
DONE: D:\Users\dust\Documents\학교\2026년도1학기\컴퓨터비전\실습\FoundationStereo\experiments\ds_v2_seed1/sunlight_v35\fs
features.npz 저장: {'pre_conf': (184, 320), 'pre_entropy': (184, 320), 'pre_argdisp': (184, 320), 'post_conf': (184, 320), 'post_entropy': (184, 320), 'post_argdisp': (184, 320), 'scale_to_full': (), 'feat_left': (128, 184, 320)}
DONE: D:\Users\dust\Documents\학교\2026년도1학기\컴퓨터비전\실습\FoundationStereo\experiments\ds_v2_seed1/terrazzo_v35\fs
features.npz 저장: {'pre_conf': (184, 320), 'pre_entropy': (184, 320), 'pre_argdisp': (184, 320), 'post_conf': (184, 320), 'post_entropy': (184, 320), 'post_argdisp': (184, 320), 'scale_to_full': (), 'feat_left': (128, 184, 320)}
DONE: D:\Users\dust\Documents\학교\2026년도1학기\컴퓨터비전\실습\FoundationStereo\experiments\ds_v1_seed0/bedroom_v36\fs
features.npz 저장: {'pre_conf': (184, 320), 'pre_entropy': (184, 320), 'pre_argdisp': (184, 320), 'post_conf': (184, 320), 'post_entropy': (184, 320), 'post_argdisp': (184, 320), 'scale_to_full': (), 'feat_left': (128, 184, 320)}
DONE: D:\Users\dust\Documents\학교\2026년도1학기\컴퓨터비전\실습\FoundationStereo\experiments\ds_v1_seed0/blue_bathroom_v36\fs
features.npz 저장: {'pre_conf': (184, 320), 'pre_entropy': (184, 320), 'pre_argdisp': (184, 320), 'post_conf': (184, 320), 'post_entropy': (184, 320), 'post_argdisp': (184, 320), 'scale_to_full': (), 'feat_left': (128, 184, 320)}
DONE: D:\Users\dust\Documents\학교\2026년도1학기\컴퓨터비전\실습\FoundationStereo\experiments\ds_v1_seed0/computer_room_v36\fs
features.npz 저장: {'pre_conf': (184, 320), 'pre_entropy': (184, 320), 'pre_argdisp': (184, 320), 'post_conf': (184, 320), 'post_entropy': (184, 320), 'post_argdisp': (184, 320), 'scale_to_full': (), 'feat_left': (128, 184, 320)}
DONE: D:\Users\dust\Documents\학교\2026년도1학기\컴퓨터비전\실습\FoundationStereo\experiments\ds_v1_seed0/green_house_v36\fs
features.npz 저장: {'pre_conf': (184, 320), 'pre_entropy': (184, 320), 'pre_argdisp': (184, 320), 'post_conf': (184, 320), 'post_entropy': (184, 320), 'post_argdisp': (184, 320), 'scale_to_full': (), 'feat_left': (128, 184, 320)}
DONE: D:\Users\dust\Documents\학교\2026년도1학기\컴퓨터비전\실습\FoundationStereo\experiments\ds_v1_seed0/gym_v36\fs
features.npz 저장: {'pre_conf': (184, 320), 'pre_entropy': (184, 320), 'pre_argdisp': (184, 320), 'post_conf': (184, 320), 'post_entropy': (184, 320), 'post_argdisp': (184, 320), 'scale_to_full': (), 'feat_left': (128, 184, 320)}
DONE: D:\Users\dust\Documents\학교\2026년도1학기\컴퓨터비전\실습\FoundationStereo\experiments\ds_v1_seed0/living_room_contemp_v36\fs
features.npz 저장: {'pre_conf': (184, 320), 'pre_entropy': (184, 320), 'pre_argdisp': (184, 320), 'post_conf': (184, 320), 'post_entropy': (184, 320), 'post_argdisp': (184, 320), 'scale_to_full': (), 'feat_left': (128, 184, 320)}
DONE: D:\Users\dust\Documents\학교\2026년도1학기\컴퓨터비전\실습\FoundationStereo\experiments\ds_v1_seed0/livingroom_v36\fs
features.npz 저장: {'pre_conf': (184, 320), 'pre_entropy': (184, 320), 'pre_argdisp': (184, 320), 'post_conf': (184, 320), 'post_entropy': (184, 320), 'post_argdisp': (184, 320), 'scale_to_full': (), 'feat_left': (128, 184, 320)}
DONE: D:\Users\dust\Documents\학교\2026년도1학기\컴퓨터비전\실습\FoundationStereo\experiments\ds_v1_seed0/minigym_v36\fs
features.npz 저장: {'pre_conf': (184, 320), 'pre_entropy': (184, 320), 'pre_argdisp': (184, 320), 'post_conf': (184, 320), 'post_entropy': (184, 320), 'post_argdisp': (184, 320), 'scale_to_full': (), 'feat_left': (128, 184, 320)}
DONE: D:\Users\dust\Documents\학교\2026년도1학기\컴퓨터비전\실습\FoundationStereo\experiments\ds_v1_seed0/minimal_interior_v36\fs
features.npz 저장: {'pre_conf': (184, 320), 'pre_entropy': (184, 320), 'pre_argdisp': (184, 320), 'post_conf': (184, 320), 'post_entropy': (184, 320), 'post_argdisp': (184, 320), 'scale_to_full': (), 'feat_left': (128, 184, 320)}
DONE: D:\Users\dust\Documents\학교\2026년도1학기\컴퓨터비전\실습\FoundationStereo\experiments\ds_v1_seed0/scandinavian_v36\fs
features.npz 저장: {'pre_conf': (184, 320), 'pre_entropy': (184, 320), 'pre_argdisp': (184, 320), 'post_conf': (184, 320), 'post_entropy': (184, 320), 'post_argdisp': (184, 320), 'scale_to_full': (), 'feat_left': (128, 184, 320)}
DONE: D:\Users\dust\Documents\학교\2026년도1학기\컴퓨터비전\실습\FoundationStereo\experiments\ds_v1_seed0/sunlight_v36\fs
features.npz 저장: {'pre_conf': (184, 320), 'pre_entropy': (184, 320), 'pre_argdisp': (184, 320), 'post_conf': (184, 320), 'post_entropy': (184, 320), 'post_argdisp': (184, 320), 'scale_to_full': (), 'feat_left': (128, 184, 320)}
DONE: D:\Users\dust\Documents\학교\2026년도1학기\컴퓨터비전\실습\FoundationStereo\experiments\ds_v1_seed0/terrazzo_v36\fs
features.npz 저장: {'pre_conf': (184, 320), 'pre_entropy': (184, 320), 'pre_argdisp': (184, 320), 'post_conf': (184, 320), 'post_entropy': (184, 320), 'post_argdisp': (184, 320), 'scale_to_full': (), 'feat_left': (128, 184, 320)}
DONE: D:\Users\dust\Documents\학교\2026년도1학기\컴퓨터비전\실습\FoundationStereo\experiments\ds_v2_seed1/bedroom_v36\fs
features.npz 저장: {'pre_conf': (184, 320), 'pre_entropy': (184, 320), 'pre_argdisp': (184, 320), 'post_conf': (184, 320), 'post_entropy': (184, 320), 'post_argdisp': (184, 320), 'scale_to_full': (), 'feat_left': (128, 184, 320)}
DONE: D:\Users\dust\Documents\학교\2026년도1학기\컴퓨터비전\실습\FoundationStereo\experiments\ds_v2_seed1/blue_bathroom_v36\fs
features.npz 저장: {'pre_conf': (184, 320), 'pre_entropy': (184, 320), 'pre_argdisp': (184, 320), 'post_conf': (184, 320), 'post_entropy': (184, 320), 'post_argdisp': (184, 320), 'scale_to_full': (), 'feat_left': (128, 184, 320)}
DONE: D:\Users\dust\Documents\학교\2026년도1학기\컴퓨터비전\실습\FoundationStereo\experiments\ds_v2_seed1/computer_room_v36\fs
features.npz 저장: {'pre_conf': (184, 320), 'pre_entropy': (184, 320), 'pre_argdisp': (184, 320), 'post_conf': (184, 320), 'post_entropy': (184, 320), 'post_argdisp': (184, 320), 'scale_to_full': (), 'feat_left': (128, 184, 320)}
DONE: D:\Users\dust\Documents\학교\2026년도1학기\컴퓨터비전\실습\FoundationStereo\experiments\ds_v2_seed1/green_house_v36\fs
[fs_server] 880/1537 (done 880, skip 0, fail 0) 2.7s/view, ETA 30m
features.npz 저장: {'pre_conf': (184, 320), 'pre_entropy': (184, 320), 'pre_argdisp': (184, 320), 'post_conf': (184, 320), 'post_entropy': (184, 320), 'post_argdisp': (184, 320), 'scale_to_full': (), 'feat_left': (128, 184, 320)}
DONE: D:\Users\dust\Documents\학교\2026년도1학기\컴퓨터비전\실습\FoundationStereo\experiments\ds_v2_seed1/gym_v36\fs
features.npz 저장: {'pre_conf': (184, 320), 'pre_entropy': (184, 320), 'pre_argdisp': (184, 320), 'post_conf': (184, 320), 'post_entropy': (184, 320), 'post_argdisp': (184, 320), 'scale_to_full': (), 'feat_left': (128, 184, 320)}
DONE: D:\Users\dust\Documents\학교\2026년도1학기\컴퓨터비전\실습\FoundationStereo\experiments\ds_v2_seed1/living_room_contemp_v36\fs
features.npz 저장: {'pre_conf': (184, 320), 'pre_entropy': (184, 320), 'pre_argdisp': (184, 320), 'post_conf': (184, 320), 'post_entropy': (184, 320), 'post_argdisp': (184, 320), 'scale_to_full': (), 'feat_left': (128, 184, 320)}
DONE: D:\Users\dust\Documents\학교\2026년도1학기\컴퓨터비전\실습\FoundationStereo\experiments\ds_v2_seed1/livingroom_v36\fs
features.npz 저장: {'pre_conf': (184, 320), 'pre_entropy': (184, 320), 'pre_argdisp': (184, 320), 'post_conf': (184, 320), 'post_entropy': (184, 320), 'post_argdisp': (184, 320), 'scale_to_full': (), 'feat_left': (128, 184, 320)}
DONE: D:\Users\dust\Documents\학교\2026년도1학기\컴퓨터비전\실습\FoundationStereo\experiments\ds_v2_seed1/minigym_v36\fs
features.npz 저장: {'pre_conf': (184, 320), 'pre_entropy': (184, 320), 'pre_argdisp': (184, 320), 'post_conf': (184, 320), 'post_entropy': (184, 320), 'post_argdisp': (184, 320), 'scale_to_full': (), 'feat_left': (128, 184, 320)}
DONE: D:\Users\dust\Documents\학교\2026년도1학기\컴퓨터비전\실습\FoundationStereo\experiments\ds_v2_seed1/minimal_interior_v36\fs
features.npz 저장: {'pre_conf': (184, 320), 'pre_entropy': (184, 320), 'pre_argdisp': (184, 320), 'post_conf': (184, 320), 'post_entropy': (184, 320), 'post_argdisp': (184, 320), 'scale_to_full': (), 'feat_left': (128, 184, 320)}
DONE: D:\Users\dust\Documents\학교\2026년도1학기\컴퓨터비전\실습\FoundationStereo\experiments\ds_v2_seed1/scandinavian_v36\fs
features.npz 저장: {'pre_conf': (184, 320), 'pre_entropy': (184, 320), 'pre_argdisp': (184, 320), 'post_conf': (184, 320), 'post_entropy': (184, 320), 'post_argdisp': (184, 320), 'scale_to_full': (), 'feat_left': (128, 184, 320)}
DONE: D:\Users\dust\Documents\학교\2026년도1학기\컴퓨터비전\실습\FoundationStereo\experiments\ds_v2_seed1/sunlight_v36\fs
features.npz 저장: {'pre_conf': (184, 320), 'pre_entropy': (184, 320), 'pre_argdisp': (184, 320), 'post_conf': (184, 320), 'post_entropy': (184, 320), 'post_argdisp': (184, 320), 'scale_to_full': (), 'feat_left': (128, 184, 320)}
DONE: D:\Users\dust\Documents\학교\2026년도1학기\컴퓨터비전\실습\FoundationStereo\experiments\ds_v2_seed1/terrazzo_v36\fs
features.npz 저장: {'pre_conf': (184, 320), 'pre_entropy': (184, 320), 'pre_argdisp': (184, 320), 'post_conf': (184, 320), 'post_entropy': (184, 320), 'post_argdisp': (184, 320), 'scale_to_full': (), 'feat_left': (128, 184, 320)}
DONE: D:\Users\dust\Documents\학교\2026년도1학기\컴퓨터비전\실습\FoundationStereo\experiments\ds_v1_seed0/bedroom_v37\fs
features.npz 저장: {'pre_conf': (184, 320), 'pre_entropy': (184, 320), 'pre_argdisp': (184, 320), 'post_conf': (184, 320), 'post_entropy': (184, 320), 'post_argdisp': (184, 320), 'scale_to_full': (), 'feat_left': (128, 184, 320)}
DONE: D:\Users\dust\Documents\학교\2026년도1학기\컴퓨터비전\실습\FoundationStereo\experiments\ds_v1_seed0/blue_bathroom_v37\fs
features.npz 저장: {'pre_conf': (184, 320), 'pre_entropy': (184, 320), 'pre_argdisp': (184, 320), 'post_conf': (184, 320), 'post_entropy': (184, 320), 'post_argdisp': (184, 320), 'scale_to_full': (), 'feat_left': (128, 184, 320)}
DONE: D:\Users\dust\Documents\학교\2026년도1학기\컴퓨터비전\실습\FoundationStereo\experiments\ds_v1_seed0/computer_room_v37\fs
features.npz 저장: {'pre_conf': (184, 320), 'pre_entropy': (184, 320), 'pre_argdisp': (184, 320), 'post_conf': (184, 320), 'post_entropy': (184, 320), 'post_argdisp': (184, 320), 'scale_to_full': (), 'feat_left': (128, 184, 320)}
DONE: D:\Users\dust\Documents\학교\2026년도1학기\컴퓨터비전\실습\FoundationStereo\experiments\ds_v1_seed0/green_house_v37\fs
features.npz 저장: {'pre_conf': (184, 320), 'pre_entropy': (184, 320), 'pre_argdisp': (184, 320), 'post_conf': (184, 320), 'post_entropy': (184, 320), 'post_argdisp': (184, 320), 'scale_to_full': (), 'feat_left': (128, 184, 320)}
DONE: D:\Users\dust\Documents\학교\2026년도1학기\컴퓨터비전\실습\FoundationStereo\experiments\ds_v1_seed0/gym_v37\fs
features.npz 저장: {'pre_conf': (184, 320), 'pre_entropy': (184, 320), 'pre_argdisp': (184, 320), 'post_conf': (184, 320), 'post_entropy': (184, 320), 'post_argdisp': (184, 320), 'scale_to_full': (), 'feat_left': (128, 184, 320)}
DONE: D:\Users\dust\Documents\학교\2026년도1학기\컴퓨터비전\실습\FoundationStereo\experiments\ds_v1_seed0/living_room_contemp_v37\fs
features.npz 저장: {'pre_conf': (184, 320), 'pre_entropy': (184, 320), 'pre_argdisp': (184, 320), 'post_conf': (184, 320), 'post_entropy': (184, 320), 'post_argdisp': (184, 320), 'scale_to_full': (), 'feat_left': (128, 184, 320)}
DONE: D:\Users\dust\Documents\학교\2026년도1학기\컴퓨터비전\실습\FoundationStereo\experiments\ds_v1_seed0/livingroom_v37\fs
features.npz 저장: {'pre_conf': (184, 320), 'pre_entropy': (184, 320), 'pre_argdisp': (184, 320), 'post_conf': (184, 320), 'post_entropy': (184, 320), 'post_argdisp': (184, 320), 'scale_to_full': (), 'feat_left': (128, 184, 320)}
DONE: D:\Users\dust\Documents\학교\2026년도1학기\컴퓨터비전\실습\FoundationStereo\experiments\ds_v1_seed0/minigym_v37\fs
features.npz 저장: {'pre_conf': (184, 320), 'pre_entropy': (184, 320), 'pre_argdisp': (184, 320), 'post_conf': (184, 320), 'post_entropy': (184, 320), 'post_argdisp': (184, 320), 'scale_to_full': (), 'feat_left': (128, 184, 320)}
DONE: D:\Users\dust\Documents\학교\2026년도1학기\컴퓨터비전\실습\FoundationStereo\experiments\ds_v1_seed0/minimal_interior_v37\fs
features.npz 저장: {'pre_conf': (184, 320), 'pre_entropy': (184, 320), 'pre_argdisp': (184, 320), 'post_conf': (184, 320), 'post_entropy': (184, 320), 'post_argdisp': (184, 320), 'scale_to_full': (), 'feat_left': (128, 184, 320)}
DONE: D:\Users\dust\Documents\학교\2026년도1학기\컴퓨터비전\실습\FoundationStereo\experiments\ds_v1_seed0/scandinavian_v37\fs
features.npz 저장: {'pre_conf': (184, 320), 'pre_entropy': (184, 320), 'pre_argdisp': (184, 320), 'post_conf': (184, 320), 'post_entropy': (184, 320), 'post_argdisp': (184, 320), 'scale_to_full': (), 'feat_left': (128, 184, 320)}
DONE: D:\Users\dust\Documents\학교\2026년도1학기\컴퓨터비전\실습\FoundationStereo\experiments\ds_v1_seed0/sunlight_v37\fs
features.npz 저장: {'pre_conf': (184, 320), 'pre_entropy': (184, 320), 'pre_argdisp': (184, 320), 'post_conf': (184, 320), 'post_entropy': (184, 320), 'post_argdisp': (184, 320), 'scale_to_full': (), 'feat_left': (128, 184, 320)}
DONE: D:\Users\dust\Documents\학교\2026년도1학기\컴퓨터비전\실습\FoundationStereo\experiments\ds_v1_seed0/terrazzo_v37\fs
[fs_server] 900/1537 (done 900, skip 0, fail 0) 2.7s/view, ETA 29m
features.npz 저장: {'pre_conf': (184, 320), 'pre_entropy': (184, 320), 'pre_argdisp': (184, 320), 'post_conf': (184, 320), 'post_entropy': (184, 320), 'post_argdisp': (184, 320), 'scale_to_full': (), 'feat_left': (128, 184, 320)}
DONE: D:\Users\dust\Documents\학교\2026년도1학기\컴퓨터비전\실습\FoundationStereo\experiments\ds_v2_seed1/bedroom_v37\fs
features.npz 저장: {'pre_conf': (184, 320), 'pre_entropy': (184, 320), 'pre_argdisp': (184, 320), 'post_conf': (184, 320), 'post_entropy': (184, 320), 'post_argdisp': (184, 320), 'scale_to_full': (), 'feat_left': (128, 184, 320)}
DONE: D:\Users\dust\Documents\학교\2026년도1학기\컴퓨터비전\실습\FoundationStereo\experiments\ds_v2_seed1/blue_bathroom_v37\fs
features.npz 저장: {'pre_conf': (184, 320), 'pre_entropy': (184, 320), 'pre_argdisp': (184, 320), 'post_conf': (184, 320), 'post_entropy': (184, 320), 'post_argdisp': (184, 320), 'scale_to_full': (), 'feat_left': (128, 184, 320)}
DONE: D:\Users\dust\Documents\학교\2026년도1학기\컴퓨터비전\실습\FoundationStereo\experiments\ds_v2_seed1/computer_room_v37\fs
features.npz 저장: {'pre_conf': (184, 320), 'pre_entropy': (184, 320), 'pre_argdisp': (184, 320), 'post_conf': (184, 320), 'post_entropy': (184, 320), 'post_argdisp': (184, 320), 'scale_to_full': (), 'feat_left': (128, 184, 320)}
DONE: D:\Users\dust\Documents\학교\2026년도1학기\컴퓨터비전\실습\FoundationStereo\experiments\ds_v2_seed1/green_house_v37\fs
features.npz 저장: {'pre_conf': (184, 320), 'pre_entropy': (184, 320), 'pre_argdisp': (184, 320), 'post_conf': (184, 320), 'post_entropy': (184, 320), 'post_argdisp': (184, 320), 'scale_to_full': (), 'feat_left': (128, 184, 320)}
DONE: D:\Users\dust\Documents\학교\2026년도1학기\컴퓨터비전\실습\FoundationStereo\experiments\ds_v2_seed1/gym_v37\fs
features.npz 저장: {'pre_conf': (184, 320), 'pre_entropy': (184, 320), 'pre_argdisp': (184, 320), 'post_conf': (184, 320), 'post_entropy': (184, 320), 'post_argdisp': (184, 320), 'scale_to_full': (), 'feat_left': (128, 184, 320)}
DONE: D:\Users\dust\Documents\학교\2026년도1학기\컴퓨터비전\실습\FoundationStereo\experiments\ds_v2_seed1/living_room_contemp_v37\fs
features.npz 저장: {'pre_conf': (184, 320), 'pre_entropy': (184, 320), 'pre_argdisp': (184, 320), 'post_conf': (184, 320), 'post_entropy': (184, 320), 'post_argdisp': (184, 320), 'scale_to_full': (), 'feat_left': (128, 184, 320)}
DONE: D:\Users\dust\Documents\학교\2026년도1학기\컴퓨터비전\실습\FoundationStereo\experiments\ds_v2_seed1/livingroom_v37\fs
features.npz 저장: {'pre_conf': (184, 320), 'pre_entropy': (184, 320), 'pre_argdisp': (184, 320), 'post_conf': (184, 320), 'post_entropy': (184, 320), 'post_argdisp': (184, 320), 'scale_to_full': (), 'feat_left': (128, 184, 320)}
DONE: D:\Users\dust\Documents\학교\2026년도1학기\컴퓨터비전\실습\FoundationStereo\experiments\ds_v2_seed1/minigym_v37\fs
features.npz 저장: {'pre_conf': (184, 320), 'pre_entropy': (184, 320), 'pre_argdisp': (184, 320), 'post_conf': (184, 320), 'post_entropy': (184, 320), 'post_argdisp': (184, 320), 'scale_to_full': (), 'feat_left': (128, 184, 320)}
DONE: D:\Users\dust\Documents\학교\2026년도1학기\컴퓨터비전\실습\FoundationStereo\experiments\ds_v2_seed1/minimal_interior_v37\fs
features.npz 저장: {'pre_conf': (184, 320), 'pre_entropy': (184, 320), 'pre_argdisp': (184, 320), 'post_conf': (184, 320), 'post_entropy': (184, 320), 'post_argdisp': (184, 320), 'scale_to_full': (), 'feat_left': (128, 184, 320)}
DONE: D:\Users\dust\Documents\학교\2026년도1학기\컴퓨터비전\실습\FoundationStereo\experiments\ds_v2_seed1/scandinavian_v37\fs
features.npz 저장: {'pre_conf': (184, 320), 'pre_entropy': (184, 320), 'pre_argdisp': (184, 320), 'post_conf': (184, 320), 'post_entropy': (184, 320), 'post_argdisp': (184, 320), 'scale_to_full': (), 'feat_left': (128, 184, 320)}
DONE: D:\Users\dust\Documents\학교\2026년도1학기\컴퓨터비전\실습\FoundationStereo\experiments\ds_v2_seed1/sunlight_v37\fs
features.npz 저장: {'pre_conf': (184, 320), 'pre_entropy': (184, 320), 'pre_argdisp': (184, 320), 'post_conf': (184, 320), 'post_entropy': (184, 320), 'post_argdisp': (184, 320), 'scale_to_full': (), 'feat_left': (128, 184, 320)}
DONE: D:\Users\dust\Documents\학교\2026년도1학기\컴퓨터비전\실습\FoundationStereo\experiments\ds_v2_seed1/terrazzo_v37\fs
features.npz 저장: {'pre_conf': (184, 320), 'pre_entropy': (184, 320), 'pre_argdisp': (184, 320), 'post_conf': (184, 320), 'post_entropy': (184, 320), 'post_argdisp': (184, 320), 'scale_to_full': (), 'feat_left': (128, 184, 320)}
DONE: D:\Users\dust\Documents\학교\2026년도1학기\컴퓨터비전\실습\FoundationStereo\experiments\ds_v1_seed0/bedroom_v38\fs
features.npz 저장: {'pre_conf': (184, 320), 'pre_entropy': (184, 320), 'pre_argdisp': (184, 320), 'post_conf': (184, 320), 'post_entropy': (184, 320), 'post_argdisp': (184, 320), 'scale_to_full': (), 'feat_left': (128, 184, 320)}
DONE: D:\Users\dust\Documents\학교\2026년도1학기\컴퓨터비전\실습\FoundationStereo\experiments\ds_v1_seed0/blue_bathroom_v38\fs
features.npz 저장: {'pre_conf': (184, 320), 'pre_entropy': (184, 320), 'pre_argdisp': (184, 320), 'post_conf': (184, 320), 'post_entropy': (184, 320), 'post_argdisp': (184, 320), 'scale_to_full': (), 'feat_left': (128, 184, 320)}
DONE: D:\Users\dust\Documents\학교\2026년도1학기\컴퓨터비전\실습\FoundationStereo\experiments\ds_v1_seed0/computer_room_v38\fs
features.npz 저장: {'pre_conf': (184, 320), 'pre_entropy': (184, 320), 'pre_argdisp': (184, 320), 'post_conf': (184, 320), 'post_entropy': (184, 320), 'post_argdisp': (184, 320), 'scale_to_full': (), 'feat_left': (128, 184, 320)}
DONE: D:\Users\dust\Documents\학교\2026년도1학기\컴퓨터비전\실습\FoundationStereo\experiments\ds_v1_seed0/green_house_v38\fs
features.npz 저장: {'pre_conf': (184, 320), 'pre_entropy': (184, 320), 'pre_argdisp': (184, 320), 'post_conf': (184, 320), 'post_entropy': (184, 320), 'post_argdisp': (184, 320), 'scale_to_full': (), 'feat_left': (128, 184, 320)}
DONE: D:\Users\dust\Documents\학교\2026년도1학기\컴퓨터비전\실습\FoundationStereo\experiments\ds_v1_seed0/gym_v38\fs
features.npz 저장: {'pre_conf': (184, 320), 'pre_entropy': (184, 320), 'pre_argdisp': (184, 320), 'post_conf': (184, 320), 'post_entropy': (184, 320), 'post_argdisp': (184, 320), 'scale_to_full': (), 'feat_left': (128, 184, 320)}
DONE: D:\Users\dust\Documents\학교\2026년도1학기\컴퓨터비전\실습\FoundationStereo\experiments\ds_v1_seed0/living_room_contemp_v38\fs
features.npz 저장: {'pre_conf': (184, 320), 'pre_entropy': (184, 320), 'pre_argdisp': (184, 320), 'post_conf': (184, 320), 'post_entropy': (184, 320), 'post_argdisp': (184, 320), 'scale_to_full': (), 'feat_left': (128, 184, 320)}
DONE: D:\Users\dust\Documents\학교\2026년도1학기\컴퓨터비전\실습\FoundationStereo\experiments\ds_v1_seed0/livingroom_v38\fs
features.npz 저장: {'pre_conf': (184, 320), 'pre_entropy': (184, 320), 'pre_argdisp': (184, 320), 'post_conf': (184, 320), 'post_entropy': (184, 320), 'post_argdisp': (184, 320), 'scale_to_full': (), 'feat_left': (128, 184, 320)}
DONE: D:\Users\dust\Documents\학교\2026년도1학기\컴퓨터비전\실습\FoundationStereo\experiments\ds_v1_seed0/minigym_v38\fs
[fs_server] 920/1537 (done 920, skip 0, fail 0) 2.7s/view, ETA 28m
features.npz 저장: {'pre_conf': (184, 320), 'pre_entropy': (184, 320), 'pre_argdisp': (184, 320), 'post_conf': (184, 320), 'post_entropy': (184, 320), 'post_argdisp': (184, 320), 'scale_to_full': (), 'feat_left': (128, 184, 320)}
DONE: D:\Users\dust\Documents\학교\2026년도1학기\컴퓨터비전\실습\FoundationStereo\experiments\ds_v1_seed0/minimal_interior_v38\fs
features.npz 저장: {'pre_conf': (184, 320), 'pre_entropy': (184, 320), 'pre_argdisp': (184, 320), 'post_conf': (184, 320), 'post_entropy': (184, 320), 'post_argdisp': (184, 320), 'scale_to_full': (), 'feat_left': (128, 184, 320)}
DONE: D:\Users\dust\Documents\학교\2026년도1학기\컴퓨터비전\실습\FoundationStereo\experiments\ds_v1_seed0/scandinavian_v38\fs
features.npz 저장: {'pre_conf': (184, 320), 'pre_entropy': (184, 320), 'pre_argdisp': (184, 320), 'post_conf': (184, 320), 'post_entropy': (184, 320), 'post_argdisp': (184, 320), 'scale_to_full': (), 'feat_left': (128, 184, 320)}
DONE: D:\Users\dust\Documents\학교\2026년도1학기\컴퓨터비전\실습\FoundationStereo\experiments\ds_v1_seed0/sunlight_v38\fs
features.npz 저장: {'pre_conf': (184, 320), 'pre_entropy': (184, 320), 'pre_argdisp': (184, 320), 'post_conf': (184, 320), 'post_entropy': (184, 320), 'post_argdisp': (184, 320), 'scale_to_full': (), 'feat_left': (128, 184, 320)}
DONE: D:\Users\dust\Documents\학교\2026년도1학기\컴퓨터비전\실습\FoundationStereo\experiments\ds_v1_seed0/terrazzo_v38\fs
features.npz 저장: {'pre_conf': (184, 320), 'pre_entropy': (184, 320), 'pre_argdisp': (184, 320), 'post_conf': (184, 320), 'post_entropy': (184, 320), 'post_argdisp': (184, 320), 'scale_to_full': (), 'feat_left': (128, 184, 320)}
DONE: D:\Users\dust\Documents\학교\2026년도1학기\컴퓨터비전\실습\FoundationStereo\experiments\ds_v2_seed1/bedroom_v38\fs
features.npz 저장: {'pre_conf': (184, 320), 'pre_entropy': (184, 320), 'pre_argdisp': (184, 320), 'post_conf': (184, 320), 'post_entropy': (184, 320), 'post_argdisp': (184, 320), 'scale_to_full': (), 'feat_left': (128, 184, 320)}
DONE: D:\Users\dust\Documents\학교\2026년도1학기\컴퓨터비전\실습\FoundationStereo\experiments\ds_v2_seed1/blue_bathroom_v38\fs
features.npz 저장: {'pre_conf': (184, 320), 'pre_entropy': (184, 320), 'pre_argdisp': (184, 320), 'post_conf': (184, 320), 'post_entropy': (184, 320), 'post_argdisp': (184, 320), 'scale_to_full': (), 'feat_left': (128, 184, 320)}
DONE: D:\Users\dust\Documents\학교\2026년도1학기\컴퓨터비전\실습\FoundationStereo\experiments\ds_v2_seed1/computer_room_v38\fs
features.npz 저장: {'pre_conf': (184, 320), 'pre_entropy': (184, 320), 'pre_argdisp': (184, 320), 'post_conf': (184, 320), 'post_entropy': (184, 320), 'post_argdisp': (184, 320), 'scale_to_full': (), 'feat_left': (128, 184, 320)}
DONE: D:\Users\dust\Documents\학교\2026년도1학기\컴퓨터비전\실습\FoundationStereo\experiments\ds_v2_seed1/green_house_v38\fs
features.npz 저장: {'pre_conf': (184, 320), 'pre_entropy': (184, 320), 'pre_argdisp': (184, 320), 'post_conf': (184, 320), 'post_entropy': (184, 320), 'post_argdisp': (184, 320), 'scale_to_full': (), 'feat_left': (128, 184, 320)}
DONE: D:\Users\dust\Documents\학교\2026년도1학기\컴퓨터비전\실습\FoundationStereo\experiments\ds_v2_seed1/gym_v38\fs
features.npz 저장: {'pre_conf': (184, 320), 'pre_entropy': (184, 320), 'pre_argdisp': (184, 320), 'post_conf': (184, 320), 'post_entropy': (184, 320), 'post_argdisp': (184, 320), 'scale_to_full': (), 'feat_left': (128, 184, 320)}
DONE: D:\Users\dust\Documents\학교\2026년도1학기\컴퓨터비전\실습\FoundationStereo\experiments\ds_v2_seed1/living_room_contemp_v38\fs
features.npz 저장: {'pre_conf': (184, 320), 'pre_entropy': (184, 320), 'pre_argdisp': (184, 320), 'post_conf': (184, 320), 'post_entropy': (184, 320), 'post_argdisp': (184, 320), 'scale_to_full': (), 'feat_left': (128, 184, 320)}
DONE: D:\Users\dust\Documents\학교\2026년도1학기\컴퓨터비전\실습\FoundationStereo\experiments\ds_v2_seed1/livingroom_v38\fs
features.npz 저장: {'pre_conf': (184, 320), 'pre_entropy': (184, 320), 'pre_argdisp': (184, 320), 'post_conf': (184, 320), 'post_entropy': (184, 320), 'post_argdisp': (184, 320), 'scale_to_full': (), 'feat_left': (128, 184, 320)}
DONE: D:\Users\dust\Documents\학교\2026년도1학기\컴퓨터비전\실습\FoundationStereo\experiments\ds_v2_seed1/minigym_v38\fs
features.npz 저장: {'pre_conf': (184, 320), 'pre_entropy': (184, 320), 'pre_argdisp': (184, 320), 'post_conf': (184, 320), 'post_entropy': (184, 320), 'post_argdisp': (184, 320), 'scale_to_full': (), 'feat_left': (128, 184, 320)}
DONE: D:\Users\dust\Documents\학교\2026년도1학기\컴퓨터비전\실습\FoundationStereo\experiments\ds_v2_seed1/minimal_interior_v38\fs
features.npz 저장: {'pre_conf': (184, 320), 'pre_entropy': (184, 320), 'pre_argdisp': (184, 320), 'post_conf': (184, 320), 'post_entropy': (184, 320), 'post_argdisp': (184, 320), 'scale_to_full': (), 'feat_left': (128, 184, 320)}
DONE: D:\Users\dust\Documents\학교\2026년도1학기\컴퓨터비전\실습\FoundationStereo\experiments\ds_v2_seed1/scandinavian_v38\fs
features.npz 저장: {'pre_conf': (184, 320), 'pre_entropy': (184, 320), 'pre_argdisp': (184, 320), 'post_conf': (184, 320), 'post_entropy': (184, 320), 'post_argdisp': (184, 320), 'scale_to_full': (), 'feat_left': (128, 184, 320)}
DONE: D:\Users\dust\Documents\학교\2026년도1학기\컴퓨터비전\실습\FoundationStereo\experiments\ds_v2_seed1/sunlight_v38\fs
features.npz 저장: {'pre_conf': (184, 320), 'pre_entropy': (184, 320), 'pre_argdisp': (184, 320), 'post_conf': (184, 320), 'post_entropy': (184, 320), 'post_argdisp': (184, 320), 'scale_to_full': (), 'feat_left': (128, 184, 320)}
DONE: D:\Users\dust\Documents\학교\2026년도1학기\컴퓨터비전\실습\FoundationStereo\experiments\ds_v2_seed1/terrazzo_v38\fs
features.npz 저장: {'pre_conf': (184, 320), 'pre_entropy': (184, 320), 'pre_argdisp': (184, 320), 'post_conf': (184, 320), 'post_entropy': (184, 320), 'post_argdisp': (184, 320), 'scale_to_full': (), 'feat_left': (128, 184, 320)}
DONE: D:\Users\dust\Documents\학교\2026년도1학기\컴퓨터비전\실습\FoundationStereo\experiments\ds_v1_seed0/bedroom_v39\fs
features.npz 저장: {'pre_conf': (184, 320), 'pre_entropy': (184, 320), 'pre_argdisp': (184, 320), 'post_conf': (184, 320), 'post_entropy': (184, 320), 'post_argdisp': (184, 320), 'scale_to_full': (), 'feat_left': (128, 184, 320)}
DONE: D:\Users\dust\Documents\학교\2026년도1학기\컴퓨터비전\실습\FoundationStereo\experiments\ds_v1_seed0/blue_bathroom_v39\fs
features.npz 저장: {'pre_conf': (184, 320), 'pre_entropy': (184, 320), 'pre_argdisp': (184, 320), 'post_conf': (184, 320), 'post_entropy': (184, 320), 'post_argdisp': (184, 320), 'scale_to_full': (), 'feat_left': (128, 184, 320)}
DONE: D:\Users\dust\Documents\학교\2026년도1학기\컴퓨터비전\실습\FoundationStereo\experiments\ds_v1_seed0/computer_room_v39\fs
features.npz 저장: {'pre_conf': (184, 320), 'pre_entropy': (184, 320), 'pre_argdisp': (184, 320), 'post_conf': (184, 320), 'post_entropy': (184, 320), 'post_argdisp': (184, 320), 'scale_to_full': (), 'feat_left': (128, 184, 320)}
DONE: D:\Users\dust\Documents\학교\2026년도1학기\컴퓨터비전\실습\FoundationStereo\experiments\ds_v1_seed0/green_house_v39\fs
[fs_server] 940/1537 (done 940, skip 0, fail 0) 2.7s/view, ETA 27m
features.npz 저장: {'pre_conf': (184, 320), 'pre_entropy': (184, 320), 'pre_argdisp': (184, 320), 'post_conf': (184, 320), 'post_entropy': (184, 320), 'post_argdisp': (184, 320), 'scale_to_full': (), 'feat_left': (128, 184, 320)}
DONE: D:\Users\dust\Documents\학교\2026년도1학기\컴퓨터비전\실습\FoundationStereo\experiments\ds_v1_seed0/gym_v39\fs
features.npz 저장: {'pre_conf': (184, 320), 'pre_entropy': (184, 320), 'pre_argdisp': (184, 320), 'post_conf': (184, 320), 'post_entropy': (184, 320), 'post_argdisp': (184, 320), 'scale_to_full': (), 'feat_left': (128, 184, 320)}
DONE: D:\Users\dust\Documents\학교\2026년도1학기\컴퓨터비전\실습\FoundationStereo\experiments\ds_v1_seed0/living_room_contemp_v39\fs
features.npz 저장: {'pre_conf': (184, 320), 'pre_entropy': (184, 320), 'pre_argdisp': (184, 320), 'post_conf': (184, 320), 'post_entropy': (184, 320), 'post_argdisp': (184, 320), 'scale_to_full': (), 'feat_left': (128, 184, 320)}
DONE: D:\Users\dust\Documents\학교\2026년도1학기\컴퓨터비전\실습\FoundationStereo\experiments\ds_v1_seed0/livingroom_v39\fs
features.npz 저장: {'pre_conf': (184, 320), 'pre_entropy': (184, 320), 'pre_argdisp': (184, 320), 'post_conf': (184, 320), 'post_entropy': (184, 320), 'post_argdisp': (184, 320), 'scale_to_full': (), 'feat_left': (128, 184, 320)}
DONE: D:\Users\dust\Documents\학교\2026년도1학기\컴퓨터비전\실습\FoundationStereo\experiments\ds_v1_seed0/minigym_v39\fs
features.npz 저장: {'pre_conf': (184, 320), 'pre_entropy': (184, 320), 'pre_argdisp': (184, 320), 'post_conf': (184, 320), 'post_entropy': (184, 320), 'post_argdisp': (184, 320), 'scale_to_full': (), 'feat_left': (128, 184, 320)}
DONE: D:\Users\dust\Documents\학교\2026년도1학기\컴퓨터비전\실습\FoundationStereo\experiments\ds_v1_seed0/minimal_interior_v39\fs
features.npz 저장: {'pre_conf': (184, 320), 'pre_entropy': (184, 320), 'pre_argdisp': (184, 320), 'post_conf': (184, 320), 'post_entropy': (184, 320), 'post_argdisp': (184, 320), 'scale_to_full': (), 'feat_left': (128, 184, 320)}
DONE: D:\Users\dust\Documents\학교\2026년도1학기\컴퓨터비전\실습\FoundationStereo\experiments\ds_v1_seed0/scandinavian_v39\fs
features.npz 저장: {'pre_conf': (184, 320), 'pre_entropy': (184, 320), 'pre_argdisp': (184, 320), 'post_conf': (184, 320), 'post_entropy': (184, 320), 'post_argdisp': (184, 320), 'scale_to_full': (), 'feat_left': (128, 184, 320)}
DONE: D:\Users\dust\Documents\학교\2026년도1학기\컴퓨터비전\실습\FoundationStereo\experiments\ds_v1_seed0/sunlight_v39\fs
features.npz 저장: {'pre_conf': (184, 320), 'pre_entropy': (184, 320), 'pre_argdisp': (184, 320), 'post_conf': (184, 320), 'post_entropy': (184, 320), 'post_argdisp': (184, 320), 'scale_to_full': (), 'feat_left': (128, 184, 320)}
DONE: D:\Users\dust\Documents\학교\2026년도1학기\컴퓨터비전\실습\FoundationStereo\experiments\ds_v1_seed0/terrazzo_v39\fs
features.npz 저장: {'pre_conf': (184, 320), 'pre_entropy': (184, 320), 'pre_argdisp': (184, 320), 'post_conf': (184, 320), 'post_entropy': (184, 320), 'post_argdisp': (184, 320), 'scale_to_full': (), 'feat_left': (128, 184, 320)}
DONE: D:\Users\dust\Documents\학교\2026년도1학기\컴퓨터비전\실습\FoundationStereo\experiments\ds_v2_seed1/bedroom_v39\fs
features.npz 저장: {'pre_conf': (184, 320), 'pre_entropy': (184, 320), 'pre_argdisp': (184, 320), 'post_conf': (184, 320), 'post_entropy': (184, 320), 'post_argdisp': (184, 320), 'scale_to_full': (), 'feat_left': (128, 184, 320)}
DONE: D:\Users\dust\Documents\학교\2026년도1학기\컴퓨터비전\실습\FoundationStereo\experiments\ds_v2_seed1/blue_bathroom_v39\fs
features.npz 저장: {'pre_conf': (184, 320), 'pre_entropy': (184, 320), 'pre_argdisp': (184, 320), 'post_conf': (184, 320), 'post_entropy': (184, 320), 'post_argdisp': (184, 320), 'scale_to_full': (), 'feat_left': (128, 184, 320)}
DONE: D:\Users\dust\Documents\학교\2026년도1학기\컴퓨터비전\실습\FoundationStereo\experiments\ds_v2_seed1/computer_room_v39\fs
features.npz 저장: {'pre_conf': (184, 320), 'pre_entropy': (184, 320), 'pre_argdisp': (184, 320), 'post_conf': (184, 320), 'post_entropy': (184, 320), 'post_argdisp': (184, 320), 'scale_to_full': (), 'feat_left': (128, 184, 320)}
DONE: D:\Users\dust\Documents\학교\2026년도1학기\컴퓨터비전\실습\FoundationStereo\experiments\ds_v2_seed1/green_house_v39\fs
features.npz 저장: {'pre_conf': (184, 320), 'pre_entropy': (184, 320), 'pre_argdisp': (184, 320), 'post_conf': (184, 320), 'post_entropy': (184, 320), 'post_argdisp': (184, 320), 'scale_to_full': (), 'feat_left': (128, 184, 320)}
DONE: D:\Users\dust\Documents\학교\2026년도1학기\컴퓨터비전\실습\FoundationStereo\experiments\ds_v2_seed1/gym_v39\fs
features.npz 저장: {'pre_conf': (184, 320), 'pre_entropy': (184, 320), 'pre_argdisp': (184, 320), 'post_conf': (184, 320), 'post_entropy': (184, 320), 'post_argdisp': (184, 320), 'scale_to_full': (), 'feat_left': (128, 184, 320)}
DONE: D:\Users\dust\Documents\학교\2026년도1학기\컴퓨터비전\실습\FoundationStereo\experiments\ds_v2_seed1/living_room_contemp_v39\fs
features.npz 저장: {'pre_conf': (184, 320), 'pre_entropy': (184, 320), 'pre_argdisp': (184, 320), 'post_conf': (184, 320), 'post_entropy': (184, 320), 'post_argdisp': (184, 320), 'scale_to_full': (), 'feat_left': (128, 184, 320)}
DONE: D:\Users\dust\Documents\학교\2026년도1학기\컴퓨터비전\실습\FoundationStereo\experiments\ds_v2_seed1/livingroom_v39\fs
features.npz 저장: {'pre_conf': (184, 320), 'pre_entropy': (184, 320), 'pre_argdisp': (184, 320), 'post_conf': (184, 320), 'post_entropy': (184, 320), 'post_argdisp': (184, 320), 'scale_to_full': (), 'feat_left': (128, 184, 320)}
DONE: D:\Users\dust\Documents\학교\2026년도1학기\컴퓨터비전\실습\FoundationStereo\experiments\ds_v2_seed1/minigym_v39\fs
features.npz 저장: {'pre_conf': (184, 320), 'pre_entropy': (184, 320), 'pre_argdisp': (184, 320), 'post_conf': (184, 320), 'post_entropy': (184, 320), 'post_argdisp': (184, 320), 'scale_to_full': (), 'feat_left': (128, 184, 320)}
DONE: D:\Users\dust\Documents\학교\2026년도1학기\컴퓨터비전\실습\FoundationStereo\experiments\ds_v2_seed1/minimal_interior_v39\fs
features.npz 저장: {'pre_conf': (184, 320), 'pre_entropy': (184, 320), 'pre_argdisp': (184, 320), 'post_conf': (184, 320), 'post_entropy': (184, 320), 'post_argdisp': (184, 320), 'scale_to_full': (), 'feat_left': (128, 184, 320)}
DONE: D:\Users\dust\Documents\학교\2026년도1학기\컴퓨터비전\실습\FoundationStereo\experiments\ds_v2_seed1/scandinavian_v39\fs
features.npz 저장: {'pre_conf': (184, 320), 'pre_entropy': (184, 320), 'pre_argdisp': (184, 320), 'post_conf': (184, 320), 'post_entropy': (184, 320), 'post_argdisp': (184, 320), 'scale_to_full': (), 'feat_left': (128, 184, 320)}
DONE: D:\Users\dust\Documents\학교\2026년도1학기\컴퓨터비전\실습\FoundationStereo\experiments\ds_v2_seed1/sunlight_v39\fs
features.npz 저장: {'pre_conf': (184, 320), 'pre_entropy': (184, 320), 'pre_argdisp': (184, 320), 'post_conf': (184, 320), 'post_entropy': (184, 320), 'post_argdisp': (184, 320), 'scale_to_full': (), 'feat_left': (128, 184, 320)}
DONE: D:\Users\dust\Documents\학교\2026년도1학기\컴퓨터비전\실습\FoundationStereo\experiments\ds_v2_seed1/terrazzo_v39\fs
[fs_server] 960/1537 (done 960, skip 0, fail 0) 2.7s/view, ETA 26m
features.npz 저장: {'pre_conf': (184, 320), 'pre_entropy': (184, 320), 'pre_argdisp': (184, 320), 'post_conf': (184, 320), 'post_entropy': (184, 320), 'post_argdisp': (184, 320), 'scale_to_full': (), 'feat_left': (128, 184, 320)}
DONE: D:\Users\dust\Documents\학교\2026년도1학기\컴퓨터비전\실습\FoundationStereo\experiments\ds_v1_seed0/bedroom_v40\fs
features.npz 저장: {'pre_conf': (184, 320), 'pre_entropy': (184, 320), 'pre_argdisp': (184, 320), 'post_conf': (184, 320), 'post_entropy': (184, 320), 'post_argdisp': (184, 320), 'scale_to_full': (), 'feat_left': (128, 184, 320)}
DONE: D:\Users\dust\Documents\학교\2026년도1학기\컴퓨터비전\실습\FoundationStereo\experiments\ds_v1_seed0/blue_bathroom_v40\fs
features.npz 저장: {'pre_conf': (184, 320), 'pre_entropy': (184, 320), 'pre_argdisp': (184, 320), 'post_conf': (184, 320), 'post_entropy': (184, 320), 'post_argdisp': (184, 320), 'scale_to_full': (), 'feat_left': (128, 184, 320)}
DONE: D:\Users\dust\Documents\학교\2026년도1학기\컴퓨터비전\실습\FoundationStereo\experiments\ds_v1_seed0/computer_room_v40\fs
features.npz 저장: {'pre_conf': (184, 320), 'pre_entropy': (184, 320), 'pre_argdisp': (184, 320), 'post_conf': (184, 320), 'post_entropy': (184, 320), 'post_argdisp': (184, 320), 'scale_to_full': (), 'feat_left': (128, 184, 320)}
DONE: D:\Users\dust\Documents\학교\2026년도1학기\컴퓨터비전\실습\FoundationStereo\experiments\ds_v1_seed0/green_house_v40\fs
features.npz 저장: {'pre_conf': (184, 320), 'pre_entropy': (184, 320), 'pre_argdisp': (184, 320), 'post_conf': (184, 320), 'post_entropy': (184, 320), 'post_argdisp': (184, 320), 'scale_to_full': (), 'feat_left': (128, 184, 320)}
DONE: D:\Users\dust\Documents\학교\2026년도1학기\컴퓨터비전\실습\FoundationStereo\experiments\ds_v1_seed0/gym_v40\fs
features.npz 저장: {'pre_conf': (184, 320), 'pre_entropy': (184, 320), 'pre_argdisp': (184, 320), 'post_conf': (184, 320), 'post_entropy': (184, 320), 'post_argdisp': (184, 320), 'scale_to_full': (), 'feat_left': (128, 184, 320)}
DONE: D:\Users\dust\Documents\학교\2026년도1학기\컴퓨터비전\실습\FoundationStereo\experiments\ds_v1_seed0/living_room_contemp_v40\fs
features.npz 저장: {'pre_conf': (184, 320), 'pre_entropy': (184, 320), 'pre_argdisp': (184, 320), 'post_conf': (184, 320), 'post_entropy': (184, 320), 'post_argdisp': (184, 320), 'scale_to_full': (), 'feat_left': (128, 184, 320)}
DONE: D:\Users\dust\Documents\학교\2026년도1학기\컴퓨터비전\실습\FoundationStereo\experiments\ds_v1_seed0/livingroom_v40\fs
features.npz 저장: {'pre_conf': (184, 320), 'pre_entropy': (184, 320), 'pre_argdisp': (184, 320), 'post_conf': (184, 320), 'post_entropy': (184, 320), 'post_argdisp': (184, 320), 'scale_to_full': (), 'feat_left': (128, 184, 320)}
DONE: D:\Users\dust\Documents\학교\2026년도1학기\컴퓨터비전\실습\FoundationStereo\experiments\ds_v1_seed0/minigym_v40\fs
features.npz 저장: {'pre_conf': (184, 320), 'pre_entropy': (184, 320), 'pre_argdisp': (184, 320), 'post_conf': (184, 320), 'post_entropy': (184, 320), 'post_argdisp': (184, 320), 'scale_to_full': (), 'feat_left': (128, 184, 320)}
DONE: D:\Users\dust\Documents\학교\2026년도1학기\컴퓨터비전\실습\FoundationStereo\experiments\ds_v1_seed0/minimal_interior_v40\fs
features.npz 저장: {'pre_conf': (184, 320), 'pre_entropy': (184, 320), 'pre_argdisp': (184, 320), 'post_conf': (184, 320), 'post_entropy': (184, 320), 'post_argdisp': (184, 320), 'scale_to_full': (), 'feat_left': (128, 184, 320)}
DONE: D:\Users\dust\Documents\학교\2026년도1학기\컴퓨터비전\실습\FoundationStereo\experiments\ds_v1_seed0/scandinavian_v40\fs
features.npz 저장: {'pre_conf': (184, 320), 'pre_entropy': (184, 320), 'pre_argdisp': (184, 320), 'post_conf': (184, 320), 'post_entropy': (184, 320), 'post_argdisp': (184, 320), 'scale_to_full': (), 'feat_left': (128, 184, 320)}
DONE: D:\Users\dust\Documents\학교\2026년도1학기\컴퓨터비전\실습\FoundationStereo\experiments\ds_v1_seed0/sunlight_v40\fs
features.npz 저장: {'pre_conf': (184, 320), 'pre_entropy': (184, 320), 'pre_argdisp': (184, 320), 'post_conf': (184, 320), 'post_entropy': (184, 320), 'post_argdisp': (184, 320), 'scale_to_full': (), 'feat_left': (128, 184, 320)}
DONE: D:\Users\dust\Documents\학교\2026년도1학기\컴퓨터비전\실습\FoundationStereo\experiments\ds_v1_seed0/terrazzo_v40\fs
features.npz 저장: {'pre_conf': (184, 320), 'pre_entropy': (184, 320), 'pre_argdisp': (184, 320), 'post_conf': (184, 320), 'post_entropy': (184, 320), 'post_argdisp': (184, 320), 'scale_to_full': (), 'feat_left': (128, 184, 320)}
DONE: D:\Users\dust\Documents\학교\2026년도1학기\컴퓨터비전\실습\FoundationStereo\experiments\ds_v2_seed1/bedroom_v40\fs
features.npz 저장: {'pre_conf': (184, 320), 'pre_entropy': (184, 320), 'pre_argdisp': (184, 320), 'post_conf': (184, 320), 'post_entropy': (184, 320), 'post_argdisp': (184, 320), 'scale_to_full': (), 'feat_left': (128, 184, 320)}
DONE: D:\Users\dust\Documents\학교\2026년도1학기\컴퓨터비전\실습\FoundationStereo\experiments\ds_v2_seed1/blue_bathroom_v40\fs
features.npz 저장: {'pre_conf': (184, 320), 'pre_entropy': (184, 320), 'pre_argdisp': (184, 320), 'post_conf': (184, 320), 'post_entropy': (184, 320), 'post_argdisp': (184, 320), 'scale_to_full': (), 'feat_left': (128, 184, 320)}
DONE: D:\Users\dust\Documents\학교\2026년도1학기\컴퓨터비전\실습\FoundationStereo\experiments\ds_v2_seed1/computer_room_v40\fs
features.npz 저장: {'pre_conf': (184, 320), 'pre_entropy': (184, 320), 'pre_argdisp': (184, 320), 'post_conf': (184, 320), 'post_entropy': (184, 320), 'post_argdisp': (184, 320), 'scale_to_full': (), 'feat_left': (128, 184, 320)}
DONE: D:\Users\dust\Documents\학교\2026년도1학기\컴퓨터비전\실습\FoundationStereo\experiments\ds_v2_seed1/green_house_v40\fs
features.npz 저장: {'pre_conf': (184, 320), 'pre_entropy': (184, 320), 'pre_argdisp': (184, 320), 'post_conf': (184, 320), 'post_entropy': (184, 320), 'post_argdisp': (184, 320), 'scale_to_full': (), 'feat_left': (128, 184, 320)}
DONE: D:\Users\dust\Documents\학교\2026년도1학기\컴퓨터비전\실습\FoundationStereo\experiments\ds_v2_seed1/gym_v40\fs
features.npz 저장: {'pre_conf': (184, 320), 'pre_entropy': (184, 320), 'pre_argdisp': (184, 320), 'post_conf': (184, 320), 'post_entropy': (184, 320), 'post_argdisp': (184, 320), 'scale_to_full': (), 'feat_left': (128, 184, 320)}
DONE: D:\Users\dust\Documents\학교\2026년도1학기\컴퓨터비전\실습\FoundationStereo\experiments\ds_v2_seed1/living_room_contemp_v40\fs
features.npz 저장: {'pre_conf': (184, 320), 'pre_entropy': (184, 320), 'pre_argdisp': (184, 320), 'post_conf': (184, 320), 'post_entropy': (184, 320), 'post_argdisp': (184, 320), 'scale_to_full': (), 'feat_left': (128, 184, 320)}
DONE: D:\Users\dust\Documents\학교\2026년도1학기\컴퓨터비전\실습\FoundationStereo\experiments\ds_v2_seed1/livingroom_v40\fs
features.npz 저장: {'pre_conf': (184, 320), 'pre_entropy': (184, 320), 'pre_argdisp': (184, 320), 'post_conf': (184, 320), 'post_entropy': (184, 320), 'post_argdisp': (184, 320), 'scale_to_full': (), 'feat_left': (128, 184, 320)}
DONE: D:\Users\dust\Documents\학교\2026년도1학기\컴퓨터비전\실습\FoundationStereo\experiments\ds_v2_seed1/minigym_v40\fs
[fs_server] 980/1537 (done 980, skip 0, fail 0) 2.7s/view, ETA 25m
features.npz 저장: {'pre_conf': (184, 320), 'pre_entropy': (184, 320), 'pre_argdisp': (184, 320), 'post_conf': (184, 320), 'post_entropy': (184, 320), 'post_argdisp': (184, 320), 'scale_to_full': (), 'feat_left': (128, 184, 320)}
DONE: D:\Users\dust\Documents\학교\2026년도1학기\컴퓨터비전\실습\FoundationStereo\experiments\ds_v2_seed1/minimal_interior_v40\fs
features.npz 저장: {'pre_conf': (184, 320), 'pre_entropy': (184, 320), 'pre_argdisp': (184, 320), 'post_conf': (184, 320), 'post_entropy': (184, 320), 'post_argdisp': (184, 320), 'scale_to_full': (), 'feat_left': (128, 184, 320)}
DONE: D:\Users\dust\Documents\학교\2026년도1학기\컴퓨터비전\실습\FoundationStereo\experiments\ds_v2_seed1/scandinavian_v40\fs
features.npz 저장: {'pre_conf': (184, 320), 'pre_entropy': (184, 320), 'pre_argdisp': (184, 320), 'post_conf': (184, 320), 'post_entropy': (184, 320), 'post_argdisp': (184, 320), 'scale_to_full': (), 'feat_left': (128, 184, 320)}
DONE: D:\Users\dust\Documents\학교\2026년도1학기\컴퓨터비전\실습\FoundationStereo\experiments\ds_v2_seed1/sunlight_v40\fs
features.npz 저장: {'pre_conf': (184, 320), 'pre_entropy': (184, 320), 'pre_argdisp': (184, 320), 'post_conf': (184, 320), 'post_entropy': (184, 320), 'post_argdisp': (184, 320), 'scale_to_full': (), 'feat_left': (128, 184, 320)}
DONE: D:\Users\dust\Documents\학교\2026년도1학기\컴퓨터비전\실습\FoundationStereo\experiments\ds_v2_seed1/terrazzo_v40\fs
features.npz 저장: {'pre_conf': (184, 320), 'pre_entropy': (184, 320), 'pre_argdisp': (184, 320), 'post_conf': (184, 320), 'post_entropy': (184, 320), 'post_argdisp': (184, 320), 'scale_to_full': (), 'feat_left': (128, 184, 320)}
DONE: D:\Users\dust\Documents\학교\2026년도1학기\컴퓨터비전\실습\FoundationStereo\experiments\ds_v1_seed0/bedroom_v41\fs
features.npz 저장: {'pre_conf': (184, 320), 'pre_entropy': (184, 320), 'pre_argdisp': (184, 320), 'post_conf': (184, 320), 'post_entropy': (184, 320), 'post_argdisp': (184, 320), 'scale_to_full': (), 'feat_left': (128, 184, 320)}
DONE: D:\Users\dust\Documents\학교\2026년도1학기\컴퓨터비전\실습\FoundationStereo\experiments\ds_v1_seed0/blue_bathroom_v41\fs
features.npz 저장: {'pre_conf': (184, 320), 'pre_entropy': (184, 320), 'pre_argdisp': (184, 320), 'post_conf': (184, 320), 'post_entropy': (184, 320), 'post_argdisp': (184, 320), 'scale_to_full': (), 'feat_left': (128, 184, 320)}
DONE: D:\Users\dust\Documents\학교\2026년도1학기\컴퓨터비전\실습\FoundationStereo\experiments\ds_v1_seed0/computer_room_v41\fs
features.npz 저장: {'pre_conf': (184, 320), 'pre_entropy': (184, 320), 'pre_argdisp': (184, 320), 'post_conf': (184, 320), 'post_entropy': (184, 320), 'post_argdisp': (184, 320), 'scale_to_full': (), 'feat_left': (128, 184, 320)}
DONE: D:\Users\dust\Documents\학교\2026년도1학기\컴퓨터비전\실습\FoundationStereo\experiments\ds_v1_seed0/green_house_v41\fs
features.npz 저장: {'pre_conf': (184, 320), 'pre_entropy': (184, 320), 'pre_argdisp': (184, 320), 'post_conf': (184, 320), 'post_entropy': (184, 320), 'post_argdisp': (184, 320), 'scale_to_full': (), 'feat_left': (128, 184, 320)}
DONE: D:\Users\dust\Documents\학교\2026년도1학기\컴퓨터비전\실습\FoundationStereo\experiments\ds_v1_seed0/gym_v41\fs
features.npz 저장: {'pre_conf': (184, 320), 'pre_entropy': (184, 320), 'pre_argdisp': (184, 320), 'post_conf': (184, 320), 'post_entropy': (184, 320), 'post_argdisp': (184, 320), 'scale_to_full': (), 'feat_left': (128, 184, 320)}
DONE: D:\Users\dust\Documents\학교\2026년도1학기\컴퓨터비전\실습\FoundationStereo\experiments\ds_v1_seed0/living_room_contemp_v41\fs
features.npz 저장: {'pre_conf': (184, 320), 'pre_entropy': (184, 320), 'pre_argdisp': (184, 320), 'post_conf': (184, 320), 'post_entropy': (184, 320), 'post_argdisp': (184, 320), 'scale_to_full': (), 'feat_left': (128, 184, 320)}
DONE: D:\Users\dust\Documents\학교\2026년도1학기\컴퓨터비전\실습\FoundationStereo\experiments\ds_v1_seed0/livingroom_v41\fs
features.npz 저장: {'pre_conf': (184, 320), 'pre_entropy': (184, 320), 'pre_argdisp': (184, 320), 'post_conf': (184, 320), 'post_entropy': (184, 320), 'post_argdisp': (184, 320), 'scale_to_full': (), 'feat_left': (128, 184, 320)}
DONE: D:\Users\dust\Documents\학교\2026년도1학기\컴퓨터비전\실습\FoundationStereo\experiments\ds_v1_seed0/minigym_v41\fs
features.npz 저장: {'pre_conf': (184, 320), 'pre_entropy': (184, 320), 'pre_argdisp': (184, 320), 'post_conf': (184, 320), 'post_entropy': (184, 320), 'post_argdisp': (184, 320), 'scale_to_full': (), 'feat_left': (128, 184, 320)}
DONE: D:\Users\dust\Documents\학교\2026년도1학기\컴퓨터비전\실습\FoundationStereo\experiments\ds_v1_seed0/minimal_interior_v41\fs
features.npz 저장: {'pre_conf': (184, 320), 'pre_entropy': (184, 320), 'pre_argdisp': (184, 320), 'post_conf': (184, 320), 'post_entropy': (184, 320), 'post_argdisp': (184, 320), 'scale_to_full': (), 'feat_left': (128, 184, 320)}
DONE: D:\Users\dust\Documents\학교\2026년도1학기\컴퓨터비전\실습\FoundationStereo\experiments\ds_v1_seed0/scandinavian_v41\fs
features.npz 저장: {'pre_conf': (184, 320), 'pre_entropy': (184, 320), 'pre_argdisp': (184, 320), 'post_conf': (184, 320), 'post_entropy': (184, 320), 'post_argdisp': (184, 320), 'scale_to_full': (), 'feat_left': (128, 184, 320)}
DONE: D:\Users\dust\Documents\학교\2026년도1학기\컴퓨터비전\실습\FoundationStereo\experiments\ds_v1_seed0/sunlight_v41\fs
features.npz 저장: {'pre_conf': (184, 320), 'pre_entropy': (184, 320), 'pre_argdisp': (184, 320), 'post_conf': (184, 320), 'post_entropy': (184, 320), 'post_argdisp': (184, 320), 'scale_to_full': (), 'feat_left': (128, 184, 320)}
DONE: D:\Users\dust\Documents\학교\2026년도1학기\컴퓨터비전\실습\FoundationStereo\experiments\ds_v1_seed0/terrazzo_v41\fs
features.npz 저장: {'pre_conf': (184, 320), 'pre_entropy': (184, 320), 'pre_argdisp': (184, 320), 'post_conf': (184, 320), 'post_entropy': (184, 320), 'post_argdisp': (184, 320), 'scale_to_full': (), 'feat_left': (128, 184, 320)}
DONE: D:\Users\dust\Documents\학교\2026년도1학기\컴퓨터비전\실습\FoundationStereo\experiments\ds_v2_seed1/bedroom_v41\fs
features.npz 저장: {'pre_conf': (184, 320), 'pre_entropy': (184, 320), 'pre_argdisp': (184, 320), 'post_conf': (184, 320), 'post_entropy': (184, 320), 'post_argdisp': (184, 320), 'scale_to_full': (), 'feat_left': (128, 184, 320)}
DONE: D:\Users\dust\Documents\학교\2026년도1학기\컴퓨터비전\실습\FoundationStereo\experiments\ds_v2_seed1/blue_bathroom_v41\fs
features.npz 저장: {'pre_conf': (184, 320), 'pre_entropy': (184, 320), 'pre_argdisp': (184, 320), 'post_conf': (184, 320), 'post_entropy': (184, 320), 'post_argdisp': (184, 320), 'scale_to_full': (), 'feat_left': (128, 184, 320)}
DONE: D:\Users\dust\Documents\학교\2026년도1학기\컴퓨터비전\실습\FoundationStereo\experiments\ds_v2_seed1/computer_room_v41\fs
features.npz 저장: {'pre_conf': (184, 320), 'pre_entropy': (184, 320), 'pre_argdisp': (184, 320), 'post_conf': (184, 320), 'post_entropy': (184, 320), 'post_argdisp': (184, 320), 'scale_to_full': (), 'feat_left': (128, 184, 320)}
DONE: D:\Users\dust\Documents\학교\2026년도1학기\컴퓨터비전\실습\FoundationStereo\experiments\ds_v2_seed1/green_house_v41\fs
[fs_server] 1000/1537 (done 1000, skip 0, fail 0) 2.7s/view, ETA 24m
features.npz 저장: {'pre_conf': (184, 320), 'pre_entropy': (184, 320), 'pre_argdisp': (184, 320), 'post_conf': (184, 320), 'post_entropy': (184, 320), 'post_argdisp': (184, 320), 'scale_to_full': (), 'feat_left': (128, 184, 320)}
DONE: D:\Users\dust\Documents\학교\2026년도1학기\컴퓨터비전\실습\FoundationStereo\experiments\ds_v2_seed1/gym_v41\fs
features.npz 저장: {'pre_conf': (184, 320), 'pre_entropy': (184, 320), 'pre_argdisp': (184, 320), 'post_conf': (184, 320), 'post_entropy': (184, 320), 'post_argdisp': (184, 320), 'scale_to_full': (), 'feat_left': (128, 184, 320)}
DONE: D:\Users\dust\Documents\학교\2026년도1학기\컴퓨터비전\실습\FoundationStereo\experiments\ds_v2_seed1/living_room_contemp_v41\fs
features.npz 저장: {'pre_conf': (184, 320), 'pre_entropy': (184, 320), 'pre_argdisp': (184, 320), 'post_conf': (184, 320), 'post_entropy': (184, 320), 'post_argdisp': (184, 320), 'scale_to_full': (), 'feat_left': (128, 184, 320)}
DONE: D:\Users\dust\Documents\학교\2026년도1학기\컴퓨터비전\실습\FoundationStereo\experiments\ds_v2_seed1/livingroom_v41\fs
features.npz 저장: {'pre_conf': (184, 320), 'pre_entropy': (184, 320), 'pre_argdisp': (184, 320), 'post_conf': (184, 320), 'post_entropy': (184, 320), 'post_argdisp': (184, 320), 'scale_to_full': (), 'feat_left': (128, 184, 320)}
DONE: D:\Users\dust\Documents\학교\2026년도1학기\컴퓨터비전\실습\FoundationStereo\experiments\ds_v2_seed1/minigym_v41\fs
features.npz 저장: {'pre_conf': (184, 320), 'pre_entropy': (184, 320), 'pre_argdisp': (184, 320), 'post_conf': (184, 320), 'post_entropy': (184, 320), 'post_argdisp': (184, 320), 'scale_to_full': (), 'feat_left': (128, 184, 320)}
DONE: D:\Users\dust\Documents\학교\2026년도1학기\컴퓨터비전\실습\FoundationStereo\experiments\ds_v2_seed1/minimal_interior_v41\fs
features.npz 저장: {'pre_conf': (184, 320), 'pre_entropy': (184, 320), 'pre_argdisp': (184, 320), 'post_conf': (184, 320), 'post_entropy': (184, 320), 'post_argdisp': (184, 320), 'scale_to_full': (), 'feat_left': (128, 184, 320)}
DONE: D:\Users\dust\Documents\학교\2026년도1학기\컴퓨터비전\실습\FoundationStereo\experiments\ds_v2_seed1/scandinavian_v41\fs
features.npz 저장: {'pre_conf': (184, 320), 'pre_entropy': (184, 320), 'pre_argdisp': (184, 320), 'post_conf': (184, 320), 'post_entropy': (184, 320), 'post_argdisp': (184, 320), 'scale_to_full': (), 'feat_left': (128, 184, 320)}
DONE: D:\Users\dust\Documents\학교\2026년도1학기\컴퓨터비전\실습\FoundationStereo\experiments\ds_v2_seed1/sunlight_v41\fs
features.npz 저장: {'pre_conf': (184, 320), 'pre_entropy': (184, 320), 'pre_argdisp': (184, 320), 'post_conf': (184, 320), 'post_entropy': (184, 320), 'post_argdisp': (184, 320), 'scale_to_full': (), 'feat_left': (128, 184, 320)}
DONE: D:\Users\dust\Documents\학교\2026년도1학기\컴퓨터비전\실습\FoundationStereo\experiments\ds_v2_seed1/terrazzo_v41\fs
features.npz 저장: {'pre_conf': (184, 320), 'pre_entropy': (184, 320), 'pre_argdisp': (184, 320), 'post_conf': (184, 320), 'post_entropy': (184, 320), 'post_argdisp': (184, 320), 'scale_to_full': (), 'feat_left': (128, 184, 320)}
DONE: D:\Users\dust\Documents\학교\2026년도1학기\컴퓨터비전\실습\FoundationStereo\experiments\ds_v1_seed0/bedroom_v42\fs
features.npz 저장: {'pre_conf': (184, 320), 'pre_entropy': (184, 320), 'pre_argdisp': (184, 320), 'post_conf': (184, 320), 'post_entropy': (184, 320), 'post_argdisp': (184, 320), 'scale_to_full': (), 'feat_left': (128, 184, 320)}
DONE: D:\Users\dust\Documents\학교\2026년도1학기\컴퓨터비전\실습\FoundationStereo\experiments\ds_v1_seed0/blue_bathroom_v42\fs
features.npz 저장: {'pre_conf': (184, 320), 'pre_entropy': (184, 320), 'pre_argdisp': (184, 320), 'post_conf': (184, 320), 'post_entropy': (184, 320), 'post_argdisp': (184, 320), 'scale_to_full': (), 'feat_left': (128, 184, 320)}
DONE: D:\Users\dust\Documents\학교\2026년도1학기\컴퓨터비전\실습\FoundationStereo\experiments\ds_v1_seed0/computer_room_v42\fs
features.npz 저장: {'pre_conf': (184, 320), 'pre_entropy': (184, 320), 'pre_argdisp': (184, 320), 'post_conf': (184, 320), 'post_entropy': (184, 320), 'post_argdisp': (184, 320), 'scale_to_full': (), 'feat_left': (128, 184, 320)}
DONE: D:\Users\dust\Documents\학교\2026년도1학기\컴퓨터비전\실습\FoundationStereo\experiments\ds_v1_seed0/green_house_v42\fs
features.npz 저장: {'pre_conf': (184, 320), 'pre_entropy': (184, 320), 'pre_argdisp': (184, 320), 'post_conf': (184, 320), 'post_entropy': (184, 320), 'post_argdisp': (184, 320), 'scale_to_full': (), 'feat_left': (128, 184, 320)}
DONE: D:\Users\dust\Documents\학교\2026년도1학기\컴퓨터비전\실습\FoundationStereo\experiments\ds_v1_seed0/gym_v42\fs
features.npz 저장: {'pre_conf': (184, 320), 'pre_entropy': (184, 320), 'pre_argdisp': (184, 320), 'post_conf': (184, 320), 'post_entropy': (184, 320), 'post_argdisp': (184, 320), 'scale_to_full': (), 'feat_left': (128, 184, 320)}
DONE: D:\Users\dust\Documents\학교\2026년도1학기\컴퓨터비전\실습\FoundationStereo\experiments\ds_v1_seed0/living_room_contemp_v42\fs
features.npz 저장: {'pre_conf': (184, 320), 'pre_entropy': (184, 320), 'pre_argdisp': (184, 320), 'post_conf': (184, 320), 'post_entropy': (184, 320), 'post_argdisp': (184, 320), 'scale_to_full': (), 'feat_left': (128, 184, 320)}
DONE: D:\Users\dust\Documents\학교\2026년도1학기\컴퓨터비전\실습\FoundationStereo\experiments\ds_v1_seed0/livingroom_v42\fs
features.npz 저장: {'pre_conf': (184, 320), 'pre_entropy': (184, 320), 'pre_argdisp': (184, 320), 'post_conf': (184, 320), 'post_entropy': (184, 320), 'post_argdisp': (184, 320), 'scale_to_full': (), 'feat_left': (128, 184, 320)}
DONE: D:\Users\dust\Documents\학교\2026년도1학기\컴퓨터비전\실습\FoundationStereo\experiments\ds_v1_seed0/minigym_v42\fs
features.npz 저장: {'pre_conf': (184, 320), 'pre_entropy': (184, 320), 'pre_argdisp': (184, 320), 'post_conf': (184, 320), 'post_entropy': (184, 320), 'post_argdisp': (184, 320), 'scale_to_full': (), 'feat_left': (128, 184, 320)}
DONE: D:\Users\dust\Documents\학교\2026년도1학기\컴퓨터비전\실습\FoundationStereo\experiments\ds_v1_seed0/minimal_interior_v42\fs
features.npz 저장: {'pre_conf': (184, 320), 'pre_entropy': (184, 320), 'pre_argdisp': (184, 320), 'post_conf': (184, 320), 'post_entropy': (184, 320), 'post_argdisp': (184, 320), 'scale_to_full': (), 'feat_left': (128, 184, 320)}
DONE: D:\Users\dust\Documents\학교\2026년도1학기\컴퓨터비전\실습\FoundationStereo\experiments\ds_v1_seed0/scandinavian_v42\fs
features.npz 저장: {'pre_conf': (184, 320), 'pre_entropy': (184, 320), 'pre_argdisp': (184, 320), 'post_conf': (184, 320), 'post_entropy': (184, 320), 'post_argdisp': (184, 320), 'scale_to_full': (), 'feat_left': (128, 184, 320)}
DONE: D:\Users\dust\Documents\학교\2026년도1학기\컴퓨터비전\실습\FoundationStereo\experiments\ds_v1_seed0/sunlight_v42\fs
features.npz 저장: {'pre_conf': (184, 320), 'pre_entropy': (184, 320), 'pre_argdisp': (184, 320), 'post_conf': (184, 320), 'post_entropy': (184, 320), 'post_argdisp': (184, 320), 'scale_to_full': (), 'feat_left': (128, 184, 320)}
DONE: D:\Users\dust\Documents\학교\2026년도1학기\컴퓨터비전\실습\FoundationStereo\experiments\ds_v1_seed0/terrazzo_v42\fs
[fs_server] 1020/1537 (done 1020, skip 0, fail 0) 2.7s/view, ETA 24m
features.npz 저장: {'pre_conf': (184, 320), 'pre_entropy': (184, 320), 'pre_argdisp': (184, 320), 'post_conf': (184, 320), 'post_entropy': (184, 320), 'post_argdisp': (184, 320), 'scale_to_full': (), 'feat_left': (128, 184, 320)}
DONE: D:\Users\dust\Documents\학교\2026년도1학기\컴퓨터비전\실습\FoundationStereo\experiments\ds_v2_seed1/bedroom_v42\fs
features.npz 저장: {'pre_conf': (184, 320), 'pre_entropy': (184, 320), 'pre_argdisp': (184, 320), 'post_conf': (184, 320), 'post_entropy': (184, 320), 'post_argdisp': (184, 320), 'scale_to_full': (), 'feat_left': (128, 184, 320)}
DONE: D:\Users\dust\Documents\학교\2026년도1학기\컴퓨터비전\실습\FoundationStereo\experiments\ds_v2_seed1/blue_bathroom_v42\fs
features.npz 저장: {'pre_conf': (184, 320), 'pre_entropy': (184, 320), 'pre_argdisp': (184, 320), 'post_conf': (184, 320), 'post_entropy': (184, 320), 'post_argdisp': (184, 320), 'scale_to_full': (), 'feat_left': (128, 184, 320)}
DONE: D:\Users\dust\Documents\학교\2026년도1학기\컴퓨터비전\실습\FoundationStereo\experiments\ds_v2_seed1/computer_room_v42\fs
features.npz 저장: {'pre_conf': (184, 320), 'pre_entropy': (184, 320), 'pre_argdisp': (184, 320), 'post_conf': (184, 320), 'post_entropy': (184, 320), 'post_argdisp': (184, 320), 'scale_to_full': (), 'feat_left': (128, 184, 320)}
DONE: D:\Users\dust\Documents\학교\2026년도1학기\컴퓨터비전\실습\FoundationStereo\experiments\ds_v2_seed1/green_house_v42\fs
features.npz 저장: {'pre_conf': (184, 320), 'pre_entropy': (184, 320), 'pre_argdisp': (184, 320), 'post_conf': (184, 320), 'post_entropy': (184, 320), 'post_argdisp': (184, 320), 'scale_to_full': (), 'feat_left': (128, 184, 320)}
DONE: D:\Users\dust\Documents\학교\2026년도1학기\컴퓨터비전\실습\FoundationStereo\experiments\ds_v2_seed1/gym_v42\fs
features.npz 저장: {'pre_conf': (184, 320), 'pre_entropy': (184, 320), 'pre_argdisp': (184, 320), 'post_conf': (184, 320), 'post_entropy': (184, 320), 'post_argdisp': (184, 320), 'scale_to_full': (), 'feat_left': (128, 184, 320)}
DONE: D:\Users\dust\Documents\학교\2026년도1학기\컴퓨터비전\실습\FoundationStereo\experiments\ds_v2_seed1/living_room_contemp_v42\fs
features.npz 저장: {'pre_conf': (184, 320), 'pre_entropy': (184, 320), 'pre_argdisp': (184, 320), 'post_conf': (184, 320), 'post_entropy': (184, 320), 'post_argdisp': (184, 320), 'scale_to_full': (), 'feat_left': (128, 184, 320)}
DONE: D:\Users\dust\Documents\학교\2026년도1학기\컴퓨터비전\실습\FoundationStereo\experiments\ds_v2_seed1/livingroom_v42\fs
features.npz 저장: {'pre_conf': (184, 320), 'pre_entropy': (184, 320), 'pre_argdisp': (184, 320), 'post_conf': (184, 320), 'post_entropy': (184, 320), 'post_argdisp': (184, 320), 'scale_to_full': (), 'feat_left': (128, 184, 320)}
DONE: D:\Users\dust\Documents\학교\2026년도1학기\컴퓨터비전\실습\FoundationStereo\experiments\ds_v2_seed1/minigym_v42\fs
features.npz 저장: {'pre_conf': (184, 320), 'pre_entropy': (184, 320), 'pre_argdisp': (184, 320), 'post_conf': (184, 320), 'post_entropy': (184, 320), 'post_argdisp': (184, 320), 'scale_to_full': (), 'feat_left': (128, 184, 320)}
DONE: D:\Users\dust\Documents\학교\2026년도1학기\컴퓨터비전\실습\FoundationStereo\experiments\ds_v2_seed1/minimal_interior_v42\fs
features.npz 저장: {'pre_conf': (184, 320), 'pre_entropy': (184, 320), 'pre_argdisp': (184, 320), 'post_conf': (184, 320), 'post_entropy': (184, 320), 'post_argdisp': (184, 320), 'scale_to_full': (), 'feat_left': (128, 184, 320)}
DONE: D:\Users\dust\Documents\학교\2026년도1학기\컴퓨터비전\실습\FoundationStereo\experiments\ds_v2_seed1/scandinavian_v42\fs
features.npz 저장: {'pre_conf': (184, 320), 'pre_entropy': (184, 320), 'pre_argdisp': (184, 320), 'post_conf': (184, 320), 'post_entropy': (184, 320), 'post_argdisp': (184, 320), 'scale_to_full': (), 'feat_left': (128, 184, 320)}
DONE: D:\Users\dust\Documents\학교\2026년도1학기\컴퓨터비전\실습\FoundationStereo\experiments\ds_v2_seed1/sunlight_v42\fs
features.npz 저장: {'pre_conf': (184, 320), 'pre_entropy': (184, 320), 'pre_argdisp': (184, 320), 'post_conf': (184, 320), 'post_entropy': (184, 320), 'post_argdisp': (184, 320), 'scale_to_full': (), 'feat_left': (128, 184, 320)}
DONE: D:\Users\dust\Documents\학교\2026년도1학기\컴퓨터비전\실습\FoundationStereo\experiments\ds_v2_seed1/terrazzo_v42\fs
features.npz 저장: {'pre_conf': (184, 320), 'pre_entropy': (184, 320), 'pre_argdisp': (184, 320), 'post_conf': (184, 320), 'post_entropy': (184, 320), 'post_argdisp': (184, 320), 'scale_to_full': (), 'feat_left': (128, 184, 320)}
DONE: D:\Users\dust\Documents\학교\2026년도1학기\컴퓨터비전\실습\FoundationStereo\experiments\ds_v1_seed0/bedroom_v43\fs
features.npz 저장: {'pre_conf': (184, 320), 'pre_entropy': (184, 320), 'pre_argdisp': (184, 320), 'post_conf': (184, 320), 'post_entropy': (184, 320), 'post_argdisp': (184, 320), 'scale_to_full': (), 'feat_left': (128, 184, 320)}
DONE: D:\Users\dust\Documents\학교\2026년도1학기\컴퓨터비전\실습\FoundationStereo\experiments\ds_v1_seed0/blue_bathroom_v43\fs
features.npz 저장: {'pre_conf': (184, 320), 'pre_entropy': (184, 320), 'pre_argdisp': (184, 320), 'post_conf': (184, 320), 'post_entropy': (184, 320), 'post_argdisp': (184, 320), 'scale_to_full': (), 'feat_left': (128, 184, 320)}
DONE: D:\Users\dust\Documents\학교\2026년도1학기\컴퓨터비전\실습\FoundationStereo\experiments\ds_v1_seed0/computer_room_v43\fs
features.npz 저장: {'pre_conf': (184, 320), 'pre_entropy': (184, 320), 'pre_argdisp': (184, 320), 'post_conf': (184, 320), 'post_entropy': (184, 320), 'post_argdisp': (184, 320), 'scale_to_full': (), 'feat_left': (128, 184, 320)}
DONE: D:\Users\dust\Documents\학교\2026년도1학기\컴퓨터비전\실습\FoundationStereo\experiments\ds_v1_seed0/green_house_v43\fs
features.npz 저장: {'pre_conf': (184, 320), 'pre_entropy': (184, 320), 'pre_argdisp': (184, 320), 'post_conf': (184, 320), 'post_entropy': (184, 320), 'post_argdisp': (184, 320), 'scale_to_full': (), 'feat_left': (128, 184, 320)}
DONE: D:\Users\dust\Documents\학교\2026년도1학기\컴퓨터비전\실습\FoundationStereo\experiments\ds_v1_seed0/gym_v43\fs
features.npz 저장: {'pre_conf': (184, 320), 'pre_entropy': (184, 320), 'pre_argdisp': (184, 320), 'post_conf': (184, 320), 'post_entropy': (184, 320), 'post_argdisp': (184, 320), 'scale_to_full': (), 'feat_left': (128, 184, 320)}
DONE: D:\Users\dust\Documents\학교\2026년도1학기\컴퓨터비전\실습\FoundationStereo\experiments\ds_v1_seed0/living_room_contemp_v43\fs
features.npz 저장: {'pre_conf': (184, 320), 'pre_entropy': (184, 320), 'pre_argdisp': (184, 320), 'post_conf': (184, 320), 'post_entropy': (184, 320), 'post_argdisp': (184, 320), 'scale_to_full': (), 'feat_left': (128, 184, 320)}
DONE: D:\Users\dust\Documents\학교\2026년도1학기\컴퓨터비전\실습\FoundationStereo\experiments\ds_v1_seed0/livingroom_v43\fs
features.npz 저장: {'pre_conf': (184, 320), 'pre_entropy': (184, 320), 'pre_argdisp': (184, 320), 'post_conf': (184, 320), 'post_entropy': (184, 320), 'post_argdisp': (184, 320), 'scale_to_full': (), 'feat_left': (128, 184, 320)}
DONE: D:\Users\dust\Documents\학교\2026년도1학기\컴퓨터비전\실습\FoundationStereo\experiments\ds_v1_seed0/minigym_v43\fs
[fs_server] 1040/1537 (done 1040, skip 0, fail 0) 2.7s/view, ETA 23m
features.npz 저장: {'pre_conf': (184, 320), 'pre_entropy': (184, 320), 'pre_argdisp': (184, 320), 'post_conf': (184, 320), 'post_entropy': (184, 320), 'post_argdisp': (184, 320), 'scale_to_full': (), 'feat_left': (128, 184, 320)}
DONE: D:\Users\dust\Documents\학교\2026년도1학기\컴퓨터비전\실습\FoundationStereo\experiments\ds_v1_seed0/minimal_interior_v43\fs
features.npz 저장: {'pre_conf': (184, 320), 'pre_entropy': (184, 320), 'pre_argdisp': (184, 320), 'post_conf': (184, 320), 'post_entropy': (184, 320), 'post_argdisp': (184, 320), 'scale_to_full': (), 'feat_left': (128, 184, 320)}
DONE: D:\Users\dust\Documents\학교\2026년도1학기\컴퓨터비전\실습\FoundationStereo\experiments\ds_v1_seed0/scandinavian_v43\fs
features.npz 저장: {'pre_conf': (184, 320), 'pre_entropy': (184, 320), 'pre_argdisp': (184, 320), 'post_conf': (184, 320), 'post_entropy': (184, 320), 'post_argdisp': (184, 320), 'scale_to_full': (), 'feat_left': (128, 184, 320)}
DONE: D:\Users\dust\Documents\학교\2026년도1학기\컴퓨터비전\실습\FoundationStereo\experiments\ds_v1_seed0/sunlight_v43\fs
features.npz 저장: {'pre_conf': (184, 320), 'pre_entropy': (184, 320), 'pre_argdisp': (184, 320), 'post_conf': (184, 320), 'post_entropy': (184, 320), 'post_argdisp': (184, 320), 'scale_to_full': (), 'feat_left': (128, 184, 320)}
DONE: D:\Users\dust\Documents\학교\2026년도1학기\컴퓨터비전\실습\FoundationStereo\experiments\ds_v1_seed0/terrazzo_v43\fs
features.npz 저장: {'pre_conf': (184, 320), 'pre_entropy': (184, 320), 'pre_argdisp': (184, 320), 'post_conf': (184, 320), 'post_entropy': (184, 320), 'post_argdisp': (184, 320), 'scale_to_full': (), 'feat_left': (128, 184, 320)}
DONE: D:\Users\dust\Documents\학교\2026년도1학기\컴퓨터비전\실습\FoundationStereo\experiments\ds_v2_seed1/bedroom_v43\fs
features.npz 저장: {'pre_conf': (184, 320), 'pre_entropy': (184, 320), 'pre_argdisp': (184, 320), 'post_conf': (184, 320), 'post_entropy': (184, 320), 'post_argdisp': (184, 320), 'scale_to_full': (), 'feat_left': (128, 184, 320)}
DONE: D:\Users\dust\Documents\학교\2026년도1학기\컴퓨터비전\실습\FoundationStereo\experiments\ds_v2_seed1/blue_bathroom_v43\fs
features.npz 저장: {'pre_conf': (184, 320), 'pre_entropy': (184, 320), 'pre_argdisp': (184, 320), 'post_conf': (184, 320), 'post_entropy': (184, 320), 'post_argdisp': (184, 320), 'scale_to_full': (), 'feat_left': (128, 184, 320)}
DONE: D:\Users\dust\Documents\학교\2026년도1학기\컴퓨터비전\실습\FoundationStereo\experiments\ds_v2_seed1/computer_room_v43\fs
features.npz 저장: {'pre_conf': (184, 320), 'pre_entropy': (184, 320), 'pre_argdisp': (184, 320), 'post_conf': (184, 320), 'post_entropy': (184, 320), 'post_argdisp': (184, 320), 'scale_to_full': (), 'feat_left': (128, 184, 320)}
DONE: D:\Users\dust\Documents\학교\2026년도1학기\컴퓨터비전\실습\FoundationStereo\experiments\ds_v2_seed1/green_house_v43\fs
features.npz 저장: {'pre_conf': (184, 320), 'pre_entropy': (184, 320), 'pre_argdisp': (184, 320), 'post_conf': (184, 320), 'post_entropy': (184, 320), 'post_argdisp': (184, 320), 'scale_to_full': (), 'feat_left': (128, 184, 320)}
DONE: D:\Users\dust\Documents\학교\2026년도1학기\컴퓨터비전\실습\FoundationStereo\experiments\ds_v2_seed1/gym_v43\fs
features.npz 저장: {'pre_conf': (184, 320), 'pre_entropy': (184, 320), 'pre_argdisp': (184, 320), 'post_conf': (184, 320), 'post_entropy': (184, 320), 'post_argdisp': (184, 320), 'scale_to_full': (), 'feat_left': (128, 184, 320)}
DONE: D:\Users\dust\Documents\학교\2026년도1학기\컴퓨터비전\실습\FoundationStereo\experiments\ds_v2_seed1/living_room_contemp_v43\fs
features.npz 저장: {'pre_conf': (184, 320), 'pre_entropy': (184, 320), 'pre_argdisp': (184, 320), 'post_conf': (184, 320), 'post_entropy': (184, 320), 'post_argdisp': (184, 320), 'scale_to_full': (), 'feat_left': (128, 184, 320)}
DONE: D:\Users\dust\Documents\학교\2026년도1학기\컴퓨터비전\실습\FoundationStereo\experiments\ds_v2_seed1/livingroom_v43\fs
features.npz 저장: {'pre_conf': (184, 320), 'pre_entropy': (184, 320), 'pre_argdisp': (184, 320), 'post_conf': (184, 320), 'post_entropy': (184, 320), 'post_argdisp': (184, 320), 'scale_to_full': (), 'feat_left': (128, 184, 320)}
DONE: D:\Users\dust\Documents\학교\2026년도1학기\컴퓨터비전\실습\FoundationStereo\experiments\ds_v2_seed1/minigym_v43\fs
features.npz 저장: {'pre_conf': (184, 320), 'pre_entropy': (184, 320), 'pre_argdisp': (184, 320), 'post_conf': (184, 320), 'post_entropy': (184, 320), 'post_argdisp': (184, 320), 'scale_to_full': (), 'feat_left': (128, 184, 320)}
DONE: D:\Users\dust\Documents\학교\2026년도1학기\컴퓨터비전\실습\FoundationStereo\experiments\ds_v2_seed1/minimal_interior_v43\fs
features.npz 저장: {'pre_conf': (184, 320), 'pre_entropy': (184, 320), 'pre_argdisp': (184, 320), 'post_conf': (184, 320), 'post_entropy': (184, 320), 'post_argdisp': (184, 320), 'scale_to_full': (), 'feat_left': (128, 184, 320)}
DONE: D:\Users\dust\Documents\학교\2026년도1학기\컴퓨터비전\실습\FoundationStereo\experiments\ds_v2_seed1/scandinavian_v43\fs
features.npz 저장: {'pre_conf': (184, 320), 'pre_entropy': (184, 320), 'pre_argdisp': (184, 320), 'post_conf': (184, 320), 'post_entropy': (184, 320), 'post_argdisp': (184, 320), 'scale_to_full': (), 'feat_left': (128, 184, 320)}
DONE: D:\Users\dust\Documents\학교\2026년도1학기\컴퓨터비전\실습\FoundationStereo\experiments\ds_v2_seed1/sunlight_v43\fs
features.npz 저장: {'pre_conf': (184, 320), 'pre_entropy': (184, 320), 'pre_argdisp': (184, 320), 'post_conf': (184, 320), 'post_entropy': (184, 320), 'post_argdisp': (184, 320), 'scale_to_full': (), 'feat_left': (128, 184, 320)}
DONE: D:\Users\dust\Documents\학교\2026년도1학기\컴퓨터비전\실습\FoundationStereo\experiments\ds_v2_seed1/terrazzo_v43\fs
features.npz 저장: {'pre_conf': (184, 320), 'pre_entropy': (184, 320), 'pre_argdisp': (184, 320), 'post_conf': (184, 320), 'post_entropy': (184, 320), 'post_argdisp': (184, 320), 'scale_to_full': (), 'feat_left': (128, 184, 320)}
DONE: D:\Users\dust\Documents\학교\2026년도1학기\컴퓨터비전\실습\FoundationStereo\experiments\ds_v1_seed0/bedroom_v44\fs
features.npz 저장: {'pre_conf': (184, 320), 'pre_entropy': (184, 320), 'pre_argdisp': (184, 320), 'post_conf': (184, 320), 'post_entropy': (184, 320), 'post_argdisp': (184, 320), 'scale_to_full': (), 'feat_left': (128, 184, 320)}
DONE: D:\Users\dust\Documents\학교\2026년도1학기\컴퓨터비전\실습\FoundationStereo\experiments\ds_v1_seed0/blue_bathroom_v44\fs
features.npz 저장: {'pre_conf': (184, 320), 'pre_entropy': (184, 320), 'pre_argdisp': (184, 320), 'post_conf': (184, 320), 'post_entropy': (184, 320), 'post_argdisp': (184, 320), 'scale_to_full': (), 'feat_left': (128, 184, 320)}
DONE: D:\Users\dust\Documents\학교\2026년도1학기\컴퓨터비전\실습\FoundationStereo\experiments\ds_v1_seed0/computer_room_v44\fs
features.npz 저장: {'pre_conf': (184, 320), 'pre_entropy': (184, 320), 'pre_argdisp': (184, 320), 'post_conf': (184, 320), 'post_entropy': (184, 320), 'post_argdisp': (184, 320), 'scale_to_full': (), 'feat_left': (128, 184, 320)}
DONE: D:\Users\dust\Documents\학교\2026년도1학기\컴퓨터비전\실습\FoundationStereo\experiments\ds_v1_seed0/green_house_v44\fs
[fs_server] 1060/1537 (done 1060, skip 0, fail 0) 2.7s/view, ETA 22m
features.npz 저장: {'pre_conf': (184, 320), 'pre_entropy': (184, 320), 'pre_argdisp': (184, 320), 'post_conf': (184, 320), 'post_entropy': (184, 320), 'post_argdisp': (184, 320), 'scale_to_full': (), 'feat_left': (128, 184, 320)}
DONE: D:\Users\dust\Documents\학교\2026년도1학기\컴퓨터비전\실습\FoundationStereo\experiments\ds_v1_seed0/gym_v44\fs
features.npz 저장: {'pre_conf': (184, 320), 'pre_entropy': (184, 320), 'pre_argdisp': (184, 320), 'post_conf': (184, 320), 'post_entropy': (184, 320), 'post_argdisp': (184, 320), 'scale_to_full': (), 'feat_left': (128, 184, 320)}
DONE: D:\Users\dust\Documents\학교\2026년도1학기\컴퓨터비전\실습\FoundationStereo\experiments\ds_v1_seed0/living_room_contemp_v44\fs
features.npz 저장: {'pre_conf': (184, 320), 'pre_entropy': (184, 320), 'pre_argdisp': (184, 320), 'post_conf': (184, 320), 'post_entropy': (184, 320), 'post_argdisp': (184, 320), 'scale_to_full': (), 'feat_left': (128, 184, 320)}
DONE: D:\Users\dust\Documents\학교\2026년도1학기\컴퓨터비전\실습\FoundationStereo\experiments\ds_v1_seed0/livingroom_v44\fs
features.npz 저장: {'pre_conf': (184, 320), 'pre_entropy': (184, 320), 'pre_argdisp': (184, 320), 'post_conf': (184, 320), 'post_entropy': (184, 320), 'post_argdisp': (184, 320), 'scale_to_full': (), 'feat_left': (128, 184, 320)}
DONE: D:\Users\dust\Documents\학교\2026년도1학기\컴퓨터비전\실습\FoundationStereo\experiments\ds_v1_seed0/minigym_v44\fs
features.npz 저장: {'pre_conf': (184, 320), 'pre_entropy': (184, 320), 'pre_argdisp': (184, 320), 'post_conf': (184, 320), 'post_entropy': (184, 320), 'post_argdisp': (184, 320), 'scale_to_full': (), 'feat_left': (128, 184, 320)}
DONE: D:\Users\dust\Documents\학교\2026년도1학기\컴퓨터비전\실습\FoundationStereo\experiments\ds_v1_seed0/minimal_interior_v44\fs
features.npz 저장: {'pre_conf': (184, 320), 'pre_entropy': (184, 320), 'pre_argdisp': (184, 320), 'post_conf': (184, 320), 'post_entropy': (184, 320), 'post_argdisp': (184, 320), 'scale_to_full': (), 'feat_left': (128, 184, 320)}
DONE: D:\Users\dust\Documents\학교\2026년도1학기\컴퓨터비전\실습\FoundationStereo\experiments\ds_v1_seed0/scandinavian_v44\fs
features.npz 저장: {'pre_conf': (184, 320), 'pre_entropy': (184, 320), 'pre_argdisp': (184, 320), 'post_conf': (184, 320), 'post_entropy': (184, 320), 'post_argdisp': (184, 320), 'scale_to_full': (), 'feat_left': (128, 184, 320)}
DONE: D:\Users\dust\Documents\학교\2026년도1학기\컴퓨터비전\실습\FoundationStereo\experiments\ds_v1_seed0/sunlight_v44\fs
features.npz 저장: {'pre_conf': (184, 320), 'pre_entropy': (184, 320), 'pre_argdisp': (184, 320), 'post_conf': (184, 320), 'post_entropy': (184, 320), 'post_argdisp': (184, 320), 'scale_to_full': (), 'feat_left': (128, 184, 320)}
DONE: D:\Users\dust\Documents\학교\2026년도1학기\컴퓨터비전\실습\FoundationStereo\experiments\ds_v1_seed0/terrazzo_v44\fs
features.npz 저장: {'pre_conf': (184, 320), 'pre_entropy': (184, 320), 'pre_argdisp': (184, 320), 'post_conf': (184, 320), 'post_entropy': (184, 320), 'post_argdisp': (184, 320), 'scale_to_full': (), 'feat_left': (128, 184, 320)}
DONE: D:\Users\dust\Documents\학교\2026년도1학기\컴퓨터비전\실습\FoundationStereo\experiments\ds_v2_seed1/bedroom_v44\fs
features.npz 저장: {'pre_conf': (184, 320), 'pre_entropy': (184, 320), 'pre_argdisp': (184, 320), 'post_conf': (184, 320), 'post_entropy': (184, 320), 'post_argdisp': (184, 320), 'scale_to_full': (), 'feat_left': (128, 184, 320)}
DONE: D:\Users\dust\Documents\학교\2026년도1학기\컴퓨터비전\실습\FoundationStereo\experiments\ds_v2_seed1/blue_bathroom_v44\fs
features.npz 저장: {'pre_conf': (184, 320), 'pre_entropy': (184, 320), 'pre_argdisp': (184, 320), 'post_conf': (184, 320), 'post_entropy': (184, 320), 'post_argdisp': (184, 320), 'scale_to_full': (), 'feat_left': (128, 184, 320)}
DONE: D:\Users\dust\Documents\학교\2026년도1학기\컴퓨터비전\실습\FoundationStereo\experiments\ds_v2_seed1/computer_room_v44\fs
features.npz 저장: {'pre_conf': (184, 320), 'pre_entropy': (184, 320), 'pre_argdisp': (184, 320), 'post_conf': (184, 320), 'post_entropy': (184, 320), 'post_argdisp': (184, 320), 'scale_to_full': (), 'feat_left': (128, 184, 320)}
DONE: D:\Users\dust\Documents\학교\2026년도1학기\컴퓨터비전\실습\FoundationStereo\experiments\ds_v2_seed1/green_house_v44\fs
features.npz 저장: {'pre_conf': (184, 320), 'pre_entropy': (184, 320), 'pre_argdisp': (184, 320), 'post_conf': (184, 320), 'post_entropy': (184, 320), 'post_argdisp': (184, 320), 'scale_to_full': (), 'feat_left': (128, 184, 320)}
DONE: D:\Users\dust\Documents\학교\2026년도1학기\컴퓨터비전\실습\FoundationStereo\experiments\ds_v2_seed1/gym_v44\fs
features.npz 저장: {'pre_conf': (184, 320), 'pre_entropy': (184, 320), 'pre_argdisp': (184, 320), 'post_conf': (184, 320), 'post_entropy': (184, 320), 'post_argdisp': (184, 320), 'scale_to_full': (), 'feat_left': (128, 184, 320)}
DONE: D:\Users\dust\Documents\학교\2026년도1학기\컴퓨터비전\실습\FoundationStereo\experiments\ds_v2_seed1/living_room_contemp_v44\fs
features.npz 저장: {'pre_conf': (184, 320), 'pre_entropy': (184, 320), 'pre_argdisp': (184, 320), 'post_conf': (184, 320), 'post_entropy': (184, 320), 'post_argdisp': (184, 320), 'scale_to_full': (), 'feat_left': (128, 184, 320)}
DONE: D:\Users\dust\Documents\학교\2026년도1학기\컴퓨터비전\실습\FoundationStereo\experiments\ds_v2_seed1/livingroom_v44\fs
features.npz 저장: {'pre_conf': (184, 320), 'pre_entropy': (184, 320), 'pre_argdisp': (184, 320), 'post_conf': (184, 320), 'post_entropy': (184, 320), 'post_argdisp': (184, 320), 'scale_to_full': (), 'feat_left': (128, 184, 320)}
DONE: D:\Users\dust\Documents\학교\2026년도1학기\컴퓨터비전\실습\FoundationStereo\experiments\ds_v2_seed1/minigym_v44\fs
features.npz 저장: {'pre_conf': (184, 320), 'pre_entropy': (184, 320), 'pre_argdisp': (184, 320), 'post_conf': (184, 320), 'post_entropy': (184, 320), 'post_argdisp': (184, 320), 'scale_to_full': (), 'feat_left': (128, 184, 320)}
DONE: D:\Users\dust\Documents\학교\2026년도1학기\컴퓨터비전\실습\FoundationStereo\experiments\ds_v2_seed1/minimal_interior_v44\fs
features.npz 저장: {'pre_conf': (184, 320), 'pre_entropy': (184, 320), 'pre_argdisp': (184, 320), 'post_conf': (184, 320), 'post_entropy': (184, 320), 'post_argdisp': (184, 320), 'scale_to_full': (), 'feat_left': (128, 184, 320)}
DONE: D:\Users\dust\Documents\학교\2026년도1학기\컴퓨터비전\실습\FoundationStereo\experiments\ds_v2_seed1/scandinavian_v44\fs
features.npz 저장: {'pre_conf': (184, 320), 'pre_entropy': (184, 320), 'pre_argdisp': (184, 320), 'post_conf': (184, 320), 'post_entropy': (184, 320), 'post_argdisp': (184, 320), 'scale_to_full': (), 'feat_left': (128, 184, 320)}
DONE: D:\Users\dust\Documents\학교\2026년도1학기\컴퓨터비전\실습\FoundationStereo\experiments\ds_v2_seed1/sunlight_v44\fs
features.npz 저장: {'pre_conf': (184, 320), 'pre_entropy': (184, 320), 'pre_argdisp': (184, 320), 'post_conf': (184, 320), 'post_entropy': (184, 320), 'post_argdisp': (184, 320), 'scale_to_full': (), 'feat_left': (128, 184, 320)}
DONE: D:\Users\dust\Documents\학교\2026년도1학기\컴퓨터비전\실습\FoundationStereo\experiments\ds_v2_seed1/terrazzo_v44\fs
[fs_server] 1080/1537 (done 1080, skip 0, fail 0) 2.7s/view, ETA 21m
features.npz 저장: {'pre_conf': (184, 320), 'pre_entropy': (184, 320), 'pre_argdisp': (184, 320), 'post_conf': (184, 320), 'post_entropy': (184, 320), 'post_argdisp': (184, 320), 'scale_to_full': (), 'feat_left': (128, 184, 320)}
DONE: D:\Users\dust\Documents\학교\2026년도1학기\컴퓨터비전\실습\FoundationStereo\experiments\ds_v1_seed0/bedroom_v45\fs
features.npz 저장: {'pre_conf': (184, 320), 'pre_entropy': (184, 320), 'pre_argdisp': (184, 320), 'post_conf': (184, 320), 'post_entropy': (184, 320), 'post_argdisp': (184, 320), 'scale_to_full': (), 'feat_left': (128, 184, 320)}
DONE: D:\Users\dust\Documents\학교\2026년도1학기\컴퓨터비전\실습\FoundationStereo\experiments\ds_v1_seed0/blue_bathroom_v45\fs
features.npz 저장: {'pre_conf': (184, 320), 'pre_entropy': (184, 320), 'pre_argdisp': (184, 320), 'post_conf': (184, 320), 'post_entropy': (184, 320), 'post_argdisp': (184, 320), 'scale_to_full': (), 'feat_left': (128, 184, 320)}
DONE: D:\Users\dust\Documents\학교\2026년도1학기\컴퓨터비전\실습\FoundationStereo\experiments\ds_v1_seed0/computer_room_v45\fs
features.npz 저장: {'pre_conf': (184, 320), 'pre_entropy': (184, 320), 'pre_argdisp': (184, 320), 'post_conf': (184, 320), 'post_entropy': (184, 320), 'post_argdisp': (184, 320), 'scale_to_full': (), 'feat_left': (128, 184, 320)}
DONE: D:\Users\dust\Documents\학교\2026년도1학기\컴퓨터비전\실습\FoundationStereo\experiments\ds_v1_seed0/green_house_v45\fs
features.npz 저장: {'pre_conf': (184, 320), 'pre_entropy': (184, 320), 'pre_argdisp': (184, 320), 'post_conf': (184, 320), 'post_entropy': (184, 320), 'post_argdisp': (184, 320), 'scale_to_full': (), 'feat_left': (128, 184, 320)}
DONE: D:\Users\dust\Documents\학교\2026년도1학기\컴퓨터비전\실습\FoundationStereo\experiments\ds_v1_seed0/gym_v45\fs
features.npz 저장: {'pre_conf': (184, 320), 'pre_entropy': (184, 320), 'pre_argdisp': (184, 320), 'post_conf': (184, 320), 'post_entropy': (184, 320), 'post_argdisp': (184, 320), 'scale_to_full': (), 'feat_left': (128, 184, 320)}
DONE: D:\Users\dust\Documents\학교\2026년도1학기\컴퓨터비전\실습\FoundationStereo\experiments\ds_v1_seed0/living_room_contemp_v45\fs
features.npz 저장: {'pre_conf': (184, 320), 'pre_entropy': (184, 320), 'pre_argdisp': (184, 320), 'post_conf': (184, 320), 'post_entropy': (184, 320), 'post_argdisp': (184, 320), 'scale_to_full': (), 'feat_left': (128, 184, 320)}
DONE: D:\Users\dust\Documents\학교\2026년도1학기\컴퓨터비전\실습\FoundationStereo\experiments\ds_v1_seed0/livingroom_v45\fs
features.npz 저장: {'pre_conf': (184, 320), 'pre_entropy': (184, 320), 'pre_argdisp': (184, 320), 'post_conf': (184, 320), 'post_entropy': (184, 320), 'post_argdisp': (184, 320), 'scale_to_full': (), 'feat_left': (128, 184, 320)}
DONE: D:\Users\dust\Documents\학교\2026년도1학기\컴퓨터비전\실습\FoundationStereo\experiments\ds_v1_seed0/minigym_v45\fs
features.npz 저장: {'pre_conf': (184, 320), 'pre_entropy': (184, 320), 'pre_argdisp': (184, 320), 'post_conf': (184, 320), 'post_entropy': (184, 320), 'post_argdisp': (184, 320), 'scale_to_full': (), 'feat_left': (128, 184, 320)}
DONE: D:\Users\dust\Documents\학교\2026년도1학기\컴퓨터비전\실습\FoundationStereo\experiments\ds_v1_seed0/minimal_interior_v45\fs
features.npz 저장: {'pre_conf': (184, 320), 'pre_entropy': (184, 320), 'pre_argdisp': (184, 320), 'post_conf': (184, 320), 'post_entropy': (184, 320), 'post_argdisp': (184, 320), 'scale_to_full': (), 'feat_left': (128, 184, 320)}
DONE: D:\Users\dust\Documents\학교\2026년도1학기\컴퓨터비전\실습\FoundationStereo\experiments\ds_v1_seed0/scandinavian_v45\fs
features.npz 저장: {'pre_conf': (184, 320), 'pre_entropy': (184, 320), 'pre_argdisp': (184, 320), 'post_conf': (184, 320), 'post_entropy': (184, 320), 'post_argdisp': (184, 320), 'scale_to_full': (), 'feat_left': (128, 184, 320)}
DONE: D:\Users\dust\Documents\학교\2026년도1학기\컴퓨터비전\실습\FoundationStereo\experiments\ds_v1_seed0/sunlight_v45\fs
features.npz 저장: {'pre_conf': (184, 320), 'pre_entropy': (184, 320), 'pre_argdisp': (184, 320), 'post_conf': (184, 320), 'post_entropy': (184, 320), 'post_argdisp': (184, 320), 'scale_to_full': (), 'feat_left': (128, 184, 320)}
DONE: D:\Users\dust\Documents\학교\2026년도1학기\컴퓨터비전\실습\FoundationStereo\experiments\ds_v1_seed0/terrazzo_v45\fs
features.npz 저장: {'pre_conf': (184, 320), 'pre_entropy': (184, 320), 'pre_argdisp': (184, 320), 'post_conf': (184, 320), 'post_entropy': (184, 320), 'post_argdisp': (184, 320), 'scale_to_full': (), 'feat_left': (128, 184, 320)}
DONE: D:\Users\dust\Documents\학교\2026년도1학기\컴퓨터비전\실습\FoundationStereo\experiments\ds_v2_seed1/bedroom_v45\fs
features.npz 저장: {'pre_conf': (184, 320), 'pre_entropy': (184, 320), 'pre_argdisp': (184, 320), 'post_conf': (184, 320), 'post_entropy': (184, 320), 'post_argdisp': (184, 320), 'scale_to_full': (), 'feat_left': (128, 184, 320)}
DONE: D:\Users\dust\Documents\학교\2026년도1학기\컴퓨터비전\실습\FoundationStereo\experiments\ds_v2_seed1/blue_bathroom_v45\fs
features.npz 저장: {'pre_conf': (184, 320), 'pre_entropy': (184, 320), 'pre_argdisp': (184, 320), 'post_conf': (184, 320), 'post_entropy': (184, 320), 'post_argdisp': (184, 320), 'scale_to_full': (), 'feat_left': (128, 184, 320)}
DONE: D:\Users\dust\Documents\학교\2026년도1학기\컴퓨터비전\실습\FoundationStereo\experiments\ds_v2_seed1/computer_room_v45\fs
features.npz 저장: {'pre_conf': (184, 320), 'pre_entropy': (184, 320), 'pre_argdisp': (184, 320), 'post_conf': (184, 320), 'post_entropy': (184, 320), 'post_argdisp': (184, 320), 'scale_to_full': (), 'feat_left': (128, 184, 320)}
DONE: D:\Users\dust\Documents\학교\2026년도1학기\컴퓨터비전\실습\FoundationStereo\experiments\ds_v2_seed1/green_house_v45\fs
features.npz 저장: {'pre_conf': (184, 320), 'pre_entropy': (184, 320), 'pre_argdisp': (184, 320), 'post_conf': (184, 320), 'post_entropy': (184, 320), 'post_argdisp': (184, 320), 'scale_to_full': (), 'feat_left': (128, 184, 320)}
DONE: D:\Users\dust\Documents\학교\2026년도1학기\컴퓨터비전\실습\FoundationStereo\experiments\ds_v2_seed1/gym_v45\fs
features.npz 저장: {'pre_conf': (184, 320), 'pre_entropy': (184, 320), 'pre_argdisp': (184, 320), 'post_conf': (184, 320), 'post_entropy': (184, 320), 'post_argdisp': (184, 320), 'scale_to_full': (), 'feat_left': (128, 184, 320)}
DONE: D:\Users\dust\Documents\학교\2026년도1학기\컴퓨터비전\실습\FoundationStereo\experiments\ds_v2_seed1/living_room_contemp_v45\fs
features.npz 저장: {'pre_conf': (184, 320), 'pre_entropy': (184, 320), 'pre_argdisp': (184, 320), 'post_conf': (184, 320), 'post_entropy': (184, 320), 'post_argdisp': (184, 320), 'scale_to_full': (), 'feat_left': (128, 184, 320)}
DONE: D:\Users\dust\Documents\학교\2026년도1학기\컴퓨터비전\실습\FoundationStereo\experiments\ds_v2_seed1/livingroom_v45\fs
features.npz 저장: {'pre_conf': (184, 320), 'pre_entropy': (184, 320), 'pre_argdisp': (184, 320), 'post_conf': (184, 320), 'post_entropy': (184, 320), 'post_argdisp': (184, 320), 'scale_to_full': (), 'feat_left': (128, 184, 320)}
DONE: D:\Users\dust\Documents\학교\2026년도1학기\컴퓨터비전\실습\FoundationStereo\experiments\ds_v2_seed1/minigym_v45\fs
[fs_server] 1100/1537 (done 1100, skip 0, fail 0) 2.7s/view, ETA 20m
features.npz 저장: {'pre_conf': (184, 320), 'pre_entropy': (184, 320), 'pre_argdisp': (184, 320), 'post_conf': (184, 320), 'post_entropy': (184, 320), 'post_argdisp': (184, 320), 'scale_to_full': (), 'feat_left': (128, 184, 320)}
DONE: D:\Users\dust\Documents\학교\2026년도1학기\컴퓨터비전\실습\FoundationStereo\experiments\ds_v2_seed1/minimal_interior_v45\fs
features.npz 저장: {'pre_conf': (184, 320), 'pre_entropy': (184, 320), 'pre_argdisp': (184, 320), 'post_conf': (184, 320), 'post_entropy': (184, 320), 'post_argdisp': (184, 320), 'scale_to_full': (), 'feat_left': (128, 184, 320)}
DONE: D:\Users\dust\Documents\학교\2026년도1학기\컴퓨터비전\실습\FoundationStereo\experiments\ds_v2_seed1/scandinavian_v45\fs
features.npz 저장: {'pre_conf': (184, 320), 'pre_entropy': (184, 320), 'pre_argdisp': (184, 320), 'post_conf': (184, 320), 'post_entropy': (184, 320), 'post_argdisp': (184, 320), 'scale_to_full': (), 'feat_left': (128, 184, 320)}
DONE: D:\Users\dust\Documents\학교\2026년도1학기\컴퓨터비전\실습\FoundationStereo\experiments\ds_v2_seed1/sunlight_v45\fs
features.npz 저장: {'pre_conf': (184, 320), 'pre_entropy': (184, 320), 'pre_argdisp': (184, 320), 'post_conf': (184, 320), 'post_entropy': (184, 320), 'post_argdisp': (184, 320), 'scale_to_full': (), 'feat_left': (128, 184, 320)}
DONE: D:\Users\dust\Documents\학교\2026년도1학기\컴퓨터비전\실습\FoundationStereo\experiments\ds_v2_seed1/terrazzo_v45\fs
features.npz 저장: {'pre_conf': (184, 320), 'pre_entropy': (184, 320), 'pre_argdisp': (184, 320), 'post_conf': (184, 320), 'post_entropy': (184, 320), 'post_argdisp': (184, 320), 'scale_to_full': (), 'feat_left': (128, 184, 320)}
DONE: D:\Users\dust\Documents\학교\2026년도1학기\컴퓨터비전\실습\FoundationStereo\experiments\ds_v1_seed0/bedroom_v46\fs
features.npz 저장: {'pre_conf': (184, 320), 'pre_entropy': (184, 320), 'pre_argdisp': (184, 320), 'post_conf': (184, 320), 'post_entropy': (184, 320), 'post_argdisp': (184, 320), 'scale_to_full': (), 'feat_left': (128, 184, 320)}
DONE: D:\Users\dust\Documents\학교\2026년도1학기\컴퓨터비전\실습\FoundationStereo\experiments\ds_v1_seed0/blue_bathroom_v46\fs
features.npz 저장: {'pre_conf': (184, 320), 'pre_entropy': (184, 320), 'pre_argdisp': (184, 320), 'post_conf': (184, 320), 'post_entropy': (184, 320), 'post_argdisp': (184, 320), 'scale_to_full': (), 'feat_left': (128, 184, 320)}
DONE: D:\Users\dust\Documents\학교\2026년도1학기\컴퓨터비전\실습\FoundationStereo\experiments\ds_v1_seed0/computer_room_v46\fs
features.npz 저장: {'pre_conf': (184, 320), 'pre_entropy': (184, 320), 'pre_argdisp': (184, 320), 'post_conf': (184, 320), 'post_entropy': (184, 320), 'post_argdisp': (184, 320), 'scale_to_full': (), 'feat_left': (128, 184, 320)}
DONE: D:\Users\dust\Documents\학교\2026년도1학기\컴퓨터비전\실습\FoundationStereo\experiments\ds_v1_seed0/green_house_v46\fs
features.npz 저장: {'pre_conf': (184, 320), 'pre_entropy': (184, 320), 'pre_argdisp': (184, 320), 'post_conf': (184, 320), 'post_entropy': (184, 320), 'post_argdisp': (184, 320), 'scale_to_full': (), 'feat_left': (128, 184, 320)}
DONE: D:\Users\dust\Documents\학교\2026년도1학기\컴퓨터비전\실습\FoundationStereo\experiments\ds_v1_seed0/gym_v46\fs
features.npz 저장: {'pre_conf': (184, 320), 'pre_entropy': (184, 320), 'pre_argdisp': (184, 320), 'post_conf': (184, 320), 'post_entropy': (184, 320), 'post_argdisp': (184, 320), 'scale_to_full': (), 'feat_left': (128, 184, 320)}
DONE: D:\Users\dust\Documents\학교\2026년도1학기\컴퓨터비전\실습\FoundationStereo\experiments\ds_v1_seed0/living_room_contemp_v46\fs
features.npz 저장: {'pre_conf': (184, 320), 'pre_entropy': (184, 320), 'pre_argdisp': (184, 320), 'post_conf': (184, 320), 'post_entropy': (184, 320), 'post_argdisp': (184, 320), 'scale_to_full': (), 'feat_left': (128, 184, 320)}
DONE: D:\Users\dust\Documents\학교\2026년도1학기\컴퓨터비전\실습\FoundationStereo\experiments\ds_v1_seed0/livingroom_v46\fs
features.npz 저장: {'pre_conf': (184, 320), 'pre_entropy': (184, 320), 'pre_argdisp': (184, 320), 'post_conf': (184, 320), 'post_entropy': (184, 320), 'post_argdisp': (184, 320), 'scale_to_full': (), 'feat_left': (128, 184, 320)}
DONE: D:\Users\dust\Documents\학교\2026년도1학기\컴퓨터비전\실습\FoundationStereo\experiments\ds_v1_seed0/minigym_v46\fs
features.npz 저장: {'pre_conf': (184, 320), 'pre_entropy': (184, 320), 'pre_argdisp': (184, 320), 'post_conf': (184, 320), 'post_entropy': (184, 320), 'post_argdisp': (184, 320), 'scale_to_full': (), 'feat_left': (128, 184, 320)}
DONE: D:\Users\dust\Documents\학교\2026년도1학기\컴퓨터비전\실습\FoundationStereo\experiments\ds_v1_seed0/minimal_interior_v46\fs
features.npz 저장: {'pre_conf': (184, 320), 'pre_entropy': (184, 320), 'pre_argdisp': (184, 320), 'post_conf': (184, 320), 'post_entropy': (184, 320), 'post_argdisp': (184, 320), 'scale_to_full': (), 'feat_left': (128, 184, 320)}
DONE: D:\Users\dust\Documents\학교\2026년도1학기\컴퓨터비전\실습\FoundationStereo\experiments\ds_v1_seed0/scandinavian_v46\fs
features.npz 저장: {'pre_conf': (184, 320), 'pre_entropy': (184, 320), 'pre_argdisp': (184, 320), 'post_conf': (184, 320), 'post_entropy': (184, 320), 'post_argdisp': (184, 320), 'scale_to_full': (), 'feat_left': (128, 184, 320)}
DONE: D:\Users\dust\Documents\학교\2026년도1학기\컴퓨터비전\실습\FoundationStereo\experiments\ds_v1_seed0/sunlight_v46\fs
features.npz 저장: {'pre_conf': (184, 320), 'pre_entropy': (184, 320), 'pre_argdisp': (184, 320), 'post_conf': (184, 320), 'post_entropy': (184, 320), 'post_argdisp': (184, 320), 'scale_to_full': (), 'feat_left': (128, 184, 320)}
DONE: D:\Users\dust\Documents\학교\2026년도1학기\컴퓨터비전\실습\FoundationStereo\experiments\ds_v1_seed0/terrazzo_v46\fs
features.npz 저장: {'pre_conf': (184, 320), 'pre_entropy': (184, 320), 'pre_argdisp': (184, 320), 'post_conf': (184, 320), 'post_entropy': (184, 320), 'post_argdisp': (184, 320), 'scale_to_full': (), 'feat_left': (128, 184, 320)}
DONE: D:\Users\dust\Documents\학교\2026년도1학기\컴퓨터비전\실습\FoundationStereo\experiments\ds_v2_seed1/bedroom_v46\fs
features.npz 저장: {'pre_conf': (184, 320), 'pre_entropy': (184, 320), 'pre_argdisp': (184, 320), 'post_conf': (184, 320), 'post_entropy': (184, 320), 'post_argdisp': (184, 320), 'scale_to_full': (), 'feat_left': (128, 184, 320)}
DONE: D:\Users\dust\Documents\학교\2026년도1학기\컴퓨터비전\실습\FoundationStereo\experiments\ds_v2_seed1/blue_bathroom_v46\fs
features.npz 저장: {'pre_conf': (184, 320), 'pre_entropy': (184, 320), 'pre_argdisp': (184, 320), 'post_conf': (184, 320), 'post_entropy': (184, 320), 'post_argdisp': (184, 320), 'scale_to_full': (), 'feat_left': (128, 184, 320)}
DONE: D:\Users\dust\Documents\학교\2026년도1학기\컴퓨터비전\실습\FoundationStereo\experiments\ds_v2_seed1/computer_room_v46\fs
features.npz 저장: {'pre_conf': (184, 320), 'pre_entropy': (184, 320), 'pre_argdisp': (184, 320), 'post_conf': (184, 320), 'post_entropy': (184, 320), 'post_argdisp': (184, 320), 'scale_to_full': (), 'feat_left': (128, 184, 320)}
DONE: D:\Users\dust\Documents\학교\2026년도1학기\컴퓨터비전\실습\FoundationStereo\experiments\ds_v2_seed1/green_house_v46\fs
[fs_server] 1120/1537 (done 1120, skip 0, fail 0) 2.7s/view, ETA 19m
features.npz 저장: {'pre_conf': (184, 320), 'pre_entropy': (184, 320), 'pre_argdisp': (184, 320), 'post_conf': (184, 320), 'post_entropy': (184, 320), 'post_argdisp': (184, 320), 'scale_to_full': (), 'feat_left': (128, 184, 320)}
DONE: D:\Users\dust\Documents\학교\2026년도1학기\컴퓨터비전\실습\FoundationStereo\experiments\ds_v2_seed1/gym_v46\fs
features.npz 저장: {'pre_conf': (184, 320), 'pre_entropy': (184, 320), 'pre_argdisp': (184, 320), 'post_conf': (184, 320), 'post_entropy': (184, 320), 'post_argdisp': (184, 320), 'scale_to_full': (), 'feat_left': (128, 184, 320)}
DONE: D:\Users\dust\Documents\학교\2026년도1학기\컴퓨터비전\실습\FoundationStereo\experiments\ds_v2_seed1/living_room_contemp_v46\fs
features.npz 저장: {'pre_conf': (184, 320), 'pre_entropy': (184, 320), 'pre_argdisp': (184, 320), 'post_conf': (184, 320), 'post_entropy': (184, 320), 'post_argdisp': (184, 320), 'scale_to_full': (), 'feat_left': (128, 184, 320)}
DONE: D:\Users\dust\Documents\학교\2026년도1학기\컴퓨터비전\실습\FoundationStereo\experiments\ds_v2_seed1/livingroom_v46\fs
features.npz 저장: {'pre_conf': (184, 320), 'pre_entropy': (184, 320), 'pre_argdisp': (184, 320), 'post_conf': (184, 320), 'post_entropy': (184, 320), 'post_argdisp': (184, 320), 'scale_to_full': (), 'feat_left': (128, 184, 320)}
DONE: D:\Users\dust\Documents\학교\2026년도1학기\컴퓨터비전\실습\FoundationStereo\experiments\ds_v2_seed1/minigym_v46\fs
features.npz 저장: {'pre_conf': (184, 320), 'pre_entropy': (184, 320), 'pre_argdisp': (184, 320), 'post_conf': (184, 320), 'post_entropy': (184, 320), 'post_argdisp': (184, 320), 'scale_to_full': (), 'feat_left': (128, 184, 320)}
DONE: D:\Users\dust\Documents\학교\2026년도1학기\컴퓨터비전\실습\FoundationStereo\experiments\ds_v2_seed1/minimal_interior_v46\fs
features.npz 저장: {'pre_conf': (184, 320), 'pre_entropy': (184, 320), 'pre_argdisp': (184, 320), 'post_conf': (184, 320), 'post_entropy': (184, 320), 'post_argdisp': (184, 320), 'scale_to_full': (), 'feat_left': (128, 184, 320)}
DONE: D:\Users\dust\Documents\학교\2026년도1학기\컴퓨터비전\실습\FoundationStereo\experiments\ds_v2_seed1/scandinavian_v46\fs
features.npz 저장: {'pre_conf': (184, 320), 'pre_entropy': (184, 320), 'pre_argdisp': (184, 320), 'post_conf': (184, 320), 'post_entropy': (184, 320), 'post_argdisp': (184, 320), 'scale_to_full': (), 'feat_left': (128, 184, 320)}
DONE: D:\Users\dust\Documents\학교\2026년도1학기\컴퓨터비전\실습\FoundationStereo\experiments\ds_v2_seed1/sunlight_v46\fs
features.npz 저장: {'pre_conf': (184, 320), 'pre_entropy': (184, 320), 'pre_argdisp': (184, 320), 'post_conf': (184, 320), 'post_entropy': (184, 320), 'post_argdisp': (184, 320), 'scale_to_full': (), 'feat_left': (128, 184, 320)}
DONE: D:\Users\dust\Documents\학교\2026년도1학기\컴퓨터비전\실습\FoundationStereo\experiments\ds_v2_seed1/terrazzo_v46\fs
features.npz 저장: {'pre_conf': (184, 320), 'pre_entropy': (184, 320), 'pre_argdisp': (184, 320), 'post_conf': (184, 320), 'post_entropy': (184, 320), 'post_argdisp': (184, 320), 'scale_to_full': (), 'feat_left': (128, 184, 320)}
DONE: D:\Users\dust\Documents\학교\2026년도1학기\컴퓨터비전\실습\FoundationStereo\experiments\ds_v1_seed0/bedroom_v47\fs
features.npz 저장: {'pre_conf': (184, 320), 'pre_entropy': (184, 320), 'pre_argdisp': (184, 320), 'post_conf': (184, 320), 'post_entropy': (184, 320), 'post_argdisp': (184, 320), 'scale_to_full': (), 'feat_left': (128, 184, 320)}
DONE: D:\Users\dust\Documents\학교\2026년도1학기\컴퓨터비전\실습\FoundationStereo\experiments\ds_v1_seed0/blue_bathroom_v47\fs
features.npz 저장: {'pre_conf': (184, 320), 'pre_entropy': (184, 320), 'pre_argdisp': (184, 320), 'post_conf': (184, 320), 'post_entropy': (184, 320), 'post_argdisp': (184, 320), 'scale_to_full': (), 'feat_left': (128, 184, 320)}
DONE: D:\Users\dust\Documents\학교\2026년도1학기\컴퓨터비전\실습\FoundationStereo\experiments\ds_v1_seed0/computer_room_v47\fs
features.npz 저장: {'pre_conf': (184, 320), 'pre_entropy': (184, 320), 'pre_argdisp': (184, 320), 'post_conf': (184, 320), 'post_entropy': (184, 320), 'post_argdisp': (184, 320), 'scale_to_full': (), 'feat_left': (128, 184, 320)}
DONE: D:\Users\dust\Documents\학교\2026년도1학기\컴퓨터비전\실습\FoundationStereo\experiments\ds_v1_seed0/green_house_v47\fs
features.npz 저장: {'pre_conf': (184, 320), 'pre_entropy': (184, 320), 'pre_argdisp': (184, 320), 'post_conf': (184, 320), 'post_entropy': (184, 320), 'post_argdisp': (184, 320), 'scale_to_full': (), 'feat_left': (128, 184, 320)}
DONE: D:\Users\dust\Documents\학교\2026년도1학기\컴퓨터비전\실습\FoundationStereo\experiments\ds_v1_seed0/gym_v47\fs
features.npz 저장: {'pre_conf': (184, 320), 'pre_entropy': (184, 320), 'pre_argdisp': (184, 320), 'post_conf': (184, 320), 'post_entropy': (184, 320), 'post_argdisp': (184, 320), 'scale_to_full': (), 'feat_left': (128, 184, 320)}
DONE: D:\Users\dust\Documents\학교\2026년도1학기\컴퓨터비전\실습\FoundationStereo\experiments\ds_v1_seed0/living_room_contemp_v47\fs
features.npz 저장: {'pre_conf': (184, 320), 'pre_entropy': (184, 320), 'pre_argdisp': (184, 320), 'post_conf': (184, 320), 'post_entropy': (184, 320), 'post_argdisp': (184, 320), 'scale_to_full': (), 'feat_left': (128, 184, 320)}
DONE: D:\Users\dust\Documents\학교\2026년도1학기\컴퓨터비전\실습\FoundationStereo\experiments\ds_v1_seed0/livingroom_v47\fs
features.npz 저장: {'pre_conf': (184, 320), 'pre_entropy': (184, 320), 'pre_argdisp': (184, 320), 'post_conf': (184, 320), 'post_entropy': (184, 320), 'post_argdisp': (184, 320), 'scale_to_full': (), 'feat_left': (128, 184, 320)}
DONE: D:\Users\dust\Documents\학교\2026년도1학기\컴퓨터비전\실습\FoundationStereo\experiments\ds_v1_seed0/minigym_v47\fs
features.npz 저장: {'pre_conf': (184, 320), 'pre_entropy': (184, 320), 'pre_argdisp': (184, 320), 'post_conf': (184, 320), 'post_entropy': (184, 320), 'post_argdisp': (184, 320), 'scale_to_full': (), 'feat_left': (128, 184, 320)}
DONE: D:\Users\dust\Documents\학교\2026년도1학기\컴퓨터비전\실습\FoundationStereo\experiments\ds_v1_seed0/minimal_interior_v47\fs
features.npz 저장: {'pre_conf': (184, 320), 'pre_entropy': (184, 320), 'pre_argdisp': (184, 320), 'post_conf': (184, 320), 'post_entropy': (184, 320), 'post_argdisp': (184, 320), 'scale_to_full': (), 'feat_left': (128, 184, 320)}
DONE: D:\Users\dust\Documents\학교\2026년도1학기\컴퓨터비전\실습\FoundationStereo\experiments\ds_v1_seed0/scandinavian_v47\fs
features.npz 저장: {'pre_conf': (184, 320), 'pre_entropy': (184, 320), 'pre_argdisp': (184, 320), 'post_conf': (184, 320), 'post_entropy': (184, 320), 'post_argdisp': (184, 320), 'scale_to_full': (), 'feat_left': (128, 184, 320)}
DONE: D:\Users\dust\Documents\학교\2026년도1학기\컴퓨터비전\실습\FoundationStereo\experiments\ds_v1_seed0/sunlight_v47\fs
features.npz 저장: {'pre_conf': (184, 320), 'pre_entropy': (184, 320), 'pre_argdisp': (184, 320), 'post_conf': (184, 320), 'post_entropy': (184, 320), 'post_argdisp': (184, 320), 'scale_to_full': (), 'feat_left': (128, 184, 320)}
DONE: D:\Users\dust\Documents\학교\2026년도1학기\컴퓨터비전\실습\FoundationStereo\experiments\ds_v1_seed0/terrazzo_v47\fs
[fs_server] 1140/1537 (done 1140, skip 0, fail 0) 2.7s/view, ETA 18m
features.npz 저장: {'pre_conf': (184, 320), 'pre_entropy': (184, 320), 'pre_argdisp': (184, 320), 'post_conf': (184, 320), 'post_entropy': (184, 320), 'post_argdisp': (184, 320), 'scale_to_full': (), 'feat_left': (128, 184, 320)}
DONE: D:\Users\dust\Documents\학교\2026년도1학기\컴퓨터비전\실습\FoundationStereo\experiments\ds_v2_seed1/bedroom_v47\fs
features.npz 저장: {'pre_conf': (184, 320), 'pre_entropy': (184, 320), 'pre_argdisp': (184, 320), 'post_conf': (184, 320), 'post_entropy': (184, 320), 'post_argdisp': (184, 320), 'scale_to_full': (), 'feat_left': (128, 184, 320)}
DONE: D:\Users\dust\Documents\학교\2026년도1학기\컴퓨터비전\실습\FoundationStereo\experiments\ds_v2_seed1/blue_bathroom_v47\fs
features.npz 저장: {'pre_conf': (184, 320), 'pre_entropy': (184, 320), 'pre_argdisp': (184, 320), 'post_conf': (184, 320), 'post_entropy': (184, 320), 'post_argdisp': (184, 320), 'scale_to_full': (), 'feat_left': (128, 184, 320)}
DONE: D:\Users\dust\Documents\학교\2026년도1학기\컴퓨터비전\실습\FoundationStereo\experiments\ds_v2_seed1/computer_room_v47\fs
features.npz 저장: {'pre_conf': (184, 320), 'pre_entropy': (184, 320), 'pre_argdisp': (184, 320), 'post_conf': (184, 320), 'post_entropy': (184, 320), 'post_argdisp': (184, 320), 'scale_to_full': (), 'feat_left': (128, 184, 320)}
DONE: D:\Users\dust\Documents\학교\2026년도1학기\컴퓨터비전\실습\FoundationStereo\experiments\ds_v2_seed1/green_house_v47\fs
features.npz 저장: {'pre_conf': (184, 320), 'pre_entropy': (184, 320), 'pre_argdisp': (184, 320), 'post_conf': (184, 320), 'post_entropy': (184, 320), 'post_argdisp': (184, 320), 'scale_to_full': (), 'feat_left': (128, 184, 320)}
DONE: D:\Users\dust\Documents\학교\2026년도1학기\컴퓨터비전\실습\FoundationStereo\experiments\ds_v2_seed1/gym_v47\fs
features.npz 저장: {'pre_conf': (184, 320), 'pre_entropy': (184, 320), 'pre_argdisp': (184, 320), 'post_conf': (184, 320), 'post_entropy': (184, 320), 'post_argdisp': (184, 320), 'scale_to_full': (), 'feat_left': (128, 184, 320)}
DONE: D:\Users\dust\Documents\학교\2026년도1학기\컴퓨터비전\실습\FoundationStereo\experiments\ds_v2_seed1/living_room_contemp_v47\fs
features.npz 저장: {'pre_conf': (184, 320), 'pre_entropy': (184, 320), 'pre_argdisp': (184, 320), 'post_conf': (184, 320), 'post_entropy': (184, 320), 'post_argdisp': (184, 320), 'scale_to_full': (), 'feat_left': (128, 184, 320)}
DONE: D:\Users\dust\Documents\학교\2026년도1학기\컴퓨터비전\실습\FoundationStereo\experiments\ds_v2_seed1/livingroom_v47\fs
features.npz 저장: {'pre_conf': (184, 320), 'pre_entropy': (184, 320), 'pre_argdisp': (184, 320), 'post_conf': (184, 320), 'post_entropy': (184, 320), 'post_argdisp': (184, 320), 'scale_to_full': (), 'feat_left': (128, 184, 320)}
DONE: D:\Users\dust\Documents\학교\2026년도1학기\컴퓨터비전\실습\FoundationStereo\experiments\ds_v2_seed1/minigym_v47\fs
features.npz 저장: {'pre_conf': (184, 320), 'pre_entropy': (184, 320), 'pre_argdisp': (184, 320), 'post_conf': (184, 320), 'post_entropy': (184, 320), 'post_argdisp': (184, 320), 'scale_to_full': (), 'feat_left': (128, 184, 320)}
DONE: D:\Users\dust\Documents\학교\2026년도1학기\컴퓨터비전\실습\FoundationStereo\experiments\ds_v2_seed1/minimal_interior_v47\fs
features.npz 저장: {'pre_conf': (184, 320), 'pre_entropy': (184, 320), 'pre_argdisp': (184, 320), 'post_conf': (184, 320), 'post_entropy': (184, 320), 'post_argdisp': (184, 320), 'scale_to_full': (), 'feat_left': (128, 184, 320)}
DONE: D:\Users\dust\Documents\학교\2026년도1학기\컴퓨터비전\실습\FoundationStereo\experiments\ds_v2_seed1/scandinavian_v47\fs
features.npz 저장: {'pre_conf': (184, 320), 'pre_entropy': (184, 320), 'pre_argdisp': (184, 320), 'post_conf': (184, 320), 'post_entropy': (184, 320), 'post_argdisp': (184, 320), 'scale_to_full': (), 'feat_left': (128, 184, 320)}
DONE: D:\Users\dust\Documents\학교\2026년도1학기\컴퓨터비전\실습\FoundationStereo\experiments\ds_v2_seed1/sunlight_v47\fs
features.npz 저장: {'pre_conf': (184, 320), 'pre_entropy': (184, 320), 'pre_argdisp': (184, 320), 'post_conf': (184, 320), 'post_entropy': (184, 320), 'post_argdisp': (184, 320), 'scale_to_full': (), 'feat_left': (128, 184, 320)}
DONE: D:\Users\dust\Documents\학교\2026년도1학기\컴퓨터비전\실습\FoundationStereo\experiments\ds_v2_seed1/terrazzo_v47\fs
features.npz 저장: {'pre_conf': (184, 320), 'pre_entropy': (184, 320), 'pre_argdisp': (184, 320), 'post_conf': (184, 320), 'post_entropy': (184, 320), 'post_argdisp': (184, 320), 'scale_to_full': (), 'feat_left': (128, 184, 320)}
DONE: D:\Users\dust\Documents\학교\2026년도1학기\컴퓨터비전\실습\FoundationStereo\experiments\ds_v1_seed0/bedroom_v48\fs
features.npz 저장: {'pre_conf': (184, 320), 'pre_entropy': (184, 320), 'pre_argdisp': (184, 320), 'post_conf': (184, 320), 'post_entropy': (184, 320), 'post_argdisp': (184, 320), 'scale_to_full': (), 'feat_left': (128, 184, 320)}
DONE: D:\Users\dust\Documents\학교\2026년도1학기\컴퓨터비전\실습\FoundationStereo\experiments\ds_v1_seed0/blue_bathroom_v48\fs
features.npz 저장: {'pre_conf': (184, 320), 'pre_entropy': (184, 320), 'pre_argdisp': (184, 320), 'post_conf': (184, 320), 'post_entropy': (184, 320), 'post_argdisp': (184, 320), 'scale_to_full': (), 'feat_left': (128, 184, 320)}
DONE: D:\Users\dust\Documents\학교\2026년도1학기\컴퓨터비전\실습\FoundationStereo\experiments\ds_v1_seed0/computer_room_v48\fs
features.npz 저장: {'pre_conf': (184, 320), 'pre_entropy': (184, 320), 'pre_argdisp': (184, 320), 'post_conf': (184, 320), 'post_entropy': (184, 320), 'post_argdisp': (184, 320), 'scale_to_full': (), 'feat_left': (128, 184, 320)}
DONE: D:\Users\dust\Documents\학교\2026년도1학기\컴퓨터비전\실습\FoundationStereo\experiments\ds_v1_seed0/green_house_v48\fs
features.npz 저장: {'pre_conf': (184, 320), 'pre_entropy': (184, 320), 'pre_argdisp': (184, 320), 'post_conf': (184, 320), 'post_entropy': (184, 320), 'post_argdisp': (184, 320), 'scale_to_full': (), 'feat_left': (128, 184, 320)}
DONE: D:\Users\dust\Documents\학교\2026년도1학기\컴퓨터비전\실습\FoundationStereo\experiments\ds_v1_seed0/gym_v48\fs
features.npz 저장: {'pre_conf': (184, 320), 'pre_entropy': (184, 320), 'pre_argdisp': (184, 320), 'post_conf': (184, 320), 'post_entropy': (184, 320), 'post_argdisp': (184, 320), 'scale_to_full': (), 'feat_left': (128, 184, 320)}
DONE: D:\Users\dust\Documents\학교\2026년도1학기\컴퓨터비전\실습\FoundationStereo\experiments\ds_v1_seed0/living_room_contemp_v48\fs
features.npz 저장: {'pre_conf': (184, 320), 'pre_entropy': (184, 320), 'pre_argdisp': (184, 320), 'post_conf': (184, 320), 'post_entropy': (184, 320), 'post_argdisp': (184, 320), 'scale_to_full': (), 'feat_left': (128, 184, 320)}
DONE: D:\Users\dust\Documents\학교\2026년도1학기\컴퓨터비전\실습\FoundationStereo\experiments\ds_v1_seed0/livingroom_v48\fs
features.npz 저장: {'pre_conf': (184, 320), 'pre_entropy': (184, 320), 'pre_argdisp': (184, 320), 'post_conf': (184, 320), 'post_entropy': (184, 320), 'post_argdisp': (184, 320), 'scale_to_full': (), 'feat_left': (128, 184, 320)}
DONE: D:\Users\dust\Documents\학교\2026년도1학기\컴퓨터비전\실습\FoundationStereo\experiments\ds_v1_seed0/minigym_v48\fs
[fs_server] 1160/1537 (done 1160, skip 0, fail 0) 2.7s/view, ETA 17m
features.npz 저장: {'pre_conf': (184, 320), 'pre_entropy': (184, 320), 'pre_argdisp': (184, 320), 'post_conf': (184, 320), 'post_entropy': (184, 320), 'post_argdisp': (184, 320), 'scale_to_full': (), 'feat_left': (128, 184, 320)}
DONE: D:\Users\dust\Documents\학교\2026년도1학기\컴퓨터비전\실습\FoundationStereo\experiments\ds_v1_seed0/minimal_interior_v48\fs
features.npz 저장: {'pre_conf': (184, 320), 'pre_entropy': (184, 320), 'pre_argdisp': (184, 320), 'post_conf': (184, 320), 'post_entropy': (184, 320), 'post_argdisp': (184, 320), 'scale_to_full': (), 'feat_left': (128, 184, 320)}
DONE: D:\Users\dust\Documents\학교\2026년도1학기\컴퓨터비전\실습\FoundationStereo\experiments\ds_v1_seed0/scandinavian_v48\fs
features.npz 저장: {'pre_conf': (184, 320), 'pre_entropy': (184, 320), 'pre_argdisp': (184, 320), 'post_conf': (184, 320), 'post_entropy': (184, 320), 'post_argdisp': (184, 320), 'scale_to_full': (), 'feat_left': (128, 184, 320)}
DONE: D:\Users\dust\Documents\학교\2026년도1학기\컴퓨터비전\실습\FoundationStereo\experiments\ds_v1_seed0/sunlight_v48\fs
features.npz 저장: {'pre_conf': (184, 320), 'pre_entropy': (184, 320), 'pre_argdisp': (184, 320), 'post_conf': (184, 320), 'post_entropy': (184, 320), 'post_argdisp': (184, 320), 'scale_to_full': (), 'feat_left': (128, 184, 320)}
DONE: D:\Users\dust\Documents\학교\2026년도1학기\컴퓨터비전\실습\FoundationStereo\experiments\ds_v1_seed0/terrazzo_v48\fs
features.npz 저장: {'pre_conf': (184, 320), 'pre_entropy': (184, 320), 'pre_argdisp': (184, 320), 'post_conf': (184, 320), 'post_entropy': (184, 320), 'post_argdisp': (184, 320), 'scale_to_full': (), 'feat_left': (128, 184, 320)}
DONE: D:\Users\dust\Documents\학교\2026년도1학기\컴퓨터비전\실습\FoundationStereo\experiments\ds_v2_seed1/bedroom_v48\fs
features.npz 저장: {'pre_conf': (184, 320), 'pre_entropy': (184, 320), 'pre_argdisp': (184, 320), 'post_conf': (184, 320), 'post_entropy': (184, 320), 'post_argdisp': (184, 320), 'scale_to_full': (), 'feat_left': (128, 184, 320)}
DONE: D:\Users\dust\Documents\학교\2026년도1학기\컴퓨터비전\실습\FoundationStereo\experiments\ds_v2_seed1/blue_bathroom_v48\fs
features.npz 저장: {'pre_conf': (184, 320), 'pre_entropy': (184, 320), 'pre_argdisp': (184, 320), 'post_conf': (184, 320), 'post_entropy': (184, 320), 'post_argdisp': (184, 320), 'scale_to_full': (), 'feat_left': (128, 184, 320)}
DONE: D:\Users\dust\Documents\학교\2026년도1학기\컴퓨터비전\실습\FoundationStereo\experiments\ds_v2_seed1/computer_room_v48\fs
features.npz 저장: {'pre_conf': (184, 320), 'pre_entropy': (184, 320), 'pre_argdisp': (184, 320), 'post_conf': (184, 320), 'post_entropy': (184, 320), 'post_argdisp': (184, 320), 'scale_to_full': (), 'feat_left': (128, 184, 320)}
DONE: D:\Users\dust\Documents\학교\2026년도1학기\컴퓨터비전\실습\FoundationStereo\experiments\ds_v2_seed1/green_house_v48\fs
features.npz 저장: {'pre_conf': (184, 320), 'pre_entropy': (184, 320), 'pre_argdisp': (184, 320), 'post_conf': (184, 320), 'post_entropy': (184, 320), 'post_argdisp': (184, 320), 'scale_to_full': (), 'feat_left': (128, 184, 320)}
DONE: D:\Users\dust\Documents\학교\2026년도1학기\컴퓨터비전\실습\FoundationStereo\experiments\ds_v2_seed1/gym_v48\fs
features.npz 저장: {'pre_conf': (184, 320), 'pre_entropy': (184, 320), 'pre_argdisp': (184, 320), 'post_conf': (184, 320), 'post_entropy': (184, 320), 'post_argdisp': (184, 320), 'scale_to_full': (), 'feat_left': (128, 184, 320)}
DONE: D:\Users\dust\Documents\학교\2026년도1학기\컴퓨터비전\실습\FoundationStereo\experiments\ds_v2_seed1/living_room_contemp_v48\fs
features.npz 저장: {'pre_conf': (184, 320), 'pre_entropy': (184, 320), 'pre_argdisp': (184, 320), 'post_conf': (184, 320), 'post_entropy': (184, 320), 'post_argdisp': (184, 320), 'scale_to_full': (), 'feat_left': (128, 184, 320)}
DONE: D:\Users\dust\Documents\학교\2026년도1학기\컴퓨터비전\실습\FoundationStereo\experiments\ds_v2_seed1/livingroom_v48\fs
features.npz 저장: {'pre_conf': (184, 320), 'pre_entropy': (184, 320), 'pre_argdisp': (184, 320), 'post_conf': (184, 320), 'post_entropy': (184, 320), 'post_argdisp': (184, 320), 'scale_to_full': (), 'feat_left': (128, 184, 320)}
DONE: D:\Users\dust\Documents\학교\2026년도1학기\컴퓨터비전\실습\FoundationStereo\experiments\ds_v2_seed1/minigym_v48\fs
features.npz 저장: {'pre_conf': (184, 320), 'pre_entropy': (184, 320), 'pre_argdisp': (184, 320), 'post_conf': (184, 320), 'post_entropy': (184, 320), 'post_argdisp': (184, 320), 'scale_to_full': (), 'feat_left': (128, 184, 320)}
DONE: D:\Users\dust\Documents\학교\2026년도1학기\컴퓨터비전\실습\FoundationStereo\experiments\ds_v2_seed1/minimal_interior_v48\fs
features.npz 저장: {'pre_conf': (184, 320), 'pre_entropy': (184, 320), 'pre_argdisp': (184, 320), 'post_conf': (184, 320), 'post_entropy': (184, 320), 'post_argdisp': (184, 320), 'scale_to_full': (), 'feat_left': (128, 184, 320)}
DONE: D:\Users\dust\Documents\학교\2026년도1학기\컴퓨터비전\실습\FoundationStereo\experiments\ds_v2_seed1/scandinavian_v48\fs
features.npz 저장: {'pre_conf': (184, 320), 'pre_entropy': (184, 320), 'pre_argdisp': (184, 320), 'post_conf': (184, 320), 'post_entropy': (184, 320), 'post_argdisp': (184, 320), 'scale_to_full': (), 'feat_left': (128, 184, 320)}
DONE: D:\Users\dust\Documents\학교\2026년도1학기\컴퓨터비전\실습\FoundationStereo\experiments\ds_v2_seed1/sunlight_v48\fs
features.npz 저장: {'pre_conf': (184, 320), 'pre_entropy': (184, 320), 'pre_argdisp': (184, 320), 'post_conf': (184, 320), 'post_entropy': (184, 320), 'post_argdisp': (184, 320), 'scale_to_full': (), 'feat_left': (128, 184, 320)}
DONE: D:\Users\dust\Documents\학교\2026년도1학기\컴퓨터비전\실습\FoundationStereo\experiments\ds_v2_seed1/terrazzo_v48\fs
features.npz 저장: {'pre_conf': (184, 320), 'pre_entropy': (184, 320), 'pre_argdisp': (184, 320), 'post_conf': (184, 320), 'post_entropy': (184, 320), 'post_argdisp': (184, 320), 'scale_to_full': (), 'feat_left': (128, 184, 320)}
DONE: D:\Users\dust\Documents\학교\2026년도1학기\컴퓨터비전\실습\FoundationStereo\experiments\ds_v1_seed0/bedroom_v49\fs
features.npz 저장: {'pre_conf': (184, 320), 'pre_entropy': (184, 320), 'pre_argdisp': (184, 320), 'post_conf': (184, 320), 'post_entropy': (184, 320), 'post_argdisp': (184, 320), 'scale_to_full': (), 'feat_left': (128, 184, 320)}
DONE: D:\Users\dust\Documents\학교\2026년도1학기\컴퓨터비전\실습\FoundationStereo\experiments\ds_v1_seed0/blue_bathroom_v49\fs
features.npz 저장: {'pre_conf': (184, 320), 'pre_entropy': (184, 320), 'pre_argdisp': (184, 320), 'post_conf': (184, 320), 'post_entropy': (184, 320), 'post_argdisp': (184, 320), 'scale_to_full': (), 'feat_left': (128, 184, 320)}
DONE: D:\Users\dust\Documents\학교\2026년도1학기\컴퓨터비전\실습\FoundationStereo\experiments\ds_v1_seed0/computer_room_v49\fs
features.npz 저장: {'pre_conf': (184, 320), 'pre_entropy': (184, 320), 'pre_argdisp': (184, 320), 'post_conf': (184, 320), 'post_entropy': (184, 320), 'post_argdisp': (184, 320), 'scale_to_full': (), 'feat_left': (128, 184, 320)}
DONE: D:\Users\dust\Documents\학교\2026년도1학기\컴퓨터비전\실습\FoundationStereo\experiments\ds_v1_seed0/green_house_v49\fs
[fs_server] 1180/1537 (done 1180, skip 0, fail 0) 2.7s/view, ETA 16m
features.npz 저장: {'pre_conf': (184, 320), 'pre_entropy': (184, 320), 'pre_argdisp': (184, 320), 'post_conf': (184, 320), 'post_entropy': (184, 320), 'post_argdisp': (184, 320), 'scale_to_full': (), 'feat_left': (128, 184, 320)}
DONE: D:\Users\dust\Documents\학교\2026년도1학기\컴퓨터비전\실습\FoundationStereo\experiments\ds_v1_seed0/gym_v49\fs
features.npz 저장: {'pre_conf': (184, 320), 'pre_entropy': (184, 320), 'pre_argdisp': (184, 320), 'post_conf': (184, 320), 'post_entropy': (184, 320), 'post_argdisp': (184, 320), 'scale_to_full': (), 'feat_left': (128, 184, 320)}
DONE: D:\Users\dust\Documents\학교\2026년도1학기\컴퓨터비전\실습\FoundationStereo\experiments\ds_v1_seed0/living_room_contemp_v49\fs
features.npz 저장: {'pre_conf': (184, 320), 'pre_entropy': (184, 320), 'pre_argdisp': (184, 320), 'post_conf': (184, 320), 'post_entropy': (184, 320), 'post_argdisp': (184, 320), 'scale_to_full': (), 'feat_left': (128, 184, 320)}
DONE: D:\Users\dust\Documents\학교\2026년도1학기\컴퓨터비전\실습\FoundationStereo\experiments\ds_v1_seed0/livingroom_v49\fs
features.npz 저장: {'pre_conf': (184, 320), 'pre_entropy': (184, 320), 'pre_argdisp': (184, 320), 'post_conf': (184, 320), 'post_entropy': (184, 320), 'post_argdisp': (184, 320), 'scale_to_full': (), 'feat_left': (128, 184, 320)}
DONE: D:\Users\dust\Documents\학교\2026년도1학기\컴퓨터비전\실습\FoundationStereo\experiments\ds_v1_seed0/minigym_v49\fs
features.npz 저장: {'pre_conf': (184, 320), 'pre_entropy': (184, 320), 'pre_argdisp': (184, 320), 'post_conf': (184, 320), 'post_entropy': (184, 320), 'post_argdisp': (184, 320), 'scale_to_full': (), 'feat_left': (128, 184, 320)}
DONE: D:\Users\dust\Documents\학교\2026년도1학기\컴퓨터비전\실습\FoundationStereo\experiments\ds_v1_seed0/minimal_interior_v49\fs
features.npz 저장: {'pre_conf': (184, 320), 'pre_entropy': (184, 320), 'pre_argdisp': (184, 320), 'post_conf': (184, 320), 'post_entropy': (184, 320), 'post_argdisp': (184, 320), 'scale_to_full': (), 'feat_left': (128, 184, 320)}
DONE: D:\Users\dust\Documents\학교\2026년도1학기\컴퓨터비전\실습\FoundationStereo\experiments\ds_v1_seed0/scandinavian_v49\fs
features.npz 저장: {'pre_conf': (184, 320), 'pre_entropy': (184, 320), 'pre_argdisp': (184, 320), 'post_conf': (184, 320), 'post_entropy': (184, 320), 'post_argdisp': (184, 320), 'scale_to_full': (), 'feat_left': (128, 184, 320)}
DONE: D:\Users\dust\Documents\학교\2026년도1학기\컴퓨터비전\실습\FoundationStereo\experiments\ds_v1_seed0/sunlight_v49\fs
features.npz 저장: {'pre_conf': (184, 320), 'pre_entropy': (184, 320), 'pre_argdisp': (184, 320), 'post_conf': (184, 320), 'post_entropy': (184, 320), 'post_argdisp': (184, 320), 'scale_to_full': (), 'feat_left': (128, 184, 320)}
DONE: D:\Users\dust\Documents\학교\2026년도1학기\컴퓨터비전\실습\FoundationStereo\experiments\ds_v1_seed0/terrazzo_v49\fs
features.npz 저장: {'pre_conf': (184, 320), 'pre_entropy': (184, 320), 'pre_argdisp': (184, 320), 'post_conf': (184, 320), 'post_entropy': (184, 320), 'post_argdisp': (184, 320), 'scale_to_full': (), 'feat_left': (128, 184, 320)}
DONE: D:\Users\dust\Documents\학교\2026년도1학기\컴퓨터비전\실습\FoundationStereo\experiments\ds_v2_seed1/bedroom_v49\fs
features.npz 저장: {'pre_conf': (184, 320), 'pre_entropy': (184, 320), 'pre_argdisp': (184, 320), 'post_conf': (184, 320), 'post_entropy': (184, 320), 'post_argdisp': (184, 320), 'scale_to_full': (), 'feat_left': (128, 184, 320)}
DONE: D:\Users\dust\Documents\학교\2026년도1학기\컴퓨터비전\실습\FoundationStereo\experiments\ds_v2_seed1/blue_bathroom_v49\fs
features.npz 저장: {'pre_conf': (184, 320), 'pre_entropy': (184, 320), 'pre_argdisp': (184, 320), 'post_conf': (184, 320), 'post_entropy': (184, 320), 'post_argdisp': (184, 320), 'scale_to_full': (), 'feat_left': (128, 184, 320)}
DONE: D:\Users\dust\Documents\학교\2026년도1학기\컴퓨터비전\실습\FoundationStereo\experiments\ds_v2_seed1/computer_room_v49\fs
features.npz 저장: {'pre_conf': (184, 320), 'pre_entropy': (184, 320), 'pre_argdisp': (184, 320), 'post_conf': (184, 320), 'post_entropy': (184, 320), 'post_argdisp': (184, 320), 'scale_to_full': (), 'feat_left': (128, 184, 320)}
DONE: D:\Users\dust\Documents\학교\2026년도1학기\컴퓨터비전\실습\FoundationStereo\experiments\ds_v2_seed1/green_house_v49\fs
features.npz 저장: {'pre_conf': (184, 320), 'pre_entropy': (184, 320), 'pre_argdisp': (184, 320), 'post_conf': (184, 320), 'post_entropy': (184, 320), 'post_argdisp': (184, 320), 'scale_to_full': (), 'feat_left': (128, 184, 320)}
DONE: D:\Users\dust\Documents\학교\2026년도1학기\컴퓨터비전\실습\FoundationStereo\experiments\ds_v2_seed1/gym_v49\fs
features.npz 저장: {'pre_conf': (184, 320), 'pre_entropy': (184, 320), 'pre_argdisp': (184, 320), 'post_conf': (184, 320), 'post_entropy': (184, 320), 'post_argdisp': (184, 320), 'scale_to_full': (), 'feat_left': (128, 184, 320)}
DONE: D:\Users\dust\Documents\학교\2026년도1학기\컴퓨터비전\실습\FoundationStereo\experiments\ds_v2_seed1/living_room_contemp_v49\fs
features.npz 저장: {'pre_conf': (184, 320), 'pre_entropy': (184, 320), 'pre_argdisp': (184, 320), 'post_conf': (184, 320), 'post_entropy': (184, 320), 'post_argdisp': (184, 320), 'scale_to_full': (), 'feat_left': (128, 184, 320)}
DONE: D:\Users\dust\Documents\학교\2026년도1학기\컴퓨터비전\실습\FoundationStereo\experiments\ds_v2_seed1/livingroom_v49\fs
features.npz 저장: {'pre_conf': (184, 320), 'pre_entropy': (184, 320), 'pre_argdisp': (184, 320), 'post_conf': (184, 320), 'post_entropy': (184, 320), 'post_argdisp': (184, 320), 'scale_to_full': (), 'feat_left': (128, 184, 320)}
DONE: D:\Users\dust\Documents\학교\2026년도1학기\컴퓨터비전\실습\FoundationStereo\experiments\ds_v2_seed1/minigym_v49\fs
features.npz 저장: {'pre_conf': (184, 320), 'pre_entropy': (184, 320), 'pre_argdisp': (184, 320), 'post_conf': (184, 320), 'post_entropy': (184, 320), 'post_argdisp': (184, 320), 'scale_to_full': (), 'feat_left': (128, 184, 320)}
DONE: D:\Users\dust\Documents\학교\2026년도1학기\컴퓨터비전\실습\FoundationStereo\experiments\ds_v2_seed1/minimal_interior_v49\fs
features.npz 저장: {'pre_conf': (184, 320), 'pre_entropy': (184, 320), 'pre_argdisp': (184, 320), 'post_conf': (184, 320), 'post_entropy': (184, 320), 'post_argdisp': (184, 320), 'scale_to_full': (), 'feat_left': (128, 184, 320)}
DONE: D:\Users\dust\Documents\학교\2026년도1학기\컴퓨터비전\실습\FoundationStereo\experiments\ds_v2_seed1/scandinavian_v49\fs
features.npz 저장: {'pre_conf': (184, 320), 'pre_entropy': (184, 320), 'pre_argdisp': (184, 320), 'post_conf': (184, 320), 'post_entropy': (184, 320), 'post_argdisp': (184, 320), 'scale_to_full': (), 'feat_left': (128, 184, 320)}
DONE: D:\Users\dust\Documents\학교\2026년도1학기\컴퓨터비전\실습\FoundationStereo\experiments\ds_v2_seed1/sunlight_v49\fs
features.npz 저장: {'pre_conf': (184, 320), 'pre_entropy': (184, 320), 'pre_argdisp': (184, 320), 'post_conf': (184, 320), 'post_entropy': (184, 320), 'post_argdisp': (184, 320), 'scale_to_full': (), 'feat_left': (128, 184, 320)}
DONE: D:\Users\dust\Documents\학교\2026년도1학기\컴퓨터비전\실습\FoundationStereo\experiments\ds_v2_seed1/terrazzo_v49\fs
[fs_server] 1200/1537 (done 1200, skip 0, fail 0) 2.7s/view, ETA 15m
features.npz 저장: {'pre_conf': (184, 320), 'pre_entropy': (184, 320), 'pre_argdisp': (184, 320), 'post_conf': (184, 320), 'post_entropy': (184, 320), 'post_argdisp': (184, 320), 'scale_to_full': (), 'feat_left': (128, 184, 320)}
DONE: D:\Users\dust\Documents\학교\2026년도1학기\컴퓨터비전\실습\FoundationStereo\experiments\ds_v1_seed0/bedroom_v50\fs
features.npz 저장: {'pre_conf': (184, 320), 'pre_entropy': (184, 320), 'pre_argdisp': (184, 320), 'post_conf': (184, 320), 'post_entropy': (184, 320), 'post_argdisp': (184, 320), 'scale_to_full': (), 'feat_left': (128, 184, 320)}
DONE: D:\Users\dust\Documents\학교\2026년도1학기\컴퓨터비전\실습\FoundationStereo\experiments\ds_v1_seed0/blue_bathroom_v50\fs
features.npz 저장: {'pre_conf': (184, 320), 'pre_entropy': (184, 320), 'pre_argdisp': (184, 320), 'post_conf': (184, 320), 'post_entropy': (184, 320), 'post_argdisp': (184, 320), 'scale_to_full': (), 'feat_left': (128, 184, 320)}
DONE: D:\Users\dust\Documents\학교\2026년도1학기\컴퓨터비전\실습\FoundationStereo\experiments\ds_v1_seed0/computer_room_v50\fs
features.npz 저장: {'pre_conf': (184, 320), 'pre_entropy': (184, 320), 'pre_argdisp': (184, 320), 'post_conf': (184, 320), 'post_entropy': (184, 320), 'post_argdisp': (184, 320), 'scale_to_full': (), 'feat_left': (128, 184, 320)}
DONE: D:\Users\dust\Documents\학교\2026년도1학기\컴퓨터비전\실습\FoundationStereo\experiments\ds_v1_seed0/green_house_v50\fs
features.npz 저장: {'pre_conf': (184, 320), 'pre_entropy': (184, 320), 'pre_argdisp': (184, 320), 'post_conf': (184, 320), 'post_entropy': (184, 320), 'post_argdisp': (184, 320), 'scale_to_full': (), 'feat_left': (128, 184, 320)}
DONE: D:\Users\dust\Documents\학교\2026년도1학기\컴퓨터비전\실습\FoundationStereo\experiments\ds_v1_seed0/gym_v50\fs
features.npz 저장: {'pre_conf': (184, 320), 'pre_entropy': (184, 320), 'pre_argdisp': (184, 320), 'post_conf': (184, 320), 'post_entropy': (184, 320), 'post_argdisp': (184, 320), 'scale_to_full': (), 'feat_left': (128, 184, 320)}
DONE: D:\Users\dust\Documents\학교\2026년도1학기\컴퓨터비전\실습\FoundationStereo\experiments\ds_v1_seed0/living_room_contemp_v50\fs
features.npz 저장: {'pre_conf': (184, 320), 'pre_entropy': (184, 320), 'pre_argdisp': (184, 320), 'post_conf': (184, 320), 'post_entropy': (184, 320), 'post_argdisp': (184, 320), 'scale_to_full': (), 'feat_left': (128, 184, 320)}
DONE: D:\Users\dust\Documents\학교\2026년도1학기\컴퓨터비전\실습\FoundationStereo\experiments\ds_v1_seed0/livingroom_v50\fs
features.npz 저장: {'pre_conf': (184, 320), 'pre_entropy': (184, 320), 'pre_argdisp': (184, 320), 'post_conf': (184, 320), 'post_entropy': (184, 320), 'post_argdisp': (184, 320), 'scale_to_full': (), 'feat_left': (128, 184, 320)}
DONE: D:\Users\dust\Documents\학교\2026년도1학기\컴퓨터비전\실습\FoundationStereo\experiments\ds_v1_seed0/minigym_v50\fs
features.npz 저장: {'pre_conf': (184, 320), 'pre_entropy': (184, 320), 'pre_argdisp': (184, 320), 'post_conf': (184, 320), 'post_entropy': (184, 320), 'post_argdisp': (184, 320), 'scale_to_full': (), 'feat_left': (128, 184, 320)}
DONE: D:\Users\dust\Documents\학교\2026년도1학기\컴퓨터비전\실습\FoundationStereo\experiments\ds_v1_seed0/minimal_interior_v50\fs
features.npz 저장: {'pre_conf': (184, 320), 'pre_entropy': (184, 320), 'pre_argdisp': (184, 320), 'post_conf': (184, 320), 'post_entropy': (184, 320), 'post_argdisp': (184, 320), 'scale_to_full': (), 'feat_left': (128, 184, 320)}
DONE: D:\Users\dust\Documents\학교\2026년도1학기\컴퓨터비전\실습\FoundationStereo\experiments\ds_v1_seed0/scandinavian_v50\fs
features.npz 저장: {'pre_conf': (184, 320), 'pre_entropy': (184, 320), 'pre_argdisp': (184, 320), 'post_conf': (184, 320), 'post_entropy': (184, 320), 'post_argdisp': (184, 320), 'scale_to_full': (), 'feat_left': (128, 184, 320)}
DONE: D:\Users\dust\Documents\학교\2026년도1학기\컴퓨터비전\실습\FoundationStereo\experiments\ds_v1_seed0/sunlight_v50\fs
features.npz 저장: {'pre_conf': (184, 320), 'pre_entropy': (184, 320), 'pre_argdisp': (184, 320), 'post_conf': (184, 320), 'post_entropy': (184, 320), 'post_argdisp': (184, 320), 'scale_to_full': (), 'feat_left': (128, 184, 320)}
DONE: D:\Users\dust\Documents\학교\2026년도1학기\컴퓨터비전\실습\FoundationStereo\experiments\ds_v1_seed0/terrazzo_v50\fs
features.npz 저장: {'pre_conf': (184, 320), 'pre_entropy': (184, 320), 'pre_argdisp': (184, 320), 'post_conf': (184, 320), 'post_entropy': (184, 320), 'post_argdisp': (184, 320), 'scale_to_full': (), 'feat_left': (128, 184, 320)}
DONE: D:\Users\dust\Documents\학교\2026년도1학기\컴퓨터비전\실습\FoundationStereo\experiments\ds_v2_seed1/bedroom_v50\fs
features.npz 저장: {'pre_conf': (184, 320), 'pre_entropy': (184, 320), 'pre_argdisp': (184, 320), 'post_conf': (184, 320), 'post_entropy': (184, 320), 'post_argdisp': (184, 320), 'scale_to_full': (), 'feat_left': (128, 184, 320)}
DONE: D:\Users\dust\Documents\학교\2026년도1학기\컴퓨터비전\실습\FoundationStereo\experiments\ds_v2_seed1/blue_bathroom_v50\fs
features.npz 저장: {'pre_conf': (184, 320), 'pre_entropy': (184, 320), 'pre_argdisp': (184, 320), 'post_conf': (184, 320), 'post_entropy': (184, 320), 'post_argdisp': (184, 320), 'scale_to_full': (), 'feat_left': (128, 184, 320)}
DONE: D:\Users\dust\Documents\학교\2026년도1학기\컴퓨터비전\실습\FoundationStereo\experiments\ds_v2_seed1/computer_room_v50\fs
features.npz 저장: {'pre_conf': (184, 320), 'pre_entropy': (184, 320), 'pre_argdisp': (184, 320), 'post_conf': (184, 320), 'post_entropy': (184, 320), 'post_argdisp': (184, 320), 'scale_to_full': (), 'feat_left': (128, 184, 320)}
DONE: D:\Users\dust\Documents\학교\2026년도1학기\컴퓨터비전\실습\FoundationStereo\experiments\ds_v2_seed1/green_house_v50\fs
features.npz 저장: {'pre_conf': (184, 320), 'pre_entropy': (184, 320), 'pre_argdisp': (184, 320), 'post_conf': (184, 320), 'post_entropy': (184, 320), 'post_argdisp': (184, 320), 'scale_to_full': (), 'feat_left': (128, 184, 320)}
DONE: D:\Users\dust\Documents\학교\2026년도1학기\컴퓨터비전\실습\FoundationStereo\experiments\ds_v2_seed1/gym_v50\fs
features.npz 저장: {'pre_conf': (184, 320), 'pre_entropy': (184, 320), 'pre_argdisp': (184, 320), 'post_conf': (184, 320), 'post_entropy': (184, 320), 'post_argdisp': (184, 320), 'scale_to_full': (), 'feat_left': (128, 184, 320)}
DONE: D:\Users\dust\Documents\학교\2026년도1학기\컴퓨터비전\실습\FoundationStereo\experiments\ds_v2_seed1/living_room_contemp_v50\fs
features.npz 저장: {'pre_conf': (184, 320), 'pre_entropy': (184, 320), 'pre_argdisp': (184, 320), 'post_conf': (184, 320), 'post_entropy': (184, 320), 'post_argdisp': (184, 320), 'scale_to_full': (), 'feat_left': (128, 184, 320)}
DONE: D:\Users\dust\Documents\학교\2026년도1학기\컴퓨터비전\실습\FoundationStereo\experiments\ds_v2_seed1/livingroom_v50\fs
features.npz 저장: {'pre_conf': (184, 320), 'pre_entropy': (184, 320), 'pre_argdisp': (184, 320), 'post_conf': (184, 320), 'post_entropy': (184, 320), 'post_argdisp': (184, 320), 'scale_to_full': (), 'feat_left': (128, 184, 320)}
DONE: D:\Users\dust\Documents\학교\2026년도1학기\컴퓨터비전\실습\FoundationStereo\experiments\ds_v2_seed1/minigym_v50\fs
[fs_server] 1220/1537 (done 1220, skip 0, fail 0) 2.7s/view, ETA 14m
features.npz 저장: {'pre_conf': (184, 320), 'pre_entropy': (184, 320), 'pre_argdisp': (184, 320), 'post_conf': (184, 320), 'post_entropy': (184, 320), 'post_argdisp': (184, 320), 'scale_to_full': (), 'feat_left': (128, 184, 320)}
DONE: D:\Users\dust\Documents\학교\2026년도1학기\컴퓨터비전\실습\FoundationStereo\experiments\ds_v2_seed1/minimal_interior_v50\fs
features.npz 저장: {'pre_conf': (184, 320), 'pre_entropy': (184, 320), 'pre_argdisp': (184, 320), 'post_conf': (184, 320), 'post_entropy': (184, 320), 'post_argdisp': (184, 320), 'scale_to_full': (), 'feat_left': (128, 184, 320)}
DONE: D:\Users\dust\Documents\학교\2026년도1학기\컴퓨터비전\실습\FoundationStereo\experiments\ds_v2_seed1/scandinavian_v50\fs
features.npz 저장: {'pre_conf': (184, 320), 'pre_entropy': (184, 320), 'pre_argdisp': (184, 320), 'post_conf': (184, 320), 'post_entropy': (184, 320), 'post_argdisp': (184, 320), 'scale_to_full': (), 'feat_left': (128, 184, 320)}
DONE: D:\Users\dust\Documents\학교\2026년도1학기\컴퓨터비전\실습\FoundationStereo\experiments\ds_v2_seed1/sunlight_v50\fs
features.npz 저장: {'pre_conf': (184, 320), 'pre_entropy': (184, 320), 'pre_argdisp': (184, 320), 'post_conf': (184, 320), 'post_entropy': (184, 320), 'post_argdisp': (184, 320), 'scale_to_full': (), 'feat_left': (128, 184, 320)}
DONE: D:\Users\dust\Documents\학교\2026년도1학기\컴퓨터비전\실습\FoundationStereo\experiments\ds_v2_seed1/terrazzo_v50\fs
features.npz 저장: {'pre_conf': (184, 320), 'pre_entropy': (184, 320), 'pre_argdisp': (184, 320), 'post_conf': (184, 320), 'post_entropy': (184, 320), 'post_argdisp': (184, 320), 'scale_to_full': (), 'feat_left': (128, 184, 320)}
DONE: D:\Users\dust\Documents\학교\2026년도1학기\컴퓨터비전\실습\FoundationStereo\experiments\ds_v1_seed0/bedroom_v51\fs
features.npz 저장: {'pre_conf': (184, 320), 'pre_entropy': (184, 320), 'pre_argdisp': (184, 320), 'post_conf': (184, 320), 'post_entropy': (184, 320), 'post_argdisp': (184, 320), 'scale_to_full': (), 'feat_left': (128, 184, 320)}
DONE: D:\Users\dust\Documents\학교\2026년도1학기\컴퓨터비전\실습\FoundationStereo\experiments\ds_v1_seed0/blue_bathroom_v51\fs
features.npz 저장: {'pre_conf': (184, 320), 'pre_entropy': (184, 320), 'pre_argdisp': (184, 320), 'post_conf': (184, 320), 'post_entropy': (184, 320), 'post_argdisp': (184, 320), 'scale_to_full': (), 'feat_left': (128, 184, 320)}
DONE: D:\Users\dust\Documents\학교\2026년도1학기\컴퓨터비전\실습\FoundationStereo\experiments\ds_v1_seed0/computer_room_v51\fs
features.npz 저장: {'pre_conf': (184, 320), 'pre_entropy': (184, 320), 'pre_argdisp': (184, 320), 'post_conf': (184, 320), 'post_entropy': (184, 320), 'post_argdisp': (184, 320), 'scale_to_full': (), 'feat_left': (128, 184, 320)}
DONE: D:\Users\dust\Documents\학교\2026년도1학기\컴퓨터비전\실습\FoundationStereo\experiments\ds_v1_seed0/green_house_v51\fs
features.npz 저장: {'pre_conf': (184, 320), 'pre_entropy': (184, 320), 'pre_argdisp': (184, 320), 'post_conf': (184, 320), 'post_entropy': (184, 320), 'post_argdisp': (184, 320), 'scale_to_full': (), 'feat_left': (128, 184, 320)}
DONE: D:\Users\dust\Documents\학교\2026년도1학기\컴퓨터비전\실습\FoundationStereo\experiments\ds_v1_seed0/gym_v51\fs
features.npz 저장: {'pre_conf': (184, 320), 'pre_entropy': (184, 320), 'pre_argdisp': (184, 320), 'post_conf': (184, 320), 'post_entropy': (184, 320), 'post_argdisp': (184, 320), 'scale_to_full': (), 'feat_left': (128, 184, 320)}
DONE: D:\Users\dust\Documents\학교\2026년도1학기\컴퓨터비전\실습\FoundationStereo\experiments\ds_v1_seed0/living_room_contemp_v51\fs
features.npz 저장: {'pre_conf': (184, 320), 'pre_entropy': (184, 320), 'pre_argdisp': (184, 320), 'post_conf': (184, 320), 'post_entropy': (184, 320), 'post_argdisp': (184, 320), 'scale_to_full': (), 'feat_left': (128, 184, 320)}
DONE: D:\Users\dust\Documents\학교\2026년도1학기\컴퓨터비전\실습\FoundationStereo\experiments\ds_v1_seed0/livingroom_v51\fs
features.npz 저장: {'pre_conf': (184, 320), 'pre_entropy': (184, 320), 'pre_argdisp': (184, 320), 'post_conf': (184, 320), 'post_entropy': (184, 320), 'post_argdisp': (184, 320), 'scale_to_full': (), 'feat_left': (128, 184, 320)}
DONE: D:\Users\dust\Documents\학교\2026년도1학기\컴퓨터비전\실습\FoundationStereo\experiments\ds_v1_seed0/minigym_v51\fs
features.npz 저장: {'pre_conf': (184, 320), 'pre_entropy': (184, 320), 'pre_argdisp': (184, 320), 'post_conf': (184, 320), 'post_entropy': (184, 320), 'post_argdisp': (184, 320), 'scale_to_full': (), 'feat_left': (128, 184, 320)}
DONE: D:\Users\dust\Documents\학교\2026년도1학기\컴퓨터비전\실습\FoundationStereo\experiments\ds_v1_seed0/minimal_interior_v51\fs
features.npz 저장: {'pre_conf': (184, 320), 'pre_entropy': (184, 320), 'pre_argdisp': (184, 320), 'post_conf': (184, 320), 'post_entropy': (184, 320), 'post_argdisp': (184, 320), 'scale_to_full': (), 'feat_left': (128, 184, 320)}
DONE: D:\Users\dust\Documents\학교\2026년도1학기\컴퓨터비전\실습\FoundationStereo\experiments\ds_v1_seed0/scandinavian_v51\fs
features.npz 저장: {'pre_conf': (184, 320), 'pre_entropy': (184, 320), 'pre_argdisp': (184, 320), 'post_conf': (184, 320), 'post_entropy': (184, 320), 'post_argdisp': (184, 320), 'scale_to_full': (), 'feat_left': (128, 184, 320)}
DONE: D:\Users\dust\Documents\학교\2026년도1학기\컴퓨터비전\실습\FoundationStereo\experiments\ds_v1_seed0/sunlight_v51\fs
features.npz 저장: {'pre_conf': (184, 320), 'pre_entropy': (184, 320), 'pre_argdisp': (184, 320), 'post_conf': (184, 320), 'post_entropy': (184, 320), 'post_argdisp': (184, 320), 'scale_to_full': (), 'feat_left': (128, 184, 320)}
DONE: D:\Users\dust\Documents\학교\2026년도1학기\컴퓨터비전\실습\FoundationStereo\experiments\ds_v1_seed0/terrazzo_v51\fs
features.npz 저장: {'pre_conf': (184, 320), 'pre_entropy': (184, 320), 'pre_argdisp': (184, 320), 'post_conf': (184, 320), 'post_entropy': (184, 320), 'post_argdisp': (184, 320), 'scale_to_full': (), 'feat_left': (128, 184, 320)}
DONE: D:\Users\dust\Documents\학교\2026년도1학기\컴퓨터비전\실습\FoundationStereo\experiments\ds_v2_seed1/bedroom_v51\fs
features.npz 저장: {'pre_conf': (184, 320), 'pre_entropy': (184, 320), 'pre_argdisp': (184, 320), 'post_conf': (184, 320), 'post_entropy': (184, 320), 'post_argdisp': (184, 320), 'scale_to_full': (), 'feat_left': (128, 184, 320)}
DONE: D:\Users\dust\Documents\학교\2026년도1학기\컴퓨터비전\실습\FoundationStereo\experiments\ds_v2_seed1/blue_bathroom_v51\fs
features.npz 저장: {'pre_conf': (184, 320), 'pre_entropy': (184, 320), 'pre_argdisp': (184, 320), 'post_conf': (184, 320), 'post_entropy': (184, 320), 'post_argdisp': (184, 320), 'scale_to_full': (), 'feat_left': (128, 184, 320)}
DONE: D:\Users\dust\Documents\학교\2026년도1학기\컴퓨터비전\실습\FoundationStereo\experiments\ds_v2_seed1/computer_room_v51\fs
features.npz 저장: {'pre_conf': (184, 320), 'pre_entropy': (184, 320), 'pre_argdisp': (184, 320), 'post_conf': (184, 320), 'post_entropy': (184, 320), 'post_argdisp': (184, 320), 'scale_to_full': (), 'feat_left': (128, 184, 320)}
DONE: D:\Users\dust\Documents\학교\2026년도1학기\컴퓨터비전\실습\FoundationStereo\experiments\ds_v2_seed1/green_house_v51\fs
[fs_server] 1240/1537 (done 1240, skip 0, fail 0) 2.7s/view, ETA 14m
features.npz 저장: {'pre_conf': (184, 320), 'pre_entropy': (184, 320), 'pre_argdisp': (184, 320), 'post_conf': (184, 320), 'post_entropy': (184, 320), 'post_argdisp': (184, 320), 'scale_to_full': (), 'feat_left': (128, 184, 320)}
DONE: D:\Users\dust\Documents\학교\2026년도1학기\컴퓨터비전\실습\FoundationStereo\experiments\ds_v2_seed1/gym_v51\fs
features.npz 저장: {'pre_conf': (184, 320), 'pre_entropy': (184, 320), 'pre_argdisp': (184, 320), 'post_conf': (184, 320), 'post_entropy': (184, 320), 'post_argdisp': (184, 320), 'scale_to_full': (), 'feat_left': (128, 184, 320)}
DONE: D:\Users\dust\Documents\학교\2026년도1학기\컴퓨터비전\실습\FoundationStereo\experiments\ds_v2_seed1/living_room_contemp_v51\fs
features.npz 저장: {'pre_conf': (184, 320), 'pre_entropy': (184, 320), 'pre_argdisp': (184, 320), 'post_conf': (184, 320), 'post_entropy': (184, 320), 'post_argdisp': (184, 320), 'scale_to_full': (), 'feat_left': (128, 184, 320)}
DONE: D:\Users\dust\Documents\학교\2026년도1학기\컴퓨터비전\실습\FoundationStereo\experiments\ds_v2_seed1/livingroom_v51\fs
features.npz 저장: {'pre_conf': (184, 320), 'pre_entropy': (184, 320), 'pre_argdisp': (184, 320), 'post_conf': (184, 320), 'post_entropy': (184, 320), 'post_argdisp': (184, 320), 'scale_to_full': (), 'feat_left': (128, 184, 320)}
DONE: D:\Users\dust\Documents\학교\2026년도1학기\컴퓨터비전\실습\FoundationStereo\experiments\ds_v2_seed1/minigym_v51\fs
features.npz 저장: {'pre_conf': (184, 320), 'pre_entropy': (184, 320), 'pre_argdisp': (184, 320), 'post_conf': (184, 320), 'post_entropy': (184, 320), 'post_argdisp': (184, 320), 'scale_to_full': (), 'feat_left': (128, 184, 320)}
DONE: D:\Users\dust\Documents\학교\2026년도1학기\컴퓨터비전\실습\FoundationStereo\experiments\ds_v2_seed1/minimal_interior_v51\fs
features.npz 저장: {'pre_conf': (184, 320), 'pre_entropy': (184, 320), 'pre_argdisp': (184, 320), 'post_conf': (184, 320), 'post_entropy': (184, 320), 'post_argdisp': (184, 320), 'scale_to_full': (), 'feat_left': (128, 184, 320)}
DONE: D:\Users\dust\Documents\학교\2026년도1학기\컴퓨터비전\실습\FoundationStereo\experiments\ds_v2_seed1/scandinavian_v51\fs
features.npz 저장: {'pre_conf': (184, 320), 'pre_entropy': (184, 320), 'pre_argdisp': (184, 320), 'post_conf': (184, 320), 'post_entropy': (184, 320), 'post_argdisp': (184, 320), 'scale_to_full': (), 'feat_left': (128, 184, 320)}
DONE: D:\Users\dust\Documents\학교\2026년도1학기\컴퓨터비전\실습\FoundationStereo\experiments\ds_v2_seed1/sunlight_v51\fs
features.npz 저장: {'pre_conf': (184, 320), 'pre_entropy': (184, 320), 'pre_argdisp': (184, 320), 'post_conf': (184, 320), 'post_entropy': (184, 320), 'post_argdisp': (184, 320), 'scale_to_full': (), 'feat_left': (128, 184, 320)}
DONE: D:\Users\dust\Documents\학교\2026년도1학기\컴퓨터비전\실습\FoundationStereo\experiments\ds_v2_seed1/terrazzo_v51\fs
features.npz 저장: {'pre_conf': (184, 320), 'pre_entropy': (184, 320), 'pre_argdisp': (184, 320), 'post_conf': (184, 320), 'post_entropy': (184, 320), 'post_argdisp': (184, 320), 'scale_to_full': (), 'feat_left': (128, 184, 320)}
DONE: D:\Users\dust\Documents\학교\2026년도1학기\컴퓨터비전\실습\FoundationStereo\experiments\ds_v1_seed0/bedroom_v52\fs
features.npz 저장: {'pre_conf': (184, 320), 'pre_entropy': (184, 320), 'pre_argdisp': (184, 320), 'post_conf': (184, 320), 'post_entropy': (184, 320), 'post_argdisp': (184, 320), 'scale_to_full': (), 'feat_left': (128, 184, 320)}
DONE: D:\Users\dust\Documents\학교\2026년도1학기\컴퓨터비전\실습\FoundationStereo\experiments\ds_v1_seed0/blue_bathroom_v52\fs
features.npz 저장: {'pre_conf': (184, 320), 'pre_entropy': (184, 320), 'pre_argdisp': (184, 320), 'post_conf': (184, 320), 'post_entropy': (184, 320), 'post_argdisp': (184, 320), 'scale_to_full': (), 'feat_left': (128, 184, 320)}
DONE: D:\Users\dust\Documents\학교\2026년도1학기\컴퓨터비전\실습\FoundationStereo\experiments\ds_v1_seed0/computer_room_v52\fs
features.npz 저장: {'pre_conf': (184, 320), 'pre_entropy': (184, 320), 'pre_argdisp': (184, 320), 'post_conf': (184, 320), 'post_entropy': (184, 320), 'post_argdisp': (184, 320), 'scale_to_full': (), 'feat_left': (128, 184, 320)}
DONE: D:\Users\dust\Documents\학교\2026년도1학기\컴퓨터비전\실습\FoundationStereo\experiments\ds_v1_seed0/green_house_v52\fs
features.npz 저장: {'pre_conf': (184, 320), 'pre_entropy': (184, 320), 'pre_argdisp': (184, 320), 'post_conf': (184, 320), 'post_entropy': (184, 320), 'post_argdisp': (184, 320), 'scale_to_full': (), 'feat_left': (128, 184, 320)}
DONE: D:\Users\dust\Documents\학교\2026년도1학기\컴퓨터비전\실습\FoundationStereo\experiments\ds_v1_seed0/gym_v52\fs
features.npz 저장: {'pre_conf': (184, 320), 'pre_entropy': (184, 320), 'pre_argdisp': (184, 320), 'post_conf': (184, 320), 'post_entropy': (184, 320), 'post_argdisp': (184, 320), 'scale_to_full': (), 'feat_left': (128, 184, 320)}
DONE: D:\Users\dust\Documents\학교\2026년도1학기\컴퓨터비전\실습\FoundationStereo\experiments\ds_v1_seed0/living_room_contemp_v52\fs
features.npz 저장: {'pre_conf': (184, 320), 'pre_entropy': (184, 320), 'pre_argdisp': (184, 320), 'post_conf': (184, 320), 'post_entropy': (184, 320), 'post_argdisp': (184, 320), 'scale_to_full': (), 'feat_left': (128, 184, 320)}
DONE: D:\Users\dust\Documents\학교\2026년도1학기\컴퓨터비전\실습\FoundationStereo\experiments\ds_v1_seed0/livingroom_v52\fs
features.npz 저장: {'pre_conf': (184, 320), 'pre_entropy': (184, 320), 'pre_argdisp': (184, 320), 'post_conf': (184, 320), 'post_entropy': (184, 320), 'post_argdisp': (184, 320), 'scale_to_full': (), 'feat_left': (128, 184, 320)}
DONE: D:\Users\dust\Documents\학교\2026년도1학기\컴퓨터비전\실습\FoundationStereo\experiments\ds_v1_seed0/minigym_v52\fs
features.npz 저장: {'pre_conf': (184, 320), 'pre_entropy': (184, 320), 'pre_argdisp': (184, 320), 'post_conf': (184, 320), 'post_entropy': (184, 320), 'post_argdisp': (184, 320), 'scale_to_full': (), 'feat_left': (128, 184, 320)}
DONE: D:\Users\dust\Documents\학교\2026년도1학기\컴퓨터비전\실습\FoundationStereo\experiments\ds_v1_seed0/minimal_interior_v52\fs
features.npz 저장: {'pre_conf': (184, 320), 'pre_entropy': (184, 320), 'pre_argdisp': (184, 320), 'post_conf': (184, 320), 'post_entropy': (184, 320), 'post_argdisp': (184, 320), 'scale_to_full': (), 'feat_left': (128, 184, 320)}
DONE: D:\Users\dust\Documents\학교\2026년도1학기\컴퓨터비전\실습\FoundationStereo\experiments\ds_v1_seed0/scandinavian_v52\fs
features.npz 저장: {'pre_conf': (184, 320), 'pre_entropy': (184, 320), 'pre_argdisp': (184, 320), 'post_conf': (184, 320), 'post_entropy': (184, 320), 'post_argdisp': (184, 320), 'scale_to_full': (), 'feat_left': (128, 184, 320)}
DONE: D:\Users\dust\Documents\학교\2026년도1학기\컴퓨터비전\실습\FoundationStereo\experiments\ds_v1_seed0/sunlight_v52\fs
features.npz 저장: {'pre_conf': (184, 320), 'pre_entropy': (184, 320), 'pre_argdisp': (184, 320), 'post_conf': (184, 320), 'post_entropy': (184, 320), 'post_argdisp': (184, 320), 'scale_to_full': (), 'feat_left': (128, 184, 320)}
DONE: D:\Users\dust\Documents\학교\2026년도1학기\컴퓨터비전\실습\FoundationStereo\experiments\ds_v1_seed0/terrazzo_v52\fs
[fs_server] 1260/1537 (done 1260, skip 0, fail 0) 2.7s/view, ETA 13m
features.npz 저장: {'pre_conf': (184, 320), 'pre_entropy': (184, 320), 'pre_argdisp': (184, 320), 'post_conf': (184, 320), 'post_entropy': (184, 320), 'post_argdisp': (184, 320), 'scale_to_full': (), 'feat_left': (128, 184, 320)}
DONE: D:\Users\dust\Documents\학교\2026년도1학기\컴퓨터비전\실습\FoundationStereo\experiments\ds_v2_seed1/bedroom_v52\fs
features.npz 저장: {'pre_conf': (184, 320), 'pre_entropy': (184, 320), 'pre_argdisp': (184, 320), 'post_conf': (184, 320), 'post_entropy': (184, 320), 'post_argdisp': (184, 320), 'scale_to_full': (), 'feat_left': (128, 184, 320)}
DONE: D:\Users\dust\Documents\학교\2026년도1학기\컴퓨터비전\실습\FoundationStereo\experiments\ds_v2_seed1/blue_bathroom_v52\fs
features.npz 저장: {'pre_conf': (184, 320), 'pre_entropy': (184, 320), 'pre_argdisp': (184, 320), 'post_conf': (184, 320), 'post_entropy': (184, 320), 'post_argdisp': (184, 320), 'scale_to_full': (), 'feat_left': (128, 184, 320)}
DONE: D:\Users\dust\Documents\학교\2026년도1학기\컴퓨터비전\실습\FoundationStereo\experiments\ds_v2_seed1/computer_room_v52\fs
features.npz 저장: {'pre_conf': (184, 320), 'pre_entropy': (184, 320), 'pre_argdisp': (184, 320), 'post_conf': (184, 320), 'post_entropy': (184, 320), 'post_argdisp': (184, 320), 'scale_to_full': (), 'feat_left': (128, 184, 320)}
DONE: D:\Users\dust\Documents\학교\2026년도1학기\컴퓨터비전\실습\FoundationStereo\experiments\ds_v2_seed1/green_house_v52\fs
features.npz 저장: {'pre_conf': (184, 320), 'pre_entropy': (184, 320), 'pre_argdisp': (184, 320), 'post_conf': (184, 320), 'post_entropy': (184, 320), 'post_argdisp': (184, 320), 'scale_to_full': (), 'feat_left': (128, 184, 320)}
DONE: D:\Users\dust\Documents\학교\2026년도1학기\컴퓨터비전\실습\FoundationStereo\experiments\ds_v2_seed1/gym_v52\fs
features.npz 저장: {'pre_conf': (184, 320), 'pre_entropy': (184, 320), 'pre_argdisp': (184, 320), 'post_conf': (184, 320), 'post_entropy': (184, 320), 'post_argdisp': (184, 320), 'scale_to_full': (), 'feat_left': (128, 184, 320)}
DONE: D:\Users\dust\Documents\학교\2026년도1학기\컴퓨터비전\실습\FoundationStereo\experiments\ds_v2_seed1/living_room_contemp_v52\fs
features.npz 저장: {'pre_conf': (184, 320), 'pre_entropy': (184, 320), 'pre_argdisp': (184, 320), 'post_conf': (184, 320), 'post_entropy': (184, 320), 'post_argdisp': (184, 320), 'scale_to_full': (), 'feat_left': (128, 184, 320)}
DONE: D:\Users\dust\Documents\학교\2026년도1학기\컴퓨터비전\실습\FoundationStereo\experiments\ds_v2_seed1/livingroom_v52\fs
features.npz 저장: {'pre_conf': (184, 320), 'pre_entropy': (184, 320), 'pre_argdisp': (184, 320), 'post_conf': (184, 320), 'post_entropy': (184, 320), 'post_argdisp': (184, 320), 'scale_to_full': (), 'feat_left': (128, 184, 320)}
DONE: D:\Users\dust\Documents\학교\2026년도1학기\컴퓨터비전\실습\FoundationStereo\experiments\ds_v2_seed1/minigym_v52\fs
features.npz 저장: {'pre_conf': (184, 320), 'pre_entropy': (184, 320), 'pre_argdisp': (184, 320), 'post_conf': (184, 320), 'post_entropy': (184, 320), 'post_argdisp': (184, 320), 'scale_to_full': (), 'feat_left': (128, 184, 320)}
DONE: D:\Users\dust\Documents\학교\2026년도1학기\컴퓨터비전\실습\FoundationStereo\experiments\ds_v2_seed1/minimal_interior_v52\fs
features.npz 저장: {'pre_conf': (184, 320), 'pre_entropy': (184, 320), 'pre_argdisp': (184, 320), 'post_conf': (184, 320), 'post_entropy': (184, 320), 'post_argdisp': (184, 320), 'scale_to_full': (), 'feat_left': (128, 184, 320)}
DONE: D:\Users\dust\Documents\학교\2026년도1학기\컴퓨터비전\실습\FoundationStereo\experiments\ds_v2_seed1/scandinavian_v52\fs
features.npz 저장: {'pre_conf': (184, 320), 'pre_entropy': (184, 320), 'pre_argdisp': (184, 320), 'post_conf': (184, 320), 'post_entropy': (184, 320), 'post_argdisp': (184, 320), 'scale_to_full': (), 'feat_left': (128, 184, 320)}
DONE: D:\Users\dust\Documents\학교\2026년도1학기\컴퓨터비전\실습\FoundationStereo\experiments\ds_v2_seed1/sunlight_v52\fs
features.npz 저장: {'pre_conf': (184, 320), 'pre_entropy': (184, 320), 'pre_argdisp': (184, 320), 'post_conf': (184, 320), 'post_entropy': (184, 320), 'post_argdisp': (184, 320), 'scale_to_full': (), 'feat_left': (128, 184, 320)}
DONE: D:\Users\dust\Documents\학교\2026년도1학기\컴퓨터비전\실습\FoundationStereo\experiments\ds_v2_seed1/terrazzo_v52\fs
features.npz 저장: {'pre_conf': (184, 320), 'pre_entropy': (184, 320), 'pre_argdisp': (184, 320), 'post_conf': (184, 320), 'post_entropy': (184, 320), 'post_argdisp': (184, 320), 'scale_to_full': (), 'feat_left': (128, 184, 320)}
DONE: D:\Users\dust\Documents\학교\2026년도1학기\컴퓨터비전\실습\FoundationStereo\experiments\ds_v1_seed0/bedroom_v53\fs
features.npz 저장: {'pre_conf': (184, 320), 'pre_entropy': (184, 320), 'pre_argdisp': (184, 320), 'post_conf': (184, 320), 'post_entropy': (184, 320), 'post_argdisp': (184, 320), 'scale_to_full': (), 'feat_left': (128, 184, 320)}
DONE: D:\Users\dust\Documents\학교\2026년도1학기\컴퓨터비전\실습\FoundationStereo\experiments\ds_v1_seed0/blue_bathroom_v53\fs
features.npz 저장: {'pre_conf': (184, 320), 'pre_entropy': (184, 320), 'pre_argdisp': (184, 320), 'post_conf': (184, 320), 'post_entropy': (184, 320), 'post_argdisp': (184, 320), 'scale_to_full': (), 'feat_left': (128, 184, 320)}
DONE: D:\Users\dust\Documents\학교\2026년도1학기\컴퓨터비전\실습\FoundationStereo\experiments\ds_v1_seed0/computer_room_v53\fs
features.npz 저장: {'pre_conf': (184, 320), 'pre_entropy': (184, 320), 'pre_argdisp': (184, 320), 'post_conf': (184, 320), 'post_entropy': (184, 320), 'post_argdisp': (184, 320), 'scale_to_full': (), 'feat_left': (128, 184, 320)}
DONE: D:\Users\dust\Documents\학교\2026년도1학기\컴퓨터비전\실습\FoundationStereo\experiments\ds_v1_seed0/green_house_v53\fs
features.npz 저장: {'pre_conf': (184, 320), 'pre_entropy': (184, 320), 'pre_argdisp': (184, 320), 'post_conf': (184, 320), 'post_entropy': (184, 320), 'post_argdisp': (184, 320), 'scale_to_full': (), 'feat_left': (128, 184, 320)}
DONE: D:\Users\dust\Documents\학교\2026년도1학기\컴퓨터비전\실습\FoundationStereo\experiments\ds_v1_seed0/gym_v53\fs
features.npz 저장: {'pre_conf': (184, 320), 'pre_entropy': (184, 320), 'pre_argdisp': (184, 320), 'post_conf': (184, 320), 'post_entropy': (184, 320), 'post_argdisp': (184, 320), 'scale_to_full': (), 'feat_left': (128, 184, 320)}
DONE: D:\Users\dust\Documents\학교\2026년도1학기\컴퓨터비전\실습\FoundationStereo\experiments\ds_v1_seed0/living_room_contemp_v53\fs
features.npz 저장: {'pre_conf': (184, 320), 'pre_entropy': (184, 320), 'pre_argdisp': (184, 320), 'post_conf': (184, 320), 'post_entropy': (184, 320), 'post_argdisp': (184, 320), 'scale_to_full': (), 'feat_left': (128, 184, 320)}
DONE: D:\Users\dust\Documents\학교\2026년도1학기\컴퓨터비전\실습\FoundationStereo\experiments\ds_v1_seed0/livingroom_v53\fs
features.npz 저장: {'pre_conf': (184, 320), 'pre_entropy': (184, 320), 'pre_argdisp': (184, 320), 'post_conf': (184, 320), 'post_entropy': (184, 320), 'post_argdisp': (184, 320), 'scale_to_full': (), 'feat_left': (128, 184, 320)}
DONE: D:\Users\dust\Documents\학교\2026년도1학기\컴퓨터비전\실습\FoundationStereo\experiments\ds_v1_seed0/minigym_v53\fs
[fs_server] 1280/1537 (done 1280, skip 0, fail 0) 2.7s/view, ETA 12m
features.npz 저장: {'pre_conf': (184, 320), 'pre_entropy': (184, 320), 'pre_argdisp': (184, 320), 'post_conf': (184, 320), 'post_entropy': (184, 320), 'post_argdisp': (184, 320), 'scale_to_full': (), 'feat_left': (128, 184, 320)}
DONE: D:\Users\dust\Documents\학교\2026년도1학기\컴퓨터비전\실습\FoundationStereo\experiments\ds_v1_seed0/minimal_interior_v53\fs
features.npz 저장: {'pre_conf': (184, 320), 'pre_entropy': (184, 320), 'pre_argdisp': (184, 320), 'post_conf': (184, 320), 'post_entropy': (184, 320), 'post_argdisp': (184, 320), 'scale_to_full': (), 'feat_left': (128, 184, 320)}
DONE: D:\Users\dust\Documents\학교\2026년도1학기\컴퓨터비전\실습\FoundationStereo\experiments\ds_v1_seed0/scandinavian_v53\fs
features.npz 저장: {'pre_conf': (184, 320), 'pre_entropy': (184, 320), 'pre_argdisp': (184, 320), 'post_conf': (184, 320), 'post_entropy': (184, 320), 'post_argdisp': (184, 320), 'scale_to_full': (), 'feat_left': (128, 184, 320)}
DONE: D:\Users\dust\Documents\학교\2026년도1학기\컴퓨터비전\실습\FoundationStereo\experiments\ds_v1_seed0/sunlight_v53\fs
features.npz 저장: {'pre_conf': (184, 320), 'pre_entropy': (184, 320), 'pre_argdisp': (184, 320), 'post_conf': (184, 320), 'post_entropy': (184, 320), 'post_argdisp': (184, 320), 'scale_to_full': (), 'feat_left': (128, 184, 320)}
DONE: D:\Users\dust\Documents\학교\2026년도1학기\컴퓨터비전\실습\FoundationStereo\experiments\ds_v1_seed0/terrazzo_v53\fs
features.npz 저장: {'pre_conf': (184, 320), 'pre_entropy': (184, 320), 'pre_argdisp': (184, 320), 'post_conf': (184, 320), 'post_entropy': (184, 320), 'post_argdisp': (184, 320), 'scale_to_full': (), 'feat_left': (128, 184, 320)}
DONE: D:\Users\dust\Documents\학교\2026년도1학기\컴퓨터비전\실습\FoundationStereo\experiments\ds_v2_seed1/bedroom_v53\fs
features.npz 저장: {'pre_conf': (184, 320), 'pre_entropy': (184, 320), 'pre_argdisp': (184, 320), 'post_conf': (184, 320), 'post_entropy': (184, 320), 'post_argdisp': (184, 320), 'scale_to_full': (), 'feat_left': (128, 184, 320)}
DONE: D:\Users\dust\Documents\학교\2026년도1학기\컴퓨터비전\실습\FoundationStereo\experiments\ds_v2_seed1/blue_bathroom_v53\fs
features.npz 저장: {'pre_conf': (184, 320), 'pre_entropy': (184, 320), 'pre_argdisp': (184, 320), 'post_conf': (184, 320), 'post_entropy': (184, 320), 'post_argdisp': (184, 320), 'scale_to_full': (), 'feat_left': (128, 184, 320)}
DONE: D:\Users\dust\Documents\학교\2026년도1학기\컴퓨터비전\실습\FoundationStereo\experiments\ds_v2_seed1/computer_room_v53\fs
features.npz 저장: {'pre_conf': (184, 320), 'pre_entropy': (184, 320), 'pre_argdisp': (184, 320), 'post_conf': (184, 320), 'post_entropy': (184, 320), 'post_argdisp': (184, 320), 'scale_to_full': (), 'feat_left': (128, 184, 320)}
DONE: D:\Users\dust\Documents\학교\2026년도1학기\컴퓨터비전\실습\FoundationStereo\experiments\ds_v2_seed1/green_house_v53\fs
features.npz 저장: {'pre_conf': (184, 320), 'pre_entropy': (184, 320), 'pre_argdisp': (184, 320), 'post_conf': (184, 320), 'post_entropy': (184, 320), 'post_argdisp': (184, 320), 'scale_to_full': (), 'feat_left': (128, 184, 320)}
DONE: D:\Users\dust\Documents\학교\2026년도1학기\컴퓨터비전\실습\FoundationStereo\experiments\ds_v2_seed1/gym_v53\fs
features.npz 저장: {'pre_conf': (184, 320), 'pre_entropy': (184, 320), 'pre_argdisp': (184, 320), 'post_conf': (184, 320), 'post_entropy': (184, 320), 'post_argdisp': (184, 320), 'scale_to_full': (), 'feat_left': (128, 184, 320)}
DONE: D:\Users\dust\Documents\학교\2026년도1학기\컴퓨터비전\실습\FoundationStereo\experiments\ds_v2_seed1/living_room_contemp_v53\fs
features.npz 저장: {'pre_conf': (184, 320), 'pre_entropy': (184, 320), 'pre_argdisp': (184, 320), 'post_conf': (184, 320), 'post_entropy': (184, 320), 'post_argdisp': (184, 320), 'scale_to_full': (), 'feat_left': (128, 184, 320)}
DONE: D:\Users\dust\Documents\학교\2026년도1학기\컴퓨터비전\실습\FoundationStereo\experiments\ds_v2_seed1/livingroom_v53\fs
features.npz 저장: {'pre_conf': (184, 320), 'pre_entropy': (184, 320), 'pre_argdisp': (184, 320), 'post_conf': (184, 320), 'post_entropy': (184, 320), 'post_argdisp': (184, 320), 'scale_to_full': (), 'feat_left': (128, 184, 320)}
DONE: D:\Users\dust\Documents\학교\2026년도1학기\컴퓨터비전\실습\FoundationStereo\experiments\ds_v2_seed1/minigym_v53\fs
features.npz 저장: {'pre_conf': (184, 320), 'pre_entropy': (184, 320), 'pre_argdisp': (184, 320), 'post_conf': (184, 320), 'post_entropy': (184, 320), 'post_argdisp': (184, 320), 'scale_to_full': (), 'feat_left': (128, 184, 320)}
DONE: D:\Users\dust\Documents\학교\2026년도1학기\컴퓨터비전\실습\FoundationStereo\experiments\ds_v2_seed1/minimal_interior_v53\fs
features.npz 저장: {'pre_conf': (184, 320), 'pre_entropy': (184, 320), 'pre_argdisp': (184, 320), 'post_conf': (184, 320), 'post_entropy': (184, 320), 'post_argdisp': (184, 320), 'scale_to_full': (), 'feat_left': (128, 184, 320)}
DONE: D:\Users\dust\Documents\학교\2026년도1학기\컴퓨터비전\실습\FoundationStereo\experiments\ds_v2_seed1/scandinavian_v53\fs
features.npz 저장: {'pre_conf': (184, 320), 'pre_entropy': (184, 320), 'pre_argdisp': (184, 320), 'post_conf': (184, 320), 'post_entropy': (184, 320), 'post_argdisp': (184, 320), 'scale_to_full': (), 'feat_left': (128, 184, 320)}
DONE: D:\Users\dust\Documents\학교\2026년도1학기\컴퓨터비전\실습\FoundationStereo\experiments\ds_v2_seed1/sunlight_v53\fs
features.npz 저장: {'pre_conf': (184, 320), 'pre_entropy': (184, 320), 'pre_argdisp': (184, 320), 'post_conf': (184, 320), 'post_entropy': (184, 320), 'post_argdisp': (184, 320), 'scale_to_full': (), 'feat_left': (128, 184, 320)}
DONE: D:\Users\dust\Documents\학교\2026년도1학기\컴퓨터비전\실습\FoundationStereo\experiments\ds_v2_seed1/terrazzo_v53\fs
features.npz 저장: {'pre_conf': (184, 320), 'pre_entropy': (184, 320), 'pre_argdisp': (184, 320), 'post_conf': (184, 320), 'post_entropy': (184, 320), 'post_argdisp': (184, 320), 'scale_to_full': (), 'feat_left': (128, 184, 320)}
DONE: D:\Users\dust\Documents\학교\2026년도1학기\컴퓨터비전\실습\FoundationStereo\experiments\ds_v1_seed0/bedroom_v54\fs
features.npz 저장: {'pre_conf': (184, 320), 'pre_entropy': (184, 320), 'pre_argdisp': (184, 320), 'post_conf': (184, 320), 'post_entropy': (184, 320), 'post_argdisp': (184, 320), 'scale_to_full': (), 'feat_left': (128, 184, 320)}
DONE: D:\Users\dust\Documents\학교\2026년도1학기\컴퓨터비전\실습\FoundationStereo\experiments\ds_v1_seed0/blue_bathroom_v54\fs
features.npz 저장: {'pre_conf': (184, 320), 'pre_entropy': (184, 320), 'pre_argdisp': (184, 320), 'post_conf': (184, 320), 'post_entropy': (184, 320), 'post_argdisp': (184, 320), 'scale_to_full': (), 'feat_left': (128, 184, 320)}
DONE: D:\Users\dust\Documents\학교\2026년도1학기\컴퓨터비전\실습\FoundationStereo\experiments\ds_v1_seed0/computer_room_v54\fs
features.npz 저장: {'pre_conf': (184, 320), 'pre_entropy': (184, 320), 'pre_argdisp': (184, 320), 'post_conf': (184, 320), 'post_entropy': (184, 320), 'post_argdisp': (184, 320), 'scale_to_full': (), 'feat_left': (128, 184, 320)}
DONE: D:\Users\dust\Documents\학교\2026년도1학기\컴퓨터비전\실습\FoundationStereo\experiments\ds_v1_seed0/green_house_v54\fs
[fs_server] 1300/1537 (done 1300, skip 0, fail 0) 2.7s/view, ETA 11m
features.npz 저장: {'pre_conf': (184, 320), 'pre_entropy': (184, 320), 'pre_argdisp': (184, 320), 'post_conf': (184, 320), 'post_entropy': (184, 320), 'post_argdisp': (184, 320), 'scale_to_full': (), 'feat_left': (128, 184, 320)}
DONE: D:\Users\dust\Documents\학교\2026년도1학기\컴퓨터비전\실습\FoundationStereo\experiments\ds_v1_seed0/gym_v54\fs
features.npz 저장: {'pre_conf': (184, 320), 'pre_entropy': (184, 320), 'pre_argdisp': (184, 320), 'post_conf': (184, 320), 'post_entropy': (184, 320), 'post_argdisp': (184, 320), 'scale_to_full': (), 'feat_left': (128, 184, 320)}
DONE: D:\Users\dust\Documents\학교\2026년도1학기\컴퓨터비전\실습\FoundationStereo\experiments\ds_v1_seed0/living_room_contemp_v54\fs
features.npz 저장: {'pre_conf': (184, 320), 'pre_entropy': (184, 320), 'pre_argdisp': (184, 320), 'post_conf': (184, 320), 'post_entropy': (184, 320), 'post_argdisp': (184, 320), 'scale_to_full': (), 'feat_left': (128, 184, 320)}
DONE: D:\Users\dust\Documents\학교\2026년도1학기\컴퓨터비전\실습\FoundationStereo\experiments\ds_v1_seed0/livingroom_v54\fs
features.npz 저장: {'pre_conf': (184, 320), 'pre_entropy': (184, 320), 'pre_argdisp': (184, 320), 'post_conf': (184, 320), 'post_entropy': (184, 320), 'post_argdisp': (184, 320), 'scale_to_full': (), 'feat_left': (128, 184, 320)}
DONE: D:\Users\dust\Documents\학교\2026년도1학기\컴퓨터비전\실습\FoundationStereo\experiments\ds_v1_seed0/minigym_v54\fs
features.npz 저장: {'pre_conf': (184, 320), 'pre_entropy': (184, 320), 'pre_argdisp': (184, 320), 'post_conf': (184, 320), 'post_entropy': (184, 320), 'post_argdisp': (184, 320), 'scale_to_full': (), 'feat_left': (128, 184, 320)}
DONE: D:\Users\dust\Documents\학교\2026년도1학기\컴퓨터비전\실습\FoundationStereo\experiments\ds_v1_seed0/minimal_interior_v54\fs
features.npz 저장: {'pre_conf': (184, 320), 'pre_entropy': (184, 320), 'pre_argdisp': (184, 320), 'post_conf': (184, 320), 'post_entropy': (184, 320), 'post_argdisp': (184, 320), 'scale_to_full': (), 'feat_left': (128, 184, 320)}
DONE: D:\Users\dust\Documents\학교\2026년도1학기\컴퓨터비전\실습\FoundationStereo\experiments\ds_v1_seed0/scandinavian_v54\fs
features.npz 저장: {'pre_conf': (184, 320), 'pre_entropy': (184, 320), 'pre_argdisp': (184, 320), 'post_conf': (184, 320), 'post_entropy': (184, 320), 'post_argdisp': (184, 320), 'scale_to_full': (), 'feat_left': (128, 184, 320)}
DONE: D:\Users\dust\Documents\학교\2026년도1학기\컴퓨터비전\실습\FoundationStereo\experiments\ds_v1_seed0/sunlight_v54\fs
features.npz 저장: {'pre_conf': (184, 320), 'pre_entropy': (184, 320), 'pre_argdisp': (184, 320), 'post_conf': (184, 320), 'post_entropy': (184, 320), 'post_argdisp': (184, 320), 'scale_to_full': (), 'feat_left': (128, 184, 320)}
DONE: D:\Users\dust\Documents\학교\2026년도1학기\컴퓨터비전\실습\FoundationStereo\experiments\ds_v1_seed0/terrazzo_v54\fs
features.npz 저장: {'pre_conf': (184, 320), 'pre_entropy': (184, 320), 'pre_argdisp': (184, 320), 'post_conf': (184, 320), 'post_entropy': (184, 320), 'post_argdisp': (184, 320), 'scale_to_full': (), 'feat_left': (128, 184, 320)}
DONE: D:\Users\dust\Documents\학교\2026년도1학기\컴퓨터비전\실습\FoundationStereo\experiments\ds_v2_seed1/bedroom_v54\fs
features.npz 저장: {'pre_conf': (184, 320), 'pre_entropy': (184, 320), 'pre_argdisp': (184, 320), 'post_conf': (184, 320), 'post_entropy': (184, 320), 'post_argdisp': (184, 320), 'scale_to_full': (), 'feat_left': (128, 184, 320)}
DONE: D:\Users\dust\Documents\학교\2026년도1학기\컴퓨터비전\실습\FoundationStereo\experiments\ds_v2_seed1/blue_bathroom_v54\fs
features.npz 저장: {'pre_conf': (184, 320), 'pre_entropy': (184, 320), 'pre_argdisp': (184, 320), 'post_conf': (184, 320), 'post_entropy': (184, 320), 'post_argdisp': (184, 320), 'scale_to_full': (), 'feat_left': (128, 184, 320)}
DONE: D:\Users\dust\Documents\학교\2026년도1학기\컴퓨터비전\실습\FoundationStereo\experiments\ds_v2_seed1/computer_room_v54\fs
features.npz 저장: {'pre_conf': (184, 320), 'pre_entropy': (184, 320), 'pre_argdisp': (184, 320), 'post_conf': (184, 320), 'post_entropy': (184, 320), 'post_argdisp': (184, 320), 'scale_to_full': (), 'feat_left': (128, 184, 320)}
DONE: D:\Users\dust\Documents\학교\2026년도1학기\컴퓨터비전\실습\FoundationStereo\experiments\ds_v2_seed1/green_house_v54\fs
features.npz 저장: {'pre_conf': (184, 320), 'pre_entropy': (184, 320), 'pre_argdisp': (184, 320), 'post_conf': (184, 320), 'post_entropy': (184, 320), 'post_argdisp': (184, 320), 'scale_to_full': (), 'feat_left': (128, 184, 320)}
DONE: D:\Users\dust\Documents\학교\2026년도1학기\컴퓨터비전\실습\FoundationStereo\experiments\ds_v2_seed1/gym_v54\fs
features.npz 저장: {'pre_conf': (184, 320), 'pre_entropy': (184, 320), 'pre_argdisp': (184, 320), 'post_conf': (184, 320), 'post_entropy': (184, 320), 'post_argdisp': (184, 320), 'scale_to_full': (), 'feat_left': (128, 184, 320)}
DONE: D:\Users\dust\Documents\학교\2026년도1학기\컴퓨터비전\실습\FoundationStereo\experiments\ds_v2_seed1/living_room_contemp_v54\fs
features.npz 저장: {'pre_conf': (184, 320), 'pre_entropy': (184, 320), 'pre_argdisp': (184, 320), 'post_conf': (184, 320), 'post_entropy': (184, 320), 'post_argdisp': (184, 320), 'scale_to_full': (), 'feat_left': (128, 184, 320)}
DONE: D:\Users\dust\Documents\학교\2026년도1학기\컴퓨터비전\실습\FoundationStereo\experiments\ds_v2_seed1/livingroom_v54\fs
features.npz 저장: {'pre_conf': (184, 320), 'pre_entropy': (184, 320), 'pre_argdisp': (184, 320), 'post_conf': (184, 320), 'post_entropy': (184, 320), 'post_argdisp': (184, 320), 'scale_to_full': (), 'feat_left': (128, 184, 320)}
DONE: D:\Users\dust\Documents\학교\2026년도1학기\컴퓨터비전\실습\FoundationStereo\experiments\ds_v2_seed1/minigym_v54\fs
features.npz 저장: {'pre_conf': (184, 320), 'pre_entropy': (184, 320), 'pre_argdisp': (184, 320), 'post_conf': (184, 320), 'post_entropy': (184, 320), 'post_argdisp': (184, 320), 'scale_to_full': (), 'feat_left': (128, 184, 320)}
DONE: D:\Users\dust\Documents\학교\2026년도1학기\컴퓨터비전\실습\FoundationStereo\experiments\ds_v2_seed1/minimal_interior_v54\fs
features.npz 저장: {'pre_conf': (184, 320), 'pre_entropy': (184, 320), 'pre_argdisp': (184, 320), 'post_conf': (184, 320), 'post_entropy': (184, 320), 'post_argdisp': (184, 320), 'scale_to_full': (), 'feat_left': (128, 184, 320)}
DONE: D:\Users\dust\Documents\학교\2026년도1학기\컴퓨터비전\실습\FoundationStereo\experiments\ds_v2_seed1/scandinavian_v54\fs
features.npz 저장: {'pre_conf': (184, 320), 'pre_entropy': (184, 320), 'pre_argdisp': (184, 320), 'post_conf': (184, 320), 'post_entropy': (184, 320), 'post_argdisp': (184, 320), 'scale_to_full': (), 'feat_left': (128, 184, 320)}
DONE: D:\Users\dust\Documents\학교\2026년도1학기\컴퓨터비전\실습\FoundationStereo\experiments\ds_v2_seed1/sunlight_v54\fs
features.npz 저장: {'pre_conf': (184, 320), 'pre_entropy': (184, 320), 'pre_argdisp': (184, 320), 'post_conf': (184, 320), 'post_entropy': (184, 320), 'post_argdisp': (184, 320), 'scale_to_full': (), 'feat_left': (128, 184, 320)}
DONE: D:\Users\dust\Documents\학교\2026년도1학기\컴퓨터비전\실습\FoundationStereo\experiments\ds_v2_seed1/terrazzo_v54\fs
[fs_server] 1320/1537 (done 1320, skip 0, fail 0) 2.7s/view, ETA 10m
features.npz 저장: {'pre_conf': (184, 320), 'pre_entropy': (184, 320), 'pre_argdisp': (184, 320), 'post_conf': (184, 320), 'post_entropy': (184, 320), 'post_argdisp': (184, 320), 'scale_to_full': (), 'feat_left': (128, 184, 320)}
DONE: D:\Users\dust\Documents\학교\2026년도1학기\컴퓨터비전\실습\FoundationStereo\experiments\ds_v1_seed0/bedroom_v55\fs
features.npz 저장: {'pre_conf': (184, 320), 'pre_entropy': (184, 320), 'pre_argdisp': (184, 320), 'post_conf': (184, 320), 'post_entropy': (184, 320), 'post_argdisp': (184, 320), 'scale_to_full': (), 'feat_left': (128, 184, 320)}
DONE: D:\Users\dust\Documents\학교\2026년도1학기\컴퓨터비전\실습\FoundationStereo\experiments\ds_v1_seed0/blue_bathroom_v55\fs
features.npz 저장: {'pre_conf': (184, 320), 'pre_entropy': (184, 320), 'pre_argdisp': (184, 320), 'post_conf': (184, 320), 'post_entropy': (184, 320), 'post_argdisp': (184, 320), 'scale_to_full': (), 'feat_left': (128, 184, 320)}
DONE: D:\Users\dust\Documents\학교\2026년도1학기\컴퓨터비전\실습\FoundationStereo\experiments\ds_v1_seed0/computer_room_v55\fs
features.npz 저장: {'pre_conf': (184, 320), 'pre_entropy': (184, 320), 'pre_argdisp': (184, 320), 'post_conf': (184, 320), 'post_entropy': (184, 320), 'post_argdisp': (184, 320), 'scale_to_full': (), 'feat_left': (128, 184, 320)}
DONE: D:\Users\dust\Documents\학교\2026년도1학기\컴퓨터비전\실습\FoundationStereo\experiments\ds_v1_seed0/green_house_v55\fs
features.npz 저장: {'pre_conf': (184, 320), 'pre_entropy': (184, 320), 'pre_argdisp': (184, 320), 'post_conf': (184, 320), 'post_entropy': (184, 320), 'post_argdisp': (184, 320), 'scale_to_full': (), 'feat_left': (128, 184, 320)}
DONE: D:\Users\dust\Documents\학교\2026년도1학기\컴퓨터비전\실습\FoundationStereo\experiments\ds_v1_seed0/gym_v55\fs
features.npz 저장: {'pre_conf': (184, 320), 'pre_entropy': (184, 320), 'pre_argdisp': (184, 320), 'post_conf': (184, 320), 'post_entropy': (184, 320), 'post_argdisp': (184, 320), 'scale_to_full': (), 'feat_left': (128, 184, 320)}
DONE: D:\Users\dust\Documents\학교\2026년도1학기\컴퓨터비전\실습\FoundationStereo\experiments\ds_v1_seed0/living_room_contemp_v55\fs
features.npz 저장: {'pre_conf': (184, 320), 'pre_entropy': (184, 320), 'pre_argdisp': (184, 320), 'post_conf': (184, 320), 'post_entropy': (184, 320), 'post_argdisp': (184, 320), 'scale_to_full': (), 'feat_left': (128, 184, 320)}
DONE: D:\Users\dust\Documents\학교\2026년도1학기\컴퓨터비전\실습\FoundationStereo\experiments\ds_v1_seed0/livingroom_v55\fs
features.npz 저장: {'pre_conf': (184, 320), 'pre_entropy': (184, 320), 'pre_argdisp': (184, 320), 'post_conf': (184, 320), 'post_entropy': (184, 320), 'post_argdisp': (184, 320), 'scale_to_full': (), 'feat_left': (128, 184, 320)}
DONE: D:\Users\dust\Documents\학교\2026년도1학기\컴퓨터비전\실습\FoundationStereo\experiments\ds_v1_seed0/minigym_v55\fs
features.npz 저장: {'pre_conf': (184, 320), 'pre_entropy': (184, 320), 'pre_argdisp': (184, 320), 'post_conf': (184, 320), 'post_entropy': (184, 320), 'post_argdisp': (184, 320), 'scale_to_full': (), 'feat_left': (128, 184, 320)}
DONE: D:\Users\dust\Documents\학교\2026년도1학기\컴퓨터비전\실습\FoundationStereo\experiments\ds_v1_seed0/minimal_interior_v55\fs
features.npz 저장: {'pre_conf': (184, 320), 'pre_entropy': (184, 320), 'pre_argdisp': (184, 320), 'post_conf': (184, 320), 'post_entropy': (184, 320), 'post_argdisp': (184, 320), 'scale_to_full': (), 'feat_left': (128, 184, 320)}
DONE: D:\Users\dust\Documents\학교\2026년도1학기\컴퓨터비전\실습\FoundationStereo\experiments\ds_v1_seed0/scandinavian_v55\fs
features.npz 저장: {'pre_conf': (184, 320), 'pre_entropy': (184, 320), 'pre_argdisp': (184, 320), 'post_conf': (184, 320), 'post_entropy': (184, 320), 'post_argdisp': (184, 320), 'scale_to_full': (), 'feat_left': (128, 184, 320)}
DONE: D:\Users\dust\Documents\학교\2026년도1학기\컴퓨터비전\실습\FoundationStereo\experiments\ds_v1_seed0/sunlight_v55\fs
features.npz 저장: {'pre_conf': (184, 320), 'pre_entropy': (184, 320), 'pre_argdisp': (184, 320), 'post_conf': (184, 320), 'post_entropy': (184, 320), 'post_argdisp': (184, 320), 'scale_to_full': (), 'feat_left': (128, 184, 320)}
DONE: D:\Users\dust\Documents\학교\2026년도1학기\컴퓨터비전\실습\FoundationStereo\experiments\ds_v1_seed0/terrazzo_v55\fs
features.npz 저장: {'pre_conf': (184, 320), 'pre_entropy': (184, 320), 'pre_argdisp': (184, 320), 'post_conf': (184, 320), 'post_entropy': (184, 320), 'post_argdisp': (184, 320), 'scale_to_full': (), 'feat_left': (128, 184, 320)}
DONE: D:\Users\dust\Documents\학교\2026년도1학기\컴퓨터비전\실습\FoundationStereo\experiments\ds_v2_seed1/bedroom_v55\fs
features.npz 저장: {'pre_conf': (184, 320), 'pre_entropy': (184, 320), 'pre_argdisp': (184, 320), 'post_conf': (184, 320), 'post_entropy': (184, 320), 'post_argdisp': (184, 320), 'scale_to_full': (), 'feat_left': (128, 184, 320)}
DONE: D:\Users\dust\Documents\학교\2026년도1학기\컴퓨터비전\실습\FoundationStereo\experiments\ds_v2_seed1/blue_bathroom_v55\fs
features.npz 저장: {'pre_conf': (184, 320), 'pre_entropy': (184, 320), 'pre_argdisp': (184, 320), 'post_conf': (184, 320), 'post_entropy': (184, 320), 'post_argdisp': (184, 320), 'scale_to_full': (), 'feat_left': (128, 184, 320)}
DONE: D:\Users\dust\Documents\학교\2026년도1학기\컴퓨터비전\실습\FoundationStereo\experiments\ds_v2_seed1/computer_room_v55\fs
features.npz 저장: {'pre_conf': (184, 320), 'pre_entropy': (184, 320), 'pre_argdisp': (184, 320), 'post_conf': (184, 320), 'post_entropy': (184, 320), 'post_argdisp': (184, 320), 'scale_to_full': (), 'feat_left': (128, 184, 320)}
DONE: D:\Users\dust\Documents\학교\2026년도1학기\컴퓨터비전\실습\FoundationStereo\experiments\ds_v2_seed1/green_house_v55\fs
features.npz 저장: {'pre_conf': (184, 320), 'pre_entropy': (184, 320), 'pre_argdisp': (184, 320), 'post_conf': (184, 320), 'post_entropy': (184, 320), 'post_argdisp': (184, 320), 'scale_to_full': (), 'feat_left': (128, 184, 320)}
DONE: D:\Users\dust\Documents\학교\2026년도1학기\컴퓨터비전\실습\FoundationStereo\experiments\ds_v2_seed1/gym_v55\fs
features.npz 저장: {'pre_conf': (184, 320), 'pre_entropy': (184, 320), 'pre_argdisp': (184, 320), 'post_conf': (184, 320), 'post_entropy': (184, 320), 'post_argdisp': (184, 320), 'scale_to_full': (), 'feat_left': (128, 184, 320)}
DONE: D:\Users\dust\Documents\학교\2026년도1학기\컴퓨터비전\실습\FoundationStereo\experiments\ds_v2_seed1/living_room_contemp_v55\fs
features.npz 저장: {'pre_conf': (184, 320), 'pre_entropy': (184, 320), 'pre_argdisp': (184, 320), 'post_conf': (184, 320), 'post_entropy': (184, 320), 'post_argdisp': (184, 320), 'scale_to_full': (), 'feat_left': (128, 184, 320)}
DONE: D:\Users\dust\Documents\학교\2026년도1학기\컴퓨터비전\실습\FoundationStereo\experiments\ds_v2_seed1/livingroom_v55\fs
features.npz 저장: {'pre_conf': (184, 320), 'pre_entropy': (184, 320), 'pre_argdisp': (184, 320), 'post_conf': (184, 320), 'post_entropy': (184, 320), 'post_argdisp': (184, 320), 'scale_to_full': (), 'feat_left': (128, 184, 320)}
DONE: D:\Users\dust\Documents\학교\2026년도1학기\컴퓨터비전\실습\FoundationStereo\experiments\ds_v2_seed1/minimal_interior_v55\fs
[fs_server] 1340/1537 (done 1340, skip 0, fail 0) 2.7s/view, ETA 9m
features.npz 저장: {'pre_conf': (184, 320), 'pre_entropy': (184, 320), 'pre_argdisp': (184, 320), 'post_conf': (184, 320), 'post_entropy': (184, 320), 'post_argdisp': (184, 320), 'scale_to_full': (), 'feat_left': (128, 184, 320)}
DONE: D:\Users\dust\Documents\학교\2026년도1학기\컴퓨터비전\실습\FoundationStereo\experiments\ds_v2_seed1/scandinavian_v55\fs
features.npz 저장: {'pre_conf': (184, 320), 'pre_entropy': (184, 320), 'pre_argdisp': (184, 320), 'post_conf': (184, 320), 'post_entropy': (184, 320), 'post_argdisp': (184, 320), 'scale_to_full': (), 'feat_left': (128, 184, 320)}
DONE: D:\Users\dust\Documents\학교\2026년도1학기\컴퓨터비전\실습\FoundationStereo\experiments\ds_v2_seed1/sunlight_v55\fs
features.npz 저장: {'pre_conf': (184, 320), 'pre_entropy': (184, 320), 'pre_argdisp': (184, 320), 'post_conf': (184, 320), 'post_entropy': (184, 320), 'post_argdisp': (184, 320), 'scale_to_full': (), 'feat_left': (128, 184, 320)}
DONE: D:\Users\dust\Documents\학교\2026년도1학기\컴퓨터비전\실습\FoundationStereo\experiments\ds_v2_seed1/terrazzo_v55\fs
features.npz 저장: {'pre_conf': (184, 320), 'pre_entropy': (184, 320), 'pre_argdisp': (184, 320), 'post_conf': (184, 320), 'post_entropy': (184, 320), 'post_argdisp': (184, 320), 'scale_to_full': (), 'feat_left': (128, 184, 320)}
DONE: D:\Users\dust\Documents\학교\2026년도1학기\컴퓨터비전\실습\FoundationStereo\experiments\ds_v1_seed0/bedroom_v56\fs
features.npz 저장: {'pre_conf': (184, 320), 'pre_entropy': (184, 320), 'pre_argdisp': (184, 320), 'post_conf': (184, 320), 'post_entropy': (184, 320), 'post_argdisp': (184, 320), 'scale_to_full': (), 'feat_left': (128, 184, 320)}
DONE: D:\Users\dust\Documents\학교\2026년도1학기\컴퓨터비전\실습\FoundationStereo\experiments\ds_v1_seed0/blue_bathroom_v56\fs
features.npz 저장: {'pre_conf': (184, 320), 'pre_entropy': (184, 320), 'pre_argdisp': (184, 320), 'post_conf': (184, 320), 'post_entropy': (184, 320), 'post_argdisp': (184, 320), 'scale_to_full': (), 'feat_left': (128, 184, 320)}
DONE: D:\Users\dust\Documents\학교\2026년도1학기\컴퓨터비전\실습\FoundationStereo\experiments\ds_v1_seed0/computer_room_v56\fs
features.npz 저장: {'pre_conf': (184, 320), 'pre_entropy': (184, 320), 'pre_argdisp': (184, 320), 'post_conf': (184, 320), 'post_entropy': (184, 320), 'post_argdisp': (184, 320), 'scale_to_full': (), 'feat_left': (128, 184, 320)}
DONE: D:\Users\dust\Documents\학교\2026년도1학기\컴퓨터비전\실습\FoundationStereo\experiments\ds_v1_seed0/green_house_v56\fs
features.npz 저장: {'pre_conf': (184, 320), 'pre_entropy': (184, 320), 'pre_argdisp': (184, 320), 'post_conf': (184, 320), 'post_entropy': (184, 320), 'post_argdisp': (184, 320), 'scale_to_full': (), 'feat_left': (128, 184, 320)}
DONE: D:\Users\dust\Documents\학교\2026년도1학기\컴퓨터비전\실습\FoundationStereo\experiments\ds_v1_seed0/gym_v56\fs
features.npz 저장: {'pre_conf': (184, 320), 'pre_entropy': (184, 320), 'pre_argdisp': (184, 320), 'post_conf': (184, 320), 'post_entropy': (184, 320), 'post_argdisp': (184, 320), 'scale_to_full': (), 'feat_left': (128, 184, 320)}
DONE: D:\Users\dust\Documents\학교\2026년도1학기\컴퓨터비전\실습\FoundationStereo\experiments\ds_v1_seed0/living_room_contemp_v56\fs
features.npz 저장: {'pre_conf': (184, 320), 'pre_entropy': (184, 320), 'pre_argdisp': (184, 320), 'post_conf': (184, 320), 'post_entropy': (184, 320), 'post_argdisp': (184, 320), 'scale_to_full': (), 'feat_left': (128, 184, 320)}
DONE: D:\Users\dust\Documents\학교\2026년도1학기\컴퓨터비전\실습\FoundationStereo\experiments\ds_v1_seed0/livingroom_v56\fs
features.npz 저장: {'pre_conf': (184, 320), 'pre_entropy': (184, 320), 'pre_argdisp': (184, 320), 'post_conf': (184, 320), 'post_entropy': (184, 320), 'post_argdisp': (184, 320), 'scale_to_full': (), 'feat_left': (128, 184, 320)}
DONE: D:\Users\dust\Documents\학교\2026년도1학기\컴퓨터비전\실습\FoundationStereo\experiments\ds_v1_seed0/minimal_interior_v56\fs
features.npz 저장: {'pre_conf': (184, 320), 'pre_entropy': (184, 320), 'pre_argdisp': (184, 320), 'post_conf': (184, 320), 'post_entropy': (184, 320), 'post_argdisp': (184, 320), 'scale_to_full': (), 'feat_left': (128, 184, 320)}
DONE: D:\Users\dust\Documents\학교\2026년도1학기\컴퓨터비전\실습\FoundationStereo\experiments\ds_v1_seed0/scandinavian_v56\fs
features.npz 저장: {'pre_conf': (184, 320), 'pre_entropy': (184, 320), 'pre_argdisp': (184, 320), 'post_conf': (184, 320), 'post_entropy': (184, 320), 'post_argdisp': (184, 320), 'scale_to_full': (), 'feat_left': (128, 184, 320)}
DONE: D:\Users\dust\Documents\학교\2026년도1학기\컴퓨터비전\실습\FoundationStereo\experiments\ds_v1_seed0/sunlight_v56\fs
features.npz 저장: {'pre_conf': (184, 320), 'pre_entropy': (184, 320), 'pre_argdisp': (184, 320), 'post_conf': (184, 320), 'post_entropy': (184, 320), 'post_argdisp': (184, 320), 'scale_to_full': (), 'feat_left': (128, 184, 320)}
DONE: D:\Users\dust\Documents\학교\2026년도1학기\컴퓨터비전\실습\FoundationStereo\experiments\ds_v1_seed0/terrazzo_v56\fs
features.npz 저장: {'pre_conf': (184, 320), 'pre_entropy': (184, 320), 'pre_argdisp': (184, 320), 'post_conf': (184, 320), 'post_entropy': (184, 320), 'post_argdisp': (184, 320), 'scale_to_full': (), 'feat_left': (128, 184, 320)}
DONE: D:\Users\dust\Documents\학교\2026년도1학기\컴퓨터비전\실습\FoundationStereo\experiments\ds_v2_seed1/bedroom_v56\fs
features.npz 저장: {'pre_conf': (184, 320), 'pre_entropy': (184, 320), 'pre_argdisp': (184, 320), 'post_conf': (184, 320), 'post_entropy': (184, 320), 'post_argdisp': (184, 320), 'scale_to_full': (), 'feat_left': (128, 184, 320)}
DONE: D:\Users\dust\Documents\학교\2026년도1학기\컴퓨터비전\실습\FoundationStereo\experiments\ds_v2_seed1/blue_bathroom_v56\fs
features.npz 저장: {'pre_conf': (184, 320), 'pre_entropy': (184, 320), 'pre_argdisp': (184, 320), 'post_conf': (184, 320), 'post_entropy': (184, 320), 'post_argdisp': (184, 320), 'scale_to_full': (), 'feat_left': (128, 184, 320)}
DONE: D:\Users\dust\Documents\학교\2026년도1학기\컴퓨터비전\실습\FoundationStereo\experiments\ds_v2_seed1/computer_room_v56\fs
features.npz 저장: {'pre_conf': (184, 320), 'pre_entropy': (184, 320), 'pre_argdisp': (184, 320), 'post_conf': (184, 320), 'post_entropy': (184, 320), 'post_argdisp': (184, 320), 'scale_to_full': (), 'feat_left': (128, 184, 320)}
DONE: D:\Users\dust\Documents\학교\2026년도1학기\컴퓨터비전\실습\FoundationStereo\experiments\ds_v2_seed1/green_house_v56\fs
features.npz 저장: {'pre_conf': (184, 320), 'pre_entropy': (184, 320), 'pre_argdisp': (184, 320), 'post_conf': (184, 320), 'post_entropy': (184, 320), 'post_argdisp': (184, 320), 'scale_to_full': (), 'feat_left': (128, 184, 320)}
DONE: D:\Users\dust\Documents\학교\2026년도1학기\컴퓨터비전\실습\FoundationStereo\experiments\ds_v2_seed1/gym_v56\fs
features.npz 저장: {'pre_conf': (184, 320), 'pre_entropy': (184, 320), 'pre_argdisp': (184, 320), 'post_conf': (184, 320), 'post_entropy': (184, 320), 'post_argdisp': (184, 320), 'scale_to_full': (), 'feat_left': (128, 184, 320)}
DONE: D:\Users\dust\Documents\학교\2026년도1학기\컴퓨터비전\실습\FoundationStereo\experiments\ds_v2_seed1/living_room_contemp_v56\fs
[fs_server] 1360/1537 (done 1360, skip 0, fail 0) 2.7s/view, ETA 8m
features.npz 저장: {'pre_conf': (184, 320), 'pre_entropy': (184, 320), 'pre_argdisp': (184, 320), 'post_conf': (184, 320), 'post_entropy': (184, 320), 'post_argdisp': (184, 320), 'scale_to_full': (), 'feat_left': (128, 184, 320)}
DONE: D:\Users\dust\Documents\학교\2026년도1학기\컴퓨터비전\실습\FoundationStereo\experiments\ds_v2_seed1/livingroom_v56\fs
features.npz 저장: {'pre_conf': (184, 320), 'pre_entropy': (184, 320), 'pre_argdisp': (184, 320), 'post_conf': (184, 320), 'post_entropy': (184, 320), 'post_argdisp': (184, 320), 'scale_to_full': (), 'feat_left': (128, 184, 320)}
DONE: D:\Users\dust\Documents\학교\2026년도1학기\컴퓨터비전\실습\FoundationStereo\experiments\ds_v2_seed1/minimal_interior_v56\fs
features.npz 저장: {'pre_conf': (184, 320), 'pre_entropy': (184, 320), 'pre_argdisp': (184, 320), 'post_conf': (184, 320), 'post_entropy': (184, 320), 'post_argdisp': (184, 320), 'scale_to_full': (), 'feat_left': (128, 184, 320)}
DONE: D:\Users\dust\Documents\학교\2026년도1학기\컴퓨터비전\실습\FoundationStereo\experiments\ds_v2_seed1/scandinavian_v56\fs
features.npz 저장: {'pre_conf': (184, 320), 'pre_entropy': (184, 320), 'pre_argdisp': (184, 320), 'post_conf': (184, 320), 'post_entropy': (184, 320), 'post_argdisp': (184, 320), 'scale_to_full': (), 'feat_left': (128, 184, 320)}
DONE: D:\Users\dust\Documents\학교\2026년도1학기\컴퓨터비전\실습\FoundationStereo\experiments\ds_v2_seed1/sunlight_v56\fs
features.npz 저장: {'pre_conf': (184, 320), 'pre_entropy': (184, 320), 'pre_argdisp': (184, 320), 'post_conf': (184, 320), 'post_entropy': (184, 320), 'post_argdisp': (184, 320), 'scale_to_full': (), 'feat_left': (128, 184, 320)}
DONE: D:\Users\dust\Documents\학교\2026년도1학기\컴퓨터비전\실습\FoundationStereo\experiments\ds_v2_seed1/terrazzo_v56\fs
features.npz 저장: {'pre_conf': (184, 320), 'pre_entropy': (184, 320), 'pre_argdisp': (184, 320), 'post_conf': (184, 320), 'post_entropy': (184, 320), 'post_argdisp': (184, 320), 'scale_to_full': (), 'feat_left': (128, 184, 320)}
DONE: D:\Users\dust\Documents\학교\2026년도1학기\컴퓨터비전\실습\FoundationStereo\experiments\ds_v1_seed0/bedroom_v57\fs
features.npz 저장: {'pre_conf': (184, 320), 'pre_entropy': (184, 320), 'pre_argdisp': (184, 320), 'post_conf': (184, 320), 'post_entropy': (184, 320), 'post_argdisp': (184, 320), 'scale_to_full': (), 'feat_left': (128, 184, 320)}
DONE: D:\Users\dust\Documents\학교\2026년도1학기\컴퓨터비전\실습\FoundationStereo\experiments\ds_v1_seed0/computer_room_v57\fs
features.npz 저장: {'pre_conf': (184, 320), 'pre_entropy': (184, 320), 'pre_argdisp': (184, 320), 'post_conf': (184, 320), 'post_entropy': (184, 320), 'post_argdisp': (184, 320), 'scale_to_full': (), 'feat_left': (128, 184, 320)}
DONE: D:\Users\dust\Documents\학교\2026년도1학기\컴퓨터비전\실습\FoundationStereo\experiments\ds_v1_seed0/green_house_v57\fs
features.npz 저장: {'pre_conf': (184, 320), 'pre_entropy': (184, 320), 'pre_argdisp': (184, 320), 'post_conf': (184, 320), 'post_entropy': (184, 320), 'post_argdisp': (184, 320), 'scale_to_full': (), 'feat_left': (128, 184, 320)}
DONE: D:\Users\dust\Documents\학교\2026년도1학기\컴퓨터비전\실습\FoundationStereo\experiments\ds_v1_seed0/gym_v57\fs
features.npz 저장: {'pre_conf': (184, 320), 'pre_entropy': (184, 320), 'pre_argdisp': (184, 320), 'post_conf': (184, 320), 'post_entropy': (184, 320), 'post_argdisp': (184, 320), 'scale_to_full': (), 'feat_left': (128, 184, 320)}
DONE: D:\Users\dust\Documents\학교\2026년도1학기\컴퓨터비전\실습\FoundationStereo\experiments\ds_v1_seed0/living_room_contemp_v57\fs
features.npz 저장: {'pre_conf': (184, 320), 'pre_entropy': (184, 320), 'pre_argdisp': (184, 320), 'post_conf': (184, 320), 'post_entropy': (184, 320), 'post_argdisp': (184, 320), 'scale_to_full': (), 'feat_left': (128, 184, 320)}
DONE: D:\Users\dust\Documents\학교\2026년도1학기\컴퓨터비전\실습\FoundationStereo\experiments\ds_v1_seed0/livingroom_v57\fs
features.npz 저장: {'pre_conf': (184, 320), 'pre_entropy': (184, 320), 'pre_argdisp': (184, 320), 'post_conf': (184, 320), 'post_entropy': (184, 320), 'post_argdisp': (184, 320), 'scale_to_full': (), 'feat_left': (128, 184, 320)}
DONE: D:\Users\dust\Documents\학교\2026년도1학기\컴퓨터비전\실습\FoundationStereo\experiments\ds_v1_seed0/minimal_interior_v57\fs
features.npz 저장: {'pre_conf': (184, 320), 'pre_entropy': (184, 320), 'pre_argdisp': (184, 320), 'post_conf': (184, 320), 'post_entropy': (184, 320), 'post_argdisp': (184, 320), 'scale_to_full': (), 'feat_left': (128, 184, 320)}
DONE: D:\Users\dust\Documents\학교\2026년도1학기\컴퓨터비전\실습\FoundationStereo\experiments\ds_v1_seed0/scandinavian_v57\fs
features.npz 저장: {'pre_conf': (184, 320), 'pre_entropy': (184, 320), 'pre_argdisp': (184, 320), 'post_conf': (184, 320), 'post_entropy': (184, 320), 'post_argdisp': (184, 320), 'scale_to_full': (), 'feat_left': (128, 184, 320)}
DONE: D:\Users\dust\Documents\학교\2026년도1학기\컴퓨터비전\실습\FoundationStereo\experiments\ds_v1_seed0/sunlight_v57\fs
features.npz 저장: {'pre_conf': (184, 320), 'pre_entropy': (184, 320), 'pre_argdisp': (184, 320), 'post_conf': (184, 320), 'post_entropy': (184, 320), 'post_argdisp': (184, 320), 'scale_to_full': (), 'feat_left': (128, 184, 320)}
DONE: D:\Users\dust\Documents\학교\2026년도1학기\컴퓨터비전\실습\FoundationStereo\experiments\ds_v1_seed0/terrazzo_v57\fs
features.npz 저장: {'pre_conf': (184, 320), 'pre_entropy': (184, 320), 'pre_argdisp': (184, 320), 'post_conf': (184, 320), 'post_entropy': (184, 320), 'post_argdisp': (184, 320), 'scale_to_full': (), 'feat_left': (128, 184, 320)}
DONE: D:\Users\dust\Documents\학교\2026년도1학기\컴퓨터비전\실습\FoundationStereo\experiments\ds_v2_seed1/bedroom_v57\fs
features.npz 저장: {'pre_conf': (184, 320), 'pre_entropy': (184, 320), 'pre_argdisp': (184, 320), 'post_conf': (184, 320), 'post_entropy': (184, 320), 'post_argdisp': (184, 320), 'scale_to_full': (), 'feat_left': (128, 184, 320)}
DONE: D:\Users\dust\Documents\학교\2026년도1학기\컴퓨터비전\실습\FoundationStereo\experiments\ds_v2_seed1/blue_bathroom_v57\fs
features.npz 저장: {'pre_conf': (184, 320), 'pre_entropy': (184, 320), 'pre_argdisp': (184, 320), 'post_conf': (184, 320), 'post_entropy': (184, 320), 'post_argdisp': (184, 320), 'scale_to_full': (), 'feat_left': (128, 184, 320)}
DONE: D:\Users\dust\Documents\학교\2026년도1학기\컴퓨터비전\실습\FoundationStereo\experiments\ds_v2_seed1/computer_room_v57\fs
features.npz 저장: {'pre_conf': (184, 320), 'pre_entropy': (184, 320), 'pre_argdisp': (184, 320), 'post_conf': (184, 320), 'post_entropy': (184, 320), 'post_argdisp': (184, 320), 'scale_to_full': (), 'feat_left': (128, 184, 320)}
DONE: D:\Users\dust\Documents\학교\2026년도1학기\컴퓨터비전\실습\FoundationStereo\experiments\ds_v2_seed1/green_house_v57\fs
features.npz 저장: {'pre_conf': (184, 320), 'pre_entropy': (184, 320), 'pre_argdisp': (184, 320), 'post_conf': (184, 320), 'post_entropy': (184, 320), 'post_argdisp': (184, 320), 'scale_to_full': (), 'feat_left': (128, 184, 320)}
DONE: D:\Users\dust\Documents\학교\2026년도1학기\컴퓨터비전\실습\FoundationStereo\experiments\ds_v2_seed1/gym_v57\fs
[fs_server] 1380/1537 (done 1380, skip 0, fail 0) 2.7s/view, ETA 7m
features.npz 저장: {'pre_conf': (184, 320), 'pre_entropy': (184, 320), 'pre_argdisp': (184, 320), 'post_conf': (184, 320), 'post_entropy': (184, 320), 'post_argdisp': (184, 320), 'scale_to_full': (), 'feat_left': (128, 184, 320)}
DONE: D:\Users\dust\Documents\학교\2026년도1학기\컴퓨터비전\실습\FoundationStereo\experiments\ds_v2_seed1/living_room_contemp_v57\fs
features.npz 저장: {'pre_conf': (184, 320), 'pre_entropy': (184, 320), 'pre_argdisp': (184, 320), 'post_conf': (184, 320), 'post_entropy': (184, 320), 'post_argdisp': (184, 320), 'scale_to_full': (), 'feat_left': (128, 184, 320)}
DONE: D:\Users\dust\Documents\학교\2026년도1학기\컴퓨터비전\실습\FoundationStereo\experiments\ds_v2_seed1/livingroom_v57\fs
features.npz 저장: {'pre_conf': (184, 320), 'pre_entropy': (184, 320), 'pre_argdisp': (184, 320), 'post_conf': (184, 320), 'post_entropy': (184, 320), 'post_argdisp': (184, 320), 'scale_to_full': (), 'feat_left': (128, 184, 320)}
DONE: D:\Users\dust\Documents\학교\2026년도1학기\컴퓨터비전\실습\FoundationStereo\experiments\ds_v2_seed1/minimal_interior_v57\fs
features.npz 저장: {'pre_conf': (184, 320), 'pre_entropy': (184, 320), 'pre_argdisp': (184, 320), 'post_conf': (184, 320), 'post_entropy': (184, 320), 'post_argdisp': (184, 320), 'scale_to_full': (), 'feat_left': (128, 184, 320)}
DONE: D:\Users\dust\Documents\학교\2026년도1학기\컴퓨터비전\실습\FoundationStereo\experiments\ds_v2_seed1/scandinavian_v57\fs
features.npz 저장: {'pre_conf': (184, 320), 'pre_entropy': (184, 320), 'pre_argdisp': (184, 320), 'post_conf': (184, 320), 'post_entropy': (184, 320), 'post_argdisp': (184, 320), 'scale_to_full': (), 'feat_left': (128, 184, 320)}
DONE: D:\Users\dust\Documents\학교\2026년도1학기\컴퓨터비전\실습\FoundationStereo\experiments\ds_v2_seed1/sunlight_v57\fs
features.npz 저장: {'pre_conf': (184, 320), 'pre_entropy': (184, 320), 'pre_argdisp': (184, 320), 'post_conf': (184, 320), 'post_entropy': (184, 320), 'post_argdisp': (184, 320), 'scale_to_full': (), 'feat_left': (128, 184, 320)}
DONE: D:\Users\dust\Documents\학교\2026년도1학기\컴퓨터비전\실습\FoundationStereo\experiments\ds_v2_seed1/terrazzo_v57\fs
features.npz 저장: {'pre_conf': (184, 320), 'pre_entropy': (184, 320), 'pre_argdisp': (184, 320), 'post_conf': (184, 320), 'post_entropy': (184, 320), 'post_argdisp': (184, 320), 'scale_to_full': (), 'feat_left': (128, 184, 320)}
DONE: D:\Users\dust\Documents\학교\2026년도1학기\컴퓨터비전\실습\FoundationStereo\experiments\ds_v1_seed0/bedroom_v58\fs
features.npz 저장: {'pre_conf': (184, 320), 'pre_entropy': (184, 320), 'pre_argdisp': (184, 320), 'post_conf': (184, 320), 'post_entropy': (184, 320), 'post_argdisp': (184, 320), 'scale_to_full': (), 'feat_left': (128, 184, 320)}
DONE: D:\Users\dust\Documents\학교\2026년도1학기\컴퓨터비전\실습\FoundationStereo\experiments\ds_v1_seed0/computer_room_v58\fs
features.npz 저장: {'pre_conf': (184, 320), 'pre_entropy': (184, 320), 'pre_argdisp': (184, 320), 'post_conf': (184, 320), 'post_entropy': (184, 320), 'post_argdisp': (184, 320), 'scale_to_full': (), 'feat_left': (128, 184, 320)}
DONE: D:\Users\dust\Documents\학교\2026년도1학기\컴퓨터비전\실습\FoundationStereo\experiments\ds_v1_seed0/green_house_v58\fs
features.npz 저장: {'pre_conf': (184, 320), 'pre_entropy': (184, 320), 'pre_argdisp': (184, 320), 'post_conf': (184, 320), 'post_entropy': (184, 320), 'post_argdisp': (184, 320), 'scale_to_full': (), 'feat_left': (128, 184, 320)}
DONE: D:\Users\dust\Documents\학교\2026년도1학기\컴퓨터비전\실습\FoundationStereo\experiments\ds_v1_seed0/gym_v58\fs
features.npz 저장: {'pre_conf': (184, 320), 'pre_entropy': (184, 320), 'pre_argdisp': (184, 320), 'post_conf': (184, 320), 'post_entropy': (184, 320), 'post_argdisp': (184, 320), 'scale_to_full': (), 'feat_left': (128, 184, 320)}
DONE: D:\Users\dust\Documents\학교\2026년도1학기\컴퓨터비전\실습\FoundationStereo\experiments\ds_v1_seed0/living_room_contemp_v58\fs
features.npz 저장: {'pre_conf': (184, 320), 'pre_entropy': (184, 320), 'pre_argdisp': (184, 320), 'post_conf': (184, 320), 'post_entropy': (184, 320), 'post_argdisp': (184, 320), 'scale_to_full': (), 'feat_left': (128, 184, 320)}
DONE: D:\Users\dust\Documents\학교\2026년도1학기\컴퓨터비전\실습\FoundationStereo\experiments\ds_v1_seed0/livingroom_v58\fs
features.npz 저장: {'pre_conf': (184, 320), 'pre_entropy': (184, 320), 'pre_argdisp': (184, 320), 'post_conf': (184, 320), 'post_entropy': (184, 320), 'post_argdisp': (184, 320), 'scale_to_full': (), 'feat_left': (128, 184, 320)}
DONE: D:\Users\dust\Documents\학교\2026년도1학기\컴퓨터비전\실습\FoundationStereo\experiments\ds_v1_seed0/minimal_interior_v58\fs
features.npz 저장: {'pre_conf': (184, 320), 'pre_entropy': (184, 320), 'pre_argdisp': (184, 320), 'post_conf': (184, 320), 'post_entropy': (184, 320), 'post_argdisp': (184, 320), 'scale_to_full': (), 'feat_left': (128, 184, 320)}
DONE: D:\Users\dust\Documents\학교\2026년도1학기\컴퓨터비전\실습\FoundationStereo\experiments\ds_v1_seed0/scandinavian_v58\fs
features.npz 저장: {'pre_conf': (184, 320), 'pre_entropy': (184, 320), 'pre_argdisp': (184, 320), 'post_conf': (184, 320), 'post_entropy': (184, 320), 'post_argdisp': (184, 320), 'scale_to_full': (), 'feat_left': (128, 184, 320)}
DONE: D:\Users\dust\Documents\학교\2026년도1학기\컴퓨터비전\실습\FoundationStereo\experiments\ds_v1_seed0/sunlight_v58\fs
features.npz 저장: {'pre_conf': (184, 320), 'pre_entropy': (184, 320), 'pre_argdisp': (184, 320), 'post_conf': (184, 320), 'post_entropy': (184, 320), 'post_argdisp': (184, 320), 'scale_to_full': (), 'feat_left': (128, 184, 320)}
DONE: D:\Users\dust\Documents\학교\2026년도1학기\컴퓨터비전\실습\FoundationStereo\experiments\ds_v1_seed0/terrazzo_v58\fs
features.npz 저장: {'pre_conf': (184, 320), 'pre_entropy': (184, 320), 'pre_argdisp': (184, 320), 'post_conf': (184, 320), 'post_entropy': (184, 320), 'post_argdisp': (184, 320), 'scale_to_full': (), 'feat_left': (128, 184, 320)}
DONE: D:\Users\dust\Documents\학교\2026년도1학기\컴퓨터비전\실습\FoundationStereo\experiments\ds_v2_seed1/bedroom_v58\fs
features.npz 저장: {'pre_conf': (184, 320), 'pre_entropy': (184, 320), 'pre_argdisp': (184, 320), 'post_conf': (184, 320), 'post_entropy': (184, 320), 'post_argdisp': (184, 320), 'scale_to_full': (), 'feat_left': (128, 184, 320)}
DONE: D:\Users\dust\Documents\학교\2026년도1학기\컴퓨터비전\실습\FoundationStereo\experiments\ds_v2_seed1/blue_bathroom_v58\fs
features.npz 저장: {'pre_conf': (184, 320), 'pre_entropy': (184, 320), 'pre_argdisp': (184, 320), 'post_conf': (184, 320), 'post_entropy': (184, 320), 'post_argdisp': (184, 320), 'scale_to_full': (), 'feat_left': (128, 184, 320)}
DONE: D:\Users\dust\Documents\학교\2026년도1학기\컴퓨터비전\실습\FoundationStereo\experiments\ds_v2_seed1/computer_room_v58\fs
features.npz 저장: {'pre_conf': (184, 320), 'pre_entropy': (184, 320), 'pre_argdisp': (184, 320), 'post_conf': (184, 320), 'post_entropy': (184, 320), 'post_argdisp': (184, 320), 'scale_to_full': (), 'feat_left': (128, 184, 320)}
DONE: D:\Users\dust\Documents\학교\2026년도1학기\컴퓨터비전\실습\FoundationStereo\experiments\ds_v2_seed1/green_house_v58\fs
[fs_server] 1400/1537 (done 1400, skip 0, fail 0) 2.7s/view, ETA 6m
features.npz 저장: {'pre_conf': (184, 320), 'pre_entropy': (184, 320), 'pre_argdisp': (184, 320), 'post_conf': (184, 320), 'post_entropy': (184, 320), 'post_argdisp': (184, 320), 'scale_to_full': (), 'feat_left': (128, 184, 320)}
DONE: D:\Users\dust\Documents\학교\2026년도1학기\컴퓨터비전\실습\FoundationStereo\experiments\ds_v2_seed1/gym_v58\fs
features.npz 저장: {'pre_conf': (184, 320), 'pre_entropy': (184, 320), 'pre_argdisp': (184, 320), 'post_conf': (184, 320), 'post_entropy': (184, 320), 'post_argdisp': (184, 320), 'scale_to_full': (), 'feat_left': (128, 184, 320)}
DONE: D:\Users\dust\Documents\학교\2026년도1학기\컴퓨터비전\실습\FoundationStereo\experiments\ds_v2_seed1/living_room_contemp_v58\fs
features.npz 저장: {'pre_conf': (184, 320), 'pre_entropy': (184, 320), 'pre_argdisp': (184, 320), 'post_conf': (184, 320), 'post_entropy': (184, 320), 'post_argdisp': (184, 320), 'scale_to_full': (), 'feat_left': (128, 184, 320)}
DONE: D:\Users\dust\Documents\학교\2026년도1학기\컴퓨터비전\실습\FoundationStereo\experiments\ds_v2_seed1/livingroom_v58\fs
features.npz 저장: {'pre_conf': (184, 320), 'pre_entropy': (184, 320), 'pre_argdisp': (184, 320), 'post_conf': (184, 320), 'post_entropy': (184, 320), 'post_argdisp': (184, 320), 'scale_to_full': (), 'feat_left': (128, 184, 320)}
DONE: D:\Users\dust\Documents\학교\2026년도1학기\컴퓨터비전\실습\FoundationStereo\experiments\ds_v2_seed1/minimal_interior_v58\fs
features.npz 저장: {'pre_conf': (184, 320), 'pre_entropy': (184, 320), 'pre_argdisp': (184, 320), 'post_conf': (184, 320), 'post_entropy': (184, 320), 'post_argdisp': (184, 320), 'scale_to_full': (), 'feat_left': (128, 184, 320)}
DONE: D:\Users\dust\Documents\학교\2026년도1학기\컴퓨터비전\실습\FoundationStereo\experiments\ds_v2_seed1/scandinavian_v58\fs
features.npz 저장: {'pre_conf': (184, 320), 'pre_entropy': (184, 320), 'pre_argdisp': (184, 320), 'post_conf': (184, 320), 'post_entropy': (184, 320), 'post_argdisp': (184, 320), 'scale_to_full': (), 'feat_left': (128, 184, 320)}
DONE: D:\Users\dust\Documents\학교\2026년도1학기\컴퓨터비전\실습\FoundationStereo\experiments\ds_v2_seed1/sunlight_v58\fs
features.npz 저장: {'pre_conf': (184, 320), 'pre_entropy': (184, 320), 'pre_argdisp': (184, 320), 'post_conf': (184, 320), 'post_entropy': (184, 320), 'post_argdisp': (184, 320), 'scale_to_full': (), 'feat_left': (128, 184, 320)}
DONE: D:\Users\dust\Documents\학교\2026년도1학기\컴퓨터비전\실습\FoundationStereo\experiments\ds_v2_seed1/terrazzo_v58\fs
features.npz 저장: {'pre_conf': (184, 320), 'pre_entropy': (184, 320), 'pre_argdisp': (184, 320), 'post_conf': (184, 320), 'post_entropy': (184, 320), 'post_argdisp': (184, 320), 'scale_to_full': (), 'feat_left': (128, 184, 320)}
DONE: D:\Users\dust\Documents\학교\2026년도1학기\컴퓨터비전\실습\FoundationStereo\experiments\ds_v1_seed0/bedroom_v59\fs
features.npz 저장: {'pre_conf': (184, 320), 'pre_entropy': (184, 320), 'pre_argdisp': (184, 320), 'post_conf': (184, 320), 'post_entropy': (184, 320), 'post_argdisp': (184, 320), 'scale_to_full': (), 'feat_left': (128, 184, 320)}
DONE: D:\Users\dust\Documents\학교\2026년도1학기\컴퓨터비전\실습\FoundationStereo\experiments\ds_v1_seed0/computer_room_v59\fs
features.npz 저장: {'pre_conf': (184, 320), 'pre_entropy': (184, 320), 'pre_argdisp': (184, 320), 'post_conf': (184, 320), 'post_entropy': (184, 320), 'post_argdisp': (184, 320), 'scale_to_full': (), 'feat_left': (128, 184, 320)}
DONE: D:\Users\dust\Documents\학교\2026년도1학기\컴퓨터비전\실습\FoundationStereo\experiments\ds_v1_seed0/green_house_v59\fs
features.npz 저장: {'pre_conf': (184, 320), 'pre_entropy': (184, 320), 'pre_argdisp': (184, 320), 'post_conf': (184, 320), 'post_entropy': (184, 320), 'post_argdisp': (184, 320), 'scale_to_full': (), 'feat_left': (128, 184, 320)}
DONE: D:\Users\dust\Documents\학교\2026년도1학기\컴퓨터비전\실습\FoundationStereo\experiments\ds_v1_seed0/gym_v59\fs
features.npz 저장: {'pre_conf': (184, 320), 'pre_entropy': (184, 320), 'pre_argdisp': (184, 320), 'post_conf': (184, 320), 'post_entropy': (184, 320), 'post_argdisp': (184, 320), 'scale_to_full': (), 'feat_left': (128, 184, 320)}
DONE: D:\Users\dust\Documents\학교\2026년도1학기\컴퓨터비전\실습\FoundationStereo\experiments\ds_v1_seed0/living_room_contemp_v59\fs
features.npz 저장: {'pre_conf': (184, 320), 'pre_entropy': (184, 320), 'pre_argdisp': (184, 320), 'post_conf': (184, 320), 'post_entropy': (184, 320), 'post_argdisp': (184, 320), 'scale_to_full': (), 'feat_left': (128, 184, 320)}
DONE: D:\Users\dust\Documents\학교\2026년도1학기\컴퓨터비전\실습\FoundationStereo\experiments\ds_v1_seed0/livingroom_v59\fs
features.npz 저장: {'pre_conf': (184, 320), 'pre_entropy': (184, 320), 'pre_argdisp': (184, 320), 'post_conf': (184, 320), 'post_entropy': (184, 320), 'post_argdisp': (184, 320), 'scale_to_full': (), 'feat_left': (128, 184, 320)}
DONE: D:\Users\dust\Documents\학교\2026년도1학기\컴퓨터비전\실습\FoundationStereo\experiments\ds_v1_seed0/minimal_interior_v59\fs
features.npz 저장: {'pre_conf': (184, 320), 'pre_entropy': (184, 320), 'pre_argdisp': (184, 320), 'post_conf': (184, 320), 'post_entropy': (184, 320), 'post_argdisp': (184, 320), 'scale_to_full': (), 'feat_left': (128, 184, 320)}
DONE: D:\Users\dust\Documents\학교\2026년도1학기\컴퓨터비전\실습\FoundationStereo\experiments\ds_v1_seed0/scandinavian_v59\fs
features.npz 저장: {'pre_conf': (184, 320), 'pre_entropy': (184, 320), 'pre_argdisp': (184, 320), 'post_conf': (184, 320), 'post_entropy': (184, 320), 'post_argdisp': (184, 320), 'scale_to_full': (), 'feat_left': (128, 184, 320)}
DONE: D:\Users\dust\Documents\학교\2026년도1학기\컴퓨터비전\실습\FoundationStereo\experiments\ds_v1_seed0/sunlight_v59\fs
features.npz 저장: {'pre_conf': (184, 320), 'pre_entropy': (184, 320), 'pre_argdisp': (184, 320), 'post_conf': (184, 320), 'post_entropy': (184, 320), 'post_argdisp': (184, 320), 'scale_to_full': (), 'feat_left': (128, 184, 320)}
DONE: D:\Users\dust\Documents\학교\2026년도1학기\컴퓨터비전\실습\FoundationStereo\experiments\ds_v1_seed0/terrazzo_v59\fs
features.npz 저장: {'pre_conf': (184, 320), 'pre_entropy': (184, 320), 'pre_argdisp': (184, 320), 'post_conf': (184, 320), 'post_entropy': (184, 320), 'post_argdisp': (184, 320), 'scale_to_full': (), 'feat_left': (128, 184, 320)}
DONE: D:\Users\dust\Documents\학교\2026년도1학기\컴퓨터비전\실습\FoundationStereo\experiments\ds_v2_seed1/bedroom_v59\fs
features.npz 저장: {'pre_conf': (184, 320), 'pre_entropy': (184, 320), 'pre_argdisp': (184, 320), 'post_conf': (184, 320), 'post_entropy': (184, 320), 'post_argdisp': (184, 320), 'scale_to_full': (), 'feat_left': (128, 184, 320)}
DONE: D:\Users\dust\Documents\학교\2026년도1학기\컴퓨터비전\실습\FoundationStereo\experiments\ds_v2_seed1/computer_room_v59\fs
features.npz 저장: {'pre_conf': (184, 320), 'pre_entropy': (184, 320), 'pre_argdisp': (184, 320), 'post_conf': (184, 320), 'post_entropy': (184, 320), 'post_argdisp': (184, 320), 'scale_to_full': (), 'feat_left': (128, 184, 320)}
DONE: D:\Users\dust\Documents\학교\2026년도1학기\컴퓨터비전\실습\FoundationStereo\experiments\ds_v2_seed1/green_house_v59\fs
[fs_server] 1420/1537 (done 1420, skip 0, fail 0) 2.7s/view, ETA 5m
features.npz 저장: {'pre_conf': (184, 320), 'pre_entropy': (184, 320), 'pre_argdisp': (184, 320), 'post_conf': (184, 320), 'post_entropy': (184, 320), 'post_argdisp': (184, 320), 'scale_to_full': (), 'feat_left': (128, 184, 320)}
DONE: D:\Users\dust\Documents\학교\2026년도1학기\컴퓨터비전\실습\FoundationStereo\experiments\ds_v2_seed1/gym_v59\fs
features.npz 저장: {'pre_conf': (184, 320), 'pre_entropy': (184, 320), 'pre_argdisp': (184, 320), 'post_conf': (184, 320), 'post_entropy': (184, 320), 'post_argdisp': (184, 320), 'scale_to_full': (), 'feat_left': (128, 184, 320)}
DONE: D:\Users\dust\Documents\학교\2026년도1학기\컴퓨터비전\실습\FoundationStereo\experiments\ds_v2_seed1/living_room_contemp_v59\fs
features.npz 저장: {'pre_conf': (184, 320), 'pre_entropy': (184, 320), 'pre_argdisp': (184, 320), 'post_conf': (184, 320), 'post_entropy': (184, 320), 'post_argdisp': (184, 320), 'scale_to_full': (), 'feat_left': (128, 184, 320)}
DONE: D:\Users\dust\Documents\학교\2026년도1학기\컴퓨터비전\실습\FoundationStereo\experiments\ds_v2_seed1/livingroom_v59\fs
features.npz 저장: {'pre_conf': (184, 320), 'pre_entropy': (184, 320), 'pre_argdisp': (184, 320), 'post_conf': (184, 320), 'post_entropy': (184, 320), 'post_argdisp': (184, 320), 'scale_to_full': (), 'feat_left': (128, 184, 320)}
DONE: D:\Users\dust\Documents\학교\2026년도1학기\컴퓨터비전\실습\FoundationStereo\experiments\ds_v2_seed1/minimal_interior_v59\fs
features.npz 저장: {'pre_conf': (184, 320), 'pre_entropy': (184, 320), 'pre_argdisp': (184, 320), 'post_conf': (184, 320), 'post_entropy': (184, 320), 'post_argdisp': (184, 320), 'scale_to_full': (), 'feat_left': (128, 184, 320)}
DONE: D:\Users\dust\Documents\학교\2026년도1학기\컴퓨터비전\실습\FoundationStereo\experiments\ds_v2_seed1/scandinavian_v59\fs
features.npz 저장: {'pre_conf': (184, 320), 'pre_entropy': (184, 320), 'pre_argdisp': (184, 320), 'post_conf': (184, 320), 'post_entropy': (184, 320), 'post_argdisp': (184, 320), 'scale_to_full': (), 'feat_left': (128, 184, 320)}
DONE: D:\Users\dust\Documents\학교\2026년도1학기\컴퓨터비전\실습\FoundationStereo\experiments\ds_v2_seed1/sunlight_v59\fs
features.npz 저장: {'pre_conf': (184, 320), 'pre_entropy': (184, 320), 'pre_argdisp': (184, 320), 'post_conf': (184, 320), 'post_entropy': (184, 320), 'post_argdisp': (184, 320), 'scale_to_full': (), 'feat_left': (128, 184, 320)}
DONE: D:\Users\dust\Documents\학교\2026년도1학기\컴퓨터비전\실습\FoundationStereo\experiments\ds_v2_seed1/terrazzo_v59\fs
features.npz 저장: {'pre_conf': (184, 320), 'pre_entropy': (184, 320), 'pre_argdisp': (184, 320), 'post_conf': (184, 320), 'post_entropy': (184, 320), 'post_argdisp': (184, 320), 'scale_to_full': (), 'feat_left': (128, 184, 320)}
DONE: D:\Users\dust\Documents\학교\2026년도1학기\컴퓨터비전\실습\FoundationStereo\experiments\ds_v1_seed0/bedroom_v60\fs
features.npz 저장: {'pre_conf': (184, 320), 'pre_entropy': (184, 320), 'pre_argdisp': (184, 320), 'post_conf': (184, 320), 'post_entropy': (184, 320), 'post_argdisp': (184, 320), 'scale_to_full': (), 'feat_left': (128, 184, 320)}
DONE: D:\Users\dust\Documents\학교\2026년도1학기\컴퓨터비전\실습\FoundationStereo\experiments\ds_v1_seed0/computer_room_v60\fs
features.npz 저장: {'pre_conf': (184, 320), 'pre_entropy': (184, 320), 'pre_argdisp': (184, 320), 'post_conf': (184, 320), 'post_entropy': (184, 320), 'post_argdisp': (184, 320), 'scale_to_full': (), 'feat_left': (128, 184, 320)}
DONE: D:\Users\dust\Documents\학교\2026년도1학기\컴퓨터비전\실습\FoundationStereo\experiments\ds_v1_seed0/green_house_v60\fs
features.npz 저장: {'pre_conf': (184, 320), 'pre_entropy': (184, 320), 'pre_argdisp': (184, 320), 'post_conf': (184, 320), 'post_entropy': (184, 320), 'post_argdisp': (184, 320), 'scale_to_full': (), 'feat_left': (128, 184, 320)}
DONE: D:\Users\dust\Documents\학교\2026년도1학기\컴퓨터비전\실습\FoundationStereo\experiments\ds_v1_seed0/gym_v60\fs
features.npz 저장: {'pre_conf': (184, 320), 'pre_entropy': (184, 320), 'pre_argdisp': (184, 320), 'post_conf': (184, 320), 'post_entropy': (184, 320), 'post_argdisp': (184, 320), 'scale_to_full': (), 'feat_left': (128, 184, 320)}
DONE: D:\Users\dust\Documents\학교\2026년도1학기\컴퓨터비전\실습\FoundationStereo\experiments\ds_v1_seed0/living_room_contemp_v60\fs
features.npz 저장: {'pre_conf': (184, 320), 'pre_entropy': (184, 320), 'pre_argdisp': (184, 320), 'post_conf': (184, 320), 'post_entropy': (184, 320), 'post_argdisp': (184, 320), 'scale_to_full': (), 'feat_left': (128, 184, 320)}
DONE: D:\Users\dust\Documents\학교\2026년도1학기\컴퓨터비전\실습\FoundationStereo\experiments\ds_v1_seed0/livingroom_v60\fs
features.npz 저장: {'pre_conf': (184, 320), 'pre_entropy': (184, 320), 'pre_argdisp': (184, 320), 'post_conf': (184, 320), 'post_entropy': (184, 320), 'post_argdisp': (184, 320), 'scale_to_full': (), 'feat_left': (128, 184, 320)}
DONE: D:\Users\dust\Documents\학교\2026년도1학기\컴퓨터비전\실습\FoundationStereo\experiments\ds_v1_seed0/minimal_interior_v60\fs
features.npz 저장: {'pre_conf': (184, 320), 'pre_entropy': (184, 320), 'pre_argdisp': (184, 320), 'post_conf': (184, 320), 'post_entropy': (184, 320), 'post_argdisp': (184, 320), 'scale_to_full': (), 'feat_left': (128, 184, 320)}
DONE: D:\Users\dust\Documents\학교\2026년도1학기\컴퓨터비전\실습\FoundationStereo\experiments\ds_v1_seed0/scandinavian_v60\fs
features.npz 저장: {'pre_conf': (184, 320), 'pre_entropy': (184, 320), 'pre_argdisp': (184, 320), 'post_conf': (184, 320), 'post_entropy': (184, 320), 'post_argdisp': (184, 320), 'scale_to_full': (), 'feat_left': (128, 184, 320)}
DONE: D:\Users\dust\Documents\학교\2026년도1학기\컴퓨터비전\실습\FoundationStereo\experiments\ds_v1_seed0/sunlight_v60\fs
features.npz 저장: {'pre_conf': (184, 320), 'pre_entropy': (184, 320), 'pre_argdisp': (184, 320), 'post_conf': (184, 320), 'post_entropy': (184, 320), 'post_argdisp': (184, 320), 'scale_to_full': (), 'feat_left': (128, 184, 320)}
DONE: D:\Users\dust\Documents\학교\2026년도1학기\컴퓨터비전\실습\FoundationStereo\experiments\ds_v1_seed0/terrazzo_v60\fs
features.npz 저장: {'pre_conf': (184, 320), 'pre_entropy': (184, 320), 'pre_argdisp': (184, 320), 'post_conf': (184, 320), 'post_entropy': (184, 320), 'post_argdisp': (184, 320), 'scale_to_full': (), 'feat_left': (128, 184, 320)}
DONE: D:\Users\dust\Documents\학교\2026년도1학기\컴퓨터비전\실습\FoundationStereo\experiments\ds_v2_seed1/bedroom_v60\fs
features.npz 저장: {'pre_conf': (184, 320), 'pre_entropy': (184, 320), 'pre_argdisp': (184, 320), 'post_conf': (184, 320), 'post_entropy': (184, 320), 'post_argdisp': (184, 320), 'scale_to_full': (), 'feat_left': (128, 184, 320)}
DONE: D:\Users\dust\Documents\학교\2026년도1학기\컴퓨터비전\실습\FoundationStereo\experiments\ds_v2_seed1/computer_room_v60\fs
features.npz 저장: {'pre_conf': (184, 320), 'pre_entropy': (184, 320), 'pre_argdisp': (184, 320), 'post_conf': (184, 320), 'post_entropy': (184, 320), 'post_argdisp': (184, 320), 'scale_to_full': (), 'feat_left': (128, 184, 320)}
DONE: D:\Users\dust\Documents\학교\2026년도1학기\컴퓨터비전\실습\FoundationStereo\experiments\ds_v2_seed1/green_house_v60\fs
[fs_server] 1440/1537 (done 1440, skip 0, fail 0) 2.7s/view, ETA 4m
features.npz 저장: {'pre_conf': (184, 320), 'pre_entropy': (184, 320), 'pre_argdisp': (184, 320), 'post_conf': (184, 320), 'post_entropy': (184, 320), 'post_argdisp': (184, 320), 'scale_to_full': (), 'feat_left': (128, 184, 320)}
DONE: D:\Users\dust\Documents\학교\2026년도1학기\컴퓨터비전\실습\FoundationStereo\experiments\ds_v2_seed1/gym_v60\fs
features.npz 저장: {'pre_conf': (184, 320), 'pre_entropy': (184, 320), 'pre_argdisp': (184, 320), 'post_conf': (184, 320), 'post_entropy': (184, 320), 'post_argdisp': (184, 320), 'scale_to_full': (), 'feat_left': (128, 184, 320)}
DONE: D:\Users\dust\Documents\학교\2026년도1학기\컴퓨터비전\실습\FoundationStereo\experiments\ds_v2_seed1/living_room_contemp_v60\fs
features.npz 저장: {'pre_conf': (184, 320), 'pre_entropy': (184, 320), 'pre_argdisp': (184, 320), 'post_conf': (184, 320), 'post_entropy': (184, 320), 'post_argdisp': (184, 320), 'scale_to_full': (), 'feat_left': (128, 184, 320)}
DONE: D:\Users\dust\Documents\학교\2026년도1학기\컴퓨터비전\실습\FoundationStereo\experiments\ds_v2_seed1/livingroom_v60\fs
features.npz 저장: {'pre_conf': (184, 320), 'pre_entropy': (184, 320), 'pre_argdisp': (184, 320), 'post_conf': (184, 320), 'post_entropy': (184, 320), 'post_argdisp': (184, 320), 'scale_to_full': (), 'feat_left': (128, 184, 320)}
DONE: D:\Users\dust\Documents\학교\2026년도1학기\컴퓨터비전\실습\FoundationStereo\experiments\ds_v2_seed1/minimal_interior_v60\fs
features.npz 저장: {'pre_conf': (184, 320), 'pre_entropy': (184, 320), 'pre_argdisp': (184, 320), 'post_conf': (184, 320), 'post_entropy': (184, 320), 'post_argdisp': (184, 320), 'scale_to_full': (), 'feat_left': (128, 184, 320)}
DONE: D:\Users\dust\Documents\학교\2026년도1학기\컴퓨터비전\실습\FoundationStereo\experiments\ds_v2_seed1/scandinavian_v60\fs
features.npz 저장: {'pre_conf': (184, 320), 'pre_entropy': (184, 320), 'pre_argdisp': (184, 320), 'post_conf': (184, 320), 'post_entropy': (184, 320), 'post_argdisp': (184, 320), 'scale_to_full': (), 'feat_left': (128, 184, 320)}
DONE: D:\Users\dust\Documents\학교\2026년도1학기\컴퓨터비전\실습\FoundationStereo\experiments\ds_v2_seed1/sunlight_v60\fs
features.npz 저장: {'pre_conf': (184, 320), 'pre_entropy': (184, 320), 'pre_argdisp': (184, 320), 'post_conf': (184, 320), 'post_entropy': (184, 320), 'post_argdisp': (184, 320), 'scale_to_full': (), 'feat_left': (128, 184, 320)}
DONE: D:\Users\dust\Documents\학교\2026년도1학기\컴퓨터비전\실습\FoundationStereo\experiments\ds_v2_seed1/terrazzo_v60\fs
features.npz 저장: {'pre_conf': (184, 320), 'pre_entropy': (184, 320), 'pre_argdisp': (184, 320), 'post_conf': (184, 320), 'post_entropy': (184, 320), 'post_argdisp': (184, 320), 'scale_to_full': (), 'feat_left': (128, 184, 320)}
DONE: D:\Users\dust\Documents\학교\2026년도1학기\컴퓨터비전\실습\FoundationStereo\experiments\ds_v1_seed0/bedroom_v61\fs
features.npz 저장: {'pre_conf': (184, 320), 'pre_entropy': (184, 320), 'pre_argdisp': (184, 320), 'post_conf': (184, 320), 'post_entropy': (184, 320), 'post_argdisp': (184, 320), 'scale_to_full': (), 'feat_left': (128, 184, 320)}
DONE: D:\Users\dust\Documents\학교\2026년도1학기\컴퓨터비전\실습\FoundationStereo\experiments\ds_v1_seed0/computer_room_v61\fs
features.npz 저장: {'pre_conf': (184, 320), 'pre_entropy': (184, 320), 'pre_argdisp': (184, 320), 'post_conf': (184, 320), 'post_entropy': (184, 320), 'post_argdisp': (184, 320), 'scale_to_full': (), 'feat_left': (128, 184, 320)}
DONE: D:\Users\dust\Documents\학교\2026년도1학기\컴퓨터비전\실습\FoundationStereo\experiments\ds_v1_seed0/green_house_v61\fs
features.npz 저장: {'pre_conf': (184, 320), 'pre_entropy': (184, 320), 'pre_argdisp': (184, 320), 'post_conf': (184, 320), 'post_entropy': (184, 320), 'post_argdisp': (184, 320), 'scale_to_full': (), 'feat_left': (128, 184, 320)}
DONE: D:\Users\dust\Documents\학교\2026년도1학기\컴퓨터비전\실습\FoundationStereo\experiments\ds_v1_seed0/gym_v61\fs
features.npz 저장: {'pre_conf': (184, 320), 'pre_entropy': (184, 320), 'pre_argdisp': (184, 320), 'post_conf': (184, 320), 'post_entropy': (184, 320), 'post_argdisp': (184, 320), 'scale_to_full': (), 'feat_left': (128, 184, 320)}
DONE: D:\Users\dust\Documents\학교\2026년도1학기\컴퓨터비전\실습\FoundationStereo\experiments\ds_v1_seed0/living_room_contemp_v61\fs
features.npz 저장: {'pre_conf': (184, 320), 'pre_entropy': (184, 320), 'pre_argdisp': (184, 320), 'post_conf': (184, 320), 'post_entropy': (184, 320), 'post_argdisp': (184, 320), 'scale_to_full': (), 'feat_left': (128, 184, 320)}
DONE: D:\Users\dust\Documents\학교\2026년도1학기\컴퓨터비전\실습\FoundationStereo\experiments\ds_v1_seed0/livingroom_v61\fs
features.npz 저장: {'pre_conf': (184, 320), 'pre_entropy': (184, 320), 'pre_argdisp': (184, 320), 'post_conf': (184, 320), 'post_entropy': (184, 320), 'post_argdisp': (184, 320), 'scale_to_full': (), 'feat_left': (128, 184, 320)}
DONE: D:\Users\dust\Documents\학교\2026년도1학기\컴퓨터비전\실습\FoundationStereo\experiments\ds_v1_seed0/minimal_interior_v61\fs
features.npz 저장: {'pre_conf': (184, 320), 'pre_entropy': (184, 320), 'pre_argdisp': (184, 320), 'post_conf': (184, 320), 'post_entropy': (184, 320), 'post_argdisp': (184, 320), 'scale_to_full': (), 'feat_left': (128, 184, 320)}
DONE: D:\Users\dust\Documents\학교\2026년도1학기\컴퓨터비전\실습\FoundationStereo\experiments\ds_v1_seed0/scandinavian_v61\fs
features.npz 저장: {'pre_conf': (184, 320), 'pre_entropy': (184, 320), 'pre_argdisp': (184, 320), 'post_conf': (184, 320), 'post_entropy': (184, 320), 'post_argdisp': (184, 320), 'scale_to_full': (), 'feat_left': (128, 184, 320)}
DONE: D:\Users\dust\Documents\학교\2026년도1학기\컴퓨터비전\실습\FoundationStereo\experiments\ds_v1_seed0/sunlight_v61\fs
features.npz 저장: {'pre_conf': (184, 320), 'pre_entropy': (184, 320), 'pre_argdisp': (184, 320), 'post_conf': (184, 320), 'post_entropy': (184, 320), 'post_argdisp': (184, 320), 'scale_to_full': (), 'feat_left': (128, 184, 320)}
DONE: D:\Users\dust\Documents\학교\2026년도1학기\컴퓨터비전\실습\FoundationStereo\experiments\ds_v1_seed0/terrazzo_v61\fs
features.npz 저장: {'pre_conf': (184, 320), 'pre_entropy': (184, 320), 'pre_argdisp': (184, 320), 'post_conf': (184, 320), 'post_entropy': (184, 320), 'post_argdisp': (184, 320), 'scale_to_full': (), 'feat_left': (128, 184, 320)}
DONE: D:\Users\dust\Documents\학교\2026년도1학기\컴퓨터비전\실습\FoundationStereo\experiments\ds_v2_seed1/bedroom_v61\fs
features.npz 저장: {'pre_conf': (184, 320), 'pre_entropy': (184, 320), 'pre_argdisp': (184, 320), 'post_conf': (184, 320), 'post_entropy': (184, 320), 'post_argdisp': (184, 320), 'scale_to_full': (), 'feat_left': (128, 184, 320)}
DONE: D:\Users\dust\Documents\학교\2026년도1학기\컴퓨터비전\실습\FoundationStereo\experiments\ds_v2_seed1/computer_room_v61\fs
features.npz 저장: {'pre_conf': (184, 320), 'pre_entropy': (184, 320), 'pre_argdisp': (184, 320), 'post_conf': (184, 320), 'post_entropy': (184, 320), 'post_argdisp': (184, 320), 'scale_to_full': (), 'feat_left': (128, 184, 320)}
DONE: D:\Users\dust\Documents\학교\2026년도1학기\컴퓨터비전\실습\FoundationStereo\experiments\ds_v2_seed1/green_house_v61\fs
[fs_server] 1460/1537 (done 1460, skip 0, fail 0) 2.7s/view, ETA 4m
features.npz 저장: {'pre_conf': (184, 320), 'pre_entropy': (184, 320), 'pre_argdisp': (184, 320), 'post_conf': (184, 320), 'post_entropy': (184, 320), 'post_argdisp': (184, 320), 'scale_to_full': (), 'feat_left': (128, 184, 320)}
DONE: D:\Users\dust\Documents\학교\2026년도1학기\컴퓨터비전\실습\FoundationStereo\experiments\ds_v2_seed1/gym_v61\fs
features.npz 저장: {'pre_conf': (184, 320), 'pre_entropy': (184, 320), 'pre_argdisp': (184, 320), 'post_conf': (184, 320), 'post_entropy': (184, 320), 'post_argdisp': (184, 320), 'scale_to_full': (), 'feat_left': (128, 184, 320)}
DONE: D:\Users\dust\Documents\학교\2026년도1학기\컴퓨터비전\실습\FoundationStereo\experiments\ds_v2_seed1/living_room_contemp_v61\fs
features.npz 저장: {'pre_conf': (184, 320), 'pre_entropy': (184, 320), 'pre_argdisp': (184, 320), 'post_conf': (184, 320), 'post_entropy': (184, 320), 'post_argdisp': (184, 320), 'scale_to_full': (), 'feat_left': (128, 184, 320)}
DONE: D:\Users\dust\Documents\학교\2026년도1학기\컴퓨터비전\실습\FoundationStereo\experiments\ds_v2_seed1/livingroom_v61\fs
features.npz 저장: {'pre_conf': (184, 320), 'pre_entropy': (184, 320), 'pre_argdisp': (184, 320), 'post_conf': (184, 320), 'post_entropy': (184, 320), 'post_argdisp': (184, 320), 'scale_to_full': (), 'feat_left': (128, 184, 320)}
DONE: D:\Users\dust\Documents\학교\2026년도1학기\컴퓨터비전\실습\FoundationStereo\experiments\ds_v2_seed1/minimal_interior_v61\fs
features.npz 저장: {'pre_conf': (184, 320), 'pre_entropy': (184, 320), 'pre_argdisp': (184, 320), 'post_conf': (184, 320), 'post_entropy': (184, 320), 'post_argdisp': (184, 320), 'scale_to_full': (), 'feat_left': (128, 184, 320)}
DONE: D:\Users\dust\Documents\학교\2026년도1학기\컴퓨터비전\실습\FoundationStereo\experiments\ds_v2_seed1/scandinavian_v61\fs
features.npz 저장: {'pre_conf': (184, 320), 'pre_entropy': (184, 320), 'pre_argdisp': (184, 320), 'post_conf': (184, 320), 'post_entropy': (184, 320), 'post_argdisp': (184, 320), 'scale_to_full': (), 'feat_left': (128, 184, 320)}
DONE: D:\Users\dust\Documents\학교\2026년도1학기\컴퓨터비전\실습\FoundationStereo\experiments\ds_v2_seed1/sunlight_v61\fs
features.npz 저장: {'pre_conf': (184, 320), 'pre_entropy': (184, 320), 'pre_argdisp': (184, 320), 'post_conf': (184, 320), 'post_entropy': (184, 320), 'post_argdisp': (184, 320), 'scale_to_full': (), 'feat_left': (128, 184, 320)}
DONE: D:\Users\dust\Documents\학교\2026년도1학기\컴퓨터비전\실습\FoundationStereo\experiments\ds_v2_seed1/terrazzo_v61\fs
features.npz 저장: {'pre_conf': (184, 320), 'pre_entropy': (184, 320), 'pre_argdisp': (184, 320), 'post_conf': (184, 320), 'post_entropy': (184, 320), 'post_argdisp': (184, 320), 'scale_to_full': (), 'feat_left': (128, 184, 320)}
DONE: D:\Users\dust\Documents\학교\2026년도1학기\컴퓨터비전\실습\FoundationStereo\experiments\ds_v1_seed0/bedroom_v62\fs
features.npz 저장: {'pre_conf': (184, 320), 'pre_entropy': (184, 320), 'pre_argdisp': (184, 320), 'post_conf': (184, 320), 'post_entropy': (184, 320), 'post_argdisp': (184, 320), 'scale_to_full': (), 'feat_left': (128, 184, 320)}
DONE: D:\Users\dust\Documents\학교\2026년도1학기\컴퓨터비전\실습\FoundationStereo\experiments\ds_v1_seed0/computer_room_v62\fs
features.npz 저장: {'pre_conf': (184, 320), 'pre_entropy': (184, 320), 'pre_argdisp': (184, 320), 'post_conf': (184, 320), 'post_entropy': (184, 320), 'post_argdisp': (184, 320), 'scale_to_full': (), 'feat_left': (128, 184, 320)}
DONE: D:\Users\dust\Documents\학교\2026년도1학기\컴퓨터비전\실습\FoundationStereo\experiments\ds_v1_seed0/green_house_v62\fs
features.npz 저장: {'pre_conf': (184, 320), 'pre_entropy': (184, 320), 'pre_argdisp': (184, 320), 'post_conf': (184, 320), 'post_entropy': (184, 320), 'post_argdisp': (184, 320), 'scale_to_full': (), 'feat_left': (128, 184, 320)}
DONE: D:\Users\dust\Documents\학교\2026년도1학기\컴퓨터비전\실습\FoundationStereo\experiments\ds_v1_seed0/gym_v62\fs
features.npz 저장: {'pre_conf': (184, 320), 'pre_entropy': (184, 320), 'pre_argdisp': (184, 320), 'post_conf': (184, 320), 'post_entropy': (184, 320), 'post_argdisp': (184, 320), 'scale_to_full': (), 'feat_left': (128, 184, 320)}
DONE: D:\Users\dust\Documents\학교\2026년도1학기\컴퓨터비전\실습\FoundationStereo\experiments\ds_v1_seed0/living_room_contemp_v62\fs
features.npz 저장: {'pre_conf': (184, 320), 'pre_entropy': (184, 320), 'pre_argdisp': (184, 320), 'post_conf': (184, 320), 'post_entropy': (184, 320), 'post_argdisp': (184, 320), 'scale_to_full': (), 'feat_left': (128, 184, 320)}
DONE: D:\Users\dust\Documents\학교\2026년도1학기\컴퓨터비전\실습\FoundationStereo\experiments\ds_v1_seed0/livingroom_v62\fs
features.npz 저장: {'pre_conf': (184, 320), 'pre_entropy': (184, 320), 'pre_argdisp': (184, 320), 'post_conf': (184, 320), 'post_entropy': (184, 320), 'post_argdisp': (184, 320), 'scale_to_full': (), 'feat_left': (128, 184, 320)}
DONE: D:\Users\dust\Documents\학교\2026년도1학기\컴퓨터비전\실습\FoundationStereo\experiments\ds_v1_seed0/minimal_interior_v62\fs
features.npz 저장: {'pre_conf': (184, 320), 'pre_entropy': (184, 320), 'pre_argdisp': (184, 320), 'post_conf': (184, 320), 'post_entropy': (184, 320), 'post_argdisp': (184, 320), 'scale_to_full': (), 'feat_left': (128, 184, 320)}
DONE: D:\Users\dust\Documents\학교\2026년도1학기\컴퓨터비전\실습\FoundationStereo\experiments\ds_v1_seed0/scandinavian_v62\fs
features.npz 저장: {'pre_conf': (184, 320), 'pre_entropy': (184, 320), 'pre_argdisp': (184, 320), 'post_conf': (184, 320), 'post_entropy': (184, 320), 'post_argdisp': (184, 320), 'scale_to_full': (), 'feat_left': (128, 184, 320)}
DONE: D:\Users\dust\Documents\학교\2026년도1학기\컴퓨터비전\실습\FoundationStereo\experiments\ds_v1_seed0/sunlight_v62\fs
features.npz 저장: {'pre_conf': (184, 320), 'pre_entropy': (184, 320), 'pre_argdisp': (184, 320), 'post_conf': (184, 320), 'post_entropy': (184, 320), 'post_argdisp': (184, 320), 'scale_to_full': (), 'feat_left': (128, 184, 320)}
DONE: D:\Users\dust\Documents\학교\2026년도1학기\컴퓨터비전\실습\FoundationStereo\experiments\ds_v1_seed0/terrazzo_v62\fs
features.npz 저장: {'pre_conf': (184, 320), 'pre_entropy': (184, 320), 'pre_argdisp': (184, 320), 'post_conf': (184, 320), 'post_entropy': (184, 320), 'post_argdisp': (184, 320), 'scale_to_full': (), 'feat_left': (128, 184, 320)}
DONE: D:\Users\dust\Documents\학교\2026년도1학기\컴퓨터비전\실습\FoundationStereo\experiments\ds_v2_seed1/bedroom_v62\fs
features.npz 저장: {'pre_conf': (184, 320), 'pre_entropy': (184, 320), 'pre_argdisp': (184, 320), 'post_conf': (184, 320), 'post_entropy': (184, 320), 'post_argdisp': (184, 320), 'scale_to_full': (), 'feat_left': (128, 184, 320)}
DONE: D:\Users\dust\Documents\학교\2026년도1학기\컴퓨터비전\실습\FoundationStereo\experiments\ds_v2_seed1/computer_room_v62\fs
features.npz 저장: {'pre_conf': (184, 320), 'pre_entropy': (184, 320), 'pre_argdisp': (184, 320), 'post_conf': (184, 320), 'post_entropy': (184, 320), 'post_argdisp': (184, 320), 'scale_to_full': (), 'feat_left': (128, 184, 320)}
DONE: D:\Users\dust\Documents\학교\2026년도1학기\컴퓨터비전\실습\FoundationStereo\experiments\ds_v2_seed1/green_house_v62\fs
[fs_server] 1480/1537 (done 1480, skip 0, fail 0) 2.7s/view, ETA 3m
features.npz 저장: {'pre_conf': (184, 320), 'pre_entropy': (184, 320), 'pre_argdisp': (184, 320), 'post_conf': (184, 320), 'post_entropy': (184, 320), 'post_argdisp': (184, 320), 'scale_to_full': (), 'feat_left': (128, 184, 320)}
DONE: D:\Users\dust\Documents\학교\2026년도1학기\컴퓨터비전\실습\FoundationStereo\experiments\ds_v2_seed1/gym_v62\fs
features.npz 저장: {'pre_conf': (184, 320), 'pre_entropy': (184, 320), 'pre_argdisp': (184, 320), 'post_conf': (184, 320), 'post_entropy': (184, 320), 'post_argdisp': (184, 320), 'scale_to_full': (), 'feat_left': (128, 184, 320)}
DONE: D:\Users\dust\Documents\학교\2026년도1학기\컴퓨터비전\실습\FoundationStereo\experiments\ds_v2_seed1/living_room_contemp_v62\fs
features.npz 저장: {'pre_conf': (184, 320), 'pre_entropy': (184, 320), 'pre_argdisp': (184, 320), 'post_conf': (184, 320), 'post_entropy': (184, 320), 'post_argdisp': (184, 320), 'scale_to_full': (), 'feat_left': (128, 184, 320)}
DONE: D:\Users\dust\Documents\학교\2026년도1학기\컴퓨터비전\실습\FoundationStereo\experiments\ds_v2_seed1/livingroom_v62\fs
features.npz 저장: {'pre_conf': (184, 320), 'pre_entropy': (184, 320), 'pre_argdisp': (184, 320), 'post_conf': (184, 320), 'post_entropy': (184, 320), 'post_argdisp': (184, 320), 'scale_to_full': (), 'feat_left': (128, 184, 320)}
DONE: D:\Users\dust\Documents\학교\2026년도1학기\컴퓨터비전\실습\FoundationStereo\experiments\ds_v2_seed1/minimal_interior_v62\fs
features.npz 저장: {'pre_conf': (184, 320), 'pre_entropy': (184, 320), 'pre_argdisp': (184, 320), 'post_conf': (184, 320), 'post_entropy': (184, 320), 'post_argdisp': (184, 320), 'scale_to_full': (), 'feat_left': (128, 184, 320)}
DONE: D:\Users\dust\Documents\학교\2026년도1학기\컴퓨터비전\실습\FoundationStereo\experiments\ds_v2_seed1/scandinavian_v62\fs
features.npz 저장: {'pre_conf': (184, 320), 'pre_entropy': (184, 320), 'pre_argdisp': (184, 320), 'post_conf': (184, 320), 'post_entropy': (184, 320), 'post_argdisp': (184, 320), 'scale_to_full': (), 'feat_left': (128, 184, 320)}
DONE: D:\Users\dust\Documents\학교\2026년도1학기\컴퓨터비전\실습\FoundationStereo\experiments\ds_v2_seed1/sunlight_v62\fs
features.npz 저장: {'pre_conf': (184, 320), 'pre_entropy': (184, 320), 'pre_argdisp': (184, 320), 'post_conf': (184, 320), 'post_entropy': (184, 320), 'post_argdisp': (184, 320), 'scale_to_full': (), 'feat_left': (128, 184, 320)}
DONE: D:\Users\dust\Documents\학교\2026년도1학기\컴퓨터비전\실습\FoundationStereo\experiments\ds_v2_seed1/terrazzo_v62\fs
features.npz 저장: {'pre_conf': (184, 320), 'pre_entropy': (184, 320), 'pre_argdisp': (184, 320), 'post_conf': (184, 320), 'post_entropy': (184, 320), 'post_argdisp': (184, 320), 'scale_to_full': (), 'feat_left': (128, 184, 320)}
DONE: D:\Users\dust\Documents\학교\2026년도1학기\컴퓨터비전\실습\FoundationStereo\experiments\ds_v1_seed0/bedroom_v63\fs
features.npz 저장: {'pre_conf': (184, 320), 'pre_entropy': (184, 320), 'pre_argdisp': (184, 320), 'post_conf': (184, 320), 'post_entropy': (184, 320), 'post_argdisp': (184, 320), 'scale_to_full': (), 'feat_left': (128, 184, 320)}
DONE: D:\Users\dust\Documents\학교\2026년도1학기\컴퓨터비전\실습\FoundationStereo\experiments\ds_v1_seed0/computer_room_v63\fs
features.npz 저장: {'pre_conf': (184, 320), 'pre_entropy': (184, 320), 'pre_argdisp': (184, 320), 'post_conf': (184, 320), 'post_entropy': (184, 320), 'post_argdisp': (184, 320), 'scale_to_full': (), 'feat_left': (128, 184, 320)}
DONE: D:\Users\dust\Documents\학교\2026년도1학기\컴퓨터비전\실습\FoundationStereo\experiments\ds_v1_seed0/green_house_v63\fs
features.npz 저장: {'pre_conf': (184, 320), 'pre_entropy': (184, 320), 'pre_argdisp': (184, 320), 'post_conf': (184, 320), 'post_entropy': (184, 320), 'post_argdisp': (184, 320), 'scale_to_full': (), 'feat_left': (128, 184, 320)}
DONE: D:\Users\dust\Documents\학교\2026년도1학기\컴퓨터비전\실습\FoundationStereo\experiments\ds_v1_seed0/gym_v63\fs
features.npz 저장: {'pre_conf': (184, 320), 'pre_entropy': (184, 320), 'pre_argdisp': (184, 320), 'post_conf': (184, 320), 'post_entropy': (184, 320), 'post_argdisp': (184, 320), 'scale_to_full': (), 'feat_left': (128, 184, 320)}
DONE: D:\Users\dust\Documents\학교\2026년도1학기\컴퓨터비전\실습\FoundationStereo\experiments\ds_v1_seed0/living_room_contemp_v63\fs
features.npz 저장: {'pre_conf': (184, 320), 'pre_entropy': (184, 320), 'pre_argdisp': (184, 320), 'post_conf': (184, 320), 'post_entropy': (184, 320), 'post_argdisp': (184, 320), 'scale_to_full': (), 'feat_left': (128, 184, 320)}
DONE: D:\Users\dust\Documents\학교\2026년도1학기\컴퓨터비전\실습\FoundationStereo\experiments\ds_v1_seed0/livingroom_v63\fs
features.npz 저장: {'pre_conf': (184, 320), 'pre_entropy': (184, 320), 'pre_argdisp': (184, 320), 'post_conf': (184, 320), 'post_entropy': (184, 320), 'post_argdisp': (184, 320), 'scale_to_full': (), 'feat_left': (128, 184, 320)}
DONE: D:\Users\dust\Documents\학교\2026년도1학기\컴퓨터비전\실습\FoundationStereo\experiments\ds_v1_seed0/minimal_interior_v63\fs
features.npz 저장: {'pre_conf': (184, 320), 'pre_entropy': (184, 320), 'pre_argdisp': (184, 320), 'post_conf': (184, 320), 'post_entropy': (184, 320), 'post_argdisp': (184, 320), 'scale_to_full': (), 'feat_left': (128, 184, 320)}
DONE: D:\Users\dust\Documents\학교\2026년도1학기\컴퓨터비전\실습\FoundationStereo\experiments\ds_v1_seed0/scandinavian_v63\fs
features.npz 저장: {'pre_conf': (184, 320), 'pre_entropy': (184, 320), 'pre_argdisp': (184, 320), 'post_conf': (184, 320), 'post_entropy': (184, 320), 'post_argdisp': (184, 320), 'scale_to_full': (), 'feat_left': (128, 184, 320)}
DONE: D:\Users\dust\Documents\학교\2026년도1학기\컴퓨터비전\실습\FoundationStereo\experiments\ds_v1_seed0/sunlight_v63\fs
features.npz 저장: {'pre_conf': (184, 320), 'pre_entropy': (184, 320), 'pre_argdisp': (184, 320), 'post_conf': (184, 320), 'post_entropy': (184, 320), 'post_argdisp': (184, 320), 'scale_to_full': (), 'feat_left': (128, 184, 320)}
DONE: D:\Users\dust\Documents\학교\2026년도1학기\컴퓨터비전\실습\FoundationStereo\experiments\ds_v1_seed0/terrazzo_v63\fs
features.npz 저장: {'pre_conf': (184, 320), 'pre_entropy': (184, 320), 'pre_argdisp': (184, 320), 'post_conf': (184, 320), 'post_entropy': (184, 320), 'post_argdisp': (184, 320), 'scale_to_full': (), 'feat_left': (128, 184, 320)}
DONE: D:\Users\dust\Documents\학교\2026년도1학기\컴퓨터비전\실습\FoundationStereo\experiments\ds_v2_seed1/bedroom_v63\fs
features.npz 저장: {'pre_conf': (184, 320), 'pre_entropy': (184, 320), 'pre_argdisp': (184, 320), 'post_conf': (184, 320), 'post_entropy': (184, 320), 'post_argdisp': (184, 320), 'scale_to_full': (), 'feat_left': (128, 184, 320)}
DONE: D:\Users\dust\Documents\학교\2026년도1학기\컴퓨터비전\실습\FoundationStereo\experiments\ds_v2_seed1/computer_room_v63\fs
features.npz 저장: {'pre_conf': (184, 320), 'pre_entropy': (184, 320), 'pre_argdisp': (184, 320), 'post_conf': (184, 320), 'post_entropy': (184, 320), 'post_argdisp': (184, 320), 'scale_to_full': (), 'feat_left': (128, 184, 320)}
DONE: D:\Users\dust\Documents\학교\2026년도1학기\컴퓨터비전\실습\FoundationStereo\experiments\ds_v2_seed1/green_house_v63\fs
[fs_server] 1500/1537 (done 1500, skip 0, fail 0) 2.7s/view, ETA 2m
features.npz 저장: {'pre_conf': (184, 320), 'pre_entropy': (184, 320), 'pre_argdisp': (184, 320), 'post_conf': (184, 320), 'post_entropy': (184, 320), 'post_argdisp': (184, 320), 'scale_to_full': (), 'feat_left': (128, 184, 320)}
DONE: D:\Users\dust\Documents\학교\2026년도1학기\컴퓨터비전\실습\FoundationStereo\experiments\ds_v2_seed1/gym_v63\fs
features.npz 저장: {'pre_conf': (184, 320), 'pre_entropy': (184, 320), 'pre_argdisp': (184, 320), 'post_conf': (184, 320), 'post_entropy': (184, 320), 'post_argdisp': (184, 320), 'scale_to_full': (), 'feat_left': (128, 184, 320)}
DONE: D:\Users\dust\Documents\학교\2026년도1학기\컴퓨터비전\실습\FoundationStereo\experiments\ds_v2_seed1/living_room_contemp_v63\fs
features.npz 저장: {'pre_conf': (184, 320), 'pre_entropy': (184, 320), 'pre_argdisp': (184, 320), 'post_conf': (184, 320), 'post_entropy': (184, 320), 'post_argdisp': (184, 320), 'scale_to_full': (), 'feat_left': (128, 184, 320)}
DONE: D:\Users\dust\Documents\학교\2026년도1학기\컴퓨터비전\실습\FoundationStereo\experiments\ds_v2_seed1/livingroom_v63\fs
features.npz 저장: {'pre_conf': (184, 320), 'pre_entropy': (184, 320), 'pre_argdisp': (184, 320), 'post_conf': (184, 320), 'post_entropy': (184, 320), 'post_argdisp': (184, 320), 'scale_to_full': (), 'feat_left': (128, 184, 320)}
DONE: D:\Users\dust\Documents\학교\2026년도1학기\컴퓨터비전\실습\FoundationStereo\experiments\ds_v2_seed1/minimal_interior_v63\fs
features.npz 저장: {'pre_conf': (184, 320), 'pre_entropy': (184, 320), 'pre_argdisp': (184, 320), 'post_conf': (184, 320), 'post_entropy': (184, 320), 'post_argdisp': (184, 320), 'scale_to_full': (), 'feat_left': (128, 184, 320)}
DONE: D:\Users\dust\Documents\학교\2026년도1학기\컴퓨터비전\실습\FoundationStereo\experiments\ds_v2_seed1/scandinavian_v63\fs
features.npz 저장: {'pre_conf': (184, 320), 'pre_entropy': (184, 320), 'pre_argdisp': (184, 320), 'post_conf': (184, 320), 'post_entropy': (184, 320), 'post_argdisp': (184, 320), 'scale_to_full': (), 'feat_left': (128, 184, 320)}
DONE: D:\Users\dust\Documents\학교\2026년도1학기\컴퓨터비전\실습\FoundationStereo\experiments\ds_v2_seed1/sunlight_v63\fs
features.npz 저장: {'pre_conf': (184, 320), 'pre_entropy': (184, 320), 'pre_argdisp': (184, 320), 'post_conf': (184, 320), 'post_entropy': (184, 320), 'post_argdisp': (184, 320), 'scale_to_full': (), 'feat_left': (128, 184, 320)}
DONE: D:\Users\dust\Documents\학교\2026년도1학기\컴퓨터비전\실습\FoundationStereo\experiments\ds_v2_seed1/terrazzo_v63\fs
features.npz 저장: {'pre_conf': (184, 320), 'pre_entropy': (184, 320), 'pre_argdisp': (184, 320), 'post_conf': (184, 320), 'post_entropy': (184, 320), 'post_argdisp': (184, 320), 'scale_to_full': (), 'feat_left': (128, 184, 320)}
DONE: D:\Users\dust\Documents\학교\2026년도1학기\컴퓨터비전\실습\FoundationStereo\experiments\ds_v1_seed0/bedroom_v64\fs
features.npz 저장: {'pre_conf': (184, 320), 'pre_entropy': (184, 320), 'pre_argdisp': (184, 320), 'post_conf': (184, 320), 'post_entropy': (184, 320), 'post_argdisp': (184, 320), 'scale_to_full': (), 'feat_left': (128, 184, 320)}
DONE: D:\Users\dust\Documents\학교\2026년도1학기\컴퓨터비전\실습\FoundationStereo\experiments\ds_v1_seed0/computer_room_v64\fs
features.npz 저장: {'pre_conf': (184, 320), 'pre_entropy': (184, 320), 'pre_argdisp': (184, 320), 'post_conf': (184, 320), 'post_entropy': (184, 320), 'post_argdisp': (184, 320), 'scale_to_full': (), 'feat_left': (128, 184, 320)}
DONE: D:\Users\dust\Documents\학교\2026년도1학기\컴퓨터비전\실습\FoundationStereo\experiments\ds_v1_seed0/green_house_v64\fs
features.npz 저장: {'pre_conf': (184, 320), 'pre_entropy': (184, 320), 'pre_argdisp': (184, 320), 'post_conf': (184, 320), 'post_entropy': (184, 320), 'post_argdisp': (184, 320), 'scale_to_full': (), 'feat_left': (128, 184, 320)}
DONE: D:\Users\dust\Documents\학교\2026년도1학기\컴퓨터비전\실습\FoundationStereo\experiments\ds_v1_seed0/gym_v64\fs
features.npz 저장: {'pre_conf': (184, 320), 'pre_entropy': (184, 320), 'pre_argdisp': (184, 320), 'post_conf': (184, 320), 'post_entropy': (184, 320), 'post_argdisp': (184, 320), 'scale_to_full': (), 'feat_left': (128, 184, 320)}
DONE: D:\Users\dust\Documents\학교\2026년도1학기\컴퓨터비전\실습\FoundationStereo\experiments\ds_v1_seed0/living_room_contemp_v64\fs
features.npz 저장: {'pre_conf': (184, 320), 'pre_entropy': (184, 320), 'pre_argdisp': (184, 320), 'post_conf': (184, 320), 'post_entropy': (184, 320), 'post_argdisp': (184, 320), 'scale_to_full': (), 'feat_left': (128, 184, 320)}
DONE: D:\Users\dust\Documents\학교\2026년도1학기\컴퓨터비전\실습\FoundationStereo\experiments\ds_v1_seed0/livingroom_v64\fs
features.npz 저장: {'pre_conf': (184, 320), 'pre_entropy': (184, 320), 'pre_argdisp': (184, 320), 'post_conf': (184, 320), 'post_entropy': (184, 320), 'post_argdisp': (184, 320), 'scale_to_full': (), 'feat_left': (128, 184, 320)}
DONE: D:\Users\dust\Documents\학교\2026년도1학기\컴퓨터비전\실습\FoundationStereo\experiments\ds_v1_seed0/minimal_interior_v64\fs
features.npz 저장: {'pre_conf': (184, 320), 'pre_entropy': (184, 320), 'pre_argdisp': (184, 320), 'post_conf': (184, 320), 'post_entropy': (184, 320), 'post_argdisp': (184, 320), 'scale_to_full': (), 'feat_left': (128, 184, 320)}
DONE: D:\Users\dust\Documents\학교\2026년도1학기\컴퓨터비전\실습\FoundationStereo\experiments\ds_v1_seed0/scandinavian_v64\fs
features.npz 저장: {'pre_conf': (184, 320), 'pre_entropy': (184, 320), 'pre_argdisp': (184, 320), 'post_conf': (184, 320), 'post_entropy': (184, 320), 'post_argdisp': (184, 320), 'scale_to_full': (), 'feat_left': (128, 184, 320)}
DONE: D:\Users\dust\Documents\학교\2026년도1학기\컴퓨터비전\실습\FoundationStereo\experiments\ds_v1_seed0/sunlight_v64\fs
features.npz 저장: {'pre_conf': (184, 320), 'pre_entropy': (184, 320), 'pre_argdisp': (184, 320), 'post_conf': (184, 320), 'post_entropy': (184, 320), 'post_argdisp': (184, 320), 'scale_to_full': (), 'feat_left': (128, 184, 320)}
DONE: D:\Users\dust\Documents\학교\2026년도1학기\컴퓨터비전\실습\FoundationStereo\experiments\ds_v1_seed0/terrazzo_v64\fs
features.npz 저장: {'pre_conf': (184, 320), 'pre_entropy': (184, 320), 'pre_argdisp': (184, 320), 'post_conf': (184, 320), 'post_entropy': (184, 320), 'post_argdisp': (184, 320), 'scale_to_full': (), 'feat_left': (128, 184, 320)}
DONE: D:\Users\dust\Documents\학교\2026년도1학기\컴퓨터비전\실습\FoundationStereo\experiments\ds_v2_seed1/computer_room_v64\fs
features.npz 저장: {'pre_conf': (184, 320), 'pre_entropy': (184, 320), 'pre_argdisp': (184, 320), 'post_conf': (184, 320), 'post_entropy': (184, 320), 'post_argdisp': (184, 320), 'scale_to_full': (), 'feat_left': (128, 184, 320)}
DONE: D:\Users\dust\Documents\학교\2026년도1학기\컴퓨터비전\실습\FoundationStereo\experiments\ds_v2_seed1/gym_v64\fs
features.npz 저장: {'pre_conf': (184, 320), 'pre_entropy': (184, 320), 'pre_argdisp': (184, 320), 'post_conf': (184, 320), 'post_entropy': (184, 320), 'post_argdisp': (184, 320), 'scale_to_full': (), 'feat_left': (128, 184, 320)}
DONE: D:\Users\dust\Documents\학교\2026년도1학기\컴퓨터비전\실습\FoundationStereo\experiments\ds_v2_seed1/living_room_contemp_v64\fs
[fs_server] 1520/1537 (done 1520, skip 0, fail 0) 2.7s/view, ETA 1m
features.npz 저장: {'pre_conf': (184, 320), 'pre_entropy': (184, 320), 'pre_argdisp': (184, 320), 'post_conf': (184, 320), 'post_entropy': (184, 320), 'post_argdisp': (184, 320), 'scale_to_full': (), 'feat_left': (128, 184, 320)}
DONE: D:\Users\dust\Documents\학교\2026년도1학기\컴퓨터비전\실습\FoundationStereo\experiments\ds_v2_seed1/minimal_interior_v64\fs
features.npz 저장: {'pre_conf': (184, 320), 'pre_entropy': (184, 320), 'pre_argdisp': (184, 320), 'post_conf': (184, 320), 'post_entropy': (184, 320), 'post_argdisp': (184, 320), 'scale_to_full': (), 'feat_left': (128, 184, 320)}
DONE: D:\Users\dust\Documents\학교\2026년도1학기\컴퓨터비전\실습\FoundationStereo\experiments\ds_v2_seed1/scandinavian_v64\fs
features.npz 저장: {'pre_conf': (184, 320), 'pre_entropy': (184, 320), 'pre_argdisp': (184, 320), 'post_conf': (184, 320), 'post_entropy': (184, 320), 'post_argdisp': (184, 320), 'scale_to_full': (), 'feat_left': (128, 184, 320)}
DONE: D:\Users\dust\Documents\학교\2026년도1학기\컴퓨터비전\실습\FoundationStereo\experiments\ds_v2_seed1/sunlight_v64\fs
features.npz 저장: {'pre_conf': (184, 320), 'pre_entropy': (184, 320), 'pre_argdisp': (184, 320), 'post_conf': (184, 320), 'post_entropy': (184, 320), 'post_argdisp': (184, 320), 'scale_to_full': (), 'feat_left': (128, 184, 320)}
DONE: D:\Users\dust\Documents\학교\2026년도1학기\컴퓨터비전\실습\FoundationStereo\experiments\ds_v2_seed1/terrazzo_v64\fs
features.npz 저장: {'pre_conf': (184, 320), 'pre_entropy': (184, 320), 'pre_argdisp': (184, 320), 'post_conf': (184, 320), 'post_entropy': (184, 320), 'post_argdisp': (184, 320), 'scale_to_full': (), 'feat_left': (128, 184, 320)}
DONE: D:\Users\dust\Documents\학교\2026년도1학기\컴퓨터비전\실습\FoundationStereo\experiments\ds_v1_seed0/computer_room_v65\fs
features.npz 저장: {'pre_conf': (184, 320), 'pre_entropy': (184, 320), 'pre_argdisp': (184, 320), 'post_conf': (184, 320), 'post_entropy': (184, 320), 'post_argdisp': (184, 320), 'scale_to_full': (), 'feat_left': (128, 184, 320)}
DONE: D:\Users\dust\Documents\학교\2026년도1학기\컴퓨터비전\실습\FoundationStereo\experiments\ds_v1_seed0/gym_v65\fs
features.npz 저장: {'pre_conf': (184, 320), 'pre_entropy': (184, 320), 'pre_argdisp': (184, 320), 'post_conf': (184, 320), 'post_entropy': (184, 320), 'post_argdisp': (184, 320), 'scale_to_full': (), 'feat_left': (128, 184, 320)}
DONE: D:\Users\dust\Documents\학교\2026년도1학기\컴퓨터비전\실습\FoundationStereo\experiments\ds_v1_seed0/living_room_contemp_v65\fs
features.npz 저장: {'pre_conf': (184, 320), 'pre_entropy': (184, 320), 'pre_argdisp': (184, 320), 'post_conf': (184, 320), 'post_entropy': (184, 320), 'post_argdisp': (184, 320), 'scale_to_full': (), 'feat_left': (128, 184, 320)}
DONE: D:\Users\dust\Documents\학교\2026년도1학기\컴퓨터비전\실습\FoundationStereo\experiments\ds_v1_seed0/minimal_interior_v65\fs
features.npz 저장: {'pre_conf': (184, 320), 'pre_entropy': (184, 320), 'pre_argdisp': (184, 320), 'post_conf': (184, 320), 'post_entropy': (184, 320), 'post_argdisp': (184, 320), 'scale_to_full': (), 'feat_left': (128, 184, 320)}
DONE: D:\Users\dust\Documents\학교\2026년도1학기\컴퓨터비전\실습\FoundationStereo\experiments\ds_v1_seed0/scandinavian_v65\fs
features.npz 저장: {'pre_conf': (184, 320), 'pre_entropy': (184, 320), 'pre_argdisp': (184, 320), 'post_conf': (184, 320), 'post_entropy': (184, 320), 'post_argdisp': (184, 320), 'scale_to_full': (), 'feat_left': (128, 184, 320)}
DONE: D:\Users\dust\Documents\학교\2026년도1학기\컴퓨터비전\실습\FoundationStereo\experiments\ds_v1_seed0/sunlight_v65\fs
features.npz 저장: {'pre_conf': (184, 320), 'pre_entropy': (184, 320), 'pre_argdisp': (184, 320), 'post_conf': (184, 320), 'post_entropy': (184, 320), 'post_argdisp': (184, 320), 'scale_to_full': (), 'feat_left': (128, 184, 320)}
DONE: D:\Users\dust\Documents\학교\2026년도1학기\컴퓨터비전\실습\FoundationStereo\experiments\ds_v1_seed0/terrazzo_v65\fs
features.npz 저장: {'pre_conf': (184, 320), 'pre_entropy': (184, 320), 'pre_argdisp': (184, 320), 'post_conf': (184, 320), 'post_entropy': (184, 320), 'post_argdisp': (184, 320), 'scale_to_full': (), 'feat_left': (128, 184, 320)}
DONE: D:\Users\dust\Documents\학교\2026년도1학기\컴퓨터비전\실습\FoundationStereo\experiments\ds_v2_seed1/computer_room_v65\fs
features.npz 저장: {'pre_conf': (184, 320), 'pre_entropy': (184, 320), 'pre_argdisp': (184, 320), 'post_conf': (184, 320), 'post_entropy': (184, 320), 'post_argdisp': (184, 320), 'scale_to_full': (), 'feat_left': (128, 184, 320)}
DONE: D:\Users\dust\Documents\학교\2026년도1학기\컴퓨터비전\실습\FoundationStereo\experiments\ds_v2_seed1/gym_v65\fs
features.npz 저장: {'pre_conf': (184, 320), 'pre_entropy': (184, 320), 'pre_argdisp': (184, 320), 'post_conf': (184, 320), 'post_entropy': (184, 320), 'post_argdisp': (184, 320), 'scale_to_full': (), 'feat_left': (128, 184, 320)}
DONE: D:\Users\dust\Documents\학교\2026년도1학기\컴퓨터비전\실습\FoundationStereo\experiments\ds_v2_seed1/living_room_contemp_v65\fs
features.npz 저장: {'pre_conf': (184, 320), 'pre_entropy': (184, 320), 'pre_argdisp': (184, 320), 'post_conf': (184, 320), 'post_entropy': (184, 320), 'post_argdisp': (184, 320), 'scale_to_full': (), 'feat_left': (128, 184, 320)}
DONE: D:\Users\dust\Documents\학교\2026년도1학기\컴퓨터비전\실습\FoundationStereo\experiments\ds_v2_seed1/scandinavian_v65\fs
features.npz 저장: {'pre_conf': (184, 320), 'pre_entropy': (184, 320), 'pre_argdisp': (184, 320), 'post_conf': (184, 320), 'post_entropy': (184, 320), 'post_argdisp': (184, 320), 'scale_to_full': (), 'feat_left': (128, 184, 320)}
DONE: D:\Users\dust\Documents\학교\2026년도1학기\컴퓨터비전\실습\FoundationStereo\experiments\ds_v2_seed1/sunlight_v65\fs
features.npz 저장: {'pre_conf': (184, 320), 'pre_entropy': (184, 320), 'pre_argdisp': (184, 320), 'post_conf': (184, 320), 'post_entropy': (184, 320), 'post_argdisp': (184, 320), 'scale_to_full': (), 'feat_left': (128, 184, 320)}
DONE: D:\Users\dust\Documents\학교\2026년도1학기\컴퓨터비전\실습\FoundationStereo\experiments\ds_v2_seed1/terrazzo_v65\fs
[fs_server] 끝: done 1537, skip 0, fail 0, 총 70m
