[batch] D:\Users\dust\Documents\학교\2026년도1학기\컴퓨터비전\실습\Archive\ds_v1_seed0 → experiments/ds_v1_seed0/  (2 scene, 121 views, post_only)

##### [24/121] ds_v1_seed0/livingroom_v23  (done 0, fail 0, skip 23, elapsed 0m, ETA 0m) #####
[scene] ds_v1_seed0/livingroom_v23  size=1280x720
[select] mirror 점 개수 = 16568  (mask=16568, valid&depth = 866473)
[conf] mirror 영역 평균 confidence = 0.6060

=== 평면 추정 결과 ===
  [PCA (closed form)]
      normal = [-0.6409, -0.3642, -0.6757]
      d = +3.0891   mirror_depth(perp) = 3.0891 m   view_z = 4.1530 m
      n_inliers = 16568/16568   rms_residual = 0.10733 m
  [RANSAC]
      normal = [-0.5196, -0.0561, -0.8526]
      d = +3.5019   mirror_depth(perp) = 3.5019 m   view_z = 4.1530 m
      n_inliers = 13284/16568   rms_residual = 0.01101 m
  [SVD robust (IRLS)]
      normal = [-0.5354, -0.1156, -0.8366]
      d = +3.5003   mirror_depth(perp) = 3.5003 m   view_z = 4.1530 m
      n_inliers = 13344/16568   rms_residual = 0.01531 m

[save] D:\Users\dust\Documents\학교\2026년도1학기\컴퓨터비전\실습\FoundationStereo\experiments\ds_v1_seed0/livingroom_v23\mirror_geometry\result.json
[save] D:\Users\dust\Documents\학교\2026년도1학기\컴퓨터비전\실습\FoundationStereo\experiments\ds_v1_seed0/livingroom_v23\mirror_geometry\plane.txt
[save] D:\Users\dust\Documents\학교\2026년도1학기\컴퓨터비전\실습\FoundationStereo\experiments\ds_v1_seed0/livingroom_v23\mirror_geometry\viz.png

DONE: D:\Users\dust\Documents\학교\2026년도1학기\컴퓨터비전\실습\FoundationStereo\experiments\ds_v1_seed0/livingroom_v23\mirror_geometry
[ds_v1_seed0/livingroom_v23] 거울 점 16568개 중 inlier 13284 (80.2%) / outlier 3284
  normal=[-0.52  -0.056 -0.853] d=3.502  rms(inlier)=0.0110 m  thr≈0.034 m
[save] D:\Users\dust\Documents\학교\2026년도1학기\컴퓨터비전\실습\FoundationStereo\experiments\ds_v1_seed0/livingroom_v23\mirror_geometry\ransac_inliers.png
[gt] livingroom_v23               perp 2.86m planRMS 0.0100m  normal [0.719, -0.055, -0.693]

생성 1, 건너뜀 0 (depth_gt/mask 없음 등)
[ds_v1_seed0/livingroom_v23] feature 184x320  mirror_frac=0.01791779891304348  feat_left=True
rank  signal              AUC    pol  sep     mean_in     mean_out
  1  post_entropy       0.9085   -  1.4422    0.757534    2.382818
  2  post_conf          0.8694   +  1.0344    0.612055    0.284421
  3  delta_entropy      0.8509   -  0.8096   -1.396061    0.259082
  4  feat_left_l2       0.8492   +  0.7472   20.524382   16.967163
  5  feat_left_pc1      0.8157   -  0.6456    1.998701    3.787704
  6  delta_conf         0.8088   +  0.6276    0.246288   -0.085789
  7  feat_left_pc2      0.7359   +  0.4234    3.583209    2.220847
  8  feat_left_pc3      0.5539   +  0.1121    2.404309    2.051338
  9  delta_argdisp      0.5506   -  0.0964   34.094787   39.358893
 10  pre_entropy        0.5204   +  0.0206    2.153595    2.123736
 11  pre_conf           0.5065   -  0.0113    0.365766     0.37021
BEST: post_entropy (AUC=0.9085, polarity=-)
저장: D:\Users\dust\Documents\학교\2026년도1학기\컴퓨터비전\실습\FoundationStereo\experiments\ds_v1_seed0/livingroom_v23\features\report.json / panels.png / mirror_signal.npy
[device] cuda
  [train] epoch 60/300  loss=0.5023
  [train] epoch 120/300  loss=0.3654
  [train] epoch 180/300  loss=0.2930
  [train] epoch 240/300  loss=0.2376
  [train] epoch 300/300  loss=0.1926

[VAL] scene=ds_v1_seed0/livingroom_v23  (pixel 70/30 split)
  AUC      = 0.9711
  IoU@0.5  = 0.1983
  F1@0.5   = 0.3310
  accuracy = 0.9355  (prec=0.2049, rec=0.8598)
  tp=282 fp=1094 fn=46 tn=16242

[save] D:\Users\dust\Documents\학교\2026년도1학기\컴퓨터비전\실습\FoundationStereo\experiments\ds_v1_seed0/livingroom_v23\submodel
  pred_mask.png, panel.png, metrics.json, head.pt
DONE: D:\Users\dust\Documents\학교\2026년도1학기\컴퓨터비전\실습\FoundationStereo\experiments\ds_v1_seed0/livingroom_v23\submodel
[device] cuda
[load] D:\Users\dust\Documents\학교\2026년도1학기\컴퓨터비전\실습\FoundationStereo\experiments\_model\general_head.pt  (train_scenes=['archiviz_baseline080', 'bedroom_baseline080', 'blue_bathroom_baseline080', 'computer_room_baseline080', 'cozy_living_room_baseline080', 'flat-archiviz_baseline080', 'green_house_baseline080', 'gym_baseline080', 'livingroom_baseline080', 'minimal_interior_baseline080', 'scandinavian_baseline080', 'sunlight_baseline080'])

[APPLY] ds_v1_seed0/livingroom_v23  (저장모델로 새 데이터 평가)
  AUC      = 0.7600
  IoU@0.5  = 0.0340
  F1@0.5   = 0.0658
  accuracy = 0.7772  (prec=0.0356, rec=0.4379)
  tp=462 fp=12523 fn=593 tn=45302
[save] D:\Users\dust\Documents\학교\2026년도1학기\컴퓨터비전\실습\FoundationStereo\experiments\ds_v1_seed0/livingroom_v23\submodel_applied  (pred_mask.png, panel.png, metrics.json)

============================================================
STEP: estimate_mirror_plane
============================================================

============================================================
STEP: viz_ransac_inliers
============================================================

============================================================
STEP: make_mirror_gt_from_depth
============================================================

============================================================
STEP: analyze_features
============================================================

============================================================
STEP: submodel_head
============================================================

============================================================
STEP: apply_submodel
============================================================

DONE: D:\Users\dust\Documents\학교\2026년도1학기\컴퓨터비전\실습\FoundationStereo\experiments\ds_v1_seed0/livingroom_v23 (ok)

##### [25/121] ds_v1_seed0/livingroom_v24  (done 1, fail 0, skip 23, elapsed 1m, ETA 61m) #####
[scene] ds_v1_seed0/livingroom_v24  size=1280x720
[select] mirror 점 개수 = 165430  (mask=165430, valid&depth = 892438)
[conf] mirror 영역 평균 confidence = 0.6445

=== 평면 추정 결과 ===
  [PCA (closed form)]
      normal = [-0.7217, +0.0095, -0.6921]
      d = +2.6811   mirror_depth(perp) = 2.6811 m   view_z = 5.0037 m
      n_inliers = 165430/165430   rms_residual = 0.23048 m
  [RANSAC]
      normal = [-0.6864, -0.0182, -0.7270]
      d = +2.9790   mirror_depth(perp) = 2.9790 m   view_z = 5.0037 m
      n_inliers = 122603/165430   rms_residual = 0.01816 m
  [SVD robust (IRLS)]
      normal = [-0.6894, -0.0295, -0.7238]
      d = +2.9396   mirror_depth(perp) = 2.9396 m   view_z = 5.0037 m
      n_inliers = 122883/165430   rms_residual = 0.02664 m

[save] D:\Users\dust\Documents\학교\2026년도1학기\컴퓨터비전\실습\FoundationStereo\experiments\ds_v1_seed0/livingroom_v24\mirror_geometry\result.json
[save] D:\Users\dust\Documents\학교\2026년도1학기\컴퓨터비전\실습\FoundationStereo\experiments\ds_v1_seed0/livingroom_v24\mirror_geometry\plane.txt
[save] D:\Users\dust\Documents\학교\2026년도1학기\컴퓨터비전\실습\FoundationStereo\experiments\ds_v1_seed0/livingroom_v24\mirror_geometry\viz.png

DONE: D:\Users\dust\Documents\학교\2026년도1학기\컴퓨터비전\실습\FoundationStereo\experiments\ds_v1_seed0/livingroom_v24\mirror_geometry
[ds_v1_seed0/livingroom_v24] 거울 점 165430개 중 inlier 122603 (74.1%) / outlier 42827
  normal=[-0.686 -0.018 -0.727] d=2.979  rms(inlier)=0.0182 m  thr≈0.058 m
[save] D:\Users\dust\Documents\학교\2026년도1학기\컴퓨터비전\실습\FoundationStereo\experiments\ds_v1_seed0/livingroom_v24\mirror_geometry\ransac_inliers.png
[gt] livingroom_v24               perp 3.03m planRMS 0.0122m  normal [0.698, 0.01, -0.716]

생성 1, 건너뜀 0 (depth_gt/mask 없음 등)
[ds_v1_seed0/livingroom_v24] feature 184x320  mirror_frac=0.17977241847826086  feat_left=True
rank  signal              AUC    pol  sep     mean_in     mean_out
  1  post_entropy       0.6717   -   0.285    0.805996    0.946798
  2  post_conf          0.6176   +  0.2118    0.643858    0.590813
  3  delta_argdisp      0.5922   -  0.1359   28.131318   36.116907
  4  feat_left_pc1      0.5518   -  0.0947    2.682809    2.981582
  5  pre_entropy         0.551   -  0.1093    2.037113    2.204565
  6  delta_conf         0.5365   +  0.0619    0.256767    0.226564
  7  pre_conf           0.5351   +   0.057    0.387091    0.364249
  8  feat_left_l2       0.5327   -  0.0655   16.995955   17.229013
  9  feat_left_pc2      0.5089   -  0.0226    2.004576    2.074598
 10  delta_entropy      0.5024   +  0.0162   -1.231118   -1.257767
 11  feat_left_pc3      0.5012   -  0.0088    1.994239    2.020881
BEST: post_entropy (AUC=0.6717, polarity=-)
저장: D:\Users\dust\Documents\학교\2026년도1학기\컴퓨터비전\실습\FoundationStereo\experiments\ds_v1_seed0/livingroom_v24\features\report.json / panels.png / mirror_signal.npy
[device] cuda
  [train] epoch 60/300  loss=0.5993
  [train] epoch 120/300  loss=0.4221
  [train] epoch 180/300  loss=0.3161
  [train] epoch 240/300  loss=0.2463
  [train] epoch 300/300  loss=0.1994

[VAL] scene=ds_v1_seed0/livingroom_v24  (pixel 70/30 split)
  AUC      = 0.9804
  IoU@0.5  = 0.7035
  F1@0.5   = 0.8260
  accuracy = 0.9290  (prec=0.7423, rec=0.9309)
  tp=2976 fp=1033 fn=221 tn=13434

[save] D:\Users\dust\Documents\학교\2026년도1학기\컴퓨터비전\실습\FoundationStereo\experiments\ds_v1_seed0/livingroom_v24\submodel
  pred_mask.png, panel.png, metrics.json, head.pt
DONE: D:\Users\dust\Documents\학교\2026년도1학기\컴퓨터비전\실습\FoundationStereo\experiments\ds_v1_seed0/livingroom_v24\submodel
[device] cuda
[load] D:\Users\dust\Documents\학교\2026년도1학기\컴퓨터비전\실습\FoundationStereo\experiments\_model\general_head.pt  (train_scenes=['archiviz_baseline080', 'bedroom_baseline080', 'blue_bathroom_baseline080', 'computer_room_baseline080', 'cozy_living_room_baseline080', 'flat-archiviz_baseline080', 'green_house_baseline080', 'gym_baseline080', 'livingroom_baseline080', 'minimal_interior_baseline080', 'scandinavian_baseline080', 'sunlight_baseline080'])

[APPLY] ds_v1_seed0/livingroom_v24  (저장모델로 새 데이터 평가)
  AUC      = 0.9194
  IoU@0.5  = 0.4201
  F1@0.5   = 0.5916
  accuracy = 0.8778  (prec=0.7407, rec=0.4925)
  tp=5213 fp=1825 fn=5372 tn=46470
[save] D:\Users\dust\Documents\학교\2026년도1학기\컴퓨터비전\실습\FoundationStereo\experiments\ds_v1_seed0/livingroom_v24\submodel_applied  (pred_mask.png, panel.png, metrics.json)

============================================================
STEP: estimate_mirror_plane
============================================================

============================================================
STEP: viz_ransac_inliers
============================================================

============================================================
STEP: make_mirror_gt_from_depth
============================================================

============================================================
STEP: analyze_features
============================================================

============================================================
STEP: submodel_head
============================================================

============================================================
STEP: apply_submodel
============================================================

DONE: D:\Users\dust\Documents\학교\2026년도1학기\컴퓨터비전\실습\FoundationStereo\experiments\ds_v1_seed0/livingroom_v24 (ok)

##### [26/121] ds_v1_seed0/livingroom_v25  (done 2, fail 0, skip 23, elapsed 1m, ETA 59m) #####
[scene] ds_v1_seed0/livingroom_v25  size=1280x720
[select] mirror 점 개수 = 126755  (mask=126755, valid&depth = 860981)
[conf] mirror 영역 평균 confidence = 0.6510

=== 평면 추정 결과 ===
  [PCA (closed form)]
      normal = [-0.7568, -0.0454, -0.6520]
      d = +2.9228   mirror_depth(perp) = 2.9228 m   view_z = 4.8659 m
      n_inliers = 126755/126755   rms_residual = 0.13772 m
  [RANSAC]
      normal = [-0.7834, +0.0439, -0.6200]
      d = +2.9069   mirror_depth(perp) = 2.9069 m   view_z = 4.8659 m
      n_inliers = 84884/126755   rms_residual = 0.01961 m
  [SVD robust (IRLS)]
      normal = [-0.7635, +0.0135, -0.6456]
      d = +2.9781   mirror_depth(perp) = 2.9781 m   view_z = 4.8659 m
      n_inliers = 69189/126755   rms_residual = 0.02740 m

[save] D:\Users\dust\Documents\학교\2026년도1학기\컴퓨터비전\실습\FoundationStereo\experiments\ds_v1_seed0/livingroom_v25\mirror_geometry\result.json
[save] D:\Users\dust\Documents\학교\2026년도1학기\컴퓨터비전\실습\FoundationStereo\experiments\ds_v1_seed0/livingroom_v25\mirror_geometry\plane.txt
[save] D:\Users\dust\Documents\학교\2026년도1학기\컴퓨터비전\실습\FoundationStereo\experiments\ds_v1_seed0/livingroom_v25\mirror_geometry\viz.png

DONE: D:\Users\dust\Documents\학교\2026년도1학기\컴퓨터비전\실습\FoundationStereo\experiments\ds_v1_seed0/livingroom_v25\mirror_geometry
[ds_v1_seed0/livingroom_v25] 거울 점 126755개 중 inlier 84884 (67.0%) / outlier 41871
  normal=[-0.783  0.044 -0.62 ] d=2.907  rms(inlier)=0.0196 m  thr≈0.049 m
[save] D:\Users\dust\Documents\학교\2026년도1학기\컴퓨터비전\실습\FoundationStereo\experiments\ds_v1_seed0/livingroom_v25\mirror_geometry\ransac_inliers.png
[gt] livingroom_v25               perp 2.92m planRMS 0.0150m  normal [0.568, 0.153, -0.809]

생성 1, 건너뜀 0 (depth_gt/mask 없음 등)
[ds_v1_seed0/livingroom_v25] feature 184x320  mirror_frac=0.13902853260869566  feat_left=True
rank  signal              AUC    pol  sep     mean_in     mean_out
  1  post_entropy       0.6388   -  0.2781      0.7763    0.927568
  2  post_conf          0.5886   +   0.193    0.650802    0.599978
  3  delta_argdisp      0.5642   -  0.0775    31.29636   35.689845
  4  delta_conf         0.5523   +  0.0987    0.273128    0.228029
  5  feat_left_pc1      0.5441   -  0.0822    2.571355    2.824782
  6  feat_left_l2       0.5312   -  0.0839   16.761153    17.04606
  7  delta_entropy      0.5266   -  0.0437   -1.305332   -1.237678
  8  feat_left_pc3      0.5192   +  0.0325    2.014036    1.917425
  9  pre_entropy        0.5111   -  0.0539    2.081632    2.165246
 10  pre_conf           0.5086   +  0.0144    0.377674    0.371949
 11  feat_left_pc2      0.5042   +   0.003    1.974876    1.965816
BEST: post_entropy (AUC=0.6388, polarity=-)
저장: D:\Users\dust\Documents\학교\2026년도1학기\컴퓨터비전\실습\FoundationStereo\experiments\ds_v1_seed0/livingroom_v25\features\report.json / panels.png / mirror_signal.npy
[device] cuda
  [train] epoch 60/300  loss=0.7462
  [train] epoch 120/300  loss=0.5896
  [train] epoch 180/300  loss=0.4727
  [train] epoch 240/300  loss=0.3827
  [train] epoch 300/300  loss=0.3122

[VAL] scene=ds_v1_seed0/livingroom_v25  (pixel 70/30 split)
  AUC      = 0.9518
  IoU@0.5  = 0.5269
  F1@0.5   = 0.6901
  accuracy = 0.8929  (prec=0.5763, rec=0.8600)
  tp=2107 fp=1549 fn=343 tn=13665

[save] D:\Users\dust\Documents\학교\2026년도1학기\컴퓨터비전\실습\FoundationStereo\experiments\ds_v1_seed0/livingroom_v25\submodel
  pred_mask.png, panel.png, metrics.json, head.pt
DONE: D:\Users\dust\Documents\학교\2026년도1학기\컴퓨터비전\실습\FoundationStereo\experiments\ds_v1_seed0/livingroom_v25\submodel
[device] cuda
[load] D:\Users\dust\Documents\학교\2026년도1학기\컴퓨터비전\실습\FoundationStereo\experiments\_model\general_head.pt  (train_scenes=['archiviz_baseline080', 'bedroom_baseline080', 'blue_bathroom_baseline080', 'computer_room_baseline080', 'cozy_living_room_baseline080', 'flat-archiviz_baseline080', 'green_house_baseline080', 'gym_baseline080', 'livingroom_baseline080', 'minimal_interior_baseline080', 'scandinavian_baseline080', 'sunlight_baseline080'])

[APPLY] ds_v1_seed0/livingroom_v25  (저장모델로 새 데이터 평가)
  AUC      = 0.9055
  IoU@0.5  = 0.3362
  F1@0.5   = 0.5032
  accuracy = 0.8671  (prec=0.5239, rec=0.4841)
  tp=3963 fp=3602 fn=4223 tn=47092
[save] D:\Users\dust\Documents\학교\2026년도1학기\컴퓨터비전\실습\FoundationStereo\experiments\ds_v1_seed0/livingroom_v25\submodel_applied  (pred_mask.png, panel.png, metrics.json)

============================================================
STEP: estimate_mirror_plane
============================================================

============================================================
STEP: viz_ransac_inliers
============================================================

============================================================
STEP: make_mirror_gt_from_depth
============================================================

============================================================
STEP: analyze_features
============================================================

============================================================
STEP: submodel_head
============================================================

============================================================
STEP: apply_submodel
============================================================

DONE: D:\Users\dust\Documents\학교\2026년도1학기\컴퓨터비전\실습\FoundationStereo\experiments\ds_v1_seed0/livingroom_v25 (ok)

##### [27/121] ds_v1_seed0/livingroom_v26  (done 3, fail 0, skip 23, elapsed 2m, ETA 55m) #####
[scene] ds_v1_seed0/livingroom_v26  size=1280x720
[select] mirror 점 개수 = 159501  (mask=159501, valid&depth = 891382)
[conf] mirror 영역 평균 confidence = 0.6308

=== 평면 추정 결과 ===
  [PCA (closed form)]
      normal = [-0.5977, -0.0285, -0.8012]
      d = +2.8263   mirror_depth(perp) = 2.8263 m   view_z = 4.9369 m
      n_inliers = 159501/159501   rms_residual = 0.13292 m
  [RANSAC]
      normal = [-0.6044, +0.0574, -0.7946]
      d = +2.8990   mirror_depth(perp) = 2.8990 m   view_z = 4.9369 m
      n_inliers = 119864/159501   rms_residual = 0.02229 m
  [SVD robust (IRLS)]
      normal = [-0.5996, +0.0302, -0.7997]
      d = +2.8934   mirror_depth(perp) = 2.8934 m   view_z = 4.9369 m
      n_inliers = 114921/159501   rms_residual = 0.03037 m

[save] D:\Users\dust\Documents\학교\2026년도1학기\컴퓨터비전\실습\FoundationStereo\experiments\ds_v1_seed0/livingroom_v26\mirror_geometry\result.json
[save] D:\Users\dust\Documents\학교\2026년도1학기\컴퓨터비전\실습\FoundationStereo\experiments\ds_v1_seed0/livingroom_v26\mirror_geometry\plane.txt
[save] D:\Users\dust\Documents\학교\2026년도1학기\컴퓨터비전\실습\FoundationStereo\experiments\ds_v1_seed0/livingroom_v26\mirror_geometry\viz.png

DONE: D:\Users\dust\Documents\학교\2026년도1학기\컴퓨터비전\실습\FoundationStereo\experiments\ds_v1_seed0/livingroom_v26\mirror_geometry
[ds_v1_seed0/livingroom_v26] 거울 점 159501개 중 inlier 119864 (75.1%) / outlier 39637
  normal=[-0.604  0.057 -0.795] d=2.899  rms(inlier)=0.0223 m  thr≈0.057 m
[save] D:\Users\dust\Documents\학교\2026년도1학기\컴퓨터비전\실습\FoundationStereo\experiments\ds_v1_seed0/livingroom_v26\mirror_geometry\ransac_inliers.png
[gt] livingroom_v26               perp 3.14m planRMS 0.0141m  normal [0.768, 0.114, -0.631]

생성 1, 건너뜀 0 (depth_gt/mask 없음 등)
[ds_v1_seed0/livingroom_v26] feature 184x320  mirror_frac=0.17367527173913044  feat_left=True
rank  signal              AUC    pol  sep     mean_in     mean_out
  1  delta_argdisp      0.6006   -  0.1471   29.491883   38.413799
  2  feat_left_l2       0.5647   -  0.1303   16.812382   17.251858
  3  post_conf          0.5502   +  0.0854    0.629921    0.606811
  4  feat_left_pc1      0.5453   -  0.0883    2.639643    2.912642
  5  post_entropy       0.5417   -  0.0699    0.868111    0.908715
  6  pre_entropy        0.5333   -  0.0659    2.137359    2.245559
  7  pre_conf           0.5236   +  0.0427    0.372895    0.355638
  8  delta_entropy      0.5219   +  0.0392   -1.269247   -1.336844
  9  feat_left_pc3      0.5048   -  0.0113    1.976899     2.01114
 10  feat_left_pc2      0.5047   -  0.0116    2.028916    2.064767
 11  delta_conf         0.5033   +  0.0122    0.257026    0.251173
BEST: delta_argdisp (AUC=0.6006, polarity=-)
저장: D:\Users\dust\Documents\학교\2026년도1학기\컴퓨터비전\실습\FoundationStereo\experiments\ds_v1_seed0/livingroom_v26\features\report.json / panels.png / mirror_signal.npy
[device] cuda
  [train] epoch 60/300  loss=0.6324
  [train] epoch 120/300  loss=0.4401
  [train] epoch 180/300  loss=0.3261
  [train] epoch 240/300  loss=0.2539
  [train] epoch 300/300  loss=0.2064

[VAL] scene=ds_v1_seed0/livingroom_v26  (pixel 70/30 split)
  AUC      = 0.9783
  IoU@0.5  = 0.6794
  F1@0.5   = 0.8091
  accuracy = 0.9244  (prec=0.7211, rec=0.9215)
  tp=2829 fp=1094 fn=241 tn=13500

[save] D:\Users\dust\Documents\학교\2026년도1학기\컴퓨터비전\실습\FoundationStereo\experiments\ds_v1_seed0/livingroom_v26\submodel
  pred_mask.png, panel.png, metrics.json, head.pt
DONE: D:\Users\dust\Documents\학교\2026년도1학기\컴퓨터비전\실습\FoundationStereo\experiments\ds_v1_seed0/livingroom_v26\submodel
[device] cuda
[load] D:\Users\dust\Documents\학교\2026년도1학기\컴퓨터비전\실습\FoundationStereo\experiments\_model\general_head.pt  (train_scenes=['archiviz_baseline080', 'bedroom_baseline080', 'blue_bathroom_baseline080', 'computer_room_baseline080', 'cozy_living_room_baseline080', 'flat-archiviz_baseline080', 'green_house_baseline080', 'gym_baseline080', 'livingroom_baseline080', 'minimal_interior_baseline080', 'scandinavian_baseline080', 'sunlight_baseline080'])

[APPLY] ds_v1_seed0/livingroom_v26  (저장모델로 새 데이터 평가)
  AUC      = 0.9396
  IoU@0.5  = 0.4817
  F1@0.5   = 0.6502
  accuracy = 0.8894  (prec=0.7216, rec=0.5917)
  tp=6051 fp=2335 fn=4175 tn=46319
[save] D:\Users\dust\Documents\학교\2026년도1학기\컴퓨터비전\실습\FoundationStereo\experiments\ds_v1_seed0/livingroom_v26\submodel_applied  (pred_mask.png, panel.png, metrics.json)

============================================================
STEP: estimate_mirror_plane
============================================================

============================================================
STEP: viz_ransac_inliers
============================================================

============================================================
STEP: make_mirror_gt_from_depth
============================================================

============================================================
STEP: analyze_features
============================================================

============================================================
STEP: submodel_head
============================================================

============================================================
STEP: apply_submodel
============================================================

DONE: D:\Users\dust\Documents\학교\2026년도1학기\컴퓨터비전\실습\FoundationStereo\experiments\ds_v1_seed0/livingroom_v26 (ok)

##### [28/121] ds_v1_seed0/livingroom_v27  (done 4, fail 0, skip 23, elapsed 2m, ETA 54m) #####
[scene] ds_v1_seed0/livingroom_v27  size=1280x720
[select] mirror 점 개수 = 158661  (mask=158661, valid&depth = 883603)
[conf] mirror 영역 평균 confidence = 0.6145

=== 평면 추정 결과 ===
  [PCA (closed form)]
      normal = [-0.5574, -0.0388, -0.8293]
      d = +2.7985   mirror_depth(perp) = 2.7985 m   view_z = 4.4636 m
      n_inliers = 158661/158661   rms_residual = 0.11789 m
  [RANSAC]
      normal = [-0.5583, +0.0332, -0.8290]
      d = +2.8883   mirror_depth(perp) = 2.8883 m   view_z = 4.4636 m
      n_inliers = 123779/158661   rms_residual = 0.02396 m
  [SVD robust (IRLS)]
      normal = [-0.5583, +0.0053, -0.8296]
      d = +2.8540   mirror_depth(perp) = 2.8540 m   view_z = 4.4636 m
      n_inliers = 116599/158661   rms_residual = 0.02457 m

[save] D:\Users\dust\Documents\학교\2026년도1학기\컴퓨터비전\실습\FoundationStereo\experiments\ds_v1_seed0/livingroom_v27\mirror_geometry\result.json
[save] D:\Users\dust\Documents\학교\2026년도1학기\컴퓨터비전\실습\FoundationStereo\experiments\ds_v1_seed0/livingroom_v27\mirror_geometry\plane.txt
[save] D:\Users\dust\Documents\학교\2026년도1학기\컴퓨터비전\실습\FoundationStereo\experiments\ds_v1_seed0/livingroom_v27\mirror_geometry\viz.png

DONE: D:\Users\dust\Documents\학교\2026년도1학기\컴퓨터비전\실습\FoundationStereo\experiments\ds_v1_seed0/livingroom_v27\mirror_geometry
[ds_v1_seed0/livingroom_v27] 거울 점 158661개 중 inlier 123779 (78.0%) / outlier 34882
  normal=[-0.558  0.033 -0.829] d=2.888  rms(inlier)=0.0240 m  thr≈0.052 m
[save] D:\Users\dust\Documents\학교\2026년도1학기\컴퓨터비전\실습\FoundationStereo\experiments\ds_v1_seed0/livingroom_v27\mirror_geometry\ransac_inliers.png
[gt] livingroom_v27               perp 2.69m planRMS 0.0121m  normal [0.791, 0.095, -0.605]

생성 1, 건너뜀 0 (depth_gt/mask 없음 등)
[ds_v1_seed0/livingroom_v27] feature 184x320  mirror_frac=0.1731148097826087  feat_left=True
rank  signal              AUC    pol  sep     mean_in     mean_out
  1  delta_argdisp      0.6142   -  0.1588   28.074561   37.457124
  2  delta_entropy      0.5381   +  0.0705   -1.173173   -1.294057
  3  pre_entropy        0.5328   -  0.0701    2.070876     2.18589
  4  feat_left_pc1      0.5323   -  0.0592     2.73678    2.920306
  5  pre_conf           0.5247   +  0.0498    0.387272    0.366731
  6  feat_left_pc3      0.5234   +  0.0391    2.040653    1.923625
  7  feat_left_l2       0.5209   -  0.0516   16.943304   17.128628
  8  delta_conf         0.5183   -  0.0328    0.227163    0.243121
  9  post_conf           0.518   +  0.0177    0.614435    0.609853
 10  feat_left_pc2      0.5129   +  0.0202    2.035317     1.97311
 11  post_entropy       0.5051   -  0.0107    0.897703    0.891832
BEST: delta_argdisp (AUC=0.6142, polarity=-)
저장: D:\Users\dust\Documents\학교\2026년도1학기\컴퓨터비전\실습\FoundationStereo\experiments\ds_v1_seed0/livingroom_v27\features\report.json / panels.png / mirror_signal.npy
[device] cuda
  [train] epoch 60/300  loss=0.6749
  [train] epoch 120/300  loss=0.4914
  [train] epoch 180/300  loss=0.3705
  [train] epoch 240/300  loss=0.2914
  [train] epoch 300/300  loss=0.2391

[VAL] scene=ds_v1_seed0/livingroom_v27  (pixel 70/30 split)
  AUC      = 0.9721
  IoU@0.5  = 0.6469
  F1@0.5   = 0.7856
  accuracy = 0.9154  (prec=0.6868, rec=0.9176)
  tp=2739 fp=1249 fn=246 tn=13430

[save] D:\Users\dust\Documents\학교\2026년도1학기\컴퓨터비전\실습\FoundationStereo\experiments\ds_v1_seed0/livingroom_v27\submodel
  pred_mask.png, panel.png, metrics.json, head.pt
DONE: D:\Users\dust\Documents\학교\2026년도1학기\컴퓨터비전\실습\FoundationStereo\experiments\ds_v1_seed0/livingroom_v27\submodel
[device] cuda
[load] D:\Users\dust\Documents\학교\2026년도1학기\컴퓨터비전\실습\FoundationStereo\experiments\_model\general_head.pt  (train_scenes=['archiviz_baseline080', 'bedroom_baseline080', 'blue_bathroom_baseline080', 'computer_room_baseline080', 'cozy_living_room_baseline080', 'flat-archiviz_baseline080', 'green_house_baseline080', 'gym_baseline080', 'livingroom_baseline080', 'minimal_interior_baseline080', 'scandinavian_baseline080', 'sunlight_baseline080'])

[APPLY] ds_v1_seed0/livingroom_v27  (저장모델로 새 데이터 평가)
  AUC      = 0.9308
  IoU@0.5  = 0.3875
  F1@0.5   = 0.5586
  accuracy = 0.8690  (prec=0.6703, rec=0.4788)
  tp=4880 fp=2400 fn=5313 tn=46287
[save] D:\Users\dust\Documents\학교\2026년도1학기\컴퓨터비전\실습\FoundationStereo\experiments\ds_v1_seed0/livingroom_v27\submodel_applied  (pred_mask.png, panel.png, metrics.json)

============================================================
STEP: estimate_mirror_plane
============================================================

============================================================
STEP: viz_ransac_inliers
============================================================

============================================================
STEP: make_mirror_gt_from_depth
============================================================

============================================================
STEP: analyze_features
============================================================

============================================================
STEP: submodel_head
============================================================

============================================================
STEP: apply_submodel
============================================================

DONE: D:\Users\dust\Documents\학교\2026년도1학기\컴퓨터비전\실습\FoundationStereo\experiments\ds_v1_seed0/livingroom_v27 (ok)

##### [29/121] ds_v1_seed0/livingroom_v28  (done 5, fail 0, skip 23, elapsed 3m, ETA 53m) #####
[scene] ds_v1_seed0/livingroom_v28  size=1280x720
[select] mirror 점 개수 = 123144  (mask=123144, valid&depth = 856809)
[conf] mirror 영역 평균 confidence = 0.6333

=== 평면 추정 결과 ===
  [PCA (closed form)]
      normal = [-0.7959, -0.0265, -0.6049]
      d = +2.9108   mirror_depth(perp) = 2.9108 m   view_z = 5.0434 m
      n_inliers = 123144/123144   rms_residual = 0.10240 m
  [RANSAC]
      normal = [-0.7976, +0.0307, -0.6024]
      d = +2.9823   mirror_depth(perp) = 2.9823 m   view_z = 5.0434 m
      n_inliers = 103869/123144   rms_residual = 0.01604 m
  [SVD robust (IRLS)]
      normal = [-0.7960, +0.0113, -0.6052]
      d = +2.9677   mirror_depth(perp) = 2.9677 m   view_z = 5.0434 m
      n_inliers = 104330/123144   rms_residual = 0.02308 m

[save] D:\Users\dust\Documents\학교\2026년도1학기\컴퓨터비전\실습\FoundationStereo\experiments\ds_v1_seed0/livingroom_v28\mirror_geometry\result.json
[save] D:\Users\dust\Documents\학교\2026년도1학기\컴퓨터비전\실습\FoundationStereo\experiments\ds_v1_seed0/livingroom_v28\mirror_geometry\plane.txt
[save] D:\Users\dust\Documents\학교\2026년도1학기\컴퓨터비전\실습\FoundationStereo\experiments\ds_v1_seed0/livingroom_v28\mirror_geometry\viz.png

DONE: D:\Users\dust\Documents\학교\2026년도1학기\컴퓨터비전\실습\FoundationStereo\experiments\ds_v1_seed0/livingroom_v28\mirror_geometry
[ds_v1_seed0/livingroom_v28] 거울 점 123144개 중 inlier 103869 (84.3%) / outlier 19275
  normal=[-0.798  0.031 -0.602] d=2.982  rms(inlier)=0.0160 m  thr≈0.056 m
[save] D:\Users\dust\Documents\학교\2026년도1학기\컴퓨터비전\실습\FoundationStereo\experiments\ds_v1_seed0/livingroom_v28\mirror_geometry\ransac_inliers.png
[gt] livingroom_v28               perp 2.99m planRMS 0.0140m  normal [0.565, 0.112, -0.818]

생성 1, 건너뜀 0 (depth_gt/mask 없음 등)
[ds_v1_seed0/livingroom_v28] feature 184x320  mirror_frac=0.1344938858695652  feat_left=True
rank  signal              AUC    pol  sep     mean_in     mean_out
  1  post_entropy       0.6898   -  0.4418    0.809798    1.096335
  2  post_conf          0.6456   +  0.3152    0.633221    0.547164
  3  delta_entropy       0.623   -  0.2304   -1.369665   -0.995694
  4  delta_conf         0.6192   +  0.2343    0.273735    0.161347
  5  feat_left_l2       0.5581   -  0.1262   16.662619   17.080531
  6  pre_entropy        0.5482   +  0.0593    2.179463    2.092029
  7  pre_conf           0.5338   -  0.0688    0.359486    0.385817
  8  delta_argdisp      0.5079   +  0.0418     38.3407    35.86419
  9  feat_left_pc2      0.5078   +  0.0108    1.972621    1.940105
 10  feat_left_pc3      0.5021   +  0.0038    1.934118    1.922968
 11  feat_left_pc1      0.5006   -  0.0145    2.707529    2.751448
BEST: post_entropy (AUC=0.6898, polarity=-)
저장: D:\Users\dust\Documents\학교\2026년도1학기\컴퓨터비전\실습\FoundationStereo\experiments\ds_v1_seed0/livingroom_v28\features\report.json / panels.png / mirror_signal.npy
[device] cuda
  [train] epoch 60/300  loss=0.7745
  [train] epoch 120/300  loss=0.6676
  [train] epoch 180/300  loss=0.5766
  [train] epoch 240/300  loss=0.4957
  [train] epoch 300/300  loss=0.4272

[VAL] scene=ds_v1_seed0/livingroom_v28  (pixel 70/30 split)
  AUC      = 0.9147
  IoU@0.5  = 0.4069
  F1@0.5   = 0.5784
  accuracy = 0.8394  (prec=0.4463, rec=0.8214)
  tp=1946 fp=2414 fn=423 tn=12881

[save] D:\Users\dust\Documents\학교\2026년도1학기\컴퓨터비전\실습\FoundationStereo\experiments\ds_v1_seed0/livingroom_v28\submodel
  pred_mask.png, panel.png, metrics.json, head.pt
DONE: D:\Users\dust\Documents\학교\2026년도1학기\컴퓨터비전\실습\FoundationStereo\experiments\ds_v1_seed0/livingroom_v28\submodel
[device] cuda
[load] D:\Users\dust\Documents\학교\2026년도1학기\컴퓨터비전\실습\FoundationStereo\experiments\_model\general_head.pt  (train_scenes=['archiviz_baseline080', 'bedroom_baseline080', 'blue_bathroom_baseline080', 'computer_room_baseline080', 'cozy_living_room_baseline080', 'flat-archiviz_baseline080', 'green_house_baseline080', 'gym_baseline080', 'livingroom_baseline080', 'minimal_interior_baseline080', 'scandinavian_baseline080', 'sunlight_baseline080'])

[APPLY] ds_v1_seed0/livingroom_v28  (저장모델로 새 데이터 평가)
  AUC      = 0.8952
  IoU@0.5  = 0.3351
  F1@0.5   = 0.5020
  accuracy = 0.8591  (prec=0.4785, rec=0.5280)
  tp=4181 fp=4557 fn=3738 tn=46404
[save] D:\Users\dust\Documents\학교\2026년도1학기\컴퓨터비전\실습\FoundationStereo\experiments\ds_v1_seed0/livingroom_v28\submodel_applied  (pred_mask.png, panel.png, metrics.json)

============================================================
STEP: estimate_mirror_plane
============================================================

============================================================
STEP: viz_ransac_inliers
============================================================

============================================================
STEP: make_mirror_gt_from_depth
============================================================

============================================================
STEP: analyze_features
============================================================

============================================================
STEP: submodel_head
============================================================

============================================================
STEP: apply_submodel
============================================================

DONE: D:\Users\dust\Documents\학교\2026년도1학기\컴퓨터비전\실습\FoundationStereo\experiments\ds_v1_seed0/livingroom_v28 (ok)

##### [30/121] ds_v1_seed0/livingroom_v29  (done 6, fail 0, skip 23, elapsed 3m, ETA 52m) #####
[scene] ds_v1_seed0/livingroom_v29  size=1280x720
[select] mirror 점 개수 = 168159  (mask=168159, valid&depth = 885216)
[conf] mirror 영역 평균 confidence = 0.6173

=== 평면 추정 결과 ===
  [PCA (closed form)]
      normal = [-0.7516, -0.0864, -0.6539]
      d = +2.7104   mirror_depth(perp) = 2.7104 m   view_z = 4.6729 m
      n_inliers = 168159/168159   rms_residual = 0.13976 m
  [RANSAC]
      normal = [-0.7648, +0.0133, -0.6442]
      d = +2.7832   mirror_depth(perp) = 2.7832 m   view_z = 4.6729 m
      n_inliers = 129160/168159   rms_residual = 0.02645 m
  [SVD robust (IRLS)]
      normal = [-0.7571, -0.0233, -0.6529]
      d = +2.7795   mirror_depth(perp) = 2.7795 m   view_z = 4.6729 m
      n_inliers = 123868/168159   rms_residual = 0.03650 m

[save] D:\Users\dust\Documents\학교\2026년도1학기\컴퓨터비전\실습\FoundationStereo\experiments\ds_v1_seed0/livingroom_v29\mirror_geometry\result.json
[save] D:\Users\dust\Documents\학교\2026년도1학기\컴퓨터비전\실습\FoundationStereo\experiments\ds_v1_seed0/livingroom_v29\mirror_geometry\plane.txt
[save] D:\Users\dust\Documents\학교\2026년도1학기\컴퓨터비전\실습\FoundationStereo\experiments\ds_v1_seed0/livingroom_v29\mirror_geometry\viz.png

DONE: D:\Users\dust\Documents\학교\2026년도1학기\컴퓨터비전\실습\FoundationStereo\experiments\ds_v1_seed0/livingroom_v29\mirror_geometry
[ds_v1_seed0/livingroom_v29] 거울 점 168159개 중 inlier 129160 (76.8%) / outlier 38999
  normal=[-0.765  0.013 -0.644] d=2.783  rms(inlier)=0.0264 m  thr≈0.065 m
[save] D:\Users\dust\Documents\학교\2026년도1학기\컴퓨터비전\실습\FoundationStereo\experiments\ds_v1_seed0/livingroom_v29\mirror_geometry\ransac_inliers.png
[gt] livingroom_v29               perp 2.66m planRMS 0.0126m  normal [0.593, 0.117, -0.797]

생성 1, 건너뜀 0 (depth_gt/mask 없음 등)
[ds_v1_seed0/livingroom_v29] feature 184x320  mirror_frac=0.18311820652173913  feat_left=True
rank  signal              AUC    pol  sep     mean_in     mean_out
  1  delta_argdisp      0.5761   -  0.1044   31.193656   37.346688
  2  feat_left_pc1      0.5387   -  0.0739    2.676226    2.904813
  3  feat_left_l2       0.5373   -  0.0734    16.77278   17.042597
  4  post_conf          0.5335   +  0.0566    0.616128    0.600664
  5  delta_entropy      0.5311   +  0.0611   -1.116442   -1.217681
  6  pre_entropy        0.5283   -  0.0747    2.022425    2.137756
  7  pre_conf           0.5204   +  0.0314    0.391504    0.378819
  8  post_entropy       0.5186   -  0.0233    0.905983    0.920075
  9  feat_left_pc3      0.5146   +  0.0236    1.992612    1.922289
 10  feat_left_pc2      0.5069   +  0.0072     1.99895    1.977051
 11  delta_conf         0.5063   -  0.0057    0.224624    0.221846
BEST: delta_argdisp (AUC=0.5761, polarity=-)
저장: D:\Users\dust\Documents\학교\2026년도1학기\컴퓨터비전\실습\FoundationStereo\experiments\ds_v1_seed0/livingroom_v29\features\report.json / panels.png / mirror_signal.npy
[device] cuda
  [train] epoch 60/300  loss=0.6116
  [train] epoch 120/300  loss=0.4305
  [train] epoch 180/300  loss=0.3203
  [train] epoch 240/300  loss=0.2464
  [train] epoch 300/300  loss=0.1973

[VAL] scene=ds_v1_seed0/livingroom_v29  (pixel 70/30 split)
  AUC      = 0.9816
  IoU@0.5  = 0.7095
  F1@0.5   = 0.8301
  accuracy = 0.9299  (prec=0.7420, rec=0.9418)
  tp=3026 fp=1052 fn=187 tn=13399

[save] D:\Users\dust\Documents\학교\2026년도1학기\컴퓨터비전\실습\FoundationStereo\experiments\ds_v1_seed0/livingroom_v29\submodel
  pred_mask.png, panel.png, metrics.json, head.pt
DONE: D:\Users\dust\Documents\학교\2026년도1학기\컴퓨터비전\실습\FoundationStereo\experiments\ds_v1_seed0/livingroom_v29\submodel
[device] cuda
[load] D:\Users\dust\Documents\학교\2026년도1학기\컴퓨터비전\실습\FoundationStereo\experiments\_model\general_head.pt  (train_scenes=['archiviz_baseline080', 'bedroom_baseline080', 'blue_bathroom_baseline080', 'computer_room_baseline080', 'cozy_living_room_baseline080', 'flat-archiviz_baseline080', 'green_house_baseline080', 'gym_baseline080', 'livingroom_baseline080', 'minimal_interior_baseline080', 'scandinavian_baseline080', 'sunlight_baseline080'])

[APPLY] ds_v1_seed0/livingroom_v29  (저장모델로 새 데이터 평가)
  AUC      = 0.9621
  IoU@0.5  = 0.4932
  F1@0.5   = 0.6606
  accuracy = 0.8993  (prec=0.8630, rec=0.5351)
  tp=5769 fp=916 fn=5013 tn=47182
[save] D:\Users\dust\Documents\학교\2026년도1학기\컴퓨터비전\실습\FoundationStereo\experiments\ds_v1_seed0/livingroom_v29\submodel_applied  (pred_mask.png, panel.png, metrics.json)

============================================================
STEP: estimate_mirror_plane
============================================================

============================================================
STEP: viz_ransac_inliers
============================================================

============================================================
STEP: make_mirror_gt_from_depth
============================================================

============================================================
STEP: analyze_features
============================================================

============================================================
STEP: submodel_head
============================================================

============================================================
STEP: apply_submodel
============================================================

DONE: D:\Users\dust\Documents\학교\2026년도1학기\컴퓨터비전\실습\FoundationStereo\experiments\ds_v1_seed0/livingroom_v29 (ok)

##### [31/121] ds_v1_seed0/livingroom_v30  (done 7, fail 0, skip 23, elapsed 4m, ETA 52m) #####
[scene] ds_v1_seed0/livingroom_v30  size=1280x720
[select] mirror 점 개수 = 154959  (mask=168992, valid&depth = 894304)
[conf] mirror 영역 평균 confidence = 0.6381

=== 평면 추정 결과 ===
  [PCA (closed form)]
      normal = [-0.7480, -0.1650, -0.6428]
      d = +2.5032   mirror_depth(perp) = 2.5032 m   view_z = 5.0323 m
      n_inliers = 154959/154959   rms_residual = 0.22613 m
  [RANSAC]
      normal = [-0.7003, -0.1451, -0.6989]
      d = +2.8296   mirror_depth(perp) = 2.8296 m   view_z = 5.0323 m
      n_inliers = 152461/154959   rms_residual = 0.09921 m
  [SVD robust (IRLS)]
      normal = [-0.7043, -0.1427, -0.6954]
      d = +2.8055   mirror_depth(perp) = 2.8055 m   view_z = 5.0323 m
      n_inliers = 152465/154959   rms_residual = 0.09948 m

[save] D:\Users\dust\Documents\학교\2026년도1학기\컴퓨터비전\실습\FoundationStereo\experiments\ds_v1_seed0/livingroom_v30\mirror_geometry\result.json
[save] D:\Users\dust\Documents\학교\2026년도1학기\컴퓨터비전\실습\FoundationStereo\experiments\ds_v1_seed0/livingroom_v30\mirror_geometry\plane.txt
[save] D:\Users\dust\Documents\학교\2026년도1학기\컴퓨터비전\실습\FoundationStereo\experiments\ds_v1_seed0/livingroom_v30\mirror_geometry\viz.png

DONE: D:\Users\dust\Documents\학교\2026년도1학기\컴퓨터비전\실습\FoundationStereo\experiments\ds_v1_seed0/livingroom_v30\mirror_geometry
[ds_v1_seed0/livingroom_v30] 거울 점 154959개 중 inlier 152461 (98.4%) / outlier 2498
  normal=[-0.7   -0.145 -0.699] d=2.830  rms(inlier)=0.0992 m  thr≈0.526 m
[save] D:\Users\dust\Documents\학교\2026년도1학기\컴퓨터비전\실습\FoundationStereo\experiments\ds_v1_seed0/livingroom_v30\mirror_geometry\ransac_inliers.png
[gt] livingroom_v30               perp 3.07m planRMS 0.0128m  normal [0.684, -0.045, -0.729]

생성 1, 건너뜀 0 (depth_gt/mask 없음 등)
[ds_v1_seed0/livingroom_v30] feature 184x320  mirror_frac=0.18318614130434782  feat_left=True
rank  signal              AUC    pol  sep     mean_in     mean_out
  1  post_entropy       0.7295   -  0.3798    0.845173     1.06893
  2  post_conf          0.6742   +  0.3171     0.62399    0.541277
  3  delta_conf         0.5959   +  0.1681    0.249973    0.167476
  4  feat_left_pc1      0.5844   -  0.1593    2.596433    3.085276
  5  delta_argdisp      0.5726   -   0.113   29.052661   35.746538
  6  delta_entropy      0.5579   -  0.0944   -1.253332   -1.093982
  7  feat_left_l2        0.524   -  0.0559   17.122056    17.30794
  8  pre_entropy        0.5142   -  0.0423    2.098506    2.162912
  9  feat_left_pc2      0.5138   -  0.0288     2.02063    2.110898
 10  pre_conf           0.5052   +  0.0005    0.374017    0.373802
 11  feat_left_pc3      0.5007   +  0.0028    2.038725    2.047421
BEST: post_entropy (AUC=0.7295, polarity=-)
저장: D:\Users\dust\Documents\학교\2026년도1학기\컴퓨터비전\실습\FoundationStereo\experiments\ds_v1_seed0/livingroom_v30\features\report.json / panels.png / mirror_signal.npy
[device] cuda
  [train] epoch 60/300  loss=0.5849
  [train] epoch 120/300  loss=0.4188
  [train] epoch 180/300  loss=0.3261
  [train] epoch 240/300  loss=0.2669
  [train] epoch 300/300  loss=0.2271

[VAL] scene=ds_v1_seed0/livingroom_v30  (pixel 70/30 split)
  AUC      = 0.9744
  IoU@0.5  = 0.6641
  F1@0.5   = 0.7981
  accuracy = 0.9143  (prec=0.7058, rec=0.9183)
  tp=2991 fp=1247 fn=266 tn=13160

[save] D:\Users\dust\Documents\학교\2026년도1학기\컴퓨터비전\실습\FoundationStereo\experiments\ds_v1_seed0/livingroom_v30\submodel
  pred_mask.png, panel.png, metrics.json, head.pt
DONE: D:\Users\dust\Documents\학교\2026년도1학기\컴퓨터비전\실습\FoundationStereo\experiments\ds_v1_seed0/livingroom_v30\submodel
[device] cuda
[load] D:\Users\dust\Documents\학교\2026년도1학기\컴퓨터비전\실습\FoundationStereo\experiments\_model\general_head.pt  (train_scenes=['archiviz_baseline080', 'bedroom_baseline080', 'blue_bathroom_baseline080', 'computer_room_baseline080', 'cozy_living_room_baseline080', 'flat-archiviz_baseline080', 'green_house_baseline080', 'gym_baseline080', 'livingroom_baseline080', 'minimal_interior_baseline080', 'scandinavian_baseline080', 'sunlight_baseline080'])

[APPLY] ds_v1_seed0/livingroom_v30  (저장모델로 새 데이터 평가)
  AUC      = 0.8633
  IoU@0.5  = 0.3336
  F1@0.5   = 0.5003
  accuracy = 0.8305  (prec=0.5439, rec=0.4632)
  tp=4996 fp=4189 fn=5790 tn=43905
[save] D:\Users\dust\Documents\학교\2026년도1학기\컴퓨터비전\실습\FoundationStereo\experiments\ds_v1_seed0/livingroom_v30\submodel_applied  (pred_mask.png, panel.png, metrics.json)

============================================================
STEP: estimate_mirror_plane
============================================================

============================================================
STEP: viz_ransac_inliers
============================================================

============================================================
STEP: make_mirror_gt_from_depth
============================================================

============================================================
STEP: analyze_features
============================================================

============================================================
STEP: submodel_head
============================================================

============================================================
STEP: apply_submodel
============================================================

DONE: D:\Users\dust\Documents\학교\2026년도1학기\컴퓨터비전\실습\FoundationStereo\experiments\ds_v1_seed0/livingroom_v30 (ok)

##### [32/121] ds_v1_seed0/livingroom_v31  (done 8, fail 0, skip 23, elapsed 5m, ETA 52m) #####
[scene] ds_v1_seed0/livingroom_v31  size=1280x720
[select] mirror 점 개수 = 154577  (mask=154577, valid&depth = 884973)
[conf] mirror 영역 평균 confidence = 0.6233

=== 평면 추정 결과 ===
  [PCA (closed form)]
      normal = [-0.6110, +0.0010, -0.7916]
      d = +2.7445   mirror_depth(perp) = 2.7445 m   view_z = 4.5739 m
      n_inliers = 154577/154577   rms_residual = 0.13753 m
  [RANSAC]
      normal = [-0.6221, +0.0638, -0.7804]
      d = +2.7859   mirror_depth(perp) = 2.7859 m   view_z = 4.5739 m
      n_inliers = 112175/154577   rms_residual = 0.01677 m
  [SVD robust (IRLS)]
      normal = [-0.6137, +0.0450, -0.7883]
      d = +2.7992   mirror_depth(perp) = 2.7992 m   view_z = 4.5739 m
      n_inliers = 107955/154577   rms_residual = 0.02589 m

[save] D:\Users\dust\Documents\학교\2026년도1학기\컴퓨터비전\실습\FoundationStereo\experiments\ds_v1_seed0/livingroom_v31\mirror_geometry\result.json
[save] D:\Users\dust\Documents\학교\2026년도1학기\컴퓨터비전\실습\FoundationStereo\experiments\ds_v1_seed0/livingroom_v31\mirror_geometry\plane.txt
[save] D:\Users\dust\Documents\학교\2026년도1학기\컴퓨터비전\실습\FoundationStereo\experiments\ds_v1_seed0/livingroom_v31\mirror_geometry\viz.png

DONE: D:\Users\dust\Documents\학교\2026년도1학기\컴퓨터비전\실습\FoundationStereo\experiments\ds_v1_seed0/livingroom_v31\mirror_geometry
[ds_v1_seed0/livingroom_v31] 거울 점 154577개 중 inlier 112175 (72.6%) / outlier 42402
  normal=[-0.622  0.064 -0.78 ] d=2.786  rms(inlier)=0.0168 m  thr≈0.053 m
[save] D:\Users\dust\Documents\학교\2026년도1학기\컴퓨터비전\실습\FoundationStereo\experiments\ds_v1_seed0/livingroom_v31\mirror_geometry\ransac_inliers.png
[gt] livingroom_v31               perp 2.74m planRMS 0.0131m  normal [0.762, 0.1, -0.639]

생성 1, 건너뜀 0 (depth_gt/mask 없음 등)
[ds_v1_seed0/livingroom_v31] feature 184x320  mirror_frac=0.16818953804347825  feat_left=True
rank  signal              AUC    pol  sep     mean_in     mean_out
  1  delta_argdisp      0.5845   -  0.1186   30.064728   37.017845
  2  post_entropy       0.5676   -  0.1128    0.851892    0.915481
  3  pre_entropy        0.5405   -  0.0897    2.047556    2.191808
  4  post_conf          0.5321   +  0.0583    0.622739    0.607794
  5  pre_conf           0.5313   +  0.0566    0.389045    0.365804
  6  feat_left_pc1      0.5241   -  0.0416    2.741487     2.87172
  7  delta_entropy      0.5221   +  0.0473   -1.195664   -1.276327
  8  feat_left_pc3      0.5221   +  0.0359    2.024202     1.91637
  9  feat_left_l2        0.518   -  0.0419   16.923839   17.076815
 10  feat_left_pc2       0.515   +  0.0252    2.052074    1.974989
 11  delta_conf         0.5124   -  0.0169    0.233694     0.24199
BEST: delta_argdisp (AUC=0.5845, polarity=-)
저장: D:\Users\dust\Documents\학교\2026년도1학기\컴퓨터비전\실습\FoundationStereo\experiments\ds_v1_seed0/livingroom_v31\features\report.json / panels.png / mirror_signal.npy
[device] cuda
  [train] epoch 60/300  loss=0.6708
  [train] epoch 120/300  loss=0.4814
  [train] epoch 180/300  loss=0.3533
  [train] epoch 240/300  loss=0.2698
  [train] epoch 300/300  loss=0.2159

[VAL] scene=ds_v1_seed0/livingroom_v31  (pixel 70/30 split)
  AUC      = 0.9781
  IoU@0.5  = 0.6642
  F1@0.5   = 0.7982
  accuracy = 0.9223  (prec=0.6982, rec=0.9317)
  tp=2716 fp=1174 fn=199 tn=13575

[save] D:\Users\dust\Documents\학교\2026년도1학기\컴퓨터비전\실습\FoundationStereo\experiments\ds_v1_seed0/livingroom_v31\submodel
  pred_mask.png, panel.png, metrics.json, head.pt
DONE: D:\Users\dust\Documents\학교\2026년도1학기\컴퓨터비전\실습\FoundationStereo\experiments\ds_v1_seed0/livingroom_v31\submodel
[device] cuda
[load] D:\Users\dust\Documents\학교\2026년도1학기\컴퓨터비전\실습\FoundationStereo\experiments\_model\general_head.pt  (train_scenes=['archiviz_baseline080', 'bedroom_baseline080', 'blue_bathroom_baseline080', 'computer_room_baseline080', 'cozy_living_room_baseline080', 'flat-archiviz_baseline080', 'green_house_baseline080', 'gym_baseline080', 'livingroom_baseline080', 'minimal_interior_baseline080', 'scandinavian_baseline080', 'sunlight_baseline080'])

[APPLY] ds_v1_seed0/livingroom_v31  (저장모델로 새 데이터 평가)
  AUC      = 0.9330
  IoU@0.5  = 0.3838
  F1@0.5   = 0.5547
  accuracy = 0.8791  (prec=0.7293, rec=0.4475)
  tp=4432 fp=1645 fn=5471 tn=47332
[save] D:\Users\dust\Documents\학교\2026년도1학기\컴퓨터비전\실습\FoundationStereo\experiments\ds_v1_seed0/livingroom_v31\submodel_applied  (pred_mask.png, panel.png, metrics.json)

============================================================
STEP: estimate_mirror_plane
============================================================

============================================================
STEP: viz_ransac_inliers
============================================================

============================================================
STEP: make_mirror_gt_from_depth
============================================================

============================================================
STEP: analyze_features
============================================================

============================================================
STEP: submodel_head
============================================================

============================================================
STEP: apply_submodel
============================================================

DONE: D:\Users\dust\Documents\학교\2026년도1학기\컴퓨터비전\실습\FoundationStereo\experiments\ds_v1_seed0/livingroom_v31 (ok)

##### [33/121] ds_v1_seed0/livingroom_v32  (done 9, fail 0, skip 23, elapsed 5m, ETA 51m) #####
[scene] ds_v1_seed0/livingroom_v32  size=1280x720
[select] mirror 점 개수 = 175131  (mask=175131, valid&depth = 887804)
[conf] mirror 영역 평균 confidence = 0.5998

=== 평면 추정 결과 ===
  [PCA (closed form)]
      normal = [-0.6352, -0.0486, -0.7708]
      d = +2.6995   mirror_depth(perp) = 2.6995 m   view_z = 4.7105 m
      n_inliers = 175131/175131   rms_residual = 0.14393 m
  [RANSAC]
      normal = [-0.6348, +0.0148, -0.7725]
      d = +2.7993   mirror_depth(perp) = 2.7993 m   view_z = 4.7105 m
      n_inliers = 137145/175131   rms_residual = 0.01659 m
  [SVD robust (IRLS)]
      normal = [-0.6328, -0.0063, -0.7743]
      d = +2.7817   mirror_depth(perp) = 2.7817 m   view_z = 4.7105 m
      n_inliers = 138645/175131   rms_residual = 0.02636 m

[save] D:\Users\dust\Documents\학교\2026년도1학기\컴퓨터비전\실습\FoundationStereo\experiments\ds_v1_seed0/livingroom_v32\mirror_geometry\result.json
[save] D:\Users\dust\Documents\학교\2026년도1학기\컴퓨터비전\실습\FoundationStereo\experiments\ds_v1_seed0/livingroom_v32\mirror_geometry\plane.txt
[save] D:\Users\dust\Documents\학교\2026년도1학기\컴퓨터비전\실습\FoundationStereo\experiments\ds_v1_seed0/livingroom_v32\mirror_geometry\viz.png

DONE: D:\Users\dust\Documents\학교\2026년도1학기\컴퓨터비전\실습\FoundationStereo\experiments\ds_v1_seed0/livingroom_v32\mirror_geometry
[ds_v1_seed0/livingroom_v32] 거울 점 175131개 중 inlier 137145 (78.3%) / outlier 37986
  normal=[-0.635  0.015 -0.773] d=2.799  rms(inlier)=0.0166 m  thr≈0.056 m
[save] D:\Users\dust\Documents\학교\2026년도1학기\컴퓨터비전\실습\FoundationStereo\experiments\ds_v1_seed0/livingroom_v32\mirror_geometry\ransac_inliers.png
[gt] livingroom_v32               perp 2.81m planRMS 0.0125m  normal [0.741, 0.074, -0.667]

생성 1, 건너뜀 0 (depth_gt/mask 없음 등)
[ds_v1_seed0/livingroom_v32] feature 184x320  mirror_frac=0.19111752717391303  feat_left=True
rank  signal              AUC    pol  sep     mean_in     mean_out
  1  delta_argdisp      0.5745   -  0.1036   31.389318   37.549163
  2  feat_left_l2       0.5477   -  0.1019    16.81878   17.187089
  3  delta_entropy       0.535   +  0.0702   -1.180537   -1.298704
  4  delta_conf         0.5346   -  0.0496    0.222148    0.245969
  5  post_conf          0.5299   -  0.0618    0.599544    0.615201
  6  pre_entropy        0.5209   -  0.0541    2.091834     2.17882
  7  feat_left_pc1      0.5202   -  0.0447    2.792503    2.931292
  8  feat_left_pc2      0.5188   +  0.0293    2.064375    1.974335
  9  post_entropy       0.5165   +  0.0587    0.911297    0.880116
 10  feat_left_pc3      0.5154   +  0.0254    2.021397    1.944611
 11  pre_conf           0.5133   +    0.02    0.377396    0.369233
BEST: delta_argdisp (AUC=0.5745, polarity=-)
저장: D:\Users\dust\Documents\학교\2026년도1학기\컴퓨터비전\실습\FoundationStereo\experiments\ds_v1_seed0/livingroom_v32\features\report.json / panels.png / mirror_signal.npy
[device] cuda
  [train] epoch 60/300  loss=0.6250
  [train] epoch 120/300  loss=0.4403
  [train] epoch 180/300  loss=0.3237
  [train] epoch 240/300  loss=0.2472
  [train] epoch 300/300  loss=0.1969

[VAL] scene=ds_v1_seed0/livingroom_v32  (pixel 70/30 split)
  AUC      = 0.9816
  IoU@0.5  = 0.7131
  F1@0.5   = 0.8326
  accuracy = 0.9287  (prec=0.7445, rec=0.9442)
  tp=3130 fp=1074 fn=185 tn=13275

[save] D:\Users\dust\Documents\학교\2026년도1학기\컴퓨터비전\실습\FoundationStereo\experiments\ds_v1_seed0/livingroom_v32\submodel
  pred_mask.png, panel.png, metrics.json, head.pt
DONE: D:\Users\dust\Documents\학교\2026년도1학기\컴퓨터비전\실습\FoundationStereo\experiments\ds_v1_seed0/livingroom_v32\submodel
[device] cuda
[load] D:\Users\dust\Documents\학교\2026년도1학기\컴퓨터비전\실습\FoundationStereo\experiments\_model\general_head.pt  (train_scenes=['archiviz_baseline080', 'bedroom_baseline080', 'blue_bathroom_baseline080', 'computer_room_baseline080', 'cozy_living_room_baseline080', 'flat-archiviz_baseline080', 'green_house_baseline080', 'gym_baseline080', 'livingroom_baseline080', 'minimal_interior_baseline080', 'scandinavian_baseline080', 'sunlight_baseline080'])

[APPLY] ds_v1_seed0/livingroom_v32  (저장모델로 새 데이터 평가)
  AUC      = 0.9518
  IoU@0.5  = 0.4584
  F1@0.5   = 0.6286
  accuracy = 0.8868  (prec=0.8427, rec=0.5013)
  tp=5641 fp=1053 fn=5612 tn=46574
[save] D:\Users\dust\Documents\학교\2026년도1학기\컴퓨터비전\실습\FoundationStereo\experiments\ds_v1_seed0/livingroom_v32\submodel_applied  (pred_mask.png, panel.png, metrics.json)

============================================================
STEP: estimate_mirror_plane
============================================================

============================================================
STEP: viz_ransac_inliers
============================================================

============================================================
STEP: make_mirror_gt_from_depth
============================================================

============================================================
STEP: analyze_features
============================================================

============================================================
STEP: submodel_head
============================================================

============================================================
STEP: apply_submodel
============================================================

DONE: D:\Users\dust\Documents\학교\2026년도1학기\컴퓨터비전\실습\FoundationStereo\experiments\ds_v1_seed0/livingroom_v32 (ok)

##### [34/121] ds_v1_seed0/livingroom_v33  (done 10, fail 0, skip 23, elapsed 6m, ETA 51m) #####
[scene] ds_v1_seed0/livingroom_v33  size=1280x720
[select] mirror 점 개수 = 138884  (mask=138884, valid&depth = 886551)
[conf] mirror 영역 평균 confidence = 0.6078

=== 평면 추정 결과 ===
  [PCA (closed form)]
      normal = [-0.6440, +0.0189, -0.7648]
      d = +2.9324   mirror_depth(perp) = 2.9324 m   view_z = 4.7596 m
      n_inliers = 138884/138884   rms_residual = 0.12834 m
  [RANSAC]
      normal = [-0.6475, +0.1124, -0.7537]
      d = +3.0059   mirror_depth(perp) = 3.0059 m   view_z = 4.7596 m
      n_inliers = 99131/138884   rms_residual = 0.02040 m
  [SVD robust (IRLS)]
      normal = [-0.6414, +0.0835, -0.7626]
      d = +3.0110   mirror_depth(perp) = 3.0110 m   view_z = 4.7596 m
      n_inliers = 90910/138884   rms_residual = 0.02659 m

[save] D:\Users\dust\Documents\학교\2026년도1학기\컴퓨터비전\실습\FoundationStereo\experiments\ds_v1_seed0/livingroom_v33\mirror_geometry\result.json
[save] D:\Users\dust\Documents\학교\2026년도1학기\컴퓨터비전\실습\FoundationStereo\experiments\ds_v1_seed0/livingroom_v33\mirror_geometry\plane.txt
[save] D:\Users\dust\Documents\학교\2026년도1학기\컴퓨터비전\실습\FoundationStereo\experiments\ds_v1_seed0/livingroom_v33\mirror_geometry\viz.png

DONE: D:\Users\dust\Documents\학교\2026년도1학기\컴퓨터비전\실습\FoundationStereo\experiments\ds_v1_seed0/livingroom_v33\mirror_geometry
[ds_v1_seed0/livingroom_v33] 거울 점 138884개 중 inlier 99131 (71.4%) / outlier 39753
  normal=[-0.648  0.112 -0.754] d=3.006  rms(inlier)=0.0204 m  thr≈0.049 m
[save] D:\Users\dust\Documents\학교\2026년도1학기\컴퓨터비전\실습\FoundationStereo\experiments\ds_v1_seed0/livingroom_v33\mirror_geometry\ransac_inliers.png
[gt] livingroom_v33               perp 2.87m planRMS 0.0128m  normal [0.724, 0.139, -0.676]

생성 1, 건너뜀 0 (depth_gt/mask 없음 등)
[ds_v1_seed0/livingroom_v33] feature 184x320  mirror_frac=0.15166440217391305  feat_left=True
rank  signal              AUC    pol  sep     mean_in     mean_out
  1  post_conf          0.5404   -  0.0654    0.608266    0.624814
  2  feat_left_l2       0.5377   -  0.0871   16.861183   17.175458
  3  delta_argdisp       0.537   -  0.0393   33.092161   35.399079
  4  delta_conf         0.5347   -  0.0502    0.235377    0.259029
  5  post_entropy       0.5259   +  0.0359    0.883434    0.864019
  6  delta_entropy      0.5259   +  0.0534   -1.230262   -1.316103
  7  feat_left_pc1      0.5215   -  0.0431     2.75226    2.886078
  8  feat_left_pc3      0.5151   +  0.0213    2.016215      1.9517
  9  pre_conf           0.5086   +  0.0179    0.372889    0.365785
 10  pre_entropy        0.5081   -   0.043    2.113697    2.180123
 11  feat_left_pc2      0.5073   +  0.0125    2.038648    1.999767
BEST: post_conf (AUC=0.5404, polarity=-)
저장: D:\Users\dust\Documents\학교\2026년도1학기\컴퓨터비전\실습\FoundationStereo\experiments\ds_v1_seed0/livingroom_v33\features\report.json / panels.png / mirror_signal.npy
[device] cuda
  [train] epoch 60/300  loss=0.7099
  [train] epoch 120/300  loss=0.5157
  [train] epoch 180/300  loss=0.3752
  [train] epoch 240/300  loss=0.2795
  [train] epoch 300/300  loss=0.2169

[VAL] scene=ds_v1_seed0/livingroom_v33  (pixel 70/30 split)
  AUC      = 0.9779
  IoU@0.5  = 0.6589
  F1@0.5   = 0.7944
  accuracy = 0.9266  (prec=0.6939, rec=0.9288)
  tp=2503 fp=1104 fn=192 tn=13865

[save] D:\Users\dust\Documents\학교\2026년도1학기\컴퓨터비전\실습\FoundationStereo\experiments\ds_v1_seed0/livingroom_v33\submodel
  pred_mask.png, panel.png, metrics.json, head.pt
DONE: D:\Users\dust\Documents\학교\2026년도1학기\컴퓨터비전\실습\FoundationStereo\experiments\ds_v1_seed0/livingroom_v33\submodel
[device] cuda
[load] D:\Users\dust\Documents\학교\2026년도1학기\컴퓨터비전\실습\FoundationStereo\experiments\_model\general_head.pt  (train_scenes=['archiviz_baseline080', 'bedroom_baseline080', 'blue_bathroom_baseline080', 'computer_room_baseline080', 'cozy_living_room_baseline080', 'flat-archiviz_baseline080', 'green_house_baseline080', 'gym_baseline080', 'livingroom_baseline080', 'minimal_interior_baseline080', 'scandinavian_baseline080', 'sunlight_baseline080'])

[APPLY] ds_v1_seed0/livingroom_v33  (저장모델로 새 데이터 평가)
  AUC      = 0.9498
  IoU@0.5  = 0.4345
  F1@0.5   = 0.6058
  accuracy = 0.9018  (prec=0.7748, rec=0.4973)
  tp=4441 fp=1291 fn=4489 tn=48659
[save] D:\Users\dust\Documents\학교\2026년도1학기\컴퓨터비전\실습\FoundationStereo\experiments\ds_v1_seed0/livingroom_v33\submodel_applied  (pred_mask.png, panel.png, metrics.json)

============================================================
STEP: estimate_mirror_plane
============================================================

============================================================
STEP: viz_ransac_inliers
============================================================

============================================================
STEP: make_mirror_gt_from_depth
============================================================

============================================================
STEP: analyze_features
============================================================

============================================================
STEP: submodel_head
============================================================

============================================================
STEP: apply_submodel
============================================================

DONE: D:\Users\dust\Documents\학교\2026년도1학기\컴퓨터비전\실습\FoundationStereo\experiments\ds_v1_seed0/livingroom_v33 (ok)

##### [35/121] ds_v1_seed0/livingroom_v34  (done 11, fail 0, skip 23, elapsed 6m, ETA 50m) #####
[scene] ds_v1_seed0/livingroom_v34  size=1280x720
[select] mirror 점 개수 = 163600  (mask=163682, valid&depth = 893070)
[conf] mirror 영역 평균 confidence = 0.5972

=== 평면 추정 결과 ===
  [PCA (closed form)]
      normal = [-0.5540, -0.0289, -0.8320]
      d = +2.7987   mirror_depth(perp) = 2.7987 m   view_z = 4.8349 m
      n_inliers = 163600/163600   rms_residual = 0.11012 m
  [RANSAC]
      normal = [-0.5568, +0.0430, -0.8295]
      d = +2.8770   mirror_depth(perp) = 2.8770 m   view_z = 4.8349 m
      n_inliers = 130834/163600   rms_residual = 0.02336 m
  [SVD robust (IRLS)]
      normal = [-0.5546, +0.0165, -0.8319]
      d = +2.8563   mirror_depth(perp) = 2.8563 m   view_z = 4.8349 m
      n_inliers = 125934/163600   rms_residual = 0.02896 m

[save] D:\Users\dust\Documents\학교\2026년도1학기\컴퓨터비전\실습\FoundationStereo\experiments\ds_v1_seed0/livingroom_v34\mirror_geometry\result.json
[save] D:\Users\dust\Documents\학교\2026년도1학기\컴퓨터비전\실습\FoundationStereo\experiments\ds_v1_seed0/livingroom_v34\mirror_geometry\plane.txt
[save] D:\Users\dust\Documents\학교\2026년도1학기\컴퓨터비전\실습\FoundationStereo\experiments\ds_v1_seed0/livingroom_v34\mirror_geometry\viz.png

DONE: D:\Users\dust\Documents\학교\2026년도1학기\컴퓨터비전\실습\FoundationStereo\experiments\ds_v1_seed0/livingroom_v34\mirror_geometry
[ds_v1_seed0/livingroom_v34] 거울 점 163600개 중 inlier 130834 (80.0%) / outlier 32766
  normal=[-0.557  0.043 -0.83 ] d=2.877  rms(inlier)=0.0234 m  thr≈0.060 m
[save] D:\Users\dust\Documents\학교\2026년도1학기\컴퓨터비전\실습\FoundationStereo\experiments\ds_v1_seed0/livingroom_v34\mirror_geometry\ransac_inliers.png
[gt] livingroom_v34               perp 3.11m planRMS 0.0135m  normal [0.811, 0.082, -0.579]

생성 1, 건너뜀 0 (depth_gt/mask 없음 등)
[ds_v1_seed0/livingroom_v34] feature 184x320  mirror_frac=0.17843070652173912  feat_left=True
rank  signal              AUC    pol  sep     mean_in     mean_out
  1  delta_argdisp      0.6152   -  0.1651   28.692937   38.692934
  2  feat_left_l2        0.564   -  0.1291   16.763068   17.218193
  3  feat_left_pc1      0.5499   -  0.0998    2.619567     2.92237
  4  pre_entropy        0.5465   -  0.0764     2.12737    2.257957
  5  delta_entropy      0.5353   +  0.0516   -1.219844   -1.311474
  6  pre_conf           0.5344   +  0.0746    0.380497    0.349769
  7  post_conf          0.5249   +  0.0413    0.597236    0.587082
  8  post_entropy       0.5245   -  0.0705    0.907525    0.946483
  9  delta_conf         0.5228   -  0.0428     0.21674    0.237314
 10  feat_left_pc2      0.5087   +  0.0148    2.036554     1.99096
 11  feat_left_pc3      0.5077   +  0.0085    1.982221    1.956693
BEST: delta_argdisp (AUC=0.6152, polarity=-)
저장: D:\Users\dust\Documents\학교\2026년도1학기\컴퓨터비전\실습\FoundationStereo\experiments\ds_v1_seed0/livingroom_v34\features\report.json / panels.png / mirror_signal.npy
[device] cuda
  [train] epoch 60/300  loss=0.6868
  [train] epoch 120/300  loss=0.5147
  [train] epoch 180/300  loss=0.3931
  [train] epoch 240/300  loss=0.3063
  [train] epoch 300/300  loss=0.2446

[VAL] scene=ds_v1_seed0/livingroom_v34  (pixel 70/30 split)
  AUC      = 0.9698
  IoU@0.5  = 0.6441
  F1@0.5   = 0.7836
  accuracy = 0.9126  (prec=0.6895, rec=0.9074)
  tp=2793 fp=1258 fn=285 tn=13328

[save] D:\Users\dust\Documents\학교\2026년도1학기\컴퓨터비전\실습\FoundationStereo\experiments\ds_v1_seed0/livingroom_v34\submodel
  pred_mask.png, panel.png, metrics.json, head.pt
DONE: D:\Users\dust\Documents\학교\2026년도1학기\컴퓨터비전\실습\FoundationStereo\experiments\ds_v1_seed0/livingroom_v34\submodel
[device] cuda
[load] D:\Users\dust\Documents\학교\2026년도1학기\컴퓨터비전\실습\FoundationStereo\experiments\_model\general_head.pt  (train_scenes=['archiviz_baseline080', 'bedroom_baseline080', 'blue_bathroom_baseline080', 'computer_room_baseline080', 'cozy_living_room_baseline080', 'flat-archiviz_baseline080', 'green_house_baseline080', 'gym_baseline080', 'livingroom_baseline080', 'minimal_interior_baseline080', 'scandinavian_baseline080', 'sunlight_baseline080'])

[APPLY] ds_v1_seed0/livingroom_v34  (저장모델로 새 데이터 평가)
  AUC      = 0.9380
  IoU@0.5  = 0.4678
  F1@0.5   = 0.6375
  accuracy = 0.8884  (prec=0.7584, rec=0.5498)
  tp=5776 fp=1840 fn=4730 tn=46534
[save] D:\Users\dust\Documents\학교\2026년도1학기\컴퓨터비전\실습\FoundationStereo\experiments\ds_v1_seed0/livingroom_v34\submodel_applied  (pred_mask.png, panel.png, metrics.json)

============================================================
STEP: estimate_mirror_plane
============================================================

============================================================
STEP: viz_ransac_inliers
============================================================

============================================================
STEP: make_mirror_gt_from_depth
============================================================

============================================================
STEP: analyze_features
============================================================

============================================================
STEP: submodel_head
============================================================

============================================================
STEP: apply_submodel
============================================================

DONE: D:\Users\dust\Documents\학교\2026년도1학기\컴퓨터비전\실습\FoundationStereo\experiments\ds_v1_seed0/livingroom_v34 (ok)

##### [36/121] ds_v1_seed0/livingroom_v35  (done 12, fail 0, skip 23, elapsed 7m, ETA 50m) #####
[scene] ds_v1_seed0/livingroom_v35  size=1280x720
[select] mirror 점 개수 = 218190  (mask=218280, valid&depth = 898956)
[conf] mirror 영역 평균 confidence = 0.6137

=== 평면 추정 결과 ===
  [PCA (closed form)]
      normal = [-0.5622, -0.0287, -0.8265]
      d = +2.6841   mirror_depth(perp) = 2.6841 m   view_z = 4.6975 m
      n_inliers = 218190/218190   rms_residual = 0.26506 m
  [RANSAC]
      normal = [-0.5790, -0.0796, -0.8114]
      d = +2.7570   mirror_depth(perp) = 2.7570 m   view_z = 4.6975 m
      n_inliers = 119534/218190   rms_residual = 0.01864 m
  [SVD robust (IRLS)]
      normal = [-0.5268, -0.1030, -0.8437]
      d = +2.9437   mirror_depth(perp) = 2.9437 m   view_z = 4.6975 m
      n_inliers = 83447/218190   rms_residual = 0.02996 m

[save] D:\Users\dust\Documents\학교\2026년도1학기\컴퓨터비전\실습\FoundationStereo\experiments\ds_v1_seed0/livingroom_v35\mirror_geometry\result.json
[save] D:\Users\dust\Documents\학교\2026년도1학기\컴퓨터비전\실습\FoundationStereo\experiments\ds_v1_seed0/livingroom_v35\mirror_geometry\plane.txt
[save] D:\Users\dust\Documents\학교\2026년도1학기\컴퓨터비전\실습\FoundationStereo\experiments\ds_v1_seed0/livingroom_v35\mirror_geometry\viz.png

DONE: D:\Users\dust\Documents\학교\2026년도1학기\컴퓨터비전\실습\FoundationStereo\experiments\ds_v1_seed0/livingroom_v35\mirror_geometry
[ds_v1_seed0/livingroom_v35] 거울 점 218190개 중 inlier 119534 (54.8%) / outlier 98656
  normal=[-0.579 -0.08  -0.811] d=2.757  rms(inlier)=0.0186 m  thr≈0.059 m
[save] D:\Users\dust\Documents\학교\2026년도1학기\컴퓨터비전\실습\FoundationStereo\experiments\ds_v1_seed0/livingroom_v35\mirror_geometry\ransac_inliers.png
[gt] livingroom_v35               perp 3.11m planRMS 0.0132m  normal [0.788, -0.052, -0.614]

생성 1, 건너뜀 0 (depth_gt/mask 없음 등)
[ds_v1_seed0/livingroom_v35] feature 184x320  mirror_frac=0.23673573369565218  feat_left=True
rank  signal              AUC    pol  sep     mean_in     mean_out
  1  post_conf          0.6551   +  0.2711    0.614162     0.54214
  2  post_entropy       0.6448   -  0.2702    0.911757    1.073857
  3  delta_argdisp      0.5908   -  0.1307   30.392352   38.598919
  4  delta_conf         0.5723   +  0.1044    0.231634     0.17715
  5  feat_left_l2       0.5661   -  0.1269   16.770068   17.204235
  6  feat_left_pc1      0.5615   -   0.122    2.578784    2.957825
  7  delta_entropy      0.5374   -  0.0588   -1.225535   -1.114862
  8  pre_entropy         0.523   -  0.0298    2.137292    2.188718
  9  pre_conf           0.5153   +  0.0418    0.382528     0.36499
 10  feat_left_pc2      0.5103   -  0.0237    1.987327    2.060118
 11  feat_left_pc3      0.5085   -  0.0232    1.938992    2.007446
BEST: post_conf (AUC=0.6551, polarity=+)
저장: D:\Users\dust\Documents\학교\2026년도1학기\컴퓨터비전\실습\FoundationStereo\experiments\ds_v1_seed0/livingroom_v35\features\report.json / panels.png / mirror_signal.npy
[device] cuda
  [train] epoch 60/300  loss=0.5831
  [train] epoch 120/300  loss=0.4347
  [train] epoch 180/300  loss=0.3488
  [train] epoch 240/300  loss=0.2911
  [train] epoch 300/300  loss=0.2506

[VAL] scene=ds_v1_seed0/livingroom_v35  (pixel 70/30 split)
  AUC      = 0.9677
  IoU@0.5  = 0.6935
  F1@0.5   = 0.8190
  accuracy = 0.9051  (prec=0.7451, rec=0.9092)
  tp=3794 fp=1298 fn=379 tn=12193

[save] D:\Users\dust\Documents\학교\2026년도1학기\컴퓨터비전\실습\FoundationStereo\experiments\ds_v1_seed0/livingroom_v35\submodel
  pred_mask.png, panel.png, metrics.json, head.pt
DONE: D:\Users\dust\Documents\학교\2026년도1학기\컴퓨터비전\실습\FoundationStereo\experiments\ds_v1_seed0/livingroom_v35\submodel
[device] cuda
[load] D:\Users\dust\Documents\학교\2026년도1학기\컴퓨터비전\실습\FoundationStereo\experiments\_model\general_head.pt  (train_scenes=['archiviz_baseline080', 'bedroom_baseline080', 'blue_bathroom_baseline080', 'computer_room_baseline080', 'cozy_living_room_baseline080', 'flat-archiviz_baseline080', 'green_house_baseline080', 'gym_baseline080', 'livingroom_baseline080', 'minimal_interior_baseline080', 'scandinavian_baseline080', 'sunlight_baseline080'])

[APPLY] ds_v1_seed0/livingroom_v35  (저장모델로 새 데이터 평가)
  AUC      = 0.8729
  IoU@0.5  = 0.3804
  F1@0.5   = 0.5512
  accuracy = 0.8204  (prec=0.6751, rec=0.4657)
  tp=6491 fp=3124 fn=7448 tn=41817
[save] D:\Users\dust\Documents\학교\2026년도1학기\컴퓨터비전\실습\FoundationStereo\experiments\ds_v1_seed0/livingroom_v35\submodel_applied  (pred_mask.png, panel.png, metrics.json)

============================================================
STEP: estimate_mirror_plane
============================================================

============================================================
STEP: viz_ransac_inliers
============================================================

============================================================
STEP: make_mirror_gt_from_depth
============================================================

============================================================
STEP: analyze_features
============================================================

============================================================
STEP: submodel_head
============================================================

============================================================
STEP: apply_submodel
============================================================

DONE: D:\Users\dust\Documents\학교\2026년도1학기\컴퓨터비전\실습\FoundationStereo\experiments\ds_v1_seed0/livingroom_v35 (ok)

##### [37/121] ds_v1_seed0/livingroom_v36  (done 13, fail 0, skip 23, elapsed 8m, ETA 50m) #####
[scene] ds_v1_seed0/livingroom_v36  size=1280x720
[select] mirror 점 개수 = 219421  (mask=219421, valid&depth = 891968)
[conf] mirror 영역 평균 confidence = 0.6258

=== 평면 추정 결과 ===
  [PCA (closed form)]
      normal = [-0.5479, -0.0566, -0.8346]
      d = +2.7434   mirror_depth(perp) = 2.7434 m   view_z = 4.5371 m
      n_inliers = 219421/219421   rms_residual = 0.17743 m
  [RANSAC]
      normal = [-0.5951, +0.0201, -0.8034]
      d = +2.6582   mirror_depth(perp) = 2.6582 m   view_z = 4.5371 m
      n_inliers = 132356/219421   rms_residual = 0.01531 m
  [SVD robust (IRLS)]
      normal = [-0.5469, -0.0214, -0.8369]
      d = +2.8150   mirror_depth(perp) = 2.8150 m   view_z = 4.5371 m
      n_inliers = 94960/219421   rms_residual = 0.03053 m

[save] D:\Users\dust\Documents\학교\2026년도1학기\컴퓨터비전\실습\FoundationStereo\experiments\ds_v1_seed0/livingroom_v36\mirror_geometry\result.json
[save] D:\Users\dust\Documents\학교\2026년도1학기\컴퓨터비전\실습\FoundationStereo\experiments\ds_v1_seed0/livingroom_v36\mirror_geometry\plane.txt
[save] D:\Users\dust\Documents\학교\2026년도1학기\컴퓨터비전\실습\FoundationStereo\experiments\ds_v1_seed0/livingroom_v36\mirror_geometry\viz.png

DONE: D:\Users\dust\Documents\학교\2026년도1학기\컴퓨터비전\실습\FoundationStereo\experiments\ds_v1_seed0/livingroom_v36\mirror_geometry
[ds_v1_seed0/livingroom_v36] 거울 점 219421개 중 inlier 132356 (60.3%) / outlier 87065
  normal=[-0.595  0.02  -0.803] d=2.658  rms(inlier)=0.0153 m  thr≈0.052 m
[save] D:\Users\dust\Documents\학교\2026년도1학기\컴퓨터비전\실습\FoundationStereo\experiments\ds_v1_seed0/livingroom_v36\mirror_geometry\ransac_inliers.png
[gt] livingroom_v36               perp 2.82m planRMS 0.0119m  normal [0.779, 0.051, -0.625]

생성 1, 건너뜀 0 (depth_gt/mask 없음 등)
[ds_v1_seed0/livingroom_v36] feature 184x320  mirror_frac=0.23923233695652174  feat_left=True
rank  signal              AUC    pol  sep     mean_in     mean_out
  1  post_entropy       0.6111   -  0.2024    0.831213    0.930468
  2  delta_argdisp      0.6089   -  0.1564   29.157319    38.63955
  3  post_conf          0.5513   +  0.1066    0.625588    0.600095
  4  pre_entropy        0.5483   -    0.08       2.079    2.216813
  5  pre_conf           0.5413   +  0.0812    0.394003    0.359905
  6  feat_left_l2       0.5359   -  0.0787   16.890113   17.167391
  7  feat_left_pc1      0.5321   -  0.0638    2.751849    2.951606
  8  feat_left_pc3      0.5167   +  0.0293    2.030616     1.94218
  9  delta_entropy        0.51   +  0.0211   -1.247787   -1.286345
 10  feat_left_pc2      0.5064   +  0.0093    2.025862    1.997523
 11  delta_conf         0.5059   -  0.0172    0.231585     0.24019
BEST: post_entropy (AUC=0.6111, polarity=-)
저장: D:\Users\dust\Documents\학교\2026년도1학기\컴퓨터비전\실습\FoundationStereo\experiments\ds_v1_seed0/livingroom_v36\features\report.json / panels.png / mirror_signal.npy
[device] cuda
  [train] epoch 60/300  loss=0.5720
  [train] epoch 120/300  loss=0.3992
  [train] epoch 180/300  loss=0.2977
  [train] epoch 240/300  loss=0.2330
  [train] epoch 300/300  loss=0.1897

[VAL] scene=ds_v1_seed0/livingroom_v36  (pixel 70/30 split)
  AUC      = 0.9815
  IoU@0.5  = 0.7531
  F1@0.5   = 0.8592
  accuracy = 0.9262  (prec=0.7932, rec=0.9370)
  tp=3974 fp=1036 fn=267 tn=12387

[save] D:\Users\dust\Documents\학교\2026년도1학기\컴퓨터비전\실습\FoundationStereo\experiments\ds_v1_seed0/livingroom_v36\submodel
  pred_mask.png, panel.png, metrics.json, head.pt
DONE: D:\Users\dust\Documents\학교\2026년도1학기\컴퓨터비전\실습\FoundationStereo\experiments\ds_v1_seed0/livingroom_v36\submodel
[device] cuda
[load] D:\Users\dust\Documents\학교\2026년도1학기\컴퓨터비전\실습\FoundationStereo\experiments\_model\general_head.pt  (train_scenes=['archiviz_baseline080', 'bedroom_baseline080', 'blue_bathroom_baseline080', 'computer_room_baseline080', 'cozy_living_room_baseline080', 'flat-archiviz_baseline080', 'green_house_baseline080', 'gym_baseline080', 'livingroom_baseline080', 'minimal_interior_baseline080', 'scandinavian_baseline080', 'sunlight_baseline080'])

[APPLY] ds_v1_seed0/livingroom_v36  (저장모델로 새 데이터 평가)
  AUC      = 0.9192
  IoU@0.5  = 0.3561
  F1@0.5   = 0.5252
  accuracy = 0.8342  (prec=0.8336, rec=0.3834)
  tp=5400 fp=1078 fn=8686 tn=43716
[save] D:\Users\dust\Documents\학교\2026년도1학기\컴퓨터비전\실습\FoundationStereo\experiments\ds_v1_seed0/livingroom_v36\submodel_applied  (pred_mask.png, panel.png, metrics.json)

============================================================
STEP: estimate_mirror_plane
============================================================

============================================================
STEP: viz_ransac_inliers
============================================================

============================================================
STEP: make_mirror_gt_from_depth
============================================================

============================================================
STEP: analyze_features
============================================================

============================================================
STEP: submodel_head
============================================================

============================================================
STEP: apply_submodel
============================================================

DONE: D:\Users\dust\Documents\학교\2026년도1학기\컴퓨터비전\실습\FoundationStereo\experiments\ds_v1_seed0/livingroom_v36 (ok)

##### [38/121] ds_v1_seed0/livingroom_v37  (done 14, fail 0, skip 23, elapsed 8m, ETA 50m) #####
[scene] ds_v1_seed0/livingroom_v37  size=1280x720
[select] mirror 점 개수 = 150692  (mask=150692, valid&depth = 876281)
[conf] mirror 영역 평균 confidence = 0.5953

=== 평면 추정 결과 ===
  [PCA (closed form)]
      normal = [-0.5665, -0.0160, -0.8239]
      d = +2.8077   mirror_depth(perp) = 2.8077 m   view_z = 4.7527 m
      n_inliers = 150692/150692   rms_residual = 0.10705 m
  [RANSAC]
      normal = [-0.5698, +0.0382, -0.8209]
      d = +2.8665   mirror_depth(perp) = 2.8665 m   view_z = 4.7527 m
      n_inliers = 120698/150692   rms_residual = 0.02031 m
  [SVD robust (IRLS)]
      normal = [-0.5661, +0.0194, -0.8241]
      d = +2.8592   mirror_depth(perp) = 2.8592 m   view_z = 4.7527 m
      n_inliers = 118322/150692   rms_residual = 0.02499 m

[save] D:\Users\dust\Documents\학교\2026년도1학기\컴퓨터비전\실습\FoundationStereo\experiments\ds_v1_seed0/livingroom_v37\mirror_geometry\result.json
[save] D:\Users\dust\Documents\학교\2026년도1학기\컴퓨터비전\실습\FoundationStereo\experiments\ds_v1_seed0/livingroom_v37\mirror_geometry\plane.txt
[save] D:\Users\dust\Documents\학교\2026년도1학기\컴퓨터비전\실습\FoundationStereo\experiments\ds_v1_seed0/livingroom_v37\mirror_geometry\viz.png

DONE: D:\Users\dust\Documents\학교\2026년도1학기\컴퓨터비전\실습\FoundationStereo\experiments\ds_v1_seed0/livingroom_v37\mirror_geometry
[ds_v1_seed0/livingroom_v37] 거울 점 150692개 중 inlier 120698 (80.1%) / outlier 29994
  normal=[-0.57   0.038 -0.821] d=2.867  rms(inlier)=0.0203 m  thr≈0.057 m
[save] D:\Users\dust\Documents\학교\2026년도1학기\컴퓨터비전\실습\FoundationStereo\experiments\ds_v1_seed0/livingroom_v37\mirror_geometry\ransac_inliers.png
[gt] livingroom_v37               perp 3.02m planRMS 0.0129m  normal [0.795, 0.083, -0.6]

생성 1, 건너뜀 0 (depth_gt/mask 없음 등)
[ds_v1_seed0/livingroom_v37] feature 184x320  mirror_frac=0.16441915760869566  feat_left=True
rank  signal              AUC    pol  sep     mean_in     mean_out
  1  delta_argdisp      0.6019   -  0.1268   29.071997   36.537186
  2  feat_left_l2       0.5573   -  0.1164   16.695738    17.10338
  3  delta_entropy      0.5388   +  0.0678   -1.159294   -1.280215
  4  pre_entropy        0.5319   -  0.0645    2.101653    2.211464
  5  delta_conf         0.5286   -   0.048    0.210017    0.233486
  6  pre_conf           0.5278   +  0.0579    0.385339    0.361171
  7  feat_left_pc1      0.5255   -  0.0539     2.66866    2.834859
  8  feat_left_pc3      0.5221   +  0.0382    2.006024    1.892438
  9  feat_left_pc2      0.5173   +  0.0287    2.029826    1.942796
 10  post_entropy       0.5068   -   0.019    0.942359    0.931249
 11  post_conf          0.5049   +  0.0027    0.595356    0.594658
BEST: delta_argdisp (AUC=0.6019, polarity=-)
저장: D:\Users\dust\Documents\학교\2026년도1학기\컴퓨터비전\실습\FoundationStereo\experiments\ds_v1_seed0/livingroom_v37\features\report.json / panels.png / mirror_signal.npy
[device] cuda
  [train] epoch 60/300  loss=0.7574
  [train] epoch 120/300  loss=0.6200
  [train] epoch 180/300  loss=0.5182
  [train] epoch 240/300  loss=0.4315
  [train] epoch 300/300  loss=0.3579

[VAL] scene=ds_v1_seed0/livingroom_v37  (pixel 70/30 split)
  AUC      = 0.9353
  IoU@0.5  = 0.5095
  F1@0.5   = 0.6751
  accuracy = 0.8685  (prec=0.5653, rec=0.8378)
  tp=2412 fp=1855 fn=467 tn=12930

[save] D:\Users\dust\Documents\학교\2026년도1학기\컴퓨터비전\실습\FoundationStereo\experiments\ds_v1_seed0/livingroom_v37\submodel
  pred_mask.png, panel.png, metrics.json, head.pt
DONE: D:\Users\dust\Documents\학교\2026년도1학기\컴퓨터비전\실습\FoundationStereo\experiments\ds_v1_seed0/livingroom_v37\submodel
[device] cuda
[load] D:\Users\dust\Documents\학교\2026년도1학기\컴퓨터비전\실습\FoundationStereo\experiments\_model\general_head.pt  (train_scenes=['archiviz_baseline080', 'bedroom_baseline080', 'blue_bathroom_baseline080', 'computer_room_baseline080', 'cozy_living_room_baseline080', 'flat-archiviz_baseline080', 'green_house_baseline080', 'gym_baseline080', 'livingroom_baseline080', 'minimal_interior_baseline080', 'scandinavian_baseline080', 'sunlight_baseline080'])

[APPLY] ds_v1_seed0/livingroom_v37  (저장모델로 새 데이터 평가)
  AUC      = 0.9443
  IoU@0.5  = 0.4769
  F1@0.5   = 0.6458
  accuracy = 0.8977  (prec=0.7495, rec=0.5673)
  tp=5492 fp=1836 fn=4189 tn=47363
[save] D:\Users\dust\Documents\학교\2026년도1학기\컴퓨터비전\실습\FoundationStereo\experiments\ds_v1_seed0/livingroom_v37\submodel_applied  (pred_mask.png, panel.png, metrics.json)

============================================================
STEP: estimate_mirror_plane
============================================================

============================================================
STEP: viz_ransac_inliers
============================================================

============================================================
STEP: make_mirror_gt_from_depth
============================================================

============================================================
STEP: analyze_features
============================================================

============================================================
STEP: submodel_head
============================================================

============================================================
STEP: apply_submodel
============================================================

DONE: D:\Users\dust\Documents\학교\2026년도1학기\컴퓨터비전\실습\FoundationStereo\experiments\ds_v1_seed0/livingroom_v37 (ok)

##### [39/121] ds_v1_seed0/livingroom_v38  (done 15, fail 0, skip 23, elapsed 9m, ETA 49m) #####
[scene] ds_v1_seed0/livingroom_v38  size=1280x720
[select] mirror 점 개수 = 204294  (mask=204294, valid&depth = 887450)
[conf] mirror 영역 평균 confidence = 0.6147

=== 평면 추정 결과 ===
  [PCA (closed form)]
      normal = [-0.6042, -0.0728, -0.7935]
      d = +2.7364   mirror_depth(perp) = 2.7364 m   view_z = 4.6105 m
      n_inliers = 204294/204294   rms_residual = 0.17269 m
  [RANSAC]
      normal = [-0.6561, +0.0019, -0.7546]
      d = +2.6268   mirror_depth(perp) = 2.6268 m   view_z = 4.6105 m
      n_inliers = 123502/204294   rms_residual = 0.01631 m
  [SVD robust (IRLS)]
      normal = [-0.6063, -0.0386, -0.7943]
      d = +2.7943   mirror_depth(perp) = 2.7943 m   view_z = 4.6105 m
      n_inliers = 92376/204294   rms_residual = 0.03096 m

[save] D:\Users\dust\Documents\학교\2026년도1학기\컴퓨터비전\실습\FoundationStereo\experiments\ds_v1_seed0/livingroom_v38\mirror_geometry\result.json
[save] D:\Users\dust\Documents\학교\2026년도1학기\컴퓨터비전\실습\FoundationStereo\experiments\ds_v1_seed0/livingroom_v38\mirror_geometry\plane.txt
[save] D:\Users\dust\Documents\학교\2026년도1학기\컴퓨터비전\실습\FoundationStereo\experiments\ds_v1_seed0/livingroom_v38\mirror_geometry\viz.png

DONE: D:\Users\dust\Documents\학교\2026년도1학기\컴퓨터비전\실습\FoundationStereo\experiments\ds_v1_seed0/livingroom_v38\mirror_geometry
[ds_v1_seed0/livingroom_v38] 거울 점 204294개 중 inlier 123502 (60.5%) / outlier 80792
  normal=[-0.656  0.002 -0.755] d=2.627  rms(inlier)=0.0163 m  thr≈0.054 m
[save] D:\Users\dust\Documents\학교\2026년도1학기\컴퓨터비전\실습\FoundationStereo\experiments\ds_v1_seed0/livingroom_v38\mirror_geometry\ransac_inliers.png
[gt] livingroom_v38               perp 2.76m planRMS 0.0125m  normal [0.721, 0.053, -0.691]

생성 1, 건너뜀 0 (depth_gt/mask 없음 등)
[ds_v1_seed0/livingroom_v38] feature 184x320  mirror_frac=0.22250339673913044  feat_left=True
rank  signal              AUC    pol  sep     mean_in     mean_out
  1  delta_argdisp      0.5855   -  0.1271   30.553011   38.150353
  2  post_entropy       0.5659   -   0.122    0.874101    0.944832
  3  feat_left_l2        0.557   -  0.1084   16.838708   17.222922
  4  post_conf          0.5273   +  0.0607    0.613532    0.597406
  5  pre_entropy        0.5263   -  0.0645    2.101979    2.206966
  6  pre_conf           0.5197   +  0.0344    0.378797    0.364738
  7  feat_left_pc3      0.5159   +  0.0231    2.016956    1.947369
  8  feat_left_pc2      0.5073   +  0.0132     2.03928    1.998604
  9  delta_conf         0.5048   -  0.0042    0.234735    0.232668
 10  delta_entropy      0.5044   +  0.0198   -1.227878   -1.262134
 11  feat_left_pc1      0.5035   -  0.0133    2.862069     2.90354
BEST: delta_argdisp (AUC=0.5855, polarity=-)
저장: D:\Users\dust\Documents\학교\2026년도1학기\컴퓨터비전\실습\FoundationStereo\experiments\ds_v1_seed0/livingroom_v38\features\report.json / panels.png / mirror_signal.npy
[device] cuda
  [train] epoch 60/300  loss=0.5920
  [train] epoch 120/300  loss=0.4183
  [train] epoch 180/300  loss=0.3182
  [train] epoch 240/300  loss=0.2573
  [train] epoch 300/300  loss=0.2178

[VAL] scene=ds_v1_seed0/livingroom_v38  (pixel 70/30 split)
  AUC      = 0.9767
  IoU@0.5  = 0.7248
  F1@0.5   = 0.8404
  accuracy = 0.9214  (prec=0.7592, rec=0.9410)
  tp=3655 fp=1159 fn=229 tn=12621

[save] D:\Users\dust\Documents\학교\2026년도1학기\컴퓨터비전\실습\FoundationStereo\experiments\ds_v1_seed0/livingroom_v38\submodel
  pred_mask.png, panel.png, metrics.json, head.pt
DONE: D:\Users\dust\Documents\학교\2026년도1학기\컴퓨터비전\실습\FoundationStereo\experiments\ds_v1_seed0/livingroom_v38\submodel
[device] cuda
[load] D:\Users\dust\Documents\학교\2026년도1학기\컴퓨터비전\실습\FoundationStereo\experiments\_model\general_head.pt  (train_scenes=['archiviz_baseline080', 'bedroom_baseline080', 'blue_bathroom_baseline080', 'computer_room_baseline080', 'cozy_living_room_baseline080', 'flat-archiviz_baseline080', 'green_house_baseline080', 'gym_baseline080', 'livingroom_baseline080', 'minimal_interior_baseline080', 'scandinavian_baseline080', 'sunlight_baseline080'])

[APPLY] ds_v1_seed0/livingroom_v38  (저장모델로 새 데이터 평가)
  AUC      = 0.9250
  IoU@0.5  = 0.3789
  F1@0.5   = 0.5496
  accuracy = 0.8405  (prec=0.7395, rec=0.4373)
  tp=5729 fp=2018 fn=7372 tn=43761
[save] D:\Users\dust\Documents\학교\2026년도1학기\컴퓨터비전\실습\FoundationStereo\experiments\ds_v1_seed0/livingroom_v38\submodel_applied  (pred_mask.png, panel.png, metrics.json)

============================================================
STEP: estimate_mirror_plane
============================================================

============================================================
STEP: viz_ransac_inliers
============================================================

============================================================
STEP: make_mirror_gt_from_depth
============================================================

============================================================
STEP: analyze_features
============================================================

============================================================
STEP: submodel_head
============================================================

============================================================
STEP: apply_submodel
============================================================

DONE: D:\Users\dust\Documents\학교\2026년도1학기\컴퓨터비전\실습\FoundationStereo\experiments\ds_v1_seed0/livingroom_v38 (ok)

##### [40/121] ds_v1_seed0/livingroom_v39  (done 16, fail 0, skip 23, elapsed 9m, ETA 48m) #####
[scene] ds_v1_seed0/livingroom_v39  size=1280x720
[select] mirror 점 개수 = 142163  (mask=142163, valid&depth = 886195)
[conf] mirror 영역 평균 confidence = 0.6238

=== 평면 추정 결과 ===
  [PCA (closed form)]
      normal = [-0.6925, -0.0027, -0.7214]
      d = +2.8006   mirror_depth(perp) = 2.8006 m   view_z = 4.7995 m
      n_inliers = 142163/142163   rms_residual = 0.13451 m
  [RANSAC]
      normal = [-0.6919, +0.0974, -0.7154]
      d = +2.9069   mirror_depth(perp) = 2.9069 m   view_z = 4.7995 m
      n_inliers = 110802/142163   rms_residual = 0.01920 m
  [SVD robust (IRLS)]
      normal = [-0.6904, +0.0653, -0.7205]
      d = +2.8884   mirror_depth(perp) = 2.8884 m   view_z = 4.7995 m
      n_inliers = 98074/142163   rms_residual = 0.02246 m

[save] D:\Users\dust\Documents\학교\2026년도1학기\컴퓨터비전\실습\FoundationStereo\experiments\ds_v1_seed0/livingroom_v39\mirror_geometry\result.json
[save] D:\Users\dust\Documents\학교\2026년도1학기\컴퓨터비전\실습\FoundationStereo\experiments\ds_v1_seed0/livingroom_v39\mirror_geometry\plane.txt
[save] D:\Users\dust\Documents\학교\2026년도1학기\컴퓨터비전\실습\FoundationStereo\experiments\ds_v1_seed0/livingroom_v39\mirror_geometry\viz.png

DONE: D:\Users\dust\Documents\학교\2026년도1학기\컴퓨터비전\실습\FoundationStereo\experiments\ds_v1_seed0/livingroom_v39\mirror_geometry
[ds_v1_seed0/livingroom_v39] 거울 점 142163개 중 inlier 110802 (77.9%) / outlier 31361
  normal=[-0.692  0.097 -0.715] d=2.907  rms(inlier)=0.0192 m  thr≈0.053 m
[save] D:\Users\dust\Documents\학교\2026년도1학기\컴퓨터비전\실습\FoundationStereo\experiments\ds_v1_seed0/livingroom_v39\mirror_geometry\ransac_inliers.png
[gt] livingroom_v39               perp 2.83m planRMS 0.0127m  normal [0.689, 0.137, -0.712]

생성 1, 건너뜀 0 (depth_gt/mask 없음 등)
[ds_v1_seed0/livingroom_v39] feature 184x320  mirror_frac=0.1550101902173913  feat_left=True
rank  signal              AUC    pol  sep     mean_in     mean_out
  1  delta_argdisp      0.5826   -  0.1171   29.833023   36.596266
  2  feat_left_pc1      0.5427   -  0.0838    2.658094    2.913251
  3  delta_entropy      0.5399   +  0.0894   -1.178307   -1.322067
  4  pre_entropy        0.5372   -  0.0932    2.043584    2.186987
  5  feat_left_l2       0.5369   -  0.0917   16.781795   17.106309
  6  post_entropy        0.531   -  0.0006    0.865277     0.86492
  7  pre_conf           0.5284   +  0.0495    0.384787    0.365021
  8  delta_conf         0.5272   -  0.0452    0.239524    0.261207
  9  feat_left_pc3      0.5198   +   0.032    2.029872    1.933745
 10  feat_left_pc2      0.5116   +  0.0166    2.029268    1.978689
 11  post_conf          0.5102   +  0.0071    0.624311    0.626228
BEST: delta_argdisp (AUC=0.5826, polarity=-)
저장: D:\Users\dust\Documents\학교\2026년도1학기\컴퓨터비전\실습\FoundationStereo\experiments\ds_v1_seed0/livingroom_v39\features\report.json / panels.png / mirror_signal.npy
[device] cuda
  [train] epoch 60/300  loss=0.6356
  [train] epoch 120/300  loss=0.4450
  [train] epoch 180/300  loss=0.3214
  [train] epoch 240/300  loss=0.2389
  [train] epoch 300/300  loss=0.1852

[VAL] scene=ds_v1_seed0/livingroom_v39  (pixel 70/30 split)
  AUC      = 0.9840
  IoU@0.5  = 0.6941
  F1@0.5   = 0.8194
  accuracy = 0.9360  (prec=0.7311, rec=0.9321)
  tp=2566 fp=944 fn=187 tn=13967

[save] D:\Users\dust\Documents\학교\2026년도1학기\컴퓨터비전\실습\FoundationStereo\experiments\ds_v1_seed0/livingroom_v39\submodel
  pred_mask.png, panel.png, metrics.json, head.pt
DONE: D:\Users\dust\Documents\학교\2026년도1학기\컴퓨터비전\실습\FoundationStereo\experiments\ds_v1_seed0/livingroom_v39\submodel
[device] cuda
[load] D:\Users\dust\Documents\학교\2026년도1학기\컴퓨터비전\실습\FoundationStereo\experiments\_model\general_head.pt  (train_scenes=['archiviz_baseline080', 'bedroom_baseline080', 'blue_bathroom_baseline080', 'computer_room_baseline080', 'cozy_living_room_baseline080', 'flat-archiviz_baseline080', 'green_house_baseline080', 'gym_baseline080', 'livingroom_baseline080', 'minimal_interior_baseline080', 'scandinavian_baseline080', 'sunlight_baseline080'])

[APPLY] ds_v1_seed0/livingroom_v39  (저장모델로 새 데이터 평가)
  AUC      = 0.9606
  IoU@0.5  = 0.4928
  F1@0.5   = 0.6603
  accuracy = 0.9111  (prec=0.8095, rec=0.5575)
  tp=5088 fp=1197 fn=4039 tn=48556
[save] D:\Users\dust\Documents\학교\2026년도1학기\컴퓨터비전\실습\FoundationStereo\experiments\ds_v1_seed0/livingroom_v39\submodel_applied  (pred_mask.png, panel.png, metrics.json)

============================================================
STEP: estimate_mirror_plane
============================================================

============================================================
STEP: viz_ransac_inliers
============================================================

============================================================
STEP: make_mirror_gt_from_depth
============================================================

============================================================
STEP: analyze_features
============================================================

============================================================
STEP: submodel_head
============================================================

============================================================
STEP: apply_submodel
============================================================

DONE: D:\Users\dust\Documents\학교\2026년도1학기\컴퓨터비전\실습\FoundationStereo\experiments\ds_v1_seed0/livingroom_v39 (ok)

##### [41/121] ds_v1_seed0/livingroom_v40  (done 17, fail 0, skip 23, elapsed 10m, ETA 48m) #####
[scene] ds_v1_seed0/livingroom_v40  size=1280x720
[select] mirror 점 개수 = 166792  (mask=166792, valid&depth = 881905)
[conf] mirror 영역 평균 confidence = 0.6535

=== 평면 추정 결과 ===
  [PCA (closed form)]
      normal = [-0.6473, -0.0547, -0.7603]
      d = +2.8694   mirror_depth(perp) = 2.8694 m   view_z = 4.9150 m
      n_inliers = 166792/166792   rms_residual = 0.12082 m
  [RANSAC]
      normal = [-0.6445, -0.0068, -0.7646]
      d = +2.9594   mirror_depth(perp) = 2.9594 m   view_z = 4.9150 m
      n_inliers = 139945/166792   rms_residual = 0.02258 m
  [SVD robust (IRLS)]
      normal = [-0.6436, -0.0257, -0.7649]
      d = +2.9392   mirror_depth(perp) = 2.9392 m   view_z = 4.9150 m
      n_inliers = 137159/166792   rms_residual = 0.02593 m

[save] D:\Users\dust\Documents\학교\2026년도1학기\컴퓨터비전\실습\FoundationStereo\experiments\ds_v1_seed0/livingroom_v40\mirror_geometry\result.json
[save] D:\Users\dust\Documents\학교\2026년도1학기\컴퓨터비전\실습\FoundationStereo\experiments\ds_v1_seed0/livingroom_v40\mirror_geometry\plane.txt
[save] D:\Users\dust\Documents\학교\2026년도1학기\컴퓨터비전\실습\FoundationStereo\experiments\ds_v1_seed0/livingroom_v40\mirror_geometry\viz.png

DONE: D:\Users\dust\Documents\학교\2026년도1학기\컴퓨터비전\실습\FoundationStereo\experiments\ds_v1_seed0/livingroom_v40\mirror_geometry
[ds_v1_seed0/livingroom_v40] 거울 점 166792개 중 inlier 139945 (83.9%) / outlier 26847
  normal=[-0.644 -0.007 -0.765] d=2.959  rms(inlier)=0.0226 m  thr≈0.058 m
[save] D:\Users\dust\Documents\학교\2026년도1학기\컴퓨터비전\실습\FoundationStereo\experiments\ds_v1_seed0/livingroom_v40\mirror_geometry\ransac_inliers.png
[gt] livingroom_v40               perp 2.95m planRMS 0.0115m  normal [0.735, 0.037, -0.677]

생성 1, 건너뜀 0 (depth_gt/mask 없음 등)
[ds_v1_seed0/livingroom_v40] feature 184x320  mirror_frac=0.18109714673913044  feat_left=True
rank  signal              AUC    pol  sep     mean_in     mean_out
  1  post_entropy       0.6493   -  0.3039    0.782571     0.92687
  2  post_conf            0.59   +    0.19    0.653091    0.606708
  3  delta_argdisp      0.5667   -  0.0882   31.520116   36.705726
  4  pre_entropy        0.5369   -  0.0865    2.052586    2.188279
  5  feat_left_l2        0.533   -  0.0803   16.860296   17.144752
  6  delta_conf         0.5288   +  0.0641    0.268123    0.237855
  7  pre_conf           0.5267   +  0.0399    0.384967    0.368853
  8  feat_left_pc3       0.514   +  0.0211    2.017554    1.953777
  9  feat_left_pc1      0.5091   -  0.0205    2.808032    2.872506
 10  delta_entropy      0.5057   -  0.0053   -1.270015   -1.261409
 11  feat_left_pc2      0.5019   +  0.0007    2.003248    2.005532
BEST: post_entropy (AUC=0.6493, polarity=-)
저장: D:\Users\dust\Documents\학교\2026년도1학기\컴퓨터비전\실습\FoundationStereo\experiments\ds_v1_seed0/livingroom_v40\features\report.json / panels.png / mirror_signal.npy
[device] cuda
  [train] epoch 60/300  loss=0.6830
  [train] epoch 120/300  loss=0.5177
  [train] epoch 180/300  loss=0.4030
  [train] epoch 240/300  loss=0.3180
  [train] epoch 300/300  loss=0.2556

[VAL] scene=ds_v1_seed0/livingroom_v40  (pixel 70/30 split)
  AUC      = 0.9681
  IoU@0.5  = 0.6345
  F1@0.5   = 0.7764
  accuracy = 0.9053  (prec=0.6794, rec=0.9058)
  tp=2903 fp=1370 fn=302 tn=13089

[save] D:\Users\dust\Documents\학교\2026년도1학기\컴퓨터비전\실습\FoundationStereo\experiments\ds_v1_seed0/livingroom_v40\submodel
  pred_mask.png, panel.png, metrics.json, head.pt
DONE: D:\Users\dust\Documents\학교\2026년도1학기\컴퓨터비전\실습\FoundationStereo\experiments\ds_v1_seed0/livingroom_v40\submodel
[device] cuda
[load] D:\Users\dust\Documents\학교\2026년도1학기\컴퓨터비전\실습\FoundationStereo\experiments\_model\general_head.pt  (train_scenes=['archiviz_baseline080', 'bedroom_baseline080', 'blue_bathroom_baseline080', 'computer_room_baseline080', 'cozy_living_room_baseline080', 'flat-archiviz_baseline080', 'green_house_baseline080', 'gym_baseline080', 'livingroom_baseline080', 'minimal_interior_baseline080', 'scandinavian_baseline080', 'sunlight_baseline080'])

[APPLY] ds_v1_seed0/livingroom_v40  (저장모델로 새 데이터 평가)
  AUC      = 0.9243
  IoU@0.5  = 0.3846
  F1@0.5   = 0.5555
  accuracy = 0.8709  (prec=0.7376, rec=0.4456)
  tp=4751 fp=1690 fn=5912 tn=46527
[save] D:\Users\dust\Documents\학교\2026년도1학기\컴퓨터비전\실습\FoundationStereo\experiments\ds_v1_seed0/livingroom_v40\submodel_applied  (pred_mask.png, panel.png, metrics.json)

============================================================
STEP: estimate_mirror_plane
============================================================

============================================================
STEP: viz_ransac_inliers
============================================================

============================================================
STEP: make_mirror_gt_from_depth
============================================================

============================================================
STEP: analyze_features
============================================================

============================================================
STEP: submodel_head
============================================================

============================================================
STEP: apply_submodel
============================================================

DONE: D:\Users\dust\Documents\학교\2026년도1학기\컴퓨터비전\실습\FoundationStereo\experiments\ds_v1_seed0/livingroom_v40 (ok)

##### [42/121] ds_v1_seed0/livingroom_v41  (done 18, fail 0, skip 23, elapsed 11m, ETA 47m) #####
[scene] ds_v1_seed0/livingroom_v41  size=1280x720
[select] mirror 점 개수 = 211472  (mask=211472, valid&depth = 890238)
[conf] mirror 영역 평균 confidence = 0.6228

=== 평면 추정 결과 ===
  [PCA (closed form)]
      normal = [-0.6026, -0.0407, -0.7970]
      d = +2.6386   mirror_depth(perp) = 2.6386 m   view_z = 4.5261 m
      n_inliers = 211472/211472   rms_residual = 0.18691 m
  [RANSAC]
      normal = [-0.6302, +0.0406, -0.7754]
      d = +2.6360   mirror_depth(perp) = 2.6360 m   view_z = 4.5261 m
      n_inliers = 128771/211472   rms_residual = 0.02456 m
  [SVD robust (IRLS)]
      normal = [-0.6047, +0.0133, -0.7963]
      d = +2.7138   mirror_depth(perp) = 2.7138 m   view_z = 4.5261 m
      n_inliers = 106229/211472   rms_residual = 0.03408 m

[save] D:\Users\dust\Documents\학교\2026년도1학기\컴퓨터비전\실습\FoundationStereo\experiments\ds_v1_seed0/livingroom_v41\mirror_geometry\result.json
[save] D:\Users\dust\Documents\학교\2026년도1학기\컴퓨터비전\실습\FoundationStereo\experiments\ds_v1_seed0/livingroom_v41\mirror_geometry\plane.txt
[save] D:\Users\dust\Documents\학교\2026년도1학기\컴퓨터비전\실습\FoundationStereo\experiments\ds_v1_seed0/livingroom_v41\mirror_geometry\viz.png

DONE: D:\Users\dust\Documents\학교\2026년도1학기\컴퓨터비전\실습\FoundationStereo\experiments\ds_v1_seed0/livingroom_v41\mirror_geometry
[ds_v1_seed0/livingroom_v41] 거울 점 211472개 중 inlier 128771 (60.9%) / outlier 82701
  normal=[-0.63   0.041 -0.775] d=2.636  rms(inlier)=0.0246 m  thr≈0.058 m
[save] D:\Users\dust\Documents\학교\2026년도1학기\컴퓨터비전\실습\FoundationStereo\experiments\ds_v1_seed0/livingroom_v41\mirror_geometry\ransac_inliers.png
[gt] livingroom_v41               perp 2.72m planRMS 0.0124m  normal [0.746, 0.073, -0.662]

생성 1, 건너뜀 0 (depth_gt/mask 없음 등)
[ds_v1_seed0/livingroom_v41] feature 184x320  mirror_frac=0.23060461956521738  feat_left=True
rank  signal              AUC    pol  sep     mean_in     mean_out
  1  delta_argdisp      0.5856   -  0.1264   30.760274    38.31215
  2  post_entropy       0.5776   -  0.1365    0.854519    0.920302
  3  post_conf          0.5642   +  0.1126    0.622373    0.596001
  4  pre_entropy        0.5405   -  0.0788    2.079141    2.209782
  5  feat_left_l2       0.5376   -  0.0857   16.866015   17.173447
  6  pre_conf           0.5287   +  0.0486    0.384851    0.364865
  7  feat_left_pc1      0.5239   -  0.0495    2.771232    2.924468
  8  feat_left_pc3      0.5186   +  0.0309    2.029785    1.936419
  9  delta_entropy      0.5169   +  0.0375   -1.224622    -1.28948
 10  feat_left_pc2      0.5141   +  0.0191    2.045804      1.9872
 11  delta_conf         0.5051   +  0.0134    0.237522    0.231136
BEST: delta_argdisp (AUC=0.5856, polarity=-)
저장: D:\Users\dust\Documents\학교\2026년도1학기\컴퓨터비전\실습\FoundationStereo\experiments\ds_v1_seed0/livingroom_v41\features\report.json / panels.png / mirror_signal.npy
[device] cuda
  [train] epoch 60/300  loss=0.5835
  [train] epoch 120/300  loss=0.4162
  [train] epoch 180/300  loss=0.3132
  [train] epoch 240/300  loss=0.2448
  [train] epoch 300/300  loss=0.1971

[VAL] scene=ds_v1_seed0/livingroom_v41  (pixel 70/30 split)
  AUC      = 0.9820
  IoU@0.5  = 0.7379
  F1@0.5   = 0.8492
  accuracy = 0.9234  (prec=0.7690, rec=0.9480)
  tp=3809 fp=1144 fn=209 tn=12502

[save] D:\Users\dust\Documents\학교\2026년도1학기\컴퓨터비전\실습\FoundationStereo\experiments\ds_v1_seed0/livingroom_v41\submodel
  pred_mask.png, panel.png, metrics.json, head.pt
DONE: D:\Users\dust\Documents\학교\2026년도1학기\컴퓨터비전\실습\FoundationStereo\experiments\ds_v1_seed0/livingroom_v41\submodel
[device] cuda
[load] D:\Users\dust\Documents\학교\2026년도1학기\컴퓨터비전\실습\FoundationStereo\experiments\_model\general_head.pt  (train_scenes=['archiviz_baseline080', 'bedroom_baseline080', 'blue_bathroom_baseline080', 'computer_room_baseline080', 'cozy_living_room_baseline080', 'flat-archiviz_baseline080', 'green_house_baseline080', 'gym_baseline080', 'livingroom_baseline080', 'minimal_interior_baseline080', 'scandinavian_baseline080', 'sunlight_baseline080'])

[APPLY] ds_v1_seed0/livingroom_v41  (저장모델로 새 데이터 평가)
  AUC      = 0.9338
  IoU@0.5  = 0.4091
  F1@0.5   = 0.5806
  accuracy = 0.8552  (prec=0.8739, rec=0.4347)
  tp=5903 fp=852 fn=7675 tn=44450
[save] D:\Users\dust\Documents\학교\2026년도1학기\컴퓨터비전\실습\FoundationStereo\experiments\ds_v1_seed0/livingroom_v41\submodel_applied  (pred_mask.png, panel.png, metrics.json)

============================================================
STEP: estimate_mirror_plane
============================================================

============================================================
STEP: viz_ransac_inliers
============================================================

============================================================
STEP: make_mirror_gt_from_depth
============================================================

============================================================
STEP: analyze_features
============================================================

============================================================
STEP: submodel_head
============================================================

============================================================
STEP: apply_submodel
============================================================

DONE: D:\Users\dust\Documents\학교\2026년도1학기\컴퓨터비전\실습\FoundationStereo\experiments\ds_v1_seed0/livingroom_v41 (ok)

##### [43/121] ds_v1_seed0/livingroom_v42  (done 19, fail 0, skip 23, elapsed 11m, ETA 47m) #####
[scene] ds_v1_seed0/livingroom_v42  size=1280x720
[select] mirror 점 개수 = 179127  (mask=179127, valid&depth = 886702)
[conf] mirror 영역 평균 confidence = 0.6352

=== 평면 추정 결과 ===
  [PCA (closed form)]
      normal = [-0.6806, -0.1165, -0.7233]
      d = +2.8054   mirror_depth(perp) = 2.8054 m   view_z = 4.6652 m
      n_inliers = 179127/179127   rms_residual = 0.19369 m
  [RANSAC]
      normal = [-0.7495, +0.0328, -0.6612]
      d = +2.6494   mirror_depth(perp) = 2.6494 m   view_z = 4.6652 m
      n_inliers = 85356/179127   rms_residual = 0.02026 m
  [SVD robust (IRLS)]
      normal = [-0.7055, -0.0396, -0.7076]
      d = +2.7963   mirror_depth(perp) = 2.7963 m   view_z = 4.6652 m
      n_inliers = 53668/179127   rms_residual = 0.02999 m

[save] D:\Users\dust\Documents\학교\2026년도1학기\컴퓨터비전\실습\FoundationStereo\experiments\ds_v1_seed0/livingroom_v42\mirror_geometry\result.json
[save] D:\Users\dust\Documents\학교\2026년도1학기\컴퓨터비전\실습\FoundationStereo\experiments\ds_v1_seed0/livingroom_v42\mirror_geometry\plane.txt
[save] D:\Users\dust\Documents\학교\2026년도1학기\컴퓨터비전\실습\FoundationStereo\experiments\ds_v1_seed0/livingroom_v42\mirror_geometry\viz.png

DONE: D:\Users\dust\Documents\학교\2026년도1학기\컴퓨터비전\실습\FoundationStereo\experiments\ds_v1_seed0/livingroom_v42\mirror_geometry
[ds_v1_seed0/livingroom_v42] 거울 점 179127개 중 inlier 85356 (47.7%) / outlier 93771
  normal=[-0.749  0.033 -0.661] d=2.649  rms(inlier)=0.0203 m  thr≈0.051 m
[save] D:\Users\dust\Documents\학교\2026년도1학기\컴퓨터비전\실습\FoundationStereo\experiments\ds_v1_seed0/livingroom_v42\mirror_geometry\ransac_inliers.png
[gt] livingroom_v42               perp 2.69m planRMS 0.0131m  normal [0.634, 0.11, -0.766]

생성 1, 건너뜀 0 (depth_gt/mask 없음 등)
[ds_v1_seed0/livingroom_v42] feature 184x320  mirror_frac=0.19555027173913042  feat_left=True
rank  signal              AUC    pol  sep     mean_in     mean_out
  1  post_entropy       0.5854   -  0.1494    0.860693    0.951927
  2  post_conf          0.5817   +  0.1483    0.634773    0.594587
  3  delta_argdisp      0.5674   -  0.0884    31.23745   36.458641
  4  pre_entropy         0.546   -  0.1092    2.017772    2.186848
  5  pre_conf           0.5318   +   0.055    0.389368    0.367278
  6  feat_left_l2       0.5292   -  0.0691   16.922489   17.162605
  7  delta_conf         0.5182   +  0.0372    0.245405    0.227309
  8  feat_left_pc1      0.5182   -  0.0393    2.782472    2.905643
  9  delta_entropy       0.518   +  0.0469   -1.157079   -1.234921
 10  feat_left_pc3      0.5089   +  0.0147    1.994431    1.950386
 11  feat_left_pc2      0.5052   +  0.0098    2.034543    2.004125
BEST: post_entropy (AUC=0.5854, polarity=-)
저장: D:\Users\dust\Documents\학교\2026년도1학기\컴퓨터비전\실습\FoundationStereo\experiments\ds_v1_seed0/livingroom_v42\features\report.json / panels.png / mirror_signal.npy
[device] cuda
  [train] epoch 60/300  loss=0.6192
  [train] epoch 120/300  loss=0.4363
  [train] epoch 180/300  loss=0.3206
  [train] epoch 240/300  loss=0.2469
  [train] epoch 300/300  loss=0.1990

[VAL] scene=ds_v1_seed0/livingroom_v42  (pixel 70/30 split)
  AUC      = 0.9825
  IoU@0.5  = 0.7367
  F1@0.5   = 0.8484
  accuracy = 0.9349  (prec=0.7741, rec=0.9384)
  tp=3217 fp=939 fn=211 tn=13297

[save] D:\Users\dust\Documents\학교\2026년도1학기\컴퓨터비전\실습\FoundationStereo\experiments\ds_v1_seed0/livingroom_v42\submodel
  pred_mask.png, panel.png, metrics.json, head.pt
DONE: D:\Users\dust\Documents\학교\2026년도1학기\컴퓨터비전\실습\FoundationStereo\experiments\ds_v1_seed0/livingroom_v42\submodel
[device] cuda
[load] D:\Users\dust\Documents\학교\2026년도1학기\컴퓨터비전\실습\FoundationStereo\experiments\_model\general_head.pt  (train_scenes=['archiviz_baseline080', 'bedroom_baseline080', 'blue_bathroom_baseline080', 'computer_room_baseline080', 'cozy_living_room_baseline080', 'flat-archiviz_baseline080', 'green_house_baseline080', 'gym_baseline080', 'livingroom_baseline080', 'minimal_interior_baseline080', 'scandinavian_baseline080', 'sunlight_baseline080'])

[APPLY] ds_v1_seed0/livingroom_v42  (저장모델로 새 데이터 평가)
  AUC      = 0.9345
  IoU@0.5  = 0.4100
  F1@0.5   = 0.5816
  accuracy = 0.8667  (prec=0.7534, rec=0.4736)
  tp=5453 fp=1785 fn=6061 tn=45581
[save] D:\Users\dust\Documents\학교\2026년도1학기\컴퓨터비전\실습\FoundationStereo\experiments\ds_v1_seed0/livingroom_v42\submodel_applied  (pred_mask.png, panel.png, metrics.json)

============================================================
STEP: estimate_mirror_plane
============================================================

============================================================
STEP: viz_ransac_inliers
============================================================

============================================================
STEP: make_mirror_gt_from_depth
============================================================

============================================================
STEP: analyze_features
============================================================

============================================================
STEP: submodel_head
============================================================

============================================================
STEP: apply_submodel
============================================================

DONE: D:\Users\dust\Documents\학교\2026년도1학기\컴퓨터비전\실습\FoundationStereo\experiments\ds_v1_seed0/livingroom_v42 (ok)

##### [44/121] ds_v1_seed0/livingroom_v43  (done 20, fail 0, skip 23, elapsed 12m, ETA 46m) #####
[scene] ds_v1_seed0/livingroom_v43  size=1280x720
[select] mirror 점 개수 = 170271  (mask=170271, valid&depth = 895451)
[conf] mirror 영역 평균 confidence = 0.6192

=== 평면 추정 결과 ===
  [PCA (closed form)]
      normal = [-0.7654, +0.0562, -0.6410]
      d = +2.2038   mirror_depth(perp) = 2.2038 m   view_z = 4.9258 m
      n_inliers = 170271/170271   rms_residual = 0.24995 m
  [RANSAC]
      normal = [-0.8143, -0.0221, -0.5800]
      d = +1.9752   mirror_depth(perp) = 1.9752 m   view_z = 4.9258 m
      n_inliers = 66964/170271   rms_residual = 0.02448 m
  [SVD robust (IRLS)]
      normal = [-0.7489, -0.0003, -0.6627]
      d = +2.4156   mirror_depth(perp) = 2.4156 m   view_z = 4.9258 m
      n_inliers = 44019/170271   rms_residual = 0.03436 m

[save] D:\Users\dust\Documents\학교\2026년도1학기\컴퓨터비전\실습\FoundationStereo\experiments\ds_v1_seed0/livingroom_v43\mirror_geometry\result.json
[save] D:\Users\dust\Documents\학교\2026년도1학기\컴퓨터비전\실습\FoundationStereo\experiments\ds_v1_seed0/livingroom_v43\mirror_geometry\plane.txt
[save] D:\Users\dust\Documents\학교\2026년도1학기\컴퓨터비전\실습\FoundationStereo\experiments\ds_v1_seed0/livingroom_v43\mirror_geometry\viz.png

DONE: D:\Users\dust\Documents\학교\2026년도1학기\컴퓨터비전\실습\FoundationStereo\experiments\ds_v1_seed0/livingroom_v43\mirror_geometry
[ds_v1_seed0/livingroom_v43] 거울 점 170271개 중 inlier 66964 (39.3%) / outlier 103307
  normal=[-0.814 -0.022 -0.58 ] d=1.975  rms(inlier)=0.0245 m  thr≈0.058 m
[save] D:\Users\dust\Documents\학교\2026년도1학기\컴퓨터비전\실습\FoundationStereo\experiments\ds_v1_seed0/livingroom_v43\mirror_geometry\ransac_inliers.png
[gt] livingroom_v43               perp 3.20m planRMS 0.0152m  normal [0.666, -0.08, -0.742]

생성 1, 건너뜀 0 (depth_gt/mask 없음 등)
[ds_v1_seed0/livingroom_v43] feature 184x320  mirror_frac=0.18384850543478262  feat_left=True
rank  signal              AUC    pol  sep     mean_in     mean_out
  1  post_entropy       0.7248   -  0.4109    0.898993    1.190569
  2  post_conf          0.7215   +  0.4234    0.619237    0.508159
  3  delta_conf          0.632   +  0.2348    0.247559    0.132766
  4  feat_left_pc1       0.599   -  0.1808    2.566068    3.107086
  5  delta_entropy      0.5848   -  0.1442   -1.223002   -0.969615
  6  delta_argdisp      0.5419   -  0.0488   32.880831   35.893726
  7  feat_left_l2       0.5117   -  0.0428   17.141624   17.281266
  8  feat_left_pc3       0.508   +  0.0072    2.043694    2.022105
  9  feat_left_pc2      0.5064   -  0.0164    2.032187    2.083231
 10  pre_entropy        0.5044   -  0.0245    2.121995    2.160184
 11  pre_conf           0.5001   -  0.0092    0.371678    0.375393
BEST: post_entropy (AUC=0.7248, polarity=-)
저장: D:\Users\dust\Documents\학교\2026년도1학기\컴퓨터비전\실습\FoundationStereo\experiments\ds_v1_seed0/livingroom_v43\features\report.json / panels.png / mirror_signal.npy
[device] cuda
  [train] epoch 60/300  loss=0.6824
  [train] epoch 120/300  loss=0.5565
  [train] epoch 180/300  loss=0.4773
  [train] epoch 240/300  loss=0.4108
  [train] epoch 300/300  loss=0.3544

[VAL] scene=ds_v1_seed0/livingroom_v43  (pixel 70/30 split)
  AUC      = 0.9398
  IoU@0.5  = 0.5468
  F1@0.5   = 0.7070
  accuracy = 0.8704  (prec=0.6072, rec=0.8462)
  tp=2762 fp=1787 fn=502 tn=12613

[save] D:\Users\dust\Documents\학교\2026년도1학기\컴퓨터비전\실습\FoundationStereo\experiments\ds_v1_seed0/livingroom_v43\submodel
  pred_mask.png, panel.png, metrics.json, head.pt
DONE: D:\Users\dust\Documents\학교\2026년도1학기\컴퓨터비전\실습\FoundationStereo\experiments\ds_v1_seed0/livingroom_v43\submodel
[device] cuda
[load] D:\Users\dust\Documents\학교\2026년도1학기\컴퓨터비전\실습\FoundationStereo\experiments\_model\general_head.pt  (train_scenes=['archiviz_baseline080', 'bedroom_baseline080', 'blue_bathroom_baseline080', 'computer_room_baseline080', 'cozy_living_room_baseline080', 'flat-archiviz_baseline080', 'green_house_baseline080', 'gym_baseline080', 'livingroom_baseline080', 'minimal_interior_baseline080', 'scandinavian_baseline080', 'sunlight_baseline080'])

[APPLY] ds_v1_seed0/livingroom_v43  (저장모델로 새 데이터 평가)
  AUC      = 0.8250
  IoU@0.5  = 0.3164
  F1@0.5   = 0.4806
  accuracy = 0.7937  (prec=0.4475, rec=0.5192)
  tp=5620 fp=6940 fn=5205 tn=41115
[save] D:\Users\dust\Documents\학교\2026년도1학기\컴퓨터비전\실습\FoundationStereo\experiments\ds_v1_seed0/livingroom_v43\submodel_applied  (pred_mask.png, panel.png, metrics.json)

============================================================
STEP: estimate_mirror_plane
============================================================

============================================================
STEP: viz_ransac_inliers
============================================================

============================================================
STEP: make_mirror_gt_from_depth
============================================================

============================================================
STEP: analyze_features
============================================================

============================================================
STEP: submodel_head
============================================================

============================================================
STEP: apply_submodel
============================================================

DONE: D:\Users\dust\Documents\학교\2026년도1학기\컴퓨터비전\실습\FoundationStereo\experiments\ds_v1_seed0/livingroom_v43 (ok)

##### [45/121] ds_v1_seed0/livingroom_v44  (done 21, fail 0, skip 23, elapsed 12m, ETA 46m) #####
[scene] ds_v1_seed0/livingroom_v44  size=1280x720
[select] mirror 점 개수 = 218629  (mask=218635, valid&depth = 894257)
[conf] mirror 영역 평균 confidence = 0.6124

=== 평면 추정 결과 ===
  [PCA (closed form)]
      normal = [-0.5916, +0.0197, -0.8060]
      d = +2.4655   mirror_depth(perp) = 2.4655 m   view_z = 4.5436 m
      n_inliers = 218629/218629   rms_residual = 0.25465 m
  [RANSAC]
      normal = [-0.5461, -0.0443, -0.8366]
      d = +2.8137   mirror_depth(perp) = 2.8137 m   view_z = 4.5436 m
      n_inliers = 150618/218629   rms_residual = 0.02133 m
  [SVD robust (IRLS)]
      normal = [-0.5439, -0.0498, -0.8377]
      d = +2.7976   mirror_depth(perp) = 2.7976 m   view_z = 4.5436 m
      n_inliers = 145997/218629   rms_residual = 0.02911 m

[save] D:\Users\dust\Documents\학교\2026년도1학기\컴퓨터비전\실습\FoundationStereo\experiments\ds_v1_seed0/livingroom_v44\mirror_geometry\result.json
[save] D:\Users\dust\Documents\학교\2026년도1학기\컴퓨터비전\실습\FoundationStereo\experiments\ds_v1_seed0/livingroom_v44\mirror_geometry\plane.txt
[save] D:\Users\dust\Documents\학교\2026년도1학기\컴퓨터비전\실습\FoundationStereo\experiments\ds_v1_seed0/livingroom_v44\mirror_geometry\viz.png

DONE: D:\Users\dust\Documents\학교\2026년도1학기\컴퓨터비전\실습\FoundationStereo\experiments\ds_v1_seed0/livingroom_v44\mirror_geometry
[ds_v1_seed0/livingroom_v44] 거울 점 218629개 중 inlier 150618 (68.9%) / outlier 68011
  normal=[-0.546 -0.044 -0.837] d=2.814  rms(inlier)=0.0213 m  thr≈0.057 m
[save] D:\Users\dust\Documents\학교\2026년도1학기\컴퓨터비전\실습\FoundationStereo\experiments\ds_v1_seed0/livingroom_v44\mirror_geometry\ransac_inliers.png
[gt] livingroom_v44               perp 2.87m planRMS 0.0104m  normal [0.83, -0.004, -0.558]

생성 1, 건너뜀 0 (depth_gt/mask 없음 등)
[ds_v1_seed0/livingroom_v44] feature 184x320  mirror_frac=0.23714334239130436  feat_left=True
rank  signal              AUC    pol  sep     mean_in     mean_out
  1  post_entropy       0.6228   -  0.2849    0.882084    1.054842
  2  delta_argdisp      0.6074   -  0.1617    29.60603   39.717056
  3  post_conf          0.6044   +  0.2093    0.611722    0.554711
  4  pre_entropy        0.5571   -  0.0889    2.107029    2.258119
  5  feat_left_l2       0.5533   -  0.0993   16.841689   17.195726
  6  feat_left_pc1      0.5486   -  0.0942    2.669006    2.962166
  7  pre_conf           0.5428   +  0.0841    0.385291    0.350907
  8  delta_conf         0.5282   +  0.0438     0.22643    0.203805
  9  feat_left_pc2      0.5095   -  0.0233    1.977124    2.048728
 10  delta_entropy      0.5067   -  0.0116   -1.224945   -1.203277
 11  feat_left_pc3       0.501   -  0.0067    1.977387    1.997777
BEST: post_entropy (AUC=0.6228, polarity=-)
저장: D:\Users\dust\Documents\학교\2026년도1학기\컴퓨터비전\실습\FoundationStereo\experiments\ds_v1_seed0/livingroom_v44\features\report.json / panels.png / mirror_signal.npy
[device] cuda
  [train] epoch 60/300  loss=0.6376
  [train] epoch 120/300  loss=0.4904
  [train] epoch 180/300  loss=0.4111
  [train] epoch 240/300  loss=0.3616
  [train] epoch 300/300  loss=0.3247

[VAL] scene=ds_v1_seed0/livingroom_v44  (pixel 70/30 split)
  AUC      = 0.9420
  IoU@0.5  = 0.6063
  F1@0.5   = 0.7549
  accuracy = 0.8668  (prec=0.6672, rec=0.8692)
  tp=3622 fp=1807 fn=545 tn=11690

[save] D:\Users\dust\Documents\학교\2026년도1학기\컴퓨터비전\실습\FoundationStereo\experiments\ds_v1_seed0/livingroom_v44\submodel
  pred_mask.png, panel.png, metrics.json, head.pt
DONE: D:\Users\dust\Documents\학교\2026년도1학기\컴퓨터비전\실습\FoundationStereo\experiments\ds_v1_seed0/livingroom_v44\submodel
[device] cuda
[load] D:\Users\dust\Documents\학교\2026년도1학기\컴퓨터비전\실습\FoundationStereo\experiments\_model\general_head.pt  (train_scenes=['archiviz_baseline080', 'bedroom_baseline080', 'blue_bathroom_baseline080', 'computer_room_baseline080', 'cozy_living_room_baseline080', 'flat-archiviz_baseline080', 'green_house_baseline080', 'gym_baseline080', 'livingroom_baseline080', 'minimal_interior_baseline080', 'scandinavian_baseline080', 'sunlight_baseline080'])

[APPLY] ds_v1_seed0/livingroom_v44  (저장모델로 새 데이터 평가)
  AUC      = 0.8213
  IoU@0.5  = 0.2852
  F1@0.5   = 0.4438
  accuracy = 0.7669  (prec=0.5111, rec=0.3921)
  tp=5475 fp=5237 fn=8488 tn=39680
[save] D:\Users\dust\Documents\학교\2026년도1학기\컴퓨터비전\실습\FoundationStereo\experiments\ds_v1_seed0/livingroom_v44\submodel_applied  (pred_mask.png, panel.png, metrics.json)

============================================================
STEP: estimate_mirror_plane
============================================================

============================================================
STEP: viz_ransac_inliers
============================================================

============================================================
STEP: make_mirror_gt_from_depth
============================================================

============================================================
STEP: analyze_features
============================================================

============================================================
STEP: submodel_head
============================================================

============================================================
STEP: apply_submodel
============================================================

DONE: D:\Users\dust\Documents\학교\2026년도1학기\컴퓨터비전\실습\FoundationStereo\experiments\ds_v1_seed0/livingroom_v44 (ok)

##### [46/121] ds_v1_seed0/livingroom_v45  (done 22, fail 0, skip 23, elapsed 13m, ETA 45m) #####
[scene] ds_v1_seed0/livingroom_v45  size=1280x720
[select] mirror 점 개수 = 176805  (mask=178386, valid&depth = 894613)
[conf] mirror 영역 평균 confidence = 0.5925

=== 평면 추정 결과 ===
  [PCA (closed form)]
      normal = [-0.4823, -0.0234, -0.8757]
      d = +2.8385   mirror_depth(perp) = 2.8385 m   view_z = 4.3074 m
      n_inliers = 176805/176805   rms_residual = 0.11799 m
  [RANSAC]
      normal = [-0.4828, +0.0657, -0.8733]
      d = +2.9256   mirror_depth(perp) = 2.9256 m   view_z = 4.3074 m
      n_inliers = 143735/176805   rms_residual = 0.01620 m
  [SVD robust (IRLS)]
      normal = [-0.4814, +0.0395, -0.8756]
      d = +2.9077   mirror_depth(perp) = 2.9077 m   view_z = 4.3074 m
      n_inliers = 136743/176805   rms_residual = 0.02048 m

[save] D:\Users\dust\Documents\학교\2026년도1학기\컴퓨터비전\실습\FoundationStereo\experiments\ds_v1_seed0/livingroom_v45\mirror_geometry\result.json
[save] D:\Users\dust\Documents\학교\2026년도1학기\컴퓨터비전\실습\FoundationStereo\experiments\ds_v1_seed0/livingroom_v45\mirror_geometry\plane.txt
[save] D:\Users\dust\Documents\학교\2026년도1학기\컴퓨터비전\실습\FoundationStereo\experiments\ds_v1_seed0/livingroom_v45\mirror_geometry\viz.png

DONE: D:\Users\dust\Documents\학교\2026년도1학기\컴퓨터비전\실습\FoundationStereo\experiments\ds_v1_seed0/livingroom_v45\mirror_geometry
[ds_v1_seed0/livingroom_v45] 거울 점 176805개 중 inlier 143735 (81.3%) / outlier 33070
  normal=[-0.483  0.066 -0.873] d=2.926  rms(inlier)=0.0162 m  thr≈0.048 m
[save] D:\Users\dust\Documents\학교\2026년도1학기\컴퓨터비전\실습\FoundationStereo\experiments\ds_v1_seed0/livingroom_v45\mirror_geometry\ransac_inliers.png
[gt] livingroom_v45               perp 2.62m planRMS 0.0100m  normal [0.86, 0.095, -0.502]

생성 1, 건너뜀 0 (depth_gt/mask 없음 등)
[ds_v1_seed0/livingroom_v45] feature 184x320  mirror_frac=0.19437839673913043  feat_left=True
rank  signal              AUC    pol  sep     mean_in     mean_out
  1  delta_argdisp      0.6116   -  0.1543    29.82796   39.318878
  2  delta_entropy      0.5628   +  0.0942   -1.150318    -1.31942
  3  delta_conf         0.5595   -  0.1083     0.19932    0.252688
  4  pre_entropy        0.5529   -  0.0872    2.075947    2.225818
  5  feat_left_l2       0.5452   -  0.0981   16.810168   17.169259
  6  pre_conf           0.5432   +  0.0929    0.393159    0.354428
  7  feat_left_pc1      0.5249   -  0.0508    2.778731    2.937344
  8  post_conf           0.523   -  0.0534    0.592478    0.607117
  9  feat_left_pc2      0.5119   +  0.0193    2.034968    1.975041
 10  feat_left_pc3      0.5093   +  0.0139    1.987365    1.945305
 11  post_entropy       0.5058   +  0.0326    0.925629    0.906399
BEST: delta_argdisp (AUC=0.6116, polarity=-)
저장: D:\Users\dust\Documents\학교\2026년도1학기\컴퓨터비전\실습\FoundationStereo\experiments\ds_v1_seed0/livingroom_v45\features\report.json / panels.png / mirror_signal.npy
[device] cuda
  [train] epoch 60/300  loss=0.6689
  [train] epoch 120/300  loss=0.4622
  [train] epoch 180/300  loss=0.3385
  [train] epoch 240/300  loss=0.2636
  [train] epoch 300/300  loss=0.2149

[VAL] scene=ds_v1_seed0/livingroom_v45  (pixel 70/30 split)
  AUC      = 0.9753
  IoU@0.5  = 0.6889
  F1@0.5   = 0.8158
  accuracy = 0.9200  (prec=0.7349, rec=0.9168)
  tp=3129 fp=1129 fn=284 tn=13122

[save] D:\Users\dust\Documents\학교\2026년도1학기\컴퓨터비전\실습\FoundationStereo\experiments\ds_v1_seed0/livingroom_v45\submodel
  pred_mask.png, panel.png, metrics.json, head.pt
DONE: D:\Users\dust\Documents\학교\2026년도1학기\컴퓨터비전\실습\FoundationStereo\experiments\ds_v1_seed0/livingroom_v45\submodel
[device] cuda
[load] D:\Users\dust\Documents\학교\2026년도1학기\컴퓨터비전\실습\FoundationStereo\experiments\_model\general_head.pt  (train_scenes=['archiviz_baseline080', 'bedroom_baseline080', 'blue_bathroom_baseline080', 'computer_room_baseline080', 'cozy_living_room_baseline080', 'flat-archiviz_baseline080', 'green_house_baseline080', 'gym_baseline080', 'livingroom_baseline080', 'minimal_interior_baseline080', 'scandinavian_baseline080', 'sunlight_baseline080'])

[APPLY] ds_v1_seed0/livingroom_v45  (저장모델로 새 데이터 평가)
  AUC      = 0.9214
  IoU@0.5  = 0.3791
  F1@0.5   = 0.5498
  accuracy = 0.8578  (prec=0.7145, rec=0.4467)
  tp=5113 fp=2043 fn=6332 tn=45392
[save] D:\Users\dust\Documents\학교\2026년도1학기\컴퓨터비전\실습\FoundationStereo\experiments\ds_v1_seed0/livingroom_v45\submodel_applied  (pred_mask.png, panel.png, metrics.json)

============================================================
STEP: estimate_mirror_plane
============================================================

============================================================
STEP: viz_ransac_inliers
============================================================

============================================================
STEP: make_mirror_gt_from_depth
============================================================

============================================================
STEP: analyze_features
============================================================

============================================================
STEP: submodel_head
============================================================

============================================================
STEP: apply_submodel
============================================================

DONE: D:\Users\dust\Documents\학교\2026년도1학기\컴퓨터비전\실습\FoundationStereo\experiments\ds_v1_seed0/livingroom_v45 (ok)

##### [47/121] ds_v1_seed0/livingroom_v46  (done 23, fail 0, skip 23, elapsed 14m, ETA 45m) #####
[scene] ds_v1_seed0/livingroom_v46  size=1280x720
[select] mirror 점 개수 = 145370  (mask=145370, valid&depth = 879956)
[conf] mirror 영역 평균 confidence = 0.6604

=== 평면 추정 결과 ===
  [PCA (closed form)]
      normal = [-0.7780, -0.0306, -0.6276]
      d = +2.8421   mirror_depth(perp) = 2.8421 m   view_z = 4.9940 m
      n_inliers = 145370/145370   rms_residual = 0.14744 m
  [RANSAC]
      normal = [-0.7802, +0.0582, -0.6228]
      d = +2.9425   mirror_depth(perp) = 2.9425 m   view_z = 4.9940 m
      n_inliers = 110938/145370   rms_residual = 0.02212 m
  [SVD robust (IRLS)]
      normal = [-0.7774, +0.0240, -0.6286]
      d = +2.9247   mirror_depth(perp) = 2.9247 m   view_z = 4.9940 m
      n_inliers = 100547/145370   rms_residual = 0.02894 m

[save] D:\Users\dust\Documents\학교\2026년도1학기\컴퓨터비전\실습\FoundationStereo\experiments\ds_v1_seed0/livingroom_v46\mirror_geometry\result.json
[save] D:\Users\dust\Documents\학교\2026년도1학기\컴퓨터비전\실습\FoundationStereo\experiments\ds_v1_seed0/livingroom_v46\mirror_geometry\plane.txt
[save] D:\Users\dust\Documents\학교\2026년도1학기\컴퓨터비전\실습\FoundationStereo\experiments\ds_v1_seed0/livingroom_v46\mirror_geometry\viz.png

DONE: D:\Users\dust\Documents\학교\2026년도1학기\컴퓨터비전\실습\FoundationStereo\experiments\ds_v1_seed0/livingroom_v46\mirror_geometry
[ds_v1_seed0/livingroom_v46] 거울 점 145370개 중 inlier 110938 (76.3%) / outlier 34432
  normal=[-0.78   0.058 -0.623] d=2.942  rms(inlier)=0.0221 m  thr≈0.062 m
[save] D:\Users\dust\Documents\학교\2026년도1학기\컴퓨터비전\실습\FoundationStereo\experiments\ds_v1_seed0/livingroom_v46\mirror_geometry\ransac_inliers.png
[gt] livingroom_v46               perp 2.98m planRMS 0.0141m  normal [0.569, 0.137, -0.811]

생성 1, 건너뜀 0 (depth_gt/mask 없음 등)
[ds_v1_seed0/livingroom_v46] feature 184x320  mirror_frac=0.1580842391304348  feat_left=True
rank  signal              AUC    pol  sep     mean_in     mean_out
  1  post_entropy       0.6274   -  0.2696      0.7749    0.891575
  2  post_conf          0.6079   +  0.2072    0.660451    0.611844
  3  delta_argdisp      0.5698   -  0.0915   30.632789   35.861293
  4  feat_left_l2       0.5518   -  0.1113   16.730313    17.11287
  5  delta_conf         0.5425   +  0.0851    0.277117    0.238263
  6  pre_entropy         0.525   -  0.0729    2.051084    2.163898
  7  feat_left_pc1      0.5207   -  0.0474     2.71438    2.860823
  8  feat_left_pc3      0.5187   +  0.0306    2.030794    1.939178
  9  pre_conf           0.5167   +  0.0245    0.383334    0.373581
 10  delta_entropy      0.5038   -  0.0025   -1.276184   -1.272322
 11  feat_left_pc2      0.5013   -  0.0067    1.980008    2.000382
BEST: post_entropy (AUC=0.6274, polarity=-)
저장: D:\Users\dust\Documents\학교\2026년도1학기\컴퓨터비전\실습\FoundationStereo\experiments\ds_v1_seed0/livingroom_v46\features\report.json / panels.png / mirror_signal.npy
[device] cuda
  [train] epoch 60/300  loss=0.6541
  [train] epoch 120/300  loss=0.4805
  [train] epoch 180/300  loss=0.3584
  [train] epoch 240/300  loss=0.2692
  [train] epoch 300/300  loss=0.2069

[VAL] scene=ds_v1_seed0/livingroom_v46  (pixel 70/30 split)
  AUC      = 0.9825
  IoU@0.5  = 0.6897
  F1@0.5   = 0.8164
  accuracy = 0.9340  (prec=0.7267, rec=0.9313)
  tp=2590 fp=974 fn=191 tn=13909

[save] D:\Users\dust\Documents\학교\2026년도1학기\컴퓨터비전\실습\FoundationStereo\experiments\ds_v1_seed0/livingroom_v46\submodel
  pred_mask.png, panel.png, metrics.json, head.pt
DONE: D:\Users\dust\Documents\학교\2026년도1학기\컴퓨터비전\실습\FoundationStereo\experiments\ds_v1_seed0/livingroom_v46\submodel
[device] cuda
[load] D:\Users\dust\Documents\학교\2026년도1학기\컴퓨터비전\실습\FoundationStereo\experiments\_model\general_head.pt  (train_scenes=['archiviz_baseline080', 'bedroom_baseline080', 'blue_bathroom_baseline080', 'computer_room_baseline080', 'cozy_living_room_baseline080', 'flat-archiviz_baseline080', 'green_house_baseline080', 'gym_baseline080', 'livingroom_baseline080', 'minimal_interior_baseline080', 'scandinavian_baseline080', 'sunlight_baseline080'])

[APPLY] ds_v1_seed0/livingroom_v46  (저장모델로 새 데이터 평가)
  AUC      = 0.9606
  IoU@0.5  = 0.4692
  F1@0.5   = 0.6387
  accuracy = 0.9094  (prec=0.8633, rec=0.5069)
  tp=4718 fp=747 fn=4590 tn=48825
[save] D:\Users\dust\Documents\학교\2026년도1학기\컴퓨터비전\실습\FoundationStereo\experiments\ds_v1_seed0/livingroom_v46\submodel_applied  (pred_mask.png, panel.png, metrics.json)

============================================================
STEP: estimate_mirror_plane
============================================================

============================================================
STEP: viz_ransac_inliers
============================================================

============================================================
STEP: make_mirror_gt_from_depth
============================================================

============================================================
STEP: analyze_features
============================================================

============================================================
STEP: submodel_head
============================================================

============================================================
STEP: apply_submodel
============================================================

DONE: D:\Users\dust\Documents\학교\2026년도1학기\컴퓨터비전\실습\FoundationStereo\experiments\ds_v1_seed0/livingroom_v46 (ok)

##### [48/121] ds_v1_seed0/livingroom_v47  (done 24, fail 0, skip 23, elapsed 14m, ETA 44m) #####
[scene] ds_v1_seed0/livingroom_v47  size=1280x720
[select] mirror 점 개수 = 189792  (mask=195335, valid&depth = 899388)
[conf] mirror 영역 평균 confidence = 0.6152

=== 평면 추정 결과 ===
  [PCA (closed form)]
      normal = [-0.5112, -0.0882, -0.8549]
      d = +2.9085   mirror_depth(perp) = 2.9085 m   view_z = 4.7885 m
      n_inliers = 189792/189792   rms_residual = 0.15812 m
  [RANSAC]
      normal = [-0.5242, -0.0158, -0.8514]
      d = +2.9526   mirror_depth(perp) = 2.9526 m   view_z = 4.7885 m
      n_inliers = 138013/189792   rms_residual = 0.03321 m
  [SVD robust (IRLS)]
      normal = [-0.5076, -0.0473, -0.8603]
      d = +2.9853   mirror_depth(perp) = 2.9853 m   view_z = 4.7885 m
      n_inliers = 137671/189792   rms_residual = 0.04666 m

[save] D:\Users\dust\Documents\학교\2026년도1학기\컴퓨터비전\실습\FoundationStereo\experiments\ds_v1_seed0/livingroom_v47\mirror_geometry\result.json
[save] D:\Users\dust\Documents\학교\2026년도1학기\컴퓨터비전\실습\FoundationStereo\experiments\ds_v1_seed0/livingroom_v47\mirror_geometry\plane.txt
[save] D:\Users\dust\Documents\학교\2026년도1학기\컴퓨터비전\실습\FoundationStereo\experiments\ds_v1_seed0/livingroom_v47\mirror_geometry\viz.png

DONE: D:\Users\dust\Documents\학교\2026년도1학기\컴퓨터비전\실습\FoundationStereo\experiments\ds_v1_seed0/livingroom_v47\mirror_geometry
[ds_v1_seed0/livingroom_v47] 거울 점 189792개 중 inlier 138013 (72.7%) / outlier 51779
  normal=[-0.524 -0.016 -0.851] d=2.953  rms(inlier)=0.0332 m  thr≈0.094 m
[save] D:\Users\dust\Documents\학교\2026년도1학기\컴퓨터비전\실습\FoundationStereo\experiments\ds_v1_seed0/livingroom_v47\mirror_geometry\ransac_inliers.png
[gt] livingroom_v47               perp 3.14m planRMS 0.0126m  normal [0.813, 0.043, -0.581]

생성 1, 건너뜀 0 (depth_gt/mask 없음 등)
[ds_v1_seed0/livingroom_v47] feature 184x320  mirror_frac=0.21306046195652173  feat_left=True
rank  signal              AUC    pol  sep     mean_in     mean_out
  1  post_entropy       0.6732   -  0.4587    0.858133    1.151994
  2  post_conf          0.6693   +  0.3478    0.613993    0.520208
  3  delta_argdisp       0.629   -  0.1954   28.629892   40.679788
  4  pre_entropy        0.5667   -  0.0915    2.138485    2.296714
  5  delta_conf         0.5609   +  0.0964    0.227764    0.179242
  6  feat_left_pc1      0.5541   -  0.1053    2.644021    2.971028
  7  pre_conf           0.5533   +  0.1098    0.386229    0.340966
  8  feat_left_l2       0.5448   -  0.0841   16.906317   17.204958
  9  delta_entropy      0.5341   -  0.0719   -1.280351    -1.14472
 10  feat_left_pc2      0.5045   -  0.0139     2.00946    2.052121
 11  feat_left_pc3       0.504   +  0.0047    1.995599    1.981451
BEST: post_entropy (AUC=0.6732, polarity=-)
저장: D:\Users\dust\Documents\학교\2026년도1학기\컴퓨터비전\실습\FoundationStereo\experiments\ds_v1_seed0/livingroom_v47\features\report.json / panels.png / mirror_signal.npy
[device] cuda
  [train] epoch 60/300  loss=0.6141
  [train] epoch 120/300  loss=0.4545
  [train] epoch 180/300  loss=0.3525
  [train] epoch 240/300  loss=0.2865
  [train] epoch 300/300  loss=0.2421

[VAL] scene=ds_v1_seed0/livingroom_v47  (pixel 70/30 split)
  AUC      = 0.9698
  IoU@0.5  = 0.6935
  F1@0.5   = 0.8190
  accuracy = 0.9143  (prec=0.7371, rec=0.9214)
  tp=3423 fp=1221 fn=292 tn=12728

[save] D:\Users\dust\Documents\학교\2026년도1학기\컴퓨터비전\실습\FoundationStereo\experiments\ds_v1_seed0/livingroom_v47\submodel
  pred_mask.png, panel.png, metrics.json, head.pt
DONE: D:\Users\dust\Documents\학교\2026년도1학기\컴퓨터비전\실습\FoundationStereo\experiments\ds_v1_seed0/livingroom_v47\submodel
[device] cuda
[load] D:\Users\dust\Documents\학교\2026년도1학기\컴퓨터비전\실습\FoundationStereo\experiments\_model\general_head.pt  (train_scenes=['archiviz_baseline080', 'bedroom_baseline080', 'blue_bathroom_baseline080', 'computer_room_baseline080', 'cozy_living_room_baseline080', 'flat-archiviz_baseline080', 'green_house_baseline080', 'gym_baseline080', 'livingroom_baseline080', 'minimal_interior_baseline080', 'scandinavian_baseline080', 'sunlight_baseline080'])

[APPLY] ds_v1_seed0/livingroom_v47  (저장모델로 새 데이터 평가)
  AUC      = 0.8413
  IoU@0.5  = 0.3383
  F1@0.5   = 0.5055
  accuracy = 0.8027  (prec=0.5423, rec=0.4734)
  tp=5939 fp=5013 fn=6606 tn=41322
[save] D:\Users\dust\Documents\학교\2026년도1학기\컴퓨터비전\실습\FoundationStereo\experiments\ds_v1_seed0/livingroom_v47\submodel_applied  (pred_mask.png, panel.png, metrics.json)

============================================================
STEP: estimate_mirror_plane
============================================================

============================================================
STEP: viz_ransac_inliers
============================================================

============================================================
STEP: make_mirror_gt_from_depth
============================================================

============================================================
STEP: analyze_features
============================================================

============================================================
STEP: submodel_head
============================================================

============================================================
STEP: apply_submodel
============================================================

DONE: D:\Users\dust\Documents\학교\2026년도1학기\컴퓨터비전\실습\FoundationStereo\experiments\ds_v1_seed0/livingroom_v47 (ok)

##### [49/121] ds_v1_seed0/livingroom_v48  (done 25, fail 0, skip 23, elapsed 15m, ETA 44m) #####
[scene] ds_v1_seed0/livingroom_v48  size=1280x720
[select] mirror 점 개수 = 186506  (mask=186506, valid&depth = 894098)
[conf] mirror 영역 평균 confidence = 0.6444

=== 평면 추정 결과 ===
  [PCA (closed form)]
      normal = [-0.6581, +0.0025, -0.7529]
      d = +2.6351   mirror_depth(perp) = 2.6351 m   view_z = 4.8971 m
      n_inliers = 186506/186506   rms_residual = 0.25897 m
  [RANSAC]
      normal = [-0.6434, -0.0108, -0.7655]
      d = +2.8564   mirror_depth(perp) = 2.8564 m   view_z = 4.8971 m
      n_inliers = 113536/186506   rms_residual = 0.02099 m
  [SVD robust (IRLS)]
      normal = [-0.6261, -0.0391, -0.7788]
      d = +2.9060   mirror_depth(perp) = 2.9060 m   view_z = 4.8971 m
      n_inliers = 93387/186506   rms_residual = 0.03067 m

[save] D:\Users\dust\Documents\학교\2026년도1학기\컴퓨터비전\실습\FoundationStereo\experiments\ds_v1_seed0/livingroom_v48\mirror_geometry\result.json
[save] D:\Users\dust\Documents\학교\2026년도1학기\컴퓨터비전\실습\FoundationStereo\experiments\ds_v1_seed0/livingroom_v48\mirror_geometry\plane.txt
[save] D:\Users\dust\Documents\학교\2026년도1학기\컴퓨터비전\실습\FoundationStereo\experiments\ds_v1_seed0/livingroom_v48\mirror_geometry\viz.png

DONE: D:\Users\dust\Documents\학교\2026년도1학기\컴퓨터비전\실습\FoundationStereo\experiments\ds_v1_seed0/livingroom_v48\mirror_geometry
[ds_v1_seed0/livingroom_v48] 거울 점 186506개 중 inlier 113536 (60.9%) / outlier 72970
  normal=[-0.643 -0.011 -0.765] d=2.856  rms(inlier)=0.0210 m  thr≈0.054 m
[save] D:\Users\dust\Documents\학교\2026년도1학기\컴퓨터비전\실습\FoundationStereo\experiments\ds_v1_seed0/livingroom_v48\mirror_geometry\ransac_inliers.png
[gt] livingroom_v48               perp 3.09m planRMS 0.0130m  normal [0.737, 0.002, -0.676]

생성 1, 건너뜀 0 (depth_gt/mask 없음 등)
[ds_v1_seed0/livingroom_v48] feature 184x320  mirror_frac=0.20115489130434783  feat_left=True
rank  signal              AUC    pol  sep     mean_in     mean_out
  1  post_entropy        0.709   -  0.4043    0.812555    1.025796
  2  post_conf          0.6559   +  0.2993    0.643996    0.567258
  3  delta_argdisp       0.599   -  0.1555   28.139818   37.494153
  4  delta_conf         0.5653   +  0.1134    0.264113    0.207865
  5  feat_left_l2       0.5627   -  0.1206    16.86225   17.270866
  6  pre_entropy        0.5532   -  0.0977    2.082701    2.241604
  7  feat_left_pc1      0.5391   -  0.0785    2.717025    2.960612
  8  pre_conf           0.5331   +  0.0499    0.379883    0.359393
  9  delta_entropy      0.5229   -  0.0311   -1.270146   -1.215808
 10  feat_left_pc2      0.5181   -  0.0408    1.973265    2.099053
 11  feat_left_pc3      0.5043   -  0.0185      1.9985    2.054296
BEST: post_entropy (AUC=0.709, polarity=-)
저장: D:\Users\dust\Documents\학교\2026년도1학기\컴퓨터비전\실습\FoundationStereo\experiments\ds_v1_seed0/livingroom_v48\features\report.json / panels.png / mirror_signal.npy
[device] cuda
  [train] epoch 60/300  loss=0.5885
  [train] epoch 120/300  loss=0.4244
  [train] epoch 180/300  loss=0.3267
  [train] epoch 240/300  loss=0.2648
  [train] epoch 300/300  loss=0.2242

[VAL] scene=ds_v1_seed0/livingroom_v48  (pixel 70/30 split)
  AUC      = 0.9734
  IoU@0.5  = 0.6822
  F1@0.5   = 0.8111
  accuracy = 0.9141  (prec=0.7183, rec=0.9314)
  tp=3256 fp=1277 fn=240 tn=12891

[save] D:\Users\dust\Documents\학교\2026년도1학기\컴퓨터비전\실습\FoundationStereo\experiments\ds_v1_seed0/livingroom_v48\submodel
  pred_mask.png, panel.png, metrics.json, head.pt
DONE: D:\Users\dust\Documents\학교\2026년도1학기\컴퓨터비전\실습\FoundationStereo\experiments\ds_v1_seed0/livingroom_v48\submodel
[device] cuda
[load] D:\Users\dust\Documents\학교\2026년도1학기\컴퓨터비전\실습\FoundationStereo\experiments\_model\general_head.pt  (train_scenes=['archiviz_baseline080', 'bedroom_baseline080', 'blue_bathroom_baseline080', 'computer_room_baseline080', 'cozy_living_room_baseline080', 'flat-archiviz_baseline080', 'green_house_baseline080', 'gym_baseline080', 'livingroom_baseline080', 'minimal_interior_baseline080', 'scandinavian_baseline080', 'sunlight_baseline080'])

[APPLY] ds_v1_seed0/livingroom_v48  (저장모델로 새 데이터 평가)
  AUC      = 0.8765
  IoU@0.5  = 0.3708
  F1@0.5   = 0.5410
  accuracy = 0.8382  (prec=0.6300, rec=0.4741)
  tp=5615 fp=3297 fn=6229 tn=43739
[save] D:\Users\dust\Documents\학교\2026년도1학기\컴퓨터비전\실습\FoundationStereo\experiments\ds_v1_seed0/livingroom_v48\submodel_applied  (pred_mask.png, panel.png, metrics.json)

============================================================
STEP: estimate_mirror_plane
============================================================

============================================================
STEP: viz_ransac_inliers
============================================================

============================================================
STEP: make_mirror_gt_from_depth
============================================================

============================================================
STEP: analyze_features
============================================================

============================================================
STEP: submodel_head
============================================================

============================================================
STEP: apply_submodel
============================================================

DONE: D:\Users\dust\Documents\학교\2026년도1학기\컴퓨터비전\실습\FoundationStereo\experiments\ds_v1_seed0/livingroom_v48 (ok)

##### [50/121] ds_v1_seed0/livingroom_v49  (done 26, fail 0, skip 23, elapsed 16m, ETA 43m) #####
[scene] ds_v1_seed0/livingroom_v49  size=1280x720
[select] mirror 점 개수 = 143676  (mask=151636, valid&depth = 899347)
[conf] mirror 영역 평균 confidence = 0.6150

=== 평면 추정 결과 ===
  [PCA (closed form)]
      normal = [-0.4480, -0.0144, -0.8939]
      d = +2.8208   mirror_depth(perp) = 2.8208 m   view_z = 4.2168 m
      n_inliers = 143676/143676   rms_residual = 0.13394 m
  [RANSAC]
      normal = [-0.4436, +0.1066, -0.8898]
      d = +2.9434   mirror_depth(perp) = 2.9434 m   view_z = 4.2168 m
      n_inliers = 108013/143676   rms_residual = 0.01618 m
  [SVD robust (IRLS)]
      normal = [-0.4439, +0.0602, -0.8941]
      d = +2.9066   mirror_depth(perp) = 2.9066 m   view_z = 4.2168 m
      n_inliers = 85616/143676   rms_residual = 0.01512 m

[save] D:\Users\dust\Documents\학교\2026년도1학기\컴퓨터비전\실습\FoundationStereo\experiments\ds_v1_seed0/livingroom_v49\mirror_geometry\result.json
[save] D:\Users\dust\Documents\학교\2026년도1학기\컴퓨터비전\실습\FoundationStereo\experiments\ds_v1_seed0/livingroom_v49\mirror_geometry\plane.txt
[save] D:\Users\dust\Documents\학교\2026년도1학기\컴퓨터비전\실습\FoundationStereo\experiments\ds_v1_seed0/livingroom_v49\mirror_geometry\viz.png

DONE: D:\Users\dust\Documents\학교\2026년도1학기\컴퓨터비전\실습\FoundationStereo\experiments\ds_v1_seed0/livingroom_v49\mirror_geometry
[ds_v1_seed0/livingroom_v49] 거울 점 143676개 중 inlier 108013 (75.2%) / outlier 35663
  normal=[-0.444  0.107 -0.89 ] d=2.943  rms(inlier)=0.0162 m  thr≈0.041 m
[save] D:\Users\dust\Documents\학교\2026년도1학기\컴퓨터비전\실습\FoundationStereo\experiments\ds_v1_seed0/livingroom_v49\mirror_geometry\ransac_inliers.png
[gt] livingroom_v49               perp 2.85m planRMS 0.0127m  normal [0.879, 0.102, -0.466]

생성 1, 건너뜀 0 (depth_gt/mask 없음 등)
[ds_v1_seed0/livingroom_v49] feature 184x320  mirror_frac=0.16593070652173914  feat_left=True
rank  signal              AUC    pol  sep     mean_in     mean_out
  1  delta_argdisp      0.6157   -  0.1514   29.525384   38.905131
  2  feat_left_pc1      0.5705   -  0.1312     2.56473    2.964753
  3  feat_left_l2       0.5279   -  0.0763   16.857226   17.139354
  4  pre_entropy         0.527   -  0.0174    2.186353    2.218274
  5  delta_entropy      0.5224   +  0.0049   -1.314413   -1.323835
  6  delta_conf         0.5211   -  0.0432    0.231083    0.252389
  7  feat_left_pc3      0.5204   +  0.0313    2.035305    1.940533
  8  pre_conf           0.5195   +  0.0636    0.381482    0.354166
  9  post_conf          0.5143   +   0.024    0.612565    0.606555
 10  feat_left_pc2      0.5131   +  0.0176    2.051014    1.996601
 11  post_entropy       0.5052   -  0.0428     0.87194     0.89444
BEST: delta_argdisp (AUC=0.6157, polarity=-)
저장: D:\Users\dust\Documents\학교\2026년도1학기\컴퓨터비전\실습\FoundationStereo\experiments\ds_v1_seed0/livingroom_v49\features\report.json / panels.png / mirror_signal.npy
[device] cuda
  [train] epoch 60/300  loss=0.6847
  [train] epoch 120/300  loss=0.4793
  [train] epoch 180/300  loss=0.3516
  [train] epoch 240/300  loss=0.2733
  [train] epoch 300/300  loss=0.2233

[VAL] scene=ds_v1_seed0/livingroom_v49  (pixel 70/30 split)
  AUC      = 0.9739
  IoU@0.5  = 0.6500
  F1@0.5   = 0.7879
  accuracy = 0.9193  (prec=0.6889, rec=0.9201)
  tp=2648 fp=1196 fn=230 tn=13590

[save] D:\Users\dust\Documents\학교\2026년도1학기\컴퓨터비전\실습\FoundationStereo\experiments\ds_v1_seed0/livingroom_v49\submodel
  pred_mask.png, panel.png, metrics.json, head.pt
DONE: D:\Users\dust\Documents\학교\2026년도1학기\컴퓨터비전\실습\FoundationStereo\experiments\ds_v1_seed0/livingroom_v49\submodel
[device] cuda
[load] D:\Users\dust\Documents\학교\2026년도1학기\컴퓨터비전\실습\FoundationStereo\experiments\_model\general_head.pt  (train_scenes=['archiviz_baseline080', 'bedroom_baseline080', 'blue_bathroom_baseline080', 'computer_room_baseline080', 'cozy_living_room_baseline080', 'flat-archiviz_baseline080', 'green_house_baseline080', 'gym_baseline080', 'livingroom_baseline080', 'minimal_interior_baseline080', 'scandinavian_baseline080', 'sunlight_baseline080'])

[APPLY] ds_v1_seed0/livingroom_v49  (저장모델로 새 데이터 평가)
  AUC      = 0.9195
  IoU@0.5  = 0.3258
  F1@0.5   = 0.4914
  accuracy = 0.8700  (prec=0.7004, rec=0.3785)
  tp=3698 fp=1582 fn=6072 tn=47528
[save] D:\Users\dust\Documents\학교\2026년도1학기\컴퓨터비전\실습\FoundationStereo\experiments\ds_v1_seed0/livingroom_v49\submodel_applied  (pred_mask.png, panel.png, metrics.json)

============================================================
STEP: estimate_mirror_plane
============================================================

============================================================
STEP: viz_ransac_inliers
============================================================

============================================================
STEP: make_mirror_gt_from_depth
============================================================

============================================================
STEP: analyze_features
============================================================

============================================================
STEP: submodel_head
============================================================

============================================================
STEP: apply_submodel
============================================================

DONE: D:\Users\dust\Documents\학교\2026년도1학기\컴퓨터비전\실습\FoundationStereo\experiments\ds_v1_seed0/livingroom_v49 (ok)

##### [51/121] ds_v1_seed0/livingroom_v50  (done 27, fail 0, skip 23, elapsed 16m, ETA 43m) #####
[scene] ds_v1_seed0/livingroom_v50  size=1280x720
[select] mirror 점 개수 = 215488  (mask=215488, valid&depth = 890807)
[conf] mirror 영역 평균 confidence = 0.6344

=== 평면 추정 결과 ===
  [PCA (closed form)]
      normal = [-0.8020, +0.0170, -0.5970]
      d = +2.2677   mirror_depth(perp) = 2.2677 m   view_z = 4.6739 m
      n_inliers = 215488/215488   rms_residual = 0.28291 m
  [RANSAC]
      normal = [-0.7767, -0.0505, -0.6279]
      d = +2.5856   mirror_depth(perp) = 2.5856 m   view_z = 4.6739 m
      n_inliers = 135242/215488   rms_residual = 0.02608 m
  [SVD robust (IRLS)]
      normal = [-0.7756, -0.0675, -0.6276]
      d = +2.5539   mirror_depth(perp) = 2.5539 m   view_z = 4.6739 m
      n_inliers = 120598/215488   rms_residual = 0.03319 m

[save] D:\Users\dust\Documents\학교\2026년도1학기\컴퓨터비전\실습\FoundationStereo\experiments\ds_v1_seed0/livingroom_v50\mirror_geometry\result.json
[save] D:\Users\dust\Documents\학교\2026년도1학기\컴퓨터비전\실습\FoundationStereo\experiments\ds_v1_seed0/livingroom_v50\mirror_geometry\plane.txt
[save] D:\Users\dust\Documents\학교\2026년도1학기\컴퓨터비전\실습\FoundationStereo\experiments\ds_v1_seed0/livingroom_v50\mirror_geometry\viz.png

DONE: D:\Users\dust\Documents\학교\2026년도1학기\컴퓨터비전\실습\FoundationStereo\experiments\ds_v1_seed0/livingroom_v50\mirror_geometry
[ds_v1_seed0/livingroom_v50] 거울 점 215488개 중 inlier 135242 (62.8%) / outlier 80246
  normal=[-0.777 -0.051 -0.628] d=2.586  rms(inlier)=0.0261 m  thr≈0.060 m
[save] D:\Users\dust\Documents\학교\2026년도1학기\컴퓨터비전\실습\FoundationStereo\experiments\ds_v1_seed0/livingroom_v50\mirror_geometry\ransac_inliers.png
[gt] livingroom_v50               perp 2.75m planRMS 0.0134m  normal [0.585, -0.07, -0.808]

생성 1, 건너뜀 0 (depth_gt/mask 없음 등)
[ds_v1_seed0/livingroom_v50] feature 184x320  mirror_frac=0.23354279891304347  feat_left=True
rank  signal              AUC    pol  sep     mean_in     mean_out
  1  post_entropy       0.7133   -  0.4122    0.858496    1.087232
  2  post_conf          0.6813   +  0.3571    0.634521    0.545725
  3  delta_conf         0.6057   +  0.1869    0.252123     0.16057
  4  feat_left_pc1       0.584   -  0.1576    2.654216    3.132687
  5  delta_entropy      0.5698   -  0.1086    -1.20742   -1.024325
  6  delta_argdisp      0.5583   -  0.0831   31.283252   36.274014
  7  feat_left_l2       0.5199   -   0.054   17.025859   17.217362
  8  feat_left_pc2      0.5102   -   0.022    1.993329    2.061714
  9  feat_left_pc3      0.5056   +  0.0025    2.013592    2.005967
 10  pre_entropy        0.5046   -  0.0295    2.065917    2.111556
 11  pre_conf           0.5004   -  0.0068    0.382398    0.385155
BEST: post_entropy (AUC=0.7133, polarity=-)
저장: D:\Users\dust\Documents\학교\2026년도1학기\컴퓨터비전\실습\FoundationStereo\experiments\ds_v1_seed0/livingroom_v50\features\report.json / panels.png / mirror_signal.npy
[device] cuda
  [train] epoch 60/300  loss=0.5500
  [train] epoch 120/300  loss=0.4224
  [train] epoch 180/300  loss=0.3530
  [train] epoch 240/300  loss=0.3070
  [train] epoch 300/300  loss=0.2728

[VAL] scene=ds_v1_seed0/livingroom_v50  (pixel 70/30 split)
  AUC      = 0.9648
  IoU@0.5  = 0.6803
  F1@0.5   = 0.8097
  accuracy = 0.9000  (prec=0.7329, rec=0.9045)
  tp=3760 fp=1370 fn=397 tn=12137

[save] D:\Users\dust\Documents\학교\2026년도1학기\컴퓨터비전\실습\FoundationStereo\experiments\ds_v1_seed0/livingroom_v50\submodel
  pred_mask.png, panel.png, metrics.json, head.pt
DONE: D:\Users\dust\Documents\학교\2026년도1학기\컴퓨터비전\실습\FoundationStereo\experiments\ds_v1_seed0/livingroom_v50\submodel
[device] cuda
[load] D:\Users\dust\Documents\학교\2026년도1학기\컴퓨터비전\실습\FoundationStereo\experiments\_model\general_head.pt  (train_scenes=['archiviz_baseline080', 'bedroom_baseline080', 'blue_bathroom_baseline080', 'computer_room_baseline080', 'cozy_living_room_baseline080', 'flat-archiviz_baseline080', 'green_house_baseline080', 'gym_baseline080', 'livingroom_baseline080', 'minimal_interior_baseline080', 'scandinavian_baseline080', 'sunlight_baseline080'])

[APPLY] ds_v1_seed0/livingroom_v50  (저장모델로 새 데이터 평가)
  AUC      = 0.8510
  IoU@0.5  = 0.3205
  F1@0.5   = 0.4854
  accuracy = 0.7949  (prec=0.5862, rec=0.4142)
  tp=5695 fp=4020 fn=8056 tn=41109
[save] D:\Users\dust\Documents\학교\2026년도1학기\컴퓨터비전\실습\FoundationStereo\experiments\ds_v1_seed0/livingroom_v50\submodel_applied  (pred_mask.png, panel.png, metrics.json)

============================================================
STEP: estimate_mirror_plane
============================================================

============================================================
STEP: viz_ransac_inliers
============================================================

============================================================
STEP: make_mirror_gt_from_depth
============================================================

============================================================
STEP: analyze_features
============================================================

============================================================
STEP: submodel_head
============================================================

============================================================
STEP: apply_submodel
============================================================

DONE: D:\Users\dust\Documents\학교\2026년도1학기\컴퓨터비전\실습\FoundationStereo\experiments\ds_v1_seed0/livingroom_v50 (ok)

##### [52/121] ds_v1_seed0/livingroom_v51  (done 28, fail 0, skip 23, elapsed 17m, ETA 42m) #####
[scene] ds_v1_seed0/livingroom_v51  size=1280x720
[select] mirror 점 개수 = 198307  (mask=198307, valid&depth = 889209)
[conf] mirror 영역 평균 confidence = 0.6179

=== 평면 추정 결과 ===
  [PCA (closed form)]
      normal = [-0.7549, +0.0174, -0.6556]
      d = +2.4308   mirror_depth(perp) = 2.4308 m   view_z = 4.5194 m
      n_inliers = 198307/198307   rms_residual = 0.26286 m
  [RANSAC]
      normal = [-0.7051, -0.0424, -0.7078]
      d = +2.8198   mirror_depth(perp) = 2.8198 m   view_z = 4.5194 m
      n_inliers = 142161/198307   rms_residual = 0.01863 m
  [SVD robust (IRLS)]
      normal = [-0.7071, -0.0516, -0.7052]
      d = +2.7850   mirror_depth(perp) = 2.7850 m   view_z = 4.5194 m
      n_inliers = 141211/198307   rms_residual = 0.02729 m

[save] D:\Users\dust\Documents\학교\2026년도1학기\컴퓨터비전\실습\FoundationStereo\experiments\ds_v1_seed0/livingroom_v51\mirror_geometry\result.json
[save] D:\Users\dust\Documents\학교\2026년도1학기\컴퓨터비전\실습\FoundationStereo\experiments\ds_v1_seed0/livingroom_v51\mirror_geometry\plane.txt
[save] D:\Users\dust\Documents\학교\2026년도1학기\컴퓨터비전\실습\FoundationStereo\experiments\ds_v1_seed0/livingroom_v51\mirror_geometry\viz.png

DONE: D:\Users\dust\Documents\학교\2026년도1학기\컴퓨터비전\실습\FoundationStereo\experiments\ds_v1_seed0/livingroom_v51\mirror_geometry
[ds_v1_seed0/livingroom_v51] 거울 점 198307개 중 inlier 142161 (71.7%) / outlier 56146
  normal=[-0.705 -0.042 -0.708] d=2.820  rms(inlier)=0.0186 m  thr≈0.054 m
[save] D:\Users\dust\Documents\학교\2026년도1학기\컴퓨터비전\실습\FoundationStereo\experiments\ds_v1_seed0/livingroom_v51\mirror_geometry\ransac_inliers.png
[gt] livingroom_v51               perp 2.57m planRMS 0.0096m  normal [0.691, -0.014, -0.723]

생성 1, 건너뜀 0 (depth_gt/mask 없음 등)
[ds_v1_seed0/livingroom_v51] feature 184x320  mirror_frac=0.2145720108695652  feat_left=True
rank  signal              AUC    pol  sep     mean_in     mean_out
  1  post_entropy       0.6635   -  0.3184    0.880868    1.062873
  2  post_conf          0.6308   +   0.254    0.617817    0.551874
  3  delta_argdisp      0.5879   -  0.1468   28.449026   37.141353
  4  delta_conf         0.5648   +  0.1217    0.227046    0.166538
  5  feat_left_pc1      0.5502   -    0.09    2.755762    3.037793
  6  pre_entropy        0.5321   -  0.0748    1.999905    2.113332
  7  delta_entropy      0.5261   -  0.0413   -1.119037   -1.050459
  8  pre_conf           0.5144   +  0.0134    0.390771    0.385336
  9  feat_left_pc3      0.5131   +  0.0171    2.041324    1.989372
 10  feat_left_pc2      0.5006   -  0.0039    2.026014    2.038057
 11  feat_left_l2       0.5004   -   0.019   17.089093   17.156156
BEST: post_entropy (AUC=0.6635, polarity=-)
저장: D:\Users\dust\Documents\학교\2026년도1학기\컴퓨터비전\실습\FoundationStereo\experiments\ds_v1_seed0/livingroom_v51\features\report.json / panels.png / mirror_signal.npy
[device] cuda
  [train] epoch 60/300  loss=0.6096
  [train] epoch 120/300  loss=0.4607
  [train] epoch 180/300  loss=0.3691
  [train] epoch 240/300  loss=0.3042
  [train] epoch 300/300  loss=0.2567

[VAL] scene=ds_v1_seed0/livingroom_v51  (pixel 70/30 split)
  AUC      = 0.9685
  IoU@0.5  = 0.6664
  F1@0.5   = 0.7998
  accuracy = 0.9021  (prec=0.7156, rec=0.9066)
  tp=3454 fp=1373 fn=356 tn=12481

[save] D:\Users\dust\Documents\학교\2026년도1학기\컴퓨터비전\실습\FoundationStereo\experiments\ds_v1_seed0/livingroom_v51\submodel
  pred_mask.png, panel.png, metrics.json, head.pt
DONE: D:\Users\dust\Documents\학교\2026년도1학기\컴퓨터비전\실습\FoundationStereo\experiments\ds_v1_seed0/livingroom_v51\submodel
[device] cuda
[load] D:\Users\dust\Documents\학교\2026년도1학기\컴퓨터비전\실습\FoundationStereo\experiments\_model\general_head.pt  (train_scenes=['archiviz_baseline080', 'bedroom_baseline080', 'blue_bathroom_baseline080', 'computer_room_baseline080', 'cozy_living_room_baseline080', 'flat-archiviz_baseline080', 'green_house_baseline080', 'gym_baseline080', 'livingroom_baseline080', 'minimal_interior_baseline080', 'scandinavian_baseline080', 'sunlight_baseline080'])

[APPLY] ds_v1_seed0/livingroom_v51  (저장모델로 새 데이터 평가)
  AUC      = 0.8665
  IoU@0.5  = 0.3444
  F1@0.5   = 0.5123
  accuracy = 0.8286  (prec=0.6575, rec=0.4197)
  tp=5302 fp=2762 fn=7332 tn=43484
[save] D:\Users\dust\Documents\학교\2026년도1학기\컴퓨터비전\실습\FoundationStereo\experiments\ds_v1_seed0/livingroom_v51\submodel_applied  (pred_mask.png, panel.png, metrics.json)

============================================================
STEP: estimate_mirror_plane
============================================================

============================================================
STEP: viz_ransac_inliers
============================================================

============================================================
STEP: make_mirror_gt_from_depth
============================================================

============================================================
STEP: analyze_features
============================================================

============================================================
STEP: submodel_head
============================================================

============================================================
STEP: apply_submodel
============================================================

DONE: D:\Users\dust\Documents\학교\2026년도1학기\컴퓨터비전\실습\FoundationStereo\experiments\ds_v1_seed0/livingroom_v51 (ok)

##### [53/121] ds_v1_seed0/livingroom_v52  (done 29, fail 0, skip 23, elapsed 18m, ETA 42m) #####
[scene] ds_v1_seed0/livingroom_v52  size=1280x720
[select] mirror 점 개수 = 172593  (mask=172593, valid&depth = 890440)
[conf] mirror 영역 평균 confidence = 0.6280

=== 평면 추정 결과 ===
  [PCA (closed form)]
      normal = [-0.6124, -0.0253, -0.7902]
      d = +2.7904   mirror_depth(perp) = 2.7904 m   view_z = 4.8715 m
      n_inliers = 172593/172593   rms_residual = 0.17099 m
  [RANSAC]
      normal = [-0.6447, +0.0330, -0.7637]
      d = +2.7394   mirror_depth(perp) = 2.7394 m   view_z = 4.8715 m
      n_inliers = 107708/172593   rms_residual = 0.02745 m
  [SVD robust (IRLS)]
      normal = [-0.6209, +0.0201, -0.7836]
      d = +2.8259   mirror_depth(perp) = 2.8259 m   view_z = 4.8715 m
      n_inliers = 84455/172593   rms_residual = 0.03529 m

[save] D:\Users\dust\Documents\학교\2026년도1학기\컴퓨터비전\실습\FoundationStereo\experiments\ds_v1_seed0/livingroom_v52\mirror_geometry\result.json
[save] D:\Users\dust\Documents\학교\2026년도1학기\컴퓨터비전\실습\FoundationStereo\experiments\ds_v1_seed0/livingroom_v52\mirror_geometry\plane.txt
[save] D:\Users\dust\Documents\학교\2026년도1학기\컴퓨터비전\실습\FoundationStereo\experiments\ds_v1_seed0/livingroom_v52\mirror_geometry\viz.png

DONE: D:\Users\dust\Documents\학교\2026년도1학기\컴퓨터비전\실습\FoundationStereo\experiments\ds_v1_seed0/livingroom_v52\mirror_geometry
[ds_v1_seed0/livingroom_v52] 거울 점 172593개 중 inlier 107708 (62.4%) / outlier 64885
  normal=[-0.645  0.033 -0.764] d=2.739  rms(inlier)=0.0274 m  thr≈0.057 m
[save] D:\Users\dust\Documents\학교\2026년도1학기\컴퓨터비전\실습\FoundationStereo\experiments\ds_v1_seed0/livingroom_v52\mirror_geometry\ransac_inliers.png
[gt] livingroom_v52               perp 3.05m planRMS 0.0140m  normal [0.731, 0.096, -0.675]

생성 1, 건너뜀 0 (depth_gt/mask 없음 등)
[ds_v1_seed0/livingroom_v52] feature 184x320  mirror_frac=0.18831521739130436  feat_left=True
rank  signal              AUC    pol  sep     mean_in     mean_out
  1  delta_argdisp      0.5684   -  0.0991   31.989538   37.901553
  2  feat_left_l2       0.5416   -  0.0956   16.833671   17.167215
  3  post_entropy       0.5415   -  0.0373    0.860082    0.878386
  4  post_conf          0.5387   +  0.0535    0.627942     0.61496
  5  feat_left_pc1      0.5356   -  0.0694    2.707482    2.924331
  6  pre_entropy        0.5213   -  0.0501    2.120106    2.201371
  7  feat_left_pc3      0.5176   +  0.0255    2.020202    1.943298
  8  delta_entropy      0.5149   +  0.0371   -1.260025   -1.322985
  9  pre_conf           0.5104   +  0.0171    0.371819    0.364903
 10  delta_conf          0.505   +  0.0128    0.256122    0.250057
 11  feat_left_pc2      0.5046   +  0.0062     2.02053    2.001642
BEST: delta_argdisp (AUC=0.5684, polarity=-)
저장: D:\Users\dust\Documents\학교\2026년도1학기\컴퓨터비전\실습\FoundationStereo\experiments\ds_v1_seed0/livingroom_v52\features\report.json / panels.png / mirror_signal.npy
[device] cuda
  [train] epoch 60/300  loss=0.5958
  [train] epoch 120/300  loss=0.4089
  [train] epoch 180/300  loss=0.2980
  [train] epoch 240/300  loss=0.2266
  [train] epoch 300/300  loss=0.1792

[VAL] scene=ds_v1_seed0/livingroom_v52  (pixel 70/30 split)
  AUC      = 0.9855
  IoU@0.5  = 0.7285
  F1@0.5   = 0.8430
  accuracy = 0.9341  (prec=0.7542, rec=0.9554)
  tp=3124 fp=1018 fn=146 tn=13376

[save] D:\Users\dust\Documents\학교\2026년도1학기\컴퓨터비전\실습\FoundationStereo\experiments\ds_v1_seed0/livingroom_v52\submodel
  pred_mask.png, panel.png, metrics.json, head.pt
DONE: D:\Users\dust\Documents\학교\2026년도1학기\컴퓨터비전\실습\FoundationStereo\experiments\ds_v1_seed0/livingroom_v52\submodel
[device] cuda
[load] D:\Users\dust\Documents\학교\2026년도1학기\컴퓨터비전\실습\FoundationStereo\experiments\_model\general_head.pt  (train_scenes=['archiviz_baseline080', 'bedroom_baseline080', 'blue_bathroom_baseline080', 'computer_room_baseline080', 'cozy_living_room_baseline080', 'flat-archiviz_baseline080', 'green_house_baseline080', 'gym_baseline080', 'livingroom_baseline080', 'minimal_interior_baseline080', 'scandinavian_baseline080', 'sunlight_baseline080'])

[APPLY] ds_v1_seed0/livingroom_v52  (저장모델로 새 데이터 평가)
  AUC      = 0.9605
  IoU@0.5  = 0.4893
  F1@0.5   = 0.6571
  accuracy = 0.8986  (prec=0.9045, rec=0.5160)
  tp=5721 fp=604 fn=5367 tn=47188
[save] D:\Users\dust\Documents\학교\2026년도1학기\컴퓨터비전\실습\FoundationStereo\experiments\ds_v1_seed0/livingroom_v52\submodel_applied  (pred_mask.png, panel.png, metrics.json)

============================================================
STEP: estimate_mirror_plane
============================================================

============================================================
STEP: viz_ransac_inliers
============================================================

============================================================
STEP: make_mirror_gt_from_depth
============================================================

============================================================
STEP: analyze_features
============================================================

============================================================
STEP: submodel_head
============================================================

============================================================
STEP: apply_submodel
============================================================

DONE: D:\Users\dust\Documents\학교\2026년도1학기\컴퓨터비전\실습\FoundationStereo\experiments\ds_v1_seed0/livingroom_v52 (ok)

##### [54/121] ds_v1_seed0/livingroom_v53  (done 30, fail 0, skip 23, elapsed 18m, ETA 41m) #####
[scene] ds_v1_seed0/livingroom_v53  size=1280x720
[select] mirror 점 개수 = 192542  (mask=192542, valid&depth = 893991)
[conf] mirror 영역 평균 confidence = 0.6143

=== 평면 추정 결과 ===
  [PCA (closed form)]
      normal = [-0.6327, +0.0595, -0.7721]
      d = +2.4671   mirror_depth(perp) = 2.4671 m   view_z = 4.6825 m
      n_inliers = 192542/192542   rms_residual = 0.27864 m
  [RANSAC]
      normal = [-0.5758, -0.0666, -0.8148]
      d = +2.8838   mirror_depth(perp) = 2.8838 m   view_z = 4.6825 m
      n_inliers = 127884/192542   rms_residual = 0.02695 m
  [SVD robust (IRLS)]
      normal = [-0.5718, -0.0593, -0.8182]
      d = +2.8798   mirror_depth(perp) = 2.8798 m   view_z = 4.6825 m
      n_inliers = 112002/192542   rms_residual = 0.02936 m

[save] D:\Users\dust\Documents\학교\2026년도1학기\컴퓨터비전\실습\FoundationStereo\experiments\ds_v1_seed0/livingroom_v53\mirror_geometry\result.json
[save] D:\Users\dust\Documents\학교\2026년도1학기\컴퓨터비전\실습\FoundationStereo\experiments\ds_v1_seed0/livingroom_v53\mirror_geometry\plane.txt
[save] D:\Users\dust\Documents\학교\2026년도1학기\컴퓨터비전\실습\FoundationStereo\experiments\ds_v1_seed0/livingroom_v53\mirror_geometry\viz.png

DONE: D:\Users\dust\Documents\학교\2026년도1학기\컴퓨터비전\실습\FoundationStereo\experiments\ds_v1_seed0/livingroom_v53\mirror_geometry
[ds_v1_seed0/livingroom_v53] 거울 점 192542개 중 inlier 127884 (66.4%) / outlier 64658
  normal=[-0.576 -0.067 -0.815] d=2.884  rms(inlier)=0.0269 m  thr≈0.057 m
[save] D:\Users\dust\Documents\학교\2026년도1학기\컴퓨터비전\실습\FoundationStereo\experiments\ds_v1_seed0/livingroom_v53\mirror_geometry\ransac_inliers.png
[gt] livingroom_v53               perp 3.01m planRMS 0.0118m  normal [0.796, -0.021, -0.605]

생성 1, 건너뜀 0 (depth_gt/mask 없음 등)
[ds_v1_seed0/livingroom_v53] feature 184x320  mirror_frac=0.20893342391304348  feat_left=True
rank  signal              AUC    pol  sep     mean_in     mean_out
  1  post_entropy       0.6113   -   0.175    0.863111    0.950169
  2  delta_argdisp      0.5983   -  0.1509   29.798082   39.100584
  3  post_conf          0.5817   +  0.1414    0.613544    0.580141
  4  feat_left_l2       0.5744   -  0.1361   16.757647    17.23999
  5  pre_entropy        0.5585   -  0.1012     2.09546    2.266924
  6  pre_conf           0.5398   +  0.0717    0.381688    0.352218
  7  feat_left_pc1      0.5343   -  0.0687    2.722965    2.937002
  8  delta_entropy      0.5212   +  0.0471    -1.23235   -1.316755
  9  delta_conf         0.5074   +  0.0081    0.231856    0.227923
 10  feat_left_pc3      0.5044   +  0.0012    1.988678    1.984937
 11  feat_left_pc2      0.5037   -  0.0135    2.005514     2.04723
BEST: post_entropy (AUC=0.6113, polarity=-)
저장: D:\Users\dust\Documents\학교\2026년도1학기\컴퓨터비전\실습\FoundationStereo\experiments\ds_v1_seed0/livingroom_v53\features\report.json / panels.png / mirror_signal.npy
[device] cuda
  [train] epoch 60/300  loss=0.6560
  [train] epoch 120/300  loss=0.4881
  [train] epoch 180/300  loss=0.3733
  [train] epoch 240/300  loss=0.2987
  [train] epoch 300/300  loss=0.2481

[VAL] scene=ds_v1_seed0/livingroom_v53  (pixel 70/30 split)
  AUC      = 0.9699
  IoU@0.5  = 0.6715
  F1@0.5   = 0.8035
  accuracy = 0.9077  (prec=0.7185, rec=0.9112)
  tp=3334 fp=1306 fn=325 tn=12699

[save] D:\Users\dust\Documents\학교\2026년도1학기\컴퓨터비전\실습\FoundationStereo\experiments\ds_v1_seed0/livingroom_v53\submodel
  pred_mask.png, panel.png, metrics.json, head.pt
DONE: D:\Users\dust\Documents\학교\2026년도1학기\컴퓨터비전\실습\FoundationStereo\experiments\ds_v1_seed0/livingroom_v53\submodel
[device] cuda
[load] D:\Users\dust\Documents\학교\2026년도1학기\컴퓨터비전\실습\FoundationStereo\experiments\_model\general_head.pt  (train_scenes=['archiviz_baseline080', 'bedroom_baseline080', 'blue_bathroom_baseline080', 'computer_room_baseline080', 'cozy_living_room_baseline080', 'flat-archiviz_baseline080', 'green_house_baseline080', 'gym_baseline080', 'livingroom_baseline080', 'minimal_interior_baseline080', 'scandinavian_baseline080', 'sunlight_baseline080'])

[APPLY] ds_v1_seed0/livingroom_v53  (저장모델로 새 데이터 평가)
  AUC      = 0.9029
  IoU@0.5  = 0.3874
  F1@0.5   = 0.5585
  accuracy = 0.8513  (prec=0.7356, rec=0.4501)
  tp=5537 fp=1990 fn=6765 tn=44588
[save] D:\Users\dust\Documents\학교\2026년도1학기\컴퓨터비전\실습\FoundationStereo\experiments\ds_v1_seed0/livingroom_v53\submodel_applied  (pred_mask.png, panel.png, metrics.json)

============================================================
STEP: estimate_mirror_plane
============================================================

============================================================
STEP: viz_ransac_inliers
============================================================

============================================================
STEP: make_mirror_gt_from_depth
============================================================

============================================================
STEP: analyze_features
============================================================

============================================================
STEP: submodel_head
============================================================

============================================================
STEP: apply_submodel
============================================================

DONE: D:\Users\dust\Documents\학교\2026년도1학기\컴퓨터비전\실습\FoundationStereo\experiments\ds_v1_seed0/livingroom_v53 (ok)

##### [55/121] ds_v1_seed0/livingroom_v54  (done 31, fail 0, skip 23, elapsed 19m, ETA 41m) #####
[scene] ds_v1_seed0/livingroom_v54  size=1280x720
[select] mirror 점 개수 = 122610  (mask=132076, valid&depth = 900455)
[conf] mirror 영역 평균 confidence = 0.5750

=== 평면 추정 결과 ===
  [PCA (closed form)]
      normal = [-0.4625, -0.0549, -0.8849]
      d = +2.5175   mirror_depth(perp) = 2.5175 m   view_z = 3.9498 m
      n_inliers = 122610/122610   rms_residual = 0.10991 m
  [RANSAC]
      normal = [-0.4489, +0.0459, -0.8924]
      d = +2.6820   mirror_depth(perp) = 2.6820 m   view_z = 3.9498 m
      n_inliers = 88541/122610   rms_residual = 0.01440 m
  [SVD robust (IRLS)]
      normal = [-0.4468, +0.0014, -0.8946]
      d = +2.6445   mirror_depth(perp) = 2.6445 m   view_z = 3.9498 m
      n_inliers = 66903/122610   rms_residual = 0.01630 m

[save] D:\Users\dust\Documents\학교\2026년도1학기\컴퓨터비전\실습\FoundationStereo\experiments\ds_v1_seed0/livingroom_v54\mirror_geometry\result.json
[save] D:\Users\dust\Documents\학교\2026년도1학기\컴퓨터비전\실습\FoundationStereo\experiments\ds_v1_seed0/livingroom_v54\mirror_geometry\plane.txt
[save] D:\Users\dust\Documents\학교\2026년도1학기\컴퓨터비전\실습\FoundationStereo\experiments\ds_v1_seed0/livingroom_v54\mirror_geometry\viz.png

DONE: D:\Users\dust\Documents\학교\2026년도1학기\컴퓨터비전\실습\FoundationStereo\experiments\ds_v1_seed0/livingroom_v54\mirror_geometry
[ds_v1_seed0/livingroom_v54] 거울 점 122610개 중 inlier 88541 (72.2%) / outlier 34069
  normal=[-0.449  0.046 -0.892] d=2.682  rms(inlier)=0.0144 m  thr≈0.037 m
[save] D:\Users\dust\Documents\학교\2026년도1학기\컴퓨터비전\실습\FoundationStereo\experiments\ds_v1_seed0/livingroom_v54\mirror_geometry\ransac_inliers.png
[gt] livingroom_v54               perp 2.89m planRMS 0.0169m  normal [0.874, 0.085, -0.479]

생성 1, 건너뜀 0 (depth_gt/mask 없음 등)
[ds_v1_seed0/livingroom_v54] feature 184x320  mirror_frac=0.14483695652173914  feat_left=True
rank  signal              AUC    pol  sep     mean_in     mean_out
  1  delta_argdisp      0.6455   -  0.1756   26.882622    37.69606
  2  feat_left_pc1      0.6125   -  0.2089    2.448503    3.078113
  3  post_entropy         0.59   +  0.1311    1.019299    0.932751
  4  post_conf          0.5569   -  0.0974    0.570339    0.597917
  5  delta_conf         0.5486   -  0.0971    0.176095    0.229721
  6  delta_entropy      0.5377   +  0.0294   -1.152096   -1.214142
  7  feat_left_pc3      0.5366   +  0.0619    2.109487    1.921103
  8  feat_left_pc2      0.5292   +  0.0468    2.117941    1.972894
  9  pre_entropy        0.5229   -  0.0127    2.171395    2.146893
 10  pre_conf           0.5184   +  0.0582    0.394244    0.368195
 11  feat_left_l2       0.5134   +  0.0152   17.092309    17.14622
BEST: delta_argdisp (AUC=0.6455, polarity=-)
저장: D:\Users\dust\Documents\학교\2026년도1학기\컴퓨터비전\실습\FoundationStereo\experiments\ds_v1_seed0/livingroom_v54\features\report.json / panels.png / mirror_signal.npy
[device] cuda
  [train] epoch 60/300  loss=0.6174
  [train] epoch 120/300  loss=0.4422
  [train] epoch 180/300  loss=0.3462
  [train] epoch 240/300  loss=0.2836
  [train] epoch 300/300  loss=0.2402

[VAL] scene=ds_v1_seed0/livingroom_v54  (pixel 70/30 split)
  AUC      = 0.9715
  IoU@0.5  = 0.6080
  F1@0.5   = 0.7562
  accuracy = 0.9159  (prec=0.6449, rec=0.9139)
  tp=2303 fp=1268 fn=217 tn=13876

[save] D:\Users\dust\Documents\학교\2026년도1학기\컴퓨터비전\실습\FoundationStereo\experiments\ds_v1_seed0/livingroom_v54\submodel
  pred_mask.png, panel.png, metrics.json, head.pt
DONE: D:\Users\dust\Documents\학교\2026년도1학기\컴퓨터비전\실습\FoundationStereo\experiments\ds_v1_seed0/livingroom_v54\submodel
[device] cuda
[load] D:\Users\dust\Documents\학교\2026년도1학기\컴퓨터비전\실습\FoundationStereo\experiments\_model\general_head.pt  (train_scenes=['archiviz_baseline080', 'bedroom_baseline080', 'blue_bathroom_baseline080', 'computer_room_baseline080', 'cozy_living_room_baseline080', 'flat-archiviz_baseline080', 'green_house_baseline080', 'gym_baseline080', 'livingroom_baseline080', 'minimal_interior_baseline080', 'scandinavian_baseline080', 'sunlight_baseline080'])

[APPLY] ds_v1_seed0/livingroom_v54  (저장모델로 새 데이터 평가)
  AUC      = 0.9403
  IoU@0.5  = 0.3900
  F1@0.5   = 0.5611
  accuracy = 0.8941  (prec=0.7016, rec=0.4675)
  tp=3987 fp=1696 fn=4541 tn=48656
[save] D:\Users\dust\Documents\학교\2026년도1학기\컴퓨터비전\실습\FoundationStereo\experiments\ds_v1_seed0/livingroom_v54\submodel_applied  (pred_mask.png, panel.png, metrics.json)

============================================================
STEP: estimate_mirror_plane
============================================================

============================================================
STEP: viz_ransac_inliers
============================================================

============================================================
STEP: make_mirror_gt_from_depth
============================================================

============================================================
STEP: analyze_features
============================================================

============================================================
STEP: submodel_head
============================================================

============================================================
STEP: apply_submodel
============================================================

DONE: D:\Users\dust\Documents\학교\2026년도1학기\컴퓨터비전\실습\FoundationStereo\experiments\ds_v1_seed0/livingroom_v54 (ok)

##### [56/121] ds_v1_seed0/livingroom_v55  (done 32, fail 0, skip 23, elapsed 19m, ETA 40m) #####
[scene] ds_v1_seed0/livingroom_v55  size=1280x720
[select] mirror 점 개수 = 171761  (mask=171833, valid&depth = 889762)
[conf] mirror 영역 평균 confidence = 0.6090

=== 평면 추정 결과 ===
  [PCA (closed form)]
      normal = [-0.6987, -0.0918, -0.7095]
      d = +2.1917   mirror_depth(perp) = 2.1917 m   view_z = 4.9044 m
      n_inliers = 171761/171761   rms_residual = 0.29443 m
  [RANSAC]
      normal = [-0.6040, -0.0405, -0.7959]
      d = +2.8132   mirror_depth(perp) = 2.8132 m   view_z = 4.9044 m
      n_inliers = 169591/171761   rms_residual = 0.13308 m
  [SVD robust (IRLS)]
      normal = [-0.6106, -0.0422, -0.7908]
      d = +2.7754   mirror_depth(perp) = 2.7754 m   view_z = 4.9044 m
      n_inliers = 169693/171761   rms_residual = 0.13443 m

[save] D:\Users\dust\Documents\학교\2026년도1학기\컴퓨터비전\실습\FoundationStereo\experiments\ds_v1_seed0/livingroom_v55\mirror_geometry\result.json
[save] D:\Users\dust\Documents\학교\2026년도1학기\컴퓨터비전\실습\FoundationStereo\experiments\ds_v1_seed0/livingroom_v55\mirror_geometry\plane.txt
[save] D:\Users\dust\Documents\학교\2026년도1학기\컴퓨터비전\실습\FoundationStereo\experiments\ds_v1_seed0/livingroom_v55\mirror_geometry\viz.png

DONE: D:\Users\dust\Documents\학교\2026년도1학기\컴퓨터비전\실습\FoundationStereo\experiments\ds_v1_seed0/livingroom_v55\mirror_geometry
[ds_v1_seed0/livingroom_v55] 거울 점 171761개 중 inlier 169591 (98.7%) / outlier 2170
  normal=[-0.604 -0.04  -0.796] d=2.813  rms(inlier)=0.1331 m  thr≈0.565 m
[save] D:\Users\dust\Documents\학교\2026년도1학기\컴퓨터비전\실습\FoundationStereo\experiments\ds_v1_seed0/livingroom_v55\mirror_geometry\ransac_inliers.png
[gt] livingroom_v55               perp 3.08m planRMS 0.0146m  normal [0.728, 0.078, -0.681]

생성 1, 건너뜀 0 (depth_gt/mask 없음 등)
[ds_v1_seed0/livingroom_v55] feature 184x320  mirror_frac=0.1873811141304348  feat_left=True
rank  signal              AUC    pol  sep     mean_in     mean_out
  1  delta_argdisp      0.5915   -  0.1251    29.67425   37.042929
  2  feat_left_pc1      0.5497   -  0.0925    2.670406    2.957431
  3  delta_entropy      0.5461   +  0.0924   -1.208677   -1.366003
  4  feat_left_l2       0.5416   -  0.0925   16.866116   17.191498
  5  delta_conf         0.5329   -  0.0605    0.229923    0.258847
  6  pre_entropy        0.5327   -  0.0715    2.105272    2.221788
  7  pre_conf            0.527   +  0.0499     0.37983    0.359576
  8  feat_left_pc3      0.5171   +  0.0285    2.032761    1.946697
  9  post_entropy       0.5154   +   0.084    0.896595    0.855785
 10  feat_left_pc2      0.5128   +  0.0202    2.046693    1.984915
 11  post_conf          0.5102   -  0.0355    0.609754    0.618423
BEST: delta_argdisp (AUC=0.5915, polarity=-)
저장: D:\Users\dust\Documents\학교\2026년도1학기\컴퓨터비전\실습\FoundationStereo\experiments\ds_v1_seed0/livingroom_v55\features\report.json / panels.png / mirror_signal.npy
[device] cuda
  [train] epoch 60/300  loss=0.5994
  [train] epoch 120/300  loss=0.4219
  [train] epoch 180/300  loss=0.3127
  [train] epoch 240/300  loss=0.2387
  [train] epoch 300/300  loss=0.1898

[VAL] scene=ds_v1_seed0/livingroom_v55  (pixel 70/30 split)
  AUC      = 0.9843
  IoU@0.5  = 0.7221
  F1@0.5   = 0.8386
  accuracy = 0.9320  (prec=0.7482, rec=0.9538)
  tp=3120 fp=1050 fn=151 tn=13343

[save] D:\Users\dust\Documents\학교\2026년도1학기\컴퓨터비전\실습\FoundationStereo\experiments\ds_v1_seed0/livingroom_v55\submodel
  pred_mask.png, panel.png, metrics.json, head.pt
DONE: D:\Users\dust\Documents\학교\2026년도1학기\컴퓨터비전\실습\FoundationStereo\experiments\ds_v1_seed0/livingroom_v55\submodel
[device] cuda
[load] D:\Users\dust\Documents\학교\2026년도1학기\컴퓨터비전\실습\FoundationStereo\experiments\_model\general_head.pt  (train_scenes=['archiviz_baseline080', 'bedroom_baseline080', 'blue_bathroom_baseline080', 'computer_room_baseline080', 'cozy_living_room_baseline080', 'flat-archiviz_baseline080', 'green_house_baseline080', 'gym_baseline080', 'livingroom_baseline080', 'minimal_interior_baseline080', 'scandinavian_baseline080', 'sunlight_baseline080'])

[APPLY] ds_v1_seed0/livingroom_v55  (저장모델로 새 데이터 평가)
  AUC      = 0.9652
  IoU@0.5  = 0.5303
  F1@0.5   = 0.6930
  accuracy = 0.9054  (prec=0.8836, rec=0.5701)
  tp=6290 fp=829 fn=4743 tn=47018
[save] D:\Users\dust\Documents\학교\2026년도1학기\컴퓨터비전\실습\FoundationStereo\experiments\ds_v1_seed0/livingroom_v55\submodel_applied  (pred_mask.png, panel.png, metrics.json)

============================================================
STEP: estimate_mirror_plane
============================================================

============================================================
STEP: viz_ransac_inliers
============================================================

============================================================
STEP: make_mirror_gt_from_depth
============================================================

============================================================
STEP: analyze_features
============================================================

============================================================
STEP: submodel_head
============================================================

============================================================
STEP: apply_submodel
============================================================

DONE: D:\Users\dust\Documents\학교\2026년도1학기\컴퓨터비전\실습\FoundationStereo\experiments\ds_v1_seed0/livingroom_v55 (ok)

##### [57/121] ds_v1_seed0/livingroom_v56  (done 33, fail 0, skip 23, elapsed 20m, ETA 40m) #####
[scene] ds_v1_seed0/livingroom_v56  size=1280x720
[select] mirror 점 개수 = 188614  (mask=188933, valid&depth = 896874)
[conf] mirror 영역 평균 confidence = 0.6172

=== 평면 추정 결과 ===
  [PCA (closed form)]
      normal = [-0.6322, -0.2272, -0.7407]
      d = +2.0692   mirror_depth(perp) = 2.0692 m   view_z = 4.9024 m
      n_inliers = 188614/188614   rms_residual = 0.30662 m
  [RANSAC]
      normal = [-0.4868, -0.0506, -0.8721]
      d = +3.0656   mirror_depth(perp) = 3.0656 m   view_z = 4.9024 m
      n_inliers = 154972/188614   rms_residual = 0.03796 m
  [SVD robust (IRLS)]
      normal = [-0.5295, -0.1029, -0.8421]
      d = +2.8061   mirror_depth(perp) = 2.8061 m   view_z = 4.9024 m
      n_inliers = 145059/188614   rms_residual = 0.05500 m

[save] D:\Users\dust\Documents\학교\2026년도1학기\컴퓨터비전\실습\FoundationStereo\experiments\ds_v1_seed0/livingroom_v56\mirror_geometry\result.json
[save] D:\Users\dust\Documents\학교\2026년도1학기\컴퓨터비전\실습\FoundationStereo\experiments\ds_v1_seed0/livingroom_v56\mirror_geometry\plane.txt
[save] D:\Users\dust\Documents\학교\2026년도1학기\컴퓨터비전\실습\FoundationStereo\experiments\ds_v1_seed0/livingroom_v56\mirror_geometry\viz.png

DONE: D:\Users\dust\Documents\학교\2026년도1학기\컴퓨터비전\실습\FoundationStereo\experiments\ds_v1_seed0/livingroom_v56\mirror_geometry
[ds_v1_seed0/livingroom_v56] 거울 점 188614개 중 inlier 154972 (82.2%) / outlier 33642
  normal=[-0.487 -0.051 -0.872] d=3.066  rms(inlier)=0.0380 m  thr≈0.126 m
[save] D:\Users\dust\Documents\학교\2026년도1학기\컴퓨터비전\실습\FoundationStereo\experiments\ds_v1_seed0/livingroom_v56\mirror_geometry\ransac_inliers.png
[gt] livingroom_v56               perp 3.00m planRMS 0.0110m  normal [0.839, 0.03, -0.544]

생성 1, 건너뜀 0 (depth_gt/mask 없음 등)
[ds_v1_seed0/livingroom_v56] feature 184x320  mirror_frac=0.2057235054347826  feat_left=True
rank  signal              AUC    pol  sep     mean_in     mean_out
  1  delta_argdisp      0.5965   -  0.1305   30.323041     38.3987
  2  post_entropy        0.571   -   0.166    0.831983    0.906962
  3  post_conf          0.5454   +  0.0877    0.618288    0.598362
  4  feat_left_l2       0.5443   -  0.0902   16.849001   17.175534
  5  feat_left_pc1       0.542   -  0.0794    2.661749    2.911176
  6  pre_entropy         0.533   -  0.0449    2.150682    2.228037
  7  pre_conf           0.5243   +  0.0547    0.377822    0.355311
  8  delta_entropy       0.507   +  0.0014   -1.318699   -1.321075
  9  feat_left_pc3      0.5066   +  0.0066    1.992087    1.972187
 10  feat_left_pc2      0.5047   +  0.0053     2.04505     2.02844
 11  delta_conf         0.5026   +  0.0054    0.240466    0.243051
BEST: delta_argdisp (AUC=0.5965, polarity=-)
저장: D:\Users\dust\Documents\학교\2026년도1학기\컴퓨터비전\실습\FoundationStereo\experiments\ds_v1_seed0/livingroom_v56\features\report.json / panels.png / mirror_signal.npy
[device] cuda
  [train] epoch 60/300  loss=0.7004
  [train] epoch 120/300  loss=0.5086
  [train] epoch 180/300  loss=0.3750
  [train] epoch 240/300  loss=0.2889
  [train] epoch 300/300  loss=0.2317

[VAL] scene=ds_v1_seed0/livingroom_v56  (pixel 70/30 split)
  AUC      = 0.9710
  IoU@0.5  = 0.6843
  F1@0.5   = 0.8126
  accuracy = 0.9137  (prec=0.7317, rec=0.9135)
  tp=3306 fp=1212 fn=313 tn=12833

[save] D:\Users\dust\Documents\학교\2026년도1학기\컴퓨터비전\실습\FoundationStereo\experiments\ds_v1_seed0/livingroom_v56\submodel
  pred_mask.png, panel.png, metrics.json, head.pt
DONE: D:\Users\dust\Documents\학교\2026년도1학기\컴퓨터비전\실습\FoundationStereo\experiments\ds_v1_seed0/livingroom_v56\submodel
[device] cuda
[load] D:\Users\dust\Documents\학교\2026년도1학기\컴퓨터비전\실습\FoundationStereo\experiments\_model\general_head.pt  (train_scenes=['archiviz_baseline080', 'bedroom_baseline080', 'blue_bathroom_baseline080', 'computer_room_baseline080', 'cozy_living_room_baseline080', 'flat-archiviz_baseline080', 'green_house_baseline080', 'gym_baseline080', 'livingroom_baseline080', 'minimal_interior_baseline080', 'scandinavian_baseline080', 'sunlight_baseline080'])

[APPLY] ds_v1_seed0/livingroom_v56  (저장모델로 새 데이터 평가)
  AUC      = 0.9072
  IoU@0.5  = 0.3019
  F1@0.5   = 0.4638
  accuracy = 0.8371  (prec=0.7184, rec=0.3424)
  tp=4148 fp=1626 fn=7965 tn=45141
[save] D:\Users\dust\Documents\학교\2026년도1학기\컴퓨터비전\실습\FoundationStereo\experiments\ds_v1_seed0/livingroom_v56\submodel_applied  (pred_mask.png, panel.png, metrics.json)

============================================================
STEP: estimate_mirror_plane
============================================================

============================================================
STEP: viz_ransac_inliers
============================================================

============================================================
STEP: make_mirror_gt_from_depth
============================================================

============================================================
STEP: analyze_features
============================================================

============================================================
STEP: submodel_head
============================================================

============================================================
STEP: apply_submodel
============================================================

DONE: D:\Users\dust\Documents\학교\2026년도1학기\컴퓨터비전\실습\FoundationStereo\experiments\ds_v1_seed0/livingroom_v56 (ok)

##### [58/121] ds_v1_seed0/livingroom_v57  (done 34, fail 0, skip 23, elapsed 21m, ETA 39m) #####
[scene] ds_v1_seed0/livingroom_v57  size=1280x720
[select] mirror 점 개수 = 134731  (mask=134731, valid&depth = 862151)
[conf] mirror 영역 평균 confidence = 0.6024

=== 평면 추정 결과 ===
  [PCA (closed form)]
      normal = [-0.5922, -0.0341, -0.8050]
      d = +2.9735   mirror_depth(perp) = 2.9735 m   view_z = 4.6298 m
      n_inliers = 134731/134731   rms_residual = 0.11388 m
  [RANSAC]
      normal = [-0.5941, +0.0325, -0.8037]
      d = +3.0542   mirror_depth(perp) = 3.0542 m   view_z = 4.6298 m
      n_inliers = 109725/134731   rms_residual = 0.01859 m
  [SVD robust (IRLS)]
      normal = [-0.5904, +0.0129, -0.8070]
      d = +3.0466   mirror_depth(perp) = 3.0466 m   view_z = 4.6298 m
      n_inliers = 107253/134731   rms_residual = 0.02234 m

[save] D:\Users\dust\Documents\학교\2026년도1학기\컴퓨터비전\실습\FoundationStereo\experiments\ds_v1_seed0/livingroom_v57\mirror_geometry\result.json
[save] D:\Users\dust\Documents\학교\2026년도1학기\컴퓨터비전\실습\FoundationStereo\experiments\ds_v1_seed0/livingroom_v57\mirror_geometry\plane.txt
[save] D:\Users\dust\Documents\학교\2026년도1학기\컴퓨터비전\실습\FoundationStereo\experiments\ds_v1_seed0/livingroom_v57\mirror_geometry\viz.png

DONE: D:\Users\dust\Documents\학교\2026년도1학기\컴퓨터비전\실습\FoundationStereo\experiments\ds_v1_seed0/livingroom_v57\mirror_geometry
[ds_v1_seed0/livingroom_v57] 거울 점 134731개 중 inlier 109725 (81.4%) / outlier 25006
  normal=[-0.594  0.032 -0.804] d=3.054  rms(inlier)=0.0186 m  thr≈0.050 m
[save] D:\Users\dust\Documents\학교\2026년도1학기\컴퓨터비전\실습\FoundationStereo\experiments\ds_v1_seed0/livingroom_v57\mirror_geometry\ransac_inliers.png
[gt] livingroom_v57               perp 2.73m planRMS 0.0115m  normal [0.771, 0.114, -0.627]

생성 1, 건너뜀 0 (depth_gt/mask 없음 등)
[ds_v1_seed0/livingroom_v57] feature 184x320  mirror_frac=0.14677309782608697  feat_left=True
rank  signal              AUC    pol  sep     mean_in     mean_out
  1  delta_argdisp       0.563   -  0.0851   31.195094    36.00838
  2  feat_left_l2       0.5371   -  0.0872   16.784881    17.10034
  3  delta_conf         0.5349   -  0.0492    0.224345    0.247574
  4  pre_entropy        0.5286   -  0.0785     2.09547    2.219295
  5  post_entropy       0.5277   -  0.0692    0.870009     0.90973
  6  delta_entropy      0.5261   +  0.0513   -1.225461   -1.309564
  7  pre_conf            0.526   +  0.0483    0.377983    0.358608
  8  feat_left_pc3      0.5213   +  0.0386    2.036841    1.920474
  9  feat_left_pc1       0.518   -  0.0397    2.700708    2.821803
 10  post_conf          0.5166   -  0.0148    0.602328    0.606183
 11  feat_left_pc2      0.5078   +  0.0098    2.000971    1.971362
BEST: delta_argdisp (AUC=0.563, polarity=-)
저장: D:\Users\dust\Documents\학교\2026년도1학기\컴퓨터비전\실습\FoundationStereo\experiments\ds_v1_seed0/livingroom_v57\features\report.json / panels.png / mirror_signal.npy
[device] cuda
  [train] epoch 60/300  loss=0.7628
  [train] epoch 120/300  loss=0.6107
  [train] epoch 180/300  loss=0.4943
  [train] epoch 240/300  loss=0.4018
  [train] epoch 300/300  loss=0.3287

[VAL] scene=ds_v1_seed0/livingroom_v57  (pixel 70/30 split)
  AUC      = 0.9409
  IoU@0.5  = 0.5067
  F1@0.5   = 0.6726
  accuracy = 0.8798  (prec=0.5575, rec=0.8476)
  tp=2181 fp=1731 fn=392 tn=13360

[save] D:\Users\dust\Documents\학교\2026년도1학기\컴퓨터비전\실습\FoundationStereo\experiments\ds_v1_seed0/livingroom_v57\submodel
  pred_mask.png, panel.png, metrics.json, head.pt
DONE: D:\Users\dust\Documents\학교\2026년도1학기\컴퓨터비전\실습\FoundationStereo\experiments\ds_v1_seed0/livingroom_v57\submodel
[device] cuda
[load] D:\Users\dust\Documents\학교\2026년도1학기\컴퓨터비전\실습\FoundationStereo\experiments\_model\general_head.pt  (train_scenes=['archiviz_baseline080', 'bedroom_baseline080', 'blue_bathroom_baseline080', 'computer_room_baseline080', 'cozy_living_room_baseline080', 'flat-archiviz_baseline080', 'green_house_baseline080', 'gym_baseline080', 'livingroom_baseline080', 'minimal_interior_baseline080', 'scandinavian_baseline080', 'sunlight_baseline080'])

[APPLY] ds_v1_seed0/livingroom_v57  (저장모델로 새 데이터 평가)
  AUC      = 0.9399
  IoU@0.5  = 0.4101
  F1@0.5   = 0.5816
  accuracy = 0.8971  (prec=0.7213, rec=0.4873)
  tp=4211 fp=1627 fn=4431 tn=48611
[save] D:\Users\dust\Documents\학교\2026년도1학기\컴퓨터비전\실습\FoundationStereo\experiments\ds_v1_seed0/livingroom_v57\submodel_applied  (pred_mask.png, panel.png, metrics.json)

============================================================
STEP: estimate_mirror_plane
============================================================

============================================================
STEP: viz_ransac_inliers
============================================================

============================================================
STEP: make_mirror_gt_from_depth
============================================================

============================================================
STEP: analyze_features
============================================================

============================================================
STEP: submodel_head
============================================================

============================================================
STEP: apply_submodel
============================================================

DONE: D:\Users\dust\Documents\학교\2026년도1학기\컴퓨터비전\실습\FoundationStereo\experiments\ds_v1_seed0/livingroom_v57 (ok)

##### [59/121] ds_v1_seed0/livingroom_v58  (done 35, fail 0, skip 23, elapsed 21m, ETA 38m) #####
[scene] ds_v1_seed0/livingroom_v58  size=1280x720
[select] mirror 점 개수 = 185115  (mask=185115, valid&depth = 888494)
[conf] mirror 영역 평균 confidence = 0.6228

=== 평면 추정 결과 ===
  [PCA (closed form)]
      normal = [-0.7593, -0.0108, -0.6506]
      d = +2.6039   mirror_depth(perp) = 2.6039 m   view_z = 4.8365 m
      n_inliers = 185115/185115   rms_residual = 0.21114 m
  [RANSAC]
      normal = [-0.7898, +0.0176, -0.6132]
      d = +2.5409   mirror_depth(perp) = 2.5409 m   view_z = 4.8365 m
      n_inliers = 115810/185115   rms_residual = 0.02244 m
  [SVD robust (IRLS)]
      normal = [-0.7696, +0.0052, -0.6385]
      d = +2.6228   mirror_depth(perp) = 2.6228 m   view_z = 4.8365 m
      n_inliers = 89317/185115   rms_residual = 0.03070 m

[save] D:\Users\dust\Documents\학교\2026년도1학기\컴퓨터비전\실습\FoundationStereo\experiments\ds_v1_seed0/livingroom_v58\mirror_geometry\result.json
[save] D:\Users\dust\Documents\학교\2026년도1학기\컴퓨터비전\실습\FoundationStereo\experiments\ds_v1_seed0/livingroom_v58\mirror_geometry\plane.txt
[save] D:\Users\dust\Documents\학교\2026년도1학기\컴퓨터비전\실습\FoundationStereo\experiments\ds_v1_seed0/livingroom_v58\mirror_geometry\viz.png

DONE: D:\Users\dust\Documents\학교\2026년도1학기\컴퓨터비전\실습\FoundationStereo\experiments\ds_v1_seed0/livingroom_v58\mirror_geometry
[ds_v1_seed0/livingroom_v58] 거울 점 185115개 중 inlier 115810 (62.6%) / outlier 69305
  normal=[-0.79   0.018 -0.613] d=2.541  rms(inlier)=0.0224 m  thr≈0.060 m
[save] D:\Users\dust\Documents\학교\2026년도1학기\컴퓨터비전\실습\FoundationStereo\experiments\ds_v1_seed0/livingroom_v58\mirror_geometry\ransac_inliers.png
[gt] livingroom_v58               perp 2.89m planRMS 0.0145m  normal [0.57, 0.074, -0.819]

생성 1, 건너뜀 0 (depth_gt/mask 없음 등)
[ds_v1_seed0/livingroom_v58] feature 184x320  mirror_frac=0.2015115489130435  feat_left=True
rank  signal              AUC    pol  sep     mean_in     mean_out
  1  post_entropy       0.5867   -  0.2062    0.839355    0.946841
  2  delta_argdisp      0.5735   -  0.1029   30.660851   36.709135
  3  post_conf          0.5523   +  0.1222    0.622842    0.592609
  4  feat_left_l2       0.5446   -  0.1038   16.730924    17.08614
  5  pre_entropy        0.5338   -  0.0833    2.042856     2.17089
  6  feat_left_pc1      0.5274   -    0.06    2.697315    2.881447
  7  pre_conf           0.5214   +  0.0328    0.385417    0.372306
  8  feat_left_pc3      0.5148   +  0.0232    1.999532    1.930471
  9  delta_conf         0.5128   +  0.0361    0.237425    0.220303
 10  feat_left_pc2      0.5011   -  0.0056    1.972278    1.989134
 11  delta_entropy      0.5006   +  0.0125   -1.203501   -1.224049
BEST: post_entropy (AUC=0.5867, polarity=-)
저장: D:\Users\dust\Documents\학교\2026년도1학기\컴퓨터비전\실습\FoundationStereo\experiments\ds_v1_seed0/livingroom_v58\features\report.json / panels.png / mirror_signal.npy
[device] cuda
  [train] epoch 60/300  loss=0.5654
  [train] epoch 120/300  loss=0.3926
  [train] epoch 180/300  loss=0.2866
  [train] epoch 240/300  loss=0.2154
  [train] epoch 300/300  loss=0.1687

[VAL] scene=ds_v1_seed0/livingroom_v58  (pixel 70/30 split)
  AUC      = 0.9884
  IoU@0.5  = 0.7707
  F1@0.5   = 0.8705
  accuracy = 0.9424  (prec=0.8001, rec=0.9545)
  tp=3422 fp=855 fn=163 tn=13224

[save] D:\Users\dust\Documents\학교\2026년도1학기\컴퓨터비전\실습\FoundationStereo\experiments\ds_v1_seed0/livingroom_v58\submodel
  pred_mask.png, panel.png, metrics.json, head.pt
DONE: D:\Users\dust\Documents\학교\2026년도1학기\컴퓨터비전\실습\FoundationStereo\experiments\ds_v1_seed0/livingroom_v58\submodel
[device] cuda
[load] D:\Users\dust\Documents\학교\2026년도1학기\컴퓨터비전\실습\FoundationStereo\experiments\_model\general_head.pt  (train_scenes=['archiviz_baseline080', 'bedroom_baseline080', 'blue_bathroom_baseline080', 'computer_room_baseline080', 'cozy_living_room_baseline080', 'flat-archiviz_baseline080', 'green_house_baseline080', 'gym_baseline080', 'livingroom_baseline080', 'minimal_interior_baseline080', 'scandinavian_baseline080', 'sunlight_baseline080'])

[APPLY] ds_v1_seed0/livingroom_v58  (저장모델로 새 데이터 평가)
  AUC      = 0.9372
  IoU@0.5  = 0.4331
  F1@0.5   = 0.6045
  accuracy = 0.8680  (prec=0.7630, rec=0.5005)
  tp=5938 fp=1844 fn=5927 tn=45171
[save] D:\Users\dust\Documents\학교\2026년도1학기\컴퓨터비전\실습\FoundationStereo\experiments\ds_v1_seed0/livingroom_v58\submodel_applied  (pred_mask.png, panel.png, metrics.json)

============================================================
STEP: estimate_mirror_plane
============================================================

============================================================
STEP: viz_ransac_inliers
============================================================

============================================================
STEP: make_mirror_gt_from_depth
============================================================

============================================================
STEP: analyze_features
============================================================

============================================================
STEP: submodel_head
============================================================

============================================================
STEP: apply_submodel
============================================================

DONE: D:\Users\dust\Documents\학교\2026년도1학기\컴퓨터비전\실습\FoundationStereo\experiments\ds_v1_seed0/livingroom_v58 (ok)

##### [60/121] ds_v1_seed0/livingroom_v59  (done 36, fail 0, skip 23, elapsed 22m, ETA 38m) #####
[scene] ds_v1_seed0/livingroom_v59  size=1280x720
[select] mirror 점 개수 = 220908  (mask=220908, valid&depth = 894040)
[conf] mirror 영역 평균 confidence = 0.6073

=== 평면 추정 결과 ===
  [PCA (closed form)]
      normal = [-0.6349, +0.0110, -0.7725]
      d = +2.3085   mirror_depth(perp) = 2.3085 m   view_z = 4.5294 m
      n_inliers = 220908/220908   rms_residual = 0.29568 m
  [RANSAC]
      normal = [-0.5759, -0.0651, -0.8149]
      d = +2.7612   mirror_depth(perp) = 2.7612 m   view_z = 4.5294 m
      n_inliers = 138784/220908   rms_residual = 0.01834 m
  [SVD robust (IRLS)]
      normal = [-0.5677, -0.0853, -0.8188]
      d = +2.7582   mirror_depth(perp) = 2.7582 m   view_z = 4.5294 m
      n_inliers = 126396/220908   rms_residual = 0.03029 m

[save] D:\Users\dust\Documents\학교\2026년도1학기\컴퓨터비전\실습\FoundationStereo\experiments\ds_v1_seed0/livingroom_v59\mirror_geometry\result.json
[save] D:\Users\dust\Documents\학교\2026년도1학기\컴퓨터비전\실습\FoundationStereo\experiments\ds_v1_seed0/livingroom_v59\mirror_geometry\plane.txt
[save] D:\Users\dust\Documents\학교\2026년도1학기\컴퓨터비전\실습\FoundationStereo\experiments\ds_v1_seed0/livingroom_v59\mirror_geometry\viz.png

DONE: D:\Users\dust\Documents\학교\2026년도1학기\컴퓨터비전\실습\FoundationStereo\experiments\ds_v1_seed0/livingroom_v59\mirror_geometry
[ds_v1_seed0/livingroom_v59] 거울 점 220908개 중 inlier 138784 (62.8%) / outlier 82124
  normal=[-0.576 -0.065 -0.815] d=2.761  rms(inlier)=0.0183 m  thr≈0.056 m
[save] D:\Users\dust\Documents\학교\2026년도1학기\컴퓨터비전\실습\FoundationStereo\experiments\ds_v1_seed0/livingroom_v59\mirror_geometry\ransac_inliers.png
[gt] livingroom_v59               perp 2.86m planRMS 0.0112m  normal [0.805, -0.01, -0.593]

생성 1, 건너뜀 0 (depth_gt/mask 없음 등)
[ds_v1_seed0/livingroom_v59] feature 184x320  mirror_frac=0.23980978260869565  feat_left=True
rank  signal              AUC    pol  sep     mean_in     mean_out
  1  post_entropy        0.657   -  0.2756    0.874574    1.026518
  2  delta_argdisp       0.607   -  0.1694   29.338385   39.866399
  3  post_conf          0.5994   +  0.1771    0.606454    0.562087
  4  feat_left_l2       0.5565   -  0.1086   16.771428   17.155975
  5  pre_entropy        0.5444   -  0.0787    2.095047    2.231605
  6  feat_left_pc1      0.5397   -  0.0796    2.660886    2.906954
  7  pre_conf           0.5336   +  0.0684    0.387842    0.359162
  8  delta_conf         0.5253   +  0.0308    0.218611    0.202925
  9  delta_entropy      0.5114   -  0.0083   -1.220473   -1.205087
 10  feat_left_pc2      0.5065   -  0.0169    1.990942    2.042639
 11  feat_left_pc3      0.5034   -   0.012    1.962482    1.998361
BEST: post_entropy (AUC=0.657, polarity=-)
저장: D:\Users\dust\Documents\학교\2026년도1학기\컴퓨터비전\실습\FoundationStereo\experiments\ds_v1_seed0/livingroom_v59\features\report.json / panels.png / mirror_signal.npy
[device] cuda
  [train] epoch 60/300  loss=0.6200
  [train] epoch 120/300  loss=0.4579
  [train] epoch 180/300  loss=0.3649
  [train] epoch 240/300  loss=0.3077
  [train] epoch 300/300  loss=0.2689

[VAL] scene=ds_v1_seed0/livingroom_v59  (pixel 70/30 split)
  AUC      = 0.9643
  IoU@0.5  = 0.6783
  F1@0.5   = 0.8083
  accuracy = 0.8981  (prec=0.7334, rec=0.9004)
  tp=3796 fp=1380 fn=420 tn=12068

[save] D:\Users\dust\Documents\학교\2026년도1학기\컴퓨터비전\실습\FoundationStereo\experiments\ds_v1_seed0/livingroom_v59\submodel
  pred_mask.png, panel.png, metrics.json, head.pt
DONE: D:\Users\dust\Documents\학교\2026년도1학기\컴퓨터비전\실습\FoundationStereo\experiments\ds_v1_seed0/livingroom_v59\submodel
[device] cuda
[load] D:\Users\dust\Documents\학교\2026년도1학기\컴퓨터비전\실습\FoundationStereo\experiments\_model\general_head.pt  (train_scenes=['archiviz_baseline080', 'bedroom_baseline080', 'blue_bathroom_baseline080', 'computer_room_baseline080', 'cozy_living_room_baseline080', 'flat-archiviz_baseline080', 'green_house_baseline080', 'gym_baseline080', 'livingroom_baseline080', 'minimal_interior_baseline080', 'scandinavian_baseline080', 'sunlight_baseline080'])

[APPLY] ds_v1_seed0/livingroom_v59  (저장모델로 새 데이터 평가)
  AUC      = 0.8396
  IoU@0.5  = 0.3172
  F1@0.5   = 0.4816
  accuracy = 0.7953  (prec=0.6131, rec=0.3966)
  tp=5600 fp=3534 fn=8520 tn=41226
[save] D:\Users\dust\Documents\학교\2026년도1학기\컴퓨터비전\실습\FoundationStereo\experiments\ds_v1_seed0/livingroom_v59\submodel_applied  (pred_mask.png, panel.png, metrics.json)

============================================================
STEP: estimate_mirror_plane
============================================================

============================================================
STEP: viz_ransac_inliers
============================================================

============================================================
STEP: make_mirror_gt_from_depth
============================================================

============================================================
STEP: analyze_features
============================================================

============================================================
STEP: submodel_head
============================================================

============================================================
STEP: apply_submodel
============================================================

DONE: D:\Users\dust\Documents\학교\2026년도1학기\컴퓨터비전\실습\FoundationStereo\experiments\ds_v1_seed0/livingroom_v59 (ok)

##### [61/121] ds_v1_seed0/livingroom_v60  (done 37, fail 0, skip 23, elapsed 23m, ETA 37m) #####
[scene] ds_v1_seed0/livingroom_v60  size=1280x720
[select] mirror 점 개수 = 222165  (mask=228519, valid&depth = 905363)
[conf] mirror 영역 평균 confidence = 0.6204

=== 평면 추정 결과 ===
  [PCA (closed form)]
      normal = [-0.6353, +0.0524, -0.7705]
      d = +2.0665   mirror_depth(perp) = 2.0665 m   view_z = 4.4006 m
      n_inliers = 222165/222165   rms_residual = 0.22593 m
  [RANSAC]
      normal = [-0.7556, -0.0911, -0.6487]
      d = +1.4220   mirror_depth(perp) = 1.4220 m   view_z = 4.4006 m
      n_inliers = 69925/222165   rms_residual = 0.02096 m
  [SVD robust (IRLS)]
      normal = [-0.6218, +0.0027, -0.7832]
      d = +2.1919   mirror_depth(perp) = 2.1919 m   view_z = 4.4006 m
      n_inliers = 55983/222165   rms_residual = 0.03082 m

[save] D:\Users\dust\Documents\학교\2026년도1학기\컴퓨터비전\실습\FoundationStereo\experiments\ds_v1_seed0/livingroom_v60\mirror_geometry\result.json
[save] D:\Users\dust\Documents\학교\2026년도1학기\컴퓨터비전\실습\FoundationStereo\experiments\ds_v1_seed0/livingroom_v60\mirror_geometry\plane.txt
[save] D:\Users\dust\Documents\학교\2026년도1학기\컴퓨터비전\실습\FoundationStereo\experiments\ds_v1_seed0/livingroom_v60\mirror_geometry\viz.png

DONE: D:\Users\dust\Documents\학교\2026년도1학기\컴퓨터비전\실습\FoundationStereo\experiments\ds_v1_seed0/livingroom_v60\mirror_geometry
[ds_v1_seed0/livingroom_v60] 거울 점 222165개 중 inlier 69925 (31.5%) / outlier 152240
  normal=[-0.756 -0.091 -0.649] d=1.422  rms(inlier)=0.0210 m  thr≈0.053 m
[save] D:\Users\dust\Documents\학교\2026년도1학기\컴퓨터비전\실습\FoundationStereo\experiments\ds_v1_seed0/livingroom_v60\mirror_geometry\ransac_inliers.png
[gt] livingroom_v60               perp 2.95m planRMS 0.0136m  normal [0.783, -0.059, -0.619]

생성 1, 건너뜀 0 (depth_gt/mask 없음 등)
[ds_v1_seed0/livingroom_v60] feature 184x320  mirror_frac=0.2474694293478261  feat_left=True
rank  signal              AUC    pol  sep     mean_in     mean_out
  1  post_entropy        0.677   -  0.3012    0.890707    1.064779
  2  post_conf           0.631   +  0.2402      0.6177    0.554695
  3  delta_argdisp      0.6205   -  0.1621   27.514515   37.402311
  4  feat_left_pc1      0.5865   -  0.1641    2.619197    3.119709
  5  delta_conf         0.5635   +  0.0887    0.227768    0.181121
  6  delta_entropy      0.5431   -  0.0878   -1.244639   -1.078859
  7  feat_left_l2       0.5348   -  0.0719   16.995425   17.243477
  8  pre_entropy        0.5178   -  0.0047    2.135346    2.143638
  9  pre_conf           0.5085   +  0.0379    0.389932    0.373573
 10  feat_left_pc2      0.5036   -  0.0098    2.039741    2.070113
 11  feat_left_pc3      0.5018   +  0.0005    2.021634    2.020088
BEST: post_entropy (AUC=0.677, polarity=-)
저장: D:\Users\dust\Documents\학교\2026년도1학기\컴퓨터비전\실습\FoundationStereo\experiments\ds_v1_seed0/livingroom_v60\features\report.json / panels.png / mirror_signal.npy
[device] cuda
  [train] epoch 60/300  loss=0.5603
  [train] epoch 120/300  loss=0.4101
  [train] epoch 180/300  loss=0.3224
  [train] epoch 240/300  loss=0.2646
  [train] epoch 300/300  loss=0.2239

[VAL] scene=ds_v1_seed0/livingroom_v60  (pixel 70/30 split)
  AUC      = 0.9769
  IoU@0.5  = 0.7283
  F1@0.5   = 0.8428
  accuracy = 0.9156  (prec=0.7787, rec=0.9184)
  tp=3993 fp=1135 fn=355 tn=12181

[save] D:\Users\dust\Documents\학교\2026년도1학기\컴퓨터비전\실습\FoundationStereo\experiments\ds_v1_seed0/livingroom_v60\submodel
  pred_mask.png, panel.png, metrics.json, head.pt
DONE: D:\Users\dust\Documents\학교\2026년도1학기\컴퓨터비전\실습\FoundationStereo\experiments\ds_v1_seed0/livingroom_v60\submodel
[device] cuda
[load] D:\Users\dust\Documents\학교\2026년도1학기\컴퓨터비전\실습\FoundationStereo\experiments\_model\general_head.pt  (train_scenes=['archiviz_baseline080', 'bedroom_baseline080', 'blue_bathroom_baseline080', 'computer_room_baseline080', 'cozy_living_room_baseline080', 'flat-archiviz_baseline080', 'green_house_baseline080', 'gym_baseline080', 'livingroom_baseline080', 'minimal_interior_baseline080', 'scandinavian_baseline080', 'sunlight_baseline080'])

[APPLY] ds_v1_seed0/livingroom_v60  (저장모델로 새 데이터 평가)
  AUC      = 0.8770
  IoU@0.5  = 0.3975
  F1@0.5   = 0.5689
  accuracy = 0.8303  (prec=0.7665, rec=0.4523)
  tp=6590 fp=2008 fn=7981 tn=42301
[save] D:\Users\dust\Documents\학교\2026년도1학기\컴퓨터비전\실습\FoundationStereo\experiments\ds_v1_seed0/livingroom_v60\submodel_applied  (pred_mask.png, panel.png, metrics.json)

============================================================
STEP: estimate_mirror_plane
============================================================

============================================================
STEP: viz_ransac_inliers
============================================================

============================================================
STEP: make_mirror_gt_from_depth
============================================================

============================================================
STEP: analyze_features
============================================================

============================================================
STEP: submodel_head
============================================================

============================================================
STEP: apply_submodel
============================================================

DONE: D:\Users\dust\Documents\학교\2026년도1학기\컴퓨터비전\실습\FoundationStereo\experiments\ds_v1_seed0/livingroom_v60 (ok)

##### [62/121] ds_v1_seed0/livingroom_v61  (done 38, fail 0, skip 23, elapsed 23m, ETA 37m) #####
[scene] ds_v1_seed0/livingroom_v61  size=1280x720
[select] mirror 점 개수 = 114534  (mask=114534, valid&depth = 803316)
[conf] mirror 영역 평균 confidence = 0.6393

=== 평면 추정 결과 ===
  [PCA (closed form)]
      normal = [-0.6697, -0.0366, -0.7418]
      d = +3.1074   mirror_depth(perp) = 3.1074 m   view_z = 4.9973 m
      n_inliers = 114534/114534   rms_residual = 0.12786 m
  [RANSAC]
      normal = [-0.6991, +0.0290, -0.7144]
      d = +3.0716   mirror_depth(perp) = 3.0716 m   view_z = 4.9973 m
      n_inliers = 78187/114534   rms_residual = 0.01807 m
  [SVD robust (IRLS)]
      normal = [-0.6783, +0.0052, -0.7347]
      d = +3.1397   mirror_depth(perp) = 3.1397 m   view_z = 4.9973 m
      n_inliers = 69342/114534   rms_residual = 0.02833 m

[save] D:\Users\dust\Documents\학교\2026년도1학기\컴퓨터비전\실습\FoundationStereo\experiments\ds_v1_seed0/livingroom_v61\mirror_geometry\result.json
[save] D:\Users\dust\Documents\학교\2026년도1학기\컴퓨터비전\실습\FoundationStereo\experiments\ds_v1_seed0/livingroom_v61\mirror_geometry\plane.txt
[save] D:\Users\dust\Documents\학교\2026년도1학기\컴퓨터비전\실습\FoundationStereo\experiments\ds_v1_seed0/livingroom_v61\mirror_geometry\viz.png

DONE: D:\Users\dust\Documents\학교\2026년도1학기\컴퓨터비전\실습\FoundationStereo\experiments\ds_v1_seed0/livingroom_v61\mirror_geometry
[ds_v1_seed0/livingroom_v61] 거울 점 114534개 중 inlier 78187 (68.3%) / outlier 36347
  normal=[-0.699  0.029 -0.714] d=3.072  rms(inlier)=0.0181 m  thr≈0.049 m
[save] D:\Users\dust\Documents\학교\2026년도1학기\컴퓨터비전\실습\FoundationStereo\experiments\ds_v1_seed0/livingroom_v61\mirror_geometry\ransac_inliers.png
[gt] livingroom_v61               perp 3.06m planRMS 0.0150m  normal [0.657, 0.137, -0.741]

생성 1, 건너뜀 0 (depth_gt/mask 없음 등)
[ds_v1_seed0/livingroom_v61] feature 184x320  mirror_frac=0.12457540760869565  feat_left=True
rank  signal              AUC    pol  sep     mean_in     mean_out
  1  post_conf          0.6483   +  0.3035    0.638655    0.544817
  2  post_entropy       0.6421   -  0.3315    0.844656    1.109012
  3  delta_conf         0.6103   +  0.2081    0.270223    0.166853
  4  delta_entropy      0.5889   -   0.175   -1.292607   -1.001532
  5  feat_left_l2       0.5325   -  0.0823   16.691789   16.973727
  6  delta_argdisp       0.532   -  0.0188   34.008044   35.086526
  7  pre_entropy        0.5253   +   0.018    2.137262    2.110543
  8  feat_left_pc2      0.5232   +  0.0428    2.047614     1.91754
  9  feat_left_pc3      0.5218   +  0.0412    2.007858    1.885322
 10  pre_conf           0.5131   -  0.0246    0.368432    0.377964
 11  feat_left_pc1      0.5076   -  0.0213    2.673246    2.737343
BEST: post_conf (AUC=0.6483, polarity=+)
저장: D:\Users\dust\Documents\학교\2026년도1학기\컴퓨터비전\실습\FoundationStereo\experiments\ds_v1_seed0/livingroom_v61\features\report.json / panels.png / mirror_signal.npy
[device] cuda
  [train] epoch 60/300  loss=0.7872
  [train] epoch 120/300  loss=0.6717
  [train] epoch 180/300  loss=0.5761
  [train] epoch 240/300  loss=0.4913
  [train] epoch 300/300  loss=0.4182

[VAL] scene=ds_v1_seed0/livingroom_v61  (pixel 70/30 split)
  AUC      = 0.9211
  IoU@0.5  = 0.4041
  F1@0.5   = 0.5756
  accuracy = 0.8517  (prec=0.4447, rec=0.8158)
  tp=1776 fp=2218 fn=401 tn=13269

[save] D:\Users\dust\Documents\학교\2026년도1학기\컴퓨터비전\실습\FoundationStereo\experiments\ds_v1_seed0/livingroom_v61\submodel
  pred_mask.png, panel.png, metrics.json, head.pt
DONE: D:\Users\dust\Documents\학교\2026년도1학기\컴퓨터비전\실습\FoundationStereo\experiments\ds_v1_seed0/livingroom_v61\submodel
[device] cuda
[load] D:\Users\dust\Documents\학교\2026년도1학기\컴퓨터비전\실습\FoundationStereo\experiments\_model\general_head.pt  (train_scenes=['archiviz_baseline080', 'bedroom_baseline080', 'blue_bathroom_baseline080', 'computer_room_baseline080', 'cozy_living_room_baseline080', 'flat-archiviz_baseline080', 'green_house_baseline080', 'gym_baseline080', 'livingroom_baseline080', 'minimal_interior_baseline080', 'scandinavian_baseline080', 'sunlight_baseline080'])

[APPLY] ds_v1_seed0/livingroom_v61  (저장모델로 새 데이터 평가)
  AUC      = 0.9005
  IoU@0.5  = 0.3694
  F1@0.5   = 0.5395
  accuracy = 0.8644  (prec=0.4676, rec=0.6375)
  tp=4676 fp=5324 fn=2659 tn=46221
[save] D:\Users\dust\Documents\학교\2026년도1학기\컴퓨터비전\실습\FoundationStereo\experiments\ds_v1_seed0/livingroom_v61\submodel_applied  (pred_mask.png, panel.png, metrics.json)

============================================================
STEP: estimate_mirror_plane
============================================================

============================================================
STEP: viz_ransac_inliers
============================================================

============================================================
STEP: make_mirror_gt_from_depth
============================================================

============================================================
STEP: analyze_features
============================================================

============================================================
STEP: submodel_head
============================================================

============================================================
STEP: apply_submodel
============================================================

DONE: D:\Users\dust\Documents\학교\2026년도1학기\컴퓨터비전\실습\FoundationStereo\experiments\ds_v1_seed0/livingroom_v61 (ok)

##### [63/121] ds_v1_seed0/livingroom_v62  (done 39, fail 0, skip 23, elapsed 24m, ETA 36m) #####
[scene] ds_v1_seed0/livingroom_v62  size=1280x720
[select] mirror 점 개수 = 178414  (mask=178414, valid&depth = 886682)
[conf] mirror 영역 평균 confidence = 0.6322

=== 평면 추정 결과 ===
  [PCA (closed form)]
      normal = [-0.6117, -0.0447, -0.7898]
      d = +2.8992   mirror_depth(perp) = 2.8992 m   view_z = 4.5615 m
      n_inliers = 178414/178414   rms_residual = 0.13841 m
  [RANSAC]
      normal = [-0.6131, -0.0183, -0.7898]
      d = +2.9615   mirror_depth(perp) = 2.9615 m   view_z = 4.5615 m
      n_inliers = 142940/178414   rms_residual = 0.02052 m
  [SVD robust (IRLS)]
      normal = [-0.6101, -0.0306, -0.7917]
      d = +2.9544   mirror_depth(perp) = 2.9544 m   view_z = 4.5615 m
      n_inliers = 136315/178414   rms_residual = 0.02270 m

[save] D:\Users\dust\Documents\학교\2026년도1학기\컴퓨터비전\실습\FoundationStereo\experiments\ds_v1_seed0/livingroom_v62\mirror_geometry\result.json
[save] D:\Users\dust\Documents\학교\2026년도1학기\컴퓨터비전\실습\FoundationStereo\experiments\ds_v1_seed0/livingroom_v62\mirror_geometry\plane.txt
[save] D:\Users\dust\Documents\학교\2026년도1학기\컴퓨터비전\실습\FoundationStereo\experiments\ds_v1_seed0/livingroom_v62\mirror_geometry\viz.png

DONE: D:\Users\dust\Documents\학교\2026년도1학기\컴퓨터비전\실습\FoundationStereo\experiments\ds_v1_seed0/livingroom_v62\mirror_geometry
[ds_v1_seed0/livingroom_v62] 거울 점 178414개 중 inlier 142940 (80.1%) / outlier 35474
  normal=[-0.613 -0.018 -0.79 ] d=2.962  rms(inlier)=0.0205 m  thr≈0.051 m
[save] D:\Users\dust\Documents\학교\2026년도1학기\컴퓨터비전\실습\FoundationStereo\experiments\ds_v1_seed0/livingroom_v62\mirror_geometry\ransac_inliers.png
[gt] livingroom_v62               perp 2.63m planRMS 0.0091m  normal [0.76, 0.036, -0.649]

생성 1, 건너뜀 0 (depth_gt/mask 없음 등)
[ds_v1_seed0/livingroom_v62] feature 184x320  mirror_frac=0.1943274456521739  feat_left=True
rank  signal              AUC    pol  sep     mean_in     mean_out
  1  post_entropy        0.668   -  0.3094    0.811253    0.958504
  2  post_conf          0.6219   +  0.2163    0.632209    0.581479
  3  delta_argdisp      0.5772   -  0.1178   29.374235   36.273937
  4  pre_entropy         0.546   -  0.1051    2.007484    2.174323
  5  feat_left_l2       0.5367   -  0.0706   16.943413   17.193245
  6  pre_conf           0.5323   +  0.0517    0.392769    0.371533
  7  delta_conf          0.532   +   0.062    0.239439    0.209946
  8  feat_left_pc3      0.5101   +  0.0149    2.005605    1.960523
  9  feat_left_pc2      0.5023   +  0.0024    2.016659    2.009305
 10  feat_left_pc1      0.5021   -  0.0055    2.875328    2.892875
 11  delta_entropy      0.5009   -  0.0119   -1.196231   -1.215818
BEST: post_entropy (AUC=0.668, polarity=-)
저장: D:\Users\dust\Documents\학교\2026년도1학기\컴퓨터비전\실습\FoundationStereo\experiments\ds_v1_seed0/livingroom_v62\features\report.json / panels.png / mirror_signal.npy
[device] cuda
  [train] epoch 60/300  loss=0.6380
  [train] epoch 120/300  loss=0.4640
  [train] epoch 180/300  loss=0.3499
  [train] epoch 240/300  loss=0.2744
  [train] epoch 300/300  loss=0.2233

[VAL] scene=ds_v1_seed0/livingroom_v62  (pixel 70/30 split)
  AUC      = 0.9753
  IoU@0.5  = 0.6826
  F1@0.5   = 0.8114
  accuracy = 0.9160  (prec=0.7230, rec=0.9244)
  tp=3190 fp=1222 fn=261 tn=12991

[save] D:\Users\dust\Documents\학교\2026년도1학기\컴퓨터비전\실습\FoundationStereo\experiments\ds_v1_seed0/livingroom_v62\submodel
  pred_mask.png, panel.png, metrics.json, head.pt
DONE: D:\Users\dust\Documents\학교\2026년도1학기\컴퓨터비전\실습\FoundationStereo\experiments\ds_v1_seed0/livingroom_v62\submodel
[device] cuda
[load] D:\Users\dust\Documents\학교\2026년도1학기\컴퓨터비전\실습\FoundationStereo\experiments\_model\general_head.pt  (train_scenes=['archiviz_baseline080', 'bedroom_baseline080', 'blue_bathroom_baseline080', 'computer_room_baseline080', 'cozy_living_room_baseline080', 'flat-archiviz_baseline080', 'green_house_baseline080', 'gym_baseline080', 'livingroom_baseline080', 'minimal_interior_baseline080', 'scandinavian_baseline080', 'sunlight_baseline080'])

[APPLY] ds_v1_seed0/livingroom_v62  (저장모델로 새 데이터 평가)
  AUC      = 0.9151
  IoU@0.5  = 0.3462
  F1@0.5   = 0.5143
  accuracy = 0.8585  (prec=0.7724, rec=0.3855)
  tp=4411 fp=1300 fn=7031 tn=46138
[save] D:\Users\dust\Documents\학교\2026년도1학기\컴퓨터비전\실습\FoundationStereo\experiments\ds_v1_seed0/livingroom_v62\submodel_applied  (pred_mask.png, panel.png, metrics.json)

============================================================
STEP: estimate_mirror_plane
============================================================

============================================================
STEP: viz_ransac_inliers
============================================================

============================================================
STEP: make_mirror_gt_from_depth
============================================================

============================================================
STEP: analyze_features
============================================================

============================================================
STEP: submodel_head
============================================================

============================================================
STEP: apply_submodel
============================================================

DONE: D:\Users\dust\Documents\학교\2026년도1학기\컴퓨터비전\실습\FoundationStereo\experiments\ds_v1_seed0/livingroom_v62 (ok)

##### [64/121] ds_v1_seed0/livingroom_v63  (done 40, fail 0, skip 23, elapsed 24m, ETA 35m) #####
[scene] ds_v1_seed0/livingroom_v63  size=1280x720
[select] mirror 점 개수 = 206487  (mask=206487, valid&depth = 895000)
[conf] mirror 영역 평균 confidence = 0.5910

=== 평면 추정 결과 ===
  [PCA (closed form)]
      normal = [-0.5714, -0.1184, -0.8121]
      d = +2.7982   mirror_depth(perp) = 2.7982 m   view_z = 4.7412 m
      n_inliers = 206487/206487   rms_residual = 0.13933 m
  [RANSAC]
      normal = [-0.5673, -0.0870, -0.8189]
      d = +2.8714   mirror_depth(perp) = 2.8714 m   view_z = 4.7412 m
      n_inliers = 142344/206487   rms_residual = 0.03074 m
  [SVD robust (IRLS)]
      normal = [-0.5661, -0.1029, -0.8179]
      d = +2.8579   mirror_depth(perp) = 2.8579 m   view_z = 4.7412 m
      n_inliers = 136928/206487   rms_residual = 0.03142 m

[save] D:\Users\dust\Documents\학교\2026년도1학기\컴퓨터비전\실습\FoundationStereo\experiments\ds_v1_seed0/livingroom_v63\mirror_geometry\result.json
[save] D:\Users\dust\Documents\학교\2026년도1학기\컴퓨터비전\실습\FoundationStereo\experiments\ds_v1_seed0/livingroom_v63\mirror_geometry\plane.txt
[save] D:\Users\dust\Documents\학교\2026년도1학기\컴퓨터비전\실습\FoundationStereo\experiments\ds_v1_seed0/livingroom_v63\mirror_geometry\viz.png

DONE: D:\Users\dust\Documents\학교\2026년도1학기\컴퓨터비전\실습\FoundationStereo\experiments\ds_v1_seed0/livingroom_v63\mirror_geometry
[ds_v1_seed0/livingroom_v63] 거울 점 206487개 중 inlier 142344 (68.9%) / outlier 64143
  normal=[-0.567 -0.087 -0.819] d=2.871  rms(inlier)=0.0307 m  thr≈0.064 m
[save] D:\Users\dust\Documents\학교\2026년도1학기\컴퓨터비전\실습\FoundationStereo\experiments\ds_v1_seed0/livingroom_v63\mirror_geometry\ransac_inliers.png
[gt] livingroom_v63               perp 2.90m planRMS 0.0129m  normal [0.785, -0.061, -0.616]

생성 1, 건너뜀 0 (depth_gt/mask 없음 등)
[ds_v1_seed0/livingroom_v63] feature 184x320  mirror_frac=0.22379415760869564  feat_left=True
rank  signal              AUC    pol  sep     mean_in     mean_out
  1  post_entropy       0.6374   -   0.233    0.919969    1.067032
  2  delta_argdisp      0.6148   -  0.1851     26.9915   38.025885
  3  post_conf          0.5879   +  0.1626    0.591255     0.54795
  4  feat_left_pc1       0.572   -  0.1353    2.647788    3.062389
  5  delta_conf         0.5379   +  0.0486    0.207353    0.182114
  6  pre_entropy        0.5316   -  0.0562    2.103008    2.197941
  7  feat_left_l2       0.5297   -   0.059   16.965649   17.173914
  8  delta_entropy      0.5265   -  0.0278   -1.183039   -1.130909
  9  pre_conf           0.5198   +  0.0433    0.383903    0.365836
 10  feat_left_pc2      0.5069   -  0.0175    2.006605    2.060417
 11  feat_left_pc3      0.5013   -  0.0069    1.992949     2.01371
BEST: post_entropy (AUC=0.6374, polarity=-)
저장: D:\Users\dust\Documents\학교\2026년도1학기\컴퓨터비전\실습\FoundationStereo\experiments\ds_v1_seed0/livingroom_v63\features\report.json / panels.png / mirror_signal.npy
[device] cuda
  [train] epoch 60/300  loss=0.6073
  [train] epoch 120/300  loss=0.4476
  [train] epoch 180/300  loss=0.3583
  [train] epoch 240/300  loss=0.3001
  [train] epoch 300/300  loss=0.2586

[VAL] scene=ds_v1_seed0/livingroom_v63  (pixel 70/30 split)
  AUC      = 0.9668
  IoU@0.5  = 0.6724
  F1@0.5   = 0.8041
  accuracy = 0.9013  (prec=0.7208, rec=0.9091)
  tp=3579 fp=1386 fn=358 tn=12341

[save] D:\Users\dust\Documents\학교\2026년도1학기\컴퓨터비전\실습\FoundationStereo\experiments\ds_v1_seed0/livingroom_v63\submodel
  pred_mask.png, panel.png, metrics.json, head.pt
DONE: D:\Users\dust\Documents\학교\2026년도1학기\컴퓨터비전\실습\FoundationStereo\experiments\ds_v1_seed0/livingroom_v63\submodel
[device] cuda
[load] D:\Users\dust\Documents\학교\2026년도1학기\컴퓨터비전\실습\FoundationStereo\experiments\_model\general_head.pt  (train_scenes=['archiviz_baseline080', 'bedroom_baseline080', 'blue_bathroom_baseline080', 'computer_room_baseline080', 'cozy_living_room_baseline080', 'flat-archiviz_baseline080', 'green_house_baseline080', 'gym_baseline080', 'livingroom_baseline080', 'minimal_interior_baseline080', 'scandinavian_baseline080', 'sunlight_baseline080'])

[APPLY] ds_v1_seed0/livingroom_v63  (저장모델로 새 데이터 평가)
  AUC      = 0.8594
  IoU@0.5  = 0.3470
  F1@0.5   = 0.5152
  accuracy = 0.8220  (prec=0.6600, rec=0.4225)
  tp=5567 fp=2868 fn=7610 tn=42835
[save] D:\Users\dust\Documents\학교\2026년도1학기\컴퓨터비전\실습\FoundationStereo\experiments\ds_v1_seed0/livingroom_v63\submodel_applied  (pred_mask.png, panel.png, metrics.json)

============================================================
STEP: estimate_mirror_plane
============================================================

============================================================
STEP: viz_ransac_inliers
============================================================

============================================================
STEP: make_mirror_gt_from_depth
============================================================

============================================================
STEP: analyze_features
============================================================

============================================================
STEP: submodel_head
============================================================

============================================================
STEP: apply_submodel
============================================================

DONE: D:\Users\dust\Documents\학교\2026년도1학기\컴퓨터비전\실습\FoundationStereo\experiments\ds_v1_seed0/livingroom_v63 (ok)

##### [65/121] ds_v1_seed0/livingroom_v64  (done 41, fail 0, skip 23, elapsed 25m, ETA 34m) #####
[scene] ds_v1_seed0/livingroom_v64  size=1280x720
[select] mirror 점 개수 = 156710  (mask=156710, valid&depth = 888538)
[conf] mirror 영역 평균 confidence = 0.6194

=== 평면 추정 결과 ===
  [PCA (closed form)]
      normal = [-0.5575, -0.0133, -0.8301]
      d = +2.9041   mirror_depth(perp) = 2.9041 m   view_z = 4.5409 m
      n_inliers = 156710/156710   rms_residual = 0.13487 m
  [RANSAC]
      normal = [-0.5821, +0.0669, -0.8104]
      d = +2.8988   mirror_depth(perp) = 2.8988 m   view_z = 4.5409 m
      n_inliers = 106971/156710   rms_residual = 0.02320 m
  [SVD robust (IRLS)]
      normal = [-0.5676, +0.0426, -0.8222]
      d = +2.9318   mirror_depth(perp) = 2.9318 m   view_z = 4.5409 m
      n_inliers = 90627/156710   rms_residual = 0.02901 m

[save] D:\Users\dust\Documents\학교\2026년도1학기\컴퓨터비전\실습\FoundationStereo\experiments\ds_v1_seed0/livingroom_v64\mirror_geometry\result.json
[save] D:\Users\dust\Documents\학교\2026년도1학기\컴퓨터비전\실습\FoundationStereo\experiments\ds_v1_seed0/livingroom_v64\mirror_geometry\plane.txt
[save] D:\Users\dust\Documents\학교\2026년도1학기\컴퓨터비전\실습\FoundationStereo\experiments\ds_v1_seed0/livingroom_v64\mirror_geometry\viz.png

DONE: D:\Users\dust\Documents\학교\2026년도1학기\컴퓨터비전\실습\FoundationStereo\experiments\ds_v1_seed0/livingroom_v64\mirror_geometry
[ds_v1_seed0/livingroom_v64] 거울 점 156710개 중 inlier 106971 (68.3%) / outlier 49739
  normal=[-0.582  0.067 -0.81 ] d=2.899  rms(inlier)=0.0232 m  thr≈0.047 m
[save] D:\Users\dust\Documents\학교\2026년도1학기\컴퓨터비전\실습\FoundationStereo\experiments\ds_v1_seed0/livingroom_v64\mirror_geometry\ransac_inliers.png
[gt] livingroom_v64               perp 2.76m planRMS 0.0120m  normal [0.788, 0.118, -0.604]

생성 1, 건너뜀 0 (depth_gt/mask 없음 등)
[ds_v1_seed0/livingroom_v64] feature 184x320  mirror_frac=0.1708389945652174  feat_left=True
rank  signal              AUC    pol  sep     mean_in     mean_out
  1  delta_argdisp      0.5778   -  0.1084   30.773735   37.252719
  2  feat_left_pc1       0.544   -  0.0851    2.649126    2.910055
  3  delta_conf         0.5368   -  0.0634    0.235273    0.265157
  4  pre_entropy        0.5355   -  0.0753    2.081456    2.204402
  5  feat_left_l2       0.5321   -  0.0759   16.844254   17.126911
  6  delta_entropy      0.5313   +  0.0625   -1.248842   -1.352997
  7  pre_conf           0.5286   +  0.0531    0.384008    0.362212
  8  post_entropy       0.5268   -  0.0423    0.832614    0.851404
  9  post_conf          0.5261   -  0.0353    0.619281    0.627368
 10  feat_left_pc3      0.5146   +  0.0237    2.011374    1.939486
 11  feat_left_pc2      0.5127   +  0.0204    2.058911    1.995597
BEST: delta_argdisp (AUC=0.5778, polarity=-)
저장: D:\Users\dust\Documents\학교\2026년도1학기\컴퓨터비전\실습\FoundationStereo\experiments\ds_v1_seed0/livingroom_v64\features\report.json / panels.png / mirror_signal.npy
[device] cuda
  [train] epoch 60/300  loss=0.6544
  [train] epoch 120/300  loss=0.4548
  [train] epoch 180/300  loss=0.3232
  [train] epoch 240/300  loss=0.2414
  [train] epoch 300/300  loss=0.1901

[VAL] scene=ds_v1_seed0/livingroom_v64  (pixel 70/30 split)
  AUC      = 0.9828
  IoU@0.5  = 0.6897
  F1@0.5   = 0.8163
  accuracy = 0.9284  (prec=0.7192, rec=0.9439)
  tp=2809 fp=1097 fn=167 tn=13591

[save] D:\Users\dust\Documents\학교\2026년도1학기\컴퓨터비전\실습\FoundationStereo\experiments\ds_v1_seed0/livingroom_v64\submodel
  pred_mask.png, panel.png, metrics.json, head.pt
DONE: D:\Users\dust\Documents\학교\2026년도1학기\컴퓨터비전\실습\FoundationStereo\experiments\ds_v1_seed0/livingroom_v64\submodel
[device] cuda
[load] D:\Users\dust\Documents\학교\2026년도1학기\컴퓨터비전\실습\FoundationStereo\experiments\_model\general_head.pt  (train_scenes=['archiviz_baseline080', 'bedroom_baseline080', 'blue_bathroom_baseline080', 'computer_room_baseline080', 'cozy_living_room_baseline080', 'flat-archiviz_baseline080', 'green_house_baseline080', 'gym_baseline080', 'livingroom_baseline080', 'minimal_interior_baseline080', 'scandinavian_baseline080', 'sunlight_baseline080'])

[APPLY] ds_v1_seed0/livingroom_v64  (저장모델로 새 데이터 평가)
  AUC      = 0.9430
  IoU@0.5  = 0.3649
  F1@0.5   = 0.5347
  accuracy = 0.8799  (prec=0.7912, rec=0.4038)
  tp=4062 fp=1072 fn=5997 tn=47749
[save] D:\Users\dust\Documents\학교\2026년도1학기\컴퓨터비전\실습\FoundationStereo\experiments\ds_v1_seed0/livingroom_v64\submodel_applied  (pred_mask.png, panel.png, metrics.json)

============================================================
STEP: estimate_mirror_plane
============================================================

============================================================
STEP: viz_ransac_inliers
============================================================

============================================================
STEP: make_mirror_gt_from_depth
============================================================

============================================================
STEP: analyze_features
============================================================

============================================================
STEP: submodel_head
============================================================

============================================================
STEP: apply_submodel
============================================================

DONE: D:\Users\dust\Documents\학교\2026년도1학기\컴퓨터비전\실습\FoundationStereo\experiments\ds_v1_seed0/livingroom_v64 (ok)

##### [104/121] ds_v1_seed0/minigym_v38  (done 42, fail 0, skip 61, elapsed 25m, ETA 11m) #####
[scene] ds_v1_seed0/minigym_v38  size=1280x720
[select] mirror 점 개수 = 427397  (mask=427397, valid&depth = 900914)
[conf] mirror 영역 평균 confidence = 0.7140

=== 평면 추정 결과 ===
  [PCA (closed form)]
      normal = [+0.0264, -0.8861, -0.4628]
      d = +2.5123   mirror_depth(perp) = 2.5123 m   view_z = 7.8959 m
      n_inliers = 427397/427397   rms_residual = 0.92760 m
  [RANSAC]
      normal = [+0.0454, -0.9640, -0.2620]
      d = +2.0086   mirror_depth(perp) = 2.0086 m   view_z = 7.8959 m
      n_inliers = 104376/427397   rms_residual = 0.02861 m
  [SVD robust (IRLS)]
      normal = [+0.0050, -0.8236, -0.5671]
      d = +3.5796   mirror_depth(perp) = 3.5796 m   view_z = 7.8959 m
      n_inliers = 45195/427397   rms_residual = 0.06084 m

[save] D:\Users\dust\Documents\학교\2026년도1학기\컴퓨터비전\실습\FoundationStereo\experiments\ds_v1_seed0/minigym_v38\mirror_geometry\result.json
[save] D:\Users\dust\Documents\학교\2026년도1학기\컴퓨터비전\실습\FoundationStereo\experiments\ds_v1_seed0/minigym_v38\mirror_geometry\plane.txt
[save] D:\Users\dust\Documents\학교\2026년도1학기\컴퓨터비전\실습\FoundationStereo\experiments\ds_v1_seed0/minigym_v38\mirror_geometry\viz.png

DONE: D:\Users\dust\Documents\학교\2026년도1학기\컴퓨터비전\실습\FoundationStereo\experiments\ds_v1_seed0/minigym_v38\mirror_geometry
[ds_v1_seed0/minigym_v38] 거울 점 427397개 중 inlier 104376 (24.4%) / outlier 323021
  normal=[ 0.045 -0.964 -0.262] d=2.009  rms(inlier)=0.0286 m  thr≈0.108 m
[save] D:\Users\dust\Documents\학교\2026년도1학기\컴퓨터비전\실습\FoundationStereo\experiments\ds_v1_seed0/minigym_v38\mirror_geometry\ransac_inliers.png
[gt] minigym_v38                  perp 5.04m planRMS 0.0056m  normal [-0.139, 0.239, -0.961]

생성 1, 건너뜀 0 (depth_gt/mask 없음 등)
[ds_v1_seed0/minigym_v38] feature 184x320  mirror_frac=0.46586277173913043  feat_left=True
rank  signal              AUC    pol  sep     mean_in     mean_out
  1  delta_argdisp      0.5971   +  0.1418   47.176559    38.17097
  2  pre_conf           0.5854   -  0.1976    0.364778    0.456784
  3  pre_entropy        0.5809   +  0.1143    2.077358    1.872891
  4  delta_entropy      0.5749   -  0.1053   -1.458143   -1.273343
  5  delta_conf         0.5706   +  0.1544    0.349313    0.272145
  6  feat_left_pc2      0.5562   +  0.1021    2.263596    1.945282
  7  post_entropy       0.5516   +  0.0723    0.619215    0.599548
  8  post_conf          0.5389   -   0.063    0.714091    0.728929
  9  feat_left_l2       0.5135   -  0.0371   16.848427   17.043649
 10  feat_left_pc1      0.5035   -  0.0028    2.397495    2.406048
 11  feat_left_pc3      0.5011   +  0.0021    1.731749    1.726039
BEST: delta_argdisp (AUC=0.5971, polarity=+)
저장: D:\Users\dust\Documents\학교\2026년도1학기\컴퓨터비전\실습\FoundationStereo\experiments\ds_v1_seed0/minigym_v38\features\report.json / panels.png / mirror_signal.npy
[device] cuda
  [train] epoch 60/300  loss=0.3560
  [train] epoch 120/300  loss=0.2266
  [train] epoch 180/300  loss=0.1575
  [train] epoch 240/300  loss=0.1136
  [train] epoch 300/300  loss=0.0843

[VAL] scene=ds_v1_seed0/minigym_v38  (pixel 70/30 split)
  AUC      = 0.9947
  IoU@0.5  = 0.9252
  F1@0.5   = 0.9611
  accuracy = 0.9639  (prec=0.9574, rec=0.9650)
  tp=7879 fp=351 fn=286 tn=9148

[save] D:\Users\dust\Documents\학교\2026년도1학기\컴퓨터비전\실습\FoundationStereo\experiments\ds_v1_seed0/minigym_v38\submodel
  pred_mask.png, panel.png, metrics.json, head.pt
DONE: D:\Users\dust\Documents\학교\2026년도1학기\컴퓨터비전\실습\FoundationStereo\experiments\ds_v1_seed0/minigym_v38\submodel
[device] cuda
[load] D:\Users\dust\Documents\학교\2026년도1학기\컴퓨터비전\실습\FoundationStereo\experiments\_model\general_head.pt  (train_scenes=['archiviz_baseline080', 'bedroom_baseline080', 'blue_bathroom_baseline080', 'computer_room_baseline080', 'cozy_living_room_baseline080', 'flat-archiviz_baseline080', 'green_house_baseline080', 'gym_baseline080', 'livingroom_baseline080', 'minimal_interior_baseline080', 'scandinavian_baseline080', 'sunlight_baseline080'])

[APPLY] ds_v1_seed0/minigym_v38  (저장모델로 새 데이터 평가)
  AUC      = 0.9524
  IoU@0.5  = 0.6412
  F1@0.5   = 0.7814
  accuracy = 0.8289  (prec=0.9652, rec=0.6564)
  tp=18005 fp=649 fn=9425 tn=30801
[save] D:\Users\dust\Documents\학교\2026년도1학기\컴퓨터비전\실습\FoundationStereo\experiments\ds_v1_seed0/minigym_v38\submodel_applied  (pred_mask.png, panel.png, metrics.json)

============================================================
STEP: estimate_mirror_plane
============================================================

============================================================
STEP: viz_ransac_inliers
============================================================

============================================================
STEP: make_mirror_gt_from_depth
============================================================

============================================================
STEP: analyze_features
============================================================

============================================================
STEP: submodel_head
============================================================

============================================================
STEP: apply_submodel
============================================================

DONE: D:\Users\dust\Documents\학교\2026년도1학기\컴퓨터비전\실습\FoundationStereo\experiments\ds_v1_seed0/minigym_v38 (ok)

##### [105/121] ds_v1_seed0/minigym_v39  (done 43, fail 0, skip 61, elapsed 26m, ETA 10m) #####
[scene] ds_v1_seed0/minigym_v39  size=1280x720
[select] mirror 점 개수 = 277176  (mask=277176, valid&depth = 895673)
[conf] mirror 영역 평균 confidence = 0.7048

=== 평면 추정 결과 ===
  [PCA (closed form)]
      normal = [+0.0243, -0.8854, -0.4641]
      d = +1.8009   mirror_depth(perp) = 1.8009 m   view_z = 7.3118 m
      n_inliers = 277176/277176   rms_residual = 0.50622 m
  [RANSAC]
      normal = [+0.0609, -0.9000, -0.4317]
      d = +1.9990   mirror_depth(perp) = 1.9990 m   view_z = 7.3118 m
      n_inliers = 107352/277176   rms_residual = 0.02681 m
  [SVD robust (IRLS)]
      normal = [+0.0237, -0.8562, -0.5161]
      d = +2.4118   mirror_depth(perp) = 2.4118 m   view_z = 7.3118 m
      n_inliers = 44766/277176   rms_residual = 0.06354 m

[save] D:\Users\dust\Documents\학교\2026년도1학기\컴퓨터비전\실습\FoundationStereo\experiments\ds_v1_seed0/minigym_v39\mirror_geometry\result.json
[save] D:\Users\dust\Documents\학교\2026년도1학기\컴퓨터비전\실습\FoundationStereo\experiments\ds_v1_seed0/minigym_v39\mirror_geometry\plane.txt
[save] D:\Users\dust\Documents\학교\2026년도1학기\컴퓨터비전\실습\FoundationStereo\experiments\ds_v1_seed0/minigym_v39\mirror_geometry\viz.png

DONE: D:\Users\dust\Documents\학교\2026년도1학기\컴퓨터비전\실습\FoundationStereo\experiments\ds_v1_seed0/minigym_v39\mirror_geometry
[ds_v1_seed0/minigym_v39] 거울 점 277176개 중 inlier 107352 (38.7%) / outlier 169824
  normal=[ 0.061 -0.9   -0.432] d=1.999  rms(inlier)=0.0268 m  thr≈0.102 m
[save] D:\Users\dust\Documents\학교\2026년도1학기\컴퓨터비전\실습\FoundationStereo\experiments\ds_v1_seed0/minigym_v39\mirror_geometry\ransac_inliers.png
[gt] minigym_v39                  perp 4.98m planRMS 0.0109m  normal [-0.085, 0.416, -0.906]

생성 1, 건너뜀 0 (depth_gt/mask 없음 등)
[ds_v1_seed0/minigym_v39] feature 184x320  mirror_frac=0.3028702445652174  feat_left=True
rank  signal              AUC    pol  sep     mean_in     mean_out
  1  pre_conf           0.6171   -  0.2376    0.342925    0.449219
  2  delta_entropy       0.617   -  0.1929    -1.54723   -1.216404
  3  pre_entropy        0.6124   +  0.1696    2.169937     1.87628
  4  delta_conf         0.6071   +  0.2213    0.361927    0.253099
  5  delta_argdisp      0.5835   +  0.1215   47.080076   39.409409
  6  feat_left_pc2      0.5792   +  0.1393    2.302141    1.859829
  7  feat_left_pc1      0.5769   -  0.1307    2.036073    2.404106
  8  post_entropy       0.5255   +  0.0982    0.622707    0.659876
  9  feat_left_pc3      0.5163   -  0.0285    1.705801    1.782772
 10  post_conf          0.5097   -  0.0095    0.704853    0.702318
 11  feat_left_l2       0.5087   +  0.0036   16.874607   16.855336
BEST: pre_conf (AUC=0.6171, polarity=-)
저장: D:\Users\dust\Documents\학교\2026년도1학기\컴퓨터비전\실습\FoundationStereo\experiments\ds_v1_seed0/minigym_v39\features\report.json / panels.png / mirror_signal.npy
[device] cuda
  [train] epoch 60/300  loss=0.4909
  [train] epoch 120/300  loss=0.3438
  [train] epoch 180/300  loss=0.2537
  [train] epoch 240/300  loss=0.1874
  [train] epoch 300/300  loss=0.1394

[VAL] scene=ds_v1_seed0/minigym_v39  (pixel 70/30 split)
  AUC      = 0.9901
  IoU@0.5  = 0.8612
  F1@0.5   = 0.9254
  accuracy = 0.9536  (prec=0.8990, rec=0.9535)
  tp=5089 fp=572 fn=248 tn=11755

[save] D:\Users\dust\Documents\학교\2026년도1학기\컴퓨터비전\실습\FoundationStereo\experiments\ds_v1_seed0/minigym_v39\submodel
  pred_mask.png, panel.png, metrics.json, head.pt
DONE: D:\Users\dust\Documents\학교\2026년도1학기\컴퓨터비전\실습\FoundationStereo\experiments\ds_v1_seed0/minigym_v39\submodel
[device] cuda
[load] D:\Users\dust\Documents\학교\2026년도1학기\컴퓨터비전\실습\FoundationStereo\experiments\_model\general_head.pt  (train_scenes=['archiviz_baseline080', 'bedroom_baseline080', 'blue_bathroom_baseline080', 'computer_room_baseline080', 'cozy_living_room_baseline080', 'flat-archiviz_baseline080', 'green_house_baseline080', 'gym_baseline080', 'livingroom_baseline080', 'minimal_interior_baseline080', 'scandinavian_baseline080', 'sunlight_baseline080'])

[APPLY] ds_v1_seed0/minigym_v39  (저장모델로 새 데이터 평가)
  AUC      = 0.9583
  IoU@0.5  = 0.6455
  F1@0.5   = 0.7845
  accuracy = 0.8844  (prec=0.9003, rec=0.6951)
  tp=12396 fp=1372 fn=5437 tn=39675
[save] D:\Users\dust\Documents\학교\2026년도1학기\컴퓨터비전\실습\FoundationStereo\experiments\ds_v1_seed0/minigym_v39\submodel_applied  (pred_mask.png, panel.png, metrics.json)

============================================================
STEP: estimate_mirror_plane
============================================================

============================================================
STEP: viz_ransac_inliers
============================================================

============================================================
STEP: make_mirror_gt_from_depth
============================================================

============================================================
STEP: analyze_features
============================================================

============================================================
STEP: submodel_head
============================================================

============================================================
STEP: apply_submodel
============================================================

DONE: D:\Users\dust\Documents\학교\2026년도1학기\컴퓨터비전\실습\FoundationStereo\experiments\ds_v1_seed0/minigym_v39 (ok)

##### [106/121] ds_v1_seed0/minigym_v40  (done 44, fail 0, skip 61, elapsed 26m, ETA 10m) #####
[scene] ds_v1_seed0/minigym_v40  size=1280x720
[select] mirror 점 개수 = 192368  (mask=192368, valid&depth = 899102)
[conf] mirror 영역 평균 confidence = 0.7204

=== 평면 추정 결과 ===
  [PCA (closed form)]
      normal = [+0.0321, -0.8385, -0.5440]
      d = +2.3275   mirror_depth(perp) = 2.3275 m   view_z = 7.1684 m
      n_inliers = 192368/192368   rms_residual = 0.38449 m
  [RANSAC]
      normal = [-0.0809, -0.8901, -0.4486]
      d = +2.1568   mirror_depth(perp) = 2.1568 m   view_z = 7.1684 m
      n_inliers = 104638/192368   rms_residual = 0.05733 m
  [SVD robust (IRLS)]
      normal = [-0.0037, -0.8411, -0.5409]
      d = +2.4758   mirror_depth(perp) = 2.4758 m   view_z = 7.1684 m
      n_inliers = 74021/192368   rms_residual = 0.09056 m

[save] D:\Users\dust\Documents\학교\2026년도1학기\컴퓨터비전\실습\FoundationStereo\experiments\ds_v1_seed0/minigym_v40\mirror_geometry\result.json
[save] D:\Users\dust\Documents\학교\2026년도1학기\컴퓨터비전\실습\FoundationStereo\experiments\ds_v1_seed0/minigym_v40\mirror_geometry\plane.txt
[save] D:\Users\dust\Documents\학교\2026년도1학기\컴퓨터비전\실습\FoundationStereo\experiments\ds_v1_seed0/minigym_v40\mirror_geometry\viz.png

DONE: D:\Users\dust\Documents\학교\2026년도1학기\컴퓨터비전\실습\FoundationStereo\experiments\ds_v1_seed0/minigym_v40\mirror_geometry
[ds_v1_seed0/minigym_v40] 거울 점 192368개 중 inlier 104638 (54.4%) / outlier 87730
  normal=[-0.081 -0.89  -0.449] d=2.157  rms(inlier)=0.0573 m  thr≈0.159 m
[save] D:\Users\dust\Documents\학교\2026년도1학기\컴퓨터비전\실습\FoundationStereo\experiments\ds_v1_seed0/minigym_v40\mirror_geometry\ransac_inliers.png
[gt] minigym_v40                  perp 5.00m planRMS 0.0098m  normal [-0.473, 0.406, -0.782]

생성 1, 건너뜀 0 (depth_gt/mask 없음 등)
[ds_v1_seed0/minigym_v40] feature 184x320  mirror_frac=0.20949388586956522  feat_left=True
rank  signal              AUC    pol  sep     mean_in     mean_out
  1  feat_left_pc1      0.5835   -  0.1727    1.946597    2.425306
  2  delta_entropy      0.5815   -  0.1077   -1.524885   -1.338825
  3  pre_entropy        0.5782   +  0.1013    2.125341    1.948925
  4  pre_conf           0.5722   -  0.1443    0.361574     0.42707
  5  feat_left_l2       0.5708   +  0.1025     17.2187    16.73955
  6  delta_conf         0.5703   +  0.1351    0.359171    0.291531
  7  delta_argdisp      0.5355   +   0.064   45.198298   41.089311
  8  post_entropy       0.5294   -   0.036    0.600455    0.610099
  9  feat_left_pc2      0.5137   +  0.0298    1.962223    1.874488
 10  post_conf          0.5059   +  0.0087    0.720745    0.718601
 11  feat_left_pc3      0.5057   -  0.0078    1.717145    1.738577
BEST: feat_left_pc1 (AUC=0.5835, polarity=-)
저장: D:\Users\dust\Documents\학교\2026년도1학기\컴퓨터비전\실습\FoundationStereo\experiments\ds_v1_seed0/minigym_v40\features\report.json / panels.png / mirror_signal.npy
[device] cuda
  [train] epoch 60/300  loss=0.5442
  [train] epoch 120/300  loss=0.3734
  [train] epoch 180/300  loss=0.2711
  [train] epoch 240/300  loss=0.1995
  [train] epoch 300/300  loss=0.1508

[VAL] scene=ds_v1_seed0/minigym_v40  (pixel 70/30 split)
  AUC      = 0.9911
  IoU@0.5  = 0.7908
  F1@0.5   = 0.8832
  accuracy = 0.9474  (prec=0.8180, rec=0.9596)
  tp=3511 fp=781 fn=148 tn=13224

[save] D:\Users\dust\Documents\학교\2026년도1학기\컴퓨터비전\실습\FoundationStereo\experiments\ds_v1_seed0/minigym_v40\submodel
  pred_mask.png, panel.png, metrics.json, head.pt
DONE: D:\Users\dust\Documents\학교\2026년도1학기\컴퓨터비전\실습\FoundationStereo\experiments\ds_v1_seed0/minigym_v40\submodel
[device] cuda
[load] D:\Users\dust\Documents\학교\2026년도1학기\컴퓨터비전\실습\FoundationStereo\experiments\_model\general_head.pt  (train_scenes=['archiviz_baseline080', 'bedroom_baseline080', 'blue_bathroom_baseline080', 'computer_room_baseline080', 'cozy_living_room_baseline080', 'flat-archiviz_baseline080', 'green_house_baseline080', 'gym_baseline080', 'livingroom_baseline080', 'minimal_interior_baseline080', 'scandinavian_baseline080', 'sunlight_baseline080'])

[APPLY] ds_v1_seed0/minigym_v40  (저장모델로 새 데이터 평가)
  AUC      = 0.9684
  IoU@0.5  = 0.6559
  F1@0.5   = 0.7922
  accuracy = 0.9193  (prec=0.8600, rec=0.7343)
  tp=9058 fp=1475 fn=3277 tn=45070
[save] D:\Users\dust\Documents\학교\2026년도1학기\컴퓨터비전\실습\FoundationStereo\experiments\ds_v1_seed0/minigym_v40\submodel_applied  (pred_mask.png, panel.png, metrics.json)

============================================================
STEP: estimate_mirror_plane
============================================================

============================================================
STEP: viz_ransac_inliers
============================================================

============================================================
STEP: make_mirror_gt_from_depth
============================================================

============================================================
STEP: analyze_features
============================================================

============================================================
STEP: submodel_head
============================================================

============================================================
STEP: apply_submodel
============================================================

DONE: D:\Users\dust\Documents\학교\2026년도1학기\컴퓨터비전\실습\FoundationStereo\experiments\ds_v1_seed0/minigym_v40 (ok)

##### [107/121] ds_v1_seed0/minigym_v41  (done 45, fail 0, skip 61, elapsed 27m, ETA 9m) #####
[scene] ds_v1_seed0/minigym_v41  size=1280x720
[select] mirror 점 개수 = 77955  (mask=77955, valid&depth = 719498)
[conf] mirror 영역 평균 confidence = 0.6649

=== 평면 추정 결과 ===
  [PCA (closed form)]
      normal = [-0.3050, +0.8891, +0.3414]
      d = +0.2721   mirror_depth(perp) = 0.2721 m   view_z = 7.8528 m
      n_inliers = 77955/77955   rms_residual = 0.40492 m
  [RANSAC]
      normal = [-0.9882, -0.0846, +0.1275]
      d = +2.0262   mirror_depth(perp) = 2.0262 m   view_z = 7.8528 m
      n_inliers = 43967/77955   rms_residual = 0.01942 m
  [SVD robust (IRLS)]
      normal = [-0.2735, +0.8998, +0.3400]
      d = +0.2133   mirror_depth(perp) = 0.2133 m   view_z = 7.8528 m
      n_inliers = 9994/77955   rms_residual = 0.04522 m

[save] D:\Users\dust\Documents\학교\2026년도1학기\컴퓨터비전\실습\FoundationStereo\experiments\ds_v1_seed0/minigym_v41\mirror_geometry\result.json
[save] D:\Users\dust\Documents\학교\2026년도1학기\컴퓨터비전\실습\FoundationStereo\experiments\ds_v1_seed0/minigym_v41\mirror_geometry\plane.txt
[save] D:\Users\dust\Documents\학교\2026년도1학기\컴퓨터비전\실습\FoundationStereo\experiments\ds_v1_seed0/minigym_v41\mirror_geometry\viz.png

DONE: D:\Users\dust\Documents\학교\2026년도1학기\컴퓨터비전\실습\FoundationStereo\experiments\ds_v1_seed0/minigym_v41\mirror_geometry
[ds_v1_seed0/minigym_v41] 거울 점 77955개 중 inlier 43967 (56.4%) / outlier 33988
  normal=[-0.988 -0.085  0.127] d=2.026  rms(inlier)=0.0194 m  thr≈0.078 m
[save] D:\Users\dust\Documents\학교\2026년도1학기\컴퓨터비전\실습\FoundationStereo\experiments\ds_v1_seed0/minigym_v41\mirror_geometry\ransac_inliers.png
[gt] minigym_v41                  perp 5.12m planRMS 0.0003m  normal [-0.167, 0.318, -0.933]

생성 1, 건너뜀 0 (depth_gt/mask 없음 등)
[ds_v1_seed0/minigym_v41] feature 184x320  mirror_frac=0.08578464673913043  feat_left=True
rank  signal              AUC    pol  sep     mean_in     mean_out
  1  post_entropy       0.9697   -  2.2769    0.694362    2.803396
  2  post_conf          0.9478   +  1.7101    0.664858    0.181092
  3  delta_entropy      0.9195   -  1.0497   -1.502908    0.551156
  4  delta_conf         0.9073   +  0.9395     0.32832   -0.152636
  5  feat_left_l2       0.8572   +  0.6528   21.700939   15.741704
  6  feat_left_pc2      0.6955   +  0.3378    4.727114    2.852689
  7  feat_left_pc1       0.675   -  0.2616    2.660974    3.877718
  8  delta_argdisp      0.5758   +  0.1451   43.491982   36.144773
  9  feat_left_pc3      0.5539   -   0.152    1.797765    2.303826
 10  pre_conf           0.5406   +  0.0071    0.336538    0.333728
 11  pre_entropy        0.5173   -   0.035    2.197269    2.252239
BEST: post_entropy (AUC=0.9697, polarity=-)
저장: D:\Users\dust\Documents\학교\2026년도1학기\컴퓨터비전\실습\FoundationStereo\experiments\ds_v1_seed0/minigym_v41\features\report.json / panels.png / mirror_signal.npy
[device] cuda
  [train] epoch 60/300  loss=0.1888
  [train] epoch 120/300  loss=0.0869
  [train] epoch 180/300  loss=0.0560
  [train] epoch 240/300  loss=0.0415
  [train] epoch 300/300  loss=0.0330

[VAL] scene=ds_v1_seed0/minigym_v41  (pixel 70/30 split)
  AUC      = 0.9996
  IoU@0.5  = 0.9119
  F1@0.5   = 0.9539
  accuracy = 0.9916  (prec=0.9163, rec=0.9948)
  tp=1532 fp=140 fn=8 tn=15984

[save] D:\Users\dust\Documents\학교\2026년도1학기\컴퓨터비전\실습\FoundationStereo\experiments\ds_v1_seed0/minigym_v41\submodel
  pred_mask.png, panel.png, metrics.json, head.pt
DONE: D:\Users\dust\Documents\학교\2026년도1학기\컴퓨터비전\실습\FoundationStereo\experiments\ds_v1_seed0/minigym_v41\submodel
[device] cuda
[load] D:\Users\dust\Documents\학교\2026년도1학기\컴퓨터비전\실습\FoundationStereo\experiments\_model\general_head.pt  (train_scenes=['archiviz_baseline080', 'bedroom_baseline080', 'blue_bathroom_baseline080', 'computer_room_baseline080', 'cozy_living_room_baseline080', 'flat-archiviz_baseline080', 'green_house_baseline080', 'gym_baseline080', 'livingroom_baseline080', 'minimal_interior_baseline080', 'scandinavian_baseline080', 'sunlight_baseline080'])

[APPLY] ds_v1_seed0/minigym_v41  (저장모델로 새 데이터 평가)
  AUC      = 0.9198
  IoU@0.5  = 0.3926
  F1@0.5   = 0.5638
  accuracy = 0.8714  (prec=0.3976, rec=0.9691)
  tp=4895 fp=7417 fn=156 tn=46412
[save] D:\Users\dust\Documents\학교\2026년도1학기\컴퓨터비전\실습\FoundationStereo\experiments\ds_v1_seed0/minigym_v41\submodel_applied  (pred_mask.png, panel.png, metrics.json)

============================================================
STEP: estimate_mirror_plane
============================================================

============================================================
STEP: viz_ransac_inliers
============================================================

============================================================
STEP: make_mirror_gt_from_depth
============================================================

============================================================
STEP: analyze_features
============================================================

============================================================
STEP: submodel_head
============================================================

============================================================
STEP: apply_submodel
============================================================

DONE: D:\Users\dust\Documents\학교\2026년도1학기\컴퓨터비전\실습\FoundationStereo\experiments\ds_v1_seed0/minigym_v41 (ok)

##### [108/121] ds_v1_seed0/minigym_v42  (done 46, fail 0, skip 61, elapsed 27m, ETA 8m) #####
[scene] ds_v1_seed0/minigym_v42  size=1280x720
[select] mirror 점 개수 = 411684  (mask=411684, valid&depth = 897633)
[conf] mirror 영역 평균 confidence = 0.6962

=== 평면 추정 결과 ===
  [PCA (closed form)]
      normal = [+0.0298, -0.8525, -0.5220]
      d = +2.9853   mirror_depth(perp) = 2.9853 m   view_z = 7.8970 m
      n_inliers = 411684/411684   rms_residual = 0.83776 m
  [RANSAC]
      normal = [-0.0069, -0.9603, -0.2788]
      d = +2.0614   mirror_depth(perp) = 2.0614 m   view_z = 7.8970 m
      n_inliers = 113061/411684   rms_residual = 0.02721 m
  [SVD robust (IRLS)]
      normal = [-0.0040, -0.8185, -0.5745]
      d = +3.5967   mirror_depth(perp) = 3.5967 m   view_z = 7.8970 m
      n_inliers = 48203/411684   rms_residual = 0.06175 m

[save] D:\Users\dust\Documents\학교\2026년도1학기\컴퓨터비전\실습\FoundationStereo\experiments\ds_v1_seed0/minigym_v42\mirror_geometry\result.json
[save] D:\Users\dust\Documents\학교\2026년도1학기\컴퓨터비전\실습\FoundationStereo\experiments\ds_v1_seed0/minigym_v42\mirror_geometry\plane.txt
[save] D:\Users\dust\Documents\학교\2026년도1학기\컴퓨터비전\실습\FoundationStereo\experiments\ds_v1_seed0/minigym_v42\mirror_geometry\viz.png

DONE: D:\Users\dust\Documents\학교\2026년도1학기\컴퓨터비전\실습\FoundationStereo\experiments\ds_v1_seed0/minigym_v42\mirror_geometry
[ds_v1_seed0/minigym_v42] 거울 점 411684개 중 inlier 113061 (27.5%) / outlier 298623
  normal=[-0.007 -0.96  -0.279] d=2.061  rms(inlier)=0.0272 m  thr≈0.109 m
[save] D:\Users\dust\Documents\학교\2026년도1학기\컴퓨터비전\실습\FoundationStereo\experiments\ds_v1_seed0/minigym_v42\mirror_geometry\ransac_inliers.png
[gt] minigym_v42                  perp 5.05m planRMS 0.0070m  normal [-0.278, 0.261, -0.924]

생성 1, 건너뜀 0 (depth_gt/mask 없음 등)
[ds_v1_seed0/minigym_v42] feature 184x320  mirror_frac=0.4478600543478261  feat_left=True
rank  signal              AUC    pol  sep     mean_in     mean_out
  1  pre_conf           0.6023   -  0.2161    0.363934    0.465771
  2  pre_entropy        0.5922   +   0.126    2.100804    1.870362
  3  post_entropy       0.5916   +   0.133     0.62999    0.594195
  4  delta_entropy      0.5794   -  0.1085   -1.470813   -1.276167
  5  delta_argdisp      0.5709   +  0.0988   46.364733   39.922639
  6  post_conf          0.5688   -  0.1194    0.696477    0.725802
  7  delta_conf         0.5656   +  0.1411    0.332543    0.260031
  8  feat_left_pc2      0.5367   +  0.0636    2.094866     1.90398
  9  feat_left_l2       0.5264   -  0.0617   16.810509   17.108022
 10  feat_left_pc3      0.5037   +  0.0049    1.727152    1.713595
 11  feat_left_pc1      0.5013   +  0.0063    2.419964    2.400397
BEST: pre_conf (AUC=0.6023, polarity=-)
저장: D:\Users\dust\Documents\학교\2026년도1학기\컴퓨터비전\실습\FoundationStereo\experiments\ds_v1_seed0/minigym_v42\features\report.json / panels.png / mirror_signal.npy
[device] cuda
  [train] epoch 60/300  loss=0.3718
  [train] epoch 120/300  loss=0.2515
  [train] epoch 180/300  loss=0.1834
  [train] epoch 240/300  loss=0.1367
  [train] epoch 300/300  loss=0.1043

[VAL] scene=ds_v1_seed0/minigym_v42  (pixel 70/30 split)
  AUC      = 0.9927
  IoU@0.5  = 0.9019
  F1@0.5   = 0.9484
  accuracy = 0.9539  (prec=0.9418, rec=0.9551)
  tp=7495 fp=463 fn=352 tn=9354

[save] D:\Users\dust\Documents\학교\2026년도1학기\컴퓨터비전\실습\FoundationStereo\experiments\ds_v1_seed0/minigym_v42\submodel
  pred_mask.png, panel.png, metrics.json, head.pt
DONE: D:\Users\dust\Documents\학교\2026년도1학기\컴퓨터비전\실습\FoundationStereo\experiments\ds_v1_seed0/minigym_v42\submodel
[device] cuda
[load] D:\Users\dust\Documents\학교\2026년도1학기\컴퓨터비전\실습\FoundationStereo\experiments\_model\general_head.pt  (train_scenes=['archiviz_baseline080', 'bedroom_baseline080', 'blue_bathroom_baseline080', 'computer_room_baseline080', 'cozy_living_room_baseline080', 'flat-archiviz_baseline080', 'green_house_baseline080', 'gym_baseline080', 'livingroom_baseline080', 'minimal_interior_baseline080', 'scandinavian_baseline080', 'sunlight_baseline080'])

[APPLY] ds_v1_seed0/minigym_v42  (저장모델로 새 데이터 평가)
  AUC      = 0.9595
  IoU@0.5  = 0.6543
  F1@0.5   = 0.7910
  accuracy = 0.8406  (prec=0.9583, rec=0.6735)
  tp=17759 fp=773 fn=8611 tn=31737
[save] D:\Users\dust\Documents\학교\2026년도1학기\컴퓨터비전\실습\FoundationStereo\experiments\ds_v1_seed0/minigym_v42\submodel_applied  (pred_mask.png, panel.png, metrics.json)

============================================================
STEP: estimate_mirror_plane
============================================================

============================================================
STEP: viz_ransac_inliers
============================================================

============================================================
STEP: make_mirror_gt_from_depth
============================================================

============================================================
STEP: analyze_features
============================================================

============================================================
STEP: submodel_head
============================================================

============================================================
STEP: apply_submodel
============================================================

DONE: D:\Users\dust\Documents\학교\2026년도1학기\컴퓨터비전\실습\FoundationStereo\experiments\ds_v1_seed0/minigym_v42 (ok)

##### [109/121] ds_v1_seed0/minigym_v43  (done 47, fail 0, skip 61, elapsed 28m, ETA 8m) #####
[scene] ds_v1_seed0/minigym_v43  size=1280x720
[select] mirror 점 개수 = 250809  (mask=250809, valid&depth = 899440)
[conf] mirror 영역 평균 confidence = 0.7060

=== 평면 추정 결과 ===
  [PCA (closed form)]
      normal = [+0.0409, -0.8811, -0.4712]
      d = +1.8184   mirror_depth(perp) = 1.8184 m   view_z = 7.3501 m
      n_inliers = 250809/250809   rms_residual = 0.46059 m
  [RANSAC]
      normal = [+0.0733, -0.8895, -0.4511]
      d = +2.0583   mirror_depth(perp) = 2.0583 m   view_z = 7.3501 m
      n_inliers = 107940/250809   rms_residual = 0.02614 m
  [SVD robust (IRLS)]
      normal = [+0.0515, -0.8535, -0.5186]
      d = +2.3990   mirror_depth(perp) = 2.3990 m   view_z = 7.3501 m
      n_inliers = 61808/250809   rms_residual = 0.06388 m

[save] D:\Users\dust\Documents\학교\2026년도1학기\컴퓨터비전\실습\FoundationStereo\experiments\ds_v1_seed0/minigym_v43\mirror_geometry\result.json
[save] D:\Users\dust\Documents\학교\2026년도1학기\컴퓨터비전\실습\FoundationStereo\experiments\ds_v1_seed0/minigym_v43\mirror_geometry\plane.txt
[save] D:\Users\dust\Documents\학교\2026년도1학기\컴퓨터비전\실습\FoundationStereo\experiments\ds_v1_seed0/minigym_v43\mirror_geometry\viz.png

DONE: D:\Users\dust\Documents\학교\2026년도1학기\컴퓨터비전\실습\FoundationStereo\experiments\ds_v1_seed0/minigym_v43\mirror_geometry
[ds_v1_seed0/minigym_v43] 거울 점 250809개 중 inlier 107940 (43.0%) / outlier 142869
  normal=[ 0.073 -0.889 -0.451] d=2.058  rms(inlier)=0.0261 m  thr≈0.102 m
[save] D:\Users\dust\Documents\학교\2026년도1학기\컴퓨터비전\실습\FoundationStereo\experiments\ds_v1_seed0/minigym_v43\mirror_geometry\ransac_inliers.png
[gt] minigym_v43                  perp 5.05m planRMS 0.0086m  normal [-0.048, 0.438, -0.898]

생성 1, 건너뜀 0 (depth_gt/mask 없음 등)
[ds_v1_seed0/minigym_v43] feature 184x320  mirror_frac=0.27425271739130436  feat_left=True
rank  signal              AUC    pol  sep     mean_in     mean_out
  1  delta_entropy      0.6198   -  0.2109   -1.530693   -1.175888
  2  feat_left_pc1      0.6187   -  0.2264    1.926387    2.549664
  3  delta_conf          0.617   +  0.2341    0.358817    0.243058
  4  pre_conf           0.6086   -  0.2273    0.347726     0.44924
  5  pre_entropy        0.6067   +  0.1755    2.151561    1.854298
  6  delta_argdisp      0.5724   +  0.1021   46.345306   39.955513
  7  feat_left_pc2      0.5667   +  0.1141    2.336584    1.962559
  8  feat_left_l2       0.5641   +   0.087   17.200559   16.714476
  9  feat_left_pc3      0.5206   -  0.0277    1.714621    1.791833
 10  post_conf          0.5175   +  0.0527    0.706543    0.692297
 11  post_entropy       0.5037   -  0.1417    0.620868     0.67841
BEST: delta_entropy (AUC=0.6198, polarity=-)
저장: D:\Users\dust\Documents\학교\2026년도1학기\컴퓨터비전\실습\FoundationStereo\experiments\ds_v1_seed0/minigym_v43\features\report.json / panels.png / mirror_signal.npy
[device] cuda
  [train] epoch 60/300  loss=0.4705
  [train] epoch 120/300  loss=0.3209
  [train] epoch 180/300  loss=0.2384
  [train] epoch 240/300  loss=0.1797
  [train] epoch 300/300  loss=0.1369

[VAL] scene=ds_v1_seed0/minigym_v43  (pixel 70/30 split)
  AUC      = 0.9922
  IoU@0.5  = 0.8509
  F1@0.5   = 0.9195
  accuracy = 0.9534  (prec=0.8804, rec=0.9622)
  tp=4703 fp=639 fn=185 tn=12137

[save] D:\Users\dust\Documents\학교\2026년도1학기\컴퓨터비전\실습\FoundationStereo\experiments\ds_v1_seed0/minigym_v43\submodel
  pred_mask.png, panel.png, metrics.json, head.pt
DONE: D:\Users\dust\Documents\학교\2026년도1학기\컴퓨터비전\실습\FoundationStereo\experiments\ds_v1_seed0/minigym_v43\submodel
[device] cuda
[load] D:\Users\dust\Documents\학교\2026년도1학기\컴퓨터비전\실습\FoundationStereo\experiments\_model\general_head.pt  (train_scenes=['archiviz_baseline080', 'bedroom_baseline080', 'blue_bathroom_baseline080', 'computer_room_baseline080', 'cozy_living_room_baseline080', 'flat-archiviz_baseline080', 'green_house_baseline080', 'gym_baseline080', 'livingroom_baseline080', 'minimal_interior_baseline080', 'scandinavian_baseline080', 'sunlight_baseline080'])

[APPLY] ds_v1_seed0/minigym_v43  (저장모델로 새 데이터 평가)
  AUC      = 0.9685
  IoU@0.5  = 0.6940
  F1@0.5   = 0.8194
  accuracy = 0.9071  (prec=0.8780, rec=0.7681)
  tp=12403 fp=1724 fn=3745 tn=41008
[save] D:\Users\dust\Documents\학교\2026년도1학기\컴퓨터비전\실습\FoundationStereo\experiments\ds_v1_seed0/minigym_v43\submodel_applied  (pred_mask.png, panel.png, metrics.json)

============================================================
STEP: estimate_mirror_plane
============================================================

============================================================
STEP: viz_ransac_inliers
============================================================

============================================================
STEP: make_mirror_gt_from_depth
============================================================

============================================================
STEP: analyze_features
============================================================

============================================================
STEP: submodel_head
============================================================

============================================================
STEP: apply_submodel
============================================================

DONE: D:\Users\dust\Documents\학교\2026년도1학기\컴퓨터비전\실습\FoundationStereo\experiments\ds_v1_seed0/minigym_v43 (ok)

##### [110/121] ds_v1_seed0/minigym_v44  (done 48, fail 0, skip 61, elapsed 28m, ETA 7m) #####
[scene] ds_v1_seed0/minigym_v44  size=1280x720
[select] mirror 점 개수 = 364121  (mask=364121, valid&depth = 891925)
[conf] mirror 영역 평균 confidence = 0.7072

=== 평면 추정 결과 ===
  [PCA (closed form)]
      normal = [+0.1749, -0.7398, -0.6497]
      d = +3.7490   mirror_depth(perp) = 3.7490 m   view_z = 7.6542 m
      n_inliers = 364121/364121   rms_residual = 0.78429 m
  [RANSAC]
      normal = [+0.8872, +0.0248, -0.4607]
      d = +3.0355   mirror_depth(perp) = 3.0355 m   view_z = 7.6542 m
      n_inliers = 96717/364121   rms_residual = 0.02042 m
  [SVD robust (IRLS)]
      normal = [+0.1925, -0.7339, -0.6514]
      d = +3.7111   mirror_depth(perp) = 3.7111 m   view_z = 7.6542 m
      n_inliers = 33256/364121   rms_residual = 0.06371 m

[save] D:\Users\dust\Documents\학교\2026년도1학기\컴퓨터비전\실습\FoundationStereo\experiments\ds_v1_seed0/minigym_v44\mirror_geometry\result.json
[save] D:\Users\dust\Documents\학교\2026년도1학기\컴퓨터비전\실습\FoundationStereo\experiments\ds_v1_seed0/minigym_v44\mirror_geometry\plane.txt
[save] D:\Users\dust\Documents\학교\2026년도1학기\컴퓨터비전\실습\FoundationStereo\experiments\ds_v1_seed0/minigym_v44\mirror_geometry\viz.png

DONE: D:\Users\dust\Documents\학교\2026년도1학기\컴퓨터비전\실습\FoundationStereo\experiments\ds_v1_seed0/minigym_v44\mirror_geometry
[ds_v1_seed0/minigym_v44] 거울 점 364121개 중 inlier 96717 (26.6%) / outlier 267404
  normal=[ 0.887  0.025 -0.461] d=3.036  rms(inlier)=0.0204 m  thr≈0.110 m
[save] D:\Users\dust\Documents\학교\2026년도1학기\컴퓨터비전\실습\FoundationStereo\experiments\ds_v1_seed0/minigym_v44\mirror_geometry\ransac_inliers.png
[gt] minigym_v44                  perp 4.69m planRMS 0.0082m  normal [-0.457, 0.195, -0.868]

생성 1, 건너뜀 0 (depth_gt/mask 없음 등)
[ds_v1_seed0/minigym_v44] feature 184x320  mirror_frac=0.39560122282608695  feat_left=True
rank  signal              AUC    pol  sep     mean_in     mean_out
  1  pre_conf           0.5661   -  0.1365    0.377622    0.441637
  2  pre_entropy        0.5655   +  0.0685    2.070641    1.945868
  3  delta_entropy      0.5579   -  0.0589   -1.457902   -1.351817
  4  post_conf          0.5499   -   0.084    0.707294    0.727278
  5  post_entropy       0.5489   +  0.0707    0.612739    0.594051
  6  delta_conf         0.5418   +  0.0857    0.329672    0.285641
  7  delta_argdisp      0.5347   +  0.0535   44.249131   40.771995
  8  feat_left_pc3      0.5316   +  0.0527    1.828709    1.682354
  9  feat_left_l2       0.5254   +  0.0354   17.057435   16.896789
 10  feat_left_pc2      0.5143   -  0.0318    1.891417    1.984126
 11  feat_left_pc1      0.5084   -  0.0184    2.395522    2.453853
BEST: pre_conf (AUC=0.5661, polarity=-)
저장: D:\Users\dust\Documents\학교\2026년도1학기\컴퓨터비전\실습\FoundationStereo\experiments\ds_v1_seed0/minigym_v44\features\report.json / panels.png / mirror_signal.npy
[device] cuda
  [train] epoch 60/300  loss=0.4188
  [train] epoch 120/300  loss=0.2956
  [train] epoch 180/300  loss=0.2186
  [train] epoch 240/300  loss=0.1624
  [train] epoch 300/300  loss=0.1226

[VAL] scene=ds_v1_seed0/minigym_v44  (pixel 70/30 split)
  AUC      = 0.9906
  IoU@0.5  = 0.8840
  F1@0.5   = 0.9384
  accuracy = 0.9505  (prec=0.9259, rec=0.9513)
  tp=6658 fp=533 fn=341 tn=10132

[save] D:\Users\dust\Documents\학교\2026년도1학기\컴퓨터비전\실습\FoundationStereo\experiments\ds_v1_seed0/minigym_v44\submodel
  pred_mask.png, panel.png, metrics.json, head.pt
DONE: D:\Users\dust\Documents\학교\2026년도1학기\컴퓨터비전\실습\FoundationStereo\experiments\ds_v1_seed0/minigym_v44\submodel
[device] cuda
[load] D:\Users\dust\Documents\학교\2026년도1학기\컴퓨터비전\실습\FoundationStereo\experiments\_model\general_head.pt  (train_scenes=['archiviz_baseline080', 'bedroom_baseline080', 'blue_bathroom_baseline080', 'computer_room_baseline080', 'cozy_living_room_baseline080', 'flat-archiviz_baseline080', 'green_house_baseline080', 'gym_baseline080', 'livingroom_baseline080', 'minimal_interior_baseline080', 'scandinavian_baseline080', 'sunlight_baseline080'])

[APPLY] ds_v1_seed0/minigym_v44  (저장모델로 새 데이터 평가)
  AUC      = 0.9660
  IoU@0.5  = 0.6404
  F1@0.5   = 0.7808
  accuracy = 0.8531  (prec=0.9529, rec=0.6613)
  tp=15404 fp=761 fn=7889 tn=34826
[save] D:\Users\dust\Documents\학교\2026년도1학기\컴퓨터비전\실습\FoundationStereo\experiments\ds_v1_seed0/minigym_v44\submodel_applied  (pred_mask.png, panel.png, metrics.json)

============================================================
STEP: estimate_mirror_plane
============================================================

============================================================
STEP: viz_ransac_inliers
============================================================

============================================================
STEP: make_mirror_gt_from_depth
============================================================

============================================================
STEP: analyze_features
============================================================

============================================================
STEP: submodel_head
============================================================

============================================================
STEP: apply_submodel
============================================================

DONE: D:\Users\dust\Documents\학교\2026년도1학기\컴퓨터비전\실습\FoundationStereo\experiments\ds_v1_seed0/minigym_v44 (ok)

##### [111/121] ds_v1_seed0/minigym_v45  (done 49, fail 0, skip 61, elapsed 29m, ETA 6m) #####
[scene] ds_v1_seed0/minigym_v45  size=1280x720
[select] mirror 점 개수 = 360983  (mask=360983, valid&depth = 892896)
[conf] mirror 영역 평균 confidence = 0.6781

=== 평면 추정 결과 ===
  [PCA (closed form)]
      normal = [+0.1285, -0.7878, -0.6024]
      d = +3.4625   mirror_depth(perp) = 3.4625 m   view_z = 7.9125 m
      n_inliers = 360983/360983   rms_residual = 0.74302 m
  [RANSAC]
      normal = [-0.0106, -0.9416, -0.3366]
      d = +2.2954   mirror_depth(perp) = 2.2954 m   view_z = 7.9125 m
      n_inliers = 166726/360983   rms_residual = 0.18509 m
  [SVD robust (IRLS)]
      normal = [+0.1306, -0.7784, -0.6140]
      d = +3.5719   mirror_depth(perp) = 3.5719 m   view_z = 7.9125 m
      n_inliers = 153183/360983   rms_residual = 0.24819 m

[save] D:\Users\dust\Documents\학교\2026년도1학기\컴퓨터비전\실습\FoundationStereo\experiments\ds_v1_seed0/minigym_v45\mirror_geometry\result.json
[save] D:\Users\dust\Documents\학교\2026년도1학기\컴퓨터비전\실습\FoundationStereo\experiments\ds_v1_seed0/minigym_v45\mirror_geometry\plane.txt
[save] D:\Users\dust\Documents\학교\2026년도1학기\컴퓨터비전\실습\FoundationStereo\experiments\ds_v1_seed0/minigym_v45\mirror_geometry\viz.png

DONE: D:\Users\dust\Documents\학교\2026년도1학기\컴퓨터비전\실습\FoundationStereo\experiments\ds_v1_seed0/minigym_v45\mirror_geometry
[ds_v1_seed0/minigym_v45] 거울 점 360983개 중 inlier 166726 (46.2%) / outlier 194257
  normal=[-0.011 -0.942 -0.337] d=2.295  rms(inlier)=0.1851 m  thr≈0.438 m
[save] D:\Users\dust\Documents\학교\2026년도1학기\컴퓨터비전\실습\FoundationStereo\experiments\ds_v1_seed0/minigym_v45\mirror_geometry\ransac_inliers.png
[gt] minigym_v45                  perp 4.89m planRMS 0.0072m  normal [-0.337, 0.244, -0.909]

생성 1, 건너뜀 0 (depth_gt/mask 없음 등)
[ds_v1_seed0/minigym_v45] feature 184x320  mirror_frac=0.3925951086956522  feat_left=True
rank  signal              AUC    pol  sep     mean_in     mean_out
  1  post_conf          0.6078   -  0.1879    0.678162    0.725627
  2  post_entropy       0.5949   +   0.114    0.633062     0.60139
  3  pre_conf           0.5631   -  0.1468    0.361392    0.428871
  4  pre_entropy        0.5624   +   0.071    2.131797    2.003225
  5  delta_entropy      0.5511   -  0.0544   -1.498736   -1.401836
  6  feat_left_pc3      0.5398   +  0.0672    1.888139    1.696834
  7  delta_argdisp      0.5357   +  0.0498   45.670921    42.43541
  8  feat_left_l2       0.5126   +  0.0173    17.08982    17.01216
  9  feat_left_pc1      0.5115   -  0.0298    2.292237    2.383862
 10  feat_left_pc2      0.5105   -  0.0203    1.913343    1.973223
 11  delta_conf         0.5096   +  0.0395     0.31677    0.296756
BEST: post_conf (AUC=0.6078, polarity=-)
저장: D:\Users\dust\Documents\학교\2026년도1학기\컴퓨터비전\실습\FoundationStereo\experiments\ds_v1_seed0/minigym_v45\features\report.json / panels.png / mirror_signal.npy
[device] cuda
  [train] epoch 60/300  loss=0.4185
  [train] epoch 120/300  loss=0.2948
  [train] epoch 180/300  loss=0.2193
  [train] epoch 240/300  loss=0.1634
  [train] epoch 300/300  loss=0.1232

[VAL] scene=ds_v1_seed0/minigym_v45  (pixel 70/30 split)
  AUC      = 0.9908
  IoU@0.5  = 0.8808
  F1@0.5   = 0.9366
  accuracy = 0.9498  (prec=0.9208, rec=0.9530)
  tp=6555 fp=564 fn=323 tn=10222

[save] D:\Users\dust\Documents\학교\2026년도1학기\컴퓨터비전\실습\FoundationStereo\experiments\ds_v1_seed0/minigym_v45\submodel
  pred_mask.png, panel.png, metrics.json, head.pt
DONE: D:\Users\dust\Documents\학교\2026년도1학기\컴퓨터비전\실습\FoundationStereo\experiments\ds_v1_seed0/minigym_v45\submodel
[device] cuda
[load] D:\Users\dust\Documents\학교\2026년도1학기\컴퓨터비전\실습\FoundationStereo\experiments\_model\general_head.pt  (train_scenes=['archiviz_baseline080', 'bedroom_baseline080', 'blue_bathroom_baseline080', 'computer_room_baseline080', 'cozy_living_room_baseline080', 'flat-archiviz_baseline080', 'green_house_baseline080', 'gym_baseline080', 'livingroom_baseline080', 'minimal_interior_baseline080', 'scandinavian_baseline080', 'sunlight_baseline080'])

[APPLY] ds_v1_seed0/minigym_v45  (저장모델로 새 데이터 평가)
  AUC      = 0.9686
  IoU@0.5  = 0.6785
  F1@0.5   = 0.8085
  accuracy = 0.8697  (prec=0.9555, rec=0.7007)
  tp=16197 fp=755 fn=6919 tn=35009
[save] D:\Users\dust\Documents\학교\2026년도1학기\컴퓨터비전\실습\FoundationStereo\experiments\ds_v1_seed0/minigym_v45\submodel_applied  (pred_mask.png, panel.png, metrics.json)

============================================================
STEP: estimate_mirror_plane
============================================================

============================================================
STEP: viz_ransac_inliers
============================================================

============================================================
STEP: make_mirror_gt_from_depth
============================================================

============================================================
STEP: analyze_features
============================================================

============================================================
STEP: submodel_head
============================================================

============================================================
STEP: apply_submodel
============================================================

DONE: D:\Users\dust\Documents\학교\2026년도1학기\컴퓨터비전\실습\FoundationStereo\experiments\ds_v1_seed0/minigym_v45 (ok)

##### [112/121] ds_v1_seed0/minigym_v46  (done 50, fail 0, skip 61, elapsed 29m, ETA 6m) #####
[scene] ds_v1_seed0/minigym_v46  size=1280x720
[select] mirror 점 개수 = 287195  (mask=287195, valid&depth = 896251)
[conf] mirror 영역 평균 confidence = 0.6907

=== 평면 추정 결과 ===
  [PCA (closed form)]
      normal = [+0.0168, -0.8603, -0.5094]
      d = +2.2564   mirror_depth(perp) = 2.2564 m   view_z = 7.3887 m
      n_inliers = 287195/287195   rms_residual = 0.48226 m
  [RANSAC]
      normal = [-0.0066, -0.9089, -0.4170]
      d = +1.9981   mirror_depth(perp) = 1.9981 m   view_z = 7.3887 m
      n_inliers = 117013/287195   rms_residual = 0.03126 m
  [SVD robust (IRLS)]
      normal = [-0.0048, -0.8452, -0.5344]
      d = +2.6216   mirror_depth(perp) = 2.6216 m   view_z = 7.3887 m
      n_inliers = 60655/287195   rms_residual = 0.05871 m

[save] D:\Users\dust\Documents\학교\2026년도1학기\컴퓨터비전\실습\FoundationStereo\experiments\ds_v1_seed0/minigym_v46\mirror_geometry\result.json
[save] D:\Users\dust\Documents\학교\2026년도1학기\컴퓨터비전\실습\FoundationStereo\experiments\ds_v1_seed0/minigym_v46\mirror_geometry\plane.txt
[save] D:\Users\dust\Documents\학교\2026년도1학기\컴퓨터비전\실습\FoundationStereo\experiments\ds_v1_seed0/minigym_v46\mirror_geometry\viz.png

DONE: D:\Users\dust\Documents\학교\2026년도1학기\컴퓨터비전\실습\FoundationStereo\experiments\ds_v1_seed0/minigym_v46\mirror_geometry
[ds_v1_seed0/minigym_v46] 거울 점 287195개 중 inlier 117013 (40.7%) / outlier 170182
  normal=[-0.007 -0.909 -0.417] d=1.998  rms(inlier)=0.0313 m  thr≈0.104 m
[save] D:\Users\dust\Documents\학교\2026년도1학기\컴퓨터비전\실습\FoundationStereo\experiments\ds_v1_seed0/minigym_v46\mirror_geometry\ransac_inliers.png
[gt] minigym_v46                  perp 4.94m planRMS 0.0087m  normal [-0.286, 0.386, -0.877]

생성 1, 건너뜀 0 (depth_gt/mask 없음 등)
[ds_v1_seed0/minigym_v46] feature 184x320  mirror_frac=0.31290760869565215  feat_left=True
rank  signal              AUC    pol  sep     mean_in     mean_out
  1  pre_conf           0.6177   -  0.2252    0.354406    0.456008
  2  pre_entropy        0.6147   +   0.163    2.143174    1.860242
  3  delta_entropy      0.6043   -  0.1515   -1.513061   -1.254575
  4  post_entropy       0.5723   +  0.0872    0.630112    0.605667
  5  delta_conf         0.5717   +  0.1413    0.336652    0.266009
  6  post_conf          0.5708   -  0.1223    0.691058    0.722017
  7  feat_left_pc1      0.5686   -  0.1384    2.041839    2.426764
  8  delta_argdisp      0.5648   +  0.0928   45.881079   39.905478
  9  feat_left_pc2      0.5558   +  0.0967    2.115749    1.825569
 10  feat_left_l2        0.508   +  0.0045   16.816149   16.838432
 11  feat_left_pc3      0.5071   -  0.0149    1.703529    1.744516
BEST: pre_conf (AUC=0.6177, polarity=-)
저장: D:\Users\dust\Documents\학교\2026년도1학기\컴퓨터비전\실습\FoundationStereo\experiments\ds_v1_seed0/minigym_v46\features\report.json / panels.png / mirror_signal.npy
[device] cuda
  [train] epoch 60/300  loss=0.4669
  [train] epoch 120/300  loss=0.3296
  [train] epoch 180/300  loss=0.2485
  [train] epoch 240/300  loss=0.1877
  [train] epoch 300/300  loss=0.1429

[VAL] scene=ds_v1_seed0/minigym_v46  (pixel 70/30 split)
  AUC      = 0.9903
  IoU@0.5  = 0.8488
  F1@0.5   = 0.9182
  accuracy = 0.9468  (prec=0.8841, rec=0.9551)
  tp=5271 fp=691 fn=248 tn=11454

[save] D:\Users\dust\Documents\학교\2026년도1학기\컴퓨터비전\실습\FoundationStereo\experiments\ds_v1_seed0/minigym_v46\submodel
  pred_mask.png, panel.png, metrics.json, head.pt
DONE: D:\Users\dust\Documents\학교\2026년도1학기\컴퓨터비전\실습\FoundationStereo\experiments\ds_v1_seed0/minigym_v46\submodel
[device] cuda
[load] D:\Users\dust\Documents\학교\2026년도1학기\컴퓨터비전\실습\FoundationStereo\experiments\_model\general_head.pt  (train_scenes=['archiviz_baseline080', 'bedroom_baseline080', 'blue_bathroom_baseline080', 'computer_room_baseline080', 'cozy_living_room_baseline080', 'flat-archiviz_baseline080', 'green_house_baseline080', 'gym_baseline080', 'livingroom_baseline080', 'minimal_interior_baseline080', 'scandinavian_baseline080', 'sunlight_baseline080'])

[APPLY] ds_v1_seed0/minigym_v46  (저장모델로 새 데이터 평가)
  AUC      = 0.9653
  IoU@0.5  = 0.6680
  F1@0.5   = 0.8010
  accuracy = 0.8895  (prec=0.9181, rec=0.7103)
  tp=13087 fp=1167 fn=5337 tn=39289
[save] D:\Users\dust\Documents\학교\2026년도1학기\컴퓨터비전\실습\FoundationStereo\experiments\ds_v1_seed0/minigym_v46\submodel_applied  (pred_mask.png, panel.png, metrics.json)

============================================================
STEP: estimate_mirror_plane
============================================================

============================================================
STEP: viz_ransac_inliers
============================================================

============================================================
STEP: make_mirror_gt_from_depth
============================================================

============================================================
STEP: analyze_features
============================================================

============================================================
STEP: submodel_head
============================================================

============================================================
STEP: apply_submodel
============================================================

DONE: D:\Users\dust\Documents\학교\2026년도1학기\컴퓨터비전\실습\FoundationStereo\experiments\ds_v1_seed0/minigym_v46 (ok)

##### [113/121] ds_v1_seed0/minigym_v47  (done 51, fail 0, skip 61, elapsed 30m, ETA 5m) #####
[scene] ds_v1_seed0/minigym_v47  size=1280x720
[select] mirror 점 개수 = 265800  (mask=265800, valid&depth = 899483)
[conf] mirror 영역 평균 confidence = 0.6984

=== 평면 추정 결과 ===
  [PCA (closed form)]
      normal = [+0.0386, -0.8854, -0.4632]
      d = +1.7546   mirror_depth(perp) = 1.7546 m   view_z = 7.2347 m
      n_inliers = 265800/265800   rms_residual = 0.46951 m
  [RANSAC]
      normal = [+0.0711, -0.9049, -0.4196]
      d = +1.8499   mirror_depth(perp) = 1.8499 m   view_z = 7.2347 m
      n_inliers = 106028/265800   rms_residual = 0.02905 m
  [SVD robust (IRLS)]
      normal = [+0.0511, -0.8587, -0.5099]
      d = +2.3017   mirror_depth(perp) = 2.3017 m   view_z = 7.2347 m
      n_inliers = 55448/265800   rms_residual = 0.06208 m

[save] D:\Users\dust\Documents\학교\2026년도1학기\컴퓨터비전\실습\FoundationStereo\experiments\ds_v1_seed0/minigym_v47\mirror_geometry\result.json
[save] D:\Users\dust\Documents\학교\2026년도1학기\컴퓨터비전\실습\FoundationStereo\experiments\ds_v1_seed0/minigym_v47\mirror_geometry\plane.txt
[save] D:\Users\dust\Documents\학교\2026년도1학기\컴퓨터비전\실습\FoundationStereo\experiments\ds_v1_seed0/minigym_v47\mirror_geometry\viz.png

DONE: D:\Users\dust\Documents\학교\2026년도1학기\컴퓨터비전\실습\FoundationStereo\experiments\ds_v1_seed0/minigym_v47\mirror_geometry
[ds_v1_seed0/minigym_v47] 거울 점 265800개 중 inlier 106028 (39.9%) / outlier 159772
  normal=[ 0.071 -0.905 -0.42 ] d=1.850  rms(inlier)=0.0291 m  thr≈0.102 m
[save] D:\Users\dust\Documents\학교\2026년도1학기\컴퓨터비전\실습\FoundationStereo\experiments\ds_v1_seed0/minigym_v47\mirror_geometry\ransac_inliers.png
[gt] minigym_v47                  perp 4.87m planRMS 0.0110m  normal [-0.059, 0.403, -0.913]

생성 1, 건너뜀 0 (depth_gt/mask 없음 등)
[ds_v1_seed0/minigym_v47] feature 184x320  mirror_frac=0.290625  feat_left=True
rank  signal              AUC    pol  sep     mean_in     mean_out
  1  feat_left_pc1      0.6112   -  0.2073    1.953195    2.525525
  2  delta_entropy      0.5977   -  0.1679   -1.522553   -1.237324
  3  pre_conf           0.5922   -  0.1949    0.349751    0.436625
  4  pre_entropy        0.5897   +  0.1456    2.152528    1.904739
  5  delta_conf         0.5837   +  0.1749    0.348651    0.261361
  6  feat_left_pc2      0.5608   +  0.1071    2.289857    1.940678
  7  feat_left_l2       0.5586   +  0.0811   17.170557   16.727226
  8  delta_argdisp      0.5553   +  0.0724   45.654102    41.09378
  9  post_entropy       0.5297   +  0.0951    0.629975    0.667415
 10  feat_left_pc3       0.517   -  0.0279    1.693248     1.76991
 11  post_conf          0.5133   -  0.0016    0.698402    0.697986
BEST: feat_left_pc1 (AUC=0.6112, polarity=-)
저장: D:\Users\dust\Documents\학교\2026년도1학기\컴퓨터비전\실습\FoundationStereo\experiments\ds_v1_seed0/minigym_v47\features\report.json / panels.png / mirror_signal.npy
[device] cuda
  [train] epoch 60/300  loss=0.4391
  [train] epoch 120/300  loss=0.3018
  [train] epoch 180/300  loss=0.2266
  [train] epoch 240/300  loss=0.1730
  [train] epoch 300/300  loss=0.1330

[VAL] scene=ds_v1_seed0/minigym_v47  (pixel 70/30 split)
  AUC      = 0.9923
  IoU@0.5  = 0.8569
  F1@0.5   = 0.9230
  accuracy = 0.9531  (prec=0.8843, rec=0.9652)
  tp=4966 fp=650 fn=179 tn=11869

[save] D:\Users\dust\Documents\학교\2026년도1학기\컴퓨터비전\실습\FoundationStereo\experiments\ds_v1_seed0/minigym_v47\submodel
  pred_mask.png, panel.png, metrics.json, head.pt
DONE: D:\Users\dust\Documents\학교\2026년도1학기\컴퓨터비전\실습\FoundationStereo\experiments\ds_v1_seed0/minigym_v47\submodel
[device] cuda
[load] D:\Users\dust\Documents\학교\2026년도1학기\컴퓨터비전\실습\FoundationStereo\experiments\_model\general_head.pt  (train_scenes=['archiviz_baseline080', 'bedroom_baseline080', 'blue_bathroom_baseline080', 'computer_room_baseline080', 'cozy_living_room_baseline080', 'flat-archiviz_baseline080', 'green_house_baseline080', 'gym_baseline080', 'livingroom_baseline080', 'minimal_interior_baseline080', 'scandinavian_baseline080', 'sunlight_baseline080'])

[APPLY] ds_v1_seed0/minigym_v47  (저장모델로 새 데이터 평가)
  AUC      = 0.9752
  IoU@0.5  = 0.7227
  F1@0.5   = 0.8390
  accuracy = 0.9138  (prec=0.9176, rec=0.7728)
  tp=13224 fp=1187 fn=3888 tn=40581
[save] D:\Users\dust\Documents\학교\2026년도1학기\컴퓨터비전\실습\FoundationStereo\experiments\ds_v1_seed0/minigym_v47\submodel_applied  (pred_mask.png, panel.png, metrics.json)

============================================================
STEP: estimate_mirror_plane
============================================================

============================================================
STEP: viz_ransac_inliers
============================================================

============================================================
STEP: make_mirror_gt_from_depth
============================================================

============================================================
STEP: analyze_features
============================================================

============================================================
STEP: submodel_head
============================================================

============================================================
STEP: apply_submodel
============================================================

DONE: D:\Users\dust\Documents\학교\2026년도1학기\컴퓨터비전\실습\FoundationStereo\experiments\ds_v1_seed0/minigym_v47 (ok)

##### [114/121] ds_v1_seed0/minigym_v48  (done 52, fail 0, skip 61, elapsed 30m, ETA 5m) #####
[scene] ds_v1_seed0/minigym_v48  size=1280x720
[select] mirror 점 개수 = 292052  (mask=292052, valid&depth = 896219)
[conf] mirror 영역 평균 confidence = 0.6911

=== 평면 추정 결과 ===
  [PCA (closed form)]
      normal = [+0.0178, -0.8649, -0.5017]
      d = +2.2251   mirror_depth(perp) = 2.2251 m   view_z = 7.4528 m
      n_inliers = 292052/292052   rms_residual = 0.50843 m
  [RANSAC]
      normal = [-0.0061, -0.9182, -0.3960]
      d = +1.9057   mirror_depth(perp) = 1.9057 m   view_z = 7.4528 m
      n_inliers = 112452/292052   rms_residual = 0.03606 m
  [SVD robust (IRLS)]
      normal = [-0.0020, -0.8460, -0.5331]
      d = +2.6236   mirror_depth(perp) = 2.6236 m   view_z = 7.4528 m
      n_inliers = 53225/292052   rms_residual = 0.05981 m

[save] D:\Users\dust\Documents\학교\2026년도1학기\컴퓨터비전\실습\FoundationStereo\experiments\ds_v1_seed0/minigym_v48\mirror_geometry\result.json
[save] D:\Users\dust\Documents\학교\2026년도1학기\컴퓨터비전\실습\FoundationStereo\experiments\ds_v1_seed0/minigym_v48\mirror_geometry\plane.txt
[save] D:\Users\dust\Documents\학교\2026년도1학기\컴퓨터비전\실습\FoundationStereo\experiments\ds_v1_seed0/minigym_v48\mirror_geometry\viz.png

DONE: D:\Users\dust\Documents\학교\2026년도1학기\컴퓨터비전\실습\FoundationStereo\experiments\ds_v1_seed0/minigym_v48\mirror_geometry
[ds_v1_seed0/minigym_v48] 거울 점 292052개 중 inlier 112452 (38.5%) / outlier 179600
  normal=[-0.006 -0.918 -0.396] d=1.906  rms(inlier)=0.0361 m  thr≈0.104 m
[save] D:\Users\dust\Documents\학교\2026년도1학기\컴퓨터비전\실습\FoundationStereo\experiments\ds_v1_seed0/minigym_v48\mirror_geometry\ransac_inliers.png
[gt] minigym_v48                  perp 4.95m planRMS 0.0118m  normal [-0.29, 0.363, -0.886]

생성 1, 건너뜀 0 (depth_gt/mask 없음 등)
[ds_v1_seed0/minigym_v48] feature 184x320  mirror_frac=0.3182235054347826  feat_left=True
rank  signal              AUC    pol  sep     mean_in     mean_out
  1  pre_conf           0.6054   -  0.2044    0.357927    0.449617
  2  pre_entropy        0.5987   +  0.1363    2.119932     1.88473
  3  delta_entropy      0.5907   -  0.1292   -1.487669   -1.268384
  4  delta_conf         0.5693   +  0.1401    0.333419    0.264177
  5  feat_left_pc1      0.5622   -  0.1266    2.057483    2.411351
  6  feat_left_pc2      0.5609   +  0.1058     2.13093    1.810261
  7  post_entropy       0.5571   +  0.0575    0.632263    0.616346
  8  post_conf          0.5522   -  0.0898    0.691346    0.713794
  9  delta_argdisp      0.5522   +  0.0721   45.692587    41.05585
 10  feat_left_pc3      0.5077   -  0.0169    1.705828    1.751853
 11  feat_left_l2       0.5053   +  0.0101   16.778842   16.829799
BEST: pre_conf (AUC=0.6054, polarity=-)
저장: D:\Users\dust\Documents\학교\2026년도1학기\컴퓨터비전\실습\FoundationStereo\experiments\ds_v1_seed0/minigym_v48\features\report.json / panels.png / mirror_signal.npy
[device] cuda
  [train] epoch 60/300  loss=0.4578
  [train] epoch 120/300  loss=0.3193
  [train] epoch 180/300  loss=0.2408
  [train] epoch 240/300  loss=0.1823
  [train] epoch 300/300  loss=0.1386

[VAL] scene=ds_v1_seed0/minigym_v48  (pixel 70/30 split)
  AUC      = 0.9905
  IoU@0.5  = 0.8504
  F1@0.5   = 0.9192
  accuracy = 0.9468  (prec=0.8884, rec=0.9521)
  tp=5344 fp=671 fn=269 tn=11380

[save] D:\Users\dust\Documents\학교\2026년도1학기\컴퓨터비전\실습\FoundationStereo\experiments\ds_v1_seed0/minigym_v48\submodel
  pred_mask.png, panel.png, metrics.json, head.pt
DONE: D:\Users\dust\Documents\학교\2026년도1학기\컴퓨터비전\실습\FoundationStereo\experiments\ds_v1_seed0/minigym_v48\submodel
[device] cuda
[load] D:\Users\dust\Documents\학교\2026년도1학기\컴퓨터비전\실습\FoundationStereo\experiments\_model\general_head.pt  (train_scenes=['archiviz_baseline080', 'bedroom_baseline080', 'blue_bathroom_baseline080', 'computer_room_baseline080', 'cozy_living_room_baseline080', 'flat-archiviz_baseline080', 'green_house_baseline080', 'gym_baseline080', 'livingroom_baseline080', 'minimal_interior_baseline080', 'scandinavian_baseline080', 'sunlight_baseline080'])

[APPLY] ds_v1_seed0/minigym_v48  (저장모델로 새 데이터 평가)
  AUC      = 0.9675
  IoU@0.5  = 0.6819
  F1@0.5   = 0.8109
  accuracy = 0.8924  (prec=0.9201, rec=0.7248)
  tp=13581 fp=1179 fn=5156 tn=38964
[save] D:\Users\dust\Documents\학교\2026년도1학기\컴퓨터비전\실습\FoundationStereo\experiments\ds_v1_seed0/minigym_v48\submodel_applied  (pred_mask.png, panel.png, metrics.json)

============================================================
STEP: estimate_mirror_plane
============================================================

============================================================
STEP: viz_ransac_inliers
============================================================

============================================================
STEP: make_mirror_gt_from_depth
============================================================

============================================================
STEP: analyze_features
============================================================

============================================================
STEP: submodel_head
============================================================

============================================================
STEP: apply_submodel
============================================================

DONE: D:\Users\dust\Documents\학교\2026년도1학기\컴퓨터비전\실습\FoundationStereo\experiments\ds_v1_seed0/minigym_v48 (ok)

##### [115/121] ds_v1_seed0/minigym_v49  (done 53, fail 0, skip 61, elapsed 30m, ETA 4m) #####
[scene] ds_v1_seed0/minigym_v49  size=1280x720
[select] mirror 점 개수 = 178828  (mask=178828, valid&depth = 762842)
[conf] mirror 영역 평균 confidence = 0.6788

=== 평면 추정 결과 ===
  [PCA (closed form)]
      normal = [+0.0254, -0.8674, -0.4970]
      d = +1.9451   mirror_depth(perp) = 1.9451 m   view_z = 7.5930 m
      n_inliers = 178828/178828   rms_residual = 0.39940 m
  [RANSAC]
      normal = [+0.0199, -0.8959, -0.4438]
      d = +1.8894   mirror_depth(perp) = 1.8894 m   view_z = 7.5930 m
      n_inliers = 67798/178828   rms_residual = 0.02786 m
  [SVD robust (IRLS)]
      normal = [+0.0154, -0.8521, -0.5231]
      d = +2.3096   mirror_depth(perp) = 2.3096 m   view_z = 7.5930 m
      n_inliers = 38365/178828   rms_residual = 0.05121 m

[save] D:\Users\dust\Documents\학교\2026년도1학기\컴퓨터비전\실습\FoundationStereo\experiments\ds_v1_seed0/minigym_v49\mirror_geometry\result.json
[save] D:\Users\dust\Documents\학교\2026년도1학기\컴퓨터비전\실습\FoundationStereo\experiments\ds_v1_seed0/minigym_v49\mirror_geometry\plane.txt
[save] D:\Users\dust\Documents\학교\2026년도1학기\컴퓨터비전\실습\FoundationStereo\experiments\ds_v1_seed0/minigym_v49\mirror_geometry\viz.png

DONE: D:\Users\dust\Documents\학교\2026년도1학기\컴퓨터비전\실습\FoundationStereo\experiments\ds_v1_seed0/minigym_v49\mirror_geometry
[ds_v1_seed0/minigym_v49] 거울 점 178828개 중 inlier 67798 (37.9%) / outlier 111030
  normal=[ 0.02  -0.896 -0.444] d=1.889  rms(inlier)=0.0279 m  thr≈0.091 m
[save] D:\Users\dust\Documents\학교\2026년도1학기\컴퓨터비전\실습\FoundationStereo\experiments\ds_v1_seed0/minigym_v49\mirror_geometry\ransac_inliers.png
[gt] minigym_v49                  perp 5.11m planRMS 0.0004m  normal [-0.231, 0.418, -0.879]

생성 1, 건너뜀 0 (depth_gt/mask 없음 등)
[ds_v1_seed0/minigym_v49] feature 184x320  mirror_frac=0.19541440217391304  feat_left=True
rank  signal              AUC    pol  sep     mean_in     mean_out
  1  post_entropy       0.9619   -  2.3865    0.648306    2.767839
  2  post_conf          0.9565   +  1.6869    0.679087    0.172802
  3  delta_entropy      0.9443   -  1.1814    -1.53509      0.8341
  4  delta_conf         0.9247   +  1.0157    0.331202   -0.230416
  5  feat_left_l2       0.9206   +  0.9323   21.925469   14.437002
  6  feat_left_pc1      0.7249   +  0.3795    5.206133    3.144531
  7  feat_left_pc2      0.6606   -  0.2899    2.863205    3.848672
  8  feat_left_pc3      0.6412   -  0.2457    1.870034    2.483032
  9  pre_entropy        0.5742   +  0.1501    2.183396    1.933739
 10  pre_conf           0.5347   -  0.1207    0.347886    0.403218
 11  delta_argdisp      0.5342   +  0.1073    39.69077   34.354076
BEST: post_entropy (AUC=0.9619, polarity=-)
저장: D:\Users\dust\Documents\학교\2026년도1학기\컴퓨터비전\실습\FoundationStereo\experiments\ds_v1_seed0/minigym_v49\features\report.json / panels.png / mirror_signal.npy
[device] cuda
  [train] epoch 60/300  loss=0.1781
  [train] epoch 120/300  loss=0.1265
  [train] epoch 180/300  loss=0.1099
  [train] epoch 240/300  loss=0.0995
  [train] epoch 300/300  loss=0.0915

[VAL] scene=ds_v1_seed0/minigym_v49  (pixel 70/30 split)
  AUC      = 0.9940
  IoU@0.5  = 0.8661
  F1@0.5   = 0.9282
  accuracy = 0.9704  (prec=0.8679, rec=0.9976)
  tp=3383 fp=515 fn=8 tn=13758

[save] D:\Users\dust\Documents\학교\2026년도1학기\컴퓨터비전\실습\FoundationStereo\experiments\ds_v1_seed0/minigym_v49\submodel
  pred_mask.png, panel.png, metrics.json, head.pt
DONE: D:\Users\dust\Documents\학교\2026년도1학기\컴퓨터비전\실습\FoundationStereo\experiments\ds_v1_seed0/minigym_v49\submodel
[device] cuda
[load] D:\Users\dust\Documents\학교\2026년도1학기\컴퓨터비전\실습\FoundationStereo\experiments\_model\general_head.pt  (train_scenes=['archiviz_baseline080', 'bedroom_baseline080', 'blue_bathroom_baseline080', 'computer_room_baseline080', 'cozy_living_room_baseline080', 'flat-archiviz_baseline080', 'green_house_baseline080', 'gym_baseline080', 'livingroom_baseline080', 'minimal_interior_baseline080', 'scandinavian_baseline080', 'sunlight_baseline080'])

[APPLY] ds_v1_seed0/minigym_v49  (저장모델로 새 데이터 평가)
  AUC      = 0.9448
  IoU@0.5  = 0.6972
  F1@0.5   = 0.8216
  accuracy = 0.9206  (prec=0.7322, rec=0.9359)
  tp=10768 fp=3938 fn=738 tn=43436
[save] D:\Users\dust\Documents\학교\2026년도1학기\컴퓨터비전\실습\FoundationStereo\experiments\ds_v1_seed0/minigym_v49\submodel_applied  (pred_mask.png, panel.png, metrics.json)

============================================================
STEP: estimate_mirror_plane
============================================================

============================================================
STEP: viz_ransac_inliers
============================================================

============================================================
STEP: make_mirror_gt_from_depth
============================================================

============================================================
STEP: analyze_features
============================================================

============================================================
STEP: submodel_head
============================================================

============================================================
STEP: apply_submodel
============================================================

DONE: D:\Users\dust\Documents\학교\2026년도1학기\컴퓨터비전\실습\FoundationStereo\experiments\ds_v1_seed0/minigym_v49 (ok)

##### [116/121] ds_v1_seed0/minigym_v50  (done 54, fail 0, skip 61, elapsed 31m, ETA 3m) #####
[scene] ds_v1_seed0/minigym_v50  size=1280x720
[select] mirror 점 개수 = 240421  (mask=240421, valid&depth = 894435)
[conf] mirror 영역 평균 confidence = 0.7218

=== 평면 추정 결과 ===
  [PCA (closed form)]
      normal = [+0.0555, -0.8309, -0.5536]
      d = +2.5042   mirror_depth(perp) = 2.5042 m   view_z = 7.1698 m
      n_inliers = 240421/240421   rms_residual = 0.47121 m
  [RANSAC]
      normal = [-0.0727, -0.9243, -0.3747]
      d = +1.8900   mirror_depth(perp) = 1.8900 m   view_z = 7.1698 m
      n_inliers = 94880/240421   rms_residual = 0.03266 m
  [SVD robust (IRLS)]
      normal = [+0.0286, -0.8279, -0.5601]
      d = +2.6596   mirror_depth(perp) = 2.6596 m   view_z = 7.1698 m
      n_inliers = 41513/240421   rms_residual = 0.05737 m

[save] D:\Users\dust\Documents\학교\2026년도1학기\컴퓨터비전\실습\FoundationStereo\experiments\ds_v1_seed0/minigym_v50\mirror_geometry\result.json
[save] D:\Users\dust\Documents\학교\2026년도1학기\컴퓨터비전\실습\FoundationStereo\experiments\ds_v1_seed0/minigym_v50\mirror_geometry\plane.txt
[save] D:\Users\dust\Documents\학교\2026년도1학기\컴퓨터비전\실습\FoundationStereo\experiments\ds_v1_seed0/minigym_v50\mirror_geometry\viz.png

DONE: D:\Users\dust\Documents\학교\2026년도1학기\컴퓨터비전\실습\FoundationStereo\experiments\ds_v1_seed0/minigym_v50\mirror_geometry
[ds_v1_seed0/minigym_v50] 거울 점 240421개 중 inlier 94880 (39.5%) / outlier 145541
  normal=[-0.073 -0.924 -0.375] d=1.890  rms(inlier)=0.0327 m  thr≈0.100 m
[save] D:\Users\dust\Documents\학교\2026년도1학기\컴퓨터비전\실습\FoundationStereo\experiments\ds_v1_seed0/minigym_v50\mirror_geometry\ransac_inliers.png
[gt] minigym_v50                  perp 4.72m planRMS 0.0071m  normal [-0.472, 0.345, -0.811]

생성 1, 건너뜀 0 (depth_gt/mask 없음 등)
[ds_v1_seed0/minigym_v50] feature 184x320  mirror_frac=0.2617697010869565  feat_left=True
rank  signal              AUC    pol  sep     mean_in     mean_out
  1  delta_conf         0.5586   +  0.1104    0.343785    0.287407
  2  delta_entropy      0.5574   -  0.0587   -1.466396   -1.361657
  3  pre_entropy         0.555   +  0.0466    2.063773    1.979669
  4  pre_conf           0.5549   -  0.1053    0.378136    0.427083
  5  feat_left_l2       0.5549   +  0.0766   17.189579   16.832972
  6  feat_left_pc1      0.5536   -  0.1057    2.117917    2.428093
  7  post_entropy       0.5395   -  0.0747    0.597376    0.618012
  8  feat_left_pc2      0.5182   +  0.0312    1.973196    1.881194
  9  post_conf          0.5173   +  0.0302    0.721921    0.714489
 10  feat_left_pc3      0.5069   +  0.0189    1.774057     1.72129
 11  delta_argdisp      0.5016   +  0.0045   43.451307   43.156648
BEST: delta_conf (AUC=0.5586, polarity=+)
저장: D:\Users\dust\Documents\학교\2026년도1학기\컴퓨터비전\실습\FoundationStereo\experiments\ds_v1_seed0/minigym_v50\features\report.json / panels.png / mirror_signal.npy
[device] cuda
  [train] epoch 60/300  loss=0.5271
  [train] epoch 120/300  loss=0.3663
  [train] epoch 180/300  loss=0.2684
  [train] epoch 240/300  loss=0.1991
  [train] epoch 300/300  loss=0.1494

[VAL] scene=ds_v1_seed0/minigym_v50  (pixel 70/30 split)
  AUC      = 0.9897
  IoU@0.5  = 0.8239
  F1@0.5   = 0.9035
  accuracy = 0.9472  (prec=0.8637, rec=0.9470)
  tp=4361 fp=688 fn=244 tn=12371

[save] D:\Users\dust\Documents\학교\2026년도1학기\컴퓨터비전\실습\FoundationStereo\experiments\ds_v1_seed0/minigym_v50\submodel
  pred_mask.png, panel.png, metrics.json, head.pt
DONE: D:\Users\dust\Documents\학교\2026년도1학기\컴퓨터비전\실습\FoundationStereo\experiments\ds_v1_seed0/minigym_v50\submodel
[device] cuda
[load] D:\Users\dust\Documents\학교\2026년도1학기\컴퓨터비전\실습\FoundationStereo\experiments\_model\general_head.pt  (train_scenes=['archiviz_baseline080', 'bedroom_baseline080', 'blue_bathroom_baseline080', 'computer_room_baseline080', 'cozy_living_room_baseline080', 'flat-archiviz_baseline080', 'green_house_baseline080', 'gym_baseline080', 'livingroom_baseline080', 'minimal_interior_baseline080', 'scandinavian_baseline080', 'sunlight_baseline080'])

[APPLY] ds_v1_seed0/minigym_v50  (저장모델로 새 데이터 평가)
  AUC      = 0.9670
  IoU@0.5  = 0.6466
  F1@0.5   = 0.7854
  accuracy = 0.9010  (prec=0.9075, rec=0.6922)
  tp=10669 fp=1087 fn=4744 tn=42380
[save] D:\Users\dust\Documents\학교\2026년도1학기\컴퓨터비전\실습\FoundationStereo\experiments\ds_v1_seed0/minigym_v50\submodel_applied  (pred_mask.png, panel.png, metrics.json)

============================================================
STEP: estimate_mirror_plane
============================================================

============================================================
STEP: viz_ransac_inliers
============================================================

============================================================
STEP: make_mirror_gt_from_depth
============================================================

============================================================
STEP: analyze_features
============================================================

============================================================
STEP: submodel_head
============================================================

============================================================
STEP: apply_submodel
============================================================

DONE: D:\Users\dust\Documents\학교\2026년도1학기\컴퓨터비전\실습\FoundationStereo\experiments\ds_v1_seed0/minigym_v50 (ok)

##### [117/121] ds_v1_seed0/minigym_v51  (done 55, fail 0, skip 61, elapsed 31m, ETA 3m) #####
[scene] ds_v1_seed0/minigym_v51  size=1280x720
[select] mirror 점 개수 = 444584  (mask=444584, valid&depth = 899614)
[conf] mirror 영역 평균 confidence = 0.7070

=== 평면 추정 결과 ===
  [PCA (closed form)]
      normal = [+0.0148, -0.8873, -0.4610]
      d = +2.4916   mirror_depth(perp) = 2.4916 m   view_z = 7.7797 m
      n_inliers = 444584/444584   rms_residual = 0.92627 m
  [RANSAC]
      normal = [+0.0277, -0.9674, -0.2517]
      d = +1.9503   mirror_depth(perp) = 1.9503 m   view_z = 7.7797 m
      n_inliers = 108515/444584   rms_residual = 0.02913 m
  [SVD robust (IRLS)]
      normal = [-0.0145, -0.8264, -0.5629]
      d = +3.5391   mirror_depth(perp) = 3.5391 m   view_z = 7.7797 m
      n_inliers = 46305/444584   rms_residual = 0.06064 m

[save] D:\Users\dust\Documents\학교\2026년도1학기\컴퓨터비전\실습\FoundationStereo\experiments\ds_v1_seed0/minigym_v51\mirror_geometry\result.json
[save] D:\Users\dust\Documents\학교\2026년도1학기\컴퓨터비전\실습\FoundationStereo\experiments\ds_v1_seed0/minigym_v51\mirror_geometry\plane.txt
[save] D:\Users\dust\Documents\학교\2026년도1학기\컴퓨터비전\실습\FoundationStereo\experiments\ds_v1_seed0/minigym_v51\mirror_geometry\viz.png

DONE: D:\Users\dust\Documents\학교\2026년도1학기\컴퓨터비전\실습\FoundationStereo\experiments\ds_v1_seed0/minigym_v51\mirror_geometry
[ds_v1_seed0/minigym_v51] 거울 점 444584개 중 inlier 108515 (24.4%) / outlier 336069
  normal=[ 0.028 -0.967 -0.252] d=1.950  rms(inlier)=0.0291 m  thr≈0.109 m
[save] D:\Users\dust\Documents\학교\2026년도1학기\컴퓨터비전\실습\FoundationStereo\experiments\ds_v1_seed0/minigym_v51\mirror_geometry\ransac_inliers.png
[gt] minigym_v51                  perp 4.97m planRMS 0.0049m  normal [-0.179, 0.235, -0.955]

생성 1, 건너뜀 0 (depth_gt/mask 없음 등)
[ds_v1_seed0/minigym_v51] feature 184x320  mirror_frac=0.48454483695652173  feat_left=True
rank  signal              AUC    pol  sep     mean_in     mean_out
  1  pre_conf           0.6042   -  0.2264    0.364903    0.471789
  2  delta_argdisp      0.6042   +  0.1562   47.982545   37.961779
  3  pre_entropy        0.5981   +  0.1371    2.077631    1.828879
  4  delta_entropy      0.5878   -  0.1238   -1.452796   -1.232556
  5  post_entropy       0.5855   +  0.1011    0.624835    0.596323
  6  delta_conf         0.5834   +  0.1722    0.342356     0.25496
  7  feat_left_pc2      0.5572   +  0.1011    2.203278    1.895628
  8  post_conf          0.5513   -  0.0803    0.707259    0.726749
  9  feat_left_l2       0.5335   -  0.0642   16.797572   17.118404
 10  feat_left_pc1      0.5171   +  0.0449    2.477057    2.341174
 11  feat_left_pc3      0.5019   +  0.0033    1.718016    1.708898
BEST: pre_conf (AUC=0.6042, polarity=-)
저장: D:\Users\dust\Documents\학교\2026년도1학기\컴퓨터비전\실습\FoundationStereo\experiments\ds_v1_seed0/minigym_v51\features\report.json / panels.png / mirror_signal.npy
[device] cuda
  [train] epoch 60/300  loss=0.3541
  [train] epoch 120/300  loss=0.2355
  [train] epoch 180/300  loss=0.1651
  [train] epoch 240/300  loss=0.1180
  [train] epoch 300/300  loss=0.0864

[VAL] scene=ds_v1_seed0/minigym_v51  (pixel 70/30 split)
  AUC      = 0.9935
  IoU@0.5  = 0.9229
  F1@0.5   = 0.9599
  accuracy = 0.9613  (prec=0.9591, rec=0.9606)
  tp=8170 fp=348 fn=335 tn=8811

[save] D:\Users\dust\Documents\학교\2026년도1학기\컴퓨터비전\실습\FoundationStereo\experiments\ds_v1_seed0/minigym_v51\submodel
  pred_mask.png, panel.png, metrics.json, head.pt
DONE: D:\Users\dust\Documents\학교\2026년도1학기\컴퓨터비전\실습\FoundationStereo\experiments\ds_v1_seed0/minigym_v51\submodel
[device] cuda
[load] D:\Users\dust\Documents\학교\2026년도1학기\컴퓨터비전\실습\FoundationStereo\experiments\_model\general_head.pt  (train_scenes=['archiviz_baseline080', 'bedroom_baseline080', 'blue_bathroom_baseline080', 'computer_room_baseline080', 'cozy_living_room_baseline080', 'flat-archiviz_baseline080', 'green_house_baseline080', 'gym_baseline080', 'livingroom_baseline080', 'minimal_interior_baseline080', 'scandinavian_baseline080', 'sunlight_baseline080'])

[APPLY] ds_v1_seed0/minigym_v51  (저장모델로 새 데이터 평가)
  AUC      = 0.9441
  IoU@0.5  = 0.6152
  F1@0.5   = 0.7618
  accuracy = 0.8094  (prec=0.9654, rec=0.6291)
  tp=17949 fp=644 fn=10581 tn=29706
[save] D:\Users\dust\Documents\학교\2026년도1학기\컴퓨터비전\실습\FoundationStereo\experiments\ds_v1_seed0/minigym_v51\submodel_applied  (pred_mask.png, panel.png, metrics.json)

============================================================
STEP: estimate_mirror_plane
============================================================

============================================================
STEP: viz_ransac_inliers
============================================================

============================================================
STEP: make_mirror_gt_from_depth
============================================================

============================================================
STEP: analyze_features
============================================================

============================================================
STEP: submodel_head
============================================================

============================================================
STEP: apply_submodel
============================================================

DONE: D:\Users\dust\Documents\학교\2026년도1학기\컴퓨터비전\실습\FoundationStereo\experiments\ds_v1_seed0/minigym_v51 (ok)

##### [118/121] ds_v1_seed0/minigym_v52  (done 56, fail 0, skip 61, elapsed 32m, ETA 2m) #####
[scene] ds_v1_seed0/minigym_v52  size=1280x720
[select] mirror 점 개수 = 529351  (mask=529351, valid&depth = 900613)
[conf] mirror 영역 평균 confidence = 0.7007

=== 평면 추정 결과 ===
  [PCA (closed form)]
      normal = [-0.0080, -0.9159, -0.4013]
      d = +2.3728   mirror_depth(perp) = 2.3728 m   view_z = 7.6630 m
      n_inliers = 529351/529351   rms_residual = 1.06603 m
  [RANSAC]
      normal = [-0.0004, -0.9705, -0.2409]
      d = +2.3026   mirror_depth(perp) = 2.3026 m   view_z = 7.6630 m
      n_inliers = 186444/529351   rms_residual = 0.17235 m
  [SVD robust (IRLS)]
      normal = [-0.0328, -0.8584, -0.5119]
      d = +3.4250   mirror_depth(perp) = 3.4250 m   view_z = 7.6630 m
      n_inliers = 148758/529351   rms_residual = 0.24691 m

[save] D:\Users\dust\Documents\학교\2026년도1학기\컴퓨터비전\실습\FoundationStereo\experiments\ds_v1_seed0/minigym_v52\mirror_geometry\result.json
[save] D:\Users\dust\Documents\학교\2026년도1학기\컴퓨터비전\실습\FoundationStereo\experiments\ds_v1_seed0/minigym_v52\mirror_geometry\plane.txt
[save] D:\Users\dust\Documents\학교\2026년도1학기\컴퓨터비전\실습\FoundationStereo\experiments\ds_v1_seed0/minigym_v52\mirror_geometry\viz.png

DONE: D:\Users\dust\Documents\학교\2026년도1학기\컴퓨터비전\실습\FoundationStereo\experiments\ds_v1_seed0/minigym_v52\mirror_geometry
[ds_v1_seed0/minigym_v52] 거울 점 529351개 중 inlier 186444 (35.2%) / outlier 342907
  normal=[-0.    -0.971 -0.241] d=2.303  rms(inlier)=0.1724 m  thr≈0.410 m
[save] D:\Users\dust\Documents\학교\2026년도1학기\컴퓨터비전\실습\FoundationStereo\experiments\ds_v1_seed0/minigym_v52\mirror_geometry\ransac_inliers.png
[gt] minigym_v52                  perp 4.78m planRMS 0.0034m  normal [-0.213, 0.163, -0.963]

생성 1, 건너뜀 0 (depth_gt/mask 없음 등)
[ds_v1_seed0/minigym_v52] feature 184x320  mirror_frac=0.5737941576086957  feat_left=True
rank  signal              AUC    pol  sep     mean_in     mean_out
  1  delta_argdisp      0.6114   +  0.1675   48.363268   37.453915
  2  pre_conf           0.6008   -  0.2265    0.376904    0.487381
  3  post_entropy       0.6008   +   0.151    0.640593    0.597038
  4  pre_entropy        0.5878   +   0.125    2.014044    1.783281
  5  delta_conf         0.5808   +  0.1672    0.324194    0.236012
  6  delta_entropy      0.5751   -  0.1027   -1.373451   -1.186244
  7  feat_left_l2       0.5562   -  0.0968   16.691941   17.171851
  8  post_conf          0.5525   -  0.0909    0.701098    0.723393
  9  feat_left_pc2        0.55   +  0.0887    2.152796    1.882442
 10  feat_left_pc1       0.526   +  0.0595    2.497873    2.319746
 11  feat_left_pc3      0.5077   -  0.0197    1.680787    1.733615
BEST: delta_argdisp (AUC=0.6114, polarity=+)
저장: D:\Users\dust\Documents\학교\2026년도1학기\컴퓨터비전\실습\FoundationStereo\experiments\ds_v1_seed0/minigym_v52\features\report.json / panels.png / mirror_signal.npy
[device] cuda
  [train] epoch 60/300  loss=0.3028
  [train] epoch 120/300  loss=0.1999
  [train] epoch 180/300  loss=0.1385
  [train] epoch 240/300  loss=0.0993
  [train] epoch 300/300  loss=0.0739

[VAL] scene=ds_v1_seed0/minigym_v52  (pixel 70/30 split)
  AUC      = 0.9928
  IoU@0.5  = 0.9261
  F1@0.5   = 0.9617
  accuracy = 0.9565  (prec=0.9701, rec=0.9534)
  tp=9631 fp=297 fn=471 tn=7265

[save] D:\Users\dust\Documents\학교\2026년도1학기\컴퓨터비전\실습\FoundationStereo\experiments\ds_v1_seed0/minigym_v52\submodel
  pred_mask.png, panel.png, metrics.json, head.pt
DONE: D:\Users\dust\Documents\학교\2026년도1학기\컴퓨터비전\실습\FoundationStereo\experiments\ds_v1_seed0/minigym_v52\submodel
[device] cuda
[load] D:\Users\dust\Documents\학교\2026년도1학기\컴퓨터비전\실습\FoundationStereo\experiments\_model\general_head.pt  (train_scenes=['archiviz_baseline080', 'bedroom_baseline080', 'blue_bathroom_baseline080', 'computer_room_baseline080', 'cozy_living_room_baseline080', 'flat-archiviz_baseline080', 'green_house_baseline080', 'gym_baseline080', 'livingroom_baseline080', 'minimal_interior_baseline080', 'scandinavian_baseline080', 'sunlight_baseline080'])

[APPLY] ds_v1_seed0/minigym_v52  (저장모델로 새 데이터 평가)
  AUC      = 0.9297
  IoU@0.5  = 0.5751
  F1@0.5   = 0.7302
  accuracy = 0.7526  (prec=0.9758, rec=0.5834)
  tp=19709 fp=488 fn=14076 tn=24607
[save] D:\Users\dust\Documents\학교\2026년도1학기\컴퓨터비전\실습\FoundationStereo\experiments\ds_v1_seed0/minigym_v52\submodel_applied  (pred_mask.png, panel.png, metrics.json)

============================================================
STEP: estimate_mirror_plane
============================================================

============================================================
STEP: viz_ransac_inliers
============================================================

============================================================
STEP: make_mirror_gt_from_depth
============================================================

============================================================
STEP: analyze_features
============================================================

============================================================
STEP: submodel_head
============================================================

============================================================
STEP: apply_submodel
============================================================

DONE: D:\Users\dust\Documents\학교\2026년도1학기\컴퓨터비전\실습\FoundationStereo\experiments\ds_v1_seed0/minigym_v52 (ok)

##### [119/121] ds_v1_seed0/minigym_v53  (done 57, fail 0, skip 61, elapsed 32m, ETA 2m) #####
[scene] ds_v1_seed0/minigym_v53  size=1280x720
[select] mirror 점 개수 = 328538  (mask=328538, valid&depth = 889903)
[conf] mirror 영역 평균 confidence = 0.6910

=== 평면 추정 결과 ===
  [PCA (closed form)]
      normal = [+0.0437, -0.8482, -0.5279]
      d = +2.7045   mirror_depth(perp) = 2.7045 m   view_z = 7.8021 m
      n_inliers = 328538/328538   rms_residual = 0.64596 m
  [RANSAC]
      normal = [+0.0063, -0.9426, -0.3339]
      d = +1.8904   mirror_depth(perp) = 1.8904 m   view_z = 7.8021 m
      n_inliers = 106891/328538   rms_residual = 0.03356 m
  [SVD robust (IRLS)]
      normal = [+0.0239, -0.8279, -0.5604]
      d = +3.0884   mirror_depth(perp) = 3.0884 m   view_z = 7.8021 m
      n_inliers = 55143/328538   rms_residual = 0.06549 m

[save] D:\Users\dust\Documents\학교\2026년도1학기\컴퓨터비전\실습\FoundationStereo\experiments\ds_v1_seed0/minigym_v53\mirror_geometry\result.json
[save] D:\Users\dust\Documents\학교\2026년도1학기\컴퓨터비전\실습\FoundationStereo\experiments\ds_v1_seed0/minigym_v53\mirror_geometry\plane.txt
[save] D:\Users\dust\Documents\학교\2026년도1학기\컴퓨터비전\실습\FoundationStereo\experiments\ds_v1_seed0/minigym_v53\mirror_geometry\viz.png

DONE: D:\Users\dust\Documents\학교\2026년도1학기\컴퓨터비전\실습\FoundationStereo\experiments\ds_v1_seed0/minigym_v53\mirror_geometry
[ds_v1_seed0/minigym_v53] 거울 점 328538개 중 inlier 106891 (32.5%) / outlier 221647
  normal=[ 0.006 -0.943 -0.334] d=1.890  rms(inlier)=0.0336 m  thr≈0.113 m
[save] D:\Users\dust\Documents\학교\2026년도1학기\컴퓨터비전\실습\FoundationStereo\experiments\ds_v1_seed0/minigym_v53\mirror_geometry\ransac_inliers.png
[gt] minigym_v53                  perp 5.02m planRMS 0.0090m  normal [-0.246, 0.308, -0.919]

생성 1, 건너뜀 0 (depth_gt/mask 없음 등)
[ds_v1_seed0/minigym_v53] feature 184x320  mirror_frac=0.3577955163043478  feat_left=True
rank  signal              AUC    pol  sep     mean_in     mean_out
  1  pre_conf           0.5769   -  0.1678    0.351892    0.427481
  2  pre_entropy         0.572   +  0.0858    2.153673    2.000077
  3  delta_entropy      0.5665   -  0.0866   -1.523074    -1.37015
  4  delta_conf         0.5536   +  0.1159    0.339161    0.280967
  5  post_conf          0.5415   -  0.0699    0.691052    0.708448
  6  delta_argdisp      0.5384   +    0.05   45.507049   42.302224
  7  feat_left_pc2      0.5319   +  0.0474    2.019566    1.874801
  8  post_entropy       0.5277   +  0.0024      0.6306    0.629927
  9  feat_left_pc1      0.5096   -  0.0243    2.209822    2.281544
 10  feat_left_l2       0.5057   -  0.0341   16.730933   16.901818
 11  feat_left_pc3      0.5033   -  0.0106    1.722273     1.75162
BEST: pre_conf (AUC=0.5769, polarity=-)
저장: D:\Users\dust\Documents\학교\2026년도1학기\컴퓨터비전\실습\FoundationStereo\experiments\ds_v1_seed0/minigym_v53\features\report.json / panels.png / mirror_signal.npy
[device] cuda
  [train] epoch 60/300  loss=0.4392
  [train] epoch 120/300  loss=0.3036
  [train] epoch 180/300  loss=0.2281
  [train] epoch 240/300  loss=0.1728
  [train] epoch 300/300  loss=0.1319

[VAL] scene=ds_v1_seed0/minigym_v53  (pixel 70/30 split)
  AUC      = 0.9888
  IoU@0.5  = 0.8582
  F1@0.5   = 0.9237
  accuracy = 0.9441  (prec=0.8982, rec=0.9507)
  tp=5972 fp=677 fn=310 tn=10705

[save] D:\Users\dust\Documents\학교\2026년도1학기\컴퓨터비전\실습\FoundationStereo\experiments\ds_v1_seed0/minigym_v53\submodel
  pred_mask.png, panel.png, metrics.json, head.pt
DONE: D:\Users\dust\Documents\학교\2026년도1학기\컴퓨터비전\실습\FoundationStereo\experiments\ds_v1_seed0/minigym_v53\submodel
[device] cuda
[load] D:\Users\dust\Documents\학교\2026년도1학기\컴퓨터비전\실습\FoundationStereo\experiments\_model\general_head.pt  (train_scenes=['archiviz_baseline080', 'bedroom_baseline080', 'blue_bathroom_baseline080', 'computer_room_baseline080', 'cozy_living_room_baseline080', 'flat-archiviz_baseline080', 'green_house_baseline080', 'gym_baseline080', 'livingroom_baseline080', 'minimal_interior_baseline080', 'scandinavian_baseline080', 'sunlight_baseline080'])

[APPLY] ds_v1_seed0/minigym_v53  (저장모델로 새 데이터 평가)
  AUC      = 0.9685
  IoU@0.5  = 0.6981
  F1@0.5   = 0.8222
  accuracy = 0.8866  (prec=0.9360, rec=0.7331)
  tp=15445 fp=1056 fn=5622 tn=36757
[save] D:\Users\dust\Documents\학교\2026년도1학기\컴퓨터비전\실습\FoundationStereo\experiments\ds_v1_seed0/minigym_v53\submodel_applied  (pred_mask.png, panel.png, metrics.json)

============================================================
STEP: estimate_mirror_plane
============================================================

============================================================
STEP: viz_ransac_inliers
============================================================

============================================================
STEP: make_mirror_gt_from_depth
============================================================

============================================================
STEP: analyze_features
============================================================

============================================================
STEP: submodel_head
============================================================

============================================================
STEP: apply_submodel
============================================================

DONE: D:\Users\dust\Documents\학교\2026년도1학기\컴퓨터비전\실습\FoundationStereo\experiments\ds_v1_seed0/minigym_v53 (ok)

##### [120/121] ds_v1_seed0/minigym_v54  (done 58, fail 0, skip 61, elapsed 33m, ETA 1m) #####
[scene] ds_v1_seed0/minigym_v54  size=1280x720
[select] mirror 점 개수 = 498646  (mask=498646, valid&depth = 900887)
[conf] mirror 영역 평균 confidence = 0.7073

=== 평면 추정 결과 ===
  [PCA (closed form)]
      normal = [+0.0015, -0.8981, -0.4398]
      d = +2.7041   mirror_depth(perp) = 2.7041 m   view_z = 7.8062 m
      n_inliers = 498646/498646   rms_residual = 1.05851 m
  [RANSAC]
      normal = [-0.9791, -0.0761, +0.1884]
      d = +2.1656   mirror_depth(perp) = 2.1656 m   view_z = 7.8062 m
      n_inliers = 113935/498646   rms_residual = 0.02448 m
  [SVD robust (IRLS)]
      normal = [-0.0388, -0.8369, -0.5460]
      d = +3.7893   mirror_depth(perp) = 3.7893 m   view_z = 7.8062 m
      n_inliers = 46730/498646   rms_residual = 0.06026 m

[save] D:\Users\dust\Documents\학교\2026년도1학기\컴퓨터비전\실습\FoundationStereo\experiments\ds_v1_seed0/minigym_v54\mirror_geometry\result.json
[save] D:\Users\dust\Documents\학교\2026년도1학기\컴퓨터비전\실습\FoundationStereo\experiments\ds_v1_seed0/minigym_v54\mirror_geometry\plane.txt
[save] D:\Users\dust\Documents\학교\2026년도1학기\컴퓨터비전\실습\FoundationStereo\experiments\ds_v1_seed0/minigym_v54\mirror_geometry\viz.png

DONE: D:\Users\dust\Documents\학교\2026년도1학기\컴퓨터비전\실습\FoundationStereo\experiments\ds_v1_seed0/minigym_v54\mirror_geometry
[ds_v1_seed0/minigym_v54] 거울 점 498646개 중 inlier 113935 (22.8%) / outlier 384711
  normal=[-0.979 -0.076  0.188] d=2.166  rms(inlier)=0.0245 m  thr≈0.108 m
[save] D:\Users\dust\Documents\학교\2026년도1학기\컴퓨터비전\실습\FoundationStereo\experiments\ds_v1_seed0/minigym_v54\mirror_geometry\ransac_inliers.png
[gt] minigym_v54                  perp 4.96m planRMS 0.0074m  normal [-0.209, 0.159, -0.965]

생성 1, 건너뜀 0 (depth_gt/mask 없음 등)
[ds_v1_seed0/minigym_v54] feature 184x320  mirror_frac=0.5405910326086957  feat_left=True
rank  signal              AUC    pol  sep     mean_in     mean_out
  1  pre_conf           0.5918   -  0.2111    0.375604    0.477761
  2  delta_argdisp      0.5823   +   0.117   47.605718   39.944695
  3  post_entropy       0.5785   +  0.1277     0.63361    0.598278
  4  delta_conf         0.5784   +   0.172    0.332096    0.242015
  5  pre_entropy        0.5747   +  0.0972    2.013358    1.833887
  6  delta_entropy      0.5626   -  0.0791   -1.379747   -1.235609
  7  feat_left_l2       0.5619   -   0.099   16.656416   17.143956
  8  feat_left_pc2      0.5487   +  0.0892    2.150625    1.879186
  9  feat_left_pc1      0.5377   +  0.0811    2.522857    2.280981
 10  post_conf          0.5299   -  0.0499      0.7077    0.719776
 11  feat_left_pc3      0.5217   -  0.0376    1.642831    1.745349
BEST: pre_conf (AUC=0.5918, polarity=-)
저장: D:\Users\dust\Documents\학교\2026년도1학기\컴퓨터비전\실습\FoundationStereo\experiments\ds_v1_seed0/minigym_v54\features\report.json / panels.png / mirror_signal.npy
[device] cuda
  [train] epoch 60/300  loss=0.3131
  [train] epoch 120/300  loss=0.2107
  [train] epoch 180/300  loss=0.1485
  [train] epoch 240/300  loss=0.1067
  [train] epoch 300/300  loss=0.0789

[VAL] scene=ds_v1_seed0/minigym_v54  (pixel 70/30 split)
  AUC      = 0.9937
  IoU@0.5  = 0.9259
  F1@0.5   = 0.9615
  accuracy = 0.9587  (prec=0.9636, rec=0.9595)
  tp=9114 fp=344 fn=385 tn=7821

[save] D:\Users\dust\Documents\학교\2026년도1학기\컴퓨터비전\실습\FoundationStereo\experiments\ds_v1_seed0/minigym_v54\submodel
  pred_mask.png, panel.png, metrics.json, head.pt
DONE: D:\Users\dust\Documents\학교\2026년도1학기\컴퓨터비전\실습\FoundationStereo\experiments\ds_v1_seed0/minigym_v54\submodel
[device] cuda
[load] D:\Users\dust\Documents\학교\2026년도1학기\컴퓨터비전\실습\FoundationStereo\experiments\_model\general_head.pt  (train_scenes=['archiviz_baseline080', 'bedroom_baseline080', 'blue_bathroom_baseline080', 'computer_room_baseline080', 'cozy_living_room_baseline080', 'flat-archiviz_baseline080', 'green_house_baseline080', 'gym_baseline080', 'livingroom_baseline080', 'minimal_interior_baseline080', 'scandinavian_baseline080', 'sunlight_baseline080'])

[APPLY] ds_v1_seed0/minigym_v54  (저장모델로 새 데이터 평가)
  AUC      = 0.9366
  IoU@0.5  = 0.6076
  F1@0.5   = 0.7559
  accuracy = 0.7836  (prec=0.9687, rec=0.6198)
  tp=19728 fp=637 fn=12102 tn=26413
[save] D:\Users\dust\Documents\학교\2026년도1학기\컴퓨터비전\실습\FoundationStereo\experiments\ds_v1_seed0/minigym_v54\submodel_applied  (pred_mask.png, panel.png, metrics.json)

============================================================
STEP: estimate_mirror_plane
============================================================

============================================================
STEP: viz_ransac_inliers
============================================================

============================================================
STEP: make_mirror_gt_from_depth
============================================================

============================================================
STEP: analyze_features
============================================================

============================================================
STEP: submodel_head
============================================================

============================================================
STEP: apply_submodel
============================================================

DONE: D:\Users\dust\Documents\학교\2026년도1학기\컴퓨터비전\실습\FoundationStereo\experiments\ds_v1_seed0/minigym_v54 (ok)

##### [121/121] ds_v1_seed0/minigym_v55  (done 59, fail 0, skip 61, elapsed 33m, ETA 1m) #####
[scene] ds_v1_seed0/minigym_v55  size=1280x720
[select] mirror 점 개수 = 260805  (mask=260805, valid&depth = 894169)
[conf] mirror 영역 평균 confidence = 0.6907

=== 평면 추정 결과 ===
  [PCA (closed form)]
      normal = [+0.0085, -0.8736, -0.4865]
      d = +1.9127   mirror_depth(perp) = 1.9127 m   view_z = 7.1782 m
      n_inliers = 260805/260805   rms_residual = 0.43206 m
  [RANSAC]
      normal = [+0.0194, -0.8914, -0.4529]
      d = +2.0061   mirror_depth(perp) = 2.0061 m   view_z = 7.1782 m
      n_inliers = 112318/260805   rms_residual = 0.02625 m
  [SVD robust (IRLS)]
      normal = [-0.0048, -0.8524, -0.5228]
      d = +2.3905   mirror_depth(perp) = 2.3905 m   view_z = 7.1782 m
      n_inliers = 69127/260805   rms_residual = 0.05908 m

[save] D:\Users\dust\Documents\학교\2026년도1학기\컴퓨터비전\실습\FoundationStereo\experiments\ds_v1_seed0/minigym_v55\mirror_geometry\result.json
[save] D:\Users\dust\Documents\학교\2026년도1학기\컴퓨터비전\실습\FoundationStereo\experiments\ds_v1_seed0/minigym_v55\mirror_geometry\plane.txt
[save] D:\Users\dust\Documents\학교\2026년도1학기\컴퓨터비전\실습\FoundationStereo\experiments\ds_v1_seed0/minigym_v55\mirror_geometry\viz.png

DONE: D:\Users\dust\Documents\학교\2026년도1학기\컴퓨터비전\실습\FoundationStereo\experiments\ds_v1_seed0/minigym_v55\mirror_geometry
[ds_v1_seed0/minigym_v55] 거울 점 260805개 중 inlier 112318 (43.1%) / outlier 148487
  normal=[ 0.019 -0.891 -0.453] d=2.006  rms(inlier)=0.0263 m  thr≈0.099 m
[save] D:\Users\dust\Documents\학교\2026년도1학기\컴퓨터비전\실습\FoundationStereo\experiments\ds_v1_seed0/minigym_v55\mirror_geometry\ransac_inliers.png
[gt] minigym_v55                  perp 4.99m planRMS 0.0064m  normal [-0.205, 0.429, -0.88]

생성 1, 건너뜀 0 (depth_gt/mask 없음 등)
[ds_v1_seed0/minigym_v55] feature 184x320  mirror_frac=0.28457880434782606  feat_left=True
rank  signal              AUC    pol  sep     mean_in     mean_out
  1  pre_conf           0.6093   -  0.2156    0.347879    0.444297
  2  pre_entropy        0.6029   +  0.1431    2.157816    1.908982
  3  delta_entropy      0.5926   -  0.1341   -1.520187   -1.291525
  4  feat_left_pc2      0.5742   +    0.13    2.217392    1.816166
  5  delta_conf         0.5688   +  0.1432    0.342921    0.272995
  6  feat_left_pc1      0.5634   -  0.1234    2.007841     2.35706
  7  post_conf          0.5609   -  0.1039      0.6908    0.717293
  8  delta_argdisp      0.5605   +  0.0875   46.257341   40.614994
  9  post_entropy       0.5511   +   0.067    0.637629    0.617457
 10  feat_left_pc3      0.5339   -  0.0507    1.649144    1.786867
 11  feat_left_l2       0.5007   -  0.0161   16.760789   16.843867
BEST: pre_conf (AUC=0.6093, polarity=-)
저장: D:\Users\dust\Documents\학교\2026년도1학기\컴퓨터비전\실습\FoundationStereo\experiments\ds_v1_seed0/minigym_v55\features\report.json / panels.png / mirror_signal.npy
[device] cuda
  [train] epoch 60/300  loss=0.4889
  [train] epoch 120/300  loss=0.3439
  [train] epoch 180/300  loss=0.2592
  [train] epoch 240/300  loss=0.1959
  [train] epoch 300/300  loss=0.1492

[VAL] scene=ds_v1_seed0/minigym_v55  (pixel 70/30 split)
  AUC      = 0.9885
  IoU@0.5  = 0.8264
  F1@0.5   = 0.9050
  accuracy = 0.9430  (prec=0.8624, rec=0.9519)
  tp=4790 fp=764 fn=242 tn=11868

[save] D:\Users\dust\Documents\학교\2026년도1학기\컴퓨터비전\실습\FoundationStereo\experiments\ds_v1_seed0/minigym_v55\submodel
  pred_mask.png, panel.png, metrics.json, head.pt
DONE: D:\Users\dust\Documents\학교\2026년도1학기\컴퓨터비전\실습\FoundationStereo\experiments\ds_v1_seed0/minigym_v55\submodel
[device] cuda
[load] D:\Users\dust\Documents\학교\2026년도1학기\컴퓨터비전\실습\FoundationStereo\experiments\_model\general_head.pt  (train_scenes=['archiviz_baseline080', 'bedroom_baseline080', 'blue_bathroom_baseline080', 'computer_room_baseline080', 'cozy_living_room_baseline080', 'flat-archiviz_baseline080', 'green_house_baseline080', 'gym_baseline080', 'livingroom_baseline080', 'minimal_interior_baseline080', 'scandinavian_baseline080', 'sunlight_baseline080'])

[APPLY] ds_v1_seed0/minigym_v55  (저장모델로 새 데이터 평가)
  AUC      = 0.9624
  IoU@0.5  = 0.6544
  F1@0.5   = 0.7911
  accuracy = 0.8934  (prec=0.8946, rec=0.7091)
  tp=11881 fp=1400 fn=4875 tn=40724
[save] D:\Users\dust\Documents\학교\2026년도1학기\컴퓨터비전\실습\FoundationStereo\experiments\ds_v1_seed0/minigym_v55\submodel_applied  (pred_mask.png, panel.png, metrics.json)

============================================================
STEP: estimate_mirror_plane
============================================================

============================================================
STEP: viz_ransac_inliers
============================================================

============================================================
STEP: make_mirror_gt_from_depth
============================================================

============================================================
STEP: analyze_features
============================================================

============================================================
STEP: submodel_head
============================================================

============================================================
STEP: apply_submodel
============================================================

DONE: D:\Users\dust\Documents\학교\2026년도1학기\컴퓨터비전\실습\FoundationStereo\experiments\ds_v1_seed0/minigym_v55 (ok)

[batch] 끝: done 60, fail 0, skip 61, 총 0.6h
