[batch] D:\Users\dust\Documents\학교\2026년도1학기\컴퓨터비전\실습\Archive\ds_v1_seed0 → experiments/ds_v1_seed0/  (2 scene, 131 views, post_only)

##### [40/131] ds_v1_seed0/computer_room_v39  (done 0, fail 0, skip 39, elapsed 0m, ETA 0m) #####
[scene] ds_v1_seed0/computer_room_v39  size=1280x720
[select] mirror 점 개수 = 261817  (mask=270468, valid&depth = 881290)
[conf] mirror 영역 평균 confidence = 0.7052

=== 평면 추정 결과 ===
  [PCA (closed form)]
      normal = [-0.0986, -0.8818, -0.4612]
      d = +1.3964   mirror_depth(perp) = 1.3964 m   view_z = 5.2351 m
      n_inliers = 261817/261817   rms_residual = 0.35763 m
  [RANSAC]
      normal = [+0.4037, +0.2000, -0.8927]
      d = +6.9187   mirror_depth(perp) = 6.9187 m   view_z = 5.2351 m
      n_inliers = 81425/261817   rms_residual = 0.01361 m
  [SVD robust (IRLS)]
      normal = [-0.1126, -0.8694, -0.4812]
      d = +1.4497   mirror_depth(perp) = 1.4497 m   view_z = 5.2351 m
      n_inliers = 41866/261817   rms_residual = 0.04075 m

[save] D:\Users\dust\Documents\학교\2026년도1학기\컴퓨터비전\실습\FoundationStereo\experiments\ds_v1_seed0/computer_room_v39\mirror_geometry\result.json
[save] D:\Users\dust\Documents\학교\2026년도1학기\컴퓨터비전\실습\FoundationStereo\experiments\ds_v1_seed0/computer_room_v39\mirror_geometry\plane.txt
[save] D:\Users\dust\Documents\학교\2026년도1학기\컴퓨터비전\실습\FoundationStereo\experiments\ds_v1_seed0/computer_room_v39\mirror_geometry\viz.png

DONE: D:\Users\dust\Documents\학교\2026년도1학기\컴퓨터비전\실습\FoundationStereo\experiments\ds_v1_seed0/computer_room_v39\mirror_geometry
[ds_v1_seed0/computer_room_v39] 거울 점 261817개 중 inlier 81425 (31.1%) / outlier 180392
  normal=[ 0.404  0.2   -0.893] d=6.919  rms(inlier)=0.0136 m  thr≈0.072 m
[save] D:\Users\dust\Documents\학교\2026년도1학기\컴퓨터비전\실습\FoundationStereo\experiments\ds_v1_seed0/computer_room_v39\mirror_geometry\ransac_inliers.png
[gt] computer_room_v39            perp 3.21m planRMS 0.0017m  normal [0.415, 0.263, -0.871]

생성 1, 건너뜀 0 (depth_gt/mask 없음 등)
[ds_v1_seed0/computer_room_v39] feature 184x320  mirror_frac=0.29575407608695653  feat_left=True
rank  signal              AUC    pol  sep     mean_in     mean_out
  1  post_entropy       0.7414   -  0.5031    0.675759    0.941477
  2  post_conf          0.6979   +  0.3942    0.700524    0.593247
  3  delta_conf         0.6344   +  0.2121    0.296704    0.183492
  4  feat_left_pc1      0.6337   -  0.2304    1.892826    2.770002
  5  delta_entropy      0.6294   -  0.2471   -1.348349   -0.911024
  6  feat_left_l2       0.6051   +    0.15   17.165276   16.299065
  7  pre_entropy        0.5566   +  0.1027    2.024108    1.852501
  8  pre_conf           0.5299   -  0.0138     0.40382    0.409756
  9  feat_left_pc2      0.5154   -  0.0231    2.012837    2.090009
 10  feat_left_pc3      0.5026   +  0.0032    1.663177    1.672996
 11  delta_argdisp      0.5003   -  0.0084   45.289193   44.760792
BEST: post_entropy (AUC=0.7414, polarity=-)
저장: D:\Users\dust\Documents\학교\2026년도1학기\컴퓨터비전\실습\FoundationStereo\experiments\ds_v1_seed0/computer_room_v39\features\report.json / panels.png / mirror_signal.npy
[device] cuda
  [train] epoch 60/300  loss=0.5243
  [train] epoch 120/300  loss=0.3970
  [train] epoch 180/300  loss=0.3056
  [train] epoch 240/300  loss=0.2317
  [train] epoch 300/300  loss=0.1747

[VAL] scene=ds_v1_seed0/computer_room_v39  (pixel 70/30 split)
  AUC      = 0.9891
  IoU@0.5  = 0.8263
  F1@0.5   = 0.9049
  accuracy = 0.9410  (prec=0.8546, rec=0.9614)
  tp=4962 fp=844 fn=199 tn=11659

[save] D:\Users\dust\Documents\학교\2026년도1학기\컴퓨터비전\실습\FoundationStereo\experiments\ds_v1_seed0/computer_room_v39\submodel
  pred_mask.png, panel.png, metrics.json, head.pt
DONE: D:\Users\dust\Documents\학교\2026년도1학기\컴퓨터비전\실습\FoundationStereo\experiments\ds_v1_seed0/computer_room_v39\submodel
[device] cuda
[load] D:\Users\dust\Documents\학교\2026년도1학기\컴퓨터비전\실습\FoundationStereo\experiments\_model\general_head.pt  (train_scenes=['archiviz_baseline080', 'bedroom_baseline080', 'blue_bathroom_baseline080', 'computer_room_baseline080', 'cozy_living_room_baseline080', 'flat-archiviz_baseline080', 'green_house_baseline080', 'gym_baseline080', 'livingroom_baseline080', 'minimal_interior_baseline080', 'scandinavian_baseline080', 'sunlight_baseline080'])

[APPLY] ds_v1_seed0/computer_room_v39  (저장모델로 새 데이터 평가)
  AUC      = 0.9843
  IoU@0.5  = 0.5030
  F1@0.5   = 0.6694
  accuracy = 0.8522  (prec=0.9894, rec=0.5057)
  tp=8807 fp=94 fn=8607 tn=41372
[save] D:\Users\dust\Documents\학교\2026년도1학기\컴퓨터비전\실습\FoundationStereo\experiments\ds_v1_seed0/computer_room_v39\submodel_applied  (pred_mask.png, panel.png, metrics.json)

============================================================
STEP: estimate_mirror_plane
============================================================

============================================================
STEP: viz_ransac_inliers
============================================================

============================================================
STEP: make_mirror_gt_from_depth
============================================================

============================================================
STEP: analyze_features
============================================================

============================================================
STEP: submodel_head
============================================================

============================================================
STEP: apply_submodel
============================================================

DONE: D:\Users\dust\Documents\학교\2026년도1학기\컴퓨터비전\실습\FoundationStereo\experiments\ds_v1_seed0/computer_room_v39 (ok)

##### [41/131] ds_v1_seed0/computer_room_v40  (done 1, fail 0, skip 39, elapsed 1m, ETA 83m) #####
[scene] ds_v1_seed0/computer_room_v40  size=1280x720
[select] mirror 점 개수 = 195369  (mask=195369, valid&depth = 876930)
[conf] mirror 영역 평균 confidence = 0.6772

=== 평면 추정 결과 ===
  [PCA (closed form)]
      normal = [-0.0525, -0.8968, -0.4393]
      d = +1.1291   mirror_depth(perp) = 1.1291 m   view_z = 5.0466 m
      n_inliers = 195369/195369   rms_residual = 0.26177 m
  [RANSAC]
      normal = [-0.0293, -0.9076, -0.4188]
      d = +1.3553   mirror_depth(perp) = 1.3553 m   view_z = 5.0466 m
      n_inliers = 61327/195369   rms_residual = 0.01444 m
  [SVD robust (IRLS)]
      normal = [-0.0480, -0.8936, -0.4463]
      d = +1.1337   mirror_depth(perp) = 1.1337 m   view_z = 5.0466 m
      n_inliers = 24927/195369   rms_residual = 0.04098 m

[save] D:\Users\dust\Documents\학교\2026년도1학기\컴퓨터비전\실습\FoundationStereo\experiments\ds_v1_seed0/computer_room_v40\mirror_geometry\result.json
[save] D:\Users\dust\Documents\학교\2026년도1학기\컴퓨터비전\실습\FoundationStereo\experiments\ds_v1_seed0/computer_room_v40\mirror_geometry\plane.txt
[save] D:\Users\dust\Documents\학교\2026년도1학기\컴퓨터비전\실습\FoundationStereo\experiments\ds_v1_seed0/computer_room_v40\mirror_geometry\viz.png

DONE: D:\Users\dust\Documents\학교\2026년도1학기\컴퓨터비전\실습\FoundationStereo\experiments\ds_v1_seed0/computer_room_v40\mirror_geometry
[ds_v1_seed0/computer_room_v40] 거울 점 195369개 중 inlier 61327 (31.4%) / outlier 134042
  normal=[-0.029 -0.908 -0.419] d=1.355  rms(inlier)=0.0144 m  thr≈0.069 m
[save] D:\Users\dust\Documents\학교\2026년도1학기\컴퓨터비전\실습\FoundationStereo\experiments\ds_v1_seed0/computer_room_v40\mirror_geometry\ransac_inliers.png
[gt] computer_room_v40            perp 3.35m planRMS 0.0035m  normal [0.374, 0.364, -0.853]

생성 1, 건너뜀 0 (depth_gt/mask 없음 등)
[ds_v1_seed0/computer_room_v40] feature 184x320  mirror_frac=0.2139945652173913  feat_left=True
rank  signal              AUC    pol  sep     mean_in     mean_out
  1  post_entropy       0.7334   -  0.5253    0.700915      1.0607
  2  post_conf          0.6734   +  0.3772    0.676748    0.563629
  3  delta_entropy       0.667   -  0.3195   -1.280692    -0.67784
  4  feat_left_pc1      0.6505   -  0.2088      2.0342    2.915023
  5  delta_conf         0.6485   +  0.2913    0.281983    0.115959
  6  feat_left_l2       0.6326   +  0.2041    17.45299   16.080302
  7  pre_entropy        0.6014   +  0.1504    1.981607     1.73854
  8  pre_conf           0.5814   -   0.122    0.394765     0.44767
  9  feat_left_pc3      0.5725   +   0.148    1.997369    1.526502
 10  delta_argdisp      0.5265   -  0.0453   44.019762   46.826966
 11  feat_left_pc2      0.5067   -  0.0067    2.145624    2.118787
BEST: post_entropy (AUC=0.7334, polarity=-)
저장: D:\Users\dust\Documents\학교\2026년도1학기\컴퓨터비전\실습\FoundationStereo\experiments\ds_v1_seed0/computer_room_v40\features\report.json / panels.png / mirror_signal.npy
[device] cuda
  [train] epoch 60/300  loss=0.6026
  [train] epoch 120/300  loss=0.4712
  [train] epoch 180/300  loss=0.3683
  [train] epoch 240/300  loss=0.2804
  [train] epoch 300/300  loss=0.2114

[VAL] scene=ds_v1_seed0/computer_room_v40  (pixel 70/30 split)
  AUC      = 0.9840
  IoU@0.5  = 0.7366
  F1@0.5   = 0.8483
  accuracy = 0.9271  (prec=0.7649, rec=0.9522)
  tp=3602 fp=1107 fn=181 tn=12774

[save] D:\Users\dust\Documents\학교\2026년도1학기\컴퓨터비전\실습\FoundationStereo\experiments\ds_v1_seed0/computer_room_v40\submodel
  pred_mask.png, panel.png, metrics.json, head.pt
DONE: D:\Users\dust\Documents\학교\2026년도1학기\컴퓨터비전\실습\FoundationStereo\experiments\ds_v1_seed0/computer_room_v40\submodel
[device] cuda
[load] D:\Users\dust\Documents\학교\2026년도1학기\컴퓨터비전\실습\FoundationStereo\experiments\_model\general_head.pt  (train_scenes=['archiviz_baseline080', 'bedroom_baseline080', 'blue_bathroom_baseline080', 'computer_room_baseline080', 'cozy_living_room_baseline080', 'flat-archiviz_baseline080', 'green_house_baseline080', 'gym_baseline080', 'livingroom_baseline080', 'minimal_interior_baseline080', 'scandinavian_baseline080', 'sunlight_baseline080'])

[APPLY] ds_v1_seed0/computer_room_v40  (저장모델로 새 데이터 평가)
  AUC      = 0.9830
  IoU@0.5  = 0.5545
  F1@0.5   = 0.7134
  accuracy = 0.9022  (prec=0.9565, rec=0.5689)
  tp=7168 fp=326 fn=5432 tn=45954
[save] D:\Users\dust\Documents\학교\2026년도1학기\컴퓨터비전\실습\FoundationStereo\experiments\ds_v1_seed0/computer_room_v40\submodel_applied  (pred_mask.png, panel.png, metrics.json)

============================================================
STEP: estimate_mirror_plane
============================================================

============================================================
STEP: viz_ransac_inliers
============================================================

============================================================
STEP: make_mirror_gt_from_depth
============================================================

============================================================
STEP: analyze_features
============================================================

============================================================
STEP: submodel_head
============================================================

============================================================
STEP: apply_submodel
============================================================

DONE: D:\Users\dust\Documents\학교\2026년도1학기\컴퓨터비전\실습\FoundationStereo\experiments\ds_v1_seed0/computer_room_v40 (ok)

##### [42/131] ds_v1_seed0/computer_room_v41  (done 2, fail 0, skip 39, elapsed 2m, ETA 70m) #####
[scene] ds_v1_seed0/computer_room_v41  size=1280x720
[select] mirror 점 개수 = 269561  (mask=270561, valid&depth = 881394)
[conf] mirror 영역 평균 confidence = 0.7294

=== 평면 추정 결과 ===
  [PCA (closed form)]
      normal = [-0.0911, -0.8618, -0.4991]
      d = +1.7964   mirror_depth(perp) = 1.7964 m   view_z = 5.6814 m
      n_inliers = 269561/269561   rms_residual = 0.39803 m
  [RANSAC]
      normal = [+0.4157, +0.2116, -0.8846]
      d = +7.2223   mirror_depth(perp) = 7.2223 m   view_z = 5.6814 m
      n_inliers = 89021/269561   rms_residual = 0.01684 m
  [SVD robust (IRLS)]
      normal = [-0.0873, -0.8608, -0.5014]
      d = +1.7757   mirror_depth(perp) = 1.7757 m   view_z = 5.6814 m
      n_inliers = 37594/269561   rms_residual = 0.04169 m

[save] D:\Users\dust\Documents\학교\2026년도1학기\컴퓨터비전\실습\FoundationStereo\experiments\ds_v1_seed0/computer_room_v41\mirror_geometry\result.json
[save] D:\Users\dust\Documents\학교\2026년도1학기\컴퓨터비전\실습\FoundationStereo\experiments\ds_v1_seed0/computer_room_v41\mirror_geometry\plane.txt
[save] D:\Users\dust\Documents\학교\2026년도1학기\컴퓨터비전\실습\FoundationStereo\experiments\ds_v1_seed0/computer_room_v41\mirror_geometry\viz.png

DONE: D:\Users\dust\Documents\학교\2026년도1학기\컴퓨터비전\실습\FoundationStereo\experiments\ds_v1_seed0/computer_room_v41\mirror_geometry
[ds_v1_seed0/computer_room_v41] 거울 점 269561개 중 inlier 89021 (33.0%) / outlier 180540
  normal=[ 0.416  0.212 -0.885] d=7.222  rms(inlier)=0.0168 m  thr≈0.074 m
[save] D:\Users\dust\Documents\학교\2026년도1학기\컴퓨터비전\실습\FoundationStereo\experiments\ds_v1_seed0/computer_room_v41\mirror_geometry\ransac_inliers.png
[gt] computer_room_v41            perp 3.52m planRMS 0.0038m  normal [0.432, 0.243, -0.868]

생성 1, 건너뜀 0 (depth_gt/mask 없음 등)
[ds_v1_seed0/computer_room_v41] feature 184x320  mirror_frac=0.29555027173913045  feat_left=True
rank  signal              AUC    pol  sep     mean_in     mean_out
  1  post_entropy       0.7798   -  0.5286    0.636755    0.997985
  2  post_conf          0.7471   +  0.5022    0.728456    0.581823
  3  delta_conf         0.6739   +  0.3208    0.334008    0.159365
  4  delta_entropy      0.6604   -  0.3084   -1.422934   -0.834569
  5  feat_left_pc1      0.6349   -  0.2351    1.828837    2.714805
  6  feat_left_l2       0.5835   +  0.1121   16.971332   16.338903
  7  pre_entropy        0.5814   +   0.134    2.059689    1.832553
  8  pre_conf           0.5548   -  0.0644    0.394448    0.422458
  9  feat_left_pc3      0.5212   +  0.0267    1.719555    1.637471
 10  feat_left_pc2       0.521   -   0.035    1.965924    2.080386
 11  delta_argdisp      0.5046   -  0.0037   45.004597   45.239066
BEST: post_entropy (AUC=0.7798, polarity=-)
저장: D:\Users\dust\Documents\학교\2026년도1학기\컴퓨터비전\실습\FoundationStereo\experiments\ds_v1_seed0/computer_room_v41\features\report.json / panels.png / mirror_signal.npy
[device] cuda
  [train] epoch 60/300  loss=0.5502
  [train] epoch 120/300  loss=0.4290
  [train] epoch 180/300  loss=0.3369
  [train] epoch 240/300  loss=0.2606
  [train] epoch 300/300  loss=0.1992

[VAL] scene=ds_v1_seed0/computer_room_v41  (pixel 70/30 split)
  AUC      = 0.9847
  IoU@0.5  = 0.7983
  F1@0.5   = 0.8878
  accuracy = 0.9294  (prec=0.8316, rec=0.9521)
  tp=4934 fp=999 fn=248 tn=11483

[save] D:\Users\dust\Documents\학교\2026년도1학기\컴퓨터비전\실습\FoundationStereo\experiments\ds_v1_seed0/computer_room_v41\submodel
  pred_mask.png, panel.png, metrics.json, head.pt
DONE: D:\Users\dust\Documents\학교\2026년도1학기\컴퓨터비전\실습\FoundationStereo\experiments\ds_v1_seed0/computer_room_v41\submodel
[device] cuda
[load] D:\Users\dust\Documents\학교\2026년도1학기\컴퓨터비전\실습\FoundationStereo\experiments\_model\general_head.pt  (train_scenes=['archiviz_baseline080', 'bedroom_baseline080', 'blue_bathroom_baseline080', 'computer_room_baseline080', 'cozy_living_room_baseline080', 'flat-archiviz_baseline080', 'green_house_baseline080', 'gym_baseline080', 'livingroom_baseline080', 'minimal_interior_baseline080', 'scandinavian_baseline080', 'sunlight_baseline080'])

[APPLY] ds_v1_seed0/computer_room_v41  (저장모델로 새 데이터 평가)
  AUC      = 0.9843
  IoU@0.5  = 0.6428
  F1@0.5   = 0.7825
  accuracy = 0.8922  (prec=0.9684, rec=0.6565)
  tp=11425 fp=373 fn=5977 tn=41105
[save] D:\Users\dust\Documents\학교\2026년도1학기\컴퓨터비전\실습\FoundationStereo\experiments\ds_v1_seed0/computer_room_v41\submodel_applied  (pred_mask.png, panel.png, metrics.json)

============================================================
STEP: estimate_mirror_plane
============================================================

============================================================
STEP: viz_ransac_inliers
============================================================

============================================================
STEP: make_mirror_gt_from_depth
============================================================

============================================================
STEP: analyze_features
============================================================

============================================================
STEP: submodel_head
============================================================

============================================================
STEP: apply_submodel
============================================================

DONE: D:\Users\dust\Documents\학교\2026년도1학기\컴퓨터비전\실습\FoundationStereo\experiments\ds_v1_seed0/computer_room_v41 (ok)

##### [43/131] ds_v1_seed0/computer_room_v42  (done 3, fail 0, skip 39, elapsed 2m, ETA 67m) #####
[scene] ds_v1_seed0/computer_room_v42  size=1280x720
[select] mirror 점 개수 = 261062  (mask=271416, valid&depth = 884592)
[conf] mirror 영역 평균 confidence = 0.6954

=== 평면 추정 결과 ===
  [PCA (closed form)]
      normal = [-0.1262, -0.8808, -0.4564]
      d = +1.3210   mirror_depth(perp) = 1.3210 m   view_z = 5.1302 m
      n_inliers = 261062/261062   rms_residual = 0.34113 m
  [RANSAC]
      normal = [-0.0898, -0.8808, -0.4649]
      d = +1.4199   mirror_depth(perp) = 1.4199 m   view_z = 5.1302 m
      n_inliers = 243591/261062   rms_residual = 0.30186 m
  [SVD robust (IRLS)]
      normal = [-0.1282, -0.8635, -0.4879]
      d = +1.4920   mirror_depth(perp) = 1.4920 m   view_z = 5.1302 m
      n_inliers = 243402/261062   rms_residual = 0.29533 m

[save] D:\Users\dust\Documents\학교\2026년도1학기\컴퓨터비전\실습\FoundationStereo\experiments\ds_v1_seed0/computer_room_v42\mirror_geometry\result.json
[save] D:\Users\dust\Documents\학교\2026년도1학기\컴퓨터비전\실습\FoundationStereo\experiments\ds_v1_seed0/computer_room_v42\mirror_geometry\plane.txt
[save] D:\Users\dust\Documents\학교\2026년도1학기\컴퓨터비전\실습\FoundationStereo\experiments\ds_v1_seed0/computer_room_v42\mirror_geometry\viz.png

DONE: D:\Users\dust\Documents\학교\2026년도1학기\컴퓨터비전\실습\FoundationStereo\experiments\ds_v1_seed0/computer_room_v42\mirror_geometry
[ds_v1_seed0/computer_room_v42] 거울 점 261062개 중 inlier 243591 (93.3%) / outlier 17471
  normal=[-0.09  -0.881 -0.465] d=1.420  rms(inlier)=0.3019 m  thr≈0.574 m
[save] D:\Users\dust\Documents\학교\2026년도1학기\컴퓨터비전\실습\FoundationStereo\experiments\ds_v1_seed0/computer_room_v42\mirror_geometry\ransac_inliers.png
[gt] computer_room_v42            perp 3.16m planRMS 0.0000m  normal [0.446, 0.29, -0.847]

생성 1, 건너뜀 0 (depth_gt/mask 없음 등)
[ds_v1_seed0/computer_room_v42] feature 184x320  mirror_frac=0.296875  feat_left=True
rank  signal              AUC    pol  sep     mean_in     mean_out
  1  post_entropy       0.6892   -  0.3592    0.699446    0.874334
  2  post_conf          0.6519   +    0.29    0.690991    0.615622
  3  feat_left_pc1      0.6192   -  0.2024    1.925707    2.710817
  4  delta_entropy      0.6132   -  0.2097   -1.348958   -0.987647
  5  delta_conf         0.6058   +  0.1607    0.289656    0.207128
  6  feat_left_l2       0.5809   +  0.1205   17.013636   16.296014
  7  pre_entropy         0.563   +  0.1131    2.048404     1.86198
  8  pre_conf            0.535   -  0.0169    0.401335    0.408493
  9  feat_left_pc2      0.5159   -  0.0145    1.998901    2.049747
 10  delta_argdisp       0.504   +  0.0114    45.62992   44.902367
 11  feat_left_pc3       0.501   +  0.0032    1.713783    1.704078
BEST: post_entropy (AUC=0.6892, polarity=-)
저장: D:\Users\dust\Documents\학교\2026년도1학기\컴퓨터비전\실습\FoundationStereo\experiments\ds_v1_seed0/computer_room_v42\features\report.json / panels.png / mirror_signal.npy
[device] cuda
  [train] epoch 60/300  loss=0.5250
  [train] epoch 120/300  loss=0.3892
  [train] epoch 180/300  loss=0.2936
  [train] epoch 240/300  loss=0.2194
  [train] epoch 300/300  loss=0.1645

[VAL] scene=ds_v1_seed0/computer_room_v42  (pixel 70/30 split)
  AUC      = 0.9880
  IoU@0.5  = 0.8198
  F1@0.5   = 0.9010
  accuracy = 0.9390  (prec=0.8578, rec=0.9487)
  tp=4900 fp=812 fn=265 tn=11687

[save] D:\Users\dust\Documents\학교\2026년도1학기\컴퓨터비전\실습\FoundationStereo\experiments\ds_v1_seed0/computer_room_v42\submodel
  pred_mask.png, panel.png, metrics.json, head.pt
DONE: D:\Users\dust\Documents\학교\2026년도1학기\컴퓨터비전\실습\FoundationStereo\experiments\ds_v1_seed0/computer_room_v42\submodel
[device] cuda
[load] D:\Users\dust\Documents\학교\2026년도1학기\컴퓨터비전\실습\FoundationStereo\experiments\_model\general_head.pt  (train_scenes=['archiviz_baseline080', 'bedroom_baseline080', 'blue_bathroom_baseline080', 'computer_room_baseline080', 'cozy_living_room_baseline080', 'flat-archiviz_baseline080', 'green_house_baseline080', 'gym_baseline080', 'livingroom_baseline080', 'minimal_interior_baseline080', 'scandinavian_baseline080', 'sunlight_baseline080'])

[APPLY] ds_v1_seed0/computer_room_v42  (저장모델로 새 데이터 평가)
  AUC      = 0.9809
  IoU@0.5  = 0.4711
  F1@0.5   = 0.6405
  accuracy = 0.8423  (prec=0.9907, rec=0.4732)
  tp=8272 fp=78 fn=9208 tn=41322
[save] D:\Users\dust\Documents\학교\2026년도1학기\컴퓨터비전\실습\FoundationStereo\experiments\ds_v1_seed0/computer_room_v42\submodel_applied  (pred_mask.png, panel.png, metrics.json)

============================================================
STEP: estimate_mirror_plane
============================================================

============================================================
STEP: viz_ransac_inliers
============================================================

============================================================
STEP: make_mirror_gt_from_depth
============================================================

============================================================
STEP: analyze_features
============================================================

============================================================
STEP: submodel_head
============================================================

============================================================
STEP: apply_submodel
============================================================

DONE: D:\Users\dust\Documents\학교\2026년도1학기\컴퓨터비전\실습\FoundationStereo\experiments\ds_v1_seed0/computer_room_v42 (ok)

##### [44/131] ds_v1_seed0/computer_room_v43  (done 4, fail 0, skip 39, elapsed 3m, ETA 66m) #####
[scene] ds_v1_seed0/computer_room_v43  size=1280x720
[select] mirror 점 개수 = 262949  (mask=262949, valid&depth = 879582)
[conf] mirror 영역 평균 confidence = 0.6823

=== 평면 추정 결과 ===
  [PCA (closed form)]
      normal = [-0.0732, -0.8970, -0.4360]
      d = +1.2156   mirror_depth(perp) = 1.2156 m   view_z = 4.9991 m
      n_inliers = 262949/262949   rms_residual = 0.31667 m
  [RANSAC]
      normal = [-0.0362, -0.9313, -0.3624]
      d = +1.2589   mirror_depth(perp) = 1.2589 m   view_z = 4.9991 m
      n_inliers = 67032/262949   rms_residual = 0.01444 m
  [SVD robust (IRLS)]
      normal = [-0.0954, -0.8822, -0.4611]
      d = +1.3014   mirror_depth(perp) = 1.3014 m   view_z = 4.9991 m
      n_inliers = 44615/262949   rms_residual = 0.03908 m

[save] D:\Users\dust\Documents\학교\2026년도1학기\컴퓨터비전\실습\FoundationStereo\experiments\ds_v1_seed0/computer_room_v43\mirror_geometry\result.json
[save] D:\Users\dust\Documents\학교\2026년도1학기\컴퓨터비전\실습\FoundationStereo\experiments\ds_v1_seed0/computer_room_v43\mirror_geometry\plane.txt
[save] D:\Users\dust\Documents\학교\2026년도1학기\컴퓨터비전\실습\FoundationStereo\experiments\ds_v1_seed0/computer_room_v43\mirror_geometry\viz.png

DONE: D:\Users\dust\Documents\학교\2026년도1학기\컴퓨터비전\실습\FoundationStereo\experiments\ds_v1_seed0/computer_room_v43\mirror_geometry
[ds_v1_seed0/computer_room_v43] 거울 점 262949개 중 inlier 67032 (25.5%) / outlier 195917
  normal=[-0.036 -0.931 -0.362] d=1.259  rms(inlier)=0.0144 m  thr≈0.070 m
[save] D:\Users\dust\Documents\학교\2026년도1학기\컴퓨터비전\실습\FoundationStereo\experiments\ds_v1_seed0/computer_room_v43\mirror_geometry\ransac_inliers.png
[gt] computer_room_v43            perp 3.14m planRMS 0.0020m  normal [0.307, 0.328, -0.893]

생성 1, 건너뜀 0 (depth_gt/mask 없음 등)
[ds_v1_seed0/computer_room_v43] feature 184x320  mirror_frac=0.2873131793478261  feat_left=True
rank  signal              AUC    pol  sep     mean_in     mean_out
  1  post_entropy       0.7574   -  0.5143    0.705563    1.051528
  2  post_conf          0.7044   +  0.4238    0.681908    0.560665
  3  delta_conf         0.6588   +  0.2951    0.291126    0.136444
  4  delta_entropy      0.6565   -  0.2838   -1.273125   -0.775079
  5  feat_left_pc1      0.6524   -  0.2715     1.86122    2.922969
  6  feat_left_l2       0.6453   +  0.1962   17.280668   16.045844
  7  pre_entropy        0.5744   +  0.0975    1.978688    1.826607
  8  pre_conf           0.5583   -  0.0813    0.390782    0.424221
  9  feat_left_pc3      0.5477   +  0.0741    1.831082     1.60701
 10  delta_argdisp      0.5308   -  0.0481   43.439735   46.384791
 11  feat_left_pc2       0.522   -  0.0632    2.010338    2.236259
BEST: post_entropy (AUC=0.7574, polarity=-)
저장: D:\Users\dust\Documents\학교\2026년도1학기\컴퓨터비전\실습\FoundationStereo\experiments\ds_v1_seed0/computer_room_v43\features\report.json / panels.png / mirror_signal.npy
[device] cuda
  [train] epoch 60/300  loss=0.5155
  [train] epoch 120/300  loss=0.4070
  [train] epoch 180/300  loss=0.3261
  [train] epoch 240/300  loss=0.2516
  [train] epoch 300/300  loss=0.1907

[VAL] scene=ds_v1_seed0/computer_room_v43  (pixel 70/30 split)
  AUC      = 0.9865
  IoU@0.5  = 0.8041
  F1@0.5   = 0.8914
  accuracy = 0.9330  (prec=0.8332, rec=0.9584)
  tp=4856 fp=972 fn=211 tn=11625

[save] D:\Users\dust\Documents\학교\2026년도1학기\컴퓨터비전\실습\FoundationStereo\experiments\ds_v1_seed0/computer_room_v43\submodel
  pred_mask.png, panel.png, metrics.json, head.pt
DONE: D:\Users\dust\Documents\학교\2026년도1학기\컴퓨터비전\실습\FoundationStereo\experiments\ds_v1_seed0/computer_room_v43\submodel
[device] cuda
[load] D:\Users\dust\Documents\학교\2026년도1학기\컴퓨터비전\실습\FoundationStereo\experiments\_model\general_head.pt  (train_scenes=['archiviz_baseline080', 'bedroom_baseline080', 'blue_bathroom_baseline080', 'computer_room_baseline080', 'cozy_living_room_baseline080', 'flat-archiviz_baseline080', 'green_house_baseline080', 'gym_baseline080', 'livingroom_baseline080', 'minimal_interior_baseline080', 'scandinavian_baseline080', 'sunlight_baseline080'])

[APPLY] ds_v1_seed0/computer_room_v43  (저장모델로 새 데이터 평가)
  AUC      = 0.9837
  IoU@0.5  = 0.5069
  F1@0.5   = 0.6728
  accuracy = 0.8573  (prec=0.9857, rec=0.5107)
  tp=8639 fp=125 fn=8278 tn=41838
[save] D:\Users\dust\Documents\학교\2026년도1학기\컴퓨터비전\실습\FoundationStereo\experiments\ds_v1_seed0/computer_room_v43\submodel_applied  (pred_mask.png, panel.png, metrics.json)

============================================================
STEP: estimate_mirror_plane
============================================================

============================================================
STEP: viz_ransac_inliers
============================================================

============================================================
STEP: make_mirror_gt_from_depth
============================================================

============================================================
STEP: analyze_features
============================================================

============================================================
STEP: submodel_head
============================================================

============================================================
STEP: apply_submodel
============================================================

DONE: D:\Users\dust\Documents\학교\2026년도1학기\컴퓨터비전\실습\FoundationStereo\experiments\ds_v1_seed0/computer_room_v43 (ok)

##### [45/131] ds_v1_seed0/computer_room_v44  (done 5, fail 0, skip 39, elapsed 4m, ETA 64m) #####
[scene] ds_v1_seed0/computer_room_v44  size=1280x720
[select] mirror 점 개수 = 432827  (mask=432827, valid&depth = 892999)
[conf] mirror 영역 평균 confidence = 0.6952

=== 평면 추정 결과 ===
  [PCA (closed form)]
      normal = [-0.2060, -0.7823, -0.5879]
      d = +2.8377   mirror_depth(perp) = 2.8377 m   view_z = 5.9701 m
      n_inliers = 432827/432827   rms_residual = 0.69237 m
  [RANSAC]
      normal = [+0.3499, +0.0904, -0.9324]
      d = +7.3456   mirror_depth(perp) = 7.3456 m   view_z = 5.9701 m
      n_inliers = 147392/432827   rms_residual = 0.02078 m
  [SVD robust (IRLS)]
      normal = [-0.1851, -0.7732, -0.6065]
      d = +2.9963   mirror_depth(perp) = 2.9963 m   view_z = 5.9701 m
      n_inliers = 36975/432827   rms_residual = 0.04422 m

[save] D:\Users\dust\Documents\학교\2026년도1학기\컴퓨터비전\실습\FoundationStereo\experiments\ds_v1_seed0/computer_room_v44\mirror_geometry\result.json
[save] D:\Users\dust\Documents\학교\2026년도1학기\컴퓨터비전\실습\FoundationStereo\experiments\ds_v1_seed0/computer_room_v44\mirror_geometry\plane.txt
[save] D:\Users\dust\Documents\학교\2026년도1학기\컴퓨터비전\실습\FoundationStereo\experiments\ds_v1_seed0/computer_room_v44\mirror_geometry\viz.png

DONE: D:\Users\dust\Documents\학교\2026년도1학기\컴퓨터비전\실습\FoundationStereo\experiments\ds_v1_seed0/computer_room_v44\mirror_geometry
[ds_v1_seed0/computer_room_v44] 거울 점 432827개 중 inlier 147392 (34.1%) / outlier 285435
  normal=[ 0.35   0.09  -0.932] d=7.346  rms(inlier)=0.0208 m  thr≈0.076 m
[save] D:\Users\dust\Documents\학교\2026년도1학기\컴퓨터비전\실습\FoundationStereo\experiments\ds_v1_seed0/computer_room_v44\mirror_geometry\ransac_inliers.png
[gt] computer_room_v44            perp 3.66m planRMS 0.0029m  normal [0.346, 0.098, -0.933]

생성 1, 건너뜀 0 (depth_gt/mask 없음 등)
[ds_v1_seed0/computer_room_v44] feature 184x320  mirror_frac=0.4708389945652174  feat_left=True
rank  signal              AUC    pol  sep     mean_in     mean_out
  1  post_entropy       0.6745   -  0.3109    0.690372    0.820949
  2  post_conf          0.6232   +  0.2258    0.695023    0.639182
  3  delta_conf         0.5679   +  0.1166    0.300171    0.246411
  4  delta_entropy      0.5631   -  0.1068   -1.316277   -1.144322
  5  delta_argdisp      0.5441   +  0.0654    49.64993   45.398787
  6  pre_entropy        0.5253   +  0.0252    2.006649    1.965271
  7  feat_left_pc2      0.5207   +  0.0545    2.227466    2.046468
  8  feat_left_l2       0.5156   +  0.0433   16.643672   16.381574
  9  feat_left_pc3      0.5109   +  0.0595    1.874027    1.675353
 10  pre_conf            0.509   -  0.0051    0.394853     0.39277
 11  feat_left_pc1      0.5023   -  0.0237    2.394263    2.297996
BEST: post_entropy (AUC=0.6745, polarity=-)
저장: D:\Users\dust\Documents\학교\2026년도1학기\컴퓨터비전\실습\FoundationStereo\experiments\ds_v1_seed0/computer_room_v44\features\report.json / panels.png / mirror_signal.npy
[device] cuda
  [train] epoch 60/300  loss=0.3969
  [train] epoch 120/300  loss=0.2649
  [train] epoch 180/300  loss=0.1850
  [train] epoch 240/300  loss=0.1327
  [train] epoch 300/300  loss=0.0974

[VAL] scene=ds_v1_seed0/computer_room_v44  (pixel 70/30 split)
  AUC      = 0.9929
  IoU@0.5  = 0.9145
  F1@0.5   = 0.9553
  accuracy = 0.9578  (prec=0.9481, rec=0.9627)
  tp=7978 fp=437 fn=309 tn=8940

[save] D:\Users\dust\Documents\학교\2026년도1학기\컴퓨터비전\실습\FoundationStereo\experiments\ds_v1_seed0/computer_room_v44\submodel
  pred_mask.png, panel.png, metrics.json, head.pt
DONE: D:\Users\dust\Documents\학교\2026년도1학기\컴퓨터비전\실습\FoundationStereo\experiments\ds_v1_seed0/computer_room_v44\submodel
[device] cuda
[load] D:\Users\dust\Documents\학교\2026년도1학기\컴퓨터비전\실습\FoundationStereo\experiments\_model\general_head.pt  (train_scenes=['archiviz_baseline080', 'bedroom_baseline080', 'blue_bathroom_baseline080', 'computer_room_baseline080', 'cozy_living_room_baseline080', 'flat-archiviz_baseline080', 'green_house_baseline080', 'gym_baseline080', 'livingroom_baseline080', 'minimal_interior_baseline080', 'scandinavian_baseline080', 'sunlight_baseline080'])

[APPLY] ds_v1_seed0/computer_room_v44  (저장모델로 새 데이터 평가)
  AUC      = 0.9759
  IoU@0.5  = 0.5000
  F1@0.5   = 0.6667
  accuracy = 0.7642  (prec=0.9970, rec=0.5008)
  tp=13883 fp=42 fn=13840 tn=31115
[save] D:\Users\dust\Documents\학교\2026년도1학기\컴퓨터비전\실습\FoundationStereo\experiments\ds_v1_seed0/computer_room_v44\submodel_applied  (pred_mask.png, panel.png, metrics.json)

============================================================
STEP: estimate_mirror_plane
============================================================

============================================================
STEP: viz_ransac_inliers
============================================================

============================================================
STEP: make_mirror_gt_from_depth
============================================================

============================================================
STEP: analyze_features
============================================================

============================================================
STEP: submodel_head
============================================================

============================================================
STEP: apply_submodel
============================================================

DONE: D:\Users\dust\Documents\학교\2026년도1학기\컴퓨터비전\실습\FoundationStereo\experiments\ds_v1_seed0/computer_room_v44 (ok)

##### [46/131] ds_v1_seed0/computer_room_v45  (done 6, fail 0, skip 39, elapsed 5m, ETA 67m) #####
[scene] ds_v1_seed0/computer_room_v45  size=1280x720
[select] mirror 점 개수 = 298115  (mask=309102, valid&depth = 896821)
[conf] mirror 영역 평균 confidence = 0.7333

=== 평면 추정 결과 ===
  [PCA (closed form)]
      normal = [-0.3447, -0.6484, -0.6788]
      d = +2.7328   mirror_depth(perp) = 2.7328 m   view_z = 5.6024 m
      n_inliers = 298115/298115   rms_residual = 0.43420 m
  [RANSAC]
      normal = [-0.8200, +0.0575, -0.5694]
      d = +2.6247   mirror_depth(perp) = 2.6247 m   view_z = 5.6024 m
      n_inliers = 92581/298115   rms_residual = 0.01265 m
  [SVD robust (IRLS)]
      normal = [-0.3553, -0.6225, -0.6973]
      d = +2.8463   mirror_depth(perp) = 2.8463 m   view_z = 5.6024 m
      n_inliers = 39837/298115   rms_residual = 0.03966 m

[save] D:\Users\dust\Documents\학교\2026년도1학기\컴퓨터비전\실습\FoundationStereo\experiments\ds_v1_seed0/computer_room_v45\mirror_geometry\result.json
[save] D:\Users\dust\Documents\학교\2026년도1학기\컴퓨터비전\실습\FoundationStereo\experiments\ds_v1_seed0/computer_room_v45\mirror_geometry\plane.txt
[save] D:\Users\dust\Documents\학교\2026년도1학기\컴퓨터비전\실습\FoundationStereo\experiments\ds_v1_seed0/computer_room_v45\mirror_geometry\viz.png

DONE: D:\Users\dust\Documents\학교\2026년도1학기\컴퓨터비전\실습\FoundationStereo\experiments\ds_v1_seed0/computer_room_v45\mirror_geometry
[ds_v1_seed0/computer_room_v45] 거울 점 298115개 중 inlier 92581 (31.1%) / outlier 205534
  normal=[-0.82   0.057 -0.569] d=2.625  rms(inlier)=0.0127 m  thr≈0.068 m
[save] D:\Users\dust\Documents\학교\2026년도1학기\컴퓨터비전\실습\FoundationStereo\experiments\ds_v1_seed0/computer_room_v45\mirror_geometry\ransac_inliers.png
[gt] computer_room_v45            perp 3.40m planRMS 0.0000m  normal [0.56, 0.184, -0.808]

생성 1, 건너뜀 0 (depth_gt/mask 없음 등)
[ds_v1_seed0/computer_room_v45] feature 184x320  mirror_frac=0.3377717391304348  feat_left=True
rank  signal              AUC    pol  sep     mean_in     mean_out
  1  post_entropy       0.7269   -  0.4065    0.643797    0.774351
  2  post_conf          0.6924   +  0.3529    0.729192    0.650037
  3  delta_conf         0.6059   +  0.1592    0.333897    0.258581
  4  delta_entropy      0.5816   -  0.1734   -1.450114   -1.152134
  5  feat_left_pc1      0.5661   -  0.0859    2.180647    2.523409
  6  feat_left_l2       0.5567   +  0.1027   16.951702   16.343289
  7  pre_entropy        0.5396   +  0.0967    2.093911    1.926485
  8  feat_left_pc2       0.527   +  0.0623    2.229776    2.023156
  9  delta_argdisp      0.5209   +  0.0502   45.741402   42.471558
 10  pre_conf           0.5152   -   0.009    0.395295    0.391457
 11  feat_left_pc3      0.5065   +   0.027    1.780531    1.691861
BEST: post_entropy (AUC=0.7269, polarity=-)
저장: D:\Users\dust\Documents\학교\2026년도1학기\컴퓨터비전\실습\FoundationStereo\experiments\ds_v1_seed0/computer_room_v45\features\report.json / panels.png / mirror_signal.npy
[device] cuda
  [train] epoch 60/300  loss=0.4981
  [train] epoch 120/300  loss=0.3490
  [train] epoch 180/300  loss=0.2528
  [train] epoch 240/300  loss=0.1841
  [train] epoch 300/300  loss=0.1360

[VAL] scene=ds_v1_seed0/computer_room_v45  (pixel 70/30 split)
  AUC      = 0.9906
  IoU@0.5  = 0.8615
  F1@0.5   = 0.9256
  accuracy = 0.9489  (prec=0.9009, rec=0.9517)
  tp=5617 fp=618 fn=285 tn=11144

[save] D:\Users\dust\Documents\학교\2026년도1학기\컴퓨터비전\실습\FoundationStereo\experiments\ds_v1_seed0/computer_room_v45\submodel
  pred_mask.png, panel.png, metrics.json, head.pt
DONE: D:\Users\dust\Documents\학교\2026년도1학기\컴퓨터비전\실습\FoundationStereo\experiments\ds_v1_seed0/computer_room_v45\submodel
[device] cuda
[load] D:\Users\dust\Documents\학교\2026년도1학기\컴퓨터비전\실습\FoundationStereo\experiments\_model\general_head.pt  (train_scenes=['archiviz_baseline080', 'bedroom_baseline080', 'blue_bathroom_baseline080', 'computer_room_baseline080', 'cozy_living_room_baseline080', 'flat-archiviz_baseline080', 'green_house_baseline080', 'gym_baseline080', 'livingroom_baseline080', 'minimal_interior_baseline080', 'scandinavian_baseline080', 'sunlight_baseline080'])

[APPLY] ds_v1_seed0/computer_room_v45  (저장모델로 새 데이터 평가)
  AUC      = 0.9744
  IoU@0.5  = 0.5133
  F1@0.5   = 0.6784
  accuracy = 0.8346  (prec=0.9881, rec=0.5165)
  tp=10273 fp=124 fn=9615 tn=38868
[save] D:\Users\dust\Documents\학교\2026년도1학기\컴퓨터비전\실습\FoundationStereo\experiments\ds_v1_seed0/computer_room_v45\submodel_applied  (pred_mask.png, panel.png, metrics.json)

============================================================
STEP: estimate_mirror_plane
============================================================

============================================================
STEP: viz_ransac_inliers
============================================================

============================================================
STEP: make_mirror_gt_from_depth
============================================================

============================================================
STEP: analyze_features
============================================================

============================================================
STEP: submodel_head
============================================================

============================================================
STEP: apply_submodel
============================================================

DONE: D:\Users\dust\Documents\학교\2026년도1학기\컴퓨터비전\실습\FoundationStereo\experiments\ds_v1_seed0/computer_room_v45 (ok)

##### [47/131] ds_v1_seed0/computer_room_v46  (done 7, fail 0, skip 39, elapsed 5m, ETA 66m) #####
[scene] ds_v1_seed0/computer_room_v46  size=1280x720
[select] mirror 점 개수 = 174178  (mask=182490, valid&depth = 877328)
[conf] mirror 영역 평균 confidence = 0.7121

=== 평면 추정 결과 ===
  [PCA (closed form)]
      normal = [-0.1747, -0.8206, -0.5442]
      d = +1.5504   mirror_depth(perp) = 1.5504 m   view_z = 4.9572 m
      n_inliers = 174178/174178   rms_residual = 0.24823 m
  [RANSAC]
      normal = [+0.0494, -0.9175, -0.3946]
      d = +1.3755   mirror_depth(perp) = 1.3755 m   view_z = 4.9572 m
      n_inliers = 62654/174178   rms_residual = 0.01306 m
  [SVD robust (IRLS)]
      normal = [-0.2122, -0.8029, -0.5571]
      d = +1.5730   mirror_depth(perp) = 1.5730 m   view_z = 4.9572 m
      n_inliers = 34165/174178   rms_residual = 0.03556 m

[save] D:\Users\dust\Documents\학교\2026년도1학기\컴퓨터비전\실습\FoundationStereo\experiments\ds_v1_seed0/computer_room_v46\mirror_geometry\result.json
[save] D:\Users\dust\Documents\학교\2026년도1학기\컴퓨터비전\실습\FoundationStereo\experiments\ds_v1_seed0/computer_room_v46\mirror_geometry\plane.txt
[save] D:\Users\dust\Documents\학교\2026년도1학기\컴퓨터비전\실습\FoundationStereo\experiments\ds_v1_seed0/computer_room_v46\mirror_geometry\viz.png

DONE: D:\Users\dust\Documents\학교\2026년도1학기\컴퓨터비전\실습\FoundationStereo\experiments\ds_v1_seed0/computer_room_v46\mirror_geometry
[ds_v1_seed0/computer_room_v46] 거울 점 174178개 중 inlier 62654 (36.0%) / outlier 111524
  normal=[ 0.049 -0.918 -0.395] d=1.375  rms(inlier)=0.0131 m  thr≈0.061 m
[save] D:\Users\dust\Documents\학교\2026년도1학기\컴퓨터비전\실습\FoundationStereo\experiments\ds_v1_seed0/computer_room_v46\mirror_geometry\ransac_inliers.png
[gt] computer_room_v46            perp 3.19m planRMS 0.0025m  normal [0.604, 0.328, -0.726]

생성 1, 건너뜀 0 (depth_gt/mask 없음 등)
[ds_v1_seed0/computer_room_v46] feature 184x320  mirror_frac=0.19989809782608695  feat_left=True
rank  signal              AUC    pol  sep     mean_in     mean_out
  1  post_entropy       0.7179   -  0.4191    0.670798    0.913042
  2  post_conf          0.6811   +  0.3629    0.708156    0.607052
  3  feat_left_pc1      0.6441   -  0.2277     1.87823    2.762986
  4  feat_left_l2        0.619   +  0.1866   17.442474   16.333549
  5  delta_conf         0.6001   +   0.172    0.282805    0.189253
  6  delta_entropy      0.5971   -  0.2054   -1.315762   -0.926342
  7  delta_argdisp      0.5559   -  0.0679   39.804418   44.176374
  8  pre_entropy        0.5363   +  0.0836     1.98656    1.839385
  9  feat_left_pc3      0.5253   +  0.0463    1.764537    1.624498
 10  pre_conf           0.5117   -  0.0168    0.425351    0.417799
 11  feat_left_pc2      0.5012   +  0.0226    2.147078    2.069352
BEST: post_entropy (AUC=0.7179, polarity=-)
저장: D:\Users\dust\Documents\학교\2026년도1학기\컴퓨터비전\실습\FoundationStereo\experiments\ds_v1_seed0/computer_room_v46\features\report.json / panels.png / mirror_signal.npy
[device] cuda
  [train] epoch 60/300  loss=0.6291
  [train] epoch 120/300  loss=0.4841
  [train] epoch 180/300  loss=0.3751
  [train] epoch 240/300  loss=0.2847
  [train] epoch 300/300  loss=0.2137

[VAL] scene=ds_v1_seed0/computer_room_v46  (pixel 70/30 split)
  AUC      = 0.9851
  IoU@0.5  = 0.7339
  F1@0.5   = 0.8465
  accuracy = 0.9323  (prec=0.7665, rec=0.9452)
  tp=3296 fp=1004 fn=191 tn=13173

[save] D:\Users\dust\Documents\학교\2026년도1학기\컴퓨터비전\실습\FoundationStereo\experiments\ds_v1_seed0/computer_room_v46\submodel
  pred_mask.png, panel.png, metrics.json, head.pt
DONE: D:\Users\dust\Documents\학교\2026년도1학기\컴퓨터비전\실습\FoundationStereo\experiments\ds_v1_seed0/computer_room_v46\submodel
[device] cuda
[load] D:\Users\dust\Documents\학교\2026년도1학기\컴퓨터비전\실습\FoundationStereo\experiments\_model\general_head.pt  (train_scenes=['archiviz_baseline080', 'bedroom_baseline080', 'blue_bathroom_baseline080', 'computer_room_baseline080', 'cozy_living_room_baseline080', 'flat-archiviz_baseline080', 'green_house_baseline080', 'gym_baseline080', 'livingroom_baseline080', 'minimal_interior_baseline080', 'scandinavian_baseline080', 'sunlight_baseline080'])

[APPLY] ds_v1_seed0/computer_room_v46  (저장모델로 새 데이터 평가)
  AUC      = 0.9740
  IoU@0.5  = 0.5076
  F1@0.5   = 0.6734
  accuracy = 0.8996  (prec=0.9630, rec=0.5177)
  tp=6093 fp=234 fn=5677 tn=46876
[save] D:\Users\dust\Documents\학교\2026년도1학기\컴퓨터비전\실습\FoundationStereo\experiments\ds_v1_seed0/computer_room_v46\submodel_applied  (pred_mask.png, panel.png, metrics.json)

============================================================
STEP: estimate_mirror_plane
============================================================

============================================================
STEP: viz_ransac_inliers
============================================================

============================================================
STEP: make_mirror_gt_from_depth
============================================================

============================================================
STEP: analyze_features
============================================================

============================================================
STEP: submodel_head
============================================================

============================================================
STEP: apply_submodel
============================================================

DONE: D:\Users\dust\Documents\학교\2026년도1학기\컴퓨터비전\실습\FoundationStereo\experiments\ds_v1_seed0/computer_room_v46 (ok)

##### [48/131] ds_v1_seed0/computer_room_v47  (done 8, fail 0, skip 39, elapsed 6m, ETA 63m) #####
[scene] ds_v1_seed0/computer_room_v47  size=1280x720
[select] mirror 점 개수 = 215343  (mask=215343, valid&depth = 875918)
[conf] mirror 영역 평균 confidence = 0.7369

=== 평면 추정 결과 ===
  [PCA (closed form)]
      normal = [-0.1093, -0.8922, -0.4382]
      d = +1.2851   mirror_depth(perp) = 1.2851 m   view_z = 5.3280 m
      n_inliers = 215343/215343   rms_residual = 0.30451 m
  [RANSAC]
      normal = [-0.0851, -0.9249, -0.3705]
      d = +1.2877   mirror_depth(perp) = 1.2877 m   view_z = 5.3280 m
      n_inliers = 58790/215343   rms_residual = 0.02071 m
  [SVD robust (IRLS)]
      normal = [-0.1375, -0.8769, -0.4605]
      d = +1.3773   mirror_depth(perp) = 1.3773 m   view_z = 5.3280 m
      n_inliers = 30359/215343   rms_residual = 0.03989 m

[save] D:\Users\dust\Documents\학교\2026년도1학기\컴퓨터비전\실습\FoundationStereo\experiments\ds_v1_seed0/computer_room_v47\mirror_geometry\result.json
[save] D:\Users\dust\Documents\학교\2026년도1학기\컴퓨터비전\실습\FoundationStereo\experiments\ds_v1_seed0/computer_room_v47\mirror_geometry\plane.txt
[save] D:\Users\dust\Documents\학교\2026년도1학기\컴퓨터비전\실습\FoundationStereo\experiments\ds_v1_seed0/computer_room_v47\mirror_geometry\viz.png

DONE: D:\Users\dust\Documents\학교\2026년도1학기\컴퓨터비전\실습\FoundationStereo\experiments\ds_v1_seed0/computer_room_v47\mirror_geometry
[ds_v1_seed0/computer_room_v47] 거울 점 215343개 중 inlier 58790 (27.3%) / outlier 156553
  normal=[-0.085 -0.925 -0.37 ] d=1.288  rms(inlier)=0.0207 m  thr≈0.068 m
[save] D:\Users\dust\Documents\학교\2026년도1학기\컴퓨터비전\실습\FoundationStereo\experiments\ds_v1_seed0/computer_room_v47\mirror_geometry\ransac_inliers.png
[gt] computer_room_v47            perp 3.46m planRMS 0.0046m  normal [0.232, 0.355, -0.906]

생성 1, 건너뜀 0 (depth_gt/mask 없음 등)
[ds_v1_seed0/computer_room_v47] feature 184x320  mirror_frac=0.2354110054347826  feat_left=True
rank  signal              AUC    pol  sep     mean_in     mean_out
  1  post_entropy       0.8326   -  0.6062    0.649772    0.950557
  2  post_conf          0.7905   +  0.5726    0.736199     0.58843
  3  feat_left_l2        0.696   +  0.2924   17.845242   15.905835
  4  delta_conf         0.6865   +  0.3274    0.330852    0.164867
  5  feat_left_pc1      0.6813   -  0.2788    1.946899    3.056212
  6  delta_entropy      0.6397   -  0.2389   -1.247667   -0.865995
  7  feat_left_pc3      0.5846   +  0.1547    1.984586     1.49627
  8  delta_argdisp      0.5728   -  0.1176   40.145228   47.254515
  9  pre_entropy        0.5576   +  0.0541    1.897439    1.816552
 10  pre_conf            0.542   -   0.044    0.405347    0.423563
 11  feat_left_pc2      0.5003   +  0.0079    2.243947    2.212605
BEST: post_entropy (AUC=0.8326, polarity=-)
저장: D:\Users\dust\Documents\학교\2026년도1학기\컴퓨터비전\실습\FoundationStereo\experiments\ds_v1_seed0/computer_room_v47\features\report.json / panels.png / mirror_signal.npy
[device] cuda
  [train] epoch 60/300  loss=0.5160
  [train] epoch 120/300  loss=0.4060
  [train] epoch 180/300  loss=0.3287
  [train] epoch 240/300  loss=0.2581
  [train] epoch 300/300  loss=0.1980

[VAL] scene=ds_v1_seed0/computer_room_v47  (pixel 70/30 split)
  AUC      = 0.9877
  IoU@0.5  = 0.7772
  F1@0.5   = 0.8746
  accuracy = 0.9339  (prec=0.7959, rec=0.9707)
  tp=4071 fp=1044 fn=123 tn=12426

[save] D:\Users\dust\Documents\학교\2026년도1학기\컴퓨터비전\실습\FoundationStereo\experiments\ds_v1_seed0/computer_room_v47\submodel
  pred_mask.png, panel.png, metrics.json, head.pt
DONE: D:\Users\dust\Documents\학교\2026년도1학기\컴퓨터비전\실습\FoundationStereo\experiments\ds_v1_seed0/computer_room_v47\submodel
[device] cuda
[load] D:\Users\dust\Documents\학교\2026년도1학기\컴퓨터비전\실습\FoundationStereo\experiments\_model\general_head.pt  (train_scenes=['archiviz_baseline080', 'bedroom_baseline080', 'blue_bathroom_baseline080', 'computer_room_baseline080', 'cozy_living_room_baseline080', 'flat-archiviz_baseline080', 'green_house_baseline080', 'gym_baseline080', 'livingroom_baseline080', 'minimal_interior_baseline080', 'scandinavian_baseline080', 'sunlight_baseline080'])

[APPLY] ds_v1_seed0/computer_room_v47  (저장모델로 새 데이터 평가)
  AUC      = 0.9856
  IoU@0.5  = 0.5911
  F1@0.5   = 0.7430
  accuracy = 0.9024  (prec=0.9779, rec=0.5991)
  tp=8304 fp=188 fn=5557 tn=44831
[save] D:\Users\dust\Documents\학교\2026년도1학기\컴퓨터비전\실습\FoundationStereo\experiments\ds_v1_seed0/computer_room_v47\submodel_applied  (pred_mask.png, panel.png, metrics.json)

============================================================
STEP: estimate_mirror_plane
============================================================

============================================================
STEP: viz_ransac_inliers
============================================================

============================================================
STEP: make_mirror_gt_from_depth
============================================================

============================================================
STEP: analyze_features
============================================================

============================================================
STEP: submodel_head
============================================================

============================================================
STEP: apply_submodel
============================================================

DONE: D:\Users\dust\Documents\학교\2026년도1학기\컴퓨터비전\실습\FoundationStereo\experiments\ds_v1_seed0/computer_room_v47 (ok)

##### [49/131] ds_v1_seed0/computer_room_v48  (done 9, fail 0, skip 39, elapsed 7m, ETA 62m) #####
[scene] ds_v1_seed0/computer_room_v48  size=1280x720
[select] mirror 점 개수 = 205666  (mask=213672, valid&depth = 890207)
[conf] mirror 영역 평균 confidence = 0.7334

=== 평면 추정 결과 ===
  [PCA (closed form)]
      normal = [-0.2570, -0.7445, -0.6162]
      d = +2.2150   mirror_depth(perp) = 2.2150 m   view_z = 5.6189 m
      n_inliers = 205666/205666   rms_residual = 0.33429 m
  [RANSAC]
      normal = [+0.4671, +0.2640, -0.8438]
      d = +7.3873   mirror_depth(perp) = 7.3873 m   view_z = 5.6189 m
      n_inliers = 54589/205666   rms_residual = 0.01933 m
  [SVD robust (IRLS)]
      normal = [-0.2785, -0.7134, -0.6431]
      d = +2.3500   mirror_depth(perp) = 2.3500 m   view_z = 5.6189 m
      n_inliers = 38294/205666   rms_residual = 0.03903 m

[save] D:\Users\dust\Documents\학교\2026년도1학기\컴퓨터비전\실습\FoundationStereo\experiments\ds_v1_seed0/computer_room_v48\mirror_geometry\result.json
[save] D:\Users\dust\Documents\학교\2026년도1학기\컴퓨터비전\실습\FoundationStereo\experiments\ds_v1_seed0/computer_room_v48\mirror_geometry\plane.txt
[save] D:\Users\dust\Documents\학교\2026년도1학기\컴퓨터비전\실습\FoundationStereo\experiments\ds_v1_seed0/computer_room_v48\mirror_geometry\viz.png

DONE: D:\Users\dust\Documents\학교\2026년도1학기\컴퓨터비전\실습\FoundationStereo\experiments\ds_v1_seed0/computer_room_v48\mirror_geometry
[ds_v1_seed0/computer_room_v48] 거울 점 205666개 중 inlier 54589 (26.5%) / outlier 151077
  normal=[ 0.467  0.264 -0.844] d=7.387  rms(inlier)=0.0193 m  thr≈0.068 m
[save] D:\Users\dust\Documents\학교\2026년도1학기\컴퓨터비전\실습\FoundationStereo\experiments\ds_v1_seed0/computer_room_v48\mirror_geometry\ransac_inliers.png
[gt] computer_room_v48            perp 3.64m planRMS 0.0025m  normal [0.536, 0.251, -0.806]

생성 1, 건너뜀 0 (depth_gt/mask 없음 등)
[ds_v1_seed0/computer_room_v48] feature 184x320  mirror_frac=0.2339164402173913  feat_left=True
rank  signal              AUC    pol  sep     mean_in     mean_out
  1  post_entropy       0.7718   -   0.476    0.635573    0.847089
  2  post_conf          0.7178   +   0.417     0.73038    0.626733
  3  delta_conf          0.652   +  0.2498    0.358296    0.234089
  4  delta_entropy      0.6359   -  0.2676   -1.573608   -1.093252
  5  feat_left_pc1      0.5929   -  0.1498    1.861068    2.451049
  6  pre_entropy        0.5776   +  0.1535    2.209181     1.94034
  7  pre_conf            0.553   -  0.0481    0.372084    0.392645
  8  feat_left_pc3      0.5358   -   0.057     1.57819    1.767934
  9  feat_left_l2       0.5317   +  0.0523   16.800681   16.505223
 10  feat_left_pc2      0.5276   +  0.0555    2.191776    2.018458
 11  delta_argdisp      0.5212   +   0.058   45.327597   41.536258
BEST: post_entropy (AUC=0.7718, polarity=-)
저장: D:\Users\dust\Documents\학교\2026년도1학기\컴퓨터비전\실습\FoundationStereo\experiments\ds_v1_seed0/computer_room_v48\features\report.json / panels.png / mirror_signal.npy
[device] cuda
  [train] epoch 60/300  loss=0.5713
  [train] epoch 120/300  loss=0.4198
  [train] epoch 180/300  loss=0.3215
  [train] epoch 240/300  loss=0.2479
  [train] epoch 300/300  loss=0.1914

[VAL] scene=ds_v1_seed0/computer_room_v48  (pixel 70/30 split)
  AUC      = 0.9850
  IoU@0.5  = 0.7675
  F1@0.5   = 0.8685
  accuracy = 0.9339  (prec=0.8040, rec=0.9442)
  tp=3856 fp=940 fn=228 tn=12640

[save] D:\Users\dust\Documents\학교\2026년도1학기\컴퓨터비전\실습\FoundationStereo\experiments\ds_v1_seed0/computer_room_v48\submodel
  pred_mask.png, panel.png, metrics.json, head.pt
DONE: D:\Users\dust\Documents\학교\2026년도1학기\컴퓨터비전\실습\FoundationStereo\experiments\ds_v1_seed0/computer_room_v48\submodel
[device] cuda
[load] D:\Users\dust\Documents\학교\2026년도1학기\컴퓨터비전\실습\FoundationStereo\experiments\_model\general_head.pt  (train_scenes=['archiviz_baseline080', 'bedroom_baseline080', 'blue_bathroom_baseline080', 'computer_room_baseline080', 'cozy_living_room_baseline080', 'flat-archiviz_baseline080', 'green_house_baseline080', 'gym_baseline080', 'livingroom_baseline080', 'minimal_interior_baseline080', 'scandinavian_baseline080', 'sunlight_baseline080'])

[APPLY] ds_v1_seed0/computer_room_v48  (저장모델로 새 데이터 평가)
  AUC      = 0.9818
  IoU@0.5  = 0.5859
  F1@0.5   = 0.7389
  accuracy = 0.9007  (prec=0.9605, rec=0.6004)
  tp=8269 fp=340 fn=5504 tn=44767
[save] D:\Users\dust\Documents\학교\2026년도1학기\컴퓨터비전\실습\FoundationStereo\experiments\ds_v1_seed0/computer_room_v48\submodel_applied  (pred_mask.png, panel.png, metrics.json)

============================================================
STEP: estimate_mirror_plane
============================================================

============================================================
STEP: viz_ransac_inliers
============================================================

============================================================
STEP: make_mirror_gt_from_depth
============================================================

============================================================
STEP: analyze_features
============================================================

============================================================
STEP: submodel_head
============================================================

============================================================
STEP: apply_submodel
============================================================

DONE: D:\Users\dust\Documents\학교\2026년도1학기\컴퓨터비전\실습\FoundationStereo\experiments\ds_v1_seed0/computer_room_v48 (ok)

##### [50/131] ds_v1_seed0/computer_room_v49  (done 10, fail 0, skip 39, elapsed 7m, ETA 61m) #####
[scene] ds_v1_seed0/computer_room_v49  size=1280x720
[select] mirror 점 개수 = 346590  (mask=357581, valid&depth = 898462)
[conf] mirror 영역 평균 confidence = 0.7327

=== 평면 추정 결과 ===
  [PCA (closed form)]
      normal = [-0.1766, -0.7884, -0.5892]
      d = +2.5285   mirror_depth(perp) = 2.5285 m   view_z = 5.7800 m
      n_inliers = 346590/346590   rms_residual = 0.49198 m
  [RANSAC]
      normal = [+0.4324, +0.1761, -0.8843]
      d = +7.2717   mirror_depth(perp) = 7.2717 m   view_z = 5.7800 m
      n_inliers = 131897/346590   rms_residual = 0.02284 m
  [SVD robust (IRLS)]
      normal = [-0.1569, -0.7827, -0.6023]
      d = +2.6266   mirror_depth(perp) = 2.6266 m   view_z = 5.7800 m
      n_inliers = 42195/346590   rms_residual = 0.04330 m

[save] D:\Users\dust\Documents\학교\2026년도1학기\컴퓨터비전\실습\FoundationStereo\experiments\ds_v1_seed0/computer_room_v49\mirror_geometry\result.json
[save] D:\Users\dust\Documents\학교\2026년도1학기\컴퓨터비전\실습\FoundationStereo\experiments\ds_v1_seed0/computer_room_v49\mirror_geometry\plane.txt
[save] D:\Users\dust\Documents\학교\2026년도1학기\컴퓨터비전\실습\FoundationStereo\experiments\ds_v1_seed0/computer_room_v49\mirror_geometry\viz.png

DONE: D:\Users\dust\Documents\학교\2026년도1학기\컴퓨터비전\실습\FoundationStereo\experiments\ds_v1_seed0/computer_room_v49\mirror_geometry
[ds_v1_seed0/computer_room_v49] 거울 점 346590개 중 inlier 131897 (38.1%) / outlier 214693
  normal=[ 0.432  0.176 -0.884] d=7.272  rms(inlier)=0.0228 m  thr≈0.074 m
[save] D:\Users\dust\Documents\학교\2026년도1학기\컴퓨터비전\실습\FoundationStereo\experiments\ds_v1_seed0/computer_room_v49\mirror_geometry\ransac_inliers.png
[gt] computer_room_v49            perp 3.57m planRMS 0.0000m  normal [0.435, 0.198, -0.878]

생성 1, 건너뜀 0 (depth_gt/mask 없음 등)
[ds_v1_seed0/computer_room_v49] feature 184x320  mirror_frac=0.3906419836956522  feat_left=True
rank  signal              AUC    pol  sep     mean_in     mean_out
  1  post_entropy       0.7008   -   0.372    0.642127    0.797245
  2  post_conf          0.6834   +  0.3527      0.7289    0.643725
  3  delta_conf         0.6281   +  0.2115    0.344937    0.245169
  4  delta_entropy      0.6124   -  0.2259   -1.473398   -1.097878
  5  pre_entropy        0.5649   +  0.1327    2.115525    1.895123
  6  delta_argdisp      0.5648   +  0.0997   51.407113    44.88333
  7  pre_conf           0.5397   -  0.0352    0.383963    0.398556
  8  feat_left_pc1      0.5384   -  0.0667    2.075052    2.353998
  9  feat_left_l2       0.5282   +  0.0405   16.663323   16.424237
 10  feat_left_pc2      0.5067   +   0.006    2.097922    2.077661
 11  feat_left_pc3      0.5045   +  0.0128    1.807475    1.766557
BEST: post_entropy (AUC=0.7008, polarity=-)
저장: D:\Users\dust\Documents\학교\2026년도1학기\컴퓨터비전\실습\FoundationStereo\experiments\ds_v1_seed0/computer_room_v49\features\report.json / panels.png / mirror_signal.npy
[device] cuda
  [train] epoch 60/300  loss=0.4467
  [train] epoch 120/300  loss=0.3137
  [train] epoch 180/300  loss=0.2321
  [train] epoch 240/300  loss=0.1750
  [train] epoch 300/300  loss=0.1333

[VAL] scene=ds_v1_seed0/computer_room_v49  (pixel 70/30 split)
  AUC      = 0.9906
  IoU@0.5  = 0.8759
  F1@0.5   = 0.9338
  accuracy = 0.9476  (prec=0.9113, rec=0.9575)
  tp=6536 fp=636 fn=290 tn=10202

[save] D:\Users\dust\Documents\학교\2026년도1학기\컴퓨터비전\실습\FoundationStereo\experiments\ds_v1_seed0/computer_room_v49\submodel
  pred_mask.png, panel.png, metrics.json, head.pt
DONE: D:\Users\dust\Documents\학교\2026년도1학기\컴퓨터비전\실습\FoundationStereo\experiments\ds_v1_seed0/computer_room_v49\submodel
[device] cuda
[load] D:\Users\dust\Documents\학교\2026년도1학기\컴퓨터비전\실습\FoundationStereo\experiments\_model\general_head.pt  (train_scenes=['archiviz_baseline080', 'bedroom_baseline080', 'blue_bathroom_baseline080', 'computer_room_baseline080', 'cozy_living_room_baseline080', 'flat-archiviz_baseline080', 'green_house_baseline080', 'gym_baseline080', 'livingroom_baseline080', 'minimal_interior_baseline080', 'scandinavian_baseline080', 'sunlight_baseline080'])

[APPLY] ds_v1_seed0/computer_room_v49  (저장모델로 새 데이터 평가)
  AUC      = 0.9793
  IoU@0.5  = 0.5177
  F1@0.5   = 0.6822
  accuracy = 0.8108  (prec=0.9915, rec=0.5200)
  tp=11961 fp=103 fn=11040 tn=35776
[save] D:\Users\dust\Documents\학교\2026년도1학기\컴퓨터비전\실습\FoundationStereo\experiments\ds_v1_seed0/computer_room_v49\submodel_applied  (pred_mask.png, panel.png, metrics.json)

============================================================
STEP: estimate_mirror_plane
============================================================

============================================================
STEP: viz_ransac_inliers
============================================================

============================================================
STEP: make_mirror_gt_from_depth
============================================================

============================================================
STEP: analyze_features
============================================================

============================================================
STEP: submodel_head
============================================================

============================================================
STEP: apply_submodel
============================================================

DONE: D:\Users\dust\Documents\학교\2026년도1학기\컴퓨터비전\실습\FoundationStereo\experiments\ds_v1_seed0/computer_room_v49 (ok)

##### [51/131] ds_v1_seed0/computer_room_v50  (done 11, fail 0, skip 39, elapsed 8m, ETA 61m) #####
[scene] ds_v1_seed0/computer_room_v50  size=1280x720
[select] mirror 점 개수 = 129924  (mask=136642, valid&depth = 881580)
[conf] mirror 영역 평균 confidence = 0.7165

=== 평면 추정 결과 ===
  [PCA (closed form)]
      normal = [-0.1934, -0.8242, -0.5322]
      d = +1.3614   mirror_depth(perp) = 1.3614 m   view_z = 4.9528 m
      n_inliers = 129924/129924   rms_residual = 0.22992 m
  [RANSAC]
      normal = [+0.0624, -0.9096, -0.4109]
      d = +1.4109   mirror_depth(perp) = 1.4109 m   view_z = 4.9528 m
      n_inliers = 48535/129924   rms_residual = 0.01221 m
  [SVD robust (IRLS)]
      normal = [-0.2396, -0.8027, -0.5461]
      d = +1.3766   mirror_depth(perp) = 1.3766 m   view_z = 4.9528 m
      n_inliers = 31867/129924   rms_residual = 0.03570 m

[save] D:\Users\dust\Documents\학교\2026년도1학기\컴퓨터비전\실습\FoundationStereo\experiments\ds_v1_seed0/computer_room_v50\mirror_geometry\result.json
[save] D:\Users\dust\Documents\학교\2026년도1학기\컴퓨터비전\실습\FoundationStereo\experiments\ds_v1_seed0/computer_room_v50\mirror_geometry\plane.txt
[save] D:\Users\dust\Documents\학교\2026년도1학기\컴퓨터비전\실습\FoundationStereo\experiments\ds_v1_seed0/computer_room_v50\mirror_geometry\viz.png

DONE: D:\Users\dust\Documents\학교\2026년도1학기\컴퓨터비전\실습\FoundationStereo\experiments\ds_v1_seed0/computer_room_v50\mirror_geometry
[ds_v1_seed0/computer_room_v50] 거울 점 129924개 중 inlier 48535 (37.4%) / outlier 81389
  normal=[ 0.062 -0.91  -0.411] d=1.411  rms(inlier)=0.0122 m  thr≈0.062 m
[save] D:\Users\dust\Documents\학교\2026년도1학기\컴퓨터비전\실습\FoundationStereo\experiments\ds_v1_seed0/computer_room_v50\mirror_geometry\ransac_inliers.png
[gt] computer_room_v50            perp 3.39m planRMS 0.0013m  normal [0.633, 0.343, -0.694]

생성 1, 건너뜀 0 (depth_gt/mask 없음 등)
[ds_v1_seed0/computer_room_v50] feature 184x320  mirror_frac=0.14991508152173913  feat_left=True
rank  signal              AUC    pol  sep     mean_in     mean_out
  1  post_entropy       0.7347   -  0.3938    0.661494    0.854594
  2  post_conf          0.6767   +  0.3367    0.713882    0.628504
  3  feat_left_pc1      0.6279   -  0.2194    1.810732    2.632092
  4  delta_entropy      0.5973   -  0.2113   -1.475501   -1.065634
  5  delta_conf         0.5962   +  0.1526     0.30989    0.229241
  6  feat_left_l2       0.5715   +  0.1022   17.091633   16.511432
  7  pre_entropy        0.5486   +  0.1154    2.136995    1.920229
  8  feat_left_pc3      0.5282   -  0.0717    1.515089    1.730207
  9  pre_conf           0.5217   -  0.0103    0.403992    0.399263
 10  delta_argdisp      0.5216   +  0.0568   46.945395   43.129423
 11  feat_left_pc2      0.5204   +   0.037     2.17114    2.053467
BEST: post_entropy (AUC=0.7347, polarity=-)
저장: D:\Users\dust\Documents\학교\2026년도1학기\컴퓨터비전\실습\FoundationStereo\experiments\ds_v1_seed0/computer_room_v50\features\report.json / panels.png / mirror_signal.npy
[device] cuda
  [train] epoch 60/300  loss=0.6523
  [train] epoch 120/300  loss=0.4660
  [train] epoch 180/300  loss=0.3471
  [train] epoch 240/300  loss=0.2604
  [train] epoch 300/300  loss=0.1956

[VAL] scene=ds_v1_seed0/computer_room_v50  (pixel 70/30 split)
  AUC      = 0.9845
  IoU@0.5  = 0.6846
  F1@0.5   = 0.8128
  accuracy = 0.9367  (prec=0.7259, rec=0.9232)
  tp=2429 fp=917 fn=202 tn=14116

[save] D:\Users\dust\Documents\학교\2026년도1학기\컴퓨터비전\실습\FoundationStereo\experiments\ds_v1_seed0/computer_room_v50\submodel
  pred_mask.png, panel.png, metrics.json, head.pt
DONE: D:\Users\dust\Documents\학교\2026년도1학기\컴퓨터비전\실습\FoundationStereo\experiments\ds_v1_seed0/computer_room_v50\submodel
[device] cuda
[load] D:\Users\dust\Documents\학교\2026년도1학기\컴퓨터비전\실습\FoundationStereo\experiments\_model\general_head.pt  (train_scenes=['archiviz_baseline080', 'bedroom_baseline080', 'blue_bathroom_baseline080', 'computer_room_baseline080', 'cozy_living_room_baseline080', 'flat-archiviz_baseline080', 'green_house_baseline080', 'gym_baseline080', 'livingroom_baseline080', 'minimal_interior_baseline080', 'scandinavian_baseline080', 'sunlight_baseline080'])

[APPLY] ds_v1_seed0/computer_room_v50  (저장모델로 새 데이터 평가)
  AUC      = 0.9745
  IoU@0.5  = 0.4761
  F1@0.5   = 0.6450
  accuracy = 0.9195  (prec=0.9522, rec=0.4877)
  tp=4305 fp=216 fn=4522 tn=49837
[save] D:\Users\dust\Documents\학교\2026년도1학기\컴퓨터비전\실습\FoundationStereo\experiments\ds_v1_seed0/computer_room_v50\submodel_applied  (pred_mask.png, panel.png, metrics.json)

============================================================
STEP: estimate_mirror_plane
============================================================

============================================================
STEP: viz_ransac_inliers
============================================================

============================================================
STEP: make_mirror_gt_from_depth
============================================================

============================================================
STEP: analyze_features
============================================================

============================================================
STEP: submodel_head
============================================================

============================================================
STEP: apply_submodel
============================================================

DONE: D:\Users\dust\Documents\학교\2026년도1학기\컴퓨터비전\실습\FoundationStereo\experiments\ds_v1_seed0/computer_room_v50 (ok)

##### [52/131] ds_v1_seed0/computer_room_v51  (done 12, fail 0, skip 39, elapsed 9m, ETA 58m) #####
[scene] ds_v1_seed0/computer_room_v51  size=1280x720
[select] mirror 점 개수 = 452472  (mask=452472, valid&depth = 889500)
[conf] mirror 영역 평균 confidence = 0.7063

=== 평면 추정 결과 ===
  [PCA (closed form)]
      normal = [-0.1646, -0.8719, -0.4612]
      d = +1.9236   mirror_depth(perp) = 1.9236 m   view_z = 5.4638 m
      n_inliers = 452472/452472   rms_residual = 0.62311 m
  [RANSAC]
      normal = [+0.2433, +0.1253, -0.9618]
      d = +6.8946   mirror_depth(perp) = 6.8946 m   view_z = 5.4638 m
      n_inliers = 158764/452472   rms_residual = 0.02104 m
  [SVD robust (IRLS)]
      normal = [-0.2083, -0.8289, -0.5192]
      d = +2.2557   mirror_depth(perp) = 2.2557 m   view_z = 5.4638 m
      n_inliers = 45075/452472   rms_residual = 0.04321 m

[save] D:\Users\dust\Documents\학교\2026년도1학기\컴퓨터비전\실습\FoundationStereo\experiments\ds_v1_seed0/computer_room_v51\mirror_geometry\result.json
[save] D:\Users\dust\Documents\학교\2026년도1학기\컴퓨터비전\실습\FoundationStereo\experiments\ds_v1_seed0/computer_room_v51\mirror_geometry\plane.txt
[save] D:\Users\dust\Documents\학교\2026년도1학기\컴퓨터비전\실습\FoundationStereo\experiments\ds_v1_seed0/computer_room_v51\mirror_geometry\viz.png

DONE: D:\Users\dust\Documents\학교\2026년도1학기\컴퓨터비전\실습\FoundationStereo\experiments\ds_v1_seed0/computer_room_v51\mirror_geometry
[ds_v1_seed0/computer_room_v51] 거울 점 452472개 중 inlier 158764 (35.1%) / outlier 293708
  normal=[ 0.243  0.125 -0.962] d=6.895  rms(inlier)=0.0210 m  thr≈0.074 m
[save] D:\Users\dust\Documents\학교\2026년도1학기\컴퓨터비전\실습\FoundationStereo\experiments\ds_v1_seed0/computer_room_v51\mirror_geometry\ransac_inliers.png
[gt] computer_room_v51            perp 3.18m planRMS 0.0007m  normal [0.25, 0.117, -0.961]

생성 1, 건너뜀 0 (depth_gt/mask 없음 등)
[ds_v1_seed0/computer_room_v51] feature 184x320  mirror_frac=0.4934952445652174  feat_left=True
rank  signal              AUC    pol  sep     mean_in     mean_out
  1  post_entropy        0.735   -  0.4063    0.683306    0.856416
  2  post_conf          0.6829   +   0.343    0.705673    0.619686
  3  delta_conf         0.6313   +  0.2285    0.317024     0.21173
  4  delta_entropy      0.5988   -  0.1441   -1.281435   -1.055746
  5  feat_left_l2        0.566   +  0.1279   16.871306   16.094917
  6  feat_left_pc3      0.5565   +  0.1197    1.927191    1.534916
  7  feat_left_pc1      0.5503   -  0.0476    2.349962    2.541356
  8  delta_argdisp       0.545   +  0.0719   48.619369    44.05194
  9  pre_entropy        0.5439   +  0.0338    1.964741    1.912162
 10  pre_conf           0.5371   -  0.0484    0.388649    0.407956
 11  feat_left_pc2      0.5341   +  0.0863    2.308426    2.020887
BEST: post_entropy (AUC=0.735, polarity=-)
저장: D:\Users\dust\Documents\학교\2026년도1학기\컴퓨터비전\실습\FoundationStereo\experiments\ds_v1_seed0/computer_room_v51\features\report.json / panels.png / mirror_signal.npy
[device] cuda
  [train] epoch 60/300  loss=0.3671
  [train] epoch 120/300  loss=0.2536
  [train] epoch 180/300  loss=0.1797
  [train] epoch 240/300  loss=0.1298
  [train] epoch 300/300  loss=0.0958

[VAL] scene=ds_v1_seed0/computer_room_v51  (pixel 70/30 split)
  AUC      = 0.9930
  IoU@0.5  = 0.9188
  F1@0.5   = 0.9577
  accuracy = 0.9583  (prec=0.9550, rec=0.9604)
  tp=8336 fp=393 fn=344 tn=8591

[save] D:\Users\dust\Documents\학교\2026년도1학기\컴퓨터비전\실습\FoundationStereo\experiments\ds_v1_seed0/computer_room_v51\submodel
  pred_mask.png, panel.png, metrics.json, head.pt
DONE: D:\Users\dust\Documents\학교\2026년도1학기\컴퓨터비전\실습\FoundationStereo\experiments\ds_v1_seed0/computer_room_v51\submodel
[device] cuda
[load] D:\Users\dust\Documents\학교\2026년도1학기\컴퓨터비전\실습\FoundationStereo\experiments\_model\general_head.pt  (train_scenes=['archiviz_baseline080', 'bedroom_baseline080', 'blue_bathroom_baseline080', 'computer_room_baseline080', 'cozy_living_room_baseline080', 'flat-archiviz_baseline080', 'green_house_baseline080', 'gym_baseline080', 'livingroom_baseline080', 'minimal_interior_baseline080', 'scandinavian_baseline080', 'sunlight_baseline080'])

[APPLY] ds_v1_seed0/computer_room_v51  (저장모델로 새 데이터 평가)
  AUC      = 0.9733
  IoU@0.5  = 0.4429
  F1@0.5   = 0.6139
  accuracy = 0.7248  (prec=0.9983, rec=0.4432)
  tp=12878 fp=22 fn=16179 tn=29801
[save] D:\Users\dust\Documents\학교\2026년도1학기\컴퓨터비전\실습\FoundationStereo\experiments\ds_v1_seed0/computer_room_v51\submodel_applied  (pred_mask.png, panel.png, metrics.json)

============================================================
STEP: estimate_mirror_plane
============================================================

============================================================
STEP: viz_ransac_inliers
============================================================

============================================================
STEP: make_mirror_gt_from_depth
============================================================

============================================================
STEP: analyze_features
============================================================

============================================================
STEP: submodel_head
============================================================

============================================================
STEP: apply_submodel
============================================================

DONE: D:\Users\dust\Documents\학교\2026년도1학기\컴퓨터비전\실습\FoundationStereo\experiments\ds_v1_seed0/computer_room_v51 (ok)

##### [53/131] ds_v1_seed0/computer_room_v52  (done 13, fail 0, skip 39, elapsed 10m, ETA 59m) #####
[scene] ds_v1_seed0/computer_room_v52  size=1280x720
[select] mirror 점 개수 = 401326  (mask=401326, valid&depth = 888134)
[conf] mirror 영역 평균 confidence = 0.7220

=== 평면 추정 결과 ===
  [PCA (closed form)]
      normal = [-0.1770, -0.8228, -0.5400]
      d = +2.2464   mirror_depth(perp) = 2.2464 m   view_z = 5.4649 m
      n_inliers = 401326/401326   rms_residual = 0.50678 m
  [RANSAC]
      normal = [+0.3667, +0.1861, -0.9115]
      d = +6.8371   mirror_depth(perp) = 6.8371 m   view_z = 5.4649 m
      n_inliers = 139049/401326   rms_residual = 0.01874 m
  [SVD robust (IRLS)]
      normal = [-0.1761, -0.8102, -0.5591]
      d = +2.3468   mirror_depth(perp) = 2.3468 m   view_z = 5.4649 m
      n_inliers = 45194/401326   rms_residual = 0.04424 m

[save] D:\Users\dust\Documents\학교\2026년도1학기\컴퓨터비전\실습\FoundationStereo\experiments\ds_v1_seed0/computer_room_v52\mirror_geometry\result.json
[save] D:\Users\dust\Documents\학교\2026년도1학기\컴퓨터비전\실습\FoundationStereo\experiments\ds_v1_seed0/computer_room_v52\mirror_geometry\plane.txt
[save] D:\Users\dust\Documents\학교\2026년도1학기\컴퓨터비전\실습\FoundationStereo\experiments\ds_v1_seed0/computer_room_v52\mirror_geometry\viz.png

DONE: D:\Users\dust\Documents\학교\2026년도1학기\컴퓨터비전\실습\FoundationStereo\experiments\ds_v1_seed0/computer_room_v52\mirror_geometry
[ds_v1_seed0/computer_room_v52] 거울 점 401326개 중 inlier 139049 (34.6%) / outlier 262277
  normal=[ 0.367  0.186 -0.912] d=6.837  rms(inlier)=0.0187 m  thr≈0.076 m
[save] D:\Users\dust\Documents\학교\2026년도1학기\컴퓨터비전\실습\FoundationStereo\experiments\ds_v1_seed0/computer_room_v52\mirror_geometry\ransac_inliers.png
[gt] computer_room_v52            perp 3.12m planRMS 0.0000m  normal [0.377, 0.179, -0.909]

생성 1, 건너뜀 0 (depth_gt/mask 없음 등)
[ds_v1_seed0/computer_room_v52] feature 184x320  mirror_frac=0.43739809782608696  feat_left=True
rank  signal              AUC    pol  sep     mean_in     mean_out
  1  post_entropy       0.7311   -  0.4391    0.651709     0.83807
  2  post_conf          0.6899   +  0.3583    0.721712    0.631626
  3  delta_conf         0.6105   +  0.1844    0.326933    0.238797
  4  feat_left_l2       0.5843   +  0.1345   16.959859   16.165502
  5  delta_entropy      0.5738   -  0.1068   -1.318644   -1.141711
  6  feat_left_pc1      0.5648   -  0.0846     2.19224    2.533968
  7  feat_left_pc3      0.5421   +  0.0809    1.852168    1.594759
  8  pre_entropy        0.5205   +  0.0057    1.970353    1.979781
  9  feat_left_pc2      0.5118   +  0.0324    2.167298     2.05833
 10  pre_conf            0.511   -  0.0047     0.39478    0.392829
 11  delta_argdisp      0.5082   +  0.0119   46.657335   45.899777
BEST: post_entropy (AUC=0.7311, polarity=-)
저장: D:\Users\dust\Documents\학교\2026년도1학기\컴퓨터비전\실습\FoundationStereo\experiments\ds_v1_seed0/computer_room_v52\features\report.json / panels.png / mirror_signal.npy
[device] cuda
  [train] epoch 60/300  loss=0.4307
  [train] epoch 120/300  loss=0.3147
  [train] epoch 180/300  loss=0.2299
  [train] epoch 240/300  loss=0.1686
  [train] epoch 300/300  loss=0.1256

[VAL] scene=ds_v1_seed0/computer_room_v52  (pixel 70/30 split)
  AUC      = 0.9907
  IoU@0.5  = 0.8944
  F1@0.5   = 0.9443
  accuracy = 0.9509  (prec=0.9334, rec=0.9554)
  tp=7347 fp=524 fn=343 tn=9450

[save] D:\Users\dust\Documents\학교\2026년도1학기\컴퓨터비전\실습\FoundationStereo\experiments\ds_v1_seed0/computer_room_v52\submodel
  pred_mask.png, panel.png, metrics.json, head.pt
DONE: D:\Users\dust\Documents\학교\2026년도1학기\컴퓨터비전\실습\FoundationStereo\experiments\ds_v1_seed0/computer_room_v52\submodel
[device] cuda
[load] D:\Users\dust\Documents\학교\2026년도1학기\컴퓨터비전\실습\FoundationStereo\experiments\_model\general_head.pt  (train_scenes=['archiviz_baseline080', 'bedroom_baseline080', 'blue_bathroom_baseline080', 'computer_room_baseline080', 'cozy_living_room_baseline080', 'flat-archiviz_baseline080', 'green_house_baseline080', 'gym_baseline080', 'livingroom_baseline080', 'minimal_interior_baseline080', 'scandinavian_baseline080', 'sunlight_baseline080'])

[APPLY] ds_v1_seed0/computer_room_v52  (저장모델로 새 데이터 평가)
  AUC      = 0.9752
  IoU@0.5  = 0.4847
  F1@0.5   = 0.6529
  accuracy = 0.7743  (prec=0.9970, rec=0.4854)
  tp=12501 fp=38 fn=13253 tn=33088
[save] D:\Users\dust\Documents\학교\2026년도1학기\컴퓨터비전\실습\FoundationStereo\experiments\ds_v1_seed0/computer_room_v52\submodel_applied  (pred_mask.png, panel.png, metrics.json)

============================================================
STEP: estimate_mirror_plane
============================================================

============================================================
STEP: viz_ransac_inliers
============================================================

============================================================
STEP: make_mirror_gt_from_depth
============================================================

============================================================
STEP: analyze_features
============================================================

============================================================
STEP: submodel_head
============================================================

============================================================
STEP: apply_submodel
============================================================

DONE: D:\Users\dust\Documents\학교\2026년도1학기\컴퓨터비전\실습\FoundationStereo\experiments\ds_v1_seed0/computer_room_v52 (ok)

##### [54/131] ds_v1_seed0/computer_room_v53  (done 14, fail 0, skip 39, elapsed 11m, ETA 59m) #####
[scene] ds_v1_seed0/computer_room_v53  size=1280x720
[select] mirror 점 개수 = 211022  (mask=218827, valid&depth = 881394)
[conf] mirror 영역 평균 confidence = 0.7120

=== 평면 추정 결과 ===
  [PCA (closed form)]
      normal = [-0.0969, -0.8696, -0.4842]
      d = +1.4521   mirror_depth(perp) = 1.4521 m   view_z = 5.2826 m
      n_inliers = 211022/211022   rms_residual = 0.30284 m
  [RANSAC]
      normal = [-0.0326, -0.9249, -0.3788]
      d = +1.3337   mirror_depth(perp) = 1.3337 m   view_z = 5.2826 m
      n_inliers = 57563/211022   rms_residual = 0.01880 m
  [SVD robust (IRLS)]
      normal = [-0.1075, -0.8506, -0.5148]
      d = +1.5843   mirror_depth(perp) = 1.5843 m   view_z = 5.2826 m
      n_inliers = 35733/211022   rms_residual = 0.03924 m

[save] D:\Users\dust\Documents\학교\2026년도1학기\컴퓨터비전\실습\FoundationStereo\experiments\ds_v1_seed0/computer_room_v53\mirror_geometry\result.json
[save] D:\Users\dust\Documents\학교\2026년도1학기\컴퓨터비전\실습\FoundationStereo\experiments\ds_v1_seed0/computer_room_v53\mirror_geometry\plane.txt
[save] D:\Users\dust\Documents\학교\2026년도1학기\컴퓨터비전\실습\FoundationStereo\experiments\ds_v1_seed0/computer_room_v53\mirror_geometry\viz.png

DONE: D:\Users\dust\Documents\학교\2026년도1학기\컴퓨터비전\실습\FoundationStereo\experiments\ds_v1_seed0/computer_room_v53\mirror_geometry
[ds_v1_seed0/computer_room_v53] 거울 점 211022개 중 inlier 57563 (27.3%) / outlier 153459
  normal=[-0.033 -0.925 -0.379] d=1.334  rms(inlier)=0.0188 m  thr≈0.069 m
[save] D:\Users\dust\Documents\학교\2026년도1학기\컴퓨터비전\실습\FoundationStereo\experiments\ds_v1_seed0/computer_room_v53\mirror_geometry\ransac_inliers.png
[gt] computer_room_v53            perp 3.50m planRMS 0.0039m  normal [0.428, 0.318, -0.846]

생성 1, 건너뜀 0 (depth_gt/mask 없음 등)
[ds_v1_seed0/computer_room_v53] feature 184x320  mirror_frac=0.2397078804347826  feat_left=True
rank  signal              AUC    pol  sep     mean_in     mean_out
  1  post_entropy       0.6908   -  0.4082    0.673064     0.88027
  2  post_conf          0.6614   +  0.3235    0.707577    0.620036
  3  feat_left_pc1      0.6177   -  0.2078    1.909725     2.68121
  4  delta_conf         0.6094   +  0.1781    0.304586    0.211459
  5  delta_entropy      0.6071   -  0.2134    -1.36609   -0.988137
  6  feat_left_l2        0.567   +  0.0943   16.989461   16.447664
  7  pre_entropy        0.5512   +  0.1017    2.039154    1.868407
  8  pre_conf           0.5289   -  0.0131    0.402991    0.408577
  9  feat_left_pc3        0.51   -  0.0403    1.586949    1.708274
 10  delta_argdisp      0.5051   +  0.0176   45.663455   44.528437
 11  feat_left_pc2      0.5013   +   0.001     2.04359    2.046721
BEST: post_entropy (AUC=0.6908, polarity=-)
저장: D:\Users\dust\Documents\학교\2026년도1학기\컴퓨터비전\실습\FoundationStereo\experiments\ds_v1_seed0/computer_room_v53\features\report.json / panels.png / mirror_signal.npy
[device] cuda
  [train] epoch 60/300  loss=0.5965
  [train] epoch 120/300  loss=0.4563
  [train] epoch 180/300  loss=0.3513
  [train] epoch 240/300  loss=0.2666
  [train] epoch 300/300  loss=0.2017

[VAL] scene=ds_v1_seed0/computer_room_v53  (pixel 70/30 split)
  AUC      = 0.9839
  IoU@0.5  = 0.7629
  F1@0.5   = 0.8655
  accuracy = 0.9305  (prec=0.7997, rec=0.9432)
  tp=3949 fp=989 fn=238 tn=12488

[save] D:\Users\dust\Documents\학교\2026년도1학기\컴퓨터비전\실습\FoundationStereo\experiments\ds_v1_seed0/computer_room_v53\submodel
  pred_mask.png, panel.png, metrics.json, head.pt
DONE: D:\Users\dust\Documents\학교\2026년도1학기\컴퓨터비전\실습\FoundationStereo\experiments\ds_v1_seed0/computer_room_v53\submodel
[device] cuda
[load] D:\Users\dust\Documents\학교\2026년도1학기\컴퓨터비전\실습\FoundationStereo\experiments\_model\general_head.pt  (train_scenes=['archiviz_baseline080', 'bedroom_baseline080', 'blue_bathroom_baseline080', 'computer_room_baseline080', 'cozy_living_room_baseline080', 'flat-archiviz_baseline080', 'green_house_baseline080', 'gym_baseline080', 'livingroom_baseline080', 'minimal_interior_baseline080', 'scandinavian_baseline080', 'sunlight_baseline080'])

[APPLY] ds_v1_seed0/computer_room_v53  (저장모델로 새 데이터 평가)
  AUC      = 0.9810
  IoU@0.5  = 0.5188
  F1@0.5   = 0.6832
  accuracy = 0.8828  (prec=0.9700, rec=0.5273)
  tp=7442 fp=230 fn=6672 tn=44536
[save] D:\Users\dust\Documents\학교\2026년도1학기\컴퓨터비전\실습\FoundationStereo\experiments\ds_v1_seed0/computer_room_v53\submodel_applied  (pred_mask.png, panel.png, metrics.json)

============================================================
STEP: estimate_mirror_plane
============================================================

============================================================
STEP: viz_ransac_inliers
============================================================

============================================================
STEP: make_mirror_gt_from_depth
============================================================

============================================================
STEP: analyze_features
============================================================

============================================================
STEP: submodel_head
============================================================

============================================================
STEP: apply_submodel
============================================================

DONE: D:\Users\dust\Documents\학교\2026년도1학기\컴퓨터비전\실습\FoundationStereo\experiments\ds_v1_seed0/computer_room_v53 (ok)

##### [55/131] ds_v1_seed0/computer_room_v54  (done 15, fail 0, skip 39, elapsed 11m, ETA 57m) #####
[scene] ds_v1_seed0/computer_room_v54  size=1280x720
[select] mirror 점 개수 = 279365  (mask=288339, valid&depth = 888451)
[conf] mirror 영역 평균 confidence = 0.7331

=== 평면 추정 결과 ===
  [PCA (closed form)]
      normal = [-0.2531, -0.7515, -0.6093]
      d = +2.4764   mirror_depth(perp) = 2.4764 m   view_z = 5.8727 m
      n_inliers = 279365/279365   rms_residual = 0.49279 m
  [RANSAC]
      normal = [+0.4864, +0.1466, -0.8614]
      d = +7.2960   mirror_depth(perp) = 7.2960 m   view_z = 5.8727 m
      n_inliers = 109019/279365   rms_residual = 0.01565 m
  [SVD robust (IRLS)]
      normal = [-0.3008, -0.6824, -0.6662]
      d = +2.8091   mirror_depth(perp) = 2.8091 m   view_z = 5.8727 m
      n_inliers = 36016/279365   rms_residual = 0.04302 m

[save] D:\Users\dust\Documents\학교\2026년도1학기\컴퓨터비전\실습\FoundationStereo\experiments\ds_v1_seed0/computer_room_v54\mirror_geometry\result.json
[save] D:\Users\dust\Documents\학교\2026년도1학기\컴퓨터비전\실습\FoundationStereo\experiments\ds_v1_seed0/computer_room_v54\mirror_geometry\plane.txt
[save] D:\Users\dust\Documents\학교\2026년도1학기\컴퓨터비전\실습\FoundationStereo\experiments\ds_v1_seed0/computer_room_v54\mirror_geometry\viz.png

DONE: D:\Users\dust\Documents\학교\2026년도1학기\컴퓨터비전\실습\FoundationStereo\experiments\ds_v1_seed0/computer_room_v54\mirror_geometry
[ds_v1_seed0/computer_room_v54] 거울 점 279365개 중 inlier 109019 (39.0%) / outlier 170346
  normal=[ 0.486  0.147 -0.861] d=7.296  rms(inlier)=0.0157 m  thr≈0.074 m
[save] D:\Users\dust\Documents\학교\2026년도1학기\컴퓨터비전\실습\FoundationStereo\experiments\ds_v1_seed0/computer_room_v54\mirror_geometry\ransac_inliers.png
[gt] computer_room_v54            perp 3.57m planRMS 0.0061m  normal [0.513, 0.163, -0.843]

생성 1, 건너뜀 0 (depth_gt/mask 없음 등)
[ds_v1_seed0/computer_room_v54] feature 184x320  mirror_frac=0.31503057065217394  feat_left=True
rank  signal              AUC    pol  sep     mean_in     mean_out
  1  post_entropy       0.7648   -  0.4813     0.64354    0.903929
  2  post_conf          0.7391   +  0.4665    0.729853    0.609135
  3  delta_conf         0.6698   +  0.2955    0.355439    0.207694
  4  delta_entropy      0.6465   -  0.2941   -1.520626   -0.993308
  5  pre_entropy         0.577   +  0.1575    2.164166    1.897237
  6  feat_left_pc1      0.5643   -  0.0853    2.119565    2.464555
  7  pre_conf           0.5556   -  0.0649    0.374414    0.401442
  8  feat_left_l2       0.5457   +  0.0849    16.88858   16.394379
  9  delta_argdisp      0.5297   +  0.0505   47.773573   44.524534
 10  feat_left_pc2      0.5287   +  0.0622    2.205848    2.002177
 11  feat_left_pc3       0.507   +  0.0287    1.847639    1.751501
BEST: post_entropy (AUC=0.7648, polarity=-)
저장: D:\Users\dust\Documents\학교\2026년도1학기\컴퓨터비전\실습\FoundationStereo\experiments\ds_v1_seed0/computer_room_v54\features\report.json / panels.png / mirror_signal.npy
[device] cuda
  [train] epoch 60/300  loss=0.5281
  [train] epoch 120/300  loss=0.3881
  [train] epoch 180/300  loss=0.2941
  [train] epoch 240/300  loss=0.2238
  [train] epoch 300/300  loss=0.1705

[VAL] scene=ds_v1_seed0/computer_room_v54  (pixel 70/30 split)
  AUC      = 0.9860
  IoU@0.5  = 0.8255
  F1@0.5   = 0.9044
  accuracy = 0.9376  (prec=0.8680, rec=0.9440)
  tp=5213 fp=793 fn=309 tn=11349

[save] D:\Users\dust\Documents\학교\2026년도1학기\컴퓨터비전\실습\FoundationStereo\experiments\ds_v1_seed0/computer_room_v54\submodel
  pred_mask.png, panel.png, metrics.json, head.pt
DONE: D:\Users\dust\Documents\학교\2026년도1학기\컴퓨터비전\실습\FoundationStereo\experiments\ds_v1_seed0/computer_room_v54\submodel
[device] cuda
[load] D:\Users\dust\Documents\학교\2026년도1학기\컴퓨터비전\실습\FoundationStereo\experiments\_model\general_head.pt  (train_scenes=['archiviz_baseline080', 'bedroom_baseline080', 'blue_bathroom_baseline080', 'computer_room_baseline080', 'cozy_living_room_baseline080', 'flat-archiviz_baseline080', 'green_house_baseline080', 'gym_baseline080', 'livingroom_baseline080', 'minimal_interior_baseline080', 'scandinavian_baseline080', 'sunlight_baseline080'])

[APPLY] ds_v1_seed0/computer_room_v54  (저장모델로 새 데이터 평가)
  AUC      = 0.9814
  IoU@0.5  = 0.6038
  F1@0.5   = 0.7529
  accuracy = 0.8738  (prec=0.9820, rec=0.6105)
  tp=11325 fp=208 fn=7224 tn=40123
[save] D:\Users\dust\Documents\학교\2026년도1학기\컴퓨터비전\실습\FoundationStereo\experiments\ds_v1_seed0/computer_room_v54\submodel_applied  (pred_mask.png, panel.png, metrics.json)

============================================================
STEP: estimate_mirror_plane
============================================================

============================================================
STEP: viz_ransac_inliers
============================================================

============================================================
STEP: make_mirror_gt_from_depth
============================================================

============================================================
STEP: analyze_features
============================================================

============================================================
STEP: submodel_head
============================================================

============================================================
STEP: apply_submodel
============================================================

DONE: D:\Users\dust\Documents\학교\2026년도1학기\컴퓨터비전\실습\FoundationStereo\experiments\ds_v1_seed0/computer_room_v54 (ok)

##### [56/131] ds_v1_seed0/computer_room_v55  (done 16, fail 0, skip 39, elapsed 12m, ETA 57m) #####
[scene] ds_v1_seed0/computer_room_v55  size=1280x720
[select] mirror 점 개수 = 107662  (mask=113774, valid&depth = 879942)
[conf] mirror 영역 평균 confidence = 0.6802

=== 평면 추정 결과 ===
  [PCA (closed form)]
      normal = [-0.2336, -0.8016, -0.5504]
      d = +1.3048   mirror_depth(perp) = 1.3048 m   view_z = 4.7653 m
      n_inliers = 107662/107662   rms_residual = 0.22006 m
  [RANSAC]
      normal = [+0.0922, -0.9147, -0.3935]
      d = +1.3452   mirror_depth(perp) = 1.3452 m   view_z = 4.7653 m
      n_inliers = 32295/107662   rms_residual = 0.01568 m
  [SVD robust (IRLS)]
      normal = [-0.2873, -0.7556, -0.5887]
      d = +1.4285   mirror_depth(perp) = 1.4285 m   view_z = 4.7653 m
      n_inliers = 27146/107662   rms_residual = 0.03202 m

[save] D:\Users\dust\Documents\학교\2026년도1학기\컴퓨터비전\실습\FoundationStereo\experiments\ds_v1_seed0/computer_room_v55\mirror_geometry\result.json
[save] D:\Users\dust\Documents\학교\2026년도1학기\컴퓨터비전\실습\FoundationStereo\experiments\ds_v1_seed0/computer_room_v55\mirror_geometry\plane.txt
[save] D:\Users\dust\Documents\학교\2026년도1학기\컴퓨터비전\실습\FoundationStereo\experiments\ds_v1_seed0/computer_room_v55\mirror_geometry\viz.png

DONE: D:\Users\dust\Documents\학교\2026년도1학기\컴퓨터비전\실습\FoundationStereo\experiments\ds_v1_seed0/computer_room_v55\mirror_geometry
[ds_v1_seed0/computer_room_v55] 거울 점 107662개 중 inlier 32295 (30.0%) / outlier 75367
  normal=[ 0.092 -0.915 -0.393] d=1.345  rms(inlier)=0.0157 m  thr≈0.056 m
[save] D:\Users\dust\Documents\학교\2026년도1학기\컴퓨터비전\실습\FoundationStereo\experiments\ds_v1_seed0/computer_room_v55\mirror_geometry\ransac_inliers.png
[gt] computer_room_v55            perp 3.36m planRMS 0.0063m  normal [0.625, 0.316, -0.714]

생성 1, 건너뜀 0 (depth_gt/mask 없음 등)
[ds_v1_seed0/computer_room_v55] feature 184x320  mirror_frac=0.125  feat_left=True
rank  signal              AUC    pol  sep     mean_in     mean_out
  1  post_entropy       0.7208   -  0.4363    0.692797    0.883232
  2  feat_left_pc1      0.6595   -  0.2995     1.62476    2.643459
  3  post_conf          0.6226   +  0.2467     0.67755    0.615074
  4  delta_entropy      0.6148   -  0.2388   -1.512564   -1.051974
  5  delta_conf         0.5816   +  0.1166    0.281941    0.220937
  6  feat_left_l2       0.5794   +  0.1159   17.180701   16.540488
  7  pre_entropy        0.5637   +  0.1422    2.205361    1.935207
  8  feat_left_pc2      0.5464   +    0.08    2.262773    2.016139
  9  feat_left_pc3      0.5443   -  0.1114    1.339139    1.660406
 10  pre_conf           0.5301   -  0.0032    0.395609    0.394136
 11  delta_argdisp      0.5169   +  0.0791   45.293342   40.068245
BEST: post_entropy (AUC=0.7208, polarity=-)
저장: D:\Users\dust\Documents\학교\2026년도1학기\컴퓨터비전\실습\FoundationStereo\experiments\ds_v1_seed0/computer_room_v55\features\report.json / panels.png / mirror_signal.npy
[device] cuda
  [train] epoch 60/300  loss=0.6325
  [train] epoch 120/300  loss=0.4511
  [train] epoch 180/300  loss=0.3370
  [train] epoch 240/300  loss=0.2534
  [train] epoch 300/300  loss=0.1920

[VAL] scene=ds_v1_seed0/computer_room_v55  (pixel 70/30 split)
  AUC      = 0.9845
  IoU@0.5  = 0.6505
  F1@0.5   = 0.7882
  accuracy = 0.9377  (prec=0.6812, rec=0.9352)
  tp=2049 fp=959 fn=142 tn=14514

[save] D:\Users\dust\Documents\학교\2026년도1학기\컴퓨터비전\실습\FoundationStereo\experiments\ds_v1_seed0/computer_room_v55\submodel
  pred_mask.png, panel.png, metrics.json, head.pt
DONE: D:\Users\dust\Documents\학교\2026년도1학기\컴퓨터비전\실습\FoundationStereo\experiments\ds_v1_seed0/computer_room_v55\submodel
[device] cuda
[load] D:\Users\dust\Documents\학교\2026년도1학기\컴퓨터비전\실습\FoundationStereo\experiments\_model\general_head.pt  (train_scenes=['archiviz_baseline080', 'bedroom_baseline080', 'blue_bathroom_baseline080', 'computer_room_baseline080', 'cozy_living_room_baseline080', 'flat-archiviz_baseline080', 'green_house_baseline080', 'gym_baseline080', 'livingroom_baseline080', 'minimal_interior_baseline080', 'scandinavian_baseline080', 'sunlight_baseline080'])

[APPLY] ds_v1_seed0/computer_room_v55  (저장모델로 새 데이터 평가)
  AUC      = 0.9790
  IoU@0.5  = 0.4415
  F1@0.5   = 0.6125
  accuracy = 0.9283  (prec=0.9450, rec=0.4531)
  tp=3335 fp=194 fn=4025 tn=51326
[save] D:\Users\dust\Documents\학교\2026년도1학기\컴퓨터비전\실습\FoundationStereo\experiments\ds_v1_seed0/computer_room_v55\submodel_applied  (pred_mask.png, panel.png, metrics.json)

============================================================
STEP: estimate_mirror_plane
============================================================

============================================================
STEP: viz_ransac_inliers
============================================================

============================================================
STEP: make_mirror_gt_from_depth
============================================================

============================================================
STEP: analyze_features
============================================================

============================================================
STEP: submodel_head
============================================================

============================================================
STEP: apply_submodel
============================================================

DONE: D:\Users\dust\Documents\학교\2026년도1학기\컴퓨터비전\실습\FoundationStereo\experiments\ds_v1_seed0/computer_room_v55 (ok)

##### [57/131] ds_v1_seed0/computer_room_v56  (done 17, fail 0, skip 39, elapsed 12m, ETA 55m) #####
[scene] ds_v1_seed0/computer_room_v56  size=1280x720
[select] mirror 점 개수 = 201462  (mask=208222, valid&depth = 879120)
[conf] mirror 영역 평균 confidence = 0.7165

=== 평면 추정 결과 ===
  [PCA (closed form)]
      normal = [-0.0995, -0.8782, -0.4678]
      d = +1.3678   mirror_depth(perp) = 1.3678 m   view_z = 5.4187 m
      n_inliers = 201462/201462   rms_residual = 0.31600 m
  [RANSAC]
      normal = [+0.4245, +0.2049, -0.8819]
      d = +7.2162   mirror_depth(perp) = 7.2162 m   view_z = 5.4187 m
      n_inliers = 54568/201462   rms_residual = 0.02577 m
  [SVD robust (IRLS)]
      normal = [-0.1064, -0.8626, -0.4945]
      d = +1.4724   mirror_depth(perp) = 1.4724 m   view_z = 5.4187 m
      n_inliers = 39299/201462   rms_residual = 0.04090 m

[save] D:\Users\dust\Documents\학교\2026년도1학기\컴퓨터비전\실습\FoundationStereo\experiments\ds_v1_seed0/computer_room_v56\mirror_geometry\result.json
[save] D:\Users\dust\Documents\학교\2026년도1학기\컴퓨터비전\실습\FoundationStereo\experiments\ds_v1_seed0/computer_room_v56\mirror_geometry\plane.txt
[save] D:\Users\dust\Documents\학교\2026년도1학기\컴퓨터비전\실습\FoundationStereo\experiments\ds_v1_seed0/computer_room_v56\mirror_geometry\viz.png

DONE: D:\Users\dust\Documents\학교\2026년도1학기\컴퓨터비전\실습\FoundationStereo\experiments\ds_v1_seed0/computer_room_v56\mirror_geometry
[ds_v1_seed0/computer_room_v56] 거울 점 201462개 중 inlier 54568 (27.1%) / outlier 146894
  normal=[ 0.425  0.205 -0.882] d=7.216  rms(inlier)=0.0258 m  thr≈0.073 m
[save] D:\Users\dust\Documents\학교\2026년도1학기\컴퓨터비전\실습\FoundationStereo\experiments\ds_v1_seed0/computer_room_v56\mirror_geometry\ransac_inliers.png
[gt] computer_room_v56            perp 3.53m planRMS 0.0043m  normal [0.423, 0.295, -0.856]

생성 1, 건너뜀 0 (depth_gt/mask 없음 등)
[ds_v1_seed0/computer_room_v56] feature 184x320  mirror_frac=0.2279381793478261  feat_left=True
rank  signal              AUC    pol  sep     mean_in     mean_out
  1  post_entropy       0.7453   -  0.4779     0.65742    0.886821
  2  post_conf          0.6822   +  0.3554    0.712477    0.618657
  3  delta_entropy      0.6316   -  0.2544   -1.434904   -0.992887
  4  delta_conf         0.6298   +  0.2145     0.32383    0.213625
  5  feat_left_pc1      0.6211   -  0.1992    1.929787    2.687932
  6  feat_left_l2       0.5764   +   0.113   17.079683    16.42112
  7  pre_entropy        0.5683   +  0.1282    2.092324    1.879708
  8  pre_conf           0.5413   -  0.0389    0.388646    0.405032
  9  delta_argdisp      0.5319   +  0.0671    47.46539   43.207462
 10  feat_left_pc2      0.5097   +  0.0172    2.109319    2.053857
 11  feat_left_pc3      0.5038   -  0.0132    1.664199    1.705966
BEST: post_entropy (AUC=0.7453, polarity=-)
저장: D:\Users\dust\Documents\학교\2026년도1학기\컴퓨터비전\실습\FoundationStereo\experiments\ds_v1_seed0/computer_room_v56\features\report.json / panels.png / mirror_signal.npy
[device] cuda
  [train] epoch 60/300  loss=0.5820
  [train] epoch 120/300  loss=0.4377
  [train] epoch 180/300  loss=0.3337
  [train] epoch 240/300  loss=0.2548
  [train] epoch 300/300  loss=0.1944

[VAL] scene=ds_v1_seed0/computer_room_v56  (pixel 70/30 split)
  AUC      = 0.9854
  IoU@0.5  = 0.7667
  F1@0.5   = 0.8679
  accuracy = 0.9342  (prec=0.7931, rec=0.9583)
  tp=3818 fp=996 fn=166 tn=12684

[save] D:\Users\dust\Documents\학교\2026년도1학기\컴퓨터비전\실습\FoundationStereo\experiments\ds_v1_seed0/computer_room_v56\submodel
  pred_mask.png, panel.png, metrics.json, head.pt
DONE: D:\Users\dust\Documents\학교\2026년도1학기\컴퓨터비전\실습\FoundationStereo\experiments\ds_v1_seed0/computer_room_v56\submodel
[device] cuda
[load] D:\Users\dust\Documents\학교\2026년도1학기\컴퓨터비전\실습\FoundationStereo\experiments\_model\general_head.pt  (train_scenes=['archiviz_baseline080', 'bedroom_baseline080', 'blue_bathroom_baseline080', 'computer_room_baseline080', 'cozy_living_room_baseline080', 'flat-archiviz_baseline080', 'green_house_baseline080', 'gym_baseline080', 'livingroom_baseline080', 'minimal_interior_baseline080', 'scandinavian_baseline080', 'sunlight_baseline080'])

[APPLY] ds_v1_seed0/computer_room_v56  (저장모델로 새 데이터 평가)
  AUC      = 0.9839
  IoU@0.5  = 0.5543
  F1@0.5   = 0.7133
  accuracy = 0.8966  (prec=0.9692, rec=0.5643)
  tp=7573 fp=241 fn=5848 tn=45218
[save] D:\Users\dust\Documents\학교\2026년도1학기\컴퓨터비전\실습\FoundationStereo\experiments\ds_v1_seed0/computer_room_v56\submodel_applied  (pred_mask.png, panel.png, metrics.json)

============================================================
STEP: estimate_mirror_plane
============================================================

============================================================
STEP: viz_ransac_inliers
============================================================

============================================================
STEP: make_mirror_gt_from_depth
============================================================

============================================================
STEP: analyze_features
============================================================

============================================================
STEP: submodel_head
============================================================

============================================================
STEP: apply_submodel
============================================================

DONE: D:\Users\dust\Documents\학교\2026년도1학기\컴퓨터비전\실습\FoundationStereo\experiments\ds_v1_seed0/computer_room_v56 (ok)

##### [58/131] ds_v1_seed0/computer_room_v57  (done 18, fail 0, skip 39, elapsed 13m, ETA 54m) #####
[scene] ds_v1_seed0/computer_room_v57  size=1280x720
[select] mirror 점 개수 = 211099  (mask=218843, valid&depth = 888765)
[conf] mirror 영역 평균 confidence = 0.7265

=== 평면 추정 결과 ===
  [PCA (closed form)]
      normal = [-0.2892, -0.7212, -0.6295]
      d = +2.3085   mirror_depth(perp) = 2.3085 m   view_z = 5.6948 m
      n_inliers = 211099/211099   rms_residual = 0.37169 m
  [RANSAC]
      normal = [-0.8109, +0.1059, -0.5755]
      d = +2.6697   mirror_depth(perp) = 2.6697 m   view_z = 5.6948 m
      n_inliers = 58770/211099   rms_residual = 0.01412 m
  [SVD robust (IRLS)]
      normal = [-0.3062, -0.6874, -0.6586]
      d = +2.4553   mirror_depth(perp) = 2.4553 m   view_z = 5.6948 m
      n_inliers = 38652/211099   rms_residual = 0.04001 m

[save] D:\Users\dust\Documents\학교\2026년도1학기\컴퓨터비전\실습\FoundationStereo\experiments\ds_v1_seed0/computer_room_v57\mirror_geometry\result.json
[save] D:\Users\dust\Documents\학교\2026년도1학기\컴퓨터비전\실습\FoundationStereo\experiments\ds_v1_seed0/computer_room_v57\mirror_geometry\plane.txt
[save] D:\Users\dust\Documents\학교\2026년도1학기\컴퓨터비전\실습\FoundationStereo\experiments\ds_v1_seed0/computer_room_v57\mirror_geometry\viz.png

DONE: D:\Users\dust\Documents\학교\2026년도1학기\컴퓨터비전\실습\FoundationStereo\experiments\ds_v1_seed0/computer_room_v57\mirror_geometry
[ds_v1_seed0/computer_room_v57] 거울 점 211099개 중 inlier 58770 (27.8%) / outlier 152329
  normal=[-0.811  0.106 -0.575] d=2.670  rms(inlier)=0.0141 m  thr≈0.070 m
[save] D:\Users\dust\Documents\학교\2026년도1학기\컴퓨터비전\실습\FoundationStereo\experiments\ds_v1_seed0/computer_room_v57\mirror_geometry\ransac_inliers.png
[gt] computer_room_v57            perp 3.58m planRMS 0.0011m  normal [0.573, 0.233, -0.785]

생성 1, 건너뜀 0 (depth_gt/mask 없음 등)
[ds_v1_seed0/computer_room_v57] feature 184x320  mirror_frac=0.2393172554347826  feat_left=True
rank  signal              AUC    pol  sep     mean_in     mean_out
  1  post_entropy       0.7496   -  0.4528    0.645241    0.838909
  2  post_conf           0.702   +  0.3846    0.722499    0.627125
  3  delta_conf         0.6538   +  0.2585     0.35191     0.22389
  4  delta_entropy       0.642   -  0.2824    -1.57152   -1.062446
  5  feat_left_pc1      0.5998   -  0.1629    1.850154    2.488725
  6  pre_entropy        0.5896   +  0.1789    2.216761    1.901356
  7  pre_conf           0.5649   -  0.0761    0.370589    0.403236
  8  feat_left_l2       0.5416   +  0.0635   16.824116   16.469484
  9  delta_argdisp      0.5288   +  0.0558   47.033638   43.355199
 10  feat_left_pc2      0.5152   +  0.0306    2.132793    2.036756
 11  feat_left_pc3      0.5132   -  0.0366     1.67273    1.789821
BEST: post_entropy (AUC=0.7496, polarity=-)
저장: D:\Users\dust\Documents\학교\2026년도1학기\컴퓨터비전\실습\FoundationStereo\experiments\ds_v1_seed0/computer_room_v57\features\report.json / panels.png / mirror_signal.npy
[device] cuda
  [train] epoch 60/300  loss=0.5935
  [train] epoch 120/300  loss=0.4339
  [train] epoch 180/300  loss=0.3252
  [train] epoch 240/300  loss=0.2432
  [train] epoch 300/300  loss=0.1818

[VAL] scene=ds_v1_seed0/computer_room_v57  (pixel 70/30 split)
  AUC      = 0.9856
  IoU@0.5  = 0.7761
  F1@0.5   = 0.8740
  accuracy = 0.9352  (prec=0.8110, rec=0.9474)
  tp=3966 fp=924 fn=220 tn=12554

[save] D:\Users\dust\Documents\학교\2026년도1학기\컴퓨터비전\실습\FoundationStereo\experiments\ds_v1_seed0/computer_room_v57\submodel
  pred_mask.png, panel.png, metrics.json, head.pt
DONE: D:\Users\dust\Documents\학교\2026년도1학기\컴퓨터비전\실습\FoundationStereo\experiments\ds_v1_seed0/computer_room_v57\submodel
[device] cuda
[load] D:\Users\dust\Documents\학교\2026년도1학기\컴퓨터비전\실습\FoundationStereo\experiments\_model\general_head.pt  (train_scenes=['archiviz_baseline080', 'bedroom_baseline080', 'blue_bathroom_baseline080', 'computer_room_baseline080', 'cozy_living_room_baseline080', 'flat-archiviz_baseline080', 'green_house_baseline080', 'gym_baseline080', 'livingroom_baseline080', 'minimal_interior_baseline080', 'scandinavian_baseline080', 'sunlight_baseline080'])

[APPLY] ds_v1_seed0/computer_room_v57  (저장모델로 새 데이터 평가)
  AUC      = 0.9817
  IoU@0.5  = 0.6007
  F1@0.5   = 0.7505
  accuracy = 0.9021  (prec=0.9617, rec=0.6154)
  tp=8671 fp=345 fn=5420 tn=44444
[save] D:\Users\dust\Documents\학교\2026년도1학기\컴퓨터비전\실습\FoundationStereo\experiments\ds_v1_seed0/computer_room_v57\submodel_applied  (pred_mask.png, panel.png, metrics.json)

============================================================
STEP: estimate_mirror_plane
============================================================

============================================================
STEP: viz_ransac_inliers
============================================================

============================================================
STEP: make_mirror_gt_from_depth
============================================================

============================================================
STEP: analyze_features
============================================================

============================================================
STEP: submodel_head
============================================================

============================================================
STEP: apply_submodel
============================================================

DONE: D:\Users\dust\Documents\학교\2026년도1학기\컴퓨터비전\실습\FoundationStereo\experiments\ds_v1_seed0/computer_room_v57 (ok)

##### [59/131] ds_v1_seed0/computer_room_v58  (done 19, fail 0, skip 39, elapsed 14m, ETA 53m) #####
[scene] ds_v1_seed0/computer_room_v58  size=1280x720
[select] mirror 점 개수 = 179093  (mask=183148, valid&depth = 874799)
[conf] mirror 영역 평균 confidence = 0.6829

=== 평면 추정 결과 ===
  [PCA (closed form)]
      normal = [-0.0331, -0.9006, -0.4333]
      d = +1.0693   mirror_depth(perp) = 1.0693 m   view_z = 4.9881 m
      n_inliers = 179093/179093   rms_residual = 0.25535 m
  [RANSAC]
      normal = [+0.0103, -0.9123, -0.4093]
      d = +1.2952   mirror_depth(perp) = 1.2952 m   view_z = 4.9881 m
      n_inliers = 56243/179093   rms_residual = 0.01836 m
  [SVD robust (IRLS)]
      normal = [-0.0519, -0.8973, -0.4383]
      d = +1.0476   mirror_depth(perp) = 1.0476 m   view_z = 4.9881 m
      n_inliers = 21687/179093   rms_residual = 0.03881 m

[save] D:\Users\dust\Documents\학교\2026년도1학기\컴퓨터비전\실습\FoundationStereo\experiments\ds_v1_seed0/computer_room_v58\mirror_geometry\result.json
[save] D:\Users\dust\Documents\학교\2026년도1학기\컴퓨터비전\실습\FoundationStereo\experiments\ds_v1_seed0/computer_room_v58\mirror_geometry\plane.txt
[save] D:\Users\dust\Documents\학교\2026년도1학기\컴퓨터비전\실습\FoundationStereo\experiments\ds_v1_seed0/computer_room_v58\mirror_geometry\viz.png

DONE: D:\Users\dust\Documents\학교\2026년도1학기\컴퓨터비전\실습\FoundationStereo\experiments\ds_v1_seed0/computer_room_v58\mirror_geometry
[ds_v1_seed0/computer_room_v58] 거울 점 179093개 중 inlier 56243 (31.4%) / outlier 122850
  normal=[ 0.01  -0.912 -0.409] d=1.295  rms(inlier)=0.0184 m  thr≈0.067 m
[save] D:\Users\dust\Documents\학교\2026년도1학기\컴퓨터비전\실습\FoundationStereo\experiments\ds_v1_seed0/computer_room_v58\mirror_geometry\ransac_inliers.png
[gt] computer_room_v58            perp 3.33m planRMS 0.0016m  normal [0.48, 0.343, -0.808]

생성 1, 건너뜀 0 (depth_gt/mask 없음 등)
[ds_v1_seed0/computer_room_v58] feature 184x320  mirror_frac=0.20069633152173913  feat_left=True
rank  signal              AUC    pol  sep     mean_in     mean_out
  1  post_entropy       0.7304   -   0.499    0.714242    1.130262
  2  post_conf          0.6935   +  0.4247     0.68118    0.545503
  3  delta_entropy      0.6851   -   0.371   -1.325549   -0.558199
  4  delta_conf         0.6695   +  0.3265     0.28497    0.089735
  5  feat_left_pc1      0.6447   -  0.2398     1.90912    2.887977
  6  feat_left_l2       0.6332   +  0.1999   17.465933   16.196924
  7  pre_entropy        0.6183   +   0.208    2.039791    1.688461
  8  pre_conf           0.5897   -  0.1335    0.396209    0.455768
  9  feat_left_pc3      0.5544   +  0.1191    1.938147    1.569373
 10  feat_left_pc2      0.5277   -  0.0415    2.060819    2.213771
 11  delta_argdisp      0.5091   +  0.0242   46.051874   44.510741
BEST: post_entropy (AUC=0.7304, polarity=-)
저장: D:\Users\dust\Documents\학교\2026년도1학기\컴퓨터비전\실습\FoundationStereo\experiments\ds_v1_seed0/computer_room_v58\features\report.json / panels.png / mirror_signal.npy
[device] cuda
  [train] epoch 60/300  loss=0.6166
  [train] epoch 120/300  loss=0.4976
  [train] epoch 180/300  loss=0.3982
  [train] epoch 240/300  loss=0.3109
  [train] epoch 300/300  loss=0.2407

[VAL] scene=ds_v1_seed0/computer_room_v58  (pixel 70/30 split)
  AUC      = 0.9794
  IoU@0.5  = 0.6931
  F1@0.5   = 0.8187
  accuracy = 0.9156  (prec=0.7235, rec=0.9429)
  tp=3367 fp=1287 fn=204 tn=12806

[save] D:\Users\dust\Documents\학교\2026년도1학기\컴퓨터비전\실습\FoundationStereo\experiments\ds_v1_seed0/computer_room_v58\submodel
  pred_mask.png, panel.png, metrics.json, head.pt
DONE: D:\Users\dust\Documents\학교\2026년도1학기\컴퓨터비전\실습\FoundationStereo\experiments\ds_v1_seed0/computer_room_v58\submodel
[device] cuda
[load] D:\Users\dust\Documents\학교\2026년도1학기\컴퓨터비전\실습\FoundationStereo\experiments\_model\general_head.pt  (train_scenes=['archiviz_baseline080', 'bedroom_baseline080', 'blue_bathroom_baseline080', 'computer_room_baseline080', 'cozy_living_room_baseline080', 'flat-archiviz_baseline080', 'green_house_baseline080', 'gym_baseline080', 'livingroom_baseline080', 'minimal_interior_baseline080', 'scandinavian_baseline080', 'sunlight_baseline080'])

[APPLY] ds_v1_seed0/computer_room_v58  (저장모델로 새 데이터 평가)
  AUC      = 0.9791
  IoU@0.5  = 0.5816
  F1@0.5   = 0.7354
  accuracy = 0.9123  (prec=0.9324, rec=0.6072)
  tp=7175 fp=520 fn=4642 tn=46543
[save] D:\Users\dust\Documents\학교\2026년도1학기\컴퓨터비전\실습\FoundationStereo\experiments\ds_v1_seed0/computer_room_v58\submodel_applied  (pred_mask.png, panel.png, metrics.json)

============================================================
STEP: estimate_mirror_plane
============================================================

============================================================
STEP: viz_ransac_inliers
============================================================

============================================================
STEP: make_mirror_gt_from_depth
============================================================

============================================================
STEP: analyze_features
============================================================

============================================================
STEP: submodel_head
============================================================

============================================================
STEP: apply_submodel
============================================================

DONE: D:\Users\dust\Documents\학교\2026년도1학기\컴퓨터비전\실습\FoundationStereo\experiments\ds_v1_seed0/computer_room_v58 (ok)

##### [60/131] ds_v1_seed0/computer_room_v59  (done 20, fail 0, skip 39, elapsed 14m, ETA 52m) #####
[scene] ds_v1_seed0/computer_room_v59  size=1280x720
[select] mirror 점 개수 = 267602  (mask=267602, valid&depth = 875709)
[conf] mirror 영역 평균 confidence = 0.7113

=== 평면 추정 결과 ===
  [PCA (closed form)]
      normal = [-0.0885, -0.9002, -0.4265]
      d = +1.2532   mirror_depth(perp) = 1.2532 m   view_z = 5.2616 m
      n_inliers = 267602/267602   rms_residual = 0.36313 m
  [RANSAC]
      normal = [+0.1905, +0.2378, -0.9524]
      d = +6.9837   mirror_depth(perp) = 6.9837 m   view_z = 5.2616 m
      n_inliers = 71285/267602   rms_residual = 0.01731 m
  [SVD robust (IRLS)]
      normal = [-0.1211, -0.8815, -0.4565]
      d = +1.3831   mirror_depth(perp) = 1.3831 m   view_z = 5.2616 m
      n_inliers = 44196/267602   rms_residual = 0.04098 m

[save] D:\Users\dust\Documents\학교\2026년도1학기\컴퓨터비전\실습\FoundationStereo\experiments\ds_v1_seed0/computer_room_v59\mirror_geometry\result.json
[save] D:\Users\dust\Documents\학교\2026년도1학기\컴퓨터비전\실습\FoundationStereo\experiments\ds_v1_seed0/computer_room_v59\mirror_geometry\plane.txt
[save] D:\Users\dust\Documents\학교\2026년도1학기\컴퓨터비전\실습\FoundationStereo\experiments\ds_v1_seed0/computer_room_v59\mirror_geometry\viz.png

DONE: D:\Users\dust\Documents\학교\2026년도1학기\컴퓨터비전\실습\FoundationStereo\experiments\ds_v1_seed0/computer_room_v59\mirror_geometry
[ds_v1_seed0/computer_room_v59] 거울 점 267602개 중 inlier 71285 (26.6%) / outlier 196317
  normal=[ 0.191  0.238 -0.952] d=6.984  rms(inlier)=0.0173 m  thr≈0.071 m
[save] D:\Users\dust\Documents\학교\2026년도1학기\컴퓨터비전\실습\FoundationStereo\experiments\ds_v1_seed0/computer_room_v59\mirror_geometry\ransac_inliers.png
[gt] computer_room_v59            perp 3.29m planRMS 0.0000m  normal [0.233, 0.285, -0.93]

생성 1, 건너뜀 0 (depth_gt/mask 없음 등)
[ds_v1_seed0/computer_room_v59] feature 184x320  mirror_frac=0.2922554347826087  feat_left=True
rank  signal              AUC    pol  sep     mean_in     mean_out
  1  post_entropy       0.7763   -  0.5256    0.674466     0.95462
  2  post_conf          0.7282   +  0.4467    0.711021    0.588373
  3  delta_conf         0.6753   +  0.3191    0.326468    0.167666
  4  delta_entropy      0.6568   -  0.2729   -1.314044   -0.875286
  5  feat_left_pc1      0.6561   -  0.2687    1.885463    2.909199
  6  feat_left_l2       0.6464   +  0.2019   17.305485   16.050746
  7  pre_entropy        0.5827   +  0.1063     1.98851    1.829905
  8  pre_conf           0.5646   -  0.0904    0.384553    0.420707
  9  feat_left_pc3      0.5358   +  0.0531    1.781044    1.618519
 10  feat_left_pc2      0.5117   -  0.0306    2.054354    2.164119
 11  delta_argdisp      0.5066   -  0.0079   45.136099   45.615881
BEST: post_entropy (AUC=0.7763, polarity=-)
저장: D:\Users\dust\Documents\학교\2026년도1학기\컴퓨터비전\실습\FoundationStereo\experiments\ds_v1_seed0/computer_room_v59\features\report.json / panels.png / mirror_signal.npy
[device] cuda
  [train] epoch 60/300  loss=0.5232
  [train] epoch 120/300  loss=0.4072
  [train] epoch 180/300  loss=0.3187
  [train] epoch 240/300  loss=0.2420
  [train] epoch 300/300  loss=0.1801

[VAL] scene=ds_v1_seed0/computer_room_v59  (pixel 70/30 split)
  AUC      = 0.9876
  IoU@0.5  = 0.8095
  F1@0.5   = 0.8947
  accuracy = 0.9343  (prec=0.8371, rec=0.9609)
  tp=4934 fp=960 fn=201 tn=11569

[save] D:\Users\dust\Documents\학교\2026년도1학기\컴퓨터비전\실습\FoundationStereo\experiments\ds_v1_seed0/computer_room_v59\submodel
  pred_mask.png, panel.png, metrics.json, head.pt
DONE: D:\Users\dust\Documents\학교\2026년도1학기\컴퓨터비전\실습\FoundationStereo\experiments\ds_v1_seed0/computer_room_v59\submodel
[device] cuda
[load] D:\Users\dust\Documents\학교\2026년도1학기\컴퓨터비전\실습\FoundationStereo\experiments\_model\general_head.pt  (train_scenes=['archiviz_baseline080', 'bedroom_baseline080', 'blue_bathroom_baseline080', 'computer_room_baseline080', 'cozy_living_room_baseline080', 'flat-archiviz_baseline080', 'green_house_baseline080', 'gym_baseline080', 'livingroom_baseline080', 'minimal_interior_baseline080', 'scandinavian_baseline080', 'sunlight_baseline080'])

[APPLY] ds_v1_seed0/computer_room_v59  (저장모델로 새 데이터 평가)
  AUC      = 0.9865
  IoU@0.5  = 0.5217
  F1@0.5   = 0.6857
  accuracy = 0.8592  (prec=0.9863, rec=0.5255)
  tp=9043 fp=126 fn=8165 tn=41546
[save] D:\Users\dust\Documents\학교\2026년도1학기\컴퓨터비전\실습\FoundationStereo\experiments\ds_v1_seed0/computer_room_v59\submodel_applied  (pred_mask.png, panel.png, metrics.json)

============================================================
STEP: estimate_mirror_plane
============================================================

============================================================
STEP: viz_ransac_inliers
============================================================

============================================================
STEP: make_mirror_gt_from_depth
============================================================

============================================================
STEP: analyze_features
============================================================

============================================================
STEP: submodel_head
============================================================

============================================================
STEP: apply_submodel
============================================================

DONE: D:\Users\dust\Documents\학교\2026년도1학기\컴퓨터비전\실습\FoundationStereo\experiments\ds_v1_seed0/computer_room_v59 (ok)

##### [61/131] ds_v1_seed0/computer_room_v60  (done 21, fail 0, skip 39, elapsed 15m, ETA 52m) #####
[scene] ds_v1_seed0/computer_room_v60  size=1280x720
[select] mirror 점 개수 = 321938  (mask=333329, valid&depth = 895137)
[conf] mirror 영역 평균 confidence = 0.7286

=== 평면 추정 결과 ===
  [PCA (closed form)]
      normal = [-0.2940, -0.7136, -0.6358]
      d = +2.5695   mirror_depth(perp) = 2.5695 m   view_z = 5.6014 m
      n_inliers = 321938/321938   rms_residual = 0.47340 m
  [RANSAC]
      normal = [+0.5357, +0.1668, -0.8278]
      d = +7.0763   mirror_depth(perp) = 7.0763 m   view_z = 5.6014 m
      n_inliers = 107064/321938   rms_residual = 0.02448 m
  [SVD robust (IRLS)]
      normal = [-0.3123, -0.6820, -0.6613]
      d = +2.7169   mirror_depth(perp) = 2.7169 m   view_z = 5.6014 m
      n_inliers = 42261/321938   rms_residual = 0.04176 m

[save] D:\Users\dust\Documents\학교\2026년도1학기\컴퓨터비전\실습\FoundationStereo\experiments\ds_v1_seed0/computer_room_v60\mirror_geometry\result.json
[save] D:\Users\dust\Documents\학교\2026년도1학기\컴퓨터비전\실습\FoundationStereo\experiments\ds_v1_seed0/computer_room_v60\mirror_geometry\plane.txt
[save] D:\Users\dust\Documents\학교\2026년도1학기\컴퓨터비전\실습\FoundationStereo\experiments\ds_v1_seed0/computer_room_v60\mirror_geometry\viz.png

DONE: D:\Users\dust\Documents\학교\2026년도1학기\컴퓨터비전\실습\FoundationStereo\experiments\ds_v1_seed0/computer_room_v60\mirror_geometry
[ds_v1_seed0/computer_room_v60] 거울 점 321938개 중 inlier 107064 (33.3%) / outlier 214874
  normal=[ 0.536  0.167 -0.828] d=7.076  rms(inlier)=0.0245 m  thr≈0.073 m
[save] D:\Users\dust\Documents\학교\2026년도1학기\컴퓨터비전\실습\FoundationStereo\experiments\ds_v1_seed0/computer_room_v60\mirror_geometry\ransac_inliers.png
[gt] computer_room_v60            perp 3.36m planRMS 0.0033m  normal [0.525, 0.178, -0.832]

생성 1, 건너뜀 0 (depth_gt/mask 없음 등)
[ds_v1_seed0/computer_room_v60] feature 184x320  mirror_frac=0.3640625  feat_left=True
rank  signal              AUC    pol  sep     mean_in     mean_out
  1  post_entropy       0.6659   -  0.3173    0.651553    0.771114
  2  post_conf          0.6426   +  0.2693    0.724592    0.659851
  3  delta_conf         0.6053   +  0.1644    0.338525    0.260307
  4  delta_entropy      0.5997   -  0.2049   -1.463488   -1.114884
  5  pre_entropy        0.5627   +  0.1343    2.115041    1.885998
  6  feat_left_pc1      0.5517   -  0.0781    2.143433     2.46379
  7  delta_argdisp      0.5507   +  0.0919   48.312325   42.339173
  8  pre_conf           0.5389   -  0.0319    0.386067    0.399544
  9  feat_left_l2       0.5278   +  0.0467   16.744125   16.469693
 10  feat_left_pc2      0.5229   +  0.0369    2.188297    2.066671
 11  feat_left_pc3      0.5052   +  0.0141    1.810748    1.765082
BEST: post_entropy (AUC=0.6659, polarity=-)
저장: D:\Users\dust\Documents\학교\2026년도1학기\컴퓨터비전\실습\FoundationStereo\experiments\ds_v1_seed0/computer_room_v60\features\report.json / panels.png / mirror_signal.npy
[device] cuda
  [train] epoch 60/300  loss=0.4729
  [train] epoch 120/300  loss=0.3271
  [train] epoch 180/300  loss=0.2358
  [train] epoch 240/300  loss=0.1719
  [train] epoch 300/300  loss=0.1275

[VAL] scene=ds_v1_seed0/computer_room_v60  (pixel 70/30 split)
  AUC      = 0.9922
  IoU@0.5  = 0.8837
  F1@0.5   = 0.9383
  accuracy = 0.9544  (prec=0.9183, rec=0.9591)
  tp=6116 fp=544 fn=261 tn=10743

[save] D:\Users\dust\Documents\학교\2026년도1학기\컴퓨터비전\실습\FoundationStereo\experiments\ds_v1_seed0/computer_room_v60\submodel
  pred_mask.png, panel.png, metrics.json, head.pt
DONE: D:\Users\dust\Documents\학교\2026년도1학기\컴퓨터비전\실습\FoundationStereo\experiments\ds_v1_seed0/computer_room_v60\submodel
[device] cuda
[load] D:\Users\dust\Documents\학교\2026년도1학기\컴퓨터비전\실습\FoundationStereo\experiments\_model\general_head.pt  (train_scenes=['archiviz_baseline080', 'bedroom_baseline080', 'blue_bathroom_baseline080', 'computer_room_baseline080', 'cozy_living_room_baseline080', 'flat-archiviz_baseline080', 'green_house_baseline080', 'gym_baseline080', 'livingroom_baseline080', 'minimal_interior_baseline080', 'scandinavian_baseline080', 'sunlight_baseline080'])

[APPLY] ds_v1_seed0/computer_room_v60  (저장모델로 새 데이터 평가)
  AUC      = 0.9794
  IoU@0.5  = 0.5276
  F1@0.5   = 0.6907
  accuracy = 0.8274  (prec=0.9930, rec=0.5295)
  tp=11351 fp=80 fn=10085 tn=37364
[save] D:\Users\dust\Documents\학교\2026년도1학기\컴퓨터비전\실습\FoundationStereo\experiments\ds_v1_seed0/computer_room_v60\submodel_applied  (pred_mask.png, panel.png, metrics.json)

============================================================
STEP: estimate_mirror_plane
============================================================

============================================================
STEP: viz_ransac_inliers
============================================================

============================================================
STEP: make_mirror_gt_from_depth
============================================================

============================================================
STEP: analyze_features
============================================================

============================================================
STEP: submodel_head
============================================================

============================================================
STEP: apply_submodel
============================================================

DONE: D:\Users\dust\Documents\학교\2026년도1학기\컴퓨터비전\실습\FoundationStereo\experiments\ds_v1_seed0/computer_room_v60 (ok)

##### [62/131] ds_v1_seed0/computer_room_v61  (done 22, fail 0, skip 39, elapsed 16m, ETA 51m) #####
[scene] ds_v1_seed0/computer_room_v61  size=1280x720
[select] mirror 점 개수 = 382840  (mask=396484, valid&depth = 903520)
[conf] mirror 영역 평균 confidence = 0.7126

=== 평면 추정 결과 ===
  [PCA (closed form)]
      normal = [-0.4311, -0.5495, -0.7157]
      d = +3.0438   mirror_depth(perp) = 3.0438 m   view_z = 5.5977 m
      n_inliers = 382840/382840   rms_residual = 0.51669 m
  [RANSAC]
      normal = [+0.4897, +0.1050, -0.8655]
      d = +7.0732   mirror_depth(perp) = 7.0732 m   view_z = 5.5977 m
      n_inliers = 133636/382840   rms_residual = 0.02257 m
  [SVD robust (IRLS)]
      normal = [-0.4404, -0.5322, -0.7231]
      d = +3.1008   mirror_depth(perp) = 3.1008 m   view_z = 5.5977 m
      n_inliers = 41916/382840   rms_residual = 0.04135 m

[save] D:\Users\dust\Documents\학교\2026년도1학기\컴퓨터비전\실습\FoundationStereo\experiments\ds_v1_seed0/computer_room_v61\mirror_geometry\result.json
[save] D:\Users\dust\Documents\학교\2026년도1학기\컴퓨터비전\실습\FoundationStereo\experiments\ds_v1_seed0/computer_room_v61\mirror_geometry\plane.txt
[save] D:\Users\dust\Documents\학교\2026년도1학기\컴퓨터비전\실습\FoundationStereo\experiments\ds_v1_seed0/computer_room_v61\mirror_geometry\viz.png

DONE: D:\Users\dust\Documents\학교\2026년도1학기\컴퓨터비전\실습\FoundationStereo\experiments\ds_v1_seed0/computer_room_v61\mirror_geometry
[ds_v1_seed0/computer_room_v61] 거울 점 382840개 중 inlier 133636 (34.9%) / outlier 249204
  normal=[ 0.49   0.105 -0.866] d=7.073  rms(inlier)=0.0226 m  thr≈0.071 m
[save] D:\Users\dust\Documents\학교\2026년도1학기\컴퓨터비전\실습\FoundationStereo\experiments\ds_v1_seed0/computer_room_v61\mirror_geometry\ransac_inliers.png
[gt] computer_room_v61            perp 3.35m planRMS 0.0000m  normal [0.496, 0.112, -0.861]

생성 1, 건너뜀 0 (depth_gt/mask 없음 등)
[ds_v1_seed0/computer_room_v61] feature 184x320  mirror_frac=0.43284646739130433  feat_left=True
rank  signal              AUC    pol  sep     mean_in     mean_out
  1  post_entropy       0.6659   -  0.3035     0.67776    0.796571
  2  post_conf          0.6392   +  0.2559    0.709051    0.647013
  3  delta_conf         0.5737   +  0.1102    0.311311    0.258677
  4  delta_argdisp      0.5701   +   0.129   49.954014   41.594478
  5  delta_entropy       0.566   -   0.147   -1.383488   -1.128763
  6  feat_left_pc1      0.5265   -  0.0234    2.372102    2.467449
  7  feat_left_pc2      0.5264   +  0.0572    2.237949     2.05093
  8  pre_entropy        0.5258   +  0.0792    2.061248    1.925334
  9  feat_left_l2       0.5253   +  0.0572   16.746716   16.403829
 10  feat_left_pc3       0.508   +  0.0428      1.8353    1.691241
 11  pre_conf           0.5028   -  0.0223    0.397741    0.388337
BEST: post_entropy (AUC=0.6659, polarity=-)
저장: D:\Users\dust\Documents\학교\2026년도1학기\컴퓨터비전\실습\FoundationStereo\experiments\ds_v1_seed0/computer_room_v61\features\report.json / panels.png / mirror_signal.npy
[device] cuda
  [train] epoch 60/300  loss=0.4187
  [train] epoch 120/300  loss=0.2908
  [train] epoch 180/300  loss=0.2168
  [train] epoch 240/300  loss=0.1652
  [train] epoch 300/300  loss=0.1277

[VAL] scene=ds_v1_seed0/computer_room_v61  (pixel 70/30 split)
  AUC      = 0.9899
  IoU@0.5  = 0.8868
  F1@0.5   = 0.9400
  accuracy = 0.9474  (prec=0.9249, rec=0.9557)
  tp=7288 fp=592 fn=338 tn=9446

[save] D:\Users\dust\Documents\학교\2026년도1학기\컴퓨터비전\실습\FoundationStereo\experiments\ds_v1_seed0/computer_room_v61\submodel
  pred_mask.png, panel.png, metrics.json, head.pt
DONE: D:\Users\dust\Documents\학교\2026년도1학기\컴퓨터비전\실습\FoundationStereo\experiments\ds_v1_seed0/computer_room_v61\submodel
[device] cuda
[load] D:\Users\dust\Documents\학교\2026년도1학기\컴퓨터비전\실습\FoundationStereo\experiments\_model\general_head.pt  (train_scenes=['archiviz_baseline080', 'bedroom_baseline080', 'blue_bathroom_baseline080', 'computer_room_baseline080', 'cozy_living_room_baseline080', 'flat-archiviz_baseline080', 'green_house_baseline080', 'gym_baseline080', 'livingroom_baseline080', 'minimal_interior_baseline080', 'scandinavian_baseline080', 'sunlight_baseline080'])

[APPLY] ds_v1_seed0/computer_room_v61  (저장모델로 새 데이터 평가)
  AUC      = 0.9691
  IoU@0.5  = 0.4613
  F1@0.5   = 0.6314
  accuracy = 0.7665  (prec=0.9967, rec=0.4620)
  tp=11775 fp=39 fn=13711 tn=33355
[save] D:\Users\dust\Documents\학교\2026년도1학기\컴퓨터비전\실습\FoundationStereo\experiments\ds_v1_seed0/computer_room_v61\submodel_applied  (pred_mask.png, panel.png, metrics.json)

============================================================
STEP: estimate_mirror_plane
============================================================

============================================================
STEP: viz_ransac_inliers
============================================================

============================================================
STEP: make_mirror_gt_from_depth
============================================================

============================================================
STEP: analyze_features
============================================================

============================================================
STEP: submodel_head
============================================================

============================================================
STEP: apply_submodel
============================================================

DONE: D:\Users\dust\Documents\학교\2026년도1학기\컴퓨터비전\실습\FoundationStereo\experiments\ds_v1_seed0/computer_room_v61 (ok)

##### [63/131] ds_v1_seed0/computer_room_v62  (done 23, fail 0, skip 39, elapsed 17m, ETA 51m) #####
[scene] ds_v1_seed0/computer_room_v62  size=1280x720
[select] mirror 점 개수 = 129575  (mask=129575, valid&depth = 869264)
[conf] mirror 영역 평균 confidence = 0.6976

=== 평면 추정 결과 ===
  [PCA (closed form)]
      normal = [-0.0247, -0.9219, -0.3867]
      d = +0.7668   mirror_depth(perp) = 0.7668 m   view_z = 5.2685 m
      n_inliers = 129575/129575   rms_residual = 0.22706 m
  [RANSAC]
      normal = [-0.0339, -0.9089, -0.4157]
      d = +1.2178   mirror_depth(perp) = 1.2178 m   view_z = 5.2685 m
      n_inliers = 38246/129575   rms_residual = 0.01548 m
  [SVD robust (IRLS)]
      normal = [-0.0016, -0.9231, -0.3845]
      d = +0.7496   mirror_depth(perp) = 0.7496 m   view_z = 5.2685 m
      n_inliers = 20070/129575   rms_residual = 0.03714 m

[save] D:\Users\dust\Documents\학교\2026년도1학기\컴퓨터비전\실습\FoundationStereo\experiments\ds_v1_seed0/computer_room_v62\mirror_geometry\result.json
[save] D:\Users\dust\Documents\학교\2026년도1학기\컴퓨터비전\실습\FoundationStereo\experiments\ds_v1_seed0/computer_room_v62\mirror_geometry\plane.txt
[save] D:\Users\dust\Documents\학교\2026년도1학기\컴퓨터비전\실습\FoundationStereo\experiments\ds_v1_seed0/computer_room_v62\mirror_geometry\viz.png

DONE: D:\Users\dust\Documents\학교\2026년도1학기\컴퓨터비전\실습\FoundationStereo\experiments\ds_v1_seed0/computer_room_v62\mirror_geometry
[ds_v1_seed0/computer_room_v62] 거울 점 129575개 중 inlier 38246 (29.5%) / outlier 91329
  normal=[-0.034 -0.909 -0.416] d=1.218  rms(inlier)=0.0155 m  thr≈0.067 m
[save] D:\Users\dust\Documents\학교\2026년도1학기\컴퓨터비전\실습\FoundationStereo\experiments\ds_v1_seed0/computer_room_v62\mirror_geometry\ransac_inliers.png
[gt] computer_room_v62            perp 3.61m planRMS 0.0069m  normal [0.335, 0.362, -0.87]

생성 1, 건너뜀 0 (depth_gt/mask 없음 등)
[ds_v1_seed0/computer_room_v62] feature 184x320  mirror_frac=0.1424592391304348  feat_left=True
rank  signal              AUC    pol  sep     mean_in     mean_out
  1  post_entropy       0.7897   -  0.6115    0.701893    1.008117
  2  post_conf          0.7528   +  0.5136    0.697689    0.565928
  3  delta_conf         0.7029   +  0.3819    0.316035    0.122039
  4  delta_entropy      0.6888   -  0.3424   -1.294355    -0.72784
  5  feat_left_pc1      0.6511   -  0.2195    1.940734    2.907146
  6  feat_left_l2       0.6469   +   0.216   17.617574   16.117038
  7  pre_entropy         0.616   +   0.172    1.996248    1.735958
  8  pre_conf           0.5955   -   0.151    0.381654    0.443889
  9  feat_left_pc3       0.572   +   0.158     2.08013    1.564368
 10  feat_left_pc2      0.5239   -  0.0249     2.10894    2.214624
 11  delta_argdisp      0.5185   +  0.0391   46.166786   43.785768
BEST: post_entropy (AUC=0.7897, polarity=-)
저장: D:\Users\dust\Documents\학교\2026년도1학기\컴퓨터비전\실습\FoundationStereo\experiments\ds_v1_seed0/computer_room_v62\features\report.json / panels.png / mirror_signal.npy
[device] cuda
  [train] epoch 60/300  loss=0.6051
  [train] epoch 120/300  loss=0.4699
  [train] epoch 180/300  loss=0.3743
  [train] epoch 240/300  loss=0.2917
  [train] epoch 300/300  loss=0.2249

[VAL] scene=ds_v1_seed0/computer_room_v62  (pixel 70/30 split)
  AUC      = 0.9844
  IoU@0.5  = 0.6427
  F1@0.5   = 0.7825
  accuracy = 0.9240  (prec=0.6587, rec=0.9637)
  tp=2414 fp=1251 fn=91 tn=13908

[save] D:\Users\dust\Documents\학교\2026년도1학기\컴퓨터비전\실습\FoundationStereo\experiments\ds_v1_seed0/computer_room_v62\submodel
  pred_mask.png, panel.png, metrics.json, head.pt
DONE: D:\Users\dust\Documents\학교\2026년도1학기\컴퓨터비전\실습\FoundationStereo\experiments\ds_v1_seed0/computer_room_v62\submodel
[device] cuda
[load] D:\Users\dust\Documents\학교\2026년도1학기\컴퓨터비전\실습\FoundationStereo\experiments\_model\general_head.pt  (train_scenes=['archiviz_baseline080', 'bedroom_baseline080', 'blue_bathroom_baseline080', 'computer_room_baseline080', 'cozy_living_room_baseline080', 'flat-archiviz_baseline080', 'green_house_baseline080', 'gym_baseline080', 'livingroom_baseline080', 'minimal_interior_baseline080', 'scandinavian_baseline080', 'sunlight_baseline080'])

[APPLY] ds_v1_seed0/computer_room_v62  (저장모델로 새 데이터 평가)
  AUC      = 0.9873
  IoU@0.5  = 0.6770
  F1@0.5   = 0.8074
  accuracy = 0.9504  (prec=0.9026, rec=0.7303)
  tp=6126 fp=661 fn=2262 tn=49831
[save] D:\Users\dust\Documents\학교\2026년도1학기\컴퓨터비전\실습\FoundationStereo\experiments\ds_v1_seed0/computer_room_v62\submodel_applied  (pred_mask.png, panel.png, metrics.json)

============================================================
STEP: estimate_mirror_plane
============================================================

============================================================
STEP: viz_ransac_inliers
============================================================

============================================================
STEP: make_mirror_gt_from_depth
============================================================

============================================================
STEP: analyze_features
============================================================

============================================================
STEP: submodel_head
============================================================

============================================================
STEP: apply_submodel
============================================================

DONE: D:\Users\dust\Documents\학교\2026년도1학기\컴퓨터비전\실습\FoundationStereo\experiments\ds_v1_seed0/computer_room_v62 (ok)

##### [64/131] ds_v1_seed0/computer_room_v63  (done 24, fail 0, skip 39, elapsed 17m, ETA 50m) #####
[scene] ds_v1_seed0/computer_room_v63  size=1280x720
[select] mirror 점 개수 = 295731  (mask=297456, valid&depth = 885145)
[conf] mirror 영역 평균 confidence = 0.7134

=== 평면 추정 결과 ===
  [PCA (closed form)]
      normal = [-0.0926, -0.8663, -0.4909]
      d = +1.6938   mirror_depth(perp) = 1.6938 m   view_z = 5.3964 m
      n_inliers = 295731/295731   rms_residual = 0.39015 m
  [RANSAC]
      normal = [+0.4612, +0.2107, -0.8619]
      d = +6.9339   mirror_depth(perp) = 6.9339 m   view_z = 5.3964 m
      n_inliers = 89210/295731   rms_residual = 0.02195 m
  [SVD robust (IRLS)]
      normal = [-0.0971, -0.8556, -0.5084]
      d = +1.7614   mirror_depth(perp) = 1.7614 m   view_z = 5.3964 m
      n_inliers = 41231/295731   rms_residual = 0.04194 m

[save] D:\Users\dust\Documents\학교\2026년도1학기\컴퓨터비전\실습\FoundationStereo\experiments\ds_v1_seed0/computer_room_v63\mirror_geometry\result.json
[save] D:\Users\dust\Documents\학교\2026년도1학기\컴퓨터비전\실습\FoundationStereo\experiments\ds_v1_seed0/computer_room_v63\mirror_geometry\plane.txt
[save] D:\Users\dust\Documents\학교\2026년도1학기\컴퓨터비전\실습\FoundationStereo\experiments\ds_v1_seed0/computer_room_v63\mirror_geometry\viz.png

DONE: D:\Users\dust\Documents\학교\2026년도1학기\컴퓨터비전\실습\FoundationStereo\experiments\ds_v1_seed0/computer_room_v63\mirror_geometry
[ds_v1_seed0/computer_room_v63] 거울 점 295731개 중 inlier 89210 (30.2%) / outlier 206521
  normal=[ 0.461  0.211 -0.862] d=6.934  rms(inlier)=0.0219 m  thr≈0.073 m
[save] D:\Users\dust\Documents\학교\2026년도1학기\컴퓨터비전\실습\FoundationStereo\experiments\ds_v1_seed0/computer_room_v63\mirror_geometry\ransac_inliers.png
[gt] computer_room_v63            perp 3.22m planRMS 0.0010m  normal [0.466, 0.242, -0.851]

생성 1, 건너뜀 0 (depth_gt/mask 없음 등)
[ds_v1_seed0/computer_room_v63] feature 184x320  mirror_frac=0.3247452445652174  feat_left=True
rank  signal              AUC    pol  sep     mean_in     mean_out
  1  post_entropy       0.7351   -  0.5048    0.654251    0.976008
  2  post_conf          0.6992   +  0.4124    0.712322    0.588012
  3  delta_entropy      0.6612   -  0.3074   -1.419362   -0.830782
  4  delta_conf         0.6585   +  0.2845    0.322292    0.161066
  5  feat_left_pc1      0.6059   -  0.2056    1.828993    2.640498
  6  feat_left_l2       0.6008   +  0.1309   17.025468   16.273359
  7  pre_entropy        0.5951   +  0.1561    2.073613    1.806791
  8  pre_conf           0.5652   -  0.0843     0.39003    0.426946
  9  feat_left_pc2       0.531   -  0.0687    1.932874    2.162121
 10  feat_left_pc3       0.516   +  0.0284    1.753995    1.667444
 11  delta_argdisp      0.5079   +  0.0116   46.875634   46.139918
BEST: post_entropy (AUC=0.7351, polarity=-)
저장: D:\Users\dust\Documents\학교\2026년도1학기\컴퓨터비전\실습\FoundationStereo\experiments\ds_v1_seed0/computer_room_v63\features\report.json / panels.png / mirror_signal.npy
[device] cuda
  [train] epoch 60/300  loss=0.5359
  [train] epoch 120/300  loss=0.4207
  [train] epoch 180/300  loss=0.3288
  [train] epoch 240/300  loss=0.2499
  [train] epoch 300/300  loss=0.1868

[VAL] scene=ds_v1_seed0/computer_room_v63  (pixel 70/30 split)
  AUC      = 0.9862
  IoU@0.5  = 0.8235
  F1@0.5   = 0.9032
  accuracy = 0.9341  (prec=0.8561, rec=0.9558)
  tp=5430 fp=913 fn=251 tn=11070

[save] D:\Users\dust\Documents\학교\2026년도1학기\컴퓨터비전\실습\FoundationStereo\experiments\ds_v1_seed0/computer_room_v63\submodel
  pred_mask.png, panel.png, metrics.json, head.pt
DONE: D:\Users\dust\Documents\학교\2026년도1학기\컴퓨터비전\실습\FoundationStereo\experiments\ds_v1_seed0/computer_room_v63\submodel
[device] cuda
[load] D:\Users\dust\Documents\학교\2026년도1학기\컴퓨터비전\실습\FoundationStereo\experiments\_model\general_head.pt  (train_scenes=['archiviz_baseline080', 'bedroom_baseline080', 'blue_bathroom_baseline080', 'computer_room_baseline080', 'cozy_living_room_baseline080', 'flat-archiviz_baseline080', 'green_house_baseline080', 'gym_baseline080', 'livingroom_baseline080', 'minimal_interior_baseline080', 'scandinavian_baseline080', 'sunlight_baseline080'])

[APPLY] ds_v1_seed0/computer_room_v63  (저장모델로 새 데이터 평가)
  AUC      = 0.9800
  IoU@0.5  = 0.5747
  F1@0.5   = 0.7299
  accuracy = 0.8604  (prec=0.9814, rec=0.5810)
  tp=11110 fp=210 fn=8011 tn=39549
[save] D:\Users\dust\Documents\학교\2026년도1학기\컴퓨터비전\실습\FoundationStereo\experiments\ds_v1_seed0/computer_room_v63\submodel_applied  (pred_mask.png, panel.png, metrics.json)

============================================================
STEP: estimate_mirror_plane
============================================================

============================================================
STEP: viz_ransac_inliers
============================================================

============================================================
STEP: make_mirror_gt_from_depth
============================================================

============================================================
STEP: analyze_features
============================================================

============================================================
STEP: submodel_head
============================================================

============================================================
STEP: apply_submodel
============================================================

DONE: D:\Users\dust\Documents\학교\2026년도1학기\컴퓨터비전\실습\FoundationStereo\experiments\ds_v1_seed0/computer_room_v63 (ok)

##### [65/131] ds_v1_seed0/computer_room_v64  (done 25, fail 0, skip 39, elapsed 18m, ETA 49m) #####
[scene] ds_v1_seed0/computer_room_v64  size=1280x720
[select] mirror 점 개수 = 392576  (mask=405511, valid&depth = 901164)
[conf] mirror 영역 평균 confidence = 0.7283

=== 평면 추정 결과 ===
  [PCA (closed form)]
      normal = [-0.3558, -0.6231, -0.6966]
      d = +3.0917   mirror_depth(perp) = 3.0917 m   view_z = 5.7022 m
      n_inliers = 392576/392576   rms_residual = 0.55869 m
  [RANSAC]
      normal = [+0.4750, +0.0970, -0.8747]
      d = +7.1174   mirror_depth(perp) = 7.1174 m   view_z = 5.7022 m
      n_inliers = 143599/392576   rms_residual = 0.01877 m
  [SVD robust (IRLS)]
      normal = [-0.3717, -0.5927, -0.7145]
      d = +3.2080   mirror_depth(perp) = 3.2080 m   view_z = 5.7022 m
      n_inliers = 39680/392576   rms_residual = 0.04266 m

[save] D:\Users\dust\Documents\학교\2026년도1학기\컴퓨터비전\실습\FoundationStereo\experiments\ds_v1_seed0/computer_room_v64\mirror_geometry\result.json
[save] D:\Users\dust\Documents\학교\2026년도1학기\컴퓨터비전\실습\FoundationStereo\experiments\ds_v1_seed0/computer_room_v64\mirror_geometry\plane.txt
[save] D:\Users\dust\Documents\학교\2026년도1학기\컴퓨터비전\실습\FoundationStereo\experiments\ds_v1_seed0/computer_room_v64\mirror_geometry\viz.png

DONE: D:\Users\dust\Documents\학교\2026년도1학기\컴퓨터비전\실습\FoundationStereo\experiments\ds_v1_seed0/computer_room_v64\mirror_geometry
[ds_v1_seed0/computer_room_v64] 거울 점 392576개 중 inlier 143599 (36.6%) / outlier 248977
  normal=[ 0.475  0.097 -0.875] d=7.117  rms(inlier)=0.0188 m  thr≈0.074 m
[save] D:\Users\dust\Documents\학교\2026년도1학기\컴퓨터비전\실습\FoundationStereo\experiments\ds_v1_seed0/computer_room_v64\mirror_geometry\ransac_inliers.png
[gt] computer_room_v64            perp 3.39m planRMS 0.0008m  normal [0.499, 0.109, -0.86]

생성 1, 건너뜀 0 (depth_gt/mask 없음 등)
[ds_v1_seed0/computer_room_v64] feature 184x320  mirror_frac=0.442578125  feat_left=True
rank  signal              AUC    pol  sep     mean_in     mean_out
  1  post_entropy       0.6786   -  0.3285    0.661962    0.786307
  2  post_conf          0.6647   +  0.3023    0.724216    0.653147
  3  delta_conf         0.6038   +  0.1701    0.334579     0.25495
  4  delta_entropy      0.5856   -  0.1842   -1.418386   -1.109362
  5  delta_argdisp      0.5581   +  0.0986    49.33286   42.967521
  6  pre_entropy        0.5451   +  0.1104    2.080348    1.895668
  7  feat_left_l2        0.529   +  0.0616   16.769064   16.401507
  8  feat_left_pc1       0.527   -  0.0212    2.363744    2.450329
  9  pre_conf           0.5236   -  0.0205    0.389636    0.398197
 10  feat_left_pc2      0.5228   +  0.0538    2.246634    2.071712
 11  feat_left_pc3      0.5158   +  0.0565    1.864563    1.676292
BEST: post_entropy (AUC=0.6786, polarity=-)
저장: D:\Users\dust\Documents\학교\2026년도1학기\컴퓨터비전\실습\FoundationStereo\experiments\ds_v1_seed0/computer_room_v64\features\report.json / panels.png / mirror_signal.npy
[device] cuda
  [train] epoch 60/300  loss=0.4124
  [train] epoch 120/300  loss=0.2784
  [train] epoch 180/300  loss=0.1968
  [train] epoch 240/300  loss=0.1437
  [train] epoch 300/300  loss=0.1078

[VAL] scene=ds_v1_seed0/computer_room_v64  (pixel 70/30 split)
  AUC      = 0.9923
  IoU@0.5  = 0.9017
  F1@0.5   = 0.9483
  accuracy = 0.9541  (prec=0.9394, rec=0.9574)
  tp=7430 fp=479 fn=331 tn=9424

[save] D:\Users\dust\Documents\학교\2026년도1학기\컴퓨터비전\실습\FoundationStereo\experiments\ds_v1_seed0/computer_room_v64\submodel
  pred_mask.png, panel.png, metrics.json, head.pt
DONE: D:\Users\dust\Documents\학교\2026년도1학기\컴퓨터비전\실습\FoundationStereo\experiments\ds_v1_seed0/computer_room_v64\submodel
[device] cuda
[load] D:\Users\dust\Documents\학교\2026년도1학기\컴퓨터비전\실습\FoundationStereo\experiments\_model\general_head.pt  (train_scenes=['archiviz_baseline080', 'bedroom_baseline080', 'blue_bathroom_baseline080', 'computer_room_baseline080', 'cozy_living_room_baseline080', 'flat-archiviz_baseline080', 'green_house_baseline080', 'gym_baseline080', 'livingroom_baseline080', 'minimal_interior_baseline080', 'scandinavian_baseline080', 'sunlight_baseline080'])

[APPLY] ds_v1_seed0/computer_room_v64  (저장모델로 새 데이터 평가)
  AUC      = 0.9700
  IoU@0.5  = 0.4829
  F1@0.5   = 0.6513
  accuracy = 0.7707  (prec=0.9956, rec=0.4839)
  tp=12611 fp=56 fn=13448 tn=32765
[save] D:\Users\dust\Documents\학교\2026년도1학기\컴퓨터비전\실습\FoundationStereo\experiments\ds_v1_seed0/computer_room_v64\submodel_applied  (pred_mask.png, panel.png, metrics.json)

============================================================
STEP: estimate_mirror_plane
============================================================

============================================================
STEP: viz_ransac_inliers
============================================================

============================================================
STEP: make_mirror_gt_from_depth
============================================================

============================================================
STEP: analyze_features
============================================================

============================================================
STEP: submodel_head
============================================================

============================================================
STEP: apply_submodel
============================================================

DONE: D:\Users\dust\Documents\학교\2026년도1학기\컴퓨터비전\실습\FoundationStereo\experiments\ds_v1_seed0/computer_room_v64 (ok)

##### [66/131] ds_v1_seed0/computer_room_v65  (done 26, fail 0, skip 39, elapsed 19m, ETA 49m) #####
[scene] ds_v1_seed0/computer_room_v65  size=1280x720
[select] mirror 점 개수 = 187337  (mask=195599, valid&depth = 883319)
[conf] mirror 영역 평균 confidence = 0.6962

=== 평면 추정 결과 ===
  [PCA (closed form)]
      normal = [-0.0896, -0.8800, -0.4665]
      d = +1.2322   mirror_depth(perp) = 1.2322 m   view_z = 5.0165 m
      n_inliers = 187337/187337   rms_residual = 0.26031 m
  [RANSAC]
      normal = [+0.0040, -0.9063, -0.4227]
      d = +1.4167   mirror_depth(perp) = 1.4167 m   view_z = 5.0165 m
      n_inliers = 64629/187337   rms_residual = 0.01507 m
  [SVD robust (IRLS)]
      normal = [-0.1407, -0.8549, -0.4994]
      d = +1.3566   mirror_depth(perp) = 1.3566 m   view_z = 5.0165 m
      n_inliers = 24217/187337   rms_residual = 0.04168 m

[save] D:\Users\dust\Documents\학교\2026년도1학기\컴퓨터비전\실습\FoundationStereo\experiments\ds_v1_seed0/computer_room_v65\mirror_geometry\result.json
[save] D:\Users\dust\Documents\학교\2026년도1학기\컴퓨터비전\실습\FoundationStereo\experiments\ds_v1_seed0/computer_room_v65\mirror_geometry\plane.txt
[save] D:\Users\dust\Documents\학교\2026년도1학기\컴퓨터비전\실습\FoundationStereo\experiments\ds_v1_seed0/computer_room_v65\mirror_geometry\viz.png

DONE: D:\Users\dust\Documents\학교\2026년도1학기\컴퓨터비전\실습\FoundationStereo\experiments\ds_v1_seed0/computer_room_v65\mirror_geometry
[ds_v1_seed0/computer_room_v65] 거울 점 187337개 중 inlier 64629 (34.5%) / outlier 122708
  normal=[ 0.004 -0.906 -0.423] d=1.417  rms(inlier)=0.0151 m  thr≈0.068 m
[save] D:\Users\dust\Documents\학교\2026년도1학기\컴퓨터비전\실습\FoundationStereo\experiments\ds_v1_seed0/computer_room_v65\mirror_geometry\ransac_inliers.png
[gt] computer_room_v65            perp 3.30m planRMS 0.0000m  normal [0.503, 0.35, -0.79]

생성 1, 건너뜀 0 (depth_gt/mask 없음 등)
[ds_v1_seed0/computer_room_v65] feature 184x320  mirror_frac=0.21447010869565217  feat_left=True
rank  signal              AUC    pol  sep     mean_in     mean_out
  1  post_entropy       0.7017   -  0.4162    0.700826    0.992339
  2  post_conf          0.6751   +  0.3625    0.694396    0.586587
  3  feat_left_pc1      0.6401   -  0.2234    1.963138    2.844955
  4  delta_entropy      0.6214   -  0.2516   -1.300396   -0.812268
  5  delta_conf         0.6154   +  0.2103     0.28079    0.163193
  6  feat_left_l2       0.5814   +  0.1263   17.100841   16.308522
  7  pre_entropy        0.5581   +   0.115    2.001222    1.804606
  8  feat_left_pc3      0.5365   +  0.0723    1.836655    1.616823
  9  pre_conf           0.5356   -  0.0221    0.413606    0.423394
 10  delta_argdisp      0.5102   -  0.0123   44.910516   45.709007
 11  feat_left_pc2      0.5089   -  0.0093    2.028933    2.062888
BEST: post_entropy (AUC=0.7017, polarity=-)
저장: D:\Users\dust\Documents\학교\2026년도1학기\컴퓨터비전\실습\FoundationStereo\experiments\ds_v1_seed0/computer_room_v65\features\report.json / panels.png / mirror_signal.npy
[device] cuda
  [train] epoch 60/300  loss=0.6140
  [train] epoch 120/300  loss=0.4746
  [train] epoch 180/300  loss=0.3670
  [train] epoch 240/300  loss=0.2799
  [train] epoch 300/300  loss=0.2128

[VAL] scene=ds_v1_seed0/computer_room_v65  (pixel 70/30 split)
  AUC      = 0.9828
  IoU@0.5  = 0.7312
  F1@0.5   = 0.8447
  accuracy = 0.9271  (prec=0.7694, rec=0.9364)
  tp=3504 fp=1050 fn=238 tn=12872

[save] D:\Users\dust\Documents\학교\2026년도1학기\컴퓨터비전\실습\FoundationStereo\experiments\ds_v1_seed0/computer_room_v65\submodel
  pred_mask.png, panel.png, metrics.json, head.pt
DONE: D:\Users\dust\Documents\학교\2026년도1학기\컴퓨터비전\실습\FoundationStereo\experiments\ds_v1_seed0/computer_room_v65\submodel
[device] cuda
[load] D:\Users\dust\Documents\학교\2026년도1학기\컴퓨터비전\실습\FoundationStereo\experiments\_model\general_head.pt  (train_scenes=['archiviz_baseline080', 'bedroom_baseline080', 'blue_bathroom_baseline080', 'computer_room_baseline080', 'cozy_living_room_baseline080', 'flat-archiviz_baseline080', 'green_house_baseline080', 'gym_baseline080', 'livingroom_baseline080', 'minimal_interior_baseline080', 'scandinavian_baseline080', 'sunlight_baseline080'])

[APPLY] ds_v1_seed0/computer_room_v65  (저장모델로 새 데이터 평가)
  AUC      = 0.9760
  IoU@0.5  = 0.5059
  F1@0.5   = 0.6719
  accuracy = 0.8918  (prec=0.9607, rec=0.5166)
  tp=6524 fp=267 fn=6104 tn=45985
[save] D:\Users\dust\Documents\학교\2026년도1학기\컴퓨터비전\실습\FoundationStereo\experiments\ds_v1_seed0/computer_room_v65\submodel_applied  (pred_mask.png, panel.png, metrics.json)

============================================================
STEP: estimate_mirror_plane
============================================================

============================================================
STEP: viz_ransac_inliers
============================================================

============================================================
STEP: make_mirror_gt_from_depth
============================================================

============================================================
STEP: analyze_features
============================================================

============================================================
STEP: submodel_head
============================================================

============================================================
STEP: apply_submodel
============================================================

DONE: D:\Users\dust\Documents\학교\2026년도1학기\컴퓨터비전\실습\FoundationStereo\experiments\ds_v1_seed0/computer_room_v65 (ok)

##### [118/131] ds_v1_seed0/green_house_v51  (done 27, fail 0, skip 90, elapsed 20m, ETA 10m) #####
[scene] ds_v1_seed0/green_house_v51  size=1280x720
[select] mirror 점 개수 = 176605  (mask=176605, valid&depth = 892774)
[conf] mirror 영역 평균 confidence = 0.7065

=== 평면 추정 결과 ===
  [PCA (closed form)]
      normal = [-0.0115, -0.8884, -0.4589]
      d = +2.7171   mirror_depth(perp) = 2.7171 m   view_z = 6.0031 m
      n_inliers = 176605/176605   rms_residual = 0.39793 m
  [RANSAC]
      normal = [-0.5508, +0.0147, -0.8345]
      d = +8.1588   mirror_depth(perp) = 8.1588 m   view_z = 6.0031 m
      n_inliers = 63036/176605   rms_residual = 0.01653 m
  [SVD robust (IRLS)]
      normal = [-0.0213, -0.8950, -0.4455]
      d = +2.6571   mirror_depth(perp) = 2.6571 m   view_z = 6.0031 m
      n_inliers = 24448/176605   rms_residual = 0.04141 m

[save] D:\Users\dust\Documents\학교\2026년도1학기\컴퓨터비전\실습\FoundationStereo\experiments\ds_v1_seed0/green_house_v51\mirror_geometry\result.json
[save] D:\Users\dust\Documents\학교\2026년도1학기\컴퓨터비전\실습\FoundationStereo\experiments\ds_v1_seed0/green_house_v51\mirror_geometry\plane.txt
[save] D:\Users\dust\Documents\학교\2026년도1학기\컴퓨터비전\실습\FoundationStereo\experiments\ds_v1_seed0/green_house_v51\mirror_geometry\viz.png

DONE: D:\Users\dust\Documents\학교\2026년도1학기\컴퓨터비전\실습\FoundationStereo\experiments\ds_v1_seed0/green_house_v51\mirror_geometry
[ds_v1_seed0/green_house_v51] 거울 점 176605개 중 inlier 63036 (35.7%) / outlier 113569
  normal=[-0.551  0.015 -0.834] d=8.159  rms(inlier)=0.0165 m  thr≈0.072 m
[save] D:\Users\dust\Documents\학교\2026년도1학기\컴퓨터비전\실습\FoundationStereo\experiments\ds_v1_seed0/green_house_v51\mirror_geometry\ransac_inliers.png
[gt] green_house_v51              perp 3.66m planRMS 0.0050m  normal [-0.563, 0.146, -0.814]

생성 1, 건너뜀 0 (depth_gt/mask 없음 등)
[ds_v1_seed0/green_house_v51] feature 184x320  mirror_frac=0.19166100543478262  feat_left=True
rank  signal              AUC    pol  sep     mean_in     mean_out
  1  feat_left_l2       0.6001   +  0.1651   17.493759   16.616023
  2  pre_conf           0.5538   -  0.1088    0.386866    0.431861
  3  delta_conf         0.5531   +  0.1231    0.320163    0.260379
  4  feat_left_pc1      0.5462   -  0.0527    2.572303    2.750485
  5  pre_entropy        0.5399   +  0.0396    1.931811    1.871856
  6  delta_entropy      0.5343   -   0.057   -1.261522   -1.172009
  7  post_entropy       0.5191   +  0.0771     0.67029    0.699846
  8  delta_argdisp      0.5189   +  0.0345     46.1463   44.002185
  9  post_conf          0.5176   +  0.0593    0.707029     0.69224
 10  feat_left_pc3      0.5156   -   0.027    1.684481    1.762788
 11  feat_left_pc2      0.5078   +  0.0578    1.947636    1.765792
BEST: feat_left_l2 (AUC=0.6001, polarity=+)
저장: D:\Users\dust\Documents\학교\2026년도1학기\컴퓨터비전\실습\FoundationStereo\experiments\ds_v1_seed0/green_house_v51\features\report.json / panels.png / mirror_signal.npy
[device] cuda
  [train] epoch 60/300  loss=0.6036
  [train] epoch 120/300  loss=0.4246
  [train] epoch 180/300  loss=0.3065
  [train] epoch 240/300  loss=0.2227
  [train] epoch 300/300  loss=0.1662

[VAL] scene=ds_v1_seed0/green_house_v51  (pixel 70/30 split)
  AUC      = 0.9879
  IoU@0.5  = 0.7668
  F1@0.5   = 0.8680
  accuracy = 0.9451  (prec=0.8029, rec=0.9446)
  tp=3190 fp=783 fn=187 tn=13504

[save] D:\Users\dust\Documents\학교\2026년도1학기\컴퓨터비전\실습\FoundationStereo\experiments\ds_v1_seed0/green_house_v51\submodel
  pred_mask.png, panel.png, metrics.json, head.pt
DONE: D:\Users\dust\Documents\학교\2026년도1학기\컴퓨터비전\실습\FoundationStereo\experiments\ds_v1_seed0/green_house_v51\submodel
[device] cuda
[load] D:\Users\dust\Documents\학교\2026년도1학기\컴퓨터비전\실습\FoundationStereo\experiments\_model\general_head.pt  (train_scenes=['archiviz_baseline080', 'bedroom_baseline080', 'blue_bathroom_baseline080', 'computer_room_baseline080', 'cozy_living_room_baseline080', 'flat-archiviz_baseline080', 'green_house_baseline080', 'gym_baseline080', 'livingroom_baseline080', 'minimal_interior_baseline080', 'scandinavian_baseline080', 'sunlight_baseline080'])

[APPLY] ds_v1_seed0/green_house_v51  (저장모델로 새 데이터 평가)
  AUC      = 0.9491
  IoU@0.5  = 0.5688
  F1@0.5   = 0.7251
  accuracy = 0.9048  (prec=0.8123, rec=0.6549)
  tp=7390 fp=1708 fn=3895 tn=45887
[save] D:\Users\dust\Documents\학교\2026년도1학기\컴퓨터비전\실습\FoundationStereo\experiments\ds_v1_seed0/green_house_v51\submodel_applied  (pred_mask.png, panel.png, metrics.json)

============================================================
STEP: estimate_mirror_plane
============================================================

============================================================
STEP: viz_ransac_inliers
============================================================

============================================================
STEP: make_mirror_gt_from_depth
============================================================

============================================================
STEP: analyze_features
============================================================

============================================================
STEP: submodel_head
============================================================

============================================================
STEP: apply_submodel
============================================================

DONE: D:\Users\dust\Documents\학교\2026년도1학기\컴퓨터비전\실습\FoundationStereo\experiments\ds_v1_seed0/green_house_v51 (ok)

##### [119/131] ds_v1_seed0/green_house_v52  (done 28, fail 0, skip 90, elapsed 21m, ETA 10m) #####
[scene] ds_v1_seed0/green_house_v52  size=1280x720
[select] mirror 점 개수 = 150926  (mask=150926, valid&depth = 892505)
[conf] mirror 영역 평균 confidence = 0.7305

=== 평면 추정 결과 ===
  [PCA (closed form)]
      normal = [+0.0124, -0.8716, -0.4901]
      d = +2.8050   mirror_depth(perp) = 2.8050 m   view_z = 6.3494 m
      n_inliers = 150926/150926   rms_residual = 0.39291 m
  [RANSAC]
      normal = [-0.5016, +0.1479, -0.8524]
      d = +8.2674   mirror_depth(perp) = 8.2674 m   view_z = 6.3494 m
      n_inliers = 51632/150926   rms_residual = 0.01224 m
  [SVD robust (IRLS)]
      normal = [-0.0021, -0.8735, -0.4867]
      d = +2.8107   mirror_depth(perp) = 2.8107 m   view_z = 6.3494 m
      n_inliers = 21370/150926   rms_residual = 0.04103 m

[save] D:\Users\dust\Documents\학교\2026년도1학기\컴퓨터비전\실습\FoundationStereo\experiments\ds_v1_seed0/green_house_v52\mirror_geometry\result.json
[save] D:\Users\dust\Documents\학교\2026년도1학기\컴퓨터비전\실습\FoundationStereo\experiments\ds_v1_seed0/green_house_v52\mirror_geometry\plane.txt
[save] D:\Users\dust\Documents\학교\2026년도1학기\컴퓨터비전\실습\FoundationStereo\experiments\ds_v1_seed0/green_house_v52\mirror_geometry\viz.png

DONE: D:\Users\dust\Documents\학교\2026년도1학기\컴퓨터비전\실습\FoundationStereo\experiments\ds_v1_seed0/green_house_v52\mirror_geometry
[ds_v1_seed0/green_house_v52] 거울 점 150926개 중 inlier 51632 (34.2%) / outlier 99294
  normal=[-0.502  0.148 -0.852] d=8.267  rms(inlier)=0.0122 m  thr≈0.072 m
[save] D:\Users\dust\Documents\학교\2026년도1학기\컴퓨터비전\실습\FoundationStereo\experiments\ds_v1_seed0/green_house_v52\mirror_geometry\ransac_inliers.png
[gt] green_house_v52              perp 3.91m planRMS 0.0040m  normal [-0.449, 0.192, -0.873]

생성 1, 건너뜀 0 (depth_gt/mask 없음 등)
[ds_v1_seed0/green_house_v52] feature 184x320  mirror_frac=0.1639945652173913  feat_left=True
rank  signal              AUC    pol  sep     mean_in     mean_out
  1  feat_left_l2       0.6065   +  0.1638   17.497764   16.622484
  2  feat_left_pc1      0.5926   -  0.1448    2.345652    2.809224
  3  delta_conf         0.5826   +  0.1648    0.348044    0.269615
  4  post_conf          0.5656   +   0.135    0.729785    0.697199
  5  pre_conf           0.5515   -   0.113    0.381741    0.427584
  6  delta_entropy      0.5444   -  0.0716   -1.313991   -1.204116
  7  post_entropy       0.5435   -  0.1466    0.637508    0.687106
  8  pre_entropy        0.5369   +  0.0405    1.951499    1.891222
  9  delta_argdisp       0.524   +  0.0464    47.01947   44.120084
 10  feat_left_pc3      0.5171   -  0.0312    1.696435    1.784979
 11  feat_left_pc2      0.5075   +  0.0374    1.907982    1.788982
BEST: feat_left_l2 (AUC=0.6065, polarity=+)
저장: D:\Users\dust\Documents\학교\2026년도1학기\컴퓨터비전\실습\FoundationStereo\experiments\ds_v1_seed0/green_house_v52\features\report.json / panels.png / mirror_signal.npy
[device] cuda
  [train] epoch 60/300  loss=0.5638
  [train] epoch 120/300  loss=0.3956
  [train] epoch 180/300  loss=0.2850
  [train] epoch 240/300  loss=0.2051
  [train] epoch 300/300  loss=0.1505

[VAL] scene=ds_v1_seed0/green_house_v52  (pixel 70/30 split)
  AUC      = 0.9914
  IoU@0.5  = 0.7532
  F1@0.5   = 0.8592
  accuracy = 0.9504  (prec=0.7822, rec=0.9530)
  tp=2676 fp=745 fn=132 tn=14111

[save] D:\Users\dust\Documents\학교\2026년도1학기\컴퓨터비전\실습\FoundationStereo\experiments\ds_v1_seed0/green_house_v52\submodel
  pred_mask.png, panel.png, metrics.json, head.pt
DONE: D:\Users\dust\Documents\학교\2026년도1학기\컴퓨터비전\실습\FoundationStereo\experiments\ds_v1_seed0/green_house_v52\submodel
[device] cuda
[load] D:\Users\dust\Documents\학교\2026년도1학기\컴퓨터비전\실습\FoundationStereo\experiments\_model\general_head.pt  (train_scenes=['archiviz_baseline080', 'bedroom_baseline080', 'blue_bathroom_baseline080', 'computer_room_baseline080', 'cozy_living_room_baseline080', 'flat-archiviz_baseline080', 'green_house_baseline080', 'gym_baseline080', 'livingroom_baseline080', 'minimal_interior_baseline080', 'scandinavian_baseline080', 'sunlight_baseline080'])

[APPLY] ds_v1_seed0/green_house_v52  (저장모델로 새 데이터 평가)
  AUC      = 0.9719
  IoU@0.5  = 0.6655
  F1@0.5   = 0.7991
  accuracy = 0.9356  (prec=0.8179, rec=0.7812)
  tp=7543 fp=1679 fn=2113 tn=47545
[save] D:\Users\dust\Documents\학교\2026년도1학기\컴퓨터비전\실습\FoundationStereo\experiments\ds_v1_seed0/green_house_v52\submodel_applied  (pred_mask.png, panel.png, metrics.json)

============================================================
STEP: estimate_mirror_plane
============================================================

============================================================
STEP: viz_ransac_inliers
============================================================

============================================================
STEP: make_mirror_gt_from_depth
============================================================

============================================================
STEP: analyze_features
============================================================

============================================================
STEP: submodel_head
============================================================

============================================================
STEP: apply_submodel
============================================================

DONE: D:\Users\dust\Documents\학교\2026년도1학기\컴퓨터비전\실습\FoundationStereo\experiments\ds_v1_seed0/green_house_v52 (ok)

##### [120/131] ds_v1_seed0/green_house_v53  (done 29, fail 0, skip 90, elapsed 21m, ETA 9m) #####
[scene] ds_v1_seed0/green_house_v53  size=1280x720
[select] mirror 점 개수 = 131105  (mask=131105, valid&depth = 895366)
[conf] mirror 영역 평균 confidence = 0.6671

=== 평면 추정 결과 ===
  [PCA (closed form)]
      normal = [+0.1178, -0.7870, -0.6056]
      d = +2.7308   mirror_depth(perp) = 2.7308 m   view_z = 6.5546 m
      n_inliers = 131105/131105   rms_residual = 0.38823 m
  [RANSAC]
      normal = [-0.4601, +0.1389, -0.8769]
      d = +8.1789   mirror_depth(perp) = 8.1789 m   view_z = 6.5546 m
      n_inliers = 42202/131105   rms_residual = 0.01835 m
  [SVD robust (IRLS)]
      normal = [+0.1090, -0.7979, -0.5928]
      d = +2.6316   mirror_depth(perp) = 2.6316 m   view_z = 6.5546 m
      n_inliers = 18116/131105   rms_residual = 0.04040 m

[save] D:\Users\dust\Documents\학교\2026년도1학기\컴퓨터비전\실습\FoundationStereo\experiments\ds_v1_seed0/green_house_v53\mirror_geometry\result.json
[save] D:\Users\dust\Documents\학교\2026년도1학기\컴퓨터비전\실습\FoundationStereo\experiments\ds_v1_seed0/green_house_v53\mirror_geometry\plane.txt
[save] D:\Users\dust\Documents\학교\2026년도1학기\컴퓨터비전\실습\FoundationStereo\experiments\ds_v1_seed0/green_house_v53\mirror_geometry\viz.png

DONE: D:\Users\dust\Documents\학교\2026년도1학기\컴퓨터비전\실습\FoundationStereo\experiments\ds_v1_seed0/green_house_v53\mirror_geometry
[ds_v1_seed0/green_house_v53] 거울 점 131105개 중 inlier 42202 (32.2%) / outlier 88903
  normal=[-0.46   0.139 -0.877] d=8.179  rms(inlier)=0.0184 m  thr≈0.071 m
[save] D:\Users\dust\Documents\학교\2026년도1학기\컴퓨터비전\실습\FoundationStereo\experiments\ds_v1_seed0/green_house_v53\mirror_geometry\ransac_inliers.png
[gt] green_house_v53              perp 3.89m planRMS 0.0052m  normal [-0.399, 0.33, -0.856]

생성 1, 건너뜀 0 (depth_gt/mask 없음 등)
[ds_v1_seed0/green_house_v53] feature 184x320  mirror_frac=0.14201766304347826  feat_left=True
rank  signal              AUC    pol  sep     mean_in     mean_out
  1  delta_argdisp      0.5615   +  0.1058   47.797895   41.438299
  2  post_conf          0.5601   -  0.1008    0.668984    0.694383
  3  feat_left_pc1      0.5595   -  0.1254    2.221706    2.633357
  4  feat_left_pc3      0.5526   -  0.0895    1.491052    1.730758
  5  pre_conf           0.5477   -  0.1042    0.355381    0.396068
  6  pre_entropy        0.5311   +  0.0156    2.073756    2.049723
  7  delta_entropy       0.526   -  0.0117   -1.376311   -1.357803
  8  post_entropy       0.5214   +  0.0143    0.697445     0.69192
  9  feat_left_l2       0.5174   -  0.0197   16.762696     16.8579
 10  delta_conf         0.5097   +  0.0335    0.313603    0.298316
 11  feat_left_pc2      0.5036   -  0.0079    1.829817    1.852189
BEST: delta_argdisp (AUC=0.5615, polarity=+)
저장: D:\Users\dust\Documents\학교\2026년도1학기\컴퓨터비전\실습\FoundationStereo\experiments\ds_v1_seed0/green_house_v53\features\report.json / panels.png / mirror_signal.npy
[device] cuda
  [train] epoch 60/300  loss=0.5971
  [train] epoch 120/300  loss=0.4234
  [train] epoch 180/300  loss=0.3199
  [train] epoch 240/300  loss=0.2483
  [train] epoch 300/300  loss=0.1962

[VAL] scene=ds_v1_seed0/green_house_v53  (pixel 70/30 split)
  AUC      = 0.9843
  IoU@0.5  = 0.6728
  F1@0.5   = 0.8044
  accuracy = 0.9348  (prec=0.7009, rec=0.9438)
  tp=2369 fp=1011 fn=141 tn=14143

[save] D:\Users\dust\Documents\학교\2026년도1학기\컴퓨터비전\실습\FoundationStereo\experiments\ds_v1_seed0/green_house_v53\submodel
  pred_mask.png, panel.png, metrics.json, head.pt
DONE: D:\Users\dust\Documents\학교\2026년도1학기\컴퓨터비전\실습\FoundationStereo\experiments\ds_v1_seed0/green_house_v53\submodel
[device] cuda
[load] D:\Users\dust\Documents\학교\2026년도1학기\컴퓨터비전\실습\FoundationStereo\experiments\_model\general_head.pt  (train_scenes=['archiviz_baseline080', 'bedroom_baseline080', 'blue_bathroom_baseline080', 'computer_room_baseline080', 'cozy_living_room_baseline080', 'flat-archiviz_baseline080', 'green_house_baseline080', 'gym_baseline080', 'livingroom_baseline080', 'minimal_interior_baseline080', 'scandinavian_baseline080', 'sunlight_baseline080'])

[APPLY] ds_v1_seed0/green_house_v53  (저장모델로 새 데이터 평가)
  AUC      = 0.9668
  IoU@0.5  = 0.6037
  F1@0.5   = 0.7529
  accuracy = 0.9231  (prec=0.6923, rec=0.8250)
  tp=6899 fp=3066 fn=1463 tn=47452
[save] D:\Users\dust\Documents\학교\2026년도1학기\컴퓨터비전\실습\FoundationStereo\experiments\ds_v1_seed0/green_house_v53\submodel_applied  (pred_mask.png, panel.png, metrics.json)

============================================================
STEP: estimate_mirror_plane
============================================================

============================================================
STEP: viz_ransac_inliers
============================================================

============================================================
STEP: make_mirror_gt_from_depth
============================================================

============================================================
STEP: analyze_features
============================================================

============================================================
STEP: submodel_head
============================================================

============================================================
STEP: apply_submodel
============================================================

DONE: D:\Users\dust\Documents\학교\2026년도1학기\컴퓨터비전\실습\FoundationStereo\experiments\ds_v1_seed0/green_house_v53 (ok)

##### [121/131] ds_v1_seed0/green_house_v54  (done 30, fail 0, skip 90, elapsed 22m, ETA 8m) #####
[scene] ds_v1_seed0/green_house_v54  size=1280x720
[select] mirror 점 개수 = 113335  (mask=113335, valid&depth = 894832)
[conf] mirror 영역 평균 confidence = 0.6655

=== 평면 추정 결과 ===
  [PCA (closed form)]
      normal = [+0.1772, -0.8687, -0.4626]
      d = +2.7326   mirror_depth(perp) = 2.7326 m   view_z = 7.0096 m
      n_inliers = 113335/113335   rms_residual = 0.41801 m
  [RANSAC]
      normal = [-0.3754, +0.1562, -0.9136]
      d = +8.5121   mirror_depth(perp) = 8.5121 m   view_z = 7.0096 m
      n_inliers = 39372/113335   rms_residual = 0.01342 m
  [SVD robust (IRLS)]
      normal = [+0.1708, -0.8750, -0.4529]
      d = +2.6665   mirror_depth(perp) = 2.6665 m   view_z = 7.0096 m
      n_inliers = 15030/113335   rms_residual = 0.04072 m

[save] D:\Users\dust\Documents\학교\2026년도1학기\컴퓨터비전\실습\FoundationStereo\experiments\ds_v1_seed0/green_house_v54\mirror_geometry\result.json
[save] D:\Users\dust\Documents\학교\2026년도1학기\컴퓨터비전\실습\FoundationStereo\experiments\ds_v1_seed0/green_house_v54\mirror_geometry\plane.txt
[save] D:\Users\dust\Documents\학교\2026년도1학기\컴퓨터비전\실습\FoundationStereo\experiments\ds_v1_seed0/green_house_v54\mirror_geometry\viz.png

DONE: D:\Users\dust\Documents\학교\2026년도1학기\컴퓨터비전\실습\FoundationStereo\experiments\ds_v1_seed0/green_house_v54\mirror_geometry
[ds_v1_seed0/green_house_v54] 거울 점 113335개 중 inlier 39372 (34.7%) / outlier 73963
  normal=[-0.375  0.156 -0.914] d=8.512  rms(inlier)=0.0134 m  thr≈0.070 m
[save] D:\Users\dust\Documents\학교\2026년도1학기\컴퓨터비전\실습\FoundationStereo\experiments\ds_v1_seed0/green_house_v54\mirror_geometry\ransac_inliers.png
[gt] green_house_v54              perp 4.12m planRMS 0.0055m  normal [-0.309, 0.165, -0.937]

생성 1, 건너뜀 0 (depth_gt/mask 없음 등)
[ds_v1_seed0/green_house_v54] feature 184x320  mirror_frac=0.12279211956521739  feat_left=True
rank  signal              AUC    pol  sep     mean_in     mean_out
  1  post_conf          0.6255   -  0.2211    0.665467    0.716926
  2  post_entropy       0.6158   +  0.1452    0.691271    0.648544
  3  feat_left_pc1      0.5984   -  0.1583    2.235705    2.742881
  4  pre_conf            0.552   -  0.1019    0.357448    0.398321
  5  feat_left_pc3      0.5457   -  0.0743     1.56731    1.779095
  6  pre_entropy        0.5411   +  0.0214    2.079685    2.045758
  7  delta_argdisp      0.5359   +  0.0533   44.871508   41.629235
  8  delta_conf         0.5223   -  0.0231    0.308019    0.318605
  9  delta_entropy      0.5221   -  0.0055   -1.388414   -1.397214
 10  feat_left_pc2      0.5173   +  0.0365    1.969562    1.860492
 11  feat_left_l2       0.5164   +  0.0505   17.102846   16.833291
BEST: post_conf (AUC=0.6255, polarity=-)
저장: D:\Users\dust\Documents\학교\2026년도1학기\컴퓨터비전\실습\FoundationStereo\experiments\ds_v1_seed0/green_house_v54\features\report.json / panels.png / mirror_signal.npy
[device] cuda
  [train] epoch 60/300  loss=0.5706
  [train] epoch 120/300  loss=0.3830
  [train] epoch 180/300  loss=0.2770
  [train] epoch 240/300  loss=0.2064
  [train] epoch 300/300  loss=0.1571

[VAL] scene=ds_v1_seed0/green_house_v54  (pixel 70/30 split)
  AUC      = 0.9885
  IoU@0.5  = 0.7001
  F1@0.5   = 0.8236
  accuracy = 0.9505  (prec=0.7307, rec=0.9436)
  tp=2040 fp=752 fn=122 tn=14750

[save] D:\Users\dust\Documents\학교\2026년도1학기\컴퓨터비전\실습\FoundationStereo\experiments\ds_v1_seed0/green_house_v54\submodel
  pred_mask.png, panel.png, metrics.json, head.pt
DONE: D:\Users\dust\Documents\학교\2026년도1학기\컴퓨터비전\실습\FoundationStereo\experiments\ds_v1_seed0/green_house_v54\submodel
[device] cuda
[load] D:\Users\dust\Documents\학교\2026년도1학기\컴퓨터비전\실습\FoundationStereo\experiments\_model\general_head.pt  (train_scenes=['archiviz_baseline080', 'bedroom_baseline080', 'blue_bathroom_baseline080', 'computer_room_baseline080', 'cozy_living_room_baseline080', 'flat-archiviz_baseline080', 'green_house_baseline080', 'gym_baseline080', 'livingroom_baseline080', 'minimal_interior_baseline080', 'scandinavian_baseline080', 'sunlight_baseline080'])

[APPLY] ds_v1_seed0/green_house_v54  (저장모델로 새 데이터 평가)
  AUC      = 0.9811
  IoU@0.5  = 0.6651
  F1@0.5   = 0.7989
  accuracy = 0.9458  (prec=0.7338, rec=0.8766)
  tp=6338 fp=2299 fn=892 tn=49351
[save] D:\Users\dust\Documents\학교\2026년도1학기\컴퓨터비전\실습\FoundationStereo\experiments\ds_v1_seed0/green_house_v54\submodel_applied  (pred_mask.png, panel.png, metrics.json)

============================================================
STEP: estimate_mirror_plane
============================================================

============================================================
STEP: viz_ransac_inliers
============================================================

============================================================
STEP: make_mirror_gt_from_depth
============================================================

============================================================
STEP: analyze_features
============================================================

============================================================
STEP: submodel_head
============================================================

============================================================
STEP: apply_submodel
============================================================

DONE: D:\Users\dust\Documents\학교\2026년도1학기\컴퓨터비전\실습\FoundationStereo\experiments\ds_v1_seed0/green_house_v54 (ok)

##### [122/131] ds_v1_seed0/green_house_v55  (done 31, fail 0, skip 90, elapsed 22m, ETA 7m) #####
[scene] ds_v1_seed0/green_house_v55  size=1280x720
[select] mirror 점 개수 = 126327  (mask=126327, valid&depth = 894733)
[conf] mirror 영역 평균 confidence = 0.7282

=== 평면 추정 결과 ===
  [PCA (closed form)]
      normal = [+0.2122, -0.7876, -0.5785]
      d = +2.5972   mirror_depth(perp) = 2.5972 m   view_z = 6.4292 m
      n_inliers = 126327/126327   rms_residual = 0.35373 m
  [RANSAC]
      normal = [-0.1301, +0.2374, -0.9627]
      d = +8.3451   mirror_depth(perp) = 8.3451 m   view_z = 6.4292 m
      n_inliers = 38790/126327   rms_residual = 0.01317 m
  [SVD robust (IRLS)]
      normal = [+0.2085, -0.7992, -0.5637]
      d = +2.4655   mirror_depth(perp) = 2.4655 m   view_z = 6.4292 m
      n_inliers = 19167/126327   rms_residual = 0.03769 m

[save] D:\Users\dust\Documents\학교\2026년도1학기\컴퓨터비전\실습\FoundationStereo\experiments\ds_v1_seed0/green_house_v55\mirror_geometry\result.json
[save] D:\Users\dust\Documents\학교\2026년도1학기\컴퓨터비전\실습\FoundationStereo\experiments\ds_v1_seed0/green_house_v55\mirror_geometry\plane.txt
[save] D:\Users\dust\Documents\학교\2026년도1학기\컴퓨터비전\실습\FoundationStereo\experiments\ds_v1_seed0/green_house_v55\mirror_geometry\viz.png

DONE: D:\Users\dust\Documents\학교\2026년도1학기\컴퓨터비전\실습\FoundationStereo\experiments\ds_v1_seed0/green_house_v55\mirror_geometry
[ds_v1_seed0/green_house_v55] 거울 점 126327개 중 inlier 38790 (30.7%) / outlier 87537
  normal=[-0.13   0.237 -0.963] d=8.345  rms(inlier)=0.0132 m  thr≈0.066 m
[save] D:\Users\dust\Documents\학교\2026년도1학기\컴퓨터비전\실습\FoundationStereo\experiments\ds_v1_seed0/green_house_v55\mirror_geometry\ransac_inliers.png
[gt] green_house_v55              perp 3.83m planRMS 0.0046m  normal [-0.175, 0.349, -0.921]

생성 1, 건너뜀 0 (depth_gt/mask 없음 등)
[ds_v1_seed0/green_house_v55] feature 184x320  mirror_frac=0.13799252717391305  feat_left=True
rank  signal              AUC    pol  sep     mean_in     mean_out
  1  delta_conf         0.6261   +  0.2381    0.369483    0.258375
  2  pre_conf           0.5947   -  0.1781    0.358912    0.431109
  3  delta_entropy      0.5946   -  0.1539   -1.418863   -1.179353
  4  pre_entropy        0.5882   +  0.1258    2.075461    1.884334
  5  post_conf          0.5859   +  0.1667    0.728395    0.689485
  6  delta_argdisp      0.5834   +  0.1487   46.913477   37.813004
  7  feat_left_pc1      0.5676   -  0.1467    2.228906    2.688779
  8  post_entropy       0.5494   -  0.1306    0.656598    0.704982
  9  feat_left_pc3      0.5223   -   0.043     1.61654     1.73388
 10  feat_left_pc2      0.5216   +  0.0318    2.016765    1.923656
 11  feat_left_l2        0.503   -  0.0014   16.824188   16.816995
BEST: delta_conf (AUC=0.6261, polarity=+)
저장: D:\Users\dust\Documents\학교\2026년도1학기\컴퓨터비전\실습\FoundationStereo\experiments\ds_v1_seed0/green_house_v55\features\report.json / panels.png / mirror_signal.npy
[device] cuda
  [train] epoch 60/300  loss=0.6186
  [train] epoch 120/300  loss=0.4209
  [train] epoch 180/300  loss=0.3089
  [train] epoch 240/300  loss=0.2351
  [train] epoch 300/300  loss=0.1828

[VAL] scene=ds_v1_seed0/green_house_v55  (pixel 70/30 split)
  AUC      = 0.9849
  IoU@0.5  = 0.6788
  F1@0.5   = 0.8087
  accuracy = 0.9391  (prec=0.7144, rec=0.9316)
  tp=2274 fp=909 fn=167 tn=14314

[save] D:\Users\dust\Documents\학교\2026년도1학기\컴퓨터비전\실습\FoundationStereo\experiments\ds_v1_seed0/green_house_v55\submodel
  pred_mask.png, panel.png, metrics.json, head.pt
DONE: D:\Users\dust\Documents\학교\2026년도1학기\컴퓨터비전\실습\FoundationStereo\experiments\ds_v1_seed0/green_house_v55\submodel
[device] cuda
[load] D:\Users\dust\Documents\학교\2026년도1학기\컴퓨터비전\실습\FoundationStereo\experiments\_model\general_head.pt  (train_scenes=['archiviz_baseline080', 'bedroom_baseline080', 'blue_bathroom_baseline080', 'computer_room_baseline080', 'cozy_living_room_baseline080', 'flat-archiviz_baseline080', 'green_house_baseline080', 'gym_baseline080', 'livingroom_baseline080', 'minimal_interior_baseline080', 'scandinavian_baseline080', 'sunlight_baseline080'])

[APPLY] ds_v1_seed0/green_house_v55  (저장모델로 새 데이터 평가)
  AUC      = 0.9812
  IoU@0.5  = 0.6835
  F1@0.5   = 0.8120
  accuracy = 0.9477  (prec=0.8063, rec=0.8177)
  tp=6644 fp=1596 fn=1481 tn=49159
[save] D:\Users\dust\Documents\학교\2026년도1학기\컴퓨터비전\실습\FoundationStereo\experiments\ds_v1_seed0/green_house_v55\submodel_applied  (pred_mask.png, panel.png, metrics.json)

============================================================
STEP: estimate_mirror_plane
============================================================

============================================================
STEP: viz_ransac_inliers
============================================================

============================================================
STEP: make_mirror_gt_from_depth
============================================================

============================================================
STEP: analyze_features
============================================================

============================================================
STEP: submodel_head
============================================================

============================================================
STEP: apply_submodel
============================================================

DONE: D:\Users\dust\Documents\학교\2026년도1학기\컴퓨터비전\실습\FoundationStereo\experiments\ds_v1_seed0/green_house_v55 (ok)

##### [123/131] ds_v1_seed0/green_house_v56  (done 32, fail 0, skip 90, elapsed 23m, ETA 6m) #####
[scene] ds_v1_seed0/green_house_v56  size=1280x720
[select] mirror 점 개수 = 130361  (mask=130361, valid&depth = 894813)
[conf] mirror 영역 평균 confidence = 0.6937

=== 평면 추정 결과 ===
  [PCA (closed form)]
      normal = [+0.1912, -0.7753, -0.6020]
      d = +2.6816   mirror_depth(perp) = 2.6816 m   view_z = 6.6014 m
      n_inliers = 130361/130361   rms_residual = 0.42620 m
  [RANSAC]
      normal = [-0.4042, +0.2878, -0.8682]
      d = +8.4293   mirror_depth(perp) = 8.4293 m   view_z = 6.6014 m
      n_inliers = 42281/130361   rms_residual = 0.01966 m
  [SVD robust (IRLS)]
      normal = [+0.1924, -0.7794, -0.5963]
      d = +2.6326   mirror_depth(perp) = 2.6326 m   view_z = 6.6014 m
      n_inliers = 20862/130361   rms_residual = 0.05103 m

[save] D:\Users\dust\Documents\학교\2026년도1학기\컴퓨터비전\실습\FoundationStereo\experiments\ds_v1_seed0/green_house_v56\mirror_geometry\result.json
[save] D:\Users\dust\Documents\학교\2026년도1학기\컴퓨터비전\실습\FoundationStereo\experiments\ds_v1_seed0/green_house_v56\mirror_geometry\plane.txt
[save] D:\Users\dust\Documents\학교\2026년도1학기\컴퓨터비전\실습\FoundationStereo\experiments\ds_v1_seed0/green_house_v56\mirror_geometry\viz.png

DONE: D:\Users\dust\Documents\학교\2026년도1학기\컴퓨터비전\실습\FoundationStereo\experiments\ds_v1_seed0/green_house_v56\mirror_geometry
[ds_v1_seed0/green_house_v56] 거울 점 130361개 중 inlier 42281 (32.4%) / outlier 88080
  normal=[-0.404  0.288 -0.868] d=8.429  rms(inlier)=0.0197 m  thr≈0.089 m
[save] D:\Users\dust\Documents\학교\2026년도1학기\컴퓨터비전\실습\FoundationStereo\experiments\ds_v1_seed0/green_house_v56\mirror_geometry\ransac_inliers.png
[gt] green_house_v56              perp 3.89m planRMS 0.0042m  normal [-0.403, 0.306, -0.862]

생성 1, 건너뜀 0 (depth_gt/mask 없음 등)
[ds_v1_seed0/green_house_v56] feature 184x320  mirror_frac=0.14132133152173912  feat_left=True
rank  signal              AUC    pol  sep     mean_in     mean_out
  1  delta_argdisp      0.5578   +  0.0986   47.042182   41.086889
  2  pre_conf           0.5495   -  0.1021    0.354814    0.394805
  3  delta_conf         0.5426   +  0.0871    0.339709    0.300025
  4  feat_left_pc1      0.5423   -  0.0955    2.306712    2.617662
  5  pre_entropy        0.5376   +  0.0226     2.08774    2.052943
  6  delta_entropy      0.5321   -  0.0199   -1.393918   -1.362284
  7  feat_left_pc3      0.5253   -  0.0472    1.600583     1.72856
  8  post_entropy       0.5202   +  0.0089    0.693821    0.690658
  9  feat_left_pc2      0.5085   -  0.0202    1.806806     1.86327
 10  feat_left_l2       0.5015   +  0.0067   16.880023   16.847817
 11  post_conf          0.5005   -  0.0013    0.694523    0.694831
BEST: delta_argdisp (AUC=0.5578, polarity=+)
저장: D:\Users\dust\Documents\학교\2026년도1학기\컴퓨터비전\실습\FoundationStereo\experiments\ds_v1_seed0/green_house_v56\features\report.json / panels.png / mirror_signal.npy
[device] cuda
  [train] epoch 60/300  loss=0.6153
  [train] epoch 120/300  loss=0.4360
  [train] epoch 180/300  loss=0.3251
  [train] epoch 240/300  loss=0.2499
  [train] epoch 300/300  loss=0.1958

[VAL] scene=ds_v1_seed0/green_house_v56  (pixel 70/30 split)
  AUC      = 0.9850
  IoU@0.5  = 0.6711
  F1@0.5   = 0.8032
  accuracy = 0.9340  (prec=0.6946, rec=0.9519)
  tp=2377 fp=1045 fn=120 tn=14122

[save] D:\Users\dust\Documents\학교\2026년도1학기\컴퓨터비전\실습\FoundationStereo\experiments\ds_v1_seed0/green_house_v56\submodel
  pred_mask.png, panel.png, metrics.json, head.pt
DONE: D:\Users\dust\Documents\학교\2026년도1학기\컴퓨터비전\실습\FoundationStereo\experiments\ds_v1_seed0/green_house_v56\submodel
[device] cuda
[load] D:\Users\dust\Documents\학교\2026년도1학기\컴퓨터비전\실습\FoundationStereo\experiments\_model\general_head.pt  (train_scenes=['archiviz_baseline080', 'bedroom_baseline080', 'blue_bathroom_baseline080', 'computer_room_baseline080', 'cozy_living_room_baseline080', 'flat-archiviz_baseline080', 'green_house_baseline080', 'gym_baseline080', 'livingroom_baseline080', 'minimal_interior_baseline080', 'scandinavian_baseline080', 'sunlight_baseline080'])

[APPLY] ds_v1_seed0/green_house_v56  (저장모델로 새 데이터 평가)
  AUC      = 0.9763
  IoU@0.5  = 0.6561
  F1@0.5   = 0.7923
  accuracy = 0.9375  (prec=0.7469, rec=0.8436)
  tp=7020 fp=2379 fn=1301 tn=48180
[save] D:\Users\dust\Documents\학교\2026년도1학기\컴퓨터비전\실습\FoundationStereo\experiments\ds_v1_seed0/green_house_v56\submodel_applied  (pred_mask.png, panel.png, metrics.json)

============================================================
STEP: estimate_mirror_plane
============================================================

============================================================
STEP: viz_ransac_inliers
============================================================

============================================================
STEP: make_mirror_gt_from_depth
============================================================

============================================================
STEP: analyze_features
============================================================

============================================================
STEP: submodel_head
============================================================

============================================================
STEP: apply_submodel
============================================================

DONE: D:\Users\dust\Documents\학교\2026년도1학기\컴퓨터비전\실습\FoundationStereo\experiments\ds_v1_seed0/green_house_v56 (ok)

##### [124/131] ds_v1_seed0/green_house_v57  (done 33, fail 0, skip 90, elapsed 23m, ETA 6m) #####
[scene] ds_v1_seed0/green_house_v57  size=1280x720
[select] mirror 점 개수 = 118678  (mask=118678, valid&depth = 895289)
[conf] mirror 영역 평균 confidence = 0.7147

=== 평면 추정 결과 ===
  [PCA (closed form)]
      normal = [+0.0839, -0.7970, -0.5981]
      d = +2.5188   mirror_depth(perp) = 2.5188 m   view_z = 6.5958 m
      n_inliers = 118678/118678   rms_residual = 0.35142 m
  [RANSAC]
      normal = [-0.3872, +0.3843, -0.8381]
      d = +8.5695   mirror_depth(perp) = 8.5695 m   view_z = 6.5958 m
      n_inliers = 38950/118678   rms_residual = 0.00966 m
  [SVD robust (IRLS)]
      normal = [+0.0702, -0.8118, -0.5797]
      d = +2.3678   mirror_depth(perp) = 2.3678 m   view_z = 6.5958 m
      n_inliers = 19564/118678   rms_residual = 0.04032 m

[save] D:\Users\dust\Documents\학교\2026년도1학기\컴퓨터비전\실습\FoundationStereo\experiments\ds_v1_seed0/green_house_v57\mirror_geometry\result.json
[save] D:\Users\dust\Documents\학교\2026년도1학기\컴퓨터비전\실습\FoundationStereo\experiments\ds_v1_seed0/green_house_v57\mirror_geometry\plane.txt
[save] D:\Users\dust\Documents\학교\2026년도1학기\컴퓨터비전\실습\FoundationStereo\experiments\ds_v1_seed0/green_house_v57\mirror_geometry\viz.png

DONE: D:\Users\dust\Documents\학교\2026년도1학기\컴퓨터비전\실습\FoundationStereo\experiments\ds_v1_seed0/green_house_v57\mirror_geometry
[ds_v1_seed0/green_house_v57] 거울 점 118678개 중 inlier 38950 (32.8%) / outlier 79728
  normal=[-0.387  0.384 -0.838] d=8.570  rms(inlier)=0.0097 m  thr≈0.070 m
[save] D:\Users\dust\Documents\학교\2026년도1학기\컴퓨터비전\실습\FoundationStereo\experiments\ds_v1_seed0/green_house_v57\mirror_geometry\ransac_inliers.png
[gt] green_house_v57              perp 4.11m planRMS 0.0056m  normal [-0.345, 0.361, -0.866]

생성 1, 건너뜀 0 (depth_gt/mask 없음 등)
[ds_v1_seed0/green_house_v57] feature 184x320  mirror_frac=0.1300101902173913  feat_left=True
rank  signal              AUC    pol  sep     mean_in     mean_out
  1  feat_left_pc1      0.5909   -  0.2036    2.144684    2.778983
  2  delta_conf         0.5803   +  0.1455    0.344057    0.275346
  3  post_entropy       0.5764   -  0.1669    0.651412    0.708696
  4  post_conf          0.5588   +  0.1126    0.714455    0.686903
  5  delta_entropy      0.5555   -   0.065   -1.367346   -1.263547
  6  pre_conf           0.5524   -  0.1015    0.370399    0.411558
  7  feat_left_pc3       0.546   -  0.0756    1.556008    1.759326
  8  delta_argdisp      0.5396   +  0.0735   47.061267   42.531518
  9  feat_left_l2       0.5391   +  0.0754   17.216857   16.847236
 10  pre_entropy        0.5386   +  0.0301    2.018758    1.972243
 11  feat_left_pc2      0.5165   +  0.0451    1.905265    1.773219
BEST: feat_left_pc1 (AUC=0.5909, polarity=-)
저장: D:\Users\dust\Documents\학교\2026년도1학기\컴퓨터비전\실습\FoundationStereo\experiments\ds_v1_seed0/green_house_v57\features\report.json / panels.png / mirror_signal.npy
[device] cuda
  [train] epoch 60/300  loss=0.5528
  [train] epoch 120/300  loss=0.3640
  [train] epoch 180/300  loss=0.2656
  [train] epoch 240/300  loss=0.1998
  [train] epoch 300/300  loss=0.1536

[VAL] scene=ds_v1_seed0/green_house_v57  (pixel 70/30 split)
  AUC      = 0.9908
  IoU@0.5  = 0.7088
  F1@0.5   = 0.8296
  accuracy = 0.9492  (prec=0.7284, rec=0.9634)
  tp=2183 fp=814 fn=83 tn=14584

[save] D:\Users\dust\Documents\학교\2026년도1학기\컴퓨터비전\실습\FoundationStereo\experiments\ds_v1_seed0/green_house_v57\submodel
  pred_mask.png, panel.png, metrics.json, head.pt
DONE: D:\Users\dust\Documents\학교\2026년도1학기\컴퓨터비전\실습\FoundationStereo\experiments\ds_v1_seed0/green_house_v57\submodel
[device] cuda
[load] D:\Users\dust\Documents\학교\2026년도1학기\컴퓨터비전\실습\FoundationStereo\experiments\_model\general_head.pt  (train_scenes=['archiviz_baseline080', 'bedroom_baseline080', 'blue_bathroom_baseline080', 'computer_room_baseline080', 'cozy_living_room_baseline080', 'flat-archiviz_baseline080', 'green_house_baseline080', 'gym_baseline080', 'livingroom_baseline080', 'minimal_interior_baseline080', 'scandinavian_baseline080', 'sunlight_baseline080'])

[APPLY] ds_v1_seed0/green_house_v57  (저장모델로 새 데이터 평가)
  AUC      = 0.9832
  IoU@0.5  = 0.6911
  F1@0.5   = 0.8174
  accuracy = 0.9511  (prec=0.7945, rec=0.8415)
  tp=6442 fp=1666 fn=1213 tn=49559
[save] D:\Users\dust\Documents\학교\2026년도1학기\컴퓨터비전\실습\FoundationStereo\experiments\ds_v1_seed0/green_house_v57\submodel_applied  (pred_mask.png, panel.png, metrics.json)

============================================================
STEP: estimate_mirror_plane
============================================================

============================================================
STEP: viz_ransac_inliers
============================================================

============================================================
STEP: make_mirror_gt_from_depth
============================================================

============================================================
STEP: analyze_features
============================================================

============================================================
STEP: submodel_head
============================================================

============================================================
STEP: apply_submodel
============================================================

DONE: D:\Users\dust\Documents\학교\2026년도1학기\컴퓨터비전\실습\FoundationStereo\experiments\ds_v1_seed0/green_house_v57 (ok)

##### [125/131] ds_v1_seed0/green_house_v58  (done 34, fail 0, skip 90, elapsed 24m, ETA 5m) #####
[scene] ds_v1_seed0/green_house_v58  size=1280x720
[select] mirror 점 개수 = 174795  (mask=174795, valid&depth = 895888)
[conf] mirror 영역 평균 confidence = 0.7200

=== 평면 추정 결과 ===
  [PCA (closed form)]
      normal = [+0.0426, -0.7827, -0.6209]
      d = +2.6591   mirror_depth(perp) = 2.6591 m   view_z = 5.9715 m
      n_inliers = 174795/174795   rms_residual = 0.40946 m
  [RANSAC]
      normal = [-0.5440, +0.3201, -0.7756]
      d = +8.1635   mirror_depth(perp) = 8.1635 m   view_z = 5.9715 m
      n_inliers = 59587/174795   rms_residual = 0.01340 m
  [SVD robust (IRLS)]
      normal = [+0.0343, -0.7912, -0.6106]
      d = +2.6003   mirror_depth(perp) = 2.6003 m   view_z = 5.9715 m
      n_inliers = 24477/174795   rms_residual = 0.04453 m

[save] D:\Users\dust\Documents\학교\2026년도1학기\컴퓨터비전\실습\FoundationStereo\experiments\ds_v1_seed0/green_house_v58\mirror_geometry\result.json
[save] D:\Users\dust\Documents\학교\2026년도1학기\컴퓨터비전\실습\FoundationStereo\experiments\ds_v1_seed0/green_house_v58\mirror_geometry\plane.txt
[save] D:\Users\dust\Documents\학교\2026년도1학기\컴퓨터비전\실습\FoundationStereo\experiments\ds_v1_seed0/green_house_v58\mirror_geometry\viz.png

DONE: D:\Users\dust\Documents\학교\2026년도1학기\컴퓨터비전\실습\FoundationStereo\experiments\ds_v1_seed0/green_house_v58\mirror_geometry
[ds_v1_seed0/green_house_v58] 거울 점 174795개 중 inlier 59587 (34.1%) / outlier 115208
  normal=[-0.544  0.32  -0.776] d=8.164  rms(inlier)=0.0134 m  thr≈0.077 m
[save] D:\Users\dust\Documents\학교\2026년도1학기\컴퓨터비전\실습\FoundationStereo\experiments\ds_v1_seed0/green_house_v58\mirror_geometry\ransac_inliers.png
[gt] green_house_v58              perp 3.67m planRMS 0.0039m  normal [-0.577, 0.288, -0.764]

생성 1, 건너뜀 0 (depth_gt/mask 없음 등)
[ds_v1_seed0/green_house_v58] feature 184x320  mirror_frac=0.19013247282608695  feat_left=True
rank  signal              AUC    pol  sep     mean_in     mean_out
  1  post_entropy       0.6369   -  0.2478    0.662111    0.752394
  2  post_conf          0.6291   +  0.2268    0.720673    0.666538
  3  delta_conf         0.6219   +  0.2302    0.362637    0.255793
  4  delta_entropy      0.5797   -  0.1279   -1.386032   -1.188496
  5  pre_conf           0.5671   -  0.1334    0.358037    0.410744
  6  feat_left_l2       0.5633   +  0.0968   17.171321   16.663141
  7  pre_entropy         0.556   +  0.0721    2.048144    1.940891
  8  feat_left_pc1      0.5549   -  0.0951     2.39275    2.715087
  9  delta_argdisp      0.5319   +   0.059   46.962394    43.33174
 10  feat_left_pc3      0.5209   -  0.0294    1.610976     1.69198
 11  feat_left_pc2      0.5007   +  0.0284    1.912273    1.826141
BEST: post_entropy (AUC=0.6369, polarity=-)
저장: D:\Users\dust\Documents\학교\2026년도1학기\컴퓨터비전\실습\FoundationStereo\experiments\ds_v1_seed0/green_house_v58\features\report.json / panels.png / mirror_signal.npy
[device] cuda
  [train] epoch 60/300  loss=0.6133
  [train] epoch 120/300  loss=0.4580
  [train] epoch 180/300  loss=0.3510
  [train] epoch 240/300  loss=0.2702
  [train] epoch 300/300  loss=0.2091

[VAL] scene=ds_v1_seed0/green_house_v58  (pixel 70/30 split)
  AUC      = 0.9816
  IoU@0.5  = 0.7184
  F1@0.5   = 0.8361
  accuracy = 0.9307  (prec=0.7521, rec=0.9412)
  tp=3122 fp=1029 fn=195 tn=13318

[save] D:\Users\dust\Documents\학교\2026년도1학기\컴퓨터비전\실습\FoundationStereo\experiments\ds_v1_seed0/green_house_v58\submodel
  pred_mask.png, panel.png, metrics.json, head.pt
DONE: D:\Users\dust\Documents\학교\2026년도1학기\컴퓨터비전\실습\FoundationStereo\experiments\ds_v1_seed0/green_house_v58\submodel
[device] cuda
[load] D:\Users\dust\Documents\학교\2026년도1학기\컴퓨터비전\실습\FoundationStereo\experiments\_model\general_head.pt  (train_scenes=['archiviz_baseline080', 'bedroom_baseline080', 'blue_bathroom_baseline080', 'computer_room_baseline080', 'cozy_living_room_baseline080', 'flat-archiviz_baseline080', 'green_house_baseline080', 'gym_baseline080', 'livingroom_baseline080', 'minimal_interior_baseline080', 'scandinavian_baseline080', 'sunlight_baseline080'])

[APPLY] ds_v1_seed0/green_house_v58  (저장모델로 새 데이터 평가)
  AUC      = 0.9584
  IoU@0.5  = 0.6108
  F1@0.5   = 0.7584
  accuracy = 0.9139  (prec=0.8133, rec=0.7104)
  tp=7953 fp=1826 fn=3242 tn=45859
[save] D:\Users\dust\Documents\학교\2026년도1학기\컴퓨터비전\실습\FoundationStereo\experiments\ds_v1_seed0/green_house_v58\submodel_applied  (pred_mask.png, panel.png, metrics.json)

============================================================
STEP: estimate_mirror_plane
============================================================

============================================================
STEP: viz_ransac_inliers
============================================================

============================================================
STEP: make_mirror_gt_from_depth
============================================================

============================================================
STEP: analyze_features
============================================================

============================================================
STEP: submodel_head
============================================================

============================================================
STEP: apply_submodel
============================================================

DONE: D:\Users\dust\Documents\학교\2026년도1학기\컴퓨터비전\실습\FoundationStereo\experiments\ds_v1_seed0/green_house_v58 (ok)

##### [126/131] ds_v1_seed0/green_house_v59  (done 35, fail 0, skip 90, elapsed 24m, ETA 4m) #####
[scene] ds_v1_seed0/green_house_v59  size=1280x720
[select] mirror 점 개수 = 122613  (mask=122613, valid&depth = 893342)
[conf] mirror 영역 평균 confidence = 0.6725

=== 평면 추정 결과 ===
  [PCA (closed form)]
      normal = [+0.1798, -0.8737, -0.4521]
      d = +2.7306   mirror_depth(perp) = 2.7306 m   view_z = 6.7668 m
      n_inliers = 122613/122613   rms_residual = 0.39494 m
  [RANSAC]
      normal = [-0.2929, +0.1168, -0.9490]
      d = +8.5285   mirror_depth(perp) = 8.5285 m   view_z = 6.7668 m
      n_inliers = 39755/122613   rms_residual = 0.01697 m
  [SVD robust (IRLS)]
      normal = [+0.1735, -0.8786, -0.4449]
      d = +2.6793   mirror_depth(perp) = 2.6793 m   view_z = 6.7668 m
      n_inliers = 16764/122613   rms_residual = 0.03982 m

[save] D:\Users\dust\Documents\학교\2026년도1학기\컴퓨터비전\실습\FoundationStereo\experiments\ds_v1_seed0/green_house_v59\mirror_geometry\result.json
[save] D:\Users\dust\Documents\학교\2026년도1학기\컴퓨터비전\실습\FoundationStereo\experiments\ds_v1_seed0/green_house_v59\mirror_geometry\plane.txt
[save] D:\Users\dust\Documents\학교\2026년도1학기\컴퓨터비전\실습\FoundationStereo\experiments\ds_v1_seed0/green_house_v59\mirror_geometry\viz.png

DONE: D:\Users\dust\Documents\학교\2026년도1학기\컴퓨터비전\실습\FoundationStereo\experiments\ds_v1_seed0/green_house_v59\mirror_geometry
[ds_v1_seed0/green_house_v59] 거울 점 122613개 중 inlier 39755 (32.4%) / outlier 82858
  normal=[-0.293  0.117 -0.949] d=8.528  rms(inlier)=0.0170 m  thr≈0.070 m
[save] D:\Users\dust\Documents\학교\2026년도1학기\컴퓨터비전\실습\FoundationStereo\experiments\ds_v1_seed0/green_house_v59\mirror_geometry\ransac_inliers.png
[gt] green_house_v59              perp 3.95m planRMS 0.0042m  normal [-0.295, 0.181, -0.938]

생성 1, 건너뜀 0 (depth_gt/mask 없음 등)
[ds_v1_seed0/green_house_v59] feature 184x320  mirror_frac=0.13277853260869565  feat_left=True
rank  signal              AUC    pol  sep     mean_in     mean_out
  1  post_entropy       0.6236   +  0.1539    0.697973    0.642853
  2  post_conf          0.5968   -  0.1691    0.672458    0.714922
  3  feat_left_pc1      0.5955   -  0.1829     2.20809    2.762803
  4  delta_argdisp      0.5658   +  0.1121   46.766053   39.910129
  5  feat_left_pc3      0.5585   -  0.1095    1.504652    1.805578
  6  pre_conf            0.537   -  0.0788    0.371704    0.404111
  7  feat_left_l2       0.5259   -  0.0365   16.736552   16.916283
  8  feat_left_pc2      0.5236   -  0.0408    1.763049    1.878015
  9  delta_conf         0.5196   -  0.0213    0.300755    0.310811
 10  pre_entropy        0.5195   +  0.0098    2.020578    2.036252
 11  delta_entropy      0.5041   +  0.0434   -1.322605   -1.393399
BEST: post_entropy (AUC=0.6236, polarity=+)
저장: D:\Users\dust\Documents\학교\2026년도1학기\컴퓨터비전\실습\FoundationStereo\experiments\ds_v1_seed0/green_house_v59\features\report.json / panels.png / mirror_signal.npy
[device] cuda
  [train] epoch 60/300  loss=0.6030
  [train] epoch 120/300  loss=0.4436
  [train] epoch 180/300  loss=0.3431
  [train] epoch 240/300  loss=0.2678
  [train] epoch 300/300  loss=0.2100

[VAL] scene=ds_v1_seed0/green_house_v59  (pixel 70/30 split)
  AUC      = 0.9813
  IoU@0.5  = 0.6451
  F1@0.5   = 0.7843
  accuracy = 0.9316  (prec=0.6753, rec=0.9353)
  tp=2198 fp=1057 fn=152 tn=14257

[save] D:\Users\dust\Documents\학교\2026년도1학기\컴퓨터비전\실습\FoundationStereo\experiments\ds_v1_seed0/green_house_v59\submodel
  pred_mask.png, panel.png, metrics.json, head.pt
DONE: D:\Users\dust\Documents\학교\2026년도1학기\컴퓨터비전\실습\FoundationStereo\experiments\ds_v1_seed0/green_house_v59\submodel
[device] cuda
[load] D:\Users\dust\Documents\학교\2026년도1학기\컴퓨터비전\실습\FoundationStereo\experiments\_model\general_head.pt  (train_scenes=['archiviz_baseline080', 'bedroom_baseline080', 'blue_bathroom_baseline080', 'computer_room_baseline080', 'cozy_living_room_baseline080', 'flat-archiviz_baseline080', 'green_house_baseline080', 'gym_baseline080', 'livingroom_baseline080', 'minimal_interior_baseline080', 'scandinavian_baseline080', 'sunlight_baseline080'])

[APPLY] ds_v1_seed0/green_house_v59  (저장모델로 새 데이터 평가)
  AUC      = 0.9725
  IoU@0.5  = 0.6305
  F1@0.5   = 0.7734
  accuracy = 0.9360  (prec=0.7295, rec=0.8228)
  tp=6433 fp=2385 fn=1385 tn=48677
[save] D:\Users\dust\Documents\학교\2026년도1학기\컴퓨터비전\실습\FoundationStereo\experiments\ds_v1_seed0/green_house_v59\submodel_applied  (pred_mask.png, panel.png, metrics.json)

============================================================
STEP: estimate_mirror_plane
============================================================

============================================================
STEP: viz_ransac_inliers
============================================================

============================================================
STEP: make_mirror_gt_from_depth
============================================================

============================================================
STEP: analyze_features
============================================================

============================================================
STEP: submodel_head
============================================================

============================================================
STEP: apply_submodel
============================================================

DONE: D:\Users\dust\Documents\학교\2026년도1학기\컴퓨터비전\실습\FoundationStereo\experiments\ds_v1_seed0/green_house_v59 (ok)

##### [127/131] ds_v1_seed0/green_house_v60  (done 36, fail 0, skip 90, elapsed 25m, ETA 3m) #####
[scene] ds_v1_seed0/green_house_v60  size=1280x720
[select] mirror 점 개수 = 131141  (mask=131141, valid&depth = 893298)
[conf] mirror 영역 평균 confidence = 0.6983

=== 평면 추정 결과 ===
  [PCA (closed form)]
      normal = [+0.1779, -0.9079, -0.3796]
      d = +2.6864   mirror_depth(perp) = 2.6864 m   view_z = 6.4520 m
      n_inliers = 131141/131141   rms_residual = 0.39846 m
  [RANSAC]
      normal = [-0.3192, +0.0032, -0.9477]
      d = +8.2699   mirror_depth(perp) = 8.2699 m   view_z = 6.4520 m
      n_inliers = 36307/131141   rms_residual = 0.01931 m
  [SVD robust (IRLS)]
      normal = [+0.1705, -0.9183, -0.3572]
      d = +2.5323   mirror_depth(perp) = 2.5323 m   view_z = 6.4520 m
      n_inliers = 17333/131141   rms_residual = 0.03845 m

[save] D:\Users\dust\Documents\학교\2026년도1학기\컴퓨터비전\실습\FoundationStereo\experiments\ds_v1_seed0/green_house_v60\mirror_geometry\result.json
[save] D:\Users\dust\Documents\학교\2026년도1학기\컴퓨터비전\실습\FoundationStereo\experiments\ds_v1_seed0/green_house_v60\mirror_geometry\plane.txt
[save] D:\Users\dust\Documents\학교\2026년도1학기\컴퓨터비전\실습\FoundationStereo\experiments\ds_v1_seed0/green_house_v60\mirror_geometry\viz.png

DONE: D:\Users\dust\Documents\학교\2026년도1학기\컴퓨터비전\실습\FoundationStereo\experiments\ds_v1_seed0/green_house_v60\mirror_geometry
[ds_v1_seed0/green_house_v60] 거울 점 131141개 중 inlier 36307 (27.7%) / outlier 94834
  normal=[-0.319  0.003 -0.948] d=8.270  rms(inlier)=0.0193 m  thr≈0.068 m
[save] D:\Users\dust\Documents\학교\2026년도1학기\컴퓨터비전\실습\FoundationStereo\experiments\ds_v1_seed0/green_house_v60\mirror_geometry\ransac_inliers.png
[gt] green_house_v60              perp 3.75m planRMS 0.0055m  normal [-0.328, 0.112, -0.938]

생성 1, 건너뜀 0 (depth_gt/mask 없음 등)
[ds_v1_seed0/green_house_v60] feature 184x320  mirror_frac=0.14279891304347825  feat_left=True
rank  signal              AUC    pol  sep     mean_in     mean_out
  1  post_entropy       0.6353   +  0.1814     0.68794    0.629067
  2  feat_left_pc1      0.6128   -  0.1939    2.281933    2.874299
  3  post_conf          0.5705   -  0.1074     0.69816    0.723621
  4  delta_argdisp      0.5659   +  0.1127   46.619053   39.746434
  5  pre_conf           0.5497   -  0.0998    0.375012    0.415853
  6  feat_left_pc2      0.5451   -  0.0824    1.650187    1.882283
  7  pre_entropy        0.5339   +  0.0141    2.002287    1.980139
  8  feat_left_pc3      0.5291   -  0.0504    1.672936    1.814447
  9  feat_left_l2       0.5278   +  0.0509   17.115317   16.871186
 10  delta_conf         0.5125   +  0.0335    0.323148    0.307768
 11  delta_entropy      0.5082   -  0.0235   -1.314347   -1.351072
BEST: post_entropy (AUC=0.6353, polarity=+)
저장: D:\Users\dust\Documents\학교\2026년도1학기\컴퓨터비전\실습\FoundationStereo\experiments\ds_v1_seed0/green_house_v60\features\report.json / panels.png / mirror_signal.npy
[device] cuda
  [train] epoch 60/300  loss=0.6300
  [train] epoch 120/300  loss=0.4716
  [train] epoch 180/300  loss=0.3722
  [train] epoch 240/300  loss=0.2960
  [train] epoch 300/300  loss=0.2368

[VAL] scene=ds_v1_seed0/green_house_v60  (pixel 70/30 split)
  AUC      = 0.9750
  IoU@0.5  = 0.6171
  F1@0.5   = 0.7632
  accuracy = 0.9192  (prec=0.6530, rec=0.9182)
  tp=2300 fp=1222 fn=205 tn=13937

[save] D:\Users\dust\Documents\학교\2026년도1학기\컴퓨터비전\실습\FoundationStereo\experiments\ds_v1_seed0/green_house_v60\submodel
  pred_mask.png, panel.png, metrics.json, head.pt
DONE: D:\Users\dust\Documents\학교\2026년도1학기\컴퓨터비전\실습\FoundationStereo\experiments\ds_v1_seed0/green_house_v60\submodel
[device] cuda
[load] D:\Users\dust\Documents\학교\2026년도1학기\컴퓨터비전\실습\FoundationStereo\experiments\_model\general_head.pt  (train_scenes=['archiviz_baseline080', 'bedroom_baseline080', 'blue_bathroom_baseline080', 'computer_room_baseline080', 'cozy_living_room_baseline080', 'flat-archiviz_baseline080', 'green_house_baseline080', 'gym_baseline080', 'livingroom_baseline080', 'minimal_interior_baseline080', 'scandinavian_baseline080', 'sunlight_baseline080'])

[APPLY] ds_v1_seed0/green_house_v60  (저장모델로 새 데이터 평가)
  AUC      = 0.9634
  IoU@0.5  = 0.6000
  F1@0.5   = 0.7500
  accuracy = 0.9252  (prec=0.7171, rec=0.7862)
  tp=6610 fp=2608 fn=1798 tn=47864
[save] D:\Users\dust\Documents\학교\2026년도1학기\컴퓨터비전\실습\FoundationStereo\experiments\ds_v1_seed0/green_house_v60\submodel_applied  (pred_mask.png, panel.png, metrics.json)

============================================================
STEP: estimate_mirror_plane
============================================================

============================================================
STEP: viz_ransac_inliers
============================================================

============================================================
STEP: make_mirror_gt_from_depth
============================================================

============================================================
STEP: analyze_features
============================================================

============================================================
STEP: submodel_head
============================================================

============================================================
STEP: apply_submodel
============================================================

DONE: D:\Users\dust\Documents\학교\2026년도1학기\컴퓨터비전\실습\FoundationStereo\experiments\ds_v1_seed0/green_house_v60 (ok)

##### [128/131] ds_v1_seed0/green_house_v61  (done 37, fail 0, skip 90, elapsed 25m, ETA 3m) #####
[scene] ds_v1_seed0/green_house_v61  size=1280x720
[select] mirror 점 개수 = 106646  (mask=106646, valid&depth = 610650)
[conf] mirror 영역 평균 confidence = 0.7269

=== 평면 추정 결과 ===
  [PCA (closed form)]
      normal = [+0.0416, -0.8046, -0.5924]
      d = +2.3167   mirror_depth(perp) = 2.3167 m   view_z = 6.3188 m
      n_inliers = 106646/106646   rms_residual = 0.30521 m
  [RANSAC]
      normal = [-0.4619, +0.3166, -0.8285]
      d = +6.1181   mirror_depth(perp) = 6.1181 m   view_z = 6.3188 m
      n_inliers = 35316/106646   rms_residual = 0.01877 m
  [SVD robust (IRLS)]
      normal = [+0.0270, -0.8230, -0.5674]
      d = +2.1206   mirror_depth(perp) = 2.1206 m   view_z = 6.3188 m
      n_inliers = 21670/106646   rms_residual = 0.03955 m

[save] D:\Users\dust\Documents\학교\2026년도1학기\컴퓨터비전\실습\FoundationStereo\experiments\ds_v1_seed0/green_house_v61\mirror_geometry\result.json
[save] D:\Users\dust\Documents\학교\2026년도1학기\컴퓨터비전\실습\FoundationStereo\experiments\ds_v1_seed0/green_house_v61\mirror_geometry\plane.txt
[save] D:\Users\dust\Documents\학교\2026년도1학기\컴퓨터비전\실습\FoundationStereo\experiments\ds_v1_seed0/green_house_v61\mirror_geometry\viz.png

DONE: D:\Users\dust\Documents\학교\2026년도1학기\컴퓨터비전\실습\FoundationStereo\experiments\ds_v1_seed0/green_house_v61\mirror_geometry
[ds_v1_seed0/green_house_v61] 거울 점 106646개 중 inlier 35316 (33.1%) / outlier 71330
  normal=[-0.462  0.317 -0.828] d=6.118  rms(inlier)=0.0188 m  thr≈0.069 m
[save] D:\Users\dust\Documents\학교\2026년도1학기\컴퓨터비전\실습\FoundationStereo\experiments\ds_v1_seed0/green_house_v61\mirror_geometry\ransac_inliers.png
[gt] green_house_v61              perp 4.13m planRMS 0.0050m  normal [-0.488, 0.362, -0.794]

생성 1, 건너뜀 0 (depth_gt/mask 없음 등)
[ds_v1_seed0/green_house_v61] feature 184x320  mirror_frac=0.11632133152173912  feat_left=True
rank  signal              AUC    pol  sep     mean_in     mean_out
  1  delta_conf         0.7675   +  0.5511    0.365187    0.067823
  2  post_conf          0.7661   +   0.698    0.727363    0.436506
  3  post_entropy       0.7631   -  0.8303    0.637001    1.799162
  4  delta_entropy      0.7569   -  0.5834   -1.401594   -0.211277
  5  feat_left_pc1      0.7116   -  0.4849    1.513503    3.122876
  6  feat_left_l2       0.6395   +  0.2105   17.870634   16.729246
  7  feat_left_pc2      0.5503   -  0.1008    2.516423    2.825543
  8  delta_argdisp       0.545   +  0.0832      43.053   38.407738
  9  pre_entropy        0.5167   +  0.0206    2.038595     2.01044
 10  feat_left_pc3      0.5123   +   0.012    1.850419    1.884721
 11  pre_conf              0.5   +  0.0175    0.362177    0.368682
BEST: delta_conf (AUC=0.7675, polarity=+)
저장: D:\Users\dust\Documents\학교\2026년도1학기\컴퓨터비전\실습\FoundationStereo\experiments\ds_v1_seed0/green_house_v61\features\report.json / panels.png / mirror_signal.npy
[device] cuda
  [train] epoch 60/300  loss=0.6394
  [train] epoch 120/300  loss=0.5001
  [train] epoch 180/300  loss=0.4171
  [train] epoch 240/300  loss=0.3441
  [train] epoch 300/300  loss=0.2838

[VAL] scene=ds_v1_seed0/green_house_v61  (pixel 70/30 split)
  AUC      = 0.9721
  IoU@0.5  = 0.5413
  F1@0.5   = 0.7024
  accuracy = 0.9085  (prec=0.5655, rec=0.9266)
  tp=1907 fp=1465 fn=151 tn=14141

[save] D:\Users\dust\Documents\학교\2026년도1학기\컴퓨터비전\실습\FoundationStereo\experiments\ds_v1_seed0/green_house_v61\submodel
  pred_mask.png, panel.png, metrics.json, head.pt
DONE: D:\Users\dust\Documents\학교\2026년도1학기\컴퓨터비전\실습\FoundationStereo\experiments\ds_v1_seed0/green_house_v61\submodel
[device] cuda
[load] D:\Users\dust\Documents\학교\2026년도1학기\컴퓨터비전\실습\FoundationStereo\experiments\_model\general_head.pt  (train_scenes=['archiviz_baseline080', 'bedroom_baseline080', 'blue_bathroom_baseline080', 'computer_room_baseline080', 'cozy_living_room_baseline080', 'flat-archiviz_baseline080', 'green_house_baseline080', 'gym_baseline080', 'livingroom_baseline080', 'minimal_interior_baseline080', 'scandinavian_baseline080', 'sunlight_baseline080'])

[APPLY] ds_v1_seed0/green_house_v61  (저장모델로 새 데이터 평가)
  AUC      = 0.9247
  IoU@0.5  = 0.4464
  F1@0.5   = 0.6172
  accuracy = 0.8689  (prec=0.4673, rec=0.9089)
  tp=6225 fp=7097 fn=624 tn=44934
[save] D:\Users\dust\Documents\학교\2026년도1학기\컴퓨터비전\실습\FoundationStereo\experiments\ds_v1_seed0/green_house_v61\submodel_applied  (pred_mask.png, panel.png, metrics.json)

============================================================
STEP: estimate_mirror_plane
============================================================

============================================================
STEP: viz_ransac_inliers
============================================================

============================================================
STEP: make_mirror_gt_from_depth
============================================================

============================================================
STEP: analyze_features
============================================================

============================================================
STEP: submodel_head
============================================================

============================================================
STEP: apply_submodel
============================================================

DONE: D:\Users\dust\Documents\학교\2026년도1학기\컴퓨터비전\실습\FoundationStereo\experiments\ds_v1_seed0/green_house_v61 (ok)

##### [129/131] ds_v1_seed0/green_house_v62  (done 38, fail 0, skip 90, elapsed 26m, ETA 2m) #####
[scene] ds_v1_seed0/green_house_v62  size=1280x720
[select] mirror 점 개수 = 133813  (mask=133813, valid&depth = 895009)
[conf] mirror 영역 평균 confidence = 0.7100

=== 평면 추정 결과 ===
  [PCA (closed form)]
      normal = [+0.0822, -0.8306, -0.5507]
      d = +2.7644   mirror_depth(perp) = 2.7644 m   view_z = 6.7335 m
      n_inliers = 133813/133813   rms_residual = 0.41153 m
  [RANSAC]
      normal = [-0.4088, +0.2515, -0.8773]
      d = +8.5270   mirror_depth(perp) = 8.5270 m   view_z = 6.7335 m
      n_inliers = 49133/133813   rms_residual = 0.01084 m
  [SVD robust (IRLS)]
      normal = [+0.0634, -0.8355, -0.5457]
      d = +2.7502   mirror_depth(perp) = 2.7502 m   view_z = 6.7335 m
      n_inliers = 20422/133813   rms_residual = 0.04098 m

[save] D:\Users\dust\Documents\학교\2026년도1학기\컴퓨터비전\실습\FoundationStereo\experiments\ds_v1_seed0/green_house_v62\mirror_geometry\result.json
[save] D:\Users\dust\Documents\학교\2026년도1학기\컴퓨터비전\실습\FoundationStereo\experiments\ds_v1_seed0/green_house_v62\mirror_geometry\plane.txt
[save] D:\Users\dust\Documents\학교\2026년도1학기\컴퓨터비전\실습\FoundationStereo\experiments\ds_v1_seed0/green_house_v62\mirror_geometry\viz.png

DONE: D:\Users\dust\Documents\학교\2026년도1학기\컴퓨터비전\실습\FoundationStereo\experiments\ds_v1_seed0/green_house_v62\mirror_geometry
[ds_v1_seed0/green_house_v62] 거울 점 133813개 중 inlier 49133 (36.7%) / outlier 84680
  normal=[-0.409  0.251 -0.877] d=8.527  rms(inlier)=0.0108 m  thr≈0.072 m
[save] D:\Users\dust\Documents\학교\2026년도1학기\컴퓨터비전\실습\FoundationStereo\experiments\ds_v1_seed0/green_house_v62\mirror_geometry\ransac_inliers.png
[gt] green_house_v62              perp 4.03m planRMS 0.0051m  normal [-0.36, 0.253, -0.898]

생성 1, 건너뜀 0 (depth_gt/mask 없음 등)
[ds_v1_seed0/green_house_v62] feature 184x320  mirror_frac=0.1453125  feat_left=True
rank  signal              AUC    pol  sep     mean_in     mean_out
  1  feat_left_pc1      0.5761   -  0.1189    2.402981    2.797833
  2  feat_left_l2       0.5734   +  0.1339   17.494754   16.800547
  3  delta_conf         0.5572   +  0.1136    0.341629    0.288037
  4  post_entropy       0.5503   -   0.141    0.652221    0.700034
  5  pre_conf            0.545   -  0.0955    0.367823    0.406369
  6  delta_argdisp      0.5434   +  0.0762   47.597359   42.912249
  7  feat_left_pc3      0.5409   -  0.0709    1.567517    1.767133
  8  delta_entropy      0.5388   -  0.0398   -1.362889   -1.299106
  9  post_conf           0.529   +  0.0613    0.709452    0.694407
 10  pre_entropy        0.5277   +  0.0103     2.01511    1.999139
 11  feat_left_pc2      0.5051   +  0.0489    1.919565     1.76924
BEST: feat_left_pc1 (AUC=0.5761, polarity=-)
저장: D:\Users\dust\Documents\학교\2026년도1학기\컴퓨터비전\실습\FoundationStereo\experiments\ds_v1_seed0/green_house_v62\features\report.json / panels.png / mirror_signal.npy
[device] cuda
  [train] epoch 60/300  loss=0.5597
  [train] epoch 120/300  loss=0.3858
  [train] epoch 180/300  loss=0.2824
  [train] epoch 240/300  loss=0.2096
  [train] epoch 300/300  loss=0.1593

[VAL] scene=ds_v1_seed0/green_house_v62  (pixel 70/30 split)
  AUC      = 0.9885
  IoU@0.5  = 0.7325
  F1@0.5   = 0.8456
  accuracy = 0.9495  (prec=0.7601, rec=0.9528)
  tp=2443 fp=771 fn=121 tn=14329

[save] D:\Users\dust\Documents\학교\2026년도1학기\컴퓨터비전\실습\FoundationStereo\experiments\ds_v1_seed0/green_house_v62\submodel
  pred_mask.png, panel.png, metrics.json, head.pt
DONE: D:\Users\dust\Documents\학교\2026년도1학기\컴퓨터비전\실습\FoundationStereo\experiments\ds_v1_seed0/green_house_v62\submodel
[device] cuda
[load] D:\Users\dust\Documents\학교\2026년도1학기\컴퓨터비전\실습\FoundationStereo\experiments\_model\general_head.pt  (train_scenes=['archiviz_baseline080', 'bedroom_baseline080', 'blue_bathroom_baseline080', 'computer_room_baseline080', 'cozy_living_room_baseline080', 'flat-archiviz_baseline080', 'green_house_baseline080', 'gym_baseline080', 'livingroom_baseline080', 'minimal_interior_baseline080', 'scandinavian_baseline080', 'sunlight_baseline080'])

[APPLY] ds_v1_seed0/green_house_v62  (저장모델로 새 데이터 평가)
  AUC      = 0.9758
  IoU@0.5  = 0.6605
  F1@0.5   = 0.7955
  accuracy = 0.9385  (prec=0.7694, rec=0.8235)
  tp=7046 fp=2112 fn=1510 tn=48212
[save] D:\Users\dust\Documents\학교\2026년도1학기\컴퓨터비전\실습\FoundationStereo\experiments\ds_v1_seed0/green_house_v62\submodel_applied  (pred_mask.png, panel.png, metrics.json)

============================================================
STEP: estimate_mirror_plane
============================================================

============================================================
STEP: viz_ransac_inliers
============================================================

============================================================
STEP: make_mirror_gt_from_depth
============================================================

============================================================
STEP: analyze_features
============================================================

============================================================
STEP: submodel_head
============================================================

============================================================
STEP: apply_submodel
============================================================

DONE: D:\Users\dust\Documents\학교\2026년도1학기\컴퓨터비전\실습\FoundationStereo\experiments\ds_v1_seed0/green_house_v62 (ok)

##### [130/131] ds_v1_seed0/green_house_v63  (done 39, fail 0, skip 90, elapsed 26m, ETA 1m) #####
[scene] ds_v1_seed0/green_house_v63  size=1280x720
[select] mirror 점 개수 = 123957  (mask=123957, valid&depth = 892761)
[conf] mirror 영역 평균 confidence = 0.6846

=== 평면 추정 결과 ===
  [PCA (closed form)]
      normal = [+0.1635, -0.9086, -0.3844]
      d = +2.7226   mirror_depth(perp) = 2.7226 m   view_z = 6.7069 m
      n_inliers = 123957/123957   rms_residual = 0.39933 m
  [RANSAC]
      normal = [-0.3216, +0.1066, -0.9409]
      d = +5.8589   mirror_depth(perp) = 5.8589 m   view_z = 6.7069 m
      n_inliers = 40029/123957   rms_residual = 0.02269 m
  [SVD robust (IRLS)]
      normal = [+0.1520, -0.9187, -0.3644]
      d = +2.5882   mirror_depth(perp) = 2.5882 m   view_z = 6.7069 m
      n_inliers = 16235/123957   rms_residual = 0.04009 m

[save] D:\Users\dust\Documents\학교\2026년도1학기\컴퓨터비전\실습\FoundationStereo\experiments\ds_v1_seed0/green_house_v63\mirror_geometry\result.json
[save] D:\Users\dust\Documents\학교\2026년도1학기\컴퓨터비전\실습\FoundationStereo\experiments\ds_v1_seed0/green_house_v63\mirror_geometry\plane.txt
[save] D:\Users\dust\Documents\학교\2026년도1학기\컴퓨터비전\실습\FoundationStereo\experiments\ds_v1_seed0/green_house_v63\mirror_geometry\viz.png

DONE: D:\Users\dust\Documents\학교\2026년도1학기\컴퓨터비전\실습\FoundationStereo\experiments\ds_v1_seed0/green_house_v63\mirror_geometry
[ds_v1_seed0/green_house_v63] 거울 점 123957개 중 inlier 40029 (32.3%) / outlier 83928
  normal=[-0.322  0.107 -0.941] d=5.859  rms(inlier)=0.0227 m  thr≈0.070 m
[save] D:\Users\dust\Documents\학교\2026년도1학기\컴퓨터비전\실습\FoundationStereo\experiments\ds_v1_seed0/green_house_v63\mirror_geometry\ransac_inliers.png
[gt] green_house_v63              perp 3.93m planRMS 0.0038m  normal [-0.324, 0.107, -0.94]

생성 1, 건너뜀 0 (depth_gt/mask 없음 등)
[ds_v1_seed0/green_house_v63] feature 184x320  mirror_frac=0.13417119565217392  feat_left=True
rank  signal              AUC    pol  sep     mean_in     mean_out
  1  post_entropy       0.6247   +  0.1502    0.677899    0.629971
  2  feat_left_pc1      0.6022   -  0.1787    2.294902    2.843186
  3  post_conf          0.5835   -  0.1396    0.684077    0.718522
  4  feat_left_pc2      0.5655   -  0.1218    1.584654    1.923657
  5  delta_argdisp      0.5618   +   0.101   46.531266   40.420675
  6  feat_left_pc3      0.5469   -  0.0845    1.606407     1.84264
  7  pre_conf           0.5459   -  0.0989    0.365116    0.406132
  8  feat_left_l2        0.531   -  0.0378   16.733195   16.917256
  9  pre_entropy         0.526   +  0.0013    2.040543    2.042561
 10  delta_entropy       0.505   -  0.0309   -1.362644    -1.41259
 11  delta_conf         0.5023   -  0.0141    0.318961     0.31239
BEST: post_entropy (AUC=0.6247, polarity=+)
저장: D:\Users\dust\Documents\학교\2026년도1학기\컴퓨터비전\실습\FoundationStereo\experiments\ds_v1_seed0/green_house_v63\features\report.json / panels.png / mirror_signal.npy
[device] cuda
  [train] epoch 60/300  loss=0.6072
  [train] epoch 120/300  loss=0.4393
  [train] epoch 180/300  loss=0.3370
  [train] epoch 240/300  loss=0.2631
  [train] epoch 300/300  loss=0.2073

[VAL] scene=ds_v1_seed0/green_house_v63  (pixel 70/30 split)
  AUC      = 0.9817
  IoU@0.5  = 0.6378
  F1@0.5   = 0.7789
  accuracy = 0.9291  (prec=0.6662, rec=0.9375)
  tp=2205 fp=1105 fn=147 tn=14207

[save] D:\Users\dust\Documents\학교\2026년도1학기\컴퓨터비전\실습\FoundationStereo\experiments\ds_v1_seed0/green_house_v63\submodel
  pred_mask.png, panel.png, metrics.json, head.pt
DONE: D:\Users\dust\Documents\학교\2026년도1학기\컴퓨터비전\실습\FoundationStereo\experiments\ds_v1_seed0/green_house_v63\submodel
[device] cuda
[load] D:\Users\dust\Documents\학교\2026년도1학기\컴퓨터비전\실습\FoundationStereo\experiments\_model\general_head.pt  (train_scenes=['archiviz_baseline080', 'bedroom_baseline080', 'blue_bathroom_baseline080', 'computer_room_baseline080', 'cozy_living_room_baseline080', 'flat-archiviz_baseline080', 'green_house_baseline080', 'gym_baseline080', 'livingroom_baseline080', 'minimal_interior_baseline080', 'scandinavian_baseline080', 'sunlight_baseline080'])

[APPLY] ds_v1_seed0/green_house_v63  (저장모델로 새 데이터 평가)
  AUC      = 0.9721
  IoU@0.5  = 0.6254
  F1@0.5   = 0.7695
  accuracy = 0.9347  (prec=0.7310, rec=0.8123)
  tp=6417 fp=2361 fn=1483 tn=48619
[save] D:\Users\dust\Documents\학교\2026년도1학기\컴퓨터비전\실습\FoundationStereo\experiments\ds_v1_seed0/green_house_v63\submodel_applied  (pred_mask.png, panel.png, metrics.json)

============================================================
STEP: estimate_mirror_plane
============================================================

============================================================
STEP: viz_ransac_inliers
============================================================

============================================================
STEP: make_mirror_gt_from_depth
============================================================

============================================================
STEP: analyze_features
============================================================

============================================================
STEP: submodel_head
============================================================

============================================================
STEP: apply_submodel
============================================================

DONE: D:\Users\dust\Documents\학교\2026년도1학기\컴퓨터비전\실습\FoundationStereo\experiments\ds_v1_seed0/green_house_v63 (ok)

##### [131/131] ds_v1_seed0/green_house_v64  (done 40, fail 0, skip 90, elapsed 26m, ETA 1m) #####
[scene] ds_v1_seed0/green_house_v64  size=1280x720
[select] mirror 점 개수 = 125415  (mask=125415, valid&depth = 893902)
[conf] mirror 영역 평균 confidence = 0.7143

=== 평면 추정 결과 ===
  [PCA (closed form)]
      normal = [+0.1124, -0.7747, -0.6222]
      d = +2.7291   mirror_depth(perp) = 2.7291 m   view_z = 6.5233 m
      n_inliers = 125415/125415   rms_residual = 0.35495 m
  [RANSAC]
      normal = [-0.2736, +0.3565, -0.8933]
      d = +8.4696   mirror_depth(perp) = 8.4696 m   view_z = 6.5233 m
      n_inliers = 38375/125415   rms_residual = 0.02020 m
  [SVD robust (IRLS)]
      normal = [+0.1004, -0.7898, -0.6051]
      d = +2.5809   mirror_depth(perp) = 2.5809 m   view_z = 6.5233 m
      n_inliers = 18251/125415   rms_residual = 0.03919 m

[save] D:\Users\dust\Documents\학교\2026년도1학기\컴퓨터비전\실습\FoundationStereo\experiments\ds_v1_seed0/green_house_v64\mirror_geometry\result.json
[save] D:\Users\dust\Documents\학교\2026년도1학기\컴퓨터비전\실습\FoundationStereo\experiments\ds_v1_seed0/green_house_v64\mirror_geometry\plane.txt
[save] D:\Users\dust\Documents\학교\2026년도1학기\컴퓨터비전\실습\FoundationStereo\experiments\ds_v1_seed0/green_house_v64\mirror_geometry\viz.png

DONE: D:\Users\dust\Documents\학교\2026년도1학기\컴퓨터비전\실습\FoundationStereo\experiments\ds_v1_seed0/green_house_v64\mirror_geometry
[ds_v1_seed0/green_house_v64] 거울 점 125415개 중 inlier 38375 (30.6%) / outlier 87040
  normal=[-0.274  0.357 -0.893] d=8.470  rms(inlier)=0.0202 m  thr≈0.067 m
[save] D:\Users\dust\Documents\학교\2026년도1학기\컴퓨터비전\실습\FoundationStereo\experiments\ds_v1_seed0/green_house_v64\mirror_geometry\ransac_inliers.png
[gt] green_house_v64              perp 3.99m planRMS 0.0054m  normal [-0.32, 0.372, -0.871]

생성 1, 건너뜀 0 (depth_gt/mask 없음 등)
[ds_v1_seed0/green_house_v64] feature 184x320  mirror_frac=0.13693953804347825  feat_left=True
rank  signal              AUC    pol  sep     mean_in     mean_out
  1  feat_left_pc1      0.5833   -  0.1874    2.166708    2.758427
  2  delta_conf          0.573   +  0.1291     0.34797    0.287161
  3  post_entropy       0.5601   -  0.1122    0.656321    0.694781
  4  post_conf          0.5551   +  0.0965    0.714456    0.690992
  5  pre_conf           0.5477   -  0.0915    0.366487    0.403831
  6  feat_left_pc3      0.5459   -  0.0787    1.548357    1.757682
  7  delta_entropy      0.5414   -  0.0292   -1.382711   -1.335455
  8  delta_argdisp      0.5317   +  0.0553   45.507875   42.142787
  9  pre_entropy        0.5292   +  0.0056    2.039032    2.030237
 10  feat_left_pc2      0.5049   -  0.0005    1.812545    1.813926
 11  feat_left_l2       0.5004   -  0.0101   16.966192   16.918893
BEST: feat_left_pc1 (AUC=0.5833, polarity=-)
저장: D:\Users\dust\Documents\학교\2026년도1학기\컴퓨터비전\실습\FoundationStereo\experiments\ds_v1_seed0/green_house_v64\features\report.json / panels.png / mirror_signal.npy
[device] cuda
  [train] epoch 60/300  loss=0.5835
  [train] epoch 120/300  loss=0.4114
  [train] epoch 180/300  loss=0.3109
  [train] epoch 240/300  loss=0.2391
  [train] epoch 300/300  loss=0.1868

[VAL] scene=ds_v1_seed0/green_house_v64  (pixel 70/30 split)
  AUC      = 0.9865
  IoU@0.5  = 0.6826
  F1@0.5   = 0.8114
  accuracy = 0.9392  (prec=0.7060, rec=0.9538)
  tp=2310 fp=962 fn=112 tn=14280

[save] D:\Users\dust\Documents\학교\2026년도1학기\컴퓨터비전\실습\FoundationStereo\experiments\ds_v1_seed0/green_house_v64\submodel
  pred_mask.png, panel.png, metrics.json, head.pt
DONE: D:\Users\dust\Documents\학교\2026년도1학기\컴퓨터비전\실습\FoundationStereo\experiments\ds_v1_seed0/green_house_v64\submodel
[device] cuda
[load] D:\Users\dust\Documents\학교\2026년도1학기\컴퓨터비전\실습\FoundationStereo\experiments\_model\general_head.pt  (train_scenes=['archiviz_baseline080', 'bedroom_baseline080', 'blue_bathroom_baseline080', 'computer_room_baseline080', 'cozy_living_room_baseline080', 'flat-archiviz_baseline080', 'green_house_baseline080', 'gym_baseline080', 'livingroom_baseline080', 'minimal_interior_baseline080', 'scandinavian_baseline080', 'sunlight_baseline080'])

[APPLY] ds_v1_seed0/green_house_v64  (저장모델로 새 데이터 평가)
  AUC      = 0.9802
  IoU@0.5  = 0.6795
  F1@0.5   = 0.8091
  accuracy = 0.9462  (prec=0.7874, rec=0.8321)
  tp=6709 fp=1811 fn=1354 tn=49006
[save] D:\Users\dust\Documents\학교\2026년도1학기\컴퓨터비전\실습\FoundationStereo\experiments\ds_v1_seed0/green_house_v64\submodel_applied  (pred_mask.png, panel.png, metrics.json)

============================================================
STEP: estimate_mirror_plane
============================================================

============================================================
STEP: viz_ransac_inliers
============================================================

============================================================
STEP: make_mirror_gt_from_depth
============================================================

============================================================
STEP: analyze_features
============================================================

============================================================
STEP: submodel_head
============================================================

============================================================
STEP: apply_submodel
============================================================

DONE: D:\Users\dust\Documents\학교\2026년도1학기\컴퓨터비전\실습\FoundationStereo\experiments\ds_v1_seed0/green_house_v64 (ok)

[batch] 끝: done 41, fail 0, skip 90, 총 0.4h
