[batch] D:\Users\dust\Documents\학교\2026년도1학기\컴퓨터비전\실습\Archive\ds_v1_seed0 → experiments/ds_v1_seed0/  (2 scene, 122 views, post_only)

##### [57/122] ds_v1_seed0/bedroom_v56  (done 0, fail 0, skip 56, elapsed 0m, ETA 0m) #####
[scene] ds_v1_seed0/bedroom_v56  size=1280x720
[select] mirror 점 개수 = 329092  (mask=329092, valid&depth = 889631)
[conf] mirror 영역 평균 confidence = 0.7004

=== 평면 추정 결과 ===
  [PCA (closed form)]
      normal = [+0.1303, -0.9236, -0.3604]
      d = +2.0115   mirror_depth(perp) = 2.0115 m   view_z = 6.3884 m
      n_inliers = 329092/329092   rms_residual = 0.24166 m
  [RANSAC]
      normal = [+0.1492, -0.9222, -0.3568]
      d = +2.0419   mirror_depth(perp) = 2.0419 m   view_z = 6.3884 m
      n_inliers = 97563/329092   rms_residual = 0.03367 m
  [SVD robust (IRLS)]
      normal = [+0.1374, -0.9132, -0.3837]
      d = +2.1715   mirror_depth(perp) = 2.1715 m   view_z = 6.3884 m
      n_inliers = 94337/329092   rms_residual = 0.03606 m

[save] D:\Users\dust\Documents\학교\2026년도1학기\컴퓨터비전\실습\FoundationStereo\experiments\ds_v1_seed0/bedroom_v56\mirror_geometry\result.json
[save] D:\Users\dust\Documents\학교\2026년도1학기\컴퓨터비전\실습\FoundationStereo\experiments\ds_v1_seed0/bedroom_v56\mirror_geometry\plane.txt
[save] D:\Users\dust\Documents\학교\2026년도1학기\컴퓨터비전\실습\FoundationStereo\experiments\ds_v1_seed0/bedroom_v56\mirror_geometry\viz.png

DONE: D:\Users\dust\Documents\학교\2026년도1학기\컴퓨터비전\실습\FoundationStereo\experiments\ds_v1_seed0/bedroom_v56\mirror_geometry
[ds_v1_seed0/bedroom_v56] 거울 점 329092개 중 inlier 97563 (29.6%) / outlier 231529
  normal=[ 0.149 -0.922 -0.357] d=2.042  rms(inlier)=0.0337 m  thr≈0.062 m
[save] D:\Users\dust\Documents\학교\2026년도1학기\컴퓨터비전\실습\FoundationStereo\experiments\ds_v1_seed0/bedroom_v56\mirror_geometry\ransac_inliers.png
[gt] bedroom_v56                  perp 3.92m planRMS 0.0008m  normal [-0.591, 0.142, -0.794]

생성 1, 건너뜀 0 (depth_gt/mask 없음 등)
[ds_v1_seed0/bedroom_v56] feature 184x320  mirror_frac=0.3565047554347826  feat_left=True
rank  signal              AUC    pol  sep     mean_in     mean_out
  1  feat_left_pc1      0.5667   -  0.1234    1.809545    2.178306
  2  feat_left_l2       0.5574   +  0.0902   17.034948   16.638629
  3  delta_entropy      0.5553   +  0.1381   -1.285476   -1.515587
  4  delta_argdisp      0.5539   -  0.0849   34.535372    39.71947
  5  pre_entropy        0.5461   -  0.1247    1.935992    2.142945
  6  pre_conf           0.5358   +  0.0542    0.404842    0.381736
  7  delta_conf         0.5346   -  0.0581    0.295078    0.322959
  8  post_entropy       0.5278   +  0.0836    0.650516    0.627358
  9  feat_left_pc2        0.52   -  0.0301    1.821425    1.902274
 10  post_conf          0.5076   -    0.02     0.69992    0.704694
 11  feat_left_pc3      0.5045   +  0.0043    1.786445    1.774566
BEST: feat_left_pc1 (AUC=0.5667, polarity=-)
저장: D:\Users\dust\Documents\학교\2026년도1학기\컴퓨터비전\실습\FoundationStereo\experiments\ds_v1_seed0/bedroom_v56\features\report.json / panels.png / mirror_signal.npy
[device] cuda
  [train] epoch 60/300  loss=0.4761
  [train] epoch 120/300  loss=0.3391
  [train] epoch 180/300  loss=0.2525
  [train] epoch 240/300  loss=0.1927
  [train] epoch 300/300  loss=0.1514

[VAL] scene=ds_v1_seed0/bedroom_v56  (pixel 70/30 split)
  AUC      = 0.9858
  IoU@0.5  = 0.8402
  F1@0.5   = 0.9132
  accuracy = 0.9372  (prec=0.8889, rec=0.9389)
  tp=5838 fp=730 fn=380 tn=10716

[save] D:\Users\dust\Documents\학교\2026년도1학기\컴퓨터비전\실습\FoundationStereo\experiments\ds_v1_seed0/bedroom_v56\submodel
  pred_mask.png, panel.png, metrics.json, head.pt
DONE: D:\Users\dust\Documents\학교\2026년도1학기\컴퓨터비전\실습\FoundationStereo\experiments\ds_v1_seed0/bedroom_v56\submodel
[device] cuda
[load] D:\Users\dust\Documents\학교\2026년도1학기\컴퓨터비전\실습\FoundationStereo\experiments\_model\general_head.pt  (train_scenes=['archiviz_baseline080', 'bedroom_baseline080', 'blue_bathroom_baseline080', 'computer_room_baseline080', 'cozy_living_room_baseline080', 'flat-archiviz_baseline080', 'green_house_baseline080', 'gym_baseline080', 'livingroom_baseline080', 'minimal_interior_baseline080', 'scandinavian_baseline080', 'sunlight_baseline080'])

[APPLY] ds_v1_seed0/bedroom_v56  (저장모델로 새 데이터 평가)
  AUC      = 0.8814
  IoU@0.5  = 0.0813
  F1@0.5   = 0.1503
  accuracy = 0.6721  (prec=0.9861, rec=0.0814)
  tp=1708 fp=24 fn=19283 tn=37865
[save] D:\Users\dust\Documents\학교\2026년도1학기\컴퓨터비전\실습\FoundationStereo\experiments\ds_v1_seed0/bedroom_v56\submodel_applied  (pred_mask.png, panel.png, metrics.json)

============================================================
STEP: estimate_mirror_plane
============================================================

============================================================
STEP: viz_ransac_inliers
============================================================

============================================================
STEP: make_mirror_gt_from_depth
============================================================

============================================================
STEP: analyze_features
============================================================

============================================================
STEP: submodel_head
============================================================

============================================================
STEP: apply_submodel
============================================================

DONE: D:\Users\dust\Documents\학교\2026년도1학기\컴퓨터비전\실습\FoundationStereo\experiments\ds_v1_seed0/bedroom_v56 (ok)

##### [58/122] ds_v1_seed0/bedroom_v57  (done 1, fail 0, skip 56, elapsed 1m, ETA 63m) #####
[scene] ds_v1_seed0/bedroom_v57  size=1280x720
[select] mirror 점 개수 = 162362  (mask=162362, valid&depth = 884022)
[conf] mirror 영역 평균 confidence = 0.6962

=== 평면 추정 결과 ===
  [PCA (closed form)]
      normal = [+0.0478, -0.9091, -0.4138]
      d = +1.6477   mirror_depth(perp) = 1.6477 m   view_z = 5.5371 m
      n_inliers = 162362/162362   rms_residual = 0.18464 m
  [RANSAC]
      normal = [-0.1540, -0.7084, -0.6888]
      d = +3.4290   mirror_depth(perp) = 3.4290 m   view_z = 5.5371 m
      n_inliers = 66454/162362   rms_residual = 0.03101 m
  [SVD robust (IRLS)]
      normal = [+0.0653, -0.9027, -0.4254]
      d = +1.6978   mirror_depth(perp) = 1.6978 m   view_z = 5.5371 m
      n_inliers = 27133/162362   rms_residual = 0.03114 m

[save] D:\Users\dust\Documents\학교\2026년도1학기\컴퓨터비전\실습\FoundationStereo\experiments\ds_v1_seed0/bedroom_v57\mirror_geometry\result.json
[save] D:\Users\dust\Documents\학교\2026년도1학기\컴퓨터비전\실습\FoundationStereo\experiments\ds_v1_seed0/bedroom_v57\mirror_geometry\plane.txt
[save] D:\Users\dust\Documents\학교\2026년도1학기\컴퓨터비전\실습\FoundationStereo\experiments\ds_v1_seed0/bedroom_v57\mirror_geometry\viz.png

DONE: D:\Users\dust\Documents\학교\2026년도1학기\컴퓨터비전\실습\FoundationStereo\experiments\ds_v1_seed0/bedroom_v57\mirror_geometry
[ds_v1_seed0/bedroom_v57] 거울 점 162362개 중 inlier 66454 (40.9%) / outlier 95908
  normal=[-0.154 -0.708 -0.689] d=3.429  rms(inlier)=0.0310 m  thr≈0.054 m
[save] D:\Users\dust\Documents\학교\2026년도1학기\컴퓨터비전\실습\FoundationStereo\experiments\ds_v1_seed0/bedroom_v57\mirror_geometry\ransac_inliers.png
[gt] bedroom_v57                  perp 3.97m planRMS 0.0008m  normal [-0.678, 0.237, -0.695]

생성 1, 건너뜀 0 (depth_gt/mask 없음 등)
[ds_v1_seed0/bedroom_v57] feature 184x320  mirror_frac=0.1767493206521739  feat_left=True
rank  signal              AUC    pol  sep     mean_in     mean_out
  1  feat_left_l2       0.6086   +  0.1879   17.488993   16.751191
  2  post_entropy       0.6068   +  0.2029     0.65786      0.6052
  3  feat_left_pc1      0.5872   -  0.1366    1.916485      2.3193
  4  post_conf          0.5573   -  0.1019    0.696331    0.720548
  5  pre_conf           0.5502   -  0.0989    0.383182    0.425171
  6  pre_entropy        0.5498   +  0.0513    2.003812    1.920823
  7  delta_entropy      0.5295   -  0.0186   -1.345951   -1.315623
  8  feat_left_pc3      0.5262   -   0.048    1.736388    1.868717
  9  feat_left_pc2      0.5248   +  0.0512    2.043385    1.894672
 10  delta_conf         0.5154   +  0.0369    0.313149    0.295376
 11  delta_argdisp       0.509   +  0.0173   34.349572   33.393745
BEST: feat_left_l2 (AUC=0.6086, polarity=+)
저장: D:\Users\dust\Documents\학교\2026년도1학기\컴퓨터비전\실습\FoundationStereo\experiments\ds_v1_seed0/bedroom_v57\features\report.json / panels.png / mirror_signal.npy
[device] cuda
  [train] epoch 60/300  loss=0.5230
  [train] epoch 120/300  loss=0.3574
  [train] epoch 180/300  loss=0.2675
  [train] epoch 240/300  loss=0.2020
  [train] epoch 300/300  loss=0.1539

[VAL] scene=ds_v1_seed0/bedroom_v57  (pixel 70/30 split)
  AUC      = 0.9921
  IoU@0.5  = 0.7799
  F1@0.5   = 0.8764
  accuracy = 0.9521  (prec=0.8027, rec=0.9649)
  tp=2998 fp=737 fn=109 tn=13820

[save] D:\Users\dust\Documents\학교\2026년도1학기\컴퓨터비전\실습\FoundationStereo\experiments\ds_v1_seed0/bedroom_v57\submodel
  pred_mask.png, panel.png, metrics.json, head.pt
DONE: D:\Users\dust\Documents\학교\2026년도1학기\컴퓨터비전\실습\FoundationStereo\experiments\ds_v1_seed0/bedroom_v57\submodel
[device] cuda
[load] D:\Users\dust\Documents\학교\2026년도1학기\컴퓨터비전\실습\FoundationStereo\experiments\_model\general_head.pt  (train_scenes=['archiviz_baseline080', 'bedroom_baseline080', 'blue_bathroom_baseline080', 'computer_room_baseline080', 'cozy_living_room_baseline080', 'flat-archiviz_baseline080', 'green_house_baseline080', 'gym_baseline080', 'livingroom_baseline080', 'minimal_interior_baseline080', 'scandinavian_baseline080', 'sunlight_baseline080'])

[APPLY] ds_v1_seed0/bedroom_v57  (저장모델로 새 데이터 평가)
  AUC      = 0.9350
  IoU@0.5  = 0.0447
  F1@0.5   = 0.0855
  accuracy = 0.8308  (prec=0.9530, rec=0.0448)
  tp=466 fp=23 fn=9941 tn=48450
[save] D:\Users\dust\Documents\학교\2026년도1학기\컴퓨터비전\실습\FoundationStereo\experiments\ds_v1_seed0/bedroom_v57\submodel_applied  (pred_mask.png, panel.png, metrics.json)

============================================================
STEP: estimate_mirror_plane
============================================================

============================================================
STEP: viz_ransac_inliers
============================================================

============================================================
STEP: make_mirror_gt_from_depth
============================================================

============================================================
STEP: analyze_features
============================================================

============================================================
STEP: submodel_head
============================================================

============================================================
STEP: apply_submodel
============================================================

DONE: D:\Users\dust\Documents\학교\2026년도1학기\컴퓨터비전\실습\FoundationStereo\experiments\ds_v1_seed0/bedroom_v57 (ok)

##### [59/122] ds_v1_seed0/bedroom_v58  (done 2, fail 0, skip 56, elapsed 2m, ETA 50m) #####
[scene] ds_v1_seed0/bedroom_v58  size=1280x720
[select] mirror 점 개수 = 74734  (mask=74734, valid&depth = 890117)
[conf] mirror 영역 평균 confidence = 0.6673

=== 평면 추정 결과 ===
  [PCA (closed form)]
      normal = [+0.9096, -0.1377, -0.3919]
      d = +0.5477   mirror_depth(perp) = 0.5477 m   view_z = 5.4472 m
      n_inliers = 74734/74734   rms_residual = 0.13951 m
  [RANSAC]
      normal = [+0.5499, +0.1155, -0.8272]
      d = +3.5364   mirror_depth(perp) = 3.5364 m   view_z = 5.4472 m
      n_inliers = 29612/74734   rms_residual = 0.00681 m
  [SVD robust (IRLS)]
      normal = [+0.8475, -0.2389, -0.4740]
      d = +1.0742   mirror_depth(perp) = 1.0742 m   view_z = 5.4472 m
      n_inliers = 15594/74734   rms_residual = 0.01942 m

[save] D:\Users\dust\Documents\학교\2026년도1학기\컴퓨터비전\실습\FoundationStereo\experiments\ds_v1_seed0/bedroom_v58\mirror_geometry\result.json
[save] D:\Users\dust\Documents\학교\2026년도1학기\컴퓨터비전\실습\FoundationStereo\experiments\ds_v1_seed0/bedroom_v58\mirror_geometry\plane.txt
[save] D:\Users\dust\Documents\학교\2026년도1학기\컴퓨터비전\실습\FoundationStereo\experiments\ds_v1_seed0/bedroom_v58\mirror_geometry\viz.png

DONE: D:\Users\dust\Documents\학교\2026년도1학기\컴퓨터비전\실습\FoundationStereo\experiments\ds_v1_seed0/bedroom_v58\mirror_geometry
[ds_v1_seed0/bedroom_v58] 거울 점 74734개 중 inlier 29612 (39.6%) / outlier 45122
  normal=[ 0.55   0.115 -0.827] d=3.536  rms(inlier)=0.0068 m  thr≈0.034 m
[save] D:\Users\dust\Documents\학교\2026년도1학기\컴퓨터비전\실습\FoundationStereo\experiments\ds_v1_seed0/bedroom_v58\mirror_geometry\ransac_inliers.png
[gt] bedroom_v58                  perp 3.44m planRMS 0.0009m  normal [-0.848, 0.173, -0.502]

생성 1, 건너뜀 0 (depth_gt/mask 없음 등)
[ds_v1_seed0/bedroom_v58] feature 184x320  mirror_frac=0.08104619565217391  feat_left=True
rank  signal              AUC    pol  sep     mean_in     mean_out
  1  post_entropy       0.7303   +  0.4188    0.728845    0.606212
  2  post_conf          0.6227   -  0.2258    0.668105    0.721022
  3  feat_left_pc2      0.5599   +  0.1089     2.28785    1.975821
  4  delta_entropy      0.5527   +  0.1108   -1.246233   -1.411011
  5  delta_conf         0.5471   -  0.0702     0.29266    0.324347
  6  feat_left_pc3       0.541   -  0.0743    1.618031     1.81505
  7  delta_argdisp      0.5207   -  0.0614    34.96689   38.393066
  8  pre_conf           0.5197   -  0.0535    0.375446    0.396674
  9  feat_left_pc1      0.5182   -  0.0261    2.196518    2.102312
 10  pre_entropy        0.5045   -  0.0282    1.975079    2.017223
 11  feat_left_l2       0.5029   -  0.0573   17.053378   16.758565
BEST: post_entropy (AUC=0.7303, polarity=+)
저장: D:\Users\dust\Documents\학교\2026년도1학기\컴퓨터비전\실습\FoundationStereo\experiments\ds_v1_seed0/bedroom_v58\features\report.json / panels.png / mirror_signal.npy
[device] cuda
  [train] epoch 60/300  loss=0.6173
  [train] epoch 120/300  loss=0.4208
  [train] epoch 180/300  loss=0.3048
  [train] epoch 240/300  loss=0.2228
  [train] epoch 300/300  loss=0.1663

[VAL] scene=ds_v1_seed0/bedroom_v58  (pixel 70/30 split)
  AUC      = 0.9885
  IoU@0.5  = 0.6137
  F1@0.5   = 0.7606
  accuracy = 0.9532  (prec=0.6407, rec=0.9359)
  tp=1314 fp=737 fn=90 tn=15523

[save] D:\Users\dust\Documents\학교\2026년도1학기\컴퓨터비전\실습\FoundationStereo\experiments\ds_v1_seed0/bedroom_v58\submodel
  pred_mask.png, panel.png, metrics.json, head.pt
DONE: D:\Users\dust\Documents\학교\2026년도1학기\컴퓨터비전\실습\FoundationStereo\experiments\ds_v1_seed0/bedroom_v58\submodel
[device] cuda
[load] D:\Users\dust\Documents\학교\2026년도1학기\컴퓨터비전\실습\FoundationStereo\experiments\_model\general_head.pt  (train_scenes=['archiviz_baseline080', 'bedroom_baseline080', 'blue_bathroom_baseline080', 'computer_room_baseline080', 'cozy_living_room_baseline080', 'flat-archiviz_baseline080', 'green_house_baseline080', 'gym_baseline080', 'livingroom_baseline080', 'minimal_interior_baseline080', 'scandinavian_baseline080', 'sunlight_baseline080'])

[APPLY] ds_v1_seed0/bedroom_v58  (저장모델로 새 데이터 평가)
  AUC      = 0.9078
  IoU@0.5  = 0.0188
  F1@0.5   = 0.0370
  accuracy = 0.9204  (prec=0.9375, rec=0.0189)
  tp=90 fp=6 fn=4682 tn=54102
[save] D:\Users\dust\Documents\학교\2026년도1학기\컴퓨터비전\실습\FoundationStereo\experiments\ds_v1_seed0/bedroom_v58\submodel_applied  (pred_mask.png, panel.png, metrics.json)

============================================================
STEP: estimate_mirror_plane
============================================================

============================================================
STEP: viz_ransac_inliers
============================================================

============================================================
STEP: make_mirror_gt_from_depth
============================================================

============================================================
STEP: analyze_features
============================================================

============================================================
STEP: submodel_head
============================================================

============================================================
STEP: apply_submodel
============================================================

DONE: D:\Users\dust\Documents\학교\2026년도1학기\컴퓨터비전\실습\FoundationStereo\experiments\ds_v1_seed0/bedroom_v58 (ok)

##### [60/122] ds_v1_seed0/bedroom_v59  (done 3, fail 0, skip 56, elapsed 2m, ETA 42m) #####
[scene] ds_v1_seed0/bedroom_v59  size=1280x720
[select] mirror 점 개수 = 303831  (mask=303831, valid&depth = 892131)
[conf] mirror 영역 평균 confidence = 0.7027

=== 평면 추정 결과 ===
  [PCA (closed form)]
      normal = [+0.1081, -0.9548, -0.2770]
      d = +1.9107   mirror_depth(perp) = 1.9107 m   view_z = 6.1134 m
      n_inliers = 303831/303831   rms_residual = 0.23656 m
  [RANSAC]
      normal = [+0.0803, -0.9295, -0.3599]
      d = +2.4317   mirror_depth(perp) = 2.4317 m   view_z = 6.1134 m
      n_inliers = 77327/303831   rms_residual = 0.03203 m
  [SVD robust (IRLS)]
      normal = [+0.1149, -0.9446, -0.3076]
      d = +2.0938   mirror_depth(perp) = 2.0938 m   view_z = 6.1134 m
      n_inliers = 69824/303831   rms_residual = 0.03258 m

[save] D:\Users\dust\Documents\학교\2026년도1학기\컴퓨터비전\실습\FoundationStereo\experiments\ds_v1_seed0/bedroom_v59\mirror_geometry\result.json
[save] D:\Users\dust\Documents\학교\2026년도1학기\컴퓨터비전\실습\FoundationStereo\experiments\ds_v1_seed0/bedroom_v59\mirror_geometry\plane.txt
[save] D:\Users\dust\Documents\학교\2026년도1학기\컴퓨터비전\실습\FoundationStereo\experiments\ds_v1_seed0/bedroom_v59\mirror_geometry\viz.png

DONE: D:\Users\dust\Documents\학교\2026년도1학기\컴퓨터비전\실습\FoundationStereo\experiments\ds_v1_seed0/bedroom_v59\mirror_geometry
[ds_v1_seed0/bedroom_v59] 거울 점 303831개 중 inlier 77327 (25.5%) / outlier 226504
  normal=[ 0.08 -0.93 -0.36] d=2.432  rms(inlier)=0.0320 m  thr≈0.057 m
[save] D:\Users\dust\Documents\학교\2026년도1학기\컴퓨터비전\실습\FoundationStereo\experiments\ds_v1_seed0/bedroom_v59\mirror_geometry\ransac_inliers.png
[gt] bedroom_v59                  perp 3.75m planRMS 0.0009m  normal [-0.638, 0.092, -0.765]

생성 1, 건너뜀 0 (depth_gt/mask 없음 등)
[ds_v1_seed0/bedroom_v59] feature 184x320  mirror_frac=0.3284986413043478  feat_left=True
rank  signal              AUC    pol  sep     mean_in     mean_out
  1  feat_left_pc1      0.6292   -  0.2255    1.779267    2.441308
  2  feat_left_l2       0.5951   +  0.1502   17.263224   16.548642
  3  post_entropy       0.5613   +  0.1243    0.640262    0.604019
  4  delta_entropy       0.539   +   0.107   -1.246113   -1.428842
  5  delta_argdisp      0.5362   -  0.0728   33.689226   38.148895
  6  post_conf          0.5332   -  0.0599    0.702221    0.717394
  7  delta_conf         0.5326   -   0.062    0.282878    0.313644
  8  pre_entropy        0.5267   -  0.0858    1.886374    2.032861
  9  feat_left_pc2      0.5256   -  0.0282    1.813086    1.892633
 10  pre_conf           0.5214   +  0.0347    0.419343     0.40375
 11  feat_left_pc3      0.5044   +  0.0181    1.866396    1.817207
BEST: feat_left_pc1 (AUC=0.6292, polarity=-)
저장: D:\Users\dust\Documents\학교\2026년도1학기\컴퓨터비전\실습\FoundationStereo\experiments\ds_v1_seed0/bedroom_v59\features\report.json / panels.png / mirror_signal.npy
[device] cuda
  [train] epoch 60/300  loss=0.4720
  [train] epoch 120/300  loss=0.3245
  [train] epoch 180/300  loss=0.2380
  [train] epoch 240/300  loss=0.1802
  [train] epoch 300/300  loss=0.1415

[VAL] scene=ds_v1_seed0/bedroom_v59  (pixel 70/30 split)
  AUC      = 0.9899
  IoU@0.5  = 0.8595
  F1@0.5   = 0.9244
  accuracy = 0.9484  (prec=0.8985, rec=0.9519)
  tp=5578 fp=630 fn=282 tn=11174

[save] D:\Users\dust\Documents\학교\2026년도1학기\컴퓨터비전\실습\FoundationStereo\experiments\ds_v1_seed0/bedroom_v59\submodel
  pred_mask.png, panel.png, metrics.json, head.pt
DONE: D:\Users\dust\Documents\학교\2026년도1학기\컴퓨터비전\실습\FoundationStereo\experiments\ds_v1_seed0/bedroom_v59\submodel
[device] cuda
[load] D:\Users\dust\Documents\학교\2026년도1학기\컴퓨터비전\실습\FoundationStereo\experiments\_model\general_head.pt  (train_scenes=['archiviz_baseline080', 'bedroom_baseline080', 'blue_bathroom_baseline080', 'computer_room_baseline080', 'cozy_living_room_baseline080', 'flat-archiviz_baseline080', 'green_house_baseline080', 'gym_baseline080', 'livingroom_baseline080', 'minimal_interior_baseline080', 'scandinavian_baseline080', 'sunlight_baseline080'])

[APPLY] ds_v1_seed0/bedroom_v59  (저장모델로 새 데이터 평가)
  AUC      = 0.8242
  IoU@0.5  = 0.0550
  F1@0.5   = 0.1043
  accuracy = 0.6894  (prec=0.9870, rec=0.0551)
  tp=1065 fp=14 fn=18277 tn=39524
[save] D:\Users\dust\Documents\학교\2026년도1학기\컴퓨터비전\실습\FoundationStereo\experiments\ds_v1_seed0/bedroom_v59\submodel_applied  (pred_mask.png, panel.png, metrics.json)

============================================================
STEP: estimate_mirror_plane
============================================================

============================================================
STEP: viz_ransac_inliers
============================================================

============================================================
STEP: make_mirror_gt_from_depth
============================================================

============================================================
STEP: analyze_features
============================================================

============================================================
STEP: submodel_head
============================================================

============================================================
STEP: apply_submodel
============================================================

DONE: D:\Users\dust\Documents\학교\2026년도1학기\컴퓨터비전\실습\FoundationStereo\experiments\ds_v1_seed0/bedroom_v59 (ok)

##### [61/122] ds_v1_seed0/bedroom_v60  (done 4, fail 0, skip 56, elapsed 3m, ETA 43m) #####
[scene] ds_v1_seed0/bedroom_v60  size=1280x720
[select] mirror 점 개수 = 212375  (mask=212375, valid&depth = 894018)
[conf] mirror 영역 평균 confidence = 0.7074

=== 평면 추정 결과 ===
  [PCA (closed form)]
      normal = [+0.0982, -0.9894, -0.1065]
      d = +1.2617   mirror_depth(perp) = 1.2617 m   view_z = 6.3747 m
      n_inliers = 212375/212375   rms_residual = 0.21706 m
  [RANSAC]
      normal = [-0.0079, -0.9823, -0.1869]
      d = +1.8583   mirror_depth(perp) = 1.8583 m   view_z = 6.3747 m
      n_inliers = 67932/212375   rms_residual = 0.03295 m
  [SVD robust (IRLS)]
      normal = [+0.1128, -0.9832, -0.1432]
      d = +1.4937   mirror_depth(perp) = 1.4937 m   view_z = 6.3747 m
      n_inliers = 60828/212375   rms_residual = 0.03173 m

[save] D:\Users\dust\Documents\학교\2026년도1학기\컴퓨터비전\실습\FoundationStereo\experiments\ds_v1_seed0/bedroom_v60\mirror_geometry\result.json
[save] D:\Users\dust\Documents\학교\2026년도1학기\컴퓨터비전\실습\FoundationStereo\experiments\ds_v1_seed0/bedroom_v60\mirror_geometry\plane.txt
[save] D:\Users\dust\Documents\학교\2026년도1학기\컴퓨터비전\실습\FoundationStereo\experiments\ds_v1_seed0/bedroom_v60\mirror_geometry\viz.png

DONE: D:\Users\dust\Documents\학교\2026년도1학기\컴퓨터비전\실습\FoundationStereo\experiments\ds_v1_seed0/bedroom_v60\mirror_geometry
[ds_v1_seed0/bedroom_v60] 거울 점 212375개 중 inlier 67932 (32.0%) / outlier 144443
  normal=[-0.008 -0.982 -0.187] d=1.858  rms(inlier)=0.0330 m  thr≈0.056 m
[save] D:\Users\dust\Documents\학교\2026년도1학기\컴퓨터비전\실습\FoundationStereo\experiments\ds_v1_seed0/bedroom_v60\mirror_geometry\ransac_inliers.png
[gt] bedroom_v60                  perp 3.50m planRMS 0.0008m  normal [-0.664, 0.037, -0.746]

생성 1, 건너뜀 0 (depth_gt/mask 없음 등)
[ds_v1_seed0/bedroom_v60] feature 184x320  mirror_frac=0.22827785326086958  feat_left=True
rank  signal              AUC    pol  sep     mean_in     mean_out
  1  feat_left_pc1      0.6526   -  0.2468    1.821352    2.561168
  2  feat_left_l2        0.626   +  0.1937   17.488904   16.496975
  3  post_entropy        0.612   +   0.183    0.648238    0.589675
  4  post_conf           0.551   -  0.0893    0.708349    0.730439
  5  feat_left_pc2      0.5331   +  0.0703    2.016623    1.802734
  6  delta_argdisp      0.5271   -  0.0597   35.353694   39.063668
  7  delta_entropy      0.5267   +  0.0841   -1.216127   -1.354897
  8  feat_left_pc3      0.5211   +  0.0426    1.893477    1.771711
  9  delta_conf         0.5109   -  0.0181    0.295683    0.304535
 10  pre_conf           0.5104   -  0.0296    0.412666    0.425905
 11  pre_entropy        0.5066   -  0.0485    1.864365    1.944572
BEST: feat_left_pc1 (AUC=0.6526, polarity=-)
저장: D:\Users\dust\Documents\학교\2026년도1학기\컴퓨터비전\실습\FoundationStereo\experiments\ds_v1_seed0/bedroom_v60\features\report.json / panels.png / mirror_signal.npy
[device] cuda
  [train] epoch 60/300  loss=0.5233
  [train] epoch 120/300  loss=0.3421
  [train] epoch 180/300  loss=0.2377
  [train] epoch 240/300  loss=0.1709
  [train] epoch 300/300  loss=0.1265

[VAL] scene=ds_v1_seed0/bedroom_v60  (pixel 70/30 split)
  AUC      = 0.9941
  IoU@0.5  = 0.8586
  F1@0.5   = 0.9239
  accuracy = 0.9634  (prec=0.8844, rec=0.9672)
  tp=3923 fp=513 fn=133 tn=13095

[save] D:\Users\dust\Documents\학교\2026년도1학기\컴퓨터비전\실습\FoundationStereo\experiments\ds_v1_seed0/bedroom_v60\submodel
  pred_mask.png, panel.png, metrics.json, head.pt
DONE: D:\Users\dust\Documents\학교\2026년도1학기\컴퓨터비전\실습\FoundationStereo\experiments\ds_v1_seed0/bedroom_v60\submodel
[device] cuda
[load] D:\Users\dust\Documents\학교\2026년도1학기\컴퓨터비전\실습\FoundationStereo\experiments\_model\general_head.pt  (train_scenes=['archiviz_baseline080', 'bedroom_baseline080', 'blue_bathroom_baseline080', 'computer_room_baseline080', 'cozy_living_room_baseline080', 'flat-archiviz_baseline080', 'green_house_baseline080', 'gym_baseline080', 'livingroom_baseline080', 'minimal_interior_baseline080', 'scandinavian_baseline080', 'sunlight_baseline080'])

[APPLY] ds_v1_seed0/bedroom_v60  (저장모델로 새 데이터 평가)
  AUC      = 0.8646
  IoU@0.5  = 0.0453
  F1@0.5   = 0.0867
  accuracy = 0.7815  (prec=0.9458, rec=0.0455)
  tp=611 fp=35 fn=12830 tn=45404
[save] D:\Users\dust\Documents\학교\2026년도1학기\컴퓨터비전\실습\FoundationStereo\experiments\ds_v1_seed0/bedroom_v60\submodel_applied  (pred_mask.png, panel.png, metrics.json)

============================================================
STEP: estimate_mirror_plane
============================================================

============================================================
STEP: viz_ransac_inliers
============================================================

============================================================
STEP: make_mirror_gt_from_depth
============================================================

============================================================
STEP: analyze_features
============================================================

============================================================
STEP: submodel_head
============================================================

============================================================
STEP: apply_submodel
============================================================

DONE: D:\Users\dust\Documents\학교\2026년도1학기\컴퓨터비전\실습\FoundationStereo\experiments\ds_v1_seed0/bedroom_v60 (ok)

##### [62/122] ds_v1_seed0/bedroom_v61  (done 5, fail 0, skip 56, elapsed 3m, ETA 42m) #####
[scene] ds_v1_seed0/bedroom_v61  size=1280x720
[select] mirror 점 개수 = 76950  (mask=76950, valid&depth = 887157)
[conf] mirror 영역 평균 confidence = 0.6801

=== 평면 추정 결과 ===
  [PCA (closed form)]
      normal = [-0.2702, -0.8295, -0.4888]
      d = +2.4363   mirror_depth(perp) = 2.4363 m   view_z = 5.4169 m
      n_inliers = 76950/76950   rms_residual = 0.16146 m
  [RANSAC]
      normal = [-0.5033, -0.6288, -0.5927]
      d = +3.4563   mirror_depth(perp) = 3.4563 m   view_z = 5.4169 m
      n_inliers = 23512/76950   rms_residual = 0.01610 m
  [SVD robust (IRLS)]
      normal = [-0.5271, -0.6678, -0.5255]
      d = +3.1385   mirror_depth(perp) = 3.1385 m   view_z = 5.4169 m
      n_inliers = 18966/76950   rms_residual = 0.01734 m

[save] D:\Users\dust\Documents\학교\2026년도1학기\컴퓨터비전\실습\FoundationStereo\experiments\ds_v1_seed0/bedroom_v61\mirror_geometry\result.json
[save] D:\Users\dust\Documents\학교\2026년도1학기\컴퓨터비전\실습\FoundationStereo\experiments\ds_v1_seed0/bedroom_v61\mirror_geometry\plane.txt
[save] D:\Users\dust\Documents\학교\2026년도1학기\컴퓨터비전\실습\FoundationStereo\experiments\ds_v1_seed0/bedroom_v61\mirror_geometry\viz.png

DONE: D:\Users\dust\Documents\학교\2026년도1학기\컴퓨터비전\실습\FoundationStereo\experiments\ds_v1_seed0/bedroom_v61\mirror_geometry
[ds_v1_seed0/bedroom_v61] 거울 점 76950개 중 inlier 23512 (30.6%) / outlier 53438
  normal=[-0.503 -0.629 -0.593] d=3.456  rms(inlier)=0.0161 m  thr≈0.029 m
[save] D:\Users\dust\Documents\학교\2026년도1학기\컴퓨터비전\실습\FoundationStereo\experiments\ds_v1_seed0/bedroom_v61\mirror_geometry\ransac_inliers.png
[gt] bedroom_v61                  perp 3.85m planRMS 0.0007m  normal [-0.786, 0.229, -0.574]

생성 1, 건너뜀 0 (depth_gt/mask 없음 등)
[ds_v1_seed0/bedroom_v61] feature 184x320  mirror_frac=0.08367866847826087  feat_left=True
rank  signal              AUC    pol  sep     mean_in     mean_out
  1  post_entropy       0.7047   +  0.3814    0.700838     0.60315
  2  feat_left_l2       0.6478   +   0.269   18.006156   16.663209
  3  feat_left_pc2      0.6027   +  0.2057    2.457901    1.818757
  4  post_conf          0.5998   -  0.1825     0.68137    0.722782
  5  delta_entropy      0.5422   +  0.0924   -1.209182   -1.348626
  6  feat_left_pc1      0.5405   -  0.0105    2.209233     2.24435
  7  delta_conf         0.5324   -   0.047    0.288307    0.309779
  8  feat_left_pc3      0.5306   -  0.0549    1.685378    1.833654
  9  pre_conf            0.518   -  0.0494    0.393063    0.413002
 10  delta_argdisp       0.517   -  0.0332   34.157297   36.080181
 11  pre_entropy        0.5049   -  0.0277     1.91002    1.951776
BEST: post_entropy (AUC=0.7047, polarity=+)
저장: D:\Users\dust\Documents\학교\2026년도1학기\컴퓨터비전\실습\FoundationStereo\experiments\ds_v1_seed0/bedroom_v61\features\report.json / panels.png / mirror_signal.npy
[device] cuda
  [train] epoch 60/300  loss=0.5574
  [train] epoch 120/300  loss=0.3559
  [train] epoch 180/300  loss=0.2557
  [train] epoch 240/300  loss=0.1893
  [train] epoch 300/300  loss=0.1436

[VAL] scene=ds_v1_seed0/bedroom_v61  (pixel 70/30 split)
  AUC      = 0.9916
  IoU@0.5  = 0.6585
  F1@0.5   = 0.7941
  accuracy = 0.9588  (prec=0.6770, rec=0.9603)
  tp=1404 fp=670 fn=58 tn=15532

[save] D:\Users\dust\Documents\학교\2026년도1학기\컴퓨터비전\실습\FoundationStereo\experiments\ds_v1_seed0/bedroom_v61\submodel
  pred_mask.png, panel.png, metrics.json, head.pt
DONE: D:\Users\dust\Documents\학교\2026년도1학기\컴퓨터비전\실습\FoundationStereo\experiments\ds_v1_seed0/bedroom_v61\submodel
[device] cuda
[load] D:\Users\dust\Documents\학교\2026년도1학기\컴퓨터비전\실습\FoundationStereo\experiments\_model\general_head.pt  (train_scenes=['archiviz_baseline080', 'bedroom_baseline080', 'blue_bathroom_baseline080', 'computer_room_baseline080', 'cozy_living_room_baseline080', 'flat-archiviz_baseline080', 'green_house_baseline080', 'gym_baseline080', 'livingroom_baseline080', 'minimal_interior_baseline080', 'scandinavian_baseline080', 'sunlight_baseline080'])

[APPLY] ds_v1_seed0/bedroom_v61  (저장모델로 새 데이터 평가)
  AUC      = 0.9394
  IoU@0.5  = 0.0286
  F1@0.5   = 0.0556
  accuracy = 0.9181  (prec=0.7933, rec=0.0288)
  tp=142 fp=37 fn=4785 tn=53916
[save] D:\Users\dust\Documents\학교\2026년도1학기\컴퓨터비전\실습\FoundationStereo\experiments\ds_v1_seed0/bedroom_v61\submodel_applied  (pred_mask.png, panel.png, metrics.json)

============================================================
STEP: estimate_mirror_plane
============================================================

============================================================
STEP: viz_ransac_inliers
============================================================

============================================================
STEP: make_mirror_gt_from_depth
============================================================

============================================================
STEP: analyze_features
============================================================

============================================================
STEP: submodel_head
============================================================

============================================================
STEP: apply_submodel
============================================================

DONE: D:\Users\dust\Documents\학교\2026년도1학기\컴퓨터비전\실습\FoundationStereo\experiments\ds_v1_seed0/bedroom_v61 (ok)

##### [63/122] ds_v1_seed0/bedroom_v62  (done 6, fail 0, skip 56, elapsed 4m, ETA 39m) #####
[scene] ds_v1_seed0/bedroom_v62  size=1280x720
[select] mirror 점 개수 = 216346  (mask=216346, valid&depth = 887818)
[conf] mirror 영역 평균 confidence = 0.6874

=== 평면 추정 결과 ===
  [PCA (closed form)]
      normal = [+0.1701, -0.9000, -0.4014]
      d = +1.9481   mirror_depth(perp) = 1.9481 m   view_z = 6.0824 m
      n_inliers = 216346/216346   rms_residual = 0.23417 m
  [RANSAC]
      normal = [-0.2572, -0.7434, -0.6175]
      d = +3.6121   mirror_depth(perp) = 3.6121 m   view_z = 6.0824 m
      n_inliers = 61312/216346   rms_residual = 0.03022 m
  [SVD robust (IRLS)]
      normal = [+0.1518, -0.8969, -0.4155]
      d = +2.0662   mirror_depth(perp) = 2.0662 m   view_z = 6.0824 m
      n_inliers = 41140/216346   rms_residual = 0.03254 m

[save] D:\Users\dust\Documents\학교\2026년도1학기\컴퓨터비전\실습\FoundationStereo\experiments\ds_v1_seed0/bedroom_v62\mirror_geometry\result.json
[save] D:\Users\dust\Documents\학교\2026년도1학기\컴퓨터비전\실습\FoundationStereo\experiments\ds_v1_seed0/bedroom_v62\mirror_geometry\plane.txt
[save] D:\Users\dust\Documents\학교\2026년도1학기\컴퓨터비전\실습\FoundationStereo\experiments\ds_v1_seed0/bedroom_v62\mirror_geometry\viz.png

DONE: D:\Users\dust\Documents\학교\2026년도1학기\컴퓨터비전\실습\FoundationStereo\experiments\ds_v1_seed0/bedroom_v62\mirror_geometry
[ds_v1_seed0/bedroom_v62] 거울 점 216346개 중 inlier 61312 (28.3%) / outlier 155034
  normal=[-0.257 -0.743 -0.617] d=3.612  rms(inlier)=0.0302 m  thr≈0.056 m
[save] D:\Users\dust\Documents\학교\2026년도1학기\컴퓨터비전\실습\FoundationStereo\experiments\ds_v1_seed0/bedroom_v62\mirror_geometry\ransac_inliers.png
[gt] bedroom_v62                  perp 3.92m planRMS 0.0008m  normal [-0.69, 0.15, -0.708]

생성 1, 건너뜀 0 (depth_gt/mask 없음 등)
[ds_v1_seed0/bedroom_v62] feature 184x320  mirror_frac=0.23388247282608696  feat_left=True
rank  signal              AUC    pol  sep     mean_in     mean_out
  1  post_entropy       0.6151   +  0.2169     0.66669    0.604786
  2  post_conf          0.5847   -  0.1512    0.687244    0.723285
  3  feat_left_pc1      0.5576   -  0.1028    1.857524    2.164819
  4  delta_conf         0.5489   -  0.0797    0.282021    0.320817
  5  delta_argdisp      0.5481   -  0.0741   31.815772    36.12492
  6  delta_entropy      0.5426   +  0.1062   -1.248477   -1.424181
  7  feat_left_l2       0.5378   +  0.0582   16.968483    16.72231
  8  feat_left_pc3      0.5211   -  0.0388    1.734482    1.839834
  9  pre_entropy        0.5203   -  0.0691    1.915167    2.028968
 10  pre_conf           0.5094   +  0.0063    0.405223    0.402467
 11  feat_left_pc2      0.5003   -  0.0048    1.900669    1.913739
BEST: post_entropy (AUC=0.6151, polarity=+)
저장: D:\Users\dust\Documents\학교\2026년도1학기\컴퓨터비전\실습\FoundationStereo\experiments\ds_v1_seed0/bedroom_v62\features\report.json / panels.png / mirror_signal.npy
[device] cuda
  [train] epoch 60/300  loss=0.5373
  [train] epoch 120/300  loss=0.3745
  [train] epoch 180/300  loss=0.2777
  [train] epoch 240/300  loss=0.2087
  [train] epoch 300/300  loss=0.1599

[VAL] scene=ds_v1_seed0/bedroom_v62  (pixel 70/30 split)
  AUC      = 0.9892
  IoU@0.5  = 0.8057
  F1@0.5   = 0.8924
  accuracy = 0.9466  (prec=0.8387, rec=0.9534)
  tp=3911 fp=752 fn=191 tn=12810

[save] D:\Users\dust\Documents\학교\2026년도1학기\컴퓨터비전\실습\FoundationStereo\experiments\ds_v1_seed0/bedroom_v62\submodel
  pred_mask.png, panel.png, metrics.json, head.pt
DONE: D:\Users\dust\Documents\학교\2026년도1학기\컴퓨터비전\실습\FoundationStereo\experiments\ds_v1_seed0/bedroom_v62\submodel
[device] cuda
[load] D:\Users\dust\Documents\학교\2026년도1학기\컴퓨터비전\실습\FoundationStereo\experiments\_model\general_head.pt  (train_scenes=['archiviz_baseline080', 'bedroom_baseline080', 'blue_bathroom_baseline080', 'computer_room_baseline080', 'cozy_living_room_baseline080', 'flat-archiviz_baseline080', 'green_house_baseline080', 'gym_baseline080', 'livingroom_baseline080', 'minimal_interior_baseline080', 'scandinavian_baseline080', 'sunlight_baseline080'])

[APPLY] ds_v1_seed0/bedroom_v62  (저장모델로 새 데이터 평가)
  AUC      = 0.8978
  IoU@0.5  = 0.0576
  F1@0.5   = 0.1089
  accuracy = 0.7793  (prec=0.9815, rec=0.0577)
  tp=794 fp=15 fn=12977 tn=45094
[save] D:\Users\dust\Documents\학교\2026년도1학기\컴퓨터비전\실습\FoundationStereo\experiments\ds_v1_seed0/bedroom_v62\submodel_applied  (pred_mask.png, panel.png, metrics.json)

============================================================
STEP: estimate_mirror_plane
============================================================

============================================================
STEP: viz_ransac_inliers
============================================================

============================================================
STEP: make_mirror_gt_from_depth
============================================================

============================================================
STEP: analyze_features
============================================================

============================================================
STEP: submodel_head
============================================================

============================================================
STEP: apply_submodel
============================================================

DONE: D:\Users\dust\Documents\학교\2026년도1학기\컴퓨터비전\실습\FoundationStereo\experiments\ds_v1_seed0/bedroom_v62 (ok)

##### [64/122] ds_v1_seed0/bedroom_v63  (done 7, fail 0, skip 56, elapsed 5m, ETA 39m) #####
[scene] ds_v1_seed0/bedroom_v63  size=1280x720
[select] mirror 점 개수 = 207754  (mask=207754, valid&depth = 893918)
[conf] mirror 영역 평균 confidence = 0.6869

=== 평면 추정 결과 ===
  [PCA (closed form)]
      normal = [+0.0964, -0.9871, -0.1278]
      d = +1.3638   mirror_depth(perp) = 1.3638 m   view_z = 6.4504 m
      n_inliers = 207754/207754   rms_residual = 0.21991 m
  [RANSAC]
      normal = [-0.0694, -0.9805, -0.1837]
      d = +1.9009   mirror_depth(perp) = 1.9009 m   view_z = 6.4504 m
      n_inliers = 66353/207754   rms_residual = 0.03151 m
  [SVD robust (IRLS)]
      normal = [+0.1012, -0.9818, -0.1608]
      d = +1.5886   mirror_depth(perp) = 1.5886 m   view_z = 6.4504 m
      n_inliers = 57577/207754   rms_residual = 0.03139 m

[save] D:\Users\dust\Documents\학교\2026년도1학기\컴퓨터비전\실습\FoundationStereo\experiments\ds_v1_seed0/bedroom_v63\mirror_geometry\result.json
[save] D:\Users\dust\Documents\학교\2026년도1학기\컴퓨터비전\실습\FoundationStereo\experiments\ds_v1_seed0/bedroom_v63\mirror_geometry\plane.txt
[save] D:\Users\dust\Documents\학교\2026년도1학기\컴퓨터비전\실습\FoundationStereo\experiments\ds_v1_seed0/bedroom_v63\mirror_geometry\viz.png

DONE: D:\Users\dust\Documents\학교\2026년도1학기\컴퓨터비전\실습\FoundationStereo\experiments\ds_v1_seed0/bedroom_v63\mirror_geometry
[ds_v1_seed0/bedroom_v63] 거울 점 207754개 중 inlier 66353 (31.9%) / outlier 141401
  normal=[-0.069 -0.981 -0.184] d=1.901  rms(inlier)=0.0315 m  thr≈0.055 m
[save] D:\Users\dust\Documents\학교\2026년도1학기\컴퓨터비전\실습\FoundationStereo\experiments\ds_v1_seed0/bedroom_v63\mirror_geometry\ransac_inliers.png
[gt] bedroom_v63                  perp 3.71m planRMS 0.0009m  normal [-0.662, 0.034, -0.749]

생성 1, 건너뜀 0 (depth_gt/mask 없음 등)
[ds_v1_seed0/bedroom_v63] feature 184x320  mirror_frac=0.22319972826086956  feat_left=True
rank  signal              AUC    pol  sep     mean_in     mean_out
  1  feat_left_pc1      0.6601   -  0.2658    1.779059    2.566169
  2  feat_left_l2       0.6398   +  0.2216   17.664134   16.562343
  3  post_entropy       0.6262   +  0.2145    0.665419    0.601296
  4  post_conf          0.5559   -  0.1021    0.686194    0.712183
  5  delta_argdisp      0.5278   -  0.0638   35.059276   39.040535
  6  pre_conf           0.5221   -  0.0425    0.411432    0.430621
  7  feat_left_pc2       0.522   +  0.0635    2.011045    1.825321
  8  feat_left_pc3      0.5212   +  0.0409    1.905113    1.788719
  9  pre_entropy        0.5187   +  0.0056    1.903292     1.91264
 10  delta_conf         0.5058   -  0.0139    0.274762    0.281562
 11  delta_entropy      0.5032   +  0.0443   -1.237873   -1.311344
BEST: feat_left_pc1 (AUC=0.6601, polarity=-)
저장: D:\Users\dust\Documents\학교\2026년도1학기\컴퓨터비전\실습\FoundationStereo\experiments\ds_v1_seed0/bedroom_v63\features\report.json / panels.png / mirror_signal.npy
[device] cuda
  [train] epoch 60/300  loss=0.5085
  [train] epoch 120/300  loss=0.3351
  [train] epoch 180/300  loss=0.2328
  [train] epoch 240/300  loss=0.1673
  [train] epoch 300/300  loss=0.1260

[VAL] scene=ds_v1_seed0/bedroom_v63  (pixel 70/30 split)
  AUC      = 0.9937
  IoU@0.5  = 0.8441
  F1@0.5   = 0.9155
  accuracy = 0.9602  (prec=0.8741, rec=0.9609)
  tp=3806 fp=548 fn=155 tn=13155

[save] D:\Users\dust\Documents\학교\2026년도1학기\컴퓨터비전\실습\FoundationStereo\experiments\ds_v1_seed0/bedroom_v63\submodel
  pred_mask.png, panel.png, metrics.json, head.pt
DONE: D:\Users\dust\Documents\학교\2026년도1학기\컴퓨터비전\실습\FoundationStereo\experiments\ds_v1_seed0/bedroom_v63\submodel
[device] cuda
[load] D:\Users\dust\Documents\학교\2026년도1학기\컴퓨터비전\실습\FoundationStereo\experiments\_model\general_head.pt  (train_scenes=['archiviz_baseline080', 'bedroom_baseline080', 'blue_bathroom_baseline080', 'computer_room_baseline080', 'cozy_living_room_baseline080', 'flat-archiviz_baseline080', 'green_house_baseline080', 'gym_baseline080', 'livingroom_baseline080', 'minimal_interior_baseline080', 'scandinavian_baseline080', 'sunlight_baseline080'])

[APPLY] ds_v1_seed0/bedroom_v63  (저장모델로 새 데이터 평가)
  AUC      = 0.8571
  IoU@0.5  = 0.0581
  F1@0.5   = 0.1098
  accuracy = 0.7894  (prec=0.9671, rec=0.0582)
  tp=765 fp=26 fn=12377 tn=45712
[save] D:\Users\dust\Documents\학교\2026년도1학기\컴퓨터비전\실습\FoundationStereo\experiments\ds_v1_seed0/bedroom_v63\submodel_applied  (pred_mask.png, panel.png, metrics.json)

============================================================
STEP: estimate_mirror_plane
============================================================

============================================================
STEP: viz_ransac_inliers
============================================================

============================================================
STEP: make_mirror_gt_from_depth
============================================================

============================================================
STEP: analyze_features
============================================================

============================================================
STEP: submodel_head
============================================================

============================================================
STEP: apply_submodel
============================================================

DONE: D:\Users\dust\Documents\학교\2026년도1학기\컴퓨터비전\실습\FoundationStereo\experiments\ds_v1_seed0/bedroom_v63 (ok)

##### [65/122] ds_v1_seed0/bedroom_v64  (done 8, fail 0, skip 56, elapsed 5m, ETA 38m) #####
[scene] ds_v1_seed0/bedroom_v64  size=1280x720
[select] mirror 점 개수 = 208782  (mask=208782, valid&depth = 883916)
[conf] mirror 영역 평균 confidence = 0.6944

=== 평면 추정 결과 ===
  [PCA (closed form)]
      normal = [+0.0231, -0.9156, -0.4015]
      d = +1.6537   mirror_depth(perp) = 1.6537 m   view_z = 5.5052 m
      n_inliers = 208782/208782   rms_residual = 0.20363 m
  [RANSAC]
      normal = [-0.1528, -0.6912, -0.7063]
      d = +3.5326   mirror_depth(perp) = 3.5326 m   view_z = 5.5052 m
      n_inliers = 75334/208782   rms_residual = 0.03129 m
  [SVD robust (IRLS)]
      normal = [+0.0630, -0.8989, -0.4336]
      d = +1.8163   mirror_depth(perp) = 1.8163 m   view_z = 5.5052 m
      n_inliers = 34224/208782   rms_residual = 0.03273 m

[save] D:\Users\dust\Documents\학교\2026년도1학기\컴퓨터비전\실습\FoundationStereo\experiments\ds_v1_seed0/bedroom_v64\mirror_geometry\result.json
[save] D:\Users\dust\Documents\학교\2026년도1학기\컴퓨터비전\실습\FoundationStereo\experiments\ds_v1_seed0/bedroom_v64\mirror_geometry\plane.txt
[save] D:\Users\dust\Documents\학교\2026년도1학기\컴퓨터비전\실습\FoundationStereo\experiments\ds_v1_seed0/bedroom_v64\mirror_geometry\viz.png

DONE: D:\Users\dust\Documents\학교\2026년도1학기\컴퓨터비전\실습\FoundationStereo\experiments\ds_v1_seed0/bedroom_v64\mirror_geometry
[ds_v1_seed0/bedroom_v64] 거울 점 208782개 중 inlier 75334 (36.1%) / outlier 133448
  normal=[-0.153 -0.691 -0.706] d=3.533  rms(inlier)=0.0313 m  thr≈0.056 m
[save] D:\Users\dust\Documents\학교\2026년도1학기\컴퓨터비전\실습\FoundationStereo\experiments\ds_v1_seed0/bedroom_v64\mirror_geometry\ransac_inliers.png
[gt] bedroom_v64                  perp 3.84m planRMS 0.0011m  normal [-0.658, 0.247, -0.711]

생성 1, 건너뜀 0 (depth_gt/mask 없음 등)
[ds_v1_seed0/bedroom_v64] feature 184x320  mirror_frac=0.22724184782608695  feat_left=True
rank  signal              AUC    pol  sep     mean_in     mean_out
  1  post_entropy       0.6028   +  0.1989    0.660316    0.604884
  2  feat_left_l2       0.6022   +  0.1695   17.271008    16.58051
  3  feat_left_pc1      0.5849   -  0.1323    1.800345    2.191152
  4  post_conf          0.5649   -  0.1157    0.693896    0.721634
  5  pre_conf           0.5429   -  0.0887    0.387282    0.425569
  6  pre_entropy        0.5423   +  0.0373    1.992909    1.931522
  7  delta_entropy      0.5202   -  0.0036   -1.332593   -1.326638
  8  feat_left_pc3      0.5158   -  0.0293    1.739891    1.820519
  9  feat_left_pc2      0.5134   +  0.0307    1.975857    1.887636
 10  delta_argdisp      0.5049   +  0.0118   34.770105   34.101209
 11  delta_conf         0.5041   +  0.0218    0.306614    0.296065
BEST: post_entropy (AUC=0.6028, polarity=+)
저장: D:\Users\dust\Documents\학교\2026년도1학기\컴퓨터비전\실습\FoundationStereo\experiments\ds_v1_seed0/bedroom_v64\features\report.json / panels.png / mirror_signal.npy
[device] cuda
  [train] epoch 60/300  loss=0.5111
  [train] epoch 120/300  loss=0.3552
  [train] epoch 180/300  loss=0.2679
  [train] epoch 240/300  loss=0.2051
  [train] epoch 300/300  loss=0.1603

[VAL] scene=ds_v1_seed0/bedroom_v64  (pixel 70/30 split)
  AUC      = 0.9897
  IoU@0.5  = 0.7998
  F1@0.5   = 0.8888
  accuracy = 0.9458  (prec=0.8290, rec=0.9579)
  tp=3824 fp=789 fn=168 tn=12883

[save] D:\Users\dust\Documents\학교\2026년도1학기\컴퓨터비전\실습\FoundationStereo\experiments\ds_v1_seed0/bedroom_v64\submodel
  pred_mask.png, panel.png, metrics.json, head.pt
DONE: D:\Users\dust\Documents\학교\2026년도1학기\컴퓨터비전\실습\FoundationStereo\experiments\ds_v1_seed0/bedroom_v64\submodel
[device] cuda
[load] D:\Users\dust\Documents\학교\2026년도1학기\컴퓨터비전\실습\FoundationStereo\experiments\_model\general_head.pt  (train_scenes=['archiviz_baseline080', 'bedroom_baseline080', 'blue_bathroom_baseline080', 'computer_room_baseline080', 'cozy_living_room_baseline080', 'flat-archiviz_baseline080', 'green_house_baseline080', 'gym_baseline080', 'livingroom_baseline080', 'minimal_interior_baseline080', 'scandinavian_baseline080', 'sunlight_baseline080'])

[APPLY] ds_v1_seed0/bedroom_v64  (저장모델로 새 데이터 평가)
  AUC      = 0.9109
  IoU@0.5  = 0.0332
  F1@0.5   = 0.0644
  accuracy = 0.7797  (prec=0.9272, rec=0.0333)
  tp=446 fp=35 fn=12934 tn=45465
[save] D:\Users\dust\Documents\학교\2026년도1학기\컴퓨터비전\실습\FoundationStereo\experiments\ds_v1_seed0/bedroom_v64\submodel_applied  (pred_mask.png, panel.png, metrics.json)

============================================================
STEP: estimate_mirror_plane
============================================================

============================================================
STEP: viz_ransac_inliers
============================================================

============================================================
STEP: make_mirror_gt_from_depth
============================================================

============================================================
STEP: analyze_features
============================================================

============================================================
STEP: submodel_head
============================================================

============================================================
STEP: apply_submodel
============================================================

DONE: D:\Users\dust\Documents\학교\2026년도1학기\컴퓨터비전\실습\FoundationStereo\experiments\ds_v1_seed0/bedroom_v64 (ok)

##### [92/122] ds_v1_seed0/blue_bathroom_v26  (done 9, fail 0, skip 82, elapsed 6m, ETA 20m) #####
[scene] ds_v1_seed0/blue_bathroom_v26  size=1280x720
[select] mirror 점 개수 = 98165  (mask=98165, valid&depth = 873803)
[conf] mirror 영역 평균 confidence = 0.2884

=== 평면 추정 결과 ===
  [PCA (closed form)]
      normal = [+0.7906, -0.2387, -0.5639]
      d = +2.5565   mirror_depth(perp) = 2.5565 m   view_z = 5.7351 m
      n_inliers = 98165/98165   rms_residual = 0.15677 m
  [RANSAC]
      normal = [+0.9280, +0.0819, -0.3634]
      d = +1.6926   mirror_depth(perp) = 1.6926 m   view_z = 5.7351 m
      n_inliers = 33132/98165   rms_residual = 0.00753 m
  [SVD robust (IRLS)]
      normal = [+0.7749, -0.2251, -0.5906]
      d = +2.7321   mirror_depth(perp) = 2.7321 m   view_z = 5.7351 m
      n_inliers = 14671/98165   rms_residual = 0.01554 m

[save] D:\Users\dust\Documents\학교\2026년도1학기\컴퓨터비전\실습\FoundationStereo\experiments\ds_v1_seed0/blue_bathroom_v26\mirror_geometry\result.json
[save] D:\Users\dust\Documents\학교\2026년도1학기\컴퓨터비전\실습\FoundationStereo\experiments\ds_v1_seed0/blue_bathroom_v26\mirror_geometry\plane.txt
[save] D:\Users\dust\Documents\학교\2026년도1학기\컴퓨터비전\실습\FoundationStereo\experiments\ds_v1_seed0/blue_bathroom_v26\mirror_geometry\viz.png

DONE: D:\Users\dust\Documents\학교\2026년도1학기\컴퓨터비전\실습\FoundationStereo\experiments\ds_v1_seed0/blue_bathroom_v26\mirror_geometry
[ds_v1_seed0/blue_bathroom_v26] 거울 점 98165개 중 inlier 33132 (33.8%) / outlier 65033
  normal=[ 0.928  0.082 -0.363] d=1.693  rms(inlier)=0.0075 m  thr≈0.027 m
[save] D:\Users\dust\Documents\학교\2026년도1학기\컴퓨터비전\실습\FoundationStereo\experiments\ds_v1_seed0/blue_bathroom_v26\mirror_geometry\ransac_inliers.png
[gt] blue_bathroom_v26            perp 5.08m planRMS 0.0000m  normal [-0.342, 0.201, -0.918]

생성 1, 건너뜀 0 (depth_gt/mask 없음 등)
[ds_v1_seed0/blue_bathroom_v26] feature 184x320  mirror_frac=0.10708220108695653  feat_left=True
rank  signal              AUC    pol  sep     mean_in     mean_out
  1  post_conf          0.6876   -  0.5856    0.288484    0.459635
  2  delta_conf         0.6778   -  0.3605   -0.127014    0.059813
  3  feat_left_pc1      0.6563   -  0.2836    1.779405    2.674679
  4  post_entropy       0.6492   +  0.2585     1.82782     1.52399
  5  delta_entropy      0.6232   +  0.2252   -0.021421   -0.477262
  6  feat_left_l2       0.5872   +  0.1297   17.095102   16.396365
  7  pre_entropy        0.5456   -  0.0983    1.849241    2.001251
  8  feat_left_pc3       0.545   +  0.0389     1.47911    1.577258
  9  feat_left_pc2      0.5288   +  0.0791    2.070032    1.831929
 10  pre_conf           0.5281   +  0.0389    0.415498    0.399822
 11  delta_argdisp      0.5262   +  0.0408   46.391118   43.862672
BEST: post_conf (AUC=0.6876, polarity=-)
저장: D:\Users\dust\Documents\학교\2026년도1학기\컴퓨터비전\실습\FoundationStereo\experiments\ds_v1_seed0/blue_bathroom_v26\features\report.json / panels.png / mirror_signal.npy
[device] cuda
  [train] epoch 60/300  loss=0.6666
  [train] epoch 120/300  loss=0.4756
  [train] epoch 180/300  loss=0.3567
  [train] epoch 240/300  loss=0.2742
  [train] epoch 300/300  loss=0.2152

[VAL] scene=ds_v1_seed0/blue_bathroom_v26  (pixel 70/30 split)
  AUC      = 0.9804
  IoU@0.5  = 0.5922
  F1@0.5   = 0.7439
  accuracy = 0.9328  (prec=0.6219, rec=0.9254)
  tp=1724 fp=1048 fn=139 tn=14753

[save] D:\Users\dust\Documents\학교\2026년도1학기\컴퓨터비전\실습\FoundationStereo\experiments\ds_v1_seed0/blue_bathroom_v26\submodel
  pred_mask.png, panel.png, metrics.json, head.pt
DONE: D:\Users\dust\Documents\학교\2026년도1학기\컴퓨터비전\실습\FoundationStereo\experiments\ds_v1_seed0/blue_bathroom_v26\submodel
[device] cuda
[load] D:\Users\dust\Documents\학교\2026년도1학기\컴퓨터비전\실습\FoundationStereo\experiments\_model\general_head.pt  (train_scenes=['archiviz_baseline080', 'bedroom_baseline080', 'blue_bathroom_baseline080', 'computer_room_baseline080', 'cozy_living_room_baseline080', 'flat-archiviz_baseline080', 'green_house_baseline080', 'gym_baseline080', 'livingroom_baseline080', 'minimal_interior_baseline080', 'scandinavian_baseline080', 'sunlight_baseline080'])

[APPLY] ds_v1_seed0/blue_bathroom_v26  (저장모델로 새 데이터 평가)
  AUC      = 0.9058
  IoU@0.5  = 0.2487
  F1@0.5   = 0.3983
  accuracy = 0.8965  (prec=0.5272, rec=0.3201)
  tp=2018 fp=1810 fn=4287 tn=50765
[save] D:\Users\dust\Documents\학교\2026년도1학기\컴퓨터비전\실습\FoundationStereo\experiments\ds_v1_seed0/blue_bathroom_v26\submodel_applied  (pred_mask.png, panel.png, metrics.json)

============================================================
STEP: estimate_mirror_plane
============================================================

============================================================
STEP: viz_ransac_inliers
============================================================

============================================================
STEP: make_mirror_gt_from_depth
============================================================

============================================================
STEP: analyze_features
============================================================

============================================================
STEP: submodel_head
============================================================

============================================================
STEP: apply_submodel
============================================================

DONE: D:\Users\dust\Documents\학교\2026년도1학기\컴퓨터비전\실습\FoundationStereo\experiments\ds_v1_seed0/blue_bathroom_v26 (ok)

##### [93/122] ds_v1_seed0/blue_bathroom_v27  (done 10, fail 0, skip 82, elapsed 6m, ETA 19m) #####
[scene] ds_v1_seed0/blue_bathroom_v27  size=1280x720
[select] mirror 점 개수 = 158299  (mask=158299, valid&depth = 862149)
[conf] mirror 영역 평균 confidence = 0.7073

=== 평면 추정 결과 ===
  [PCA (closed form)]
      normal = [+0.8781, -0.1516, -0.4539]
      d = +1.4399   mirror_depth(perp) = 1.4399 m   view_z = 6.6759 m
      n_inliers = 158299/158299   rms_residual = 0.16502 m
  [RANSAC]
      normal = [+0.8957, +0.0495, -0.4419]
      d = +1.5386   mirror_depth(perp) = 1.5386 m   view_z = 6.6759 m
      n_inliers = 85348/158299   rms_residual = 0.02437 m
  [SVD robust (IRLS)]
      normal = [+0.8765, -0.1346, -0.4622]
      d = +1.5205   mirror_depth(perp) = 1.5205 m   view_z = 6.6759 m
      n_inliers = 56628/158299   rms_residual = 0.03689 m

[save] D:\Users\dust\Documents\학교\2026년도1학기\컴퓨터비전\실습\FoundationStereo\experiments\ds_v1_seed0/blue_bathroom_v27\mirror_geometry\result.json
[save] D:\Users\dust\Documents\학교\2026년도1학기\컴퓨터비전\실습\FoundationStereo\experiments\ds_v1_seed0/blue_bathroom_v27\mirror_geometry\plane.txt
[save] D:\Users\dust\Documents\학교\2026년도1학기\컴퓨터비전\실습\FoundationStereo\experiments\ds_v1_seed0/blue_bathroom_v27\mirror_geometry\viz.png

DONE: D:\Users\dust\Documents\학교\2026년도1학기\컴퓨터비전\실습\FoundationStereo\experiments\ds_v1_seed0/blue_bathroom_v27\mirror_geometry
[ds_v1_seed0/blue_bathroom_v27] 거울 점 158299개 중 inlier 85348 (53.9%) / outlier 72951
  normal=[ 0.896  0.05  -0.442] d=1.539  rms(inlier)=0.0244 m  thr≈0.066 m
[save] D:\Users\dust\Documents\학교\2026년도1학기\컴퓨터비전\실습\FoundationStereo\experiments\ds_v1_seed0/blue_bathroom_v27\mirror_geometry\ransac_inliers.png
[gt] blue_bathroom_v27            perp 4.73m planRMS 0.0000m  normal [-0.446, 0.149, -0.883]

생성 1, 건너뜀 0 (depth_gt/mask 없음 등)
[ds_v1_seed0/blue_bathroom_v27] feature 184x320  mirror_frac=0.17238451086956522  feat_left=True
rank  signal              AUC    pol  sep     mean_in     mean_out
  1  post_entropy       0.6352   -   0.198    0.673546    0.734533
  2  delta_argdisp      0.6077   -  0.1627   31.035961   40.419577
  3  feat_left_l2       0.5871   +  0.1177   16.946406   16.327816
  4  feat_left_pc1      0.5801   -  0.1622    1.892018    2.446761
  5  post_conf          0.5748   +  0.1279    0.705922    0.676884
  6  feat_left_pc2      0.5521   -  0.1192    1.443416    1.800644
  7  pre_entropy        0.5428   -  0.1184    1.808694    1.990632
  8  pre_conf           0.5374   +  0.0741    0.425548    0.395437
  9  delta_entropy      0.5228   +  0.0778   -1.135147   -1.256098
 10  feat_left_pc3      0.5177   +  0.0434    1.927307    1.805975
 11  delta_conf         0.5022   +  0.0023    0.280374    0.281447
BEST: post_entropy (AUC=0.6352, polarity=-)
저장: D:\Users\dust\Documents\학교\2026년도1학기\컴퓨터비전\실습\FoundationStereo\experiments\ds_v1_seed0/blue_bathroom_v27\features\report.json / panels.png / mirror_signal.npy
[device] cuda
  [train] epoch 60/300  loss=0.5589
  [train] epoch 120/300  loss=0.3904
  [train] epoch 180/300  loss=0.2851
  [train] epoch 240/300  loss=0.2055
  [train] epoch 300/300  loss=0.1494

[VAL] scene=ds_v1_seed0/blue_bathroom_v27  (pixel 70/30 split)
  AUC      = 0.9929
  IoU@0.5  = 0.7865
  F1@0.5   = 0.8805
  accuracy = 0.9541  (prec=0.8030, rec=0.9745)
  tp=2984 fp=732 fn=78 tn=13870

[save] D:\Users\dust\Documents\학교\2026년도1학기\컴퓨터비전\실습\FoundationStereo\experiments\ds_v1_seed0/blue_bathroom_v27\submodel
  pred_mask.png, panel.png, metrics.json, head.pt
DONE: D:\Users\dust\Documents\학교\2026년도1학기\컴퓨터비전\실습\FoundationStereo\experiments\ds_v1_seed0/blue_bathroom_v27\submodel
[device] cuda
[load] D:\Users\dust\Documents\학교\2026년도1학기\컴퓨터비전\실습\FoundationStereo\experiments\_model\general_head.pt  (train_scenes=['archiviz_baseline080', 'bedroom_baseline080', 'blue_bathroom_baseline080', 'computer_room_baseline080', 'cozy_living_room_baseline080', 'flat-archiviz_baseline080', 'green_house_baseline080', 'gym_baseline080', 'livingroom_baseline080', 'minimal_interior_baseline080', 'scandinavian_baseline080', 'sunlight_baseline080'])

[APPLY] ds_v1_seed0/blue_bathroom_v27  (저장모델로 새 데이터 평가)
  AUC      = 0.9816
  IoU@0.5  = 0.3299
  F1@0.5   = 0.4961
  accuracy = 0.8840  (prec=0.9880, rec=0.3312)
  tp=3362 fp=41 fn=6788 tn=48689
[save] D:\Users\dust\Documents\학교\2026년도1학기\컴퓨터비전\실습\FoundationStereo\experiments\ds_v1_seed0/blue_bathroom_v27\submodel_applied  (pred_mask.png, panel.png, metrics.json)

============================================================
STEP: estimate_mirror_plane
============================================================

============================================================
STEP: viz_ransac_inliers
============================================================

============================================================
STEP: make_mirror_gt_from_depth
============================================================

============================================================
STEP: analyze_features
============================================================

============================================================
STEP: submodel_head
============================================================

============================================================
STEP: apply_submodel
============================================================

DONE: D:\Users\dust\Documents\학교\2026년도1학기\컴퓨터비전\실습\FoundationStereo\experiments\ds_v1_seed0/blue_bathroom_v27 (ok)

##### [94/122] ds_v1_seed0/blue_bathroom_v28  (done 11, fail 0, skip 82, elapsed 7m, ETA 18m) #####
[scene] ds_v1_seed0/blue_bathroom_v28  size=1280x720
[select] mirror 점 개수 = 77159  (mask=77159, valid&depth = 858803)
[conf] mirror 영역 평균 confidence = 0.7267

=== 평면 추정 결과 ===
  [PCA (closed form)]
      normal = [+0.8660, -0.1908, -0.4623]
      d = +1.1280   mirror_depth(perp) = 1.1280 m   view_z = 6.2526 m
      n_inliers = 77159/77159   rms_residual = 0.16692 m
  [RANSAC]
      normal = [+0.8524, +0.0643, -0.5189]
      d = +1.7997   mirror_depth(perp) = 1.7997 m   view_z = 6.2526 m
      n_inliers = 37260/77159   rms_residual = 0.03134 m
  [SVD robust (IRLS)]
      normal = [+0.8503, -0.2344, -0.4713]
      d = +1.1912   mirror_depth(perp) = 1.1912 m   view_z = 6.2526 m
      n_inliers = 25892/77159   rms_residual = 0.04563 m

[save] D:\Users\dust\Documents\학교\2026년도1학기\컴퓨터비전\실습\FoundationStereo\experiments\ds_v1_seed0/blue_bathroom_v28\mirror_geometry\result.json
[save] D:\Users\dust\Documents\학교\2026년도1학기\컴퓨터비전\실습\FoundationStereo\experiments\ds_v1_seed0/blue_bathroom_v28\mirror_geometry\plane.txt
[save] D:\Users\dust\Documents\학교\2026년도1학기\컴퓨터비전\실습\FoundationStereo\experiments\ds_v1_seed0/blue_bathroom_v28\mirror_geometry\viz.png

DONE: D:\Users\dust\Documents\학교\2026년도1학기\컴퓨터비전\실습\FoundationStereo\experiments\ds_v1_seed0/blue_bathroom_v28\mirror_geometry
[ds_v1_seed0/blue_bathroom_v28] 거울 점 77159개 중 inlier 37260 (48.3%) / outlier 39899
  normal=[ 0.852  0.064 -0.519] d=1.800  rms(inlier)=0.0313 m  thr≈0.081 m
[save] D:\Users\dust\Documents\학교\2026년도1학기\컴퓨터비전\실습\FoundationStereo\experiments\ds_v1_seed0/blue_bathroom_v28\mirror_geometry\ransac_inliers.png
[gt] blue_bathroom_v28            perp 5.00m planRMS 0.0000m  normal [-0.486, 0.247, -0.839]

생성 1, 건너뜀 0 (depth_gt/mask 없음 등)
[ds_v1_seed0/blue_bathroom_v28] feature 184x320  mirror_frac=0.08357676630434782  feat_left=True
rank  signal              AUC    pol  sep     mean_in     mean_out
  1  feat_left_pc1      0.6949   -  0.3947    1.560744    2.761097
  2  post_entropy       0.6697   -  0.3064    0.647258    0.758286
  3  feat_left_l2       0.6613   +  0.2534   17.750242   16.366373
  4  post_conf          0.6512   +  0.2738     0.72739    0.661372
  5  delta_argdisp       0.606   -  0.1635   28.544605   37.604014
  6  delta_conf         0.5711   +  0.1298    0.288489    0.226363
  7  delta_entropy      0.5336   -  0.0552   -1.118841   -1.035107
  8  feat_left_pc2      0.5248   +  0.0796    2.157512    1.900936
  9  feat_left_pc3      0.5138   +  0.0364     1.51162    1.609843
 10  pre_conf           0.5013   -  0.0093    0.438902    0.435009
 11  pre_entropy        0.5005   +  0.0183    1.766099    1.793393
BEST: feat_left_pc1 (AUC=0.6949, polarity=-)
저장: D:\Users\dust\Documents\학교\2026년도1학기\컴퓨터비전\실습\FoundationStereo\experiments\ds_v1_seed0/blue_bathroom_v28\features\report.json / panels.png / mirror_signal.npy
[device] cuda
  [train] epoch 60/300  loss=0.5772
  [train] epoch 120/300  loss=0.3792
  [train] epoch 180/300  loss=0.2716
  [train] epoch 240/300  loss=0.1967
  [train] epoch 300/300  loss=0.1454

[VAL] scene=ds_v1_seed0/blue_bathroom_v28  (pixel 70/30 split)
  AUC      = 0.9920
  IoU@0.5  = 0.6490
  F1@0.5   = 0.7872
  accuracy = 0.9568  (prec=0.6631, rec=0.9684)
  tp=1411 fp=717 fn=46 tn=15490

[save] D:\Users\dust\Documents\학교\2026년도1학기\컴퓨터비전\실습\FoundationStereo\experiments\ds_v1_seed0/blue_bathroom_v28\submodel
  pred_mask.png, panel.png, metrics.json, head.pt
DONE: D:\Users\dust\Documents\학교\2026년도1학기\컴퓨터비전\실습\FoundationStereo\experiments\ds_v1_seed0/blue_bathroom_v28\submodel
[device] cuda
[load] D:\Users\dust\Documents\학교\2026년도1학기\컴퓨터비전\실습\FoundationStereo\experiments\_model\general_head.pt  (train_scenes=['archiviz_baseline080', 'bedroom_baseline080', 'blue_bathroom_baseline080', 'computer_room_baseline080', 'cozy_living_room_baseline080', 'flat-archiviz_baseline080', 'green_house_baseline080', 'gym_baseline080', 'livingroom_baseline080', 'minimal_interior_baseline080', 'scandinavian_baseline080', 'sunlight_baseline080'])

[APPLY] ds_v1_seed0/blue_bathroom_v28  (저장모델로 새 데이터 평가)
  AUC      = 0.9901
  IoU@0.5  = 0.2783
  F1@0.5   = 0.4355
  accuracy = 0.9392  (prec=0.9739, rec=0.2804)
  tp=1380 fp=37 fn=3541 tn=53922
[save] D:\Users\dust\Documents\학교\2026년도1학기\컴퓨터비전\실습\FoundationStereo\experiments\ds_v1_seed0/blue_bathroom_v28\submodel_applied  (pred_mask.png, panel.png, metrics.json)

============================================================
STEP: estimate_mirror_plane
============================================================

============================================================
STEP: viz_ransac_inliers
============================================================

============================================================
STEP: make_mirror_gt_from_depth
============================================================

============================================================
STEP: analyze_features
============================================================

============================================================
STEP: submodel_head
============================================================

============================================================
STEP: apply_submodel
============================================================

DONE: D:\Users\dust\Documents\학교\2026년도1학기\컴퓨터비전\실습\FoundationStereo\experiments\ds_v1_seed0/blue_bathroom_v28 (ok)

##### [95/122] ds_v1_seed0/blue_bathroom_v29  (done 12, fail 0, skip 82, elapsed 7m, ETA 17m) #####
[scene] ds_v1_seed0/blue_bathroom_v29  size=1280x720
[select] mirror 점 개수 = 145878  (mask=145878, valid&depth = 865384)
[conf] mirror 영역 평균 confidence = 0.7004

=== 평면 추정 결과 ===
  [PCA (closed form)]
      normal = [+0.9001, -0.1263, -0.4170]
      d = +1.3781   mirror_depth(perp) = 1.3781 m   view_z = 7.2333 m
      n_inliers = 145878/145878   rms_residual = 0.16880 m
  [RANSAC]
      normal = [+0.8926, +0.0314, -0.4498]
      d = +1.7705   mirror_depth(perp) = 1.7705 m   view_z = 7.2333 m
      n_inliers = 70887/145878   rms_residual = 0.02848 m
  [SVD robust (IRLS)]
      normal = [+0.8959, -0.1243, -0.4265]
      d = +1.4696   mirror_depth(perp) = 1.4696 m   view_z = 7.2333 m
      n_inliers = 46429/145878   rms_residual = 0.03718 m

[save] D:\Users\dust\Documents\학교\2026년도1학기\컴퓨터비전\실습\FoundationStereo\experiments\ds_v1_seed0/blue_bathroom_v29\mirror_geometry\result.json
[save] D:\Users\dust\Documents\학교\2026년도1학기\컴퓨터비전\실습\FoundationStereo\experiments\ds_v1_seed0/blue_bathroom_v29\mirror_geometry\plane.txt
[save] D:\Users\dust\Documents\학교\2026년도1학기\컴퓨터비전\실습\FoundationStereo\experiments\ds_v1_seed0/blue_bathroom_v29\mirror_geometry\viz.png

DONE: D:\Users\dust\Documents\학교\2026년도1학기\컴퓨터비전\실습\FoundationStereo\experiments\ds_v1_seed0/blue_bathroom_v29\mirror_geometry
[ds_v1_seed0/blue_bathroom_v29] 거울 점 145878개 중 inlier 70887 (48.6%) / outlier 74991
  normal=[ 0.893  0.031 -0.45 ] d=1.771  rms(inlier)=0.0285 m  thr≈0.068 m
[save] D:\Users\dust\Documents\학교\2026년도1학기\컴퓨터비전\실습\FoundationStereo\experiments\ds_v1_seed0/blue_bathroom_v29\mirror_geometry\ransac_inliers.png
[gt] blue_bathroom_v29            perp 5.14m planRMS 0.0059m  normal [-0.428, 0.129, -0.895]

생성 1, 건너뜀 0 (depth_gt/mask 없음 등)
[ds_v1_seed0/blue_bathroom_v29] feature 184x320  mirror_frac=0.158203125  feat_left=True
rank  signal              AUC    pol  sep     mean_in     mean_out
  1  feat_left_pc1      0.6338   -  0.2671    1.828616    2.681857
  2  post_entropy       0.6337   -  0.1857    0.676857    0.740568
  3  feat_left_l2       0.6229   +  0.1728   17.307485   16.411608
  4  delta_argdisp      0.5713   -  0.0949   34.498014   40.153233
  5  post_conf          0.5689   +  0.1128    0.700448    0.673944
  6  feat_left_pc3      0.5348   -  0.1031    1.378093    1.669507
  7  delta_conf         0.5203   +  0.0331    0.275375    0.259701
  8  pre_entropy        0.5106   -  0.0505    1.810733     1.88483
  9  pre_conf           0.5099   +  0.0264    0.425073    0.414243
 10  delta_entropy      0.5081   -   0.007   -1.133876   -1.144262
 11  feat_left_pc2       0.507   -  0.0219    1.965942    1.899244
BEST: feat_left_pc1 (AUC=0.6338, polarity=-)
저장: D:\Users\dust\Documents\학교\2026년도1학기\컴퓨터비전\실습\FoundationStereo\experiments\ds_v1_seed0/blue_bathroom_v29\features\report.json / panels.png / mirror_signal.npy
[device] cuda
  [train] epoch 60/300  loss=0.5904
  [train] epoch 120/300  loss=0.4153
  [train] epoch 180/300  loss=0.2979
  [train] epoch 240/300  loss=0.2121
  [train] epoch 300/300  loss=0.1533

[VAL] scene=ds_v1_seed0/blue_bathroom_v29  (pixel 70/30 split)
  AUC      = 0.9925
  IoU@0.5  = 0.7730
  F1@0.5   = 0.8719
  accuracy = 0.9555  (prec=0.7964, rec=0.9633)
  tp=2676 fp=684 fn=102 tn=14202

[save] D:\Users\dust\Documents\학교\2026년도1학기\컴퓨터비전\실습\FoundationStereo\experiments\ds_v1_seed0/blue_bathroom_v29\submodel
  pred_mask.png, panel.png, metrics.json, head.pt
DONE: D:\Users\dust\Documents\학교\2026년도1학기\컴퓨터비전\실습\FoundationStereo\experiments\ds_v1_seed0/blue_bathroom_v29\submodel
[device] cuda
[load] D:\Users\dust\Documents\학교\2026년도1학기\컴퓨터비전\실습\FoundationStereo\experiments\_model\general_head.pt  (train_scenes=['archiviz_baseline080', 'bedroom_baseline080', 'blue_bathroom_baseline080', 'computer_room_baseline080', 'cozy_living_room_baseline080', 'flat-archiviz_baseline080', 'green_house_baseline080', 'gym_baseline080', 'livingroom_baseline080', 'minimal_interior_baseline080', 'scandinavian_baseline080', 'sunlight_baseline080'])

[APPLY] ds_v1_seed0/blue_bathroom_v29  (저장모델로 새 데이터 평가)
  AUC      = 0.9721
  IoU@0.5  = 0.3672
  F1@0.5   = 0.5371
  accuracy = 0.8978  (prec=0.9464, rec=0.3750)
  tp=3493 fp=198 fn=5822 tn=49367
[save] D:\Users\dust\Documents\학교\2026년도1학기\컴퓨터비전\실습\FoundationStereo\experiments\ds_v1_seed0/blue_bathroom_v29\submodel_applied  (pred_mask.png, panel.png, metrics.json)

============================================================
STEP: estimate_mirror_plane
============================================================

============================================================
STEP: viz_ransac_inliers
============================================================

============================================================
STEP: make_mirror_gt_from_depth
============================================================

============================================================
STEP: analyze_features
============================================================

============================================================
STEP: submodel_head
============================================================

============================================================
STEP: apply_submodel
============================================================

DONE: D:\Users\dust\Documents\학교\2026년도1학기\컴퓨터비전\실습\FoundationStereo\experiments\ds_v1_seed0/blue_bathroom_v29 (ok)

##### [96/122] ds_v1_seed0/blue_bathroom_v30  (done 13, fail 0, skip 82, elapsed 8m, ETA 17m) #####
[scene] ds_v1_seed0/blue_bathroom_v30  size=1280x720
[select] mirror 점 개수 = 152248  (mask=152248, valid&depth = 862255)
[conf] mirror 영역 평균 confidence = 0.7139

=== 평면 추정 결과 ===
  [PCA (closed form)]
      normal = [+0.8857, -0.1866, -0.4252]
      d = +1.4084   mirror_depth(perp) = 1.4084 m   view_z = 6.7836 m
      n_inliers = 152248/152248   rms_residual = 0.17195 m
  [RANSAC]
      normal = [+0.9011, +0.0497, -0.4307]
      d = +1.6370   mirror_depth(perp) = 1.6370 m   view_z = 6.7836 m
      n_inliers = 67193/152248   rms_residual = 0.02737 m
  [SVD robust (IRLS)]
      normal = [+0.8847, -0.1858, -0.4276]
      d = +1.4293   mirror_depth(perp) = 1.4293 m   view_z = 6.7836 m
      n_inliers = 45225/152248   rms_residual = 0.03863 m

[save] D:\Users\dust\Documents\학교\2026년도1학기\컴퓨터비전\실습\FoundationStereo\experiments\ds_v1_seed0/blue_bathroom_v30\mirror_geometry\result.json
[save] D:\Users\dust\Documents\학교\2026년도1학기\컴퓨터비전\실습\FoundationStereo\experiments\ds_v1_seed0/blue_bathroom_v30\mirror_geometry\plane.txt
[save] D:\Users\dust\Documents\학교\2026년도1학기\컴퓨터비전\실습\FoundationStereo\experiments\ds_v1_seed0/blue_bathroom_v30\mirror_geometry\viz.png

DONE: D:\Users\dust\Documents\학교\2026년도1학기\컴퓨터비전\실습\FoundationStereo\experiments\ds_v1_seed0/blue_bathroom_v30\mirror_geometry
[ds_v1_seed0/blue_bathroom_v30] 거울 점 152248개 중 inlier 67193 (44.1%) / outlier 85055
  normal=[ 0.901  0.05  -0.431] d=1.637  rms(inlier)=0.0274 m  thr≈0.067 m
[save] D:\Users\dust\Documents\학교\2026년도1학기\컴퓨터비전\실습\FoundationStereo\experiments\ds_v1_seed0/blue_bathroom_v30\mirror_geometry\ransac_inliers.png
[gt] blue_bathroom_v30            perp 4.73m planRMS 0.0000m  normal [-0.413, 0.178, -0.893]

생성 1, 건너뜀 0 (depth_gt/mask 없음 등)
[ds_v1_seed0/blue_bathroom_v30] feature 184x320  mirror_frac=0.1658967391304348  feat_left=True
rank  signal              AUC    pol  sep     mean_in     mean_out
  1  post_entropy       0.6235   -  0.1588    0.676633    0.728886
  2  delta_argdisp      0.6106   -  0.1636   31.236486   40.783169
  3  post_conf          0.5988   +  0.1655    0.712885    0.675157
  4  feat_left_l2       0.5954   +  0.1338   17.024091   16.310248
  5  feat_left_pc1      0.5869   -  0.1785    1.865853    2.463615
  6  pre_entropy        0.5506   -   0.133    1.784168    1.992525
  7  feat_left_pc2      0.5491   -   0.097    1.477208    1.773787
  8  pre_conf           0.5414   +   0.077    0.431059    0.399136
  9  delta_entropy       0.536   +  0.0985   -1.107536   -1.263639
 10  delta_conf         0.5073   +  0.0123    0.281827     0.27602
 11  feat_left_pc3      0.5032   +  0.0196    1.886182    1.830681
BEST: post_entropy (AUC=0.6235, polarity=-)
저장: D:\Users\dust\Documents\학교\2026년도1학기\컴퓨터비전\실습\FoundationStereo\experiments\ds_v1_seed0/blue_bathroom_v30\features\report.json / panels.png / mirror_signal.npy
[device] cuda
  [train] epoch 60/300  loss=0.5859
  [train] epoch 120/300  loss=0.4068
  [train] epoch 180/300  loss=0.2934
  [train] epoch 240/300  loss=0.2096
  [train] epoch 300/300  loss=0.1517

[VAL] scene=ds_v1_seed0/blue_bathroom_v30  (pixel 70/30 split)
  AUC      = 0.9929
  IoU@0.5  = 0.7831
  F1@0.5   = 0.8784
  accuracy = 0.9558  (prec=0.8034, rec=0.9687)
  tp=2820 fp=690 fn=91 tn=14063

[save] D:\Users\dust\Documents\학교\2026년도1학기\컴퓨터비전\실습\FoundationStereo\experiments\ds_v1_seed0/blue_bathroom_v30\submodel
  pred_mask.png, panel.png, metrics.json, head.pt
DONE: D:\Users\dust\Documents\학교\2026년도1학기\컴퓨터비전\실습\FoundationStereo\experiments\ds_v1_seed0/blue_bathroom_v30\submodel
[device] cuda
[load] D:\Users\dust\Documents\학교\2026년도1학기\컴퓨터비전\실습\FoundationStereo\experiments\_model\general_head.pt  (train_scenes=['archiviz_baseline080', 'bedroom_baseline080', 'blue_bathroom_baseline080', 'computer_room_baseline080', 'cozy_living_room_baseline080', 'flat-archiviz_baseline080', 'green_house_baseline080', 'gym_baseline080', 'livingroom_baseline080', 'minimal_interior_baseline080', 'scandinavian_baseline080', 'sunlight_baseline080'])

[APPLY] ds_v1_seed0/blue_bathroom_v30  (저장모델로 새 데이터 평가)
  AUC      = 0.9777
  IoU@0.5  = 0.3080
  F1@0.5   = 0.4709
  accuracy = 0.8847  (prec=0.9866, rec=0.3093)
  tp=3021 fp=41 fn=6747 tn=49071
[save] D:\Users\dust\Documents\학교\2026년도1학기\컴퓨터비전\실습\FoundationStereo\experiments\ds_v1_seed0/blue_bathroom_v30\submodel_applied  (pred_mask.png, panel.png, metrics.json)

============================================================
STEP: estimate_mirror_plane
============================================================

============================================================
STEP: viz_ransac_inliers
============================================================

============================================================
STEP: make_mirror_gt_from_depth
============================================================

============================================================
STEP: analyze_features
============================================================

============================================================
STEP: submodel_head
============================================================

============================================================
STEP: apply_submodel
============================================================

DONE: D:\Users\dust\Documents\학교\2026년도1학기\컴퓨터비전\실습\FoundationStereo\experiments\ds_v1_seed0/blue_bathroom_v30 (ok)

##### [97/122] ds_v1_seed0/blue_bathroom_v31  (done 14, fail 0, skip 82, elapsed 9m, ETA 16m) #####
[scene] ds_v1_seed0/blue_bathroom_v31  size=1280x720
[select] mirror 점 개수 = 32420  (mask=32420, valid&depth = 851198)
[conf] mirror 영역 평균 confidence = 0.6655

=== 평면 추정 결과 ===
  [PCA (closed form)]
      normal = [+0.8526, +0.0764, -0.5170]
      d = +1.2899   mirror_depth(perp) = 1.2899 m   view_z = 5.5334 m
      n_inliers = 32420/32420   rms_residual = 0.02177 m
  [RANSAC]
      normal = [+0.8463, +0.0907, -0.5249]
      d = +1.3552   mirror_depth(perp) = 1.3552 m   view_z = 5.5334 m
      n_inliers = 30109/32420   rms_residual = 0.00647 m
  [SVD robust (IRLS)]
      normal = [+0.8482, +0.0870, -0.5225]
      d = +1.3354   mirror_depth(perp) = 1.3354 m   view_z = 5.5334 m
      n_inliers = 30164/32420   rms_residual = 0.00711 m

[save] D:\Users\dust\Documents\학교\2026년도1학기\컴퓨터비전\실습\FoundationStereo\experiments\ds_v1_seed0/blue_bathroom_v31\mirror_geometry\result.json
[save] D:\Users\dust\Documents\학교\2026년도1학기\컴퓨터비전\실습\FoundationStereo\experiments\ds_v1_seed0/blue_bathroom_v31\mirror_geometry\plane.txt
[save] D:\Users\dust\Documents\학교\2026년도1학기\컴퓨터비전\실습\FoundationStereo\experiments\ds_v1_seed0/blue_bathroom_v31\mirror_geometry\viz.png

DONE: D:\Users\dust\Documents\학교\2026년도1학기\컴퓨터비전\실습\FoundationStereo\experiments\ds_v1_seed0/blue_bathroom_v31\mirror_geometry
[ds_v1_seed0/blue_bathroom_v31] 거울 점 32420개 중 inlier 30109 (92.9%) / outlier 2311
  normal=[ 0.846  0.091 -0.525] d=1.355  rms(inlier)=0.0065 m  thr≈0.030 m
[save] D:\Users\dust\Documents\학교\2026년도1학기\컴퓨터비전\실습\FoundationStereo\experiments\ds_v1_seed0/blue_bathroom_v31\mirror_geometry\ransac_inliers.png
[gt] blue_bathroom_v31            perp 4.76m planRMS 0.0109m  normal [-0.548, 0.206, -0.811]

생성 1, 건너뜀 0 (depth_gt/mask 없음 등)
[ds_v1_seed0/blue_bathroom_v31] feature 184x320  mirror_frac=0.03451086956521739  feat_left=True
rank  signal              AUC    pol  sep     mean_in     mean_out
  1  delta_argdisp      0.6011   -  0.1497   29.137303   37.354401
  2  feat_left_pc3      0.5931   -  0.1618    1.302057    1.722101
  3  feat_left_pc1      0.5697   -  0.1631    2.191407    2.742052
  4  post_entropy       0.5682   -  0.1685    0.732626    0.791253
  5  delta_entropy      0.5645   -  0.1181   -1.172616   -1.002336
  6  delta_conf         0.5599   +  0.1253    0.274027    0.218166
  7  pre_entropy        0.5518   +  0.0797    1.905242    1.793589
  8  pre_conf            0.551   -  0.1061    0.391543    0.431684
  9  feat_left_l2       0.5353   -  0.0519   16.198644   16.481596
 10  post_conf          0.5344   +  0.0689     0.66557     0.64985
 11  feat_left_pc2      0.5281   -  0.0502    1.710101    1.856096
BEST: delta_argdisp (AUC=0.6011, polarity=-)
저장: D:\Users\dust\Documents\학교\2026년도1학기\컴퓨터비전\실습\FoundationStereo\experiments\ds_v1_seed0/blue_bathroom_v31\features\report.json / panels.png / mirror_signal.npy
[device] cuda
  [train] epoch 60/300  loss=0.5418
  [train] epoch 120/300  loss=0.3168
  [train] epoch 180/300  loss=0.2099
  [train] epoch 240/300  loss=0.1458
  [train] epoch 300/300  loss=0.1054

[VAL] scene=ds_v1_seed0/blue_bathroom_v31  (pixel 70/30 split)
  AUC      = 0.9904
  IoU@0.5  = 0.5022
  F1@0.5   = 0.6686
  accuracy = 0.9680  (prec=0.5201, rec=0.9360)
  tp=570 fp=526 fn=39 tn=16529

[save] D:\Users\dust\Documents\학교\2026년도1학기\컴퓨터비전\실습\FoundationStereo\experiments\ds_v1_seed0/blue_bathroom_v31\submodel
  pred_mask.png, panel.png, metrics.json, head.pt
DONE: D:\Users\dust\Documents\학교\2026년도1학기\컴퓨터비전\실습\FoundationStereo\experiments\ds_v1_seed0/blue_bathroom_v31\submodel
[device] cuda
[load] D:\Users\dust\Documents\학교\2026년도1학기\컴퓨터비전\실습\FoundationStereo\experiments\_model\general_head.pt  (train_scenes=['archiviz_baseline080', 'bedroom_baseline080', 'blue_bathroom_baseline080', 'computer_room_baseline080', 'cozy_living_room_baseline080', 'flat-archiviz_baseline080', 'green_house_baseline080', 'gym_baseline080', 'livingroom_baseline080', 'minimal_interior_baseline080', 'scandinavian_baseline080', 'sunlight_baseline080'])

[APPLY] ds_v1_seed0/blue_bathroom_v31  (저장모델로 새 데이터 평가)
  AUC      = 0.9833
  IoU@0.5  = 0.0747
  F1@0.5   = 0.1390
  accuracy = 0.9667  (prec=0.6529, rec=0.0778)
  tp=158 fp=84 fn=1874 tn=56764
[save] D:\Users\dust\Documents\학교\2026년도1학기\컴퓨터비전\실습\FoundationStereo\experiments\ds_v1_seed0/blue_bathroom_v31\submodel_applied  (pred_mask.png, panel.png, metrics.json)

============================================================
STEP: estimate_mirror_plane
============================================================

============================================================
STEP: viz_ransac_inliers
============================================================

============================================================
STEP: make_mirror_gt_from_depth
============================================================

============================================================
STEP: analyze_features
============================================================

============================================================
STEP: submodel_head
============================================================

============================================================
STEP: apply_submodel
============================================================

DONE: D:\Users\dust\Documents\학교\2026년도1학기\컴퓨터비전\실습\FoundationStereo\experiments\ds_v1_seed0/blue_bathroom_v31 (ok)

##### [98/122] ds_v1_seed0/blue_bathroom_v32  (done 15, fail 0, skip 82, elapsed 9m, ETA 15m) #####
[scene] ds_v1_seed0/blue_bathroom_v32  size=1280x720
[select] mirror 점 개수 = 137031  (mask=137031, valid&depth = 871874)
[conf] mirror 영역 평균 confidence = 0.6931

=== 평면 추정 결과 ===
  [PCA (closed form)]
      normal = [+0.9515, -0.1459, -0.2707]
      d = +1.3873   mirror_depth(perp) = 1.3873 m   view_z = 7.3664 m
      n_inliers = 137031/137031   rms_residual = 0.16937 m
  [RANSAC]
      normal = [+0.9545, +0.0260, -0.2970]
      d = +1.6256   mirror_depth(perp) = 1.6256 m   view_z = 7.3664 m
      n_inliers = 64078/137031   rms_residual = 0.02715 m
  [SVD robust (IRLS)]
      normal = [+0.9509, -0.1367, -0.2775]
      d = +1.4499   mirror_depth(perp) = 1.4499 m   view_z = 7.3664 m
      n_inliers = 43017/137031   rms_residual = 0.03756 m

[save] D:\Users\dust\Documents\학교\2026년도1학기\컴퓨터비전\실습\FoundationStereo\experiments\ds_v1_seed0/blue_bathroom_v32\mirror_geometry\result.json
[save] D:\Users\dust\Documents\학교\2026년도1학기\컴퓨터비전\실습\FoundationStereo\experiments\ds_v1_seed0/blue_bathroom_v32\mirror_geometry\plane.txt
[save] D:\Users\dust\Documents\학교\2026년도1학기\컴퓨터비전\실습\FoundationStereo\experiments\ds_v1_seed0/blue_bathroom_v32\mirror_geometry\viz.png

DONE: D:\Users\dust\Documents\학교\2026년도1학기\컴퓨터비전\실습\FoundationStereo\experiments\ds_v1_seed0/blue_bathroom_v32\mirror_geometry
[ds_v1_seed0/blue_bathroom_v32] 거울 점 137031개 중 inlier 64078 (46.8%) / outlier 72953
  normal=[ 0.955  0.026 -0.297] d=1.626  rms(inlier)=0.0272 m  thr≈0.067 m
[save] D:\Users\dust\Documents\학교\2026년도1학기\컴퓨터비전\실습\FoundationStereo\experiments\ds_v1_seed0/blue_bathroom_v32\mirror_geometry\ransac_inliers.png
[gt] blue_bathroom_v32            perp 5.05m planRMS 0.0029m  normal [-0.286, 0.06, -0.956]

생성 1, 건너뜀 0 (depth_gt/mask 없음 등)
[ds_v1_seed0/blue_bathroom_v32] feature 184x320  mirror_frac=0.14835258152173914  feat_left=True
rank  signal              AUC    pol  sep     mean_in     mean_out
  1  post_entropy       0.7614   -  0.4718    0.668648    0.890198
  2  feat_left_pc1      0.7095   -  0.3989    1.762541    3.026092
  3  feat_left_l2       0.6739   +  0.2492     17.6239   16.096347
  4  post_conf          0.6559   +  0.3096    0.693302    0.612072
  5  delta_argdisp      0.6275   -  0.1898   32.838924   44.073447
  6  pre_entropy         0.563   -   0.154    1.681335    1.921228
  7  pre_conf           0.5566   +  0.1128    0.458027    0.409639
  8  delta_conf          0.544   +  0.0656    0.235275    0.202433
  9  feat_left_pc3      0.5282   +  0.0194    1.754785    1.697458
 10  delta_entropy       0.517   -  0.0113   -1.012687    -1.03103
 11  feat_left_pc2       0.514   -  0.0385    1.871305    2.002914
BEST: post_entropy (AUC=0.7614, polarity=-)
저장: D:\Users\dust\Documents\학교\2026년도1학기\컴퓨터비전\실습\FoundationStereo\experiments\ds_v1_seed0/blue_bathroom_v32\features\report.json / panels.png / mirror_signal.npy
[device] cuda
  [train] epoch 60/300  loss=0.5113
  [train] epoch 120/300  loss=0.3276
  [train] epoch 180/300  loss=0.2241
  [train] epoch 240/300  loss=0.1558
  [train] epoch 300/300  loss=0.1116

[VAL] scene=ds_v1_seed0/blue_bathroom_v32  (pixel 70/30 split)
  AUC      = 0.9965
  IoU@0.5  = 0.8326
  F1@0.5   = 0.9086
  accuracy = 0.9712  (prec=0.8522, rec=0.9730)
  tp=2526 fp=438 fn=70 tn=14630

[save] D:\Users\dust\Documents\학교\2026년도1학기\컴퓨터비전\실습\FoundationStereo\experiments\ds_v1_seed0/blue_bathroom_v32\submodel
  pred_mask.png, panel.png, metrics.json, head.pt
DONE: D:\Users\dust\Documents\학교\2026년도1학기\컴퓨터비전\실습\FoundationStereo\experiments\ds_v1_seed0/blue_bathroom_v32\submodel
[device] cuda
[load] D:\Users\dust\Documents\학교\2026년도1학기\컴퓨터비전\실습\FoundationStereo\experiments\_model\general_head.pt  (train_scenes=['archiviz_baseline080', 'bedroom_baseline080', 'blue_bathroom_baseline080', 'computer_room_baseline080', 'cozy_living_room_baseline080', 'flat-archiviz_baseline080', 'green_house_baseline080', 'gym_baseline080', 'livingroom_baseline080', 'minimal_interior_baseline080', 'scandinavian_baseline080', 'sunlight_baseline080'])

[APPLY] ds_v1_seed0/blue_bathroom_v32  (저장모델로 새 데이터 평가)
  AUC      = 0.9293
  IoU@0.5  = 0.2953
  F1@0.5   = 0.4559
  accuracy = 0.8856  (prec=0.7742, rec=0.3231)
  tp=2822 fp=823 fn=5913 tn=49322
[save] D:\Users\dust\Documents\학교\2026년도1학기\컴퓨터비전\실습\FoundationStereo\experiments\ds_v1_seed0/blue_bathroom_v32\submodel_applied  (pred_mask.png, panel.png, metrics.json)

============================================================
STEP: estimate_mirror_plane
============================================================

============================================================
STEP: viz_ransac_inliers
============================================================

============================================================
STEP: make_mirror_gt_from_depth
============================================================

============================================================
STEP: analyze_features
============================================================

============================================================
STEP: submodel_head
============================================================

============================================================
STEP: apply_submodel
============================================================

DONE: D:\Users\dust\Documents\학교\2026년도1학기\컴퓨터비전\실습\FoundationStereo\experiments\ds_v1_seed0/blue_bathroom_v32 (ok)

##### [99/122] ds_v1_seed0/blue_bathroom_v33  (done 16, fail 0, skip 82, elapsed 10m, ETA 14m) #####
[scene] ds_v1_seed0/blue_bathroom_v33  size=1280x720
[select] mirror 점 개수 = 105390  (mask=105390, valid&depth = 868298)
[conf] mirror 영역 평균 confidence = 0.7271

=== 평면 추정 결과 ===
  [PCA (closed form)]
      normal = [+0.9040, -0.3013, -0.3034]
      d = +1.4484   mirror_depth(perp) = 1.4484 m   view_z = 7.3078 m
      n_inliers = 105390/105390   rms_residual = 0.17885 m
  [RANSAC]
      normal = [+0.9651, +0.0337, -0.2597]
      d = +1.5119   mirror_depth(perp) = 1.5119 m   view_z = 7.3078 m
      n_inliers = 38011/105390   rms_residual = 0.03148 m
  [SVD robust (IRLS)]
      normal = [+0.8964, -0.3218, -0.3049]
      d = +1.4434   mirror_depth(perp) = 1.4434 m   view_z = 7.3078 m
      n_inliers = 34043/105390   rms_residual = 0.03997 m

[save] D:\Users\dust\Documents\학교\2026년도1학기\컴퓨터비전\실습\FoundationStereo\experiments\ds_v1_seed0/blue_bathroom_v33\mirror_geometry\result.json
[save] D:\Users\dust\Documents\학교\2026년도1학기\컴퓨터비전\실습\FoundationStereo\experiments\ds_v1_seed0/blue_bathroom_v33\mirror_geometry\plane.txt
[save] D:\Users\dust\Documents\학교\2026년도1학기\컴퓨터비전\실습\FoundationStereo\experiments\ds_v1_seed0/blue_bathroom_v33\mirror_geometry\viz.png

DONE: D:\Users\dust\Documents\학교\2026년도1학기\컴퓨터비전\실습\FoundationStereo\experiments\ds_v1_seed0/blue_bathroom_v33\mirror_geometry
[ds_v1_seed0/blue_bathroom_v33] 거울 점 105390개 중 inlier 38011 (36.1%) / outlier 67379
  normal=[ 0.965  0.034 -0.26 ] d=1.512  rms(inlier)=0.0315 m  thr≈0.070 m
[save] D:\Users\dust\Documents\학교\2026년도1학기\컴퓨터비전\실습\FoundationStereo\experiments\ds_v1_seed0/blue_bathroom_v33\mirror_geometry\ransac_inliers.png
[gt] blue_bathroom_v33            perp 5.04m planRMS 0.0000m  normal [-0.232, 0.24, -0.943]

생성 1, 건너뜀 0 (depth_gt/mask 없음 등)
[ds_v1_seed0/blue_bathroom_v33] feature 184x320  mirror_frac=0.11496263586956522  feat_left=True
rank  signal              AUC    pol  sep     mean_in     mean_out
  1  post_entropy       0.6909   -  0.3607    0.626249    0.766327
  2  post_conf          0.6561   +  0.2896    0.727201    0.654806
  3  feat_left_pc1       0.647   -  0.2492    1.863886    2.696915
  4  feat_left_l2         0.63   +  0.2083   17.645448   16.488884
  5  delta_argdisp      0.6263   -  0.2068   31.556655   43.608797
  6  pre_entropy        0.6035   -  0.2243    1.737212     2.09479
  7  pre_conf           0.5816   +  0.1511    0.440937    0.377501
  8  delta_entropy       0.558   +   0.136   -1.110963   -1.328463
  9  feat_left_pc2      0.5417   +  0.0993    2.181051    1.870808
 10  feat_left_pc3       0.539   -  0.0819    1.388669    1.617928
 11  delta_conf         0.5124   +   0.019    0.286264    0.277304
BEST: post_entropy (AUC=0.6909, polarity=-)
저장: D:\Users\dust\Documents\학교\2026년도1학기\컴퓨터비전\실습\FoundationStereo\experiments\ds_v1_seed0/blue_bathroom_v33\features\report.json / panels.png / mirror_signal.npy
[device] cuda
  [train] epoch 60/300  loss=0.5716
  [train] epoch 120/300  loss=0.3750
  [train] epoch 180/300  loss=0.2551
  [train] epoch 240/300  loss=0.1722
  [train] epoch 300/300  loss=0.1192

[VAL] scene=ds_v1_seed0/blue_bathroom_v33  (pixel 70/30 split)
  AUC      = 0.9961
  IoU@0.5  = 0.7705
  F1@0.5   = 0.8704
  accuracy = 0.9672  (prec=0.7870, rec=0.9735)
  tp=1947 fp=527 fn=53 tn=15137

[save] D:\Users\dust\Documents\학교\2026년도1학기\컴퓨터비전\실습\FoundationStereo\experiments\ds_v1_seed0/blue_bathroom_v33\submodel
  pred_mask.png, panel.png, metrics.json, head.pt
DONE: D:\Users\dust\Documents\학교\2026년도1학기\컴퓨터비전\실습\FoundationStereo\experiments\ds_v1_seed0/blue_bathroom_v33\submodel
[device] cuda
[load] D:\Users\dust\Documents\학교\2026년도1학기\컴퓨터비전\실습\FoundationStereo\experiments\_model\general_head.pt  (train_scenes=['archiviz_baseline080', 'bedroom_baseline080', 'blue_bathroom_baseline080', 'computer_room_baseline080', 'cozy_living_room_baseline080', 'flat-archiviz_baseline080', 'green_house_baseline080', 'gym_baseline080', 'livingroom_baseline080', 'minimal_interior_baseline080', 'scandinavian_baseline080', 'sunlight_baseline080'])

[APPLY] ds_v1_seed0/blue_bathroom_v33  (저장모델로 새 데이터 평가)
  AUC      = 0.9669
  IoU@0.5  = 0.3190
  F1@0.5   = 0.4837
  accuracy = 0.9203  (prec=0.9466, rec=0.3249)
  tp=2199 fp=124 fn=4570 tn=51987
[save] D:\Users\dust\Documents\학교\2026년도1학기\컴퓨터비전\실습\FoundationStereo\experiments\ds_v1_seed0/blue_bathroom_v33\submodel_applied  (pred_mask.png, panel.png, metrics.json)

============================================================
STEP: estimate_mirror_plane
============================================================

============================================================
STEP: viz_ransac_inliers
============================================================

============================================================
STEP: make_mirror_gt_from_depth
============================================================

============================================================
STEP: analyze_features
============================================================

============================================================
STEP: submodel_head
============================================================

============================================================
STEP: apply_submodel
============================================================

DONE: D:\Users\dust\Documents\학교\2026년도1학기\컴퓨터비전\실습\FoundationStereo\experiments\ds_v1_seed0/blue_bathroom_v33 (ok)

##### [100/122] ds_v1_seed0/blue_bathroom_v34  (done 17, fail 0, skip 82, elapsed 10m, ETA 14m) #####
[scene] ds_v1_seed0/blue_bathroom_v34  size=1280x720
[select] mirror 점 개수 = 92675  (mask=92675, valid&depth = 879523)
[conf] mirror 영역 평균 confidence = 0.6952

=== 평면 추정 결과 ===
  [PCA (closed form)]
      normal = [+0.9192, -0.3077, -0.2455]
      d = +1.5018   mirror_depth(perp) = 1.5018 m   view_z = 7.0679 m
      n_inliers = 92675/92675   rms_residual = 0.17140 m
  [RANSAC]
      normal = [+0.9807, +0.0393, -0.1916]
      d = +1.5632   mirror_depth(perp) = 1.5632 m   view_z = 7.0679 m
      n_inliers = 39271/92675   rms_residual = 0.02723 m
  [SVD robust (IRLS)]
      normal = [+0.9117, -0.3260, -0.2500]
      d = +1.5116   mirror_depth(perp) = 1.5116 m   view_z = 7.0679 m
      n_inliers = 29790/92675   rms_residual = 0.03723 m

[save] D:\Users\dust\Documents\학교\2026년도1학기\컴퓨터비전\실습\FoundationStereo\experiments\ds_v1_seed0/blue_bathroom_v34\mirror_geometry\result.json
[save] D:\Users\dust\Documents\학교\2026년도1학기\컴퓨터비전\실습\FoundationStereo\experiments\ds_v1_seed0/blue_bathroom_v34\mirror_geometry\plane.txt
[save] D:\Users\dust\Documents\학교\2026년도1학기\컴퓨터비전\실습\FoundationStereo\experiments\ds_v1_seed0/blue_bathroom_v34\mirror_geometry\viz.png

DONE: D:\Users\dust\Documents\학교\2026년도1학기\컴퓨터비전\실습\FoundationStereo\experiments\ds_v1_seed0/blue_bathroom_v34\mirror_geometry
[ds_v1_seed0/blue_bathroom_v34] 거울 점 92675개 중 inlier 39271 (42.4%) / outlier 53404
  normal=[ 0.981  0.039 -0.192] d=1.563  rms(inlier)=0.0272 m  thr≈0.065 m
[save] D:\Users\dust\Documents\학교\2026년도1학기\컴퓨터비전\실습\FoundationStereo\experiments\ds_v1_seed0/blue_bathroom_v34\mirror_geometry\ransac_inliers.png
[gt] blue_bathroom_v34            perp 5.08m planRMS 0.0000m  normal [-0.194, 0.264, -0.945]

생성 1, 건너뜀 0 (depth_gt/mask 없음 등)
[ds_v1_seed0/blue_bathroom_v34] feature 184x320  mirror_frac=0.10129076086956522  feat_left=True
rank  signal              AUC    pol  sep     mean_in     mean_out
  1  feat_left_pc1       0.708   -  0.4002    1.734279    2.910584
  2  delta_argdisp      0.6655   -  0.2822   27.690141   43.658931
  3  feat_left_l2       0.6433   +  0.2268   17.786537   16.480216
  4  pre_entropy        0.5992   -  0.2081    1.666452    1.994279
  5  post_entropy       0.5957   -  0.2432     0.65875     0.77702
  6  pre_conf           0.5753   +  0.1391      0.4603    0.400779
  7  post_conf          0.5667   +  0.1385    0.694651    0.655935
  8  delta_entropy      0.5554   +  0.1275   -1.007703   -1.217259
  9  delta_conf          0.522   -  0.0412    0.234351    0.255156
 10  feat_left_pc2      0.5185   +  0.0661    2.214116    1.996249
 11  feat_left_pc3      0.5011   +  0.0244     1.52553    1.590954
BEST: feat_left_pc1 (AUC=0.708, polarity=-)
저장: D:\Users\dust\Documents\학교\2026년도1학기\컴퓨터비전\실습\FoundationStereo\experiments\ds_v1_seed0/blue_bathroom_v34\features\report.json / panels.png / mirror_signal.npy
[device] cuda
  [train] epoch 60/300  loss=0.5202
  [train] epoch 120/300  loss=0.3209
  [train] epoch 180/300  loss=0.2198
  [train] epoch 240/300  loss=0.1565
  [train] epoch 300/300  loss=0.1151

[VAL] scene=ds_v1_seed0/blue_bathroom_v34  (pixel 70/30 split)
  AUC      = 0.9959
  IoU@0.5  = 0.7696
  F1@0.5   = 0.8698
  accuracy = 0.9702  (prec=0.7865, rec=0.9729)
  tp=1757 fp=477 fn=49 tn=15381

[save] D:\Users\dust\Documents\학교\2026년도1학기\컴퓨터비전\실습\FoundationStereo\experiments\ds_v1_seed0/blue_bathroom_v34\submodel
  pred_mask.png, panel.png, metrics.json, head.pt
DONE: D:\Users\dust\Documents\학교\2026년도1학기\컴퓨터비전\실습\FoundationStereo\experiments\ds_v1_seed0/blue_bathroom_v34\submodel
[device] cuda
[load] D:\Users\dust\Documents\학교\2026년도1학기\컴퓨터비전\실습\FoundationStereo\experiments\_model\general_head.pt  (train_scenes=['archiviz_baseline080', 'bedroom_baseline080', 'blue_bathroom_baseline080', 'computer_room_baseline080', 'cozy_living_room_baseline080', 'flat-archiviz_baseline080', 'green_house_baseline080', 'gym_baseline080', 'livingroom_baseline080', 'minimal_interior_baseline080', 'scandinavian_baseline080', 'sunlight_baseline080'])

[APPLY] ds_v1_seed0/blue_bathroom_v34  (저장모델로 새 데이터 평가)
  AUC      = 0.9417
  IoU@0.5  = 0.2476
  F1@0.5   = 0.3970
  accuracy = 0.9193  (prec=0.8179, rec=0.2621)
  tp=1563 fp=348 fn=4401 tn=52568
[save] D:\Users\dust\Documents\학교\2026년도1학기\컴퓨터비전\실습\FoundationStereo\experiments\ds_v1_seed0/blue_bathroom_v34\submodel_applied  (pred_mask.png, panel.png, metrics.json)

============================================================
STEP: estimate_mirror_plane
============================================================

============================================================
STEP: viz_ransac_inliers
============================================================

============================================================
STEP: make_mirror_gt_from_depth
============================================================

============================================================
STEP: analyze_features
============================================================

============================================================
STEP: submodel_head
============================================================

============================================================
STEP: apply_submodel
============================================================

DONE: D:\Users\dust\Documents\학교\2026년도1학기\컴퓨터비전\실습\FoundationStereo\experiments\ds_v1_seed0/blue_bathroom_v34 (ok)

##### [101/122] ds_v1_seed0/blue_bathroom_v35  (done 18, fail 0, skip 82, elapsed 11m, ETA 13m) #####
[scene] ds_v1_seed0/blue_bathroom_v35  size=1280x720
[select] mirror 점 개수 = 69631  (mask=69631, valid&depth = 846081)
[conf] mirror 영역 평균 confidence = 0.6850

=== 평면 추정 결과 ===
  [PCA (closed form)]
      normal = [+0.8703, -0.0326, -0.4915]
      d = +1.2921   mirror_depth(perp) = 1.2921 m   view_z = 6.1217 m
      n_inliers = 69631/69631   rms_residual = 0.08943 m
  [RANSAC]
      normal = [+0.8600, +0.0073, -0.5102]
      d = +1.4610   mirror_depth(perp) = 1.4610 m   view_z = 6.1217 m
      n_inliers = 45696/69631   rms_residual = 0.02407 m
  [SVD robust (IRLS)]
      normal = [+0.8608, -0.0183, -0.5085]
      d = +1.4356   mirror_depth(perp) = 1.4356 m   view_z = 6.1217 m
      n_inliers = 43326/69631   rms_residual = 0.03350 m

[save] D:\Users\dust\Documents\학교\2026년도1학기\컴퓨터비전\실습\FoundationStereo\experiments\ds_v1_seed0/blue_bathroom_v35\mirror_geometry\result.json
[save] D:\Users\dust\Documents\학교\2026년도1학기\컴퓨터비전\실습\FoundationStereo\experiments\ds_v1_seed0/blue_bathroom_v35\mirror_geometry\plane.txt
[save] D:\Users\dust\Documents\학교\2026년도1학기\컴퓨터비전\실습\FoundationStereo\experiments\ds_v1_seed0/blue_bathroom_v35\mirror_geometry\viz.png

DONE: D:\Users\dust\Documents\학교\2026년도1학기\컴퓨터비전\실습\FoundationStereo\experiments\ds_v1_seed0/blue_bathroom_v35\mirror_geometry
[ds_v1_seed0/blue_bathroom_v35] 거울 점 69631개 중 inlier 45696 (65.6%) / outlier 23935
  normal=[ 0.86   0.007 -0.51 ] d=1.461  rms(inlier)=0.0241 m  thr≈0.057 m
[save] D:\Users\dust\Documents\학교\2026년도1학기\컴퓨터비전\실습\FoundationStereo\experiments\ds_v1_seed0/blue_bathroom_v35\mirror_geometry\ransac_inliers.png
[gt] blue_bathroom_v35            perp 4.94m planRMS 0.0000m  normal [-0.483, 0.067, -0.873]

생성 1, 건너뜀 0 (depth_gt/mask 없음 등)
[ds_v1_seed0/blue_bathroom_v35] feature 184x320  mirror_frac=0.07432065217391304  feat_left=True
rank  signal              AUC    pol  sep     mean_in     mean_out
  1  post_entropy       0.7973   -  0.5699     0.66833    0.949016
  2  feat_left_pc1      0.7467   -  0.5057    1.443957    2.881488
  3  feat_left_l2       0.7089   +  0.3251   18.137251   16.328295
  4  post_conf          0.6766   +  0.3519    0.685822     0.59398
  5  delta_entropy      0.6342   -  0.2382    -1.25356   -0.885972
  6  delta_conf         0.6322   +  0.2471    0.290597    0.170724
  7  feat_left_pc3      0.5808   +  0.1385    2.127387    1.692195
  8  pre_entropy        0.5551   +  0.0597     1.92189    1.834988
  9  pre_conf           0.5503   -   0.071    0.395224    0.423256
 10  delta_argdisp      0.5414   -  0.0298    36.80096   38.537483
 11  feat_left_pc2       0.501   -  0.0132     1.87945    1.834945
BEST: post_entropy (AUC=0.7973, polarity=-)
저장: D:\Users\dust\Documents\학교\2026년도1학기\컴퓨터비전\실습\FoundationStereo\experiments\ds_v1_seed0/blue_bathroom_v35\features\report.json / panels.png / mirror_signal.npy
[device] cuda
  [train] epoch 60/300  loss=0.5818
  [train] epoch 120/300  loss=0.3833
  [train] epoch 180/300  loss=0.2662
  [train] epoch 240/300  loss=0.1853
  [train] epoch 300/300  loss=0.1313

[VAL] scene=ds_v1_seed0/blue_bathroom_v35  (pixel 70/30 split)
  AUC      = 0.9952
  IoU@0.5  = 0.6854
  F1@0.5   = 0.8133
  accuracy = 0.9647  (prec=0.6959, rec=0.9784)
  tp=1357 fp=593 fn=30 tn=15684

[save] D:\Users\dust\Documents\학교\2026년도1학기\컴퓨터비전\실습\FoundationStereo\experiments\ds_v1_seed0/blue_bathroom_v35\submodel
  pred_mask.png, panel.png, metrics.json, head.pt
DONE: D:\Users\dust\Documents\학교\2026년도1학기\컴퓨터비전\실습\FoundationStereo\experiments\ds_v1_seed0/blue_bathroom_v35\submodel
[device] cuda
[load] D:\Users\dust\Documents\학교\2026년도1학기\컴퓨터비전\실습\FoundationStereo\experiments\_model\general_head.pt  (train_scenes=['archiviz_baseline080', 'bedroom_baseline080', 'blue_bathroom_baseline080', 'computer_room_baseline080', 'cozy_living_room_baseline080', 'flat-archiviz_baseline080', 'green_house_baseline080', 'gym_baseline080', 'livingroom_baseline080', 'minimal_interior_baseline080', 'scandinavian_baseline080', 'sunlight_baseline080'])

[APPLY] ds_v1_seed0/blue_bathroom_v35  (저장모델로 새 데이터 평가)
  AUC      = 0.9714
  IoU@0.5  = 0.2626
  F1@0.5   = 0.4160
  accuracy = 0.9399  (prec=0.7491, rec=0.2879)
  tp=1260 fp=422 fn=3116 tn=54082
[save] D:\Users\dust\Documents\학교\2026년도1학기\컴퓨터비전\실습\FoundationStereo\experiments\ds_v1_seed0/blue_bathroom_v35\submodel_applied  (pred_mask.png, panel.png, metrics.json)

============================================================
STEP: estimate_mirror_plane
============================================================

============================================================
STEP: viz_ransac_inliers
============================================================

============================================================
STEP: make_mirror_gt_from_depth
============================================================

============================================================
STEP: analyze_features
============================================================

============================================================
STEP: submodel_head
============================================================

============================================================
STEP: apply_submodel
============================================================

DONE: D:\Users\dust\Documents\학교\2026년도1학기\컴퓨터비전\실습\FoundationStereo\experiments\ds_v1_seed0/blue_bathroom_v35 (ok)

##### [102/122] ds_v1_seed0/blue_bathroom_v36  (done 19, fail 0, skip 82, elapsed 11m, ETA 12m) #####
[scene] ds_v1_seed0/blue_bathroom_v36  size=1280x720
[select] mirror 점 개수 = 119449  (mask=119449, valid&depth = 869345)
[conf] mirror 영역 평균 confidence = 0.7063

=== 평면 추정 결과 ===
  [PCA (closed form)]
      normal = [+0.8734, -0.1885, -0.4490]
      d = +1.7021   mirror_depth(perp) = 1.7021 m   view_z = 6.5970 m
      n_inliers = 119449/119449   rms_residual = 0.17009 m
  [RANSAC]
      normal = [+0.8974, +0.0857, -0.4327]
      d = +1.8514   mirror_depth(perp) = 1.8514 m   view_z = 6.5970 m
      n_inliers = 57907/119449   rms_residual = 0.01985 m
  [SVD robust (IRLS)]
      normal = [+0.8696, -0.1797, -0.4599]
      d = +1.7921   mirror_depth(perp) = 1.7921 m   view_z = 6.5970 m
      n_inliers = 33314/119449   rms_residual = 0.03184 m

[save] D:\Users\dust\Documents\학교\2026년도1학기\컴퓨터비전\실습\FoundationStereo\experiments\ds_v1_seed0/blue_bathroom_v36\mirror_geometry\result.json
[save] D:\Users\dust\Documents\학교\2026년도1학기\컴퓨터비전\실습\FoundationStereo\experiments\ds_v1_seed0/blue_bathroom_v36\mirror_geometry\plane.txt
[save] D:\Users\dust\Documents\학교\2026년도1학기\컴퓨터비전\실습\FoundationStereo\experiments\ds_v1_seed0/blue_bathroom_v36\mirror_geometry\viz.png

DONE: D:\Users\dust\Documents\학교\2026년도1학기\컴퓨터비전\실습\FoundationStereo\experiments\ds_v1_seed0/blue_bathroom_v36\mirror_geometry
[ds_v1_seed0/blue_bathroom_v36] 거울 점 119449개 중 inlier 57907 (48.5%) / outlier 61542
  normal=[ 0.897  0.086 -0.433] d=1.851  rms(inlier)=0.0198 m  thr≈0.056 m
[save] D:\Users\dust\Documents\학교\2026년도1학기\컴퓨터비전\실습\FoundationStereo\experiments\ds_v1_seed0/blue_bathroom_v36\mirror_geometry\ransac_inliers.png
[gt] blue_bathroom_v36            perp 4.91m planRMS 0.0000m  normal [-0.432, 0.207, -0.878]

생성 1, 건너뜀 0 (depth_gt/mask 없음 등)
[ds_v1_seed0/blue_bathroom_v36] feature 184x320  mirror_frac=0.13023097826086957  feat_left=True
rank  signal              AUC    pol  sep     mean_in     mean_out
  1  delta_argdisp      0.6259   -  0.2108   29.583725   41.820023
  2  feat_left_l2       0.6134   +  0.1685   17.291018   16.378798
  3  feat_left_pc1      0.6013   -  0.1588    1.983604    2.558795
  4  post_entropy       0.5957   -  0.1549    0.667048    0.713981
  5  pre_entropy        0.5811   -  0.1825    1.707673    1.999467
  6  delta_entropy      0.5687   +   0.153   -1.040625   -1.285486
  7  pre_conf            0.565   +  0.1208    0.448862    0.398134
  8  post_conf          0.5646   +  0.1101     0.70595    0.680571
  9  delta_conf         0.5304   -  0.0542    0.257088    0.282437
 10  feat_left_pc2      0.5078   -  0.0104    1.865673    1.833509
 11  feat_left_pc3      0.5075   +  0.0095    1.730684    1.702258
BEST: delta_argdisp (AUC=0.6259, polarity=-)
저장: D:\Users\dust\Documents\학교\2026년도1학기\컴퓨터비전\실습\FoundationStereo\experiments\ds_v1_seed0/blue_bathroom_v36\features\report.json / panels.png / mirror_signal.npy
[device] cuda
  [train] epoch 60/300  loss=0.6087
  [train] epoch 120/300  loss=0.4027
  [train] epoch 180/300  loss=0.2763
  [train] epoch 240/300  loss=0.1914
  [train] epoch 300/300  loss=0.1370

[VAL] scene=ds_v1_seed0/blue_bathroom_v36  (pixel 70/30 split)
  AUC      = 0.9942
  IoU@0.5  = 0.7779
  F1@0.5   = 0.8751
  accuracy = 0.9638  (prec=0.7984, rec=0.9680)
  tp=2238 fp=565 fn=74 tn=14787

[save] D:\Users\dust\Documents\학교\2026년도1학기\컴퓨터비전\실습\FoundationStereo\experiments\ds_v1_seed0/blue_bathroom_v36\submodel
  pred_mask.png, panel.png, metrics.json, head.pt
DONE: D:\Users\dust\Documents\학교\2026년도1학기\컴퓨터비전\실습\FoundationStereo\experiments\ds_v1_seed0/blue_bathroom_v36\submodel
[device] cuda
[load] D:\Users\dust\Documents\학교\2026년도1학기\컴퓨터비전\실습\FoundationStereo\experiments\_model\general_head.pt  (train_scenes=['archiviz_baseline080', 'bedroom_baseline080', 'blue_bathroom_baseline080', 'computer_room_baseline080', 'cozy_living_room_baseline080', 'flat-archiviz_baseline080', 'green_house_baseline080', 'gym_baseline080', 'livingroom_baseline080', 'minimal_interior_baseline080', 'scandinavian_baseline080', 'sunlight_baseline080'])

[APPLY] ds_v1_seed0/blue_bathroom_v36  (저장모델로 새 데이터 평가)
  AUC      = 0.9689
  IoU@0.5  = 0.2212
  F1@0.5   = 0.3622
  accuracy = 0.8968  (prec=0.9270, rec=0.2251)
  tp=1726 fp=136 fn=5942 tn=51076
[save] D:\Users\dust\Documents\학교\2026년도1학기\컴퓨터비전\실습\FoundationStereo\experiments\ds_v1_seed0/blue_bathroom_v36\submodel_applied  (pred_mask.png, panel.png, metrics.json)

============================================================
STEP: estimate_mirror_plane
============================================================

============================================================
STEP: viz_ransac_inliers
============================================================

============================================================
STEP: make_mirror_gt_from_depth
============================================================

============================================================
STEP: analyze_features
============================================================

============================================================
STEP: submodel_head
============================================================

============================================================
STEP: apply_submodel
============================================================

DONE: D:\Users\dust\Documents\학교\2026년도1학기\컴퓨터비전\실습\FoundationStereo\experiments\ds_v1_seed0/blue_bathroom_v36 (ok)

##### [103/122] ds_v1_seed0/blue_bathroom_v37  (done 20, fail 0, skip 82, elapsed 12m, ETA 12m) #####
[scene] ds_v1_seed0/blue_bathroom_v37  size=1280x720
[select] mirror 점 개수 = 137496  (mask=137496, valid&depth = 872269)
[conf] mirror 영역 평균 confidence = 0.4842

=== 평면 추정 결과 ===
  [PCA (closed form)]
      normal = [+0.9149, -0.1619, -0.3697]
      d = +1.5621   mirror_depth(perp) = 1.5621 m   view_z = 6.0382 m
      n_inliers = 137496/137496   rms_residual = 0.16822 m
  [RANSAC]
      normal = [+0.9276, +0.0321, -0.3721]
      d = +1.6739   mirror_depth(perp) = 1.6739 m   view_z = 6.0382 m
      n_inliers = 69308/137496   rms_residual = 0.03192 m
  [SVD robust (IRLS)]
      normal = [+0.9028, -0.1769, -0.3920]
      d = +1.7226   mirror_depth(perp) = 1.7226 m   view_z = 6.0382 m
      n_inliers = 46796/137496   rms_residual = 0.04192 m

[save] D:\Users\dust\Documents\학교\2026년도1학기\컴퓨터비전\실습\FoundationStereo\experiments\ds_v1_seed0/blue_bathroom_v37\mirror_geometry\result.json
[save] D:\Users\dust\Documents\학교\2026년도1학기\컴퓨터비전\실습\FoundationStereo\experiments\ds_v1_seed0/blue_bathroom_v37\mirror_geometry\plane.txt
[save] D:\Users\dust\Documents\학교\2026년도1학기\컴퓨터비전\실습\FoundationStereo\experiments\ds_v1_seed0/blue_bathroom_v37\mirror_geometry\viz.png

DONE: D:\Users\dust\Documents\학교\2026년도1학기\컴퓨터비전\실습\FoundationStereo\experiments\ds_v1_seed0/blue_bathroom_v37\mirror_geometry
[ds_v1_seed0/blue_bathroom_v37] 거울 점 137496개 중 inlier 69308 (50.4%) / outlier 68188
  normal=[ 0.928  0.032 -0.372] d=1.674  rms(inlier)=0.0319 m  thr≈0.073 m
[save] D:\Users\dust\Documents\학교\2026년도1학기\컴퓨터비전\실습\FoundationStereo\experiments\ds_v1_seed0/blue_bathroom_v37\mirror_geometry\ransac_inliers.png
[gt] blue_bathroom_v37            perp 5.12m planRMS 0.0000m  normal [-0.341, 0.04, -0.939]

생성 1, 건너뜀 0 (depth_gt/mask 없음 등)
[ds_v1_seed0/blue_bathroom_v37] feature 184x320  mirror_frac=0.14903192934782608  feat_left=True
rank  signal              AUC    pol  sep     mean_in     mean_out
  1  feat_left_pc1        0.68   -   0.317    1.786507    2.848207
  2  feat_left_l2       0.6604   +  0.2264   17.499347   16.204345
  3  post_entropy       0.5982   +  0.0124    1.258845    1.244146
  4  delta_argdisp      0.5958   +  0.1919    56.49812   45.734298
  5  post_conf          0.5779   -  0.1177     0.48166    0.526876
  6  delta_entropy      0.5557   +  0.0942   -0.684775   -0.867801
  7  delta_conf         0.5501   -  0.0764    0.109221    0.150697
  8  pre_entropy        0.5459   -  0.1143     1.94362    2.111947
  9  feat_left_pc2      0.5275   -  0.0658     1.61513    1.831323
 10  feat_left_pc3      0.5265   +  0.0458    1.925266    1.793074
 11  pre_conf           0.5066   +  0.0101    0.372439    0.376179
BEST: feat_left_pc1 (AUC=0.68, polarity=-)
저장: D:\Users\dust\Documents\학교\2026년도1학기\컴퓨터비전\실습\FoundationStereo\experiments\ds_v1_seed0/blue_bathroom_v37\features\report.json / panels.png / mirror_signal.npy
[device] cuda
  [train] epoch 60/300  loss=0.5391
  [train] epoch 120/300  loss=0.3398
  [train] epoch 180/300  loss=0.2474
  [train] epoch 240/300  loss=0.1931
  [train] epoch 300/300  loss=0.1550

[VAL] scene=ds_v1_seed0/blue_bathroom_v37  (pixel 70/30 split)
  AUC      = 0.9908
  IoU@0.5  = 0.7522
  F1@0.5   = 0.8586
  accuracy = 0.9537  (prec=0.7850, rec=0.9473)
  tp=2483 fp=680 fn=138 tn=14363

[save] D:\Users\dust\Documents\학교\2026년도1학기\컴퓨터비전\실습\FoundationStereo\experiments\ds_v1_seed0/blue_bathroom_v37\submodel
  pred_mask.png, panel.png, metrics.json, head.pt
DONE: D:\Users\dust\Documents\학교\2026년도1학기\컴퓨터비전\실습\FoundationStereo\experiments\ds_v1_seed0/blue_bathroom_v37\submodel
[device] cuda
[load] D:\Users\dust\Documents\학교\2026년도1학기\컴퓨터비전\실습\FoundationStereo\experiments\_model\general_head.pt  (train_scenes=['archiviz_baseline080', 'bedroom_baseline080', 'blue_bathroom_baseline080', 'computer_room_baseline080', 'cozy_living_room_baseline080', 'flat-archiviz_baseline080', 'green_house_baseline080', 'gym_baseline080', 'livingroom_baseline080', 'minimal_interior_baseline080', 'scandinavian_baseline080', 'sunlight_baseline080'])

[APPLY] ds_v1_seed0/blue_bathroom_v37  (저장모델로 새 데이터 평가)
  AUC      = 0.8989
  IoU@0.5  = 0.3526
  F1@0.5   = 0.5214
  accuracy = 0.8573  (prec=0.5212, rec=0.5216)
  tp=4577 fp=4204 fn=4198 tn=45901
[save] D:\Users\dust\Documents\학교\2026년도1학기\컴퓨터비전\실습\FoundationStereo\experiments\ds_v1_seed0/blue_bathroom_v37\submodel_applied  (pred_mask.png, panel.png, metrics.json)

============================================================
STEP: estimate_mirror_plane
============================================================

============================================================
STEP: viz_ransac_inliers
============================================================

============================================================
STEP: make_mirror_gt_from_depth
============================================================

============================================================
STEP: analyze_features
============================================================

============================================================
STEP: submodel_head
============================================================

============================================================
STEP: apply_submodel
============================================================

DONE: D:\Users\dust\Documents\학교\2026년도1학기\컴퓨터비전\실습\FoundationStereo\experiments\ds_v1_seed0/blue_bathroom_v37 (ok)

##### [104/122] ds_v1_seed0/blue_bathroom_v38  (done 21, fail 0, skip 82, elapsed 12m, ETA 11m) #####
[scene] ds_v1_seed0/blue_bathroom_v38  size=1280x720
[select] mirror 점 개수 = 102428  (mask=102428, valid&depth = 881046)
[conf] mirror 영역 평균 confidence = 0.6980

=== 평면 추정 결과 ===
  [PCA (closed form)]
      normal = [+0.9390, -0.2702, -0.2127]
      d = +1.3894   mirror_depth(perp) = 1.3894 m   view_z = 6.7948 m
      n_inliers = 102428/102428   rms_residual = 0.17577 m
  [RANSAC]
      normal = [+0.9755, +0.0450, -0.2155]
      d = +1.7560   mirror_depth(perp) = 1.7560 m   view_z = 6.7948 m
      n_inliers = 47345/102428   rms_residual = 0.02433 m
  [SVD robust (IRLS)]
      normal = [+0.9310, -0.2874, -0.2250]
      d = +1.4560   mirror_depth(perp) = 1.4560 m   view_z = 6.7948 m
      n_inliers = 31238/102428   rms_residual = 0.03902 m

[save] D:\Users\dust\Documents\학교\2026년도1학기\컴퓨터비전\실습\FoundationStereo\experiments\ds_v1_seed0/blue_bathroom_v38\mirror_geometry\result.json
[save] D:\Users\dust\Documents\학교\2026년도1학기\컴퓨터비전\실습\FoundationStereo\experiments\ds_v1_seed0/blue_bathroom_v38\mirror_geometry\plane.txt
[save] D:\Users\dust\Documents\학교\2026년도1학기\컴퓨터비전\실습\FoundationStereo\experiments\ds_v1_seed0/blue_bathroom_v38\mirror_geometry\viz.png

DONE: D:\Users\dust\Documents\학교\2026년도1학기\컴퓨터비전\실습\FoundationStereo\experiments\ds_v1_seed0/blue_bathroom_v38\mirror_geometry
[ds_v1_seed0/blue_bathroom_v38] 거울 점 102428개 중 inlier 47345 (46.2%) / outlier 55083
  normal=[ 0.975  0.045 -0.216] d=1.756  rms(inlier)=0.0243 m  thr≈0.068 m
[save] D:\Users\dust\Documents\학교\2026년도1학기\컴퓨터비전\실습\FoundationStereo\experiments\ds_v1_seed0/blue_bathroom_v38\mirror_geometry\ransac_inliers.png
[gt] blue_bathroom_v38            perp 4.84m planRMS 0.0000m  normal [-0.205, 0.227, -0.952]

생성 1, 건너뜀 0 (depth_gt/mask 없음 등)
[ds_v1_seed0/blue_bathroom_v38] feature 184x320  mirror_frac=0.11136209239130435  feat_left=True
rank  signal              AUC    pol  sep     mean_in     mean_out
  1  feat_left_pc1      0.6939   -  0.3124    1.985488    3.018344
  2  feat_left_l2       0.6654   +  0.2683   17.998761   16.463436
  3  delta_argdisp      0.6436   -  0.2558   28.340552   42.767368
  4  pre_entropy        0.5927   -  0.1897    1.643159    1.931546
  5  post_entropy       0.5768   -  0.2245    0.683054    0.783307
  6  post_conf          0.5752   +  0.1523    0.698106    0.657108
  7  pre_conf             0.57   +  0.1267     0.46472    0.411347
  8  delta_entropy      0.5533   +   0.119   -0.960105   -1.148239
  9  feat_left_pc3      0.5248   +  0.0275    1.619084     1.54234
 10  delta_conf         0.5122   -   0.025    0.233386    0.245761
 11  feat_left_pc2      0.5017   -  0.0363    2.169734    2.053118
BEST: feat_left_pc1 (AUC=0.6939, polarity=-)
저장: D:\Users\dust\Documents\학교\2026년도1학기\컴퓨터비전\실습\FoundationStereo\experiments\ds_v1_seed0/blue_bathroom_v38\features\report.json / panels.png / mirror_signal.npy
[device] cuda
  [train] epoch 60/300  loss=0.5403
  [train] epoch 120/300  loss=0.3309
  [train] epoch 180/300  loss=0.2252
  [train] epoch 240/300  loss=0.1586
  [train] epoch 300/300  loss=0.1153

[VAL] scene=ds_v1_seed0/blue_bathroom_v38  (pixel 70/30 split)
  AUC      = 0.9958
  IoU@0.5  = 0.7794
  F1@0.5   = 0.8760
  accuracy = 0.9690  (prec=0.7991, rec=0.9694)
  tp=1933 fp=486 fn=61 tn=15184

[save] D:\Users\dust\Documents\학교\2026년도1학기\컴퓨터비전\실습\FoundationStereo\experiments\ds_v1_seed0/blue_bathroom_v38\submodel
  pred_mask.png, panel.png, metrics.json, head.pt
DONE: D:\Users\dust\Documents\학교\2026년도1학기\컴퓨터비전\실습\FoundationStereo\experiments\ds_v1_seed0/blue_bathroom_v38\submodel
[device] cuda
[load] D:\Users\dust\Documents\학교\2026년도1학기\컴퓨터비전\실습\FoundationStereo\experiments\_model\general_head.pt  (train_scenes=['archiviz_baseline080', 'bedroom_baseline080', 'blue_bathroom_baseline080', 'computer_room_baseline080', 'cozy_living_room_baseline080', 'flat-archiviz_baseline080', 'green_house_baseline080', 'gym_baseline080', 'livingroom_baseline080', 'minimal_interior_baseline080', 'scandinavian_baseline080', 'sunlight_baseline080'])

[APPLY] ds_v1_seed0/blue_bathroom_v38  (저장모델로 새 데이터 평가)
  AUC      = 0.9514
  IoU@0.5  = 0.2314
  F1@0.5   = 0.3758
  accuracy = 0.9137  (prec=0.9647, rec=0.2333)
  tp=1530 fp=56 fn=5027 tn=52267
[save] D:\Users\dust\Documents\학교\2026년도1학기\컴퓨터비전\실습\FoundationStereo\experiments\ds_v1_seed0/blue_bathroom_v38\submodel_applied  (pred_mask.png, panel.png, metrics.json)

============================================================
STEP: estimate_mirror_plane
============================================================

============================================================
STEP: viz_ransac_inliers
============================================================

============================================================
STEP: make_mirror_gt_from_depth
============================================================

============================================================
STEP: analyze_features
============================================================

============================================================
STEP: submodel_head
============================================================

============================================================
STEP: apply_submodel
============================================================

DONE: D:\Users\dust\Documents\학교\2026년도1학기\컴퓨터비전\실습\FoundationStereo\experiments\ds_v1_seed0/blue_bathroom_v38 (ok)

##### [105/122] ds_v1_seed0/blue_bathroom_v39  (done 22, fail 0, skip 82, elapsed 13m, ETA 10m) #####
[scene] ds_v1_seed0/blue_bathroom_v39  size=1280x720
[select] mirror 점 개수 = 121933  (mask=121933, valid&depth = 869834)
[conf] mirror 영역 평균 confidence = 0.7143

=== 평면 추정 결과 ===
  [PCA (closed form)]
      normal = [+0.8420, -0.1821, -0.5078]
      d = +2.1261   mirror_depth(perp) = 2.1261 m   view_z = 6.4908 m
      n_inliers = 121933/121933   rms_residual = 0.16063 m
  [RANSAC]
      normal = [+0.8887, +0.0851, -0.4505]
      d = +1.9786   mirror_depth(perp) = 1.9786 m   view_z = 6.4908 m
      n_inliers = 55390/121933   rms_residual = 0.01576 m
  [SVD robust (IRLS)]
      normal = [+0.8420, -0.1661, -0.5133]
      d = +2.1788   mirror_depth(perp) = 2.1788 m   view_z = 6.4908 m
      n_inliers = 26084/121933   rms_residual = 0.02568 m

[save] D:\Users\dust\Documents\학교\2026년도1학기\컴퓨터비전\실습\FoundationStereo\experiments\ds_v1_seed0/blue_bathroom_v39\mirror_geometry\result.json
[save] D:\Users\dust\Documents\학교\2026년도1학기\컴퓨터비전\실습\FoundationStereo\experiments\ds_v1_seed0/blue_bathroom_v39\mirror_geometry\plane.txt
[save] D:\Users\dust\Documents\학교\2026년도1학기\컴퓨터비전\실습\FoundationStereo\experiments\ds_v1_seed0/blue_bathroom_v39\mirror_geometry\viz.png

DONE: D:\Users\dust\Documents\학교\2026년도1학기\컴퓨터비전\실습\FoundationStereo\experiments\ds_v1_seed0/blue_bathroom_v39\mirror_geometry
[ds_v1_seed0/blue_bathroom_v39] 거울 점 121933개 중 inlier 55390 (45.4%) / outlier 66543
  normal=[ 0.889  0.085 -0.45 ] d=1.979  rms(inlier)=0.0158 m  thr≈0.044 m
[save] D:\Users\dust\Documents\학교\2026년도1학기\컴퓨터비전\실습\FoundationStereo\experiments\ds_v1_seed0/blue_bathroom_v39\mirror_geometry\ransac_inliers.png
[gt] blue_bathroom_v39            perp 4.90m planRMS 0.0000m  normal [-0.437, 0.183, -0.881]

생성 1, 건너뜀 0 (depth_gt/mask 없음 등)
[ds_v1_seed0/blue_bathroom_v39] feature 184x320  mirror_frac=0.1328804347826087  feat_left=True
rank  signal              AUC    pol  sep     mean_in     mean_out
  1  delta_argdisp      0.6392   -  0.2386   27.890721   41.537762
  2  post_entropy       0.6339   -  0.2136     0.66264    0.731219
  3  feat_left_l2       0.6173   +  0.1794   17.321587    16.34769
  4  feat_left_pc1      0.6082   -  0.1543    2.022014    2.588151
  5  post_conf          0.6002   +  0.1742    0.713887    0.673223
  6  pre_entropy        0.5728   -  0.1709    1.709913     1.98623
  7  pre_conf           0.5563   +  0.1052    0.448018    0.403178
  8  delta_entropy      0.5542   +  0.1288   -1.047273   -1.255011
  9  feat_left_pc3      0.5228   +  0.0372    1.796466     1.68393
 10  feat_left_pc2      0.5036   +  0.0306    1.891543     1.79525
 11  delta_conf         0.5003   -  0.0087    0.265869    0.270044
BEST: delta_argdisp (AUC=0.6392, polarity=-)
저장: D:\Users\dust\Documents\학교\2026년도1학기\컴퓨터비전\실습\FoundationStereo\experiments\ds_v1_seed0/blue_bathroom_v39\features\report.json / panels.png / mirror_signal.npy
[device] cuda
  [train] epoch 60/300  loss=0.6212
  [train] epoch 120/300  loss=0.4096
  [train] epoch 180/300  loss=0.2758
  [train] epoch 240/300  loss=0.1885
  [train] epoch 300/300  loss=0.1332

[VAL] scene=ds_v1_seed0/blue_bathroom_v39  (pixel 70/30 split)
  AUC      = 0.9949
  IoU@0.5  = 0.7781
  F1@0.5   = 0.8752
  accuracy = 0.9634  (prec=0.7981, rec=0.9688)
  tp=2265 fp=573 fn=73 tn=14753

[save] D:\Users\dust\Documents\학교\2026년도1학기\컴퓨터비전\실습\FoundationStereo\experiments\ds_v1_seed0/blue_bathroom_v39\submodel
  pred_mask.png, panel.png, metrics.json, head.pt
DONE: D:\Users\dust\Documents\학교\2026년도1학기\컴퓨터비전\실습\FoundationStereo\experiments\ds_v1_seed0/blue_bathroom_v39\submodel
[device] cuda
[load] D:\Users\dust\Documents\학교\2026년도1학기\컴퓨터비전\실습\FoundationStereo\experiments\_model\general_head.pt  (train_scenes=['archiviz_baseline080', 'bedroom_baseline080', 'blue_bathroom_baseline080', 'computer_room_baseline080', 'cozy_living_room_baseline080', 'flat-archiviz_baseline080', 'green_house_baseline080', 'gym_baseline080', 'livingroom_baseline080', 'minimal_interior_baseline080', 'scandinavian_baseline080', 'sunlight_baseline080'])

[APPLY] ds_v1_seed0/blue_bathroom_v39  (저장모델로 새 데이터 평가)
  AUC      = 0.9714
  IoU@0.5  = 0.2025
  F1@0.5   = 0.3368
  accuracy = 0.8931  (prec=0.9598, rec=0.2042)
  tp=1598 fp=67 fn=6226 tn=50989
[save] D:\Users\dust\Documents\학교\2026년도1학기\컴퓨터비전\실습\FoundationStereo\experiments\ds_v1_seed0/blue_bathroom_v39\submodel_applied  (pred_mask.png, panel.png, metrics.json)

============================================================
STEP: estimate_mirror_plane
============================================================

============================================================
STEP: viz_ransac_inliers
============================================================

============================================================
STEP: make_mirror_gt_from_depth
============================================================

============================================================
STEP: analyze_features
============================================================

============================================================
STEP: submodel_head
============================================================

============================================================
STEP: apply_submodel
============================================================

DONE: D:\Users\dust\Documents\학교\2026년도1학기\컴퓨터비전\실습\FoundationStereo\experiments\ds_v1_seed0/blue_bathroom_v39 (ok)

##### [106/122] ds_v1_seed0/blue_bathroom_v40  (done 23, fail 0, skip 82, elapsed 13m, ETA 10m) #####
[scene] ds_v1_seed0/blue_bathroom_v40  size=1280x720
[select] mirror 점 개수 = 131946  (mask=131946, valid&depth = 876106)
[conf] mirror 영역 평균 confidence = 0.6715

=== 평면 추정 결과 ===
  [PCA (closed form)]
      normal = [+0.9576, -0.1155, -0.2640]
      d = +1.4731   mirror_depth(perp) = 1.4731 m   view_z = 7.3631 m
      n_inliers = 131946/131946   rms_residual = 0.16754 m
  [RANSAC]
      normal = [+0.9637, +0.0618, -0.2596]
      d = +1.6189   mirror_depth(perp) = 1.6189 m   view_z = 7.3631 m
      n_inliers = 70241/131946   rms_residual = 0.02644 m
  [SVD robust (IRLS)]
      normal = [+0.9561, -0.0962, -0.2768]
      d = +1.5990   mirror_depth(perp) = 1.5990 m   view_z = 7.3631 m
      n_inliers = 47393/131946   rms_residual = 0.03724 m

[save] D:\Users\dust\Documents\학교\2026년도1학기\컴퓨터비전\실습\FoundationStereo\experiments\ds_v1_seed0/blue_bathroom_v40\mirror_geometry\result.json
[save] D:\Users\dust\Documents\학교\2026년도1학기\컴퓨터비전\실습\FoundationStereo\experiments\ds_v1_seed0/blue_bathroom_v40\mirror_geometry\plane.txt
[save] D:\Users\dust\Documents\학교\2026년도1학기\컴퓨터비전\실습\FoundationStereo\experiments\ds_v1_seed0/blue_bathroom_v40\mirror_geometry\viz.png

DONE: D:\Users\dust\Documents\학교\2026년도1학기\컴퓨터비전\실습\FoundationStereo\experiments\ds_v1_seed0/blue_bathroom_v40\mirror_geometry
[ds_v1_seed0/blue_bathroom_v40] 거울 점 131946개 중 inlier 70241 (53.2%) / outlier 61705
  normal=[ 0.964  0.062 -0.26 ] d=1.619  rms(inlier)=0.0264 m  thr≈0.068 m
[save] D:\Users\dust\Documents\학교\2026년도1학기\컴퓨터비전\실습\FoundationStereo\experiments\ds_v1_seed0/blue_bathroom_v40\mirror_geometry\ransac_inliers.png
[gt] blue_bathroom_v40            perp 5.19m planRMS 0.0000m  normal [-0.27, 0.118, -0.956]

생성 1, 건너뜀 0 (depth_gt/mask 없음 등)
[ds_v1_seed0/blue_bathroom_v40] feature 184x320  mirror_frac=0.1430366847826087  feat_left=True
rank  signal              AUC    pol  sep     mean_in     mean_out
  1  post_entropy       0.7255   -  0.4859    0.698012    1.027029
  2  feat_left_pc1      0.6776   -  0.3338    1.800964     2.86801
  3  post_conf          0.6496   +  0.3357    0.670762    0.571254
  4  feat_left_l2       0.6347   +  0.1906   17.361831   16.256644
  5  delta_argdisp       0.572   -  0.0992   37.028853   43.131337
  6  delta_conf         0.5675   +  0.1118    0.251556    0.194015
  7  pre_entropy        0.5616   -  0.1497    1.862961    2.098331
  8  delta_entropy      0.5509   -  0.0535   -1.164949   -1.071302
  9  pre_conf           0.5499   +  0.1004    0.419206    0.377239
 10  feat_left_pc2      0.5172   -   0.031    1.864838    1.965075
 11  feat_left_pc3      0.5015   -  0.0404    1.524562    1.638681
BEST: post_entropy (AUC=0.7255, polarity=-)
저장: D:\Users\dust\Documents\학교\2026년도1학기\컴퓨터비전\실습\FoundationStereo\experiments\ds_v1_seed0/blue_bathroom_v40\features\report.json / panels.png / mirror_signal.npy
[device] cuda
  [train] epoch 60/300  loss=0.5378
  [train] epoch 120/300  loss=0.3529
  [train] epoch 180/300  loss=0.2446
  [train] epoch 240/300  loss=0.1717
  [train] epoch 300/300  loss=0.1233

[VAL] scene=ds_v1_seed0/blue_bathroom_v40  (pixel 70/30 split)
  AUC      = 0.9949
  IoU@0.5  = 0.7812
  F1@0.5   = 0.8772
  accuracy = 0.9620  (prec=0.8016, rec=0.9685)
  tp=2396 fp=593 fn=78 tn=14597

[save] D:\Users\dust\Documents\학교\2026년도1학기\컴퓨터비전\실습\FoundationStereo\experiments\ds_v1_seed0/blue_bathroom_v40\submodel
  pred_mask.png, panel.png, metrics.json, head.pt
DONE: D:\Users\dust\Documents\학교\2026년도1학기\컴퓨터비전\실습\FoundationStereo\experiments\ds_v1_seed0/blue_bathroom_v40\submodel
[device] cuda
[load] D:\Users\dust\Documents\학교\2026년도1학기\컴퓨터비전\실습\FoundationStereo\experiments\_model\general_head.pt  (train_scenes=['archiviz_baseline080', 'bedroom_baseline080', 'blue_bathroom_baseline080', 'computer_room_baseline080', 'cozy_living_room_baseline080', 'flat-archiviz_baseline080', 'green_house_baseline080', 'gym_baseline080', 'livingroom_baseline080', 'minimal_interior_baseline080', 'scandinavian_baseline080', 'sunlight_baseline080'])

[APPLY] ds_v1_seed0/blue_bathroom_v40  (저장모델로 새 데이터 평가)
  AUC      = 0.9270
  IoU@0.5  = 0.3106
  F1@0.5   = 0.4740
  accuracy = 0.8940  (prec=0.8174, rec=0.3338)
  tp=2811 fp=628 fn=5611 tn=49830
[save] D:\Users\dust\Documents\학교\2026년도1학기\컴퓨터비전\실습\FoundationStereo\experiments\ds_v1_seed0/blue_bathroom_v40\submodel_applied  (pred_mask.png, panel.png, metrics.json)

============================================================
STEP: estimate_mirror_plane
============================================================

============================================================
STEP: viz_ransac_inliers
============================================================

============================================================
STEP: make_mirror_gt_from_depth
============================================================

============================================================
STEP: analyze_features
============================================================

============================================================
STEP: submodel_head
============================================================

============================================================
STEP: apply_submodel
============================================================

DONE: D:\Users\dust\Documents\학교\2026년도1학기\컴퓨터비전\실습\FoundationStereo\experiments\ds_v1_seed0/blue_bathroom_v40 (ok)

##### [107/122] ds_v1_seed0/blue_bathroom_v41  (done 24, fail 0, skip 82, elapsed 14m, ETA 9m) #####
[scene] ds_v1_seed0/blue_bathroom_v41  size=1280x720
[select] mirror 점 개수 = 92736  (mask=92736, valid&depth = 860989)
[conf] mirror 영역 평균 confidence = 0.7221

=== 평면 추정 결과 ===
  [PCA (closed form)]
      normal = [+0.8371, -0.3381, -0.4302]
      d = +1.4135   mirror_depth(perp) = 1.4135 m   view_z = 7.0830 m
      n_inliers = 92736/92736   rms_residual = 0.17864 m
  [RANSAC]
      normal = [+0.9042, +0.0446, -0.4248]
      d = +1.7327   mirror_depth(perp) = 1.7327 m   view_z = 7.0830 m
      n_inliers = 32570/92736   rms_residual = 0.03074 m
  [SVD robust (IRLS)]
      normal = [+0.8256, -0.3600, -0.4344]
      d = +1.4361   mirror_depth(perp) = 1.4361 m   view_z = 7.0830 m
      n_inliers = 30555/92736   rms_residual = 0.03921 m

[save] D:\Users\dust\Documents\학교\2026년도1학기\컴퓨터비전\실습\FoundationStereo\experiments\ds_v1_seed0/blue_bathroom_v41\mirror_geometry\result.json
[save] D:\Users\dust\Documents\학교\2026년도1학기\컴퓨터비전\실습\FoundationStereo\experiments\ds_v1_seed0/blue_bathroom_v41\mirror_geometry\plane.txt
[save] D:\Users\dust\Documents\학교\2026년도1학기\컴퓨터비전\실습\FoundationStereo\experiments\ds_v1_seed0/blue_bathroom_v41\mirror_geometry\viz.png

DONE: D:\Users\dust\Documents\학교\2026년도1학기\컴퓨터비전\실습\FoundationStereo\experiments\ds_v1_seed0/blue_bathroom_v41\mirror_geometry
[ds_v1_seed0/blue_bathroom_v41] 거울 점 92736개 중 inlier 32570 (35.1%) / outlier 60166
  normal=[ 0.904  0.045 -0.425] d=1.733  rms(inlier)=0.0307 m  thr≈0.069 m
[save] D:\Users\dust\Documents\학교\2026년도1학기\컴퓨터비전\실습\FoundationStereo\experiments\ds_v1_seed0/blue_bathroom_v41\mirror_geometry\ransac_inliers.png
[gt] blue_bathroom_v41            perp 5.14m planRMS 0.0025m  normal [-0.378, 0.239, -0.894]

생성 1, 건너뜀 0 (depth_gt/mask 없음 등)
[ds_v1_seed0/blue_bathroom_v41] feature 184x320  mirror_frac=0.10120584239130435  feat_left=True
rank  signal              AUC    pol  sep     mean_in     mean_out
  1  feat_left_pc1      0.6587   -  0.3028     1.80838    2.767931
  2  post_entropy       0.6449   -  0.2542    0.650559    0.745835
  3  feat_left_l2         0.64   +  0.2182   17.657042   16.477135
  4  post_conf          0.6252   +  0.2256    0.722299    0.666612
  5  delta_argdisp      0.5875   -  0.1203   31.902165   38.895183
  6  delta_conf         0.5558   +  0.1028    0.289947    0.240133
  7  feat_left_pc2      0.5535   +  0.1218    2.228818    1.845416
  8  delta_entropy      0.5138   -  0.0225   -1.126963   -1.093154
  9  pre_entropy        0.5133   -  0.0418    1.777523    1.838989
 10  pre_conf           0.5055   +  0.0141    0.432352    0.426478
 11  feat_left_pc3      0.5007   -  0.0335    1.497829    1.587462
BEST: feat_left_pc1 (AUC=0.6587, polarity=-)
저장: D:\Users\dust\Documents\학교\2026년도1학기\컴퓨터비전\실습\FoundationStereo\experiments\ds_v1_seed0/blue_bathroom_v41\features\report.json / panels.png / mirror_signal.npy
[device] cuda
  [train] epoch 60/300  loss=0.6033
  [train] epoch 120/300  loss=0.4141
  [train] epoch 180/300  loss=0.2976
  [train] epoch 240/300  loss=0.2123
  [train] epoch 300/300  loss=0.1532

[VAL] scene=ds_v1_seed0/blue_bathroom_v41  (pixel 70/30 split)
  AUC      = 0.9927
  IoU@0.5  = 0.6850
  F1@0.5   = 0.8130
  accuracy = 0.9545  (prec=0.6967, rec=0.9760)
  tp=1748 fp=761 fn=43 tn=15112

[save] D:\Users\dust\Documents\학교\2026년도1학기\컴퓨터비전\실습\FoundationStereo\experiments\ds_v1_seed0/blue_bathroom_v41\submodel
  pred_mask.png, panel.png, metrics.json, head.pt
DONE: D:\Users\dust\Documents\학교\2026년도1학기\컴퓨터비전\실습\FoundationStereo\experiments\ds_v1_seed0/blue_bathroom_v41\submodel
[device] cuda
[load] D:\Users\dust\Documents\학교\2026년도1학기\컴퓨터비전\실습\FoundationStereo\experiments\_model\general_head.pt  (train_scenes=['archiviz_baseline080', 'bedroom_baseline080', 'blue_bathroom_baseline080', 'computer_room_baseline080', 'cozy_living_room_baseline080', 'flat-archiviz_baseline080', 'green_house_baseline080', 'gym_baseline080', 'livingroom_baseline080', 'minimal_interior_baseline080', 'scandinavian_baseline080', 'sunlight_baseline080'])

[APPLY] ds_v1_seed0/blue_bathroom_v41  (저장모델로 새 데이터 평가)
  AUC      = 0.9837
  IoU@0.5  = 0.3542
  F1@0.5   = 0.5231
  accuracy = 0.9332  (prec=0.9407, rec=0.3623)
  tp=2159 fp=136 fn=3800 tn=52785
[save] D:\Users\dust\Documents\학교\2026년도1학기\컴퓨터비전\실습\FoundationStereo\experiments\ds_v1_seed0/blue_bathroom_v41\submodel_applied  (pred_mask.png, panel.png, metrics.json)

============================================================
STEP: estimate_mirror_plane
============================================================

============================================================
STEP: viz_ransac_inliers
============================================================

============================================================
STEP: make_mirror_gt_from_depth
============================================================

============================================================
STEP: analyze_features
============================================================

============================================================
STEP: submodel_head
============================================================

============================================================
STEP: apply_submodel
============================================================

DONE: D:\Users\dust\Documents\학교\2026년도1학기\컴퓨터비전\실습\FoundationStereo\experiments\ds_v1_seed0/blue_bathroom_v41 (ok)

##### [108/122] ds_v1_seed0/blue_bathroom_v42  (done 25, fail 0, skip 82, elapsed 14m, ETA 9m) #####
[scene] ds_v1_seed0/blue_bathroom_v42  size=1280x720
[select] mirror 점 개수 = 7273  (mask=7273, valid&depth = 856792)
[conf] mirror 영역 평균 confidence = 0.5950

=== 평면 추정 결과 ===
  [PCA (closed form)]
      normal = [+0.6655, +0.1024, -0.7394]
      d = +2.4288   mirror_depth(perp) = 2.4288 m   view_z = 4.7878 m
      n_inliers = 7273/7273   rms_residual = 0.00917 m
  [RANSAC]
      normal = [+0.4559, +0.1419, -0.8787]
      d = +3.4610   mirror_depth(perp) = 3.4610 m   view_z = 4.7878 m
      n_inliers = 6275/7273   rms_residual = 0.00605 m
  [SVD robust (IRLS)]
      normal = [+0.5799, +0.1200, -0.8058]
      d = +2.8960   mirror_depth(perp) = 2.8960 m   view_z = 4.7878 m
      n_inliers = 6325/7273   rms_residual = 0.00664 m

[save] D:\Users\dust\Documents\학교\2026년도1학기\컴퓨터비전\실습\FoundationStereo\experiments\ds_v1_seed0/blue_bathroom_v42\mirror_geometry\result.json
[save] D:\Users\dust\Documents\학교\2026년도1학기\컴퓨터비전\실습\FoundationStereo\experiments\ds_v1_seed0/blue_bathroom_v42\mirror_geometry\plane.txt
[save] D:\Users\dust\Documents\학교\2026년도1학기\컴퓨터비전\실습\FoundationStereo\experiments\ds_v1_seed0/blue_bathroom_v42\mirror_geometry\viz.png

DONE: D:\Users\dust\Documents\학교\2026년도1학기\컴퓨터비전\실습\FoundationStereo\experiments\ds_v1_seed0/blue_bathroom_v42\mirror_geometry
[ds_v1_seed0/blue_bathroom_v42] 거울 점 7273개 중 inlier 6275 (86.3%) / outlier 998
  normal=[ 0.456  0.142 -0.879] d=3.461  rms(inlier)=0.0061 m  thr≈0.013 m
[save] D:\Users\dust\Documents\학교\2026년도1학기\컴퓨터비전\실습\FoundationStereo\experiments\ds_v1_seed0/blue_bathroom_v42\mirror_geometry\ransac_inliers.png
[gt] blue_bathroom_v42            perp 4.68m planRMS 0.0000m  normal [-0.612, 0.163, -0.774]

생성 1, 건너뜀 0 (depth_gt/mask 없음 등)
[ds_v1_seed0/blue_bathroom_v42] feature 184x320  mirror_frac=0.007099184782608695  feat_left=True
rank  signal              AUC    pol  sep     mean_in     mean_out
  1  delta_entropy      0.7292   -  0.4284    -1.61324   -1.000511
  2  pre_entropy        0.7277   +  0.4067     2.37836    1.809556
  3  pre_conf           0.6888   -  0.3295     0.30585     0.42505
  4  feat_left_pc1      0.6486   -  0.3459    1.706505    2.720556
  5  feat_left_l2       0.6464   +  0.1978   17.407409   16.452918
  6  feat_left_pc3      0.6388   -  0.2869    1.105379    1.758646
  7  feat_left_pc2      0.6334   -  0.2468    1.189907    1.835376
  8  post_conf           0.623   -  0.2361    0.599458    0.643465
  9  delta_conf          0.597   +  0.1857    0.293608    0.218416
 10  delta_argdisp      0.5558   -  0.0781   32.258373    36.55643
 11  post_entropy       0.5341   -  0.1407     0.76512    0.809045
BEST: delta_entropy (AUC=0.7292, polarity=-)
저장: D:\Users\dust\Documents\학교\2026년도1학기\컴퓨터비전\실습\FoundationStereo\experiments\ds_v1_seed0/blue_bathroom_v42\features\report.json / panels.png / mirror_signal.npy
[device] cuda
  [train] epoch 60/300  loss=0.3457
  [train] epoch 120/300  loss=0.1369
  [train] epoch 180/300  loss=0.0772
  [train] epoch 240/300  loss=0.0505
  [train] epoch 300/300  loss=0.0359

[VAL] scene=ds_v1_seed0/blue_bathroom_v42  (pixel 70/30 split)
  AUC      = 0.9986
  IoU@0.5  = 0.4491
  F1@0.5   = 0.6199
  accuracy = 0.9911  (prec=0.4555, rec=0.9697)
  tp=128 fp=153 fn=4 tn=17379

[save] D:\Users\dust\Documents\학교\2026년도1학기\컴퓨터비전\실습\FoundationStereo\experiments\ds_v1_seed0/blue_bathroom_v42\submodel
  pred_mask.png, panel.png, metrics.json, head.pt
DONE: D:\Users\dust\Documents\학교\2026년도1학기\컴퓨터비전\실습\FoundationStereo\experiments\ds_v1_seed0/blue_bathroom_v42\submodel
[device] cuda
[load] D:\Users\dust\Documents\학교\2026년도1학기\컴퓨터비전\실습\FoundationStereo\experiments\_model\general_head.pt  (train_scenes=['archiviz_baseline080', 'bedroom_baseline080', 'blue_bathroom_baseline080', 'computer_room_baseline080', 'cozy_living_room_baseline080', 'flat-archiviz_baseline080', 'green_house_baseline080', 'gym_baseline080', 'livingroom_baseline080', 'minimal_interior_baseline080', 'scandinavian_baseline080', 'sunlight_baseline080'])

[APPLY] ds_v1_seed0/blue_bathroom_v42  (저장모델로 새 데이터 평가)
  AUC      = 0.9542
  IoU@0.5  = 0.0044
  F1@0.5   = 0.0087
  accuracy = 0.9923  (prec=0.0476, rec=0.0048)
  tp=2 fp=40 fn=416 tn=58422
[save] D:\Users\dust\Documents\학교\2026년도1학기\컴퓨터비전\실습\FoundationStereo\experiments\ds_v1_seed0/blue_bathroom_v42\submodel_applied  (pred_mask.png, panel.png, metrics.json)

============================================================
STEP: estimate_mirror_plane
============================================================

============================================================
STEP: viz_ransac_inliers
============================================================

============================================================
STEP: make_mirror_gt_from_depth
============================================================

============================================================
STEP: analyze_features
============================================================

============================================================
STEP: submodel_head
============================================================

============================================================
STEP: apply_submodel
============================================================

DONE: D:\Users\dust\Documents\학교\2026년도1학기\컴퓨터비전\실습\FoundationStereo\experiments\ds_v1_seed0/blue_bathroom_v42 (ok)

##### [109/122] ds_v1_seed0/blue_bathroom_v43  (done 26, fail 0, skip 82, elapsed 15m, ETA 8m) #####
[scene] ds_v1_seed0/blue_bathroom_v43  size=1280x720
[select] mirror 점 개수 = 139733  (mask=139733, valid&depth = 869806)
[conf] mirror 영역 평균 confidence = 0.6936

=== 평면 추정 결과 ===
  [PCA (closed form)]
      normal = [+0.9374, -0.1331, -0.3218]
      d = +1.4766   mirror_depth(perp) = 1.4766 m   view_z = 7.1952 m
      n_inliers = 139733/139733   rms_residual = 0.15802 m
  [RANSAC]
      normal = [+0.9424, +0.0349, -0.3326]
      d = +1.5965   mirror_depth(perp) = 1.5965 m   view_z = 7.1952 m
      n_inliers = 69555/139733   rms_residual = 0.02674 m
  [SVD robust (IRLS)]
      normal = [+0.9382, -0.1075, -0.3291]
      d = +1.5492   mirror_depth(perp) = 1.5492 m   view_z = 7.1952 m
      n_inliers = 50429/139733   rms_residual = 0.03656 m

[save] D:\Users\dust\Documents\학교\2026년도1학기\컴퓨터비전\실습\FoundationStereo\experiments\ds_v1_seed0/blue_bathroom_v43\mirror_geometry\result.json
[save] D:\Users\dust\Documents\학교\2026년도1학기\컴퓨터비전\실습\FoundationStereo\experiments\ds_v1_seed0/blue_bathroom_v43\mirror_geometry\plane.txt
[save] D:\Users\dust\Documents\학교\2026년도1학기\컴퓨터비전\실습\FoundationStereo\experiments\ds_v1_seed0/blue_bathroom_v43\mirror_geometry\viz.png

DONE: D:\Users\dust\Documents\학교\2026년도1학기\컴퓨터비전\실습\FoundationStereo\experiments\ds_v1_seed0/blue_bathroom_v43\mirror_geometry
[ds_v1_seed0/blue_bathroom_v43] 거울 점 139733개 중 inlier 69555 (49.8%) / outlier 70178
  normal=[ 0.942  0.035 -0.333] d=1.596  rms(inlier)=0.0267 m  thr≈0.067 m
[save] D:\Users\dust\Documents\학교\2026년도1학기\컴퓨터비전\실습\FoundationStereo\experiments\ds_v1_seed0/blue_bathroom_v43\mirror_geometry\ransac_inliers.png
[gt] blue_bathroom_v43            perp 4.98m planRMS 0.0086m  normal [-0.327, 0.056, -0.943]

생성 1, 건너뜀 0 (depth_gt/mask 없음 등)
[ds_v1_seed0/blue_bathroom_v43] feature 184x320  mirror_frac=0.1513756793478261  feat_left=True
rank  signal              AUC    pol  sep     mean_in     mean_out
  1  post_entropy       0.7517   -  0.4681     0.67576    0.868058
  2  feat_left_pc1      0.7136   -  0.4179    1.685919    2.964368
  3  feat_left_l2       0.6739   +  0.2523   17.660063    16.19015
  4  post_conf          0.6461   +  0.2811    0.693521    0.623452
  5  delta_argdisp      0.6122   -   0.168   32.922697   42.865771
  6  pre_entropy        0.5671   -  0.1646    1.728081    1.984844
  7  pre_conf           0.5593   +   0.112    0.441966    0.395095
  8  delta_conf         0.5286   +  0.0488    0.251555    0.228357
  9  feat_left_pc2      0.5145   -  0.0287    1.782101    1.877523
 10  feat_left_pc3      0.5072   +  0.0034    1.729094     1.73914
 11  delta_entropy      0.5006   +   0.041   -1.052321   -1.116787
BEST: post_entropy (AUC=0.7517, polarity=-)
저장: D:\Users\dust\Documents\학교\2026년도1학기\컴퓨터비전\실습\FoundationStereo\experiments\ds_v1_seed0/blue_bathroom_v43\features\report.json / panels.png / mirror_signal.npy
[device] cuda
  [train] epoch 60/300  loss=0.5082
  [train] epoch 120/300  loss=0.3261
  [train] epoch 180/300  loss=0.2249
  [train] epoch 240/300  loss=0.1577
  [train] epoch 300/300  loss=0.1135

[VAL] scene=ds_v1_seed0/blue_bathroom_v43  (pixel 70/30 split)
  AUC      = 0.9958
  IoU@0.5  = 0.8271
  F1@0.5   = 0.9054
  accuracy = 0.9697  (prec=0.8493, rec=0.9693)
  tp=2559 fp=454 fn=81 tn=14570

[save] D:\Users\dust\Documents\학교\2026년도1학기\컴퓨터비전\실습\FoundationStereo\experiments\ds_v1_seed0/blue_bathroom_v43\submodel
  pred_mask.png, panel.png, metrics.json, head.pt
DONE: D:\Users\dust\Documents\학교\2026년도1학기\컴퓨터비전\실습\FoundationStereo\experiments\ds_v1_seed0/blue_bathroom_v43\submodel
[device] cuda
[load] D:\Users\dust\Documents\학교\2026년도1학기\컴퓨터비전\실습\FoundationStereo\experiments\_model\general_head.pt  (train_scenes=['archiviz_baseline080', 'bedroom_baseline080', 'blue_bathroom_baseline080', 'computer_room_baseline080', 'cozy_living_room_baseline080', 'flat-archiviz_baseline080', 'green_house_baseline080', 'gym_baseline080', 'livingroom_baseline080', 'minimal_interior_baseline080', 'scandinavian_baseline080', 'sunlight_baseline080'])

[APPLY] ds_v1_seed0/blue_bathroom_v43  (저장모델로 새 데이터 평가)
  AUC      = 0.9510
  IoU@0.5  = 0.3072
  F1@0.5   = 0.4700
  accuracy = 0.8920  (prec=0.9129, rec=0.3165)
  tp=2821 fp=269 fn=6092 tn=49698
[save] D:\Users\dust\Documents\학교\2026년도1학기\컴퓨터비전\실습\FoundationStereo\experiments\ds_v1_seed0/blue_bathroom_v43\submodel_applied  (pred_mask.png, panel.png, metrics.json)

============================================================
STEP: estimate_mirror_plane
============================================================

============================================================
STEP: viz_ransac_inliers
============================================================

============================================================
STEP: make_mirror_gt_from_depth
============================================================

============================================================
STEP: analyze_features
============================================================

============================================================
STEP: submodel_head
============================================================

============================================================
STEP: apply_submodel
============================================================

DONE: D:\Users\dust\Documents\학교\2026년도1학기\컴퓨터비전\실습\FoundationStereo\experiments\ds_v1_seed0/blue_bathroom_v43 (ok)

##### [110/122] ds_v1_seed0/blue_bathroom_v44  (done 27, fail 0, skip 82, elapsed 15m, ETA 7m) #####
[scene] ds_v1_seed0/blue_bathroom_v44  size=1280x720
[select] mirror 점 개수 = 103295  (mask=103295, valid&depth = 871702)
[conf] mirror 영역 평균 confidence = 0.6826

=== 평면 추정 결과 ===
  [PCA (closed form)]
      normal = [+0.9361, -0.0919, -0.3395]
      d = +1.5809   mirror_depth(perp) = 1.5809 m   view_z = 6.9172 m
      n_inliers = 103295/103295   rms_residual = 0.12396 m
  [RANSAC]
      normal = [+0.9287, +0.0027, -0.3709]
      d = +1.7833   mirror_depth(perp) = 1.7833 m   view_z = 6.9172 m
      n_inliers = 63386/103295   rms_residual = 0.02201 m
  [SVD robust (IRLS)]
      normal = [+0.9335, -0.0383, -0.3566]
      d = +1.6988   mirror_depth(perp) = 1.6988 m   view_z = 6.9172 m
      n_inliers = 63420/103295   rms_residual = 0.02977 m

[save] D:\Users\dust\Documents\학교\2026년도1학기\컴퓨터비전\실습\FoundationStereo\experiments\ds_v1_seed0/blue_bathroom_v44\mirror_geometry\result.json
[save] D:\Users\dust\Documents\학교\2026년도1학기\컴퓨터비전\실습\FoundationStereo\experiments\ds_v1_seed0/blue_bathroom_v44\mirror_geometry\plane.txt
[save] D:\Users\dust\Documents\학교\2026년도1학기\컴퓨터비전\실습\FoundationStereo\experiments\ds_v1_seed0/blue_bathroom_v44\mirror_geometry\viz.png

DONE: D:\Users\dust\Documents\학교\2026년도1학기\컴퓨터비전\실습\FoundationStereo\experiments\ds_v1_seed0/blue_bathroom_v44\mirror_geometry
[ds_v1_seed0/blue_bathroom_v44] 거울 점 103295개 중 inlier 63386 (61.4%) / outlier 39909
  normal=[ 0.929  0.003 -0.371] d=1.783  rms(inlier)=0.0220 m  thr≈0.056 m
[save] D:\Users\dust\Documents\학교\2026년도1학기\컴퓨터비전\실습\FoundationStereo\experiments\ds_v1_seed0/blue_bathroom_v44\mirror_geometry\ransac_inliers.png
[gt] blue_bathroom_v44            perp 4.78m planRMS 0.0000m  normal [-0.36, -0.013, -0.933]

생성 1, 건너뜀 0 (depth_gt/mask 없음 등)
[ds_v1_seed0/blue_bathroom_v44] feature 184x320  mirror_frac=0.11222826086956522  feat_left=True
rank  signal              AUC    pol  sep     mean_in     mean_out
  1  post_entropy       0.7708   -  0.5345    0.731615    1.035456
  2  post_conf          0.7386   +  0.4771    0.681229    0.556004
  3  feat_left_pc1      0.7152   -  0.3529    1.986646     3.19787
  4  feat_left_l2        0.709   +  0.3283   18.161098   16.188418
  5  delta_argdisp      0.6577   -  0.2533   29.526786   44.213977
  6  delta_conf         0.6099   +  0.2038    0.241719    0.141348
  7  delta_entropy      0.5652   -  0.0885   -1.004886   -0.858125
  8  feat_left_pc3       0.559   +  0.0738    1.793831    1.576817
  9  pre_entropy         0.532   -  0.1025    1.736501     1.89358
 10  pre_conf            0.528   +  0.0601     0.43951    0.414655
 11  feat_left_pc2       0.526   +  0.0743    2.137261    1.878512
BEST: post_entropy (AUC=0.7708, polarity=-)
저장: D:\Users\dust\Documents\학교\2026년도1학기\컴퓨터비전\실습\FoundationStereo\experiments\ds_v1_seed0/blue_bathroom_v44\features\report.json / panels.png / mirror_signal.npy
[device] cuda
  [train] epoch 60/300  loss=0.5060
  [train] epoch 120/300  loss=0.3253
  [train] epoch 180/300  loss=0.2306
  [train] epoch 240/300  loss=0.1672
  [train] epoch 300/300  loss=0.1246

[VAL] scene=ds_v1_seed0/blue_bathroom_v44  (pixel 70/30 split)
  AUC      = 0.9945
  IoU@0.5  = 0.7505
  F1@0.5   = 0.8575
  accuracy = 0.9644  (prec=0.7751, rec=0.9594)
  tp=1892 fp=549 fn=80 tn=15143

[save] D:\Users\dust\Documents\학교\2026년도1학기\컴퓨터비전\실습\FoundationStereo\experiments\ds_v1_seed0/blue_bathroom_v44\submodel
  pred_mask.png, panel.png, metrics.json, head.pt
DONE: D:\Users\dust\Documents\학교\2026년도1학기\컴퓨터비전\실습\FoundationStereo\experiments\ds_v1_seed0/blue_bathroom_v44\submodel
[device] cuda
[load] D:\Users\dust\Documents\학교\2026년도1학기\컴퓨터비전\실습\FoundationStereo\experiments\_model\general_head.pt  (train_scenes=['archiviz_baseline080', 'bedroom_baseline080', 'blue_bathroom_baseline080', 'computer_room_baseline080', 'cozy_living_room_baseline080', 'flat-archiviz_baseline080', 'green_house_baseline080', 'gym_baseline080', 'livingroom_baseline080', 'minimal_interior_baseline080', 'scandinavian_baseline080', 'sunlight_baseline080'])

[APPLY] ds_v1_seed0/blue_bathroom_v44  (저장모델로 새 데이터 평가)
  AUC      = 0.9158
  IoU@0.5  = 0.2970
  F1@0.5   = 0.4579
  accuracy = 0.9099  (prec=0.7041, rec=0.3393)
  tp=2242 fp=942 fn=4366 tn=51330
[save] D:\Users\dust\Documents\학교\2026년도1학기\컴퓨터비전\실습\FoundationStereo\experiments\ds_v1_seed0/blue_bathroom_v44\submodel_applied  (pred_mask.png, panel.png, metrics.json)

============================================================
STEP: estimate_mirror_plane
============================================================

============================================================
STEP: viz_ransac_inliers
============================================================

============================================================
STEP: make_mirror_gt_from_depth
============================================================

============================================================
STEP: analyze_features
============================================================

============================================================
STEP: submodel_head
============================================================

============================================================
STEP: apply_submodel
============================================================

DONE: D:\Users\dust\Documents\학교\2026년도1학기\컴퓨터비전\실습\FoundationStereo\experiments\ds_v1_seed0/blue_bathroom_v44 (ok)

##### [111/122] ds_v1_seed0/blue_bathroom_v45  (done 28, fail 0, skip 82, elapsed 16m, ETA 7m) #####
[scene] ds_v1_seed0/blue_bathroom_v45  size=1280x720
[select] mirror 점 개수 = 54288  (mask=54288, valid&depth = 864204)
[conf] mirror 영역 평균 confidence = 0.3393

=== 평면 추정 결과 ===
  [PCA (closed form)]
      normal = [+0.8834, -0.1079, -0.4561]
      d = +0.9884   mirror_depth(perp) = 0.9884 m   view_z = 5.8138 m
      n_inliers = 54288/54288   rms_residual = 0.15544 m
  [RANSAC]
      normal = [+0.8289, +0.1577, -0.5368]
      d = +1.8852   mirror_depth(perp) = 1.8852 m   view_z = 5.8138 m
      n_inliers = 25051/54288   rms_residual = 0.01121 m
  [SVD robust (IRLS)]
      normal = [+0.8338, -0.2034, -0.5132]
      d = +1.3633   mirror_depth(perp) = 1.3633 m   view_z = 5.8138 m
      n_inliers = 10968/54288   rms_residual = 0.02060 m

[save] D:\Users\dust\Documents\학교\2026년도1학기\컴퓨터비전\실습\FoundationStereo\experiments\ds_v1_seed0/blue_bathroom_v45\mirror_geometry\result.json
[save] D:\Users\dust\Documents\학교\2026년도1학기\컴퓨터비전\실습\FoundationStereo\experiments\ds_v1_seed0/blue_bathroom_v45\mirror_geometry\plane.txt
[save] D:\Users\dust\Documents\학교\2026년도1학기\컴퓨터비전\실습\FoundationStereo\experiments\ds_v1_seed0/blue_bathroom_v45\mirror_geometry\viz.png

DONE: D:\Users\dust\Documents\학교\2026년도1학기\컴퓨터비전\실습\FoundationStereo\experiments\ds_v1_seed0/blue_bathroom_v45\mirror_geometry
[ds_v1_seed0/blue_bathroom_v45] 거울 점 54288개 중 inlier 25051 (46.1%) / outlier 29237
  normal=[ 0.829  0.158 -0.537] d=1.885  rms(inlier)=0.0112 m  thr≈0.038 m
[save] D:\Users\dust\Documents\학교\2026년도1학기\컴퓨터비전\실습\FoundationStereo\experiments\ds_v1_seed0/blue_bathroom_v45\mirror_geometry\ransac_inliers.png
[gt] blue_bathroom_v45            perp 5.14m planRMS 0.0000m  normal [-0.522, 0.24, -0.818]

생성 1, 건너뜀 0 (depth_gt/mask 없음 등)
[ds_v1_seed0/blue_bathroom_v45] feature 184x320  mirror_frac=0.05872961956521739  feat_left=True
rank  signal              AUC    pol  sep     mean_in     mean_out
  1  post_entropy       0.8861   +  0.7748    1.625122     1.01261
  2  post_conf          0.8837   -  1.0088    0.339475    0.576584
  3  delta_conf         0.8002   -  0.5938     -0.1377    0.156824
  4  delta_entropy      0.7897   +  0.5517    0.080576   -0.832966
  5  delta_argdisp      0.7659   +  0.4322   71.303065   45.817527
  6  feat_left_pc1      0.6663   -  0.3093     1.79796    2.825439
  7  feat_left_l2       0.6327   +  0.2058   17.613747   16.475129
  8  pre_entropy        0.6143   -  0.2072    1.544546    1.845576
  9  pre_conf           0.5769   +  0.1376    0.477175     0.41976
 10  feat_left_pc3      0.5068   -  0.0535     1.48444    1.625012
 11  feat_left_pc2      0.5034   +  0.0352    2.066406    1.955026
BEST: post_entropy (AUC=0.8861, polarity=+)
저장: D:\Users\dust\Documents\학교\2026년도1학기\컴퓨터비전\실습\FoundationStereo\experiments\ds_v1_seed0/blue_bathroom_v45\features\report.json / panels.png / mirror_signal.npy
[device] cuda
  [train] epoch 60/300  loss=0.4594
  [train] epoch 120/300  loss=0.2910
  [train] epoch 180/300  loss=0.2107
  [train] epoch 240/300  loss=0.1552
  [train] epoch 300/300  loss=0.1165

[VAL] scene=ds_v1_seed0/blue_bathroom_v45  (pixel 70/30 split)
  AUC      = 0.9937
  IoU@0.5  = 0.5896
  F1@0.5   = 0.7418
  accuracy = 0.9616  (prec=0.5950, rec=0.9848)
  tp=974 fp=663 fn=15 tn=16012

[save] D:\Users\dust\Documents\학교\2026년도1학기\컴퓨터비전\실습\FoundationStereo\experiments\ds_v1_seed0/blue_bathroom_v45\submodel
  pred_mask.png, panel.png, metrics.json, head.pt
DONE: D:\Users\dust\Documents\학교\2026년도1학기\컴퓨터비전\실습\FoundationStereo\experiments\ds_v1_seed0/blue_bathroom_v45\submodel
[device] cuda
[load] D:\Users\dust\Documents\학교\2026년도1학기\컴퓨터비전\실습\FoundationStereo\experiments\_model\general_head.pt  (train_scenes=['archiviz_baseline080', 'bedroom_baseline080', 'blue_bathroom_baseline080', 'computer_room_baseline080', 'cozy_living_room_baseline080', 'flat-archiviz_baseline080', 'green_house_baseline080', 'gym_baseline080', 'livingroom_baseline080', 'minimal_interior_baseline080', 'scandinavian_baseline080', 'sunlight_baseline080'])

[APPLY] ds_v1_seed0/blue_bathroom_v45  (저장모델로 새 데이터 평가)
  AUC      = 0.9823
  IoU@0.5  = 0.5611
  F1@0.5   = 0.7188
  accuracy = 0.9622  (prec=0.6386, rec=0.8222)
  tp=2843 fp=1609 fn=615 tn=53813
[save] D:\Users\dust\Documents\학교\2026년도1학기\컴퓨터비전\실습\FoundationStereo\experiments\ds_v1_seed0/blue_bathroom_v45\submodel_applied  (pred_mask.png, panel.png, metrics.json)

============================================================
STEP: estimate_mirror_plane
============================================================

============================================================
STEP: viz_ransac_inliers
============================================================

============================================================
STEP: make_mirror_gt_from_depth
============================================================

============================================================
STEP: analyze_features
============================================================

============================================================
STEP: submodel_head
============================================================

============================================================
STEP: apply_submodel
============================================================

DONE: D:\Users\dust\Documents\학교\2026년도1학기\컴퓨터비전\실습\FoundationStereo\experiments\ds_v1_seed0/blue_bathroom_v45 (ok)

##### [112/122] ds_v1_seed0/blue_bathroom_v46  (done 29, fail 0, skip 82, elapsed 16m, ETA 6m) #####
[scene] ds_v1_seed0/blue_bathroom_v46  size=1280x720
[select] mirror 점 개수 = 152075  (mask=152075, valid&depth = 855340)
[conf] mirror 영역 평균 confidence = 0.7140

=== 평면 추정 결과 ===
  [PCA (closed form)]
      normal = [+0.8940, -0.1513, -0.4218]
      d = +1.3304   mirror_depth(perp) = 1.3304 m   view_z = 7.4253 m
      n_inliers = 152075/152075   rms_residual = 0.19220 m
  [RANSAC]
      normal = [+0.9114, +0.0410, -0.4094]
      d = +1.4183   mirror_depth(perp) = 1.4183 m   view_z = 7.4253 m
      n_inliers = 62025/152075   rms_residual = 0.03595 m
  [SVD robust (IRLS)]
      normal = [+0.8858, -0.1738, -0.4302]
      d = +1.4061   mirror_depth(perp) = 1.4061 m   view_z = 7.4253 m
      n_inliers = 50886/152075   rms_residual = 0.04607 m

[save] D:\Users\dust\Documents\학교\2026년도1학기\컴퓨터비전\실습\FoundationStereo\experiments\ds_v1_seed0/blue_bathroom_v46\mirror_geometry\result.json
[save] D:\Users\dust\Documents\학교\2026년도1학기\컴퓨터비전\실습\FoundationStereo\experiments\ds_v1_seed0/blue_bathroom_v46\mirror_geometry\plane.txt
[save] D:\Users\dust\Documents\학교\2026년도1학기\컴퓨터비전\실습\FoundationStereo\experiments\ds_v1_seed0/blue_bathroom_v46\mirror_geometry\viz.png

DONE: D:\Users\dust\Documents\학교\2026년도1학기\컴퓨터비전\실습\FoundationStereo\experiments\ds_v1_seed0/blue_bathroom_v46\mirror_geometry
[ds_v1_seed0/blue_bathroom_v46] 거울 점 152075개 중 inlier 62025 (40.8%) / outlier 90050
  normal=[ 0.911  0.041 -0.409] d=1.418  rms(inlier)=0.0360 m  thr≈0.083 m
[save] D:\Users\dust\Documents\학교\2026년도1학기\컴퓨터비전\실습\FoundationStereo\experiments\ds_v1_seed0/blue_bathroom_v46\mirror_geometry\ransac_inliers.png
[gt] blue_bathroom_v46            perp 5.06m planRMS 0.0000m  normal [-0.393, 0.128, -0.911]

생성 1, 건너뜀 0 (depth_gt/mask 없음 등)
[ds_v1_seed0/blue_bathroom_v46] feature 184x320  mirror_frac=0.1650305706521739  feat_left=True
rank  signal              AUC    pol  sep     mean_in     mean_out
  1  post_entropy       0.7202   -  0.3693    0.653069    0.814939
  2  post_conf           0.663   +  0.3037     0.71489    0.637623
  3  feat_left_pc1       0.636   -  0.2674    1.858739    2.737874
  4  feat_left_l2       0.6121   +  0.1688   17.299003   16.389741
  5  delta_conf         0.5957   +  0.1698    0.288826    0.205953
  6  delta_argdisp      0.5927   -  0.1231   32.560358   39.767956
  7  delta_entropy      0.5731   -  0.1166    -1.16508   -0.988857
  8  pre_entropy        0.5265   +  0.0098    1.818149    1.803797
  9  feat_left_pc3      0.5209   -  0.0785    1.483679    1.704723
 10  pre_conf           0.5179   -  0.0135    0.426064    0.431671
 11  feat_left_pc2      0.5051   +  0.0471    2.028231    1.880423
BEST: post_entropy (AUC=0.7202, polarity=-)
저장: D:\Users\dust\Documents\학교\2026년도1학기\컴퓨터비전\실습\FoundationStereo\experiments\ds_v1_seed0/blue_bathroom_v46\features\report.json / panels.png / mirror_signal.npy
[device] cuda
  [train] epoch 60/300  loss=0.5480
  [train] epoch 120/300  loss=0.3886
  [train] epoch 180/300  loss=0.2905
  [train] epoch 240/300  loss=0.2148
  [train] epoch 300/300  loss=0.1592

[VAL] scene=ds_v1_seed0/blue_bathroom_v46  (pixel 70/30 split)
  AUC      = 0.9919
  IoU@0.5  = 0.7655
  F1@0.5   = 0.8672
  accuracy = 0.9510  (prec=0.7866, rec=0.9662)
  tp=2827 fp=767 fn=99 tn=13971

[save] D:\Users\dust\Documents\학교\2026년도1학기\컴퓨터비전\실습\FoundationStereo\experiments\ds_v1_seed0/blue_bathroom_v46\submodel
  pred_mask.png, panel.png, metrics.json, head.pt
DONE: D:\Users\dust\Documents\학교\2026년도1학기\컴퓨터비전\실습\FoundationStereo\experiments\ds_v1_seed0/blue_bathroom_v46\submodel
[device] cuda
[load] D:\Users\dust\Documents\학교\2026년도1학기\컴퓨터비전\실습\FoundationStereo\experiments\_model\general_head.pt  (train_scenes=['archiviz_baseline080', 'bedroom_baseline080', 'blue_bathroom_baseline080', 'computer_room_baseline080', 'cozy_living_room_baseline080', 'flat-archiviz_baseline080', 'green_house_baseline080', 'gym_baseline080', 'livingroom_baseline080', 'minimal_interior_baseline080', 'scandinavian_baseline080', 'sunlight_baseline080'])

[APPLY] ds_v1_seed0/blue_bathroom_v46  (저장모델로 새 데이터 평가)
  AUC      = 0.9834
  IoU@0.5  = 0.4436
  F1@0.5   = 0.6146
  accuracy = 0.9069  (prec=0.9694, rec=0.4499)
  tp=4372 fp=138 fn=5345 tn=49025
[save] D:\Users\dust\Documents\학교\2026년도1학기\컴퓨터비전\실습\FoundationStereo\experiments\ds_v1_seed0/blue_bathroom_v46\submodel_applied  (pred_mask.png, panel.png, metrics.json)

============================================================
STEP: estimate_mirror_plane
============================================================

============================================================
STEP: viz_ransac_inliers
============================================================

============================================================
STEP: make_mirror_gt_from_depth
============================================================

============================================================
STEP: analyze_features
============================================================

============================================================
STEP: submodel_head
============================================================

============================================================
STEP: apply_submodel
============================================================

DONE: D:\Users\dust\Documents\학교\2026년도1학기\컴퓨터비전\실습\FoundationStereo\experiments\ds_v1_seed0/blue_bathroom_v46 (ok)

##### [113/122] ds_v1_seed0/blue_bathroom_v47  (done 30, fail 0, skip 82, elapsed 17m, ETA 6m) #####
[scene] ds_v1_seed0/blue_bathroom_v47  size=1280x720
[select] mirror 점 개수 = 104904  (mask=104904, valid&depth = 869390)
[conf] mirror 영역 평균 confidence = 0.6814

=== 평면 추정 결과 ===
  [PCA (closed form)]
      normal = [+0.9403, -0.1065, -0.3232]
      d = +1.3863   mirror_depth(perp) = 1.3863 m   view_z = 7.4163 m
      n_inliers = 104904/104904   rms_residual = 0.13618 m
  [RANSAC]
      normal = [+0.9317, +0.0071, -0.3631]
      d = +1.6454   mirror_depth(perp) = 1.6454 m   view_z = 7.4163 m
      n_inliers = 57182/104904   rms_residual = 0.02188 m
  [SVD robust (IRLS)]
      normal = [+0.9383, -0.0527, -0.3418]
      d = +1.5180   mirror_depth(perp) = 1.5180 m   view_z = 7.4163 m
      n_inliers = 55724/104904   rms_residual = 0.03619 m

[save] D:\Users\dust\Documents\학교\2026년도1학기\컴퓨터비전\실습\FoundationStereo\experiments\ds_v1_seed0/blue_bathroom_v47\mirror_geometry\result.json
[save] D:\Users\dust\Documents\학교\2026년도1학기\컴퓨터비전\실습\FoundationStereo\experiments\ds_v1_seed0/blue_bathroom_v47\mirror_geometry\plane.txt
[save] D:\Users\dust\Documents\학교\2026년도1학기\컴퓨터비전\실습\FoundationStereo\experiments\ds_v1_seed0/blue_bathroom_v47\mirror_geometry\viz.png

DONE: D:\Users\dust\Documents\학교\2026년도1학기\컴퓨터비전\실습\FoundationStereo\experiments\ds_v1_seed0/blue_bathroom_v47\mirror_geometry
[ds_v1_seed0/blue_bathroom_v47] 거울 점 104904개 중 inlier 57182 (54.5%) / outlier 47722
  normal=[ 0.932  0.007 -0.363] d=1.645  rms(inlier)=0.0219 m  thr≈0.059 m
[save] D:\Users\dust\Documents\학교\2026년도1학기\컴퓨터비전\실습\FoundationStereo\experiments\ds_v1_seed0/blue_bathroom_v47\mirror_geometry\ransac_inliers.png
[gt] blue_bathroom_v47            perp 4.96m planRMS 0.0000m  normal [-0.357, -0.018, -0.934]

생성 1, 건너뜀 0 (depth_gt/mask 없음 등)
[ds_v1_seed0/blue_bathroom_v47] feature 184x320  mirror_frac=0.11411345108695652  feat_left=True
rank  signal              AUC    pol  sep     mean_in     mean_out
  1  post_entropy       0.7531   -  0.4693    0.710575    0.939595
  2  feat_left_pc1      0.7166   -  0.3705    1.810623    3.036809
  3  feat_left_l2       0.6777   +  0.2712   17.822021   16.218306
  4  post_conf          0.6761   +  0.3341    0.680963     0.59579
  5  delta_argdisp       0.633   -  0.2016   31.690579   43.628918
  6  delta_conf         0.5637   +  0.1057    0.237347     0.18536
  7  delta_entropy      0.5409   -  0.0347   -1.039791   -0.983008
  8  feat_left_pc3      0.5408   +  0.0556    1.830349    1.669196
  9  pre_conf           0.5354   +  0.0778    0.443616     0.41043
 10  pre_entropy        0.5324   -  0.1085    1.750366    1.922602
 11  feat_left_pc2       0.505   +  0.0148    1.897455    1.847308
BEST: post_entropy (AUC=0.7531, polarity=-)
저장: D:\Users\dust\Documents\학교\2026년도1학기\컴퓨터비전\실습\FoundationStereo\experiments\ds_v1_seed0/blue_bathroom_v47\features\report.json / panels.png / mirror_signal.npy
[device] cuda
  [train] epoch 60/300  loss=0.5176
  [train] epoch 120/300  loss=0.3202
  [train] epoch 180/300  loss=0.2154
  [train] epoch 240/300  loss=0.1492
  [train] epoch 300/300  loss=0.1064

[VAL] scene=ds_v1_seed0/blue_bathroom_v47  (pixel 70/30 split)
  AUC      = 0.9967
  IoU@0.5  = 0.8025
  F1@0.5   = 0.8904
  accuracy = 0.9729  (prec=0.8211, rec=0.9725)
  tp=1942 fp=423 fn=55 tn=15244

[save] D:\Users\dust\Documents\학교\2026년도1학기\컴퓨터비전\실습\FoundationStereo\experiments\ds_v1_seed0/blue_bathroom_v47\submodel
  pred_mask.png, panel.png, metrics.json, head.pt
DONE: D:\Users\dust\Documents\학교\2026년도1학기\컴퓨터비전\실습\FoundationStereo\experiments\ds_v1_seed0/blue_bathroom_v47\submodel
[device] cuda
[load] D:\Users\dust\Documents\학교\2026년도1학기\컴퓨터비전\실습\FoundationStereo\experiments\_model\general_head.pt  (train_scenes=['archiviz_baseline080', 'bedroom_baseline080', 'blue_bathroom_baseline080', 'computer_room_baseline080', 'cozy_living_room_baseline080', 'flat-archiviz_baseline080', 'green_house_baseline080', 'gym_baseline080', 'livingroom_baseline080', 'minimal_interior_baseline080', 'scandinavian_baseline080', 'sunlight_baseline080'])

[APPLY] ds_v1_seed0/blue_bathroom_v47  (저장모델로 새 데이터 평가)
  AUC      = 0.9494
  IoU@0.5  = 0.3816
  F1@0.5   = 0.5524
  accuracy = 0.9261  (prec=0.8944, rec=0.3996)
  tp=2685 fp=317 fn=4034 tn=51844
[save] D:\Users\dust\Documents\학교\2026년도1학기\컴퓨터비전\실습\FoundationStereo\experiments\ds_v1_seed0/blue_bathroom_v47\submodel_applied  (pred_mask.png, panel.png, metrics.json)

============================================================
STEP: estimate_mirror_plane
============================================================

============================================================
STEP: viz_ransac_inliers
============================================================

============================================================
STEP: make_mirror_gt_from_depth
============================================================

============================================================
STEP: analyze_features
============================================================

============================================================
STEP: submodel_head
============================================================

============================================================
STEP: apply_submodel
============================================================

DONE: D:\Users\dust\Documents\학교\2026년도1학기\컴퓨터비전\실습\FoundationStereo\experiments\ds_v1_seed0/blue_bathroom_v47 (ok)

##### [114/122] ds_v1_seed0/blue_bathroom_v48  (done 31, fail 0, skip 82, elapsed 17m, ETA 5m) #####
[scene] ds_v1_seed0/blue_bathroom_v48  size=1280x720
[select] mirror 점 개수 = 99344  (mask=99344, valid&depth = 865786)
[conf] mirror 영역 평균 confidence = 0.7180

=== 평면 추정 결과 ===
  [PCA (closed form)]
      normal = [+0.8602, -0.3158, -0.4005]
      d = +1.4670   mirror_depth(perp) = 1.4670 m   view_z = 6.9935 m
      n_inliers = 99344/99344   rms_residual = 0.17490 m
  [RANSAC]
      normal = [+0.9138, +0.0436, -0.4039]
      d = +1.8353   mirror_depth(perp) = 1.8353 m   view_z = 6.9935 m
      n_inliers = 38967/99344   rms_residual = 0.03033 m
  [SVD robust (IRLS)]
      normal = [+0.8518, -0.3338, -0.4038]
      d = +1.4761   mirror_depth(perp) = 1.4761 m   view_z = 6.9935 m
      n_inliers = 31698/99344   rms_residual = 0.03859 m

[save] D:\Users\dust\Documents\학교\2026년도1학기\컴퓨터비전\실습\FoundationStereo\experiments\ds_v1_seed0/blue_bathroom_v48\mirror_geometry\result.json
[save] D:\Users\dust\Documents\학교\2026년도1학기\컴퓨터비전\실습\FoundationStereo\experiments\ds_v1_seed0/blue_bathroom_v48\mirror_geometry\plane.txt
[save] D:\Users\dust\Documents\학교\2026년도1학기\컴퓨터비전\실습\FoundationStereo\experiments\ds_v1_seed0/blue_bathroom_v48\mirror_geometry\viz.png

DONE: D:\Users\dust\Documents\학교\2026년도1학기\컴퓨터비전\실습\FoundationStereo\experiments\ds_v1_seed0/blue_bathroom_v48\mirror_geometry
[ds_v1_seed0/blue_bathroom_v48] 거울 점 99344개 중 inlier 38967 (39.2%) / outlier 60377
  normal=[ 0.914  0.044 -0.404] d=1.835  rms(inlier)=0.0303 m  thr≈0.068 m
[save] D:\Users\dust\Documents\학교\2026년도1학기\컴퓨터비전\실습\FoundationStereo\experiments\ds_v1_seed0/blue_bathroom_v48\mirror_geometry\ransac_inliers.png
[gt] blue_bathroom_v48            perp 5.03m planRMS 0.0000m  normal [-0.353, 0.251, -0.902]

생성 1, 건너뜀 0 (depth_gt/mask 없음 등)
[ds_v1_seed0/blue_bathroom_v48] feature 184x320  mirror_frac=0.10837296195652174  feat_left=True
rank  signal              AUC    pol  sep     mean_in     mean_out
  1  feat_left_pc1      0.6558   -  0.3081    1.700361    2.629588
  2  delta_argdisp      0.6304   -  0.2033   28.381288   40.135222
  3  feat_left_l2       0.6298   +  0.1901   17.406926   16.362459
  4  post_entropy       0.6245   -  0.2198    0.639867    0.711829
  5  pre_entropy        0.5811   -  0.1727    1.701776    1.965403
  6  post_conf           0.579   +  0.1409    0.718338    0.684326
  7  pre_conf           0.5693   +  0.1342    0.456731    0.400554
  8  delta_entropy      0.5564   +  0.1247   -1.061909   -1.253574
  9  delta_conf         0.5226   -  0.0471    0.261606    0.283772
 10  feat_left_pc3      0.5117   -  0.0608    1.444361    1.611649
 11  feat_left_pc2      0.5083   +  0.0268    1.944858    1.859195
BEST: feat_left_pc1 (AUC=0.6558, polarity=-)
저장: D:\Users\dust\Documents\학교\2026년도1학기\컴퓨터비전\실습\FoundationStereo\experiments\ds_v1_seed0/blue_bathroom_v48\features\report.json / panels.png / mirror_signal.npy
[device] cuda
  [train] epoch 60/300  loss=0.6027
  [train] epoch 120/300  loss=0.4137
  [train] epoch 180/300  loss=0.2928
  [train] epoch 240/300  loss=0.2035
  [train] epoch 300/300  loss=0.1436

[VAL] scene=ds_v1_seed0/blue_bathroom_v48  (pixel 70/30 split)
  AUC      = 0.9934
  IoU@0.5  = 0.7294
  F1@0.5   = 0.8435
  accuracy = 0.9608  (prec=0.7487, rec=0.9658)
  tp=1865 fp=626 fn=66 tn=15107

[save] D:\Users\dust\Documents\학교\2026년도1학기\컴퓨터비전\실습\FoundationStereo\experiments\ds_v1_seed0/blue_bathroom_v48\submodel
  pred_mask.png, panel.png, metrics.json, head.pt
DONE: D:\Users\dust\Documents\학교\2026년도1학기\컴퓨터비전\실습\FoundationStereo\experiments\ds_v1_seed0/blue_bathroom_v48\submodel
[device] cuda
[load] D:\Users\dust\Documents\학교\2026년도1학기\컴퓨터비전\실습\FoundationStereo\experiments\_model\general_head.pt  (train_scenes=['archiviz_baseline080', 'bedroom_baseline080', 'blue_bathroom_baseline080', 'computer_room_baseline080', 'cozy_living_room_baseline080', 'flat-archiviz_baseline080', 'green_house_baseline080', 'gym_baseline080', 'livingroom_baseline080', 'minimal_interior_baseline080', 'scandinavian_baseline080', 'sunlight_baseline080'])

[APPLY] ds_v1_seed0/blue_bathroom_v48  (저장모델로 새 데이터 평가)
  AUC      = 0.9750
  IoU@0.5  = 0.2757
  F1@0.5   = 0.4322
  accuracy = 0.9205  (prec=0.9575, rec=0.2791)
  tp=1781 fp=79 fn=4600 tn=52420
[save] D:\Users\dust\Documents\학교\2026년도1학기\컴퓨터비전\실습\FoundationStereo\experiments\ds_v1_seed0/blue_bathroom_v48\submodel_applied  (pred_mask.png, panel.png, metrics.json)

============================================================
STEP: estimate_mirror_plane
============================================================

============================================================
STEP: viz_ransac_inliers
============================================================

============================================================
STEP: make_mirror_gt_from_depth
============================================================

============================================================
STEP: analyze_features
============================================================

============================================================
STEP: submodel_head
============================================================

============================================================
STEP: apply_submodel
============================================================

DONE: D:\Users\dust\Documents\학교\2026년도1학기\컴퓨터비전\실습\FoundationStereo\experiments\ds_v1_seed0/blue_bathroom_v48 (ok)

##### [115/122] ds_v1_seed0/blue_bathroom_v49  (done 32, fail 0, skip 82, elapsed 18m, ETA 4m) #####
[scene] ds_v1_seed0/blue_bathroom_v49  size=1280x720
[select] mirror 점 개수 = 163170  (mask=163170, valid&depth = 867584)
[conf] mirror 영역 평균 confidence = 0.6963

=== 평면 추정 결과 ===
  [PCA (closed form)]
      normal = [+0.9205, -0.1337, -0.3671]
      d = +1.4087   mirror_depth(perp) = 1.4087 m   view_z = 6.6853 m
      n_inliers = 163170/163170   rms_residual = 0.16497 m
  [RANSAC]
      normal = [+0.9190, +0.0372, -0.3925]
      d = +1.6461   mirror_depth(perp) = 1.6461 m   view_z = 6.6853 m
      n_inliers = 83848/163170   rms_residual = 0.02508 m
  [SVD robust (IRLS)]
      normal = [+0.9194, -0.1107, -0.3774]
      d = +1.4997   mirror_depth(perp) = 1.4997 m   view_z = 6.6853 m
      n_inliers = 54595/163170   rms_residual = 0.03739 m

[save] D:\Users\dust\Documents\학교\2026년도1학기\컴퓨터비전\실습\FoundationStereo\experiments\ds_v1_seed0/blue_bathroom_v49\mirror_geometry\result.json
[save] D:\Users\dust\Documents\학교\2026년도1학기\컴퓨터비전\실습\FoundationStereo\experiments\ds_v1_seed0/blue_bathroom_v49\mirror_geometry\plane.txt
[save] D:\Users\dust\Documents\학교\2026년도1학기\컴퓨터비전\실습\FoundationStereo\experiments\ds_v1_seed0/blue_bathroom_v49\mirror_geometry\viz.png

DONE: D:\Users\dust\Documents\학교\2026년도1학기\컴퓨터비전\실습\FoundationStereo\experiments\ds_v1_seed0/blue_bathroom_v49\mirror_geometry
[ds_v1_seed0/blue_bathroom_v49] 거울 점 163170개 중 inlier 83848 (51.4%) / outlier 79322
  normal=[ 0.919  0.037 -0.392] d=1.646  rms(inlier)=0.0251 m  thr≈0.067 m
[save] D:\Users\dust\Documents\학교\2026년도1학기\컴퓨터비전\실습\FoundationStereo\experiments\ds_v1_seed0/blue_bathroom_v49\mirror_geometry\ransac_inliers.png
[gt] blue_bathroom_v49            perp 4.65m planRMS 0.0000m  normal [-0.394, 0.074, -0.916]

생성 1, 건너뜀 0 (depth_gt/mask 없음 등)
[ds_v1_seed0/blue_bathroom_v49] feature 184x320  mirror_frac=0.17637567934782608  feat_left=True
rank  signal              AUC    pol  sep     mean_in     mean_out
  1  post_entropy       0.7087   -  0.3811     0.67948    0.811777
  2  feat_left_pc1      0.6697   -  0.2854    1.881596    2.858043
  3  feat_left_l2       0.6569   +  0.2248   17.475919   16.201725
  4  post_conf          0.6156   +  0.2156     0.69622     0.64654
  5  delta_argdisp      0.6151   -  0.1705   31.425614    41.45483
  6  pre_entropy        0.5672   -  0.1553    1.735699    1.973794
  7  pre_conf           0.5562   +  0.1035    0.440065    0.397388
  8  feat_left_pc2      0.5227   -  0.0396    1.736983    1.865468
  9  feat_left_pc3      0.5227   +  0.0278    1.828912    1.746814
 10  delta_entropy       0.521   +   0.068   -1.056219   -1.162018
 11  delta_conf         0.5087   +   0.015    0.256155    0.249152
BEST: post_entropy (AUC=0.7087, polarity=-)
저장: D:\Users\dust\Documents\학교\2026년도1학기\컴퓨터비전\실습\FoundationStereo\experiments\ds_v1_seed0/blue_bathroom_v49\features\report.json / panels.png / mirror_signal.npy
[device] cuda
  [train] epoch 60/300  loss=0.5007
  [train] epoch 120/300  loss=0.3202
  [train] epoch 180/300  loss=0.2224
  [train] epoch 240/300  loss=0.1575
  [train] epoch 300/300  loss=0.1141

[VAL] scene=ds_v1_seed0/blue_bathroom_v49  (pixel 70/30 split)
  AUC      = 0.9965
  IoU@0.5  = 0.8636
  F1@0.5   = 0.9268
  accuracy = 0.9732  (prec=0.8864, rec=0.9712)
  tp=2996 fp=384 fn=89 tn=14195

[save] D:\Users\dust\Documents\학교\2026년도1학기\컴퓨터비전\실습\FoundationStereo\experiments\ds_v1_seed0/blue_bathroom_v49\submodel
  pred_mask.png, panel.png, metrics.json, head.pt
DONE: D:\Users\dust\Documents\학교\2026년도1학기\컴퓨터비전\실습\FoundationStereo\experiments\ds_v1_seed0/blue_bathroom_v49\submodel
[device] cuda
[load] D:\Users\dust\Documents\학교\2026년도1학기\컴퓨터비전\실습\FoundationStereo\experiments\_model\general_head.pt  (train_scenes=['archiviz_baseline080', 'bedroom_baseline080', 'blue_bathroom_baseline080', 'computer_room_baseline080', 'cozy_living_room_baseline080', 'flat-archiviz_baseline080', 'green_house_baseline080', 'gym_baseline080', 'livingroom_baseline080', 'minimal_interior_baseline080', 'scandinavian_baseline080', 'sunlight_baseline080'])

[APPLY] ds_v1_seed0/blue_bathroom_v49  (저장모델로 새 데이터 평가)
  AUC      = 0.9586
  IoU@0.5  = 0.2643
  F1@0.5   = 0.4181
  accuracy = 0.8681  (prec=0.9426, rec=0.2687)
  tp=2790 fp=170 fn=7595 tn=48325
[save] D:\Users\dust\Documents\학교\2026년도1학기\컴퓨터비전\실습\FoundationStereo\experiments\ds_v1_seed0/blue_bathroom_v49\submodel_applied  (pred_mask.png, panel.png, metrics.json)

============================================================
STEP: estimate_mirror_plane
============================================================

============================================================
STEP: viz_ransac_inliers
============================================================

============================================================
STEP: make_mirror_gt_from_depth
============================================================

============================================================
STEP: analyze_features
============================================================

============================================================
STEP: submodel_head
============================================================

============================================================
STEP: apply_submodel
============================================================

DONE: D:\Users\dust\Documents\학교\2026년도1학기\컴퓨터비전\실습\FoundationStereo\experiments\ds_v1_seed0/blue_bathroom_v49 (ok)

##### [116/122] ds_v1_seed0/blue_bathroom_v50  (done 33, fail 0, skip 82, elapsed 19m, ETA 4m) #####
[scene] ds_v1_seed0/blue_bathroom_v50  size=1280x720
[select] mirror 점 개수 = 109281  (mask=109281, valid&depth = 874355)
[conf] mirror 영역 평균 confidence = 0.6670

=== 평면 추정 결과 ===
  [PCA (closed form)]
      normal = [+0.9720, -0.0892, -0.2176]
      d = +1.4798   mirror_depth(perp) = 1.4798 m   view_z = 7.8179 m
      n_inliers = 109281/109281   rms_residual = 0.14770 m
  [RANSAC]
      normal = [+0.9777, +0.0094, -0.2100]
      d = +1.4685   mirror_depth(perp) = 1.4685 m   view_z = 7.8179 m
      n_inliers = 56599/109281   rms_residual = 0.02154 m
  [SVD robust (IRLS)]
      normal = [+0.9706, -0.0750, -0.2285]
      d = +1.5929   mirror_depth(perp) = 1.5929 m   view_z = 7.8179 m
      n_inliers = 39823/109281   rms_residual = 0.03184 m

[save] D:\Users\dust\Documents\학교\2026년도1학기\컴퓨터비전\실습\FoundationStereo\experiments\ds_v1_seed0/blue_bathroom_v50\mirror_geometry\result.json
[save] D:\Users\dust\Documents\학교\2026년도1학기\컴퓨터비전\실습\FoundationStereo\experiments\ds_v1_seed0/blue_bathroom_v50\mirror_geometry\plane.txt
[save] D:\Users\dust\Documents\학교\2026년도1학기\컴퓨터비전\실습\FoundationStereo\experiments\ds_v1_seed0/blue_bathroom_v50\mirror_geometry\viz.png

DONE: D:\Users\dust\Documents\학교\2026년도1학기\컴퓨터비전\실습\FoundationStereo\experiments\ds_v1_seed0/blue_bathroom_v50\mirror_geometry
[ds_v1_seed0/blue_bathroom_v50] 거울 점 109281개 중 inlier 56599 (51.8%) / outlier 52682
  normal=[ 0.978  0.009 -0.21 ] d=1.468  rms(inlier)=0.0215 m  thr≈0.056 m
[save] D:\Users\dust\Documents\학교\2026년도1학기\컴퓨터비전\실습\FoundationStereo\experiments\ds_v1_seed0/blue_bathroom_v50\mirror_geometry\ransac_inliers.png
[gt] blue_bathroom_v50            perp 5.19m planRMS 0.0182m  normal [-0.206, -0.012, -0.979]

생성 1, 건너뜀 0 (depth_gt/mask 없음 등)
[ds_v1_seed0/blue_bathroom_v50] feature 184x320  mirror_frac=0.11798573369565217  feat_left=True
rank  signal              AUC    pol  sep     mean_in     mean_out
  1  post_entropy       0.8128   -  0.6401    0.712449    1.054534
  2  feat_left_pc1      0.7439   -  0.4609     1.81266    3.223855
  3  post_conf          0.7231   +  0.4576    0.666193    0.547785
  4  feat_left_l2         0.72   +  0.3308   18.128853   16.026761
  5  delta_argdisp        0.65   -  0.2359   33.934504   47.991219
  6  delta_conf         0.6162   +  0.2065    0.231966    0.128278
  7  delta_entropy      0.6029   -  0.1417   -1.065265    -0.82789
  8  feat_left_pc3      0.5476   +   0.057    1.736261    1.563553
  9  pre_conf           0.5093   +  0.0351    0.434227    0.419507
 10  feat_left_pc2      0.5086   +  0.0192    2.053103    1.982724
 11  pre_entropy        0.5076   -  0.0681    1.777713    1.882424
BEST: post_entropy (AUC=0.8128, polarity=-)
저장: D:\Users\dust\Documents\학교\2026년도1학기\컴퓨터비전\실습\FoundationStereo\experiments\ds_v1_seed0/blue_bathroom_v50\features\report.json / panels.png / mirror_signal.npy
[device] cuda
  [train] epoch 60/300  loss=0.4637
  [train] epoch 120/300  loss=0.2809
  [train] epoch 180/300  loss=0.1926
  [train] epoch 240/300  loss=0.1350
  [train] epoch 300/300  loss=0.0978

[VAL] scene=ds_v1_seed0/blue_bathroom_v50  (pixel 70/30 split)
  AUC      = 0.9972
  IoU@0.5  = 0.8209
  F1@0.5   = 0.9017
  accuracy = 0.9748  (prec=0.8344, rec=0.9808)
  tp=2040 fp=405 fn=40 tn=15179

[save] D:\Users\dust\Documents\학교\2026년도1학기\컴퓨터비전\실습\FoundationStereo\experiments\ds_v1_seed0/blue_bathroom_v50\submodel
  pred_mask.png, panel.png, metrics.json, head.pt
DONE: D:\Users\dust\Documents\학교\2026년도1학기\컴퓨터비전\실습\FoundationStereo\experiments\ds_v1_seed0/blue_bathroom_v50\submodel
[device] cuda
[load] D:\Users\dust\Documents\학교\2026년도1학기\컴퓨터비전\실습\FoundationStereo\experiments\_model\general_head.pt  (train_scenes=['archiviz_baseline080', 'bedroom_baseline080', 'blue_bathroom_baseline080', 'computer_room_baseline080', 'cozy_living_room_baseline080', 'flat-archiviz_baseline080', 'green_house_baseline080', 'gym_baseline080', 'livingroom_baseline080', 'minimal_interior_baseline080', 'scandinavian_baseline080', 'sunlight_baseline080'])

[APPLY] ds_v1_seed0/blue_bathroom_v50  (저장모델로 새 데이터 평가)
  AUC      = 0.9212
  IoU@0.5  = 0.3319
  F1@0.5   = 0.4983
  accuracy = 0.9080  (prec=0.6989, rec=0.3872)
  tp=2690 fp=1159 fn=4257 tn=50774
[save] D:\Users\dust\Documents\학교\2026년도1학기\컴퓨터비전\실습\FoundationStereo\experiments\ds_v1_seed0/blue_bathroom_v50\submodel_applied  (pred_mask.png, panel.png, metrics.json)

============================================================
STEP: estimate_mirror_plane
============================================================

============================================================
STEP: viz_ransac_inliers
============================================================

============================================================
STEP: make_mirror_gt_from_depth
============================================================

============================================================
STEP: analyze_features
============================================================

============================================================
STEP: submodel_head
============================================================

============================================================
STEP: apply_submodel
============================================================

DONE: D:\Users\dust\Documents\학교\2026년도1학기\컴퓨터비전\실습\FoundationStereo\experiments\ds_v1_seed0/blue_bathroom_v50 (ok)

##### [117/122] ds_v1_seed0/blue_bathroom_v51  (done 34, fail 0, skip 82, elapsed 19m, ETA 3m) #####
[scene] ds_v1_seed0/blue_bathroom_v51  size=1280x720
[select] mirror 점 개수 = 140570  (mask=140570, valid&depth = 865386)
[conf] mirror 영역 평균 confidence = 0.6870

=== 평면 추정 결과 ===
  [PCA (closed form)]
      normal = [+0.9224, -0.1357, -0.3616]
      d = +1.3347   mirror_depth(perp) = 1.3347 m   view_z = 7.5106 m
      n_inliers = 140570/140570   rms_residual = 0.17825 m
  [RANSAC]
      normal = [+0.9169, +0.0308, -0.3979]
      d = +1.7435   mirror_depth(perp) = 1.7435 m   view_z = 7.5106 m
      n_inliers = 61092/140570   rms_residual = 0.02961 m
  [SVD robust (IRLS)]
      normal = [+0.9174, -0.1452, -0.3704]
      d = +1.4163   mirror_depth(perp) = 1.4163 m   view_z = 7.5106 m
      n_inliers = 43276/140570   rms_residual = 0.03798 m

[save] D:\Users\dust\Documents\학교\2026년도1학기\컴퓨터비전\실습\FoundationStereo\experiments\ds_v1_seed0/blue_bathroom_v51\mirror_geometry\result.json
[save] D:\Users\dust\Documents\학교\2026년도1학기\컴퓨터비전\실습\FoundationStereo\experiments\ds_v1_seed0/blue_bathroom_v51\mirror_geometry\plane.txt
[save] D:\Users\dust\Documents\학교\2026년도1학기\컴퓨터비전\실습\FoundationStereo\experiments\ds_v1_seed0/blue_bathroom_v51\mirror_geometry\viz.png

DONE: D:\Users\dust\Documents\학교\2026년도1학기\컴퓨터비전\실습\FoundationStereo\experiments\ds_v1_seed0/blue_bathroom_v51\mirror_geometry
[ds_v1_seed0/blue_bathroom_v51] 거울 점 140570개 중 inlier 61092 (43.5%) / outlier 79478
  normal=[ 0.917  0.031 -0.398] d=1.744  rms(inlier)=0.0296 m  thr≈0.069 m
[save] D:\Users\dust\Documents\학교\2026년도1학기\컴퓨터비전\실습\FoundationStereo\experiments\ds_v1_seed0/blue_bathroom_v51\mirror_geometry\ransac_inliers.png
[gt] blue_bathroom_v51            perp 5.18m planRMS 0.0000m  normal [-0.361, 0.112, -0.926]

생성 1, 건너뜀 0 (depth_gt/mask 없음 등)
[ds_v1_seed0/blue_bathroom_v51] feature 184x320  mirror_frac=0.15256453804347825  feat_left=True
rank  signal              AUC    pol  sep     mean_in     mean_out
  1  feat_left_pc1      0.6256   -  0.2556    1.897668    2.708901
  2  post_entropy       0.6213   -  0.1994    0.689546    0.752621
  3  feat_left_l2       0.6184   +  0.1679   17.247671   16.305733
  4  delta_argdisp      0.5679   -  0.0839   35.039519   40.005612
  5  post_conf          0.5491   +  0.0882    0.686731    0.667268
  6  feat_left_pc3      0.5196   -  0.0683    1.512059    1.704089
  7  pre_entropy        0.5155   -  0.0587    1.832264    1.917822
  8  pre_conf            0.513   +  0.0309    0.418861    0.406421
  9  delta_conf         0.5109   +  0.0151     0.26787    0.260847
 10  delta_entropy      0.5058   -  0.0151   -1.142719   -1.165201
 11  feat_left_pc2      0.5036   +  0.0102    1.932663    1.900102
BEST: feat_left_pc1 (AUC=0.6256, polarity=-)
저장: D:\Users\dust\Documents\학교\2026년도1학기\컴퓨터비전\실습\FoundationStereo\experiments\ds_v1_seed0/blue_bathroom_v51\features\report.json / panels.png / mirror_signal.npy
[device] cuda
  [train] epoch 60/300  loss=0.6194
  [train] epoch 120/300  loss=0.4258
  [train] epoch 180/300  loss=0.3020
  [train] epoch 240/300  loss=0.2143
  [train] epoch 300/300  loss=0.1546

[VAL] scene=ds_v1_seed0/blue_bathroom_v51  (pixel 70/30 split)
  AUC      = 0.9923
  IoU@0.5  = 0.7619
  F1@0.5   = 0.8649
  accuracy = 0.9539  (prec=0.7835, rec=0.9652)
  tp=2605 fp=720 fn=94 tn=14245

[save] D:\Users\dust\Documents\학교\2026년도1학기\컴퓨터비전\실습\FoundationStereo\experiments\ds_v1_seed0/blue_bathroom_v51\submodel
  pred_mask.png, panel.png, metrics.json, head.pt
DONE: D:\Users\dust\Documents\학교\2026년도1학기\컴퓨터비전\실습\FoundationStereo\experiments\ds_v1_seed0/blue_bathroom_v51\submodel
[device] cuda
[load] D:\Users\dust\Documents\학교\2026년도1학기\컴퓨터비전\실습\FoundationStereo\experiments\_model\general_head.pt  (train_scenes=['archiviz_baseline080', 'bedroom_baseline080', 'blue_bathroom_baseline080', 'computer_room_baseline080', 'cozy_living_room_baseline080', 'flat-archiviz_baseline080', 'green_house_baseline080', 'gym_baseline080', 'livingroom_baseline080', 'minimal_interior_baseline080', 'scandinavian_baseline080', 'sunlight_baseline080'])

[APPLY] ds_v1_seed0/blue_bathroom_v51  (저장모델로 새 데이터 평가)
  AUC      = 0.9680
  IoU@0.5  = 0.3666
  F1@0.5   = 0.5365
  accuracy = 0.9019  (prec=0.9601, rec=0.3723)
  tp=3344 fp=139 fn=5639 tn=49758
[save] D:\Users\dust\Documents\학교\2026년도1학기\컴퓨터비전\실습\FoundationStereo\experiments\ds_v1_seed0/blue_bathroom_v51\submodel_applied  (pred_mask.png, panel.png, metrics.json)

============================================================
STEP: estimate_mirror_plane
============================================================

============================================================
STEP: viz_ransac_inliers
============================================================

============================================================
STEP: make_mirror_gt_from_depth
============================================================

============================================================
STEP: analyze_features
============================================================

============================================================
STEP: submodel_head
============================================================

============================================================
STEP: apply_submodel
============================================================

DONE: D:\Users\dust\Documents\학교\2026년도1학기\컴퓨터비전\실습\FoundationStereo\experiments\ds_v1_seed0/blue_bathroom_v51 (ok)

##### [118/122] ds_v1_seed0/blue_bathroom_v52  (done 35, fail 0, skip 82, elapsed 20m, ETA 3m) #####
[scene] ds_v1_seed0/blue_bathroom_v52  size=1280x720
[select] mirror 점 개수 = 154799  (mask=154799, valid&depth = 864902)
[conf] mirror 영역 평균 confidence = 0.7086

=== 평면 추정 결과 ===
  [PCA (closed form)]
      normal = [+0.9386, -0.1677, -0.3015]
      d = +1.3931   mirror_depth(perp) = 1.3931 m   view_z = 7.2338 m
      n_inliers = 154799/154799   rms_residual = 0.18563 m
  [RANSAC]
      normal = [+0.9674, +0.0547, -0.2472]
      d = +1.2311   mirror_depth(perp) = 1.2311 m   view_z = 7.2338 m
      n_inliers = 66709/154799   rms_residual = 0.03569 m
  [SVD robust (IRLS)]
      normal = [+0.9337, -0.1848, -0.3067]
      d = +1.4401   mirror_depth(perp) = 1.4401 m   view_z = 7.2338 m
      n_inliers = 50407/154799   rms_residual = 0.04630 m

[save] D:\Users\dust\Documents\학교\2026년도1학기\컴퓨터비전\실습\FoundationStereo\experiments\ds_v1_seed0/blue_bathroom_v52\mirror_geometry\result.json
[save] D:\Users\dust\Documents\학교\2026년도1학기\컴퓨터비전\실습\FoundationStereo\experiments\ds_v1_seed0/blue_bathroom_v52\mirror_geometry\plane.txt
[save] D:\Users\dust\Documents\학교\2026년도1학기\컴퓨터비전\실습\FoundationStereo\experiments\ds_v1_seed0/blue_bathroom_v52\mirror_geometry\viz.png

DONE: D:\Users\dust\Documents\학교\2026년도1학기\컴퓨터비전\실습\FoundationStereo\experiments\ds_v1_seed0/blue_bathroom_v52\mirror_geometry
[ds_v1_seed0/blue_bathroom_v52] 거울 점 154799개 중 inlier 66709 (43.1%) / outlier 88090
  normal=[ 0.967  0.055 -0.247] d=1.231  rms(inlier)=0.0357 m  thr≈0.081 m
[save] D:\Users\dust\Documents\학교\2026년도1학기\컴퓨터비전\실습\FoundationStereo\experiments\ds_v1_seed0/blue_bathroom_v52\mirror_geometry\ransac_inliers.png
[gt] blue_bathroom_v52            perp 4.77m planRMS 0.0035m  normal [-0.256, 0.153, -0.955]

생성 1, 건너뜀 0 (depth_gt/mask 없음 등)
[ds_v1_seed0/blue_bathroom_v52] feature 184x320  mirror_frac=0.16793478260869565  feat_left=True
rank  signal              AUC    pol  sep     mean_in     mean_out
  1  post_entropy       0.7541   -  0.4204    0.655414    0.863655
  2  post_conf           0.678   +  0.3352    0.709132    0.619351
  3  feat_left_pc1      0.6493   -  0.2851    1.849112    2.788802
  4  feat_left_l2       0.6483   +   0.203   17.353135   16.210503
  5  delta_argdisp      0.6065   -  0.1578   33.546926   42.636879
  6  delta_conf         0.5715   +  0.1189    0.289469    0.232067
  7  pre_entropy        0.5445   -  0.1236    1.831211    2.022554
  8  pre_conf           0.5414   +  0.0787    0.419663    0.387285
  9  feat_left_pc2      0.5352   -  0.0616    1.745467     1.94184
 10  delta_entropy      0.5291   -  0.0105   -1.175796   -1.158899
 11  feat_left_pc3       0.521   -  0.0689     1.54778    1.741818
BEST: post_entropy (AUC=0.7541, polarity=-)
저장: D:\Users\dust\Documents\학교\2026년도1학기\컴퓨터비전\실습\FoundationStereo\experiments\ds_v1_seed0/blue_bathroom_v52\features\report.json / panels.png / mirror_signal.npy
[device] cuda
  [train] epoch 60/300  loss=0.4973
  [train] epoch 120/300  loss=0.3278
  [train] epoch 180/300  loss=0.2357
  [train] epoch 240/300  loss=0.1705
  [train] epoch 300/300  loss=0.1254

[VAL] scene=ds_v1_seed0/blue_bathroom_v52  (pixel 70/30 split)
  AUC      = 0.9942
  IoU@0.5  = 0.8056
  F1@0.5   = 0.8923
  accuracy = 0.9608  (prec=0.8208, rec=0.9775)
  tp=2867 fp=626 fn=66 tn=14105

[save] D:\Users\dust\Documents\학교\2026년도1학기\컴퓨터비전\실습\FoundationStereo\experiments\ds_v1_seed0/blue_bathroom_v52\submodel
  pred_mask.png, panel.png, metrics.json, head.pt
DONE: D:\Users\dust\Documents\학교\2026년도1학기\컴퓨터비전\실습\FoundationStereo\experiments\ds_v1_seed0/blue_bathroom_v52\submodel
[device] cuda
[load] D:\Users\dust\Documents\학교\2026년도1학기\컴퓨터비전\실습\FoundationStereo\experiments\_model\general_head.pt  (train_scenes=['archiviz_baseline080', 'bedroom_baseline080', 'blue_bathroom_baseline080', 'computer_room_baseline080', 'cozy_living_room_baseline080', 'flat-archiviz_baseline080', 'green_house_baseline080', 'gym_baseline080', 'livingroom_baseline080', 'minimal_interior_baseline080', 'scandinavian_baseline080', 'sunlight_baseline080'])

[APPLY] ds_v1_seed0/blue_bathroom_v52  (저장모델로 새 데이터 평가)
  AUC      = 0.9581
  IoU@0.5  = 0.3264
  F1@0.5   = 0.4922
  accuracy = 0.8833  (prec=0.9131, rec=0.3369)
  tp=3331 fp=317 fn=6557 tn=48675
[save] D:\Users\dust\Documents\학교\2026년도1학기\컴퓨터비전\실습\FoundationStereo\experiments\ds_v1_seed0/blue_bathroom_v52\submodel_applied  (pred_mask.png, panel.png, metrics.json)

============================================================
STEP: estimate_mirror_plane
============================================================

============================================================
STEP: viz_ransac_inliers
============================================================

============================================================
STEP: make_mirror_gt_from_depth
============================================================

============================================================
STEP: analyze_features
============================================================

============================================================
STEP: submodel_head
============================================================

============================================================
STEP: apply_submodel
============================================================

DONE: D:\Users\dust\Documents\학교\2026년도1학기\컴퓨터비전\실습\FoundationStereo\experiments\ds_v1_seed0/blue_bathroom_v52 (ok)

##### [119/122] ds_v1_seed0/blue_bathroom_v53  (done 36, fail 0, skip 82, elapsed 20m, ETA 2m) #####
[scene] ds_v1_seed0/blue_bathroom_v53  size=1280x720
[select] mirror 점 개수 = 15867  (mask=15867, valid&depth = 856077)
[conf] mirror 영역 평균 confidence = 0.6751

=== 평면 추정 결과 ===
  [PCA (closed form)]
      normal = [+0.8787, +0.0624, -0.4732]
      d = +0.9064   mirror_depth(perp) = 0.9064 m   view_z = 5.4107 m
      n_inliers = 15867/15867   rms_residual = 0.01731 m
  [RANSAC]
      normal = [+0.8353, +0.0900, -0.5424]
      d = +1.3718   mirror_depth(perp) = 1.3718 m   view_z = 5.4107 m
      n_inliers = 15312/15867   rms_residual = 0.00994 m
  [SVD robust (IRLS)]
      normal = [+0.8485, +0.0814, -0.5228]
      d = +1.2377   mirror_depth(perp) = 1.2377 m   view_z = 5.4107 m
      n_inliers = 15324/15867   rms_residual = 0.01037 m

[save] D:\Users\dust\Documents\학교\2026년도1학기\컴퓨터비전\실습\FoundationStereo\experiments\ds_v1_seed0/blue_bathroom_v53\mirror_geometry\result.json
[save] D:\Users\dust\Documents\학교\2026년도1학기\컴퓨터비전\실습\FoundationStereo\experiments\ds_v1_seed0/blue_bathroom_v53\mirror_geometry\plane.txt
[save] D:\Users\dust\Documents\학교\2026년도1학기\컴퓨터비전\실습\FoundationStereo\experiments\ds_v1_seed0/blue_bathroom_v53\mirror_geometry\viz.png

DONE: D:\Users\dust\Documents\학교\2026년도1학기\컴퓨터비전\실습\FoundationStereo\experiments\ds_v1_seed0/blue_bathroom_v53\mirror_geometry
[ds_v1_seed0/blue_bathroom_v53] 거울 점 15867개 중 inlier 15312 (96.5%) / outlier 555
  normal=[ 0.835  0.09  -0.542] d=1.372  rms(inlier)=0.0099 m  thr≈0.026 m
[save] D:\Users\dust\Documents\학교\2026년도1학기\컴퓨터비전\실습\FoundationStereo\experiments\ds_v1_seed0/blue_bathroom_v53\mirror_geometry\ransac_inliers.png
[gt] blue_bathroom_v53            perp 4.89m planRMS 0.0179m  normal [-0.589, 0.169, -0.79]

생성 1, 건너뜀 0 (depth_gt/mask 없음 등)
[ds_v1_seed0/blue_bathroom_v53] feature 184x320  mirror_frac=0.016440217391304347  feat_left=True
rank  signal              AUC    pol  sep     mean_in     mean_out
  1  feat_left_pc3      0.6613   -  0.3005     1.05702    1.769064
  2  delta_entropy      0.6344   -  0.2456     -1.3111   -0.965287
  3  delta_conf         0.6297   +  0.2433    0.310552     0.20467
  4  feat_left_pc2      0.6227   -  0.2352    1.168741     1.78211
  5  pre_entropy        0.6163   +  0.1852    2.064148    1.813701
  6  pre_conf           0.5968   -  0.1721    0.361898    0.423986
  7  post_conf          0.5968   +  0.1935    0.672449    0.628655
  8  feat_left_pc1      0.5807   -  0.2287    2.044735    2.722051
  9  post_entropy       0.5804   -  0.2508    0.753048    0.848413
 10  feat_left_l2        0.514   +  0.0175   16.363619    16.44972
 11  delta_argdisp      0.5091   -   0.008    38.09814   37.626468
BEST: feat_left_pc3 (AUC=0.6613, polarity=-)
저장: D:\Users\dust\Documents\학교\2026년도1학기\컴퓨터비전\실습\FoundationStereo\experiments\ds_v1_seed0/blue_bathroom_v53\features\report.json / panels.png / mirror_signal.npy
[device] cuda
  [train] epoch 60/300  loss=0.4832
  [train] epoch 120/300  loss=0.2485
  [train] epoch 180/300  loss=0.1616
  [train] epoch 240/300  loss=0.1160
  [train] epoch 300/300  loss=0.0871

[VAL] scene=ds_v1_seed0/blue_bathroom_v53  (pixel 70/30 split)
  AUC      = 0.9900
  IoU@0.5  = 0.3746
  F1@0.5   = 0.5451
  accuracy = 0.9754  (prec=0.3910, rec=0.8997)
  tp=260 fp=405 fn=29 tn=16970

[save] D:\Users\dust\Documents\학교\2026년도1학기\컴퓨터비전\실습\FoundationStereo\experiments\ds_v1_seed0/blue_bathroom_v53\submodel
  pred_mask.png, panel.png, metrics.json, head.pt
DONE: D:\Users\dust\Documents\학교\2026년도1학기\컴퓨터비전\실습\FoundationStereo\experiments\ds_v1_seed0/blue_bathroom_v53\submodel
[device] cuda
[load] D:\Users\dust\Documents\학교\2026년도1학기\컴퓨터비전\실습\FoundationStereo\experiments\_model\general_head.pt  (train_scenes=['archiviz_baseline080', 'bedroom_baseline080', 'blue_bathroom_baseline080', 'computer_room_baseline080', 'cozy_living_room_baseline080', 'flat-archiviz_baseline080', 'green_house_baseline080', 'gym_baseline080', 'livingroom_baseline080', 'minimal_interior_baseline080', 'scandinavian_baseline080', 'sunlight_baseline080'])

[APPLY] ds_v1_seed0/blue_bathroom_v53  (저장모델로 새 데이터 평가)
  AUC      = 0.9672
  IoU@0.5  = 0.0366
  F1@0.5   = 0.0705
  accuracy = 0.9825  (prec=0.2826, rec=0.0403)
  tp=39 fp=99 fn=929 tn=57813
[save] D:\Users\dust\Documents\학교\2026년도1학기\컴퓨터비전\실습\FoundationStereo\experiments\ds_v1_seed0/blue_bathroom_v53\submodel_applied  (pred_mask.png, panel.png, metrics.json)

============================================================
STEP: estimate_mirror_plane
============================================================

============================================================
STEP: viz_ransac_inliers
============================================================

============================================================
STEP: make_mirror_gt_from_depth
============================================================

============================================================
STEP: analyze_features
============================================================

============================================================
STEP: submodel_head
============================================================

============================================================
STEP: apply_submodel
============================================================

DONE: D:\Users\dust\Documents\학교\2026년도1학기\컴퓨터비전\실습\FoundationStereo\experiments\ds_v1_seed0/blue_bathroom_v53 (ok)

##### [120/122] ds_v1_seed0/blue_bathroom_v54  (done 37, fail 0, skip 82, elapsed 21m, ETA 2m) #####
[scene] ds_v1_seed0/blue_bathroom_v54  size=1280x720
[select] mirror 점 개수 = 151380  (mask=151380, valid&depth = 872120)
[conf] mirror 영역 평균 confidence = 0.7013

=== 평면 추정 결과 ===
  [PCA (closed form)]
      normal = [+0.9515, -0.1465, -0.2704]
      d = +1.3397   mirror_depth(perp) = 1.3397 m   view_z = 7.1308 m
      n_inliers = 151380/151380   rms_residual = 0.17354 m
  [RANSAC]
      normal = [+0.9515, +0.0103, -0.3076]
      d = +1.7039   mirror_depth(perp) = 1.7039 m   view_z = 7.1308 m
      n_inliers = 72736/151380   rms_residual = 0.02819 m
  [SVD robust (IRLS)]
      normal = [+0.9492, -0.1452, -0.2791]
      d = +1.4193   mirror_depth(perp) = 1.4193 m   view_z = 7.1308 m
      n_inliers = 47434/151380   rms_residual = 0.03702 m

[save] D:\Users\dust\Documents\학교\2026년도1학기\컴퓨터비전\실습\FoundationStereo\experiments\ds_v1_seed0/blue_bathroom_v54\mirror_geometry\result.json
[save] D:\Users\dust\Documents\학교\2026년도1학기\컴퓨터비전\실습\FoundationStereo\experiments\ds_v1_seed0/blue_bathroom_v54\mirror_geometry\plane.txt
[save] D:\Users\dust\Documents\학교\2026년도1학기\컴퓨터비전\실습\FoundationStereo\experiments\ds_v1_seed0/blue_bathroom_v54\mirror_geometry\viz.png

DONE: D:\Users\dust\Documents\학교\2026년도1학기\컴퓨터비전\실습\FoundationStereo\experiments\ds_v1_seed0/blue_bathroom_v54\mirror_geometry
[ds_v1_seed0/blue_bathroom_v54] 거울 점 151380개 중 inlier 72736 (48.0%) / outlier 78644
  normal=[ 0.951  0.01  -0.308] d=1.704  rms(inlier)=0.0282 m  thr≈0.068 m
[save] D:\Users\dust\Documents\학교\2026년도1학기\컴퓨터비전\실습\FoundationStereo\experiments\ds_v1_seed0/blue_bathroom_v54\mirror_geometry\ransac_inliers.png
[gt] blue_bathroom_v54            perp 4.86m planRMS 0.0000m  normal [-0.281, 0.092, -0.955]

생성 1, 건너뜀 0 (depth_gt/mask 없음 등)
[ds_v1_seed0/blue_bathroom_v54] feature 184x320  mirror_frac=0.16414741847826086  feat_left=True
rank  signal              AUC    pol  sep     mean_in     mean_out
  1  post_entropy       0.7418   -  0.4711    0.676332    0.878411
  2  feat_left_pc1      0.6809   -  0.3389    1.843672    2.943913
  3  post_conf          0.6669   +   0.322    0.701178    0.620909
  4  feat_left_l2       0.6516   +  0.2099   17.421808   16.192156
  5  delta_argdisp      0.6466   -  0.2299   30.319089   43.711714
  6  pre_entropy        0.5947   -  0.2069    1.673096    1.994225
  7  pre_conf           0.5842   +   0.156    0.458045    0.392921
  8  feat_left_pc2      0.5218   -  0.0381    1.790352     1.91688
  9  delta_entropy      0.5215   +  0.0746   -0.996765   -1.115814
 10  delta_conf         0.5188   +  0.0316    0.243133    0.227987
 11  feat_left_pc3      0.5055   +  0.0186    1.658594    1.712931
BEST: post_entropy (AUC=0.7418, polarity=-)
저장: D:\Users\dust\Documents\학교\2026년도1학기\컴퓨터비전\실습\FoundationStereo\experiments\ds_v1_seed0/blue_bathroom_v54\features\report.json / panels.png / mirror_signal.npy
[device] cuda
  [train] epoch 60/300  loss=0.5239
  [train] epoch 120/300  loss=0.3470
  [train] epoch 180/300  loss=0.2460
  [train] epoch 240/300  loss=0.1772
  [train] epoch 300/300  loss=0.1307

[VAL] scene=ds_v1_seed0/blue_bathroom_v54  (pixel 70/30 split)
  AUC      = 0.9954
  IoU@0.5  = 0.8168
  F1@0.5   = 0.8992
  accuracy = 0.9650  (prec=0.8377, rec=0.9704)
  tp=2756 fp=534 fn=84 tn=14290

[save] D:\Users\dust\Documents\학교\2026년도1학기\컴퓨터비전\실습\FoundationStereo\experiments\ds_v1_seed0/blue_bathroom_v54\submodel
  pred_mask.png, panel.png, metrics.json, head.pt
DONE: D:\Users\dust\Documents\학교\2026년도1학기\컴퓨터비전\실습\FoundationStereo\experiments\ds_v1_seed0/blue_bathroom_v54\submodel
[device] cuda
[load] D:\Users\dust\Documents\학교\2026년도1학기\컴퓨터비전\실습\FoundationStereo\experiments\_model\general_head.pt  (train_scenes=['archiviz_baseline080', 'bedroom_baseline080', 'blue_bathroom_baseline080', 'computer_room_baseline080', 'cozy_living_room_baseline080', 'flat-archiviz_baseline080', 'green_house_baseline080', 'gym_baseline080', 'livingroom_baseline080', 'minimal_interior_baseline080', 'scandinavian_baseline080', 'sunlight_baseline080'])

[APPLY] ds_v1_seed0/blue_bathroom_v54  (저장모델로 새 데이터 평가)
  AUC      = 0.9321
  IoU@0.5  = 0.2966
  F1@0.5   = 0.4575
  accuracy = 0.8787  (prec=0.8603, rec=0.3116)
  tp=3012 fp=489 fn=6653 tn=48726
[save] D:\Users\dust\Documents\학교\2026년도1학기\컴퓨터비전\실습\FoundationStereo\experiments\ds_v1_seed0/blue_bathroom_v54\submodel_applied  (pred_mask.png, panel.png, metrics.json)

============================================================
STEP: estimate_mirror_plane
============================================================

============================================================
STEP: viz_ransac_inliers
============================================================

============================================================
STEP: make_mirror_gt_from_depth
============================================================

============================================================
STEP: analyze_features
============================================================

============================================================
STEP: submodel_head
============================================================

============================================================
STEP: apply_submodel
============================================================

DONE: D:\Users\dust\Documents\학교\2026년도1학기\컴퓨터비전\실습\FoundationStereo\experiments\ds_v1_seed0/blue_bathroom_v54 (ok)

##### [121/122] ds_v1_seed0/blue_bathroom_v55  (done 38, fail 0, skip 82, elapsed 21m, ETA 1m) #####
[scene] ds_v1_seed0/blue_bathroom_v55  size=1280x720
[select] mirror 점 개수 = 15334  (mask=15334, valid&depth = 848114)
[conf] mirror 영역 평균 confidence = 0.5920

=== 평면 추정 결과 ===
  [PCA (closed form)]
      normal = [+0.8985, +0.0215, -0.4385]
      d = +0.6466   mirror_depth(perp) = 0.6466 m   view_z = 5.2709 m
      n_inliers = 15334/15334   rms_residual = 0.01910 m
  [RANSAC]
      normal = [+0.8760, +0.0271, -0.4816]
      d = +0.9135   mirror_depth(perp) = 0.9135 m   view_z = 5.2709 m
      n_inliers = 14646/15334   rms_residual = 0.00950 m
  [SVD robust (IRLS)]
      normal = [+0.8805, +0.0269, -0.4732]
      d = +0.8614   mirror_depth(perp) = 0.8614 m   view_z = 5.2709 m
      n_inliers = 14712/15334   rms_residual = 0.01034 m

[save] D:\Users\dust\Documents\학교\2026년도1학기\컴퓨터비전\실습\FoundationStereo\experiments\ds_v1_seed0/blue_bathroom_v55\mirror_geometry\result.json
[save] D:\Users\dust\Documents\학교\2026년도1학기\컴퓨터비전\실습\FoundationStereo\experiments\ds_v1_seed0/blue_bathroom_v55\mirror_geometry\plane.txt
[save] D:\Users\dust\Documents\학교\2026년도1학기\컴퓨터비전\실습\FoundationStereo\experiments\ds_v1_seed0/blue_bathroom_v55\mirror_geometry\viz.png

DONE: D:\Users\dust\Documents\학교\2026년도1학기\컴퓨터비전\실습\FoundationStereo\experiments\ds_v1_seed0/blue_bathroom_v55\mirror_geometry
[ds_v1_seed0/blue_bathroom_v55] 거울 점 15334개 중 inlier 14646 (95.5%) / outlier 688
  normal=[ 0.876  0.027 -0.482] d=0.914  rms(inlier)=0.0095 m  thr≈0.037 m
[save] D:\Users\dust\Documents\학교\2026년도1학기\컴퓨터비전\실습\FoundationStereo\experiments\ds_v1_seed0/blue_bathroom_v55\mirror_geometry\ransac_inliers.png
[gt] blue_bathroom_v55            perp 5.19m planRMS 0.0000m  normal [-0.536, 0.035, -0.843]

생성 1, 건너뜀 0 (depth_gt/mask 없음 등)
[ds_v1_seed0/blue_bathroom_v55] feature 184x320  mirror_frac=0.01579483695652174  feat_left=True
rank  signal              AUC    pol  sep     mean_in     mean_out
  1  delta_entropy      0.6716   -  0.3151   -1.361033   -0.913439
  2  post_entropy       0.6474   -  0.3399    0.750479    0.894256
  3  pre_entropy        0.6405   +  0.2273    2.111512    1.807695
  4  pre_conf           0.6182   -   0.209    0.347018    0.421702
  5  feat_left_pc2      0.6165   -  0.2075    1.366945    1.957223
  6  feat_left_pc1      0.6136   -  0.2369    2.207097    2.945317
  7  feat_left_l2       0.6055   +  0.1155   17.092386   16.511083
  8  feat_left_pc3      0.5846   -  0.1874    1.187889    1.661377
  9  post_conf          0.5756   -  0.0954    0.588589    0.609645
 10  delta_conf         0.5564   +  0.1217    0.241572    0.187943
 11  delta_argdisp      0.5267   +  0.0691   42.344086   38.373857
BEST: delta_entropy (AUC=0.6716, polarity=-)
저장: D:\Users\dust\Documents\학교\2026년도1학기\컴퓨터비전\실습\FoundationStereo\experiments\ds_v1_seed0/blue_bathroom_v55\features\report.json / panels.png / mirror_signal.npy
[device] cuda
  [train] epoch 60/300  loss=0.4750
  [train] epoch 120/300  loss=0.2570
  [train] epoch 180/300  loss=0.1704
  [train] epoch 240/300  loss=0.1207
  [train] epoch 300/300  loss=0.0886

[VAL] scene=ds_v1_seed0/blue_bathroom_v55  (pixel 70/30 split)
  AUC      = 0.9896
  IoU@0.5  = 0.3682
  F1@0.5   = 0.5382
  accuracy = 0.9737  (prec=0.3828, rec=0.9064)
  tp=271 fp=437 fn=28 tn=16928

[save] D:\Users\dust\Documents\학교\2026년도1학기\컴퓨터비전\실습\FoundationStereo\experiments\ds_v1_seed0/blue_bathroom_v55\submodel
  pred_mask.png, panel.png, metrics.json, head.pt
DONE: D:\Users\dust\Documents\학교\2026년도1학기\컴퓨터비전\실습\FoundationStereo\experiments\ds_v1_seed0/blue_bathroom_v55\submodel
[device] cuda
[load] D:\Users\dust\Documents\학교\2026년도1학기\컴퓨터비전\실습\FoundationStereo\experiments\_model\general_head.pt  (train_scenes=['archiviz_baseline080', 'bedroom_baseline080', 'blue_bathroom_baseline080', 'computer_room_baseline080', 'cozy_living_room_baseline080', 'flat-archiviz_baseline080', 'green_house_baseline080', 'gym_baseline080', 'livingroom_baseline080', 'minimal_interior_baseline080', 'scandinavian_baseline080', 'sunlight_baseline080'])

[APPLY] ds_v1_seed0/blue_bathroom_v55  (저장모델로 새 데이터 평가)
  AUC      = 0.9376
  IoU@0.5  = 0.0067
  F1@0.5   = 0.0133
  accuracy = 0.9824  (prec=0.0574, rec=0.0075)
  tp=7 fp=115 fn=923 tn=57835
[save] D:\Users\dust\Documents\학교\2026년도1학기\컴퓨터비전\실습\FoundationStereo\experiments\ds_v1_seed0/blue_bathroom_v55\submodel_applied  (pred_mask.png, panel.png, metrics.json)

============================================================
STEP: estimate_mirror_plane
============================================================

============================================================
STEP: viz_ransac_inliers
============================================================

============================================================
STEP: make_mirror_gt_from_depth
============================================================

============================================================
STEP: analyze_features
============================================================

============================================================
STEP: submodel_head
============================================================

============================================================
STEP: apply_submodel
============================================================

DONE: D:\Users\dust\Documents\학교\2026년도1학기\컴퓨터비전\실습\FoundationStereo\experiments\ds_v1_seed0/blue_bathroom_v55 (ok)

##### [122/122] ds_v1_seed0/blue_bathroom_v56  (done 39, fail 0, skip 82, elapsed 22m, ETA 1m) #####
[scene] ds_v1_seed0/blue_bathroom_v56  size=1280x720
[select] mirror 점 개수 = 105070  (mask=105070, valid&depth = 878203)
[conf] mirror 영역 평균 confidence = 0.7190

=== 평면 추정 결과 ===
  [PCA (closed form)]
      normal = [+0.9191, -0.3008, -0.2547]
      d = +1.4388   mirror_depth(perp) = 1.4388 m   view_z = 6.7236 m
      n_inliers = 105070/105070   rms_residual = 0.17793 m
  [RANSAC]
      normal = [+0.9697, +0.0377, -0.2415]
      d = +1.7259   mirror_depth(perp) = 1.7259 m   view_z = 6.7236 m
      n_inliers = 44426/105070   rms_residual = 0.02603 m
  [SVD robust (IRLS)]
      normal = [+0.9094, -0.3222, -0.2630]
      d = +1.4714   mirror_depth(perp) = 1.4714 m   view_z = 6.7236 m
      n_inliers = 31635/105070   rms_residual = 0.03842 m

[save] D:\Users\dust\Documents\학교\2026년도1학기\컴퓨터비전\실습\FoundationStereo\experiments\ds_v1_seed0/blue_bathroom_v56\mirror_geometry\result.json
[save] D:\Users\dust\Documents\학교\2026년도1학기\컴퓨터비전\실습\FoundationStereo\experiments\ds_v1_seed0/blue_bathroom_v56\mirror_geometry\plane.txt
[save] D:\Users\dust\Documents\학교\2026년도1학기\컴퓨터비전\실습\FoundationStereo\experiments\ds_v1_seed0/blue_bathroom_v56\mirror_geometry\viz.png

DONE: D:\Users\dust\Documents\학교\2026년도1학기\컴퓨터비전\실습\FoundationStereo\experiments\ds_v1_seed0/blue_bathroom_v56\mirror_geometry
[ds_v1_seed0/blue_bathroom_v56] 거울 점 105070개 중 inlier 44426 (42.3%) / outlier 60644
  normal=[ 0.97   0.038 -0.242] d=1.726  rms(inlier)=0.0260 m  thr≈0.067 m
[save] D:\Users\dust\Documents\학교\2026년도1학기\컴퓨터비전\실습\FoundationStereo\experiments\ds_v1_seed0/blue_bathroom_v56\mirror_geometry\ransac_inliers.png
[gt] blue_bathroom_v56            perp 4.77m planRMS 0.0047m  normal [-0.217, 0.25, -0.944]

생성 1, 건너뜀 0 (depth_gt/mask 없음 등)
[ds_v1_seed0/blue_bathroom_v56] feature 184x320  mirror_frac=0.11465692934782609  feat_left=True
rank  signal              AUC    pol  sep     mean_in     mean_out
  1  feat_left_pc1      0.6877   -  0.3451    1.861319    2.928042
  2  delta_argdisp      0.6626   -  0.2785   27.185898     42.8746
  3  post_conf          0.6532   +  0.2979    0.718867    0.641669
  4  feat_left_l2       0.6448   +  0.2318   17.815151   16.469627
  5  post_entropy       0.6375   -  0.3236    0.656253    0.799423
  6  pre_entropy        0.6077   -  0.2207     1.65569    2.003737
  7  pre_conf           0.5857   +  0.1584    0.463819     0.39651
  8  delta_entropy      0.5581   +  0.1275   -0.999436   -1.204314
  9  feat_left_pc2      0.5194   +  0.0669    2.262463    2.043612
 10  delta_conf         0.5149   +  0.0202    0.255048    0.245159
 11  feat_left_pc3      0.5002   -  0.0392    1.443768     1.54802
BEST: feat_left_pc1 (AUC=0.6877, polarity=-)
저장: D:\Users\dust\Documents\학교\2026년도1학기\컴퓨터비전\실습\FoundationStereo\experiments\ds_v1_seed0/blue_bathroom_v56\features\report.json / panels.png / mirror_signal.npy
[device] cuda
  [train] epoch 60/300  loss=0.5593
  [train] epoch 120/300  loss=0.3529
  [train] epoch 180/300  loss=0.2407
  [train] epoch 240/300  loss=0.1701
  [train] epoch 300/300  loss=0.1244

[VAL] scene=ds_v1_seed0/blue_bathroom_v56  (pixel 70/30 split)
  AUC      = 0.9949
  IoU@0.5  = 0.7501
  F1@0.5   = 0.8572
  accuracy = 0.9630  (prec=0.7725, rec=0.9627)
  tp=1963 fp=578 fn=76 tn=15047

[save] D:\Users\dust\Documents\학교\2026년도1학기\컴퓨터비전\실습\FoundationStereo\experiments\ds_v1_seed0/blue_bathroom_v56\submodel
  pred_mask.png, panel.png, metrics.json, head.pt
DONE: D:\Users\dust\Documents\학교\2026년도1학기\컴퓨터비전\실습\FoundationStereo\experiments\ds_v1_seed0/blue_bathroom_v56\submodel
[device] cuda
[load] D:\Users\dust\Documents\학교\2026년도1학기\컴퓨터비전\실습\FoundationStereo\experiments\_model\general_head.pt  (train_scenes=['archiviz_baseline080', 'bedroom_baseline080', 'blue_bathroom_baseline080', 'computer_room_baseline080', 'cozy_living_room_baseline080', 'flat-archiviz_baseline080', 'green_house_baseline080', 'gym_baseline080', 'livingroom_baseline080', 'minimal_interior_baseline080', 'scandinavian_baseline080', 'sunlight_baseline080'])

[APPLY] ds_v1_seed0/blue_bathroom_v56  (저장모델로 새 데이터 평가)
  AUC      = 0.9436
  IoU@0.5  = 0.1965
  F1@0.5   = 0.3285
  accuracy = 0.9071  (prec=0.9585, rec=0.1982)
  tp=1338 fp=58 fn=5413 tn=52071
[save] D:\Users\dust\Documents\학교\2026년도1학기\컴퓨터비전\실습\FoundationStereo\experiments\ds_v1_seed0/blue_bathroom_v56\submodel_applied  (pred_mask.png, panel.png, metrics.json)

============================================================
STEP: estimate_mirror_plane
============================================================

============================================================
STEP: viz_ransac_inliers
============================================================

============================================================
STEP: make_mirror_gt_from_depth
============================================================

============================================================
STEP: analyze_features
============================================================

============================================================
STEP: submodel_head
============================================================

============================================================
STEP: apply_submodel
============================================================

DONE: D:\Users\dust\Documents\학교\2026년도1학기\컴퓨터비전\실습\FoundationStereo\experiments\ds_v1_seed0/blue_bathroom_v56 (ok)

[batch] 끝: done 40, fail 0, skip 82, 총 0.4h
