[batch] D:\Users\dust\Documents\학교\2026년도1학기\컴퓨터비전\실습\Archive\ds_v1_seed0 → experiments/ds_v1_seed0/  (2 scene, 132 views, post_only)

##### [29/132] ds_v1_seed0/minimal_interior_v28  (done 0, fail 0, skip 28, elapsed 0m, ETA 0m) #####
[scene] ds_v1_seed0/minimal_interior_v28  size=1280x720
[select] mirror 점 개수 = 67256  (mask=67256, valid&depth = 896943)
[conf] mirror 영역 평균 confidence = 0.7070

=== 평면 추정 결과 ===
  [PCA (closed form)]
      normal = [-0.6346, -0.6281, -0.4503]
      d = +2.4798   mirror_depth(perp) = 2.4798 m   view_z = 9.5820 m
      n_inliers = 67256/67256   rms_residual = 0.18317 m
  [RANSAC]
      normal = [-0.7196, -0.5366, -0.4407]
      d = +2.2851   mirror_depth(perp) = 2.2851 m   view_z = 9.5820 m
      n_inliers = 20287/67256   rms_residual = 0.03153 m
  [SVD robust (IRLS)]
      normal = [-0.6411, -0.6227, -0.4485]
      d = +2.4411   mirror_depth(perp) = 2.4411 m   view_z = 9.5820 m
      n_inliers = 19477/67256   rms_residual = 0.03291 m

[save] D:\Users\dust\Documents\학교\2026년도1학기\컴퓨터비전\실습\FoundationStereo\experiments\ds_v1_seed0/minimal_interior_v28\mirror_geometry\result.json
[save] D:\Users\dust\Documents\학교\2026년도1학기\컴퓨터비전\실습\FoundationStereo\experiments\ds_v1_seed0/minimal_interior_v28\mirror_geometry\plane.txt
[save] D:\Users\dust\Documents\학교\2026년도1학기\컴퓨터비전\실습\FoundationStereo\experiments\ds_v1_seed0/minimal_interior_v28\mirror_geometry\viz.png

DONE: D:\Users\dust\Documents\학교\2026년도1학기\컴퓨터비전\실습\FoundationStereo\experiments\ds_v1_seed0/minimal_interior_v28\mirror_geometry
[ds_v1_seed0/minimal_interior_v28] 거울 점 67256개 중 inlier 20287 (30.2%) / outlier 46969
  normal=[-0.72  -0.537 -0.441] d=2.285  rms(inlier)=0.0315 m  thr≈0.058 m
[save] D:\Users\dust\Documents\학교\2026년도1학기\컴퓨터비전\실습\FoundationStereo\experiments\ds_v1_seed0/minimal_interior_v28\mirror_geometry\ransac_inliers.png
[gt] minimal_interior_v28         perp 6.92m planRMS 0.0000m  normal [0.599, 0.154, -0.786]

생성 1, 건너뜀 0 (depth_gt/mask 없음 등)
[ds_v1_seed0/minimal_interior_v28] feature 184x320  mirror_frac=0.07347146739130435  feat_left=True
rank  signal              AUC    pol  sep     mean_in     mean_out
  1  feat_left_l2       0.6981   +   0.342   18.478505   16.516657
  2  post_entropy       0.6874   -  0.2851    0.649604     0.70969
  3  feat_left_pc1      0.6685   -  0.2836    1.921715    2.934929
  4  delta_argdisp      0.6501   -  0.2514   30.498382   45.945412
  5  feat_left_pc3      0.5689   +  0.0805    1.904034    1.669266
  6  post_conf          0.5641   +  0.1073    0.706991    0.684851
  7  pre_conf           0.5319   +  0.0756    0.440463    0.407452
  8  feat_left_pc2      0.5234   +  0.0538     2.36014    2.178971
  9  pre_entropy        0.5173   -  0.0174    1.855301    1.884711
 10  delta_conf         0.5033   -  0.0226    0.266529    0.277399
 11  delta_entropy      0.5007   -  0.0181   -1.205697   -1.175021
BEST: feat_left_l2 (AUC=0.6981, polarity=+)
저장: D:\Users\dust\Documents\학교\2026년도1학기\컴퓨터비전\실습\FoundationStereo\experiments\ds_v1_seed0/minimal_interior_v28\features\report.json / panels.png / mirror_signal.npy
[device] cuda
  [train] epoch 60/300  loss=0.5939
  [train] epoch 120/300  loss=0.3706
  [train] epoch 180/300  loss=0.2426
  [train] epoch 240/300  loss=0.1614
  [train] epoch 300/300  loss=0.1125

[VAL] scene=ds_v1_seed0/minimal_interior_v28  (pixel 70/30 split)
  AUC      = 0.9967
  IoU@0.5  = 0.7375
  F1@0.5   = 0.8489
  accuracy = 0.9745  (prec=0.7506, rec=0.9769)
  tp=1267 fp=421 fn=30 tn=15946

[save] D:\Users\dust\Documents\학교\2026년도1학기\컴퓨터비전\실습\FoundationStereo\experiments\ds_v1_seed0/minimal_interior_v28\submodel
  pred_mask.png, panel.png, metrics.json, head.pt
DONE: D:\Users\dust\Documents\학교\2026년도1학기\컴퓨터비전\실습\FoundationStereo\experiments\ds_v1_seed0/minimal_interior_v28\submodel
[device] cuda
[load] D:\Users\dust\Documents\학교\2026년도1학기\컴퓨터비전\실습\FoundationStereo\experiments\_model\general_head.pt  (train_scenes=['archiviz_baseline080', 'bedroom_baseline080', 'blue_bathroom_baseline080', 'computer_room_baseline080', 'cozy_living_room_baseline080', 'flat-archiviz_baseline080', 'green_house_baseline080', 'gym_baseline080', 'livingroom_baseline080', 'minimal_interior_baseline080', 'scandinavian_baseline080', 'sunlight_baseline080'])

[APPLY] ds_v1_seed0/minimal_interior_v28  (저장모델로 새 데이터 평가)
  AUC      = 0.9651
  IoU@0.5  = 0.3652
  F1@0.5   = 0.5350
  accuracy = 0.9468  (prec=0.7482, rec=0.4163)
  tp=1801 fp=606 fn=2525 tn=53948
[save] D:\Users\dust\Documents\학교\2026년도1학기\컴퓨터비전\실습\FoundationStereo\experiments\ds_v1_seed0/minimal_interior_v28\submodel_applied  (pred_mask.png, panel.png, metrics.json)

============================================================
STEP: estimate_mirror_plane
============================================================

============================================================
STEP: viz_ransac_inliers
============================================================

============================================================
STEP: make_mirror_gt_from_depth
============================================================

============================================================
STEP: analyze_features
============================================================

============================================================
STEP: submodel_head
============================================================

============================================================
STEP: apply_submodel
============================================================

DONE: D:\Users\dust\Documents\학교\2026년도1학기\컴퓨터비전\실습\FoundationStereo\experiments\ds_v1_seed0/minimal_interior_v28 (ok)

##### [30/132] ds_v1_seed0/minimal_interior_v29  (done 1, fail 0, skip 28, elapsed 1m, ETA 70m) #####
[scene] ds_v1_seed0/minimal_interior_v29  size=1280x720
[select] mirror 점 개수 = 61278  (mask=61278, valid&depth = 896797)
[conf] mirror 영역 평균 confidence = 0.7157

=== 평면 추정 결과 ===
  [PCA (closed form)]
      normal = [-0.7266, -0.6421, -0.2447]
      d = +2.5683   mirror_depth(perp) = 2.5683 m   view_z = 10.1288 m
      n_inliers = 61278/61278   rms_residual = 0.18612 m
  [RANSAC]
      normal = [-0.8306, -0.5236, -0.1897]
      d = +2.2337   mirror_depth(perp) = 2.2337 m   view_z = 10.1288 m
      n_inliers = 19072/61278   rms_residual = 0.03135 m
  [SVD robust (IRLS)]
      normal = [-0.7486, -0.6206, -0.2335]
      d = +2.4875   mirror_depth(perp) = 2.4875 m   view_z = 10.1288 m
      n_inliers = 16933/61278   rms_residual = 0.03275 m

[save] D:\Users\dust\Documents\학교\2026년도1학기\컴퓨터비전\실습\FoundationStereo\experiments\ds_v1_seed0/minimal_interior_v29\mirror_geometry\result.json
[save] D:\Users\dust\Documents\학교\2026년도1학기\컴퓨터비전\실습\FoundationStereo\experiments\ds_v1_seed0/minimal_interior_v29\mirror_geometry\plane.txt
[save] D:\Users\dust\Documents\학교\2026년도1학기\컴퓨터비전\실습\FoundationStereo\experiments\ds_v1_seed0/minimal_interior_v29\mirror_geometry\viz.png

DONE: D:\Users\dust\Documents\학교\2026년도1학기\컴퓨터비전\실습\FoundationStereo\experiments\ds_v1_seed0/minimal_interior_v29\mirror_geometry
[ds_v1_seed0/minimal_interior_v29] 거울 점 61278개 중 inlier 19072 (31.1%) / outlier 42206
  normal=[-0.831 -0.524 -0.19 ] d=2.234  rms(inlier)=0.0313 m  thr≈0.057 m
[save] D:\Users\dust\Documents\학교\2026년도1학기\컴퓨터비전\실습\FoundationStereo\experiments\ds_v1_seed0/minimal_interior_v29\mirror_geometry\ransac_inliers.png
[gt] minimal_interior_v29         perp 7.25m planRMS 0.0000m  normal [0.326, 0.163, -0.931]

생성 1, 건너뜀 0 (depth_gt/mask 없음 등)
[ds_v1_seed0/minimal_interior_v29] feature 184x320  mirror_frac=0.06698369565217391  feat_left=True
rank  signal              AUC    pol  sep     mean_in     mean_out
  1  feat_left_l2       0.8177   +  0.6021   20.001124   16.240412
  2  post_entropy       0.7988   -  0.5363    0.637113    0.818763
  3  feat_left_pc1      0.7327   -  0.3682    1.941487    3.307177
  4  post_conf          0.6704   +  0.3257    0.714688    0.638005
  5  feat_left_pc2      0.6416   +  0.2619    3.270608    2.254375
  6  delta_argdisp      0.6346   -    0.21   35.513945    48.21667
  7  delta_conf         0.5943   +  0.1535    0.281241    0.206059
  8  delta_entropy      0.5906   -   0.137   -1.159108   -0.956609
  9  feat_left_pc3      0.5697   +  0.1047    1.970096    1.646299
 10  pre_entropy        0.5299   +  0.0145    1.796221    1.775373
 11  pre_conf           0.5102   -  0.0036    0.433446    0.431946
BEST: feat_left_l2 (AUC=0.8177, polarity=+)
저장: D:\Users\dust\Documents\학교\2026년도1학기\컴퓨터비전\실습\FoundationStereo\experiments\ds_v1_seed0/minimal_interior_v29\features\report.json / panels.png / mirror_signal.npy
[device] cuda
  [train] epoch 60/300  loss=0.5422
  [train] epoch 120/300  loss=0.3659
  [train] epoch 180/300  loss=0.2646
  [train] epoch 240/300  loss=0.1921
  [train] epoch 300/300  loss=0.1393

[VAL] scene=ds_v1_seed0/minimal_interior_v29  (pixel 70/30 split)
  AUC      = 0.9944
  IoU@0.5  = 0.6384
  F1@0.5   = 0.7793
  accuracy = 0.9635  (prec=0.6512, rec=0.9701)
  tp=1137 fp=609 fn=35 tn=15883

[save] D:\Users\dust\Documents\학교\2026년도1학기\컴퓨터비전\실습\FoundationStereo\experiments\ds_v1_seed0/minimal_interior_v29\submodel
  pred_mask.png, panel.png, metrics.json, head.pt
DONE: D:\Users\dust\Documents\학교\2026년도1학기\컴퓨터비전\실습\FoundationStereo\experiments\ds_v1_seed0/minimal_interior_v29\submodel
[device] cuda
[load] D:\Users\dust\Documents\학교\2026년도1학기\컴퓨터비전\실습\FoundationStereo\experiments\_model\general_head.pt  (train_scenes=['archiviz_baseline080', 'bedroom_baseline080', 'blue_bathroom_baseline080', 'computer_room_baseline080', 'cozy_living_room_baseline080', 'flat-archiviz_baseline080', 'green_house_baseline080', 'gym_baseline080', 'livingroom_baseline080', 'minimal_interior_baseline080', 'scandinavian_baseline080', 'sunlight_baseline080'])

[APPLY] ds_v1_seed0/minimal_interior_v29  (저장모델로 새 데이터 평가)
  AUC      = 0.9534
  IoU@0.5  = 0.4342
  F1@0.5   = 0.6055
  accuracy = 0.9498  (prec=0.6387, rec=0.5756)
  tp=2270 fp=1284 fn=1674 tn=53652
[save] D:\Users\dust\Documents\학교\2026년도1학기\컴퓨터비전\실습\FoundationStereo\experiments\ds_v1_seed0/minimal_interior_v29\submodel_applied  (pred_mask.png, panel.png, metrics.json)

============================================================
STEP: estimate_mirror_plane
============================================================

============================================================
STEP: viz_ransac_inliers
============================================================

============================================================
STEP: make_mirror_gt_from_depth
============================================================

============================================================
STEP: analyze_features
============================================================

============================================================
STEP: submodel_head
============================================================

============================================================
STEP: apply_submodel
============================================================

DONE: D:\Users\dust\Documents\학교\2026년도1학기\컴퓨터비전\실습\FoundationStereo\experiments\ds_v1_seed0/minimal_interior_v29 (ok)

##### [31/132] ds_v1_seed0/minimal_interior_v30  (done 2, fail 0, skip 28, elapsed 1m, ETA 57m) #####
[scene] ds_v1_seed0/minimal_interior_v30  size=1280x720
[select] mirror 점 개수 = 75202  (mask=75202, valid&depth = 896866)
[conf] mirror 영역 평균 confidence = 0.7207

=== 평면 추정 결과 ===
  [PCA (closed form)]
      normal = [-0.7644, -0.5902, -0.2595]
      d = +2.5345   mirror_depth(perp) = 2.5345 m   view_z = 9.7660 m
      n_inliers = 75202/75202   rms_residual = 0.17821 m
  [RANSAC]
      normal = [-0.9129, -0.3620, -0.1887]
      d = +2.2273   mirror_depth(perp) = 2.2273 m   view_z = 9.7660 m
      n_inliers = 22872/75202   rms_residual = 0.03163 m
  [SVD robust (IRLS)]
      normal = [-0.7560, -0.6012, -0.2591]
      d = +2.5080   mirror_depth(perp) = 2.5080 m   view_z = 9.7660 m
      n_inliers = 21116/75202   rms_residual = 0.03277 m

[save] D:\Users\dust\Documents\학교\2026년도1학기\컴퓨터비전\실습\FoundationStereo\experiments\ds_v1_seed0/minimal_interior_v30\mirror_geometry\result.json
[save] D:\Users\dust\Documents\학교\2026년도1학기\컴퓨터비전\실습\FoundationStereo\experiments\ds_v1_seed0/minimal_interior_v30\mirror_geometry\plane.txt
[save] D:\Users\dust\Documents\학교\2026년도1학기\컴퓨터비전\실습\FoundationStereo\experiments\ds_v1_seed0/minimal_interior_v30\mirror_geometry\viz.png

DONE: D:\Users\dust\Documents\학교\2026년도1학기\컴퓨터비전\실습\FoundationStereo\experiments\ds_v1_seed0/minimal_interior_v30\mirror_geometry
[ds_v1_seed0/minimal_interior_v30] 거울 점 75202개 중 inlier 22872 (30.4%) / outlier 52330
  normal=[-0.913 -0.362 -0.189] d=2.227  rms(inlier)=0.0316 m  thr≈0.058 m
[save] D:\Users\dust\Documents\학교\2026년도1학기\컴퓨터비전\실습\FoundationStereo\experiments\ds_v1_seed0/minimal_interior_v30\mirror_geometry\ransac_inliers.png
[gt] minimal_interior_v30         perp 6.85m planRMS 0.0000m  normal [0.358, 0.17, -0.918]

생성 1, 건너뜀 0 (depth_gt/mask 없음 등)
[ds_v1_seed0/minimal_interior_v30] feature 184x320  mirror_frac=0.08211616847826086  feat_left=True
rank  signal              AUC    pol  sep     mean_in     mean_out
  1  post_entropy       0.7815   -  0.4692    0.645192    0.810228
  2  feat_left_l2       0.7684   +  0.4761   19.188731   16.306365
  3  feat_left_pc1      0.7106   -  0.3943    1.902685    3.207164
  4  post_conf           0.691   +  0.3536    0.719812    0.639605
  5  delta_argdisp      0.6024   -  0.1599   37.989866    47.55587
  6  delta_conf         0.5975   +   0.165    0.293309    0.214998
  7  delta_entropy      0.5716   -  0.1121   -1.167727   -1.000445
  8  feat_left_pc2      0.5672   +  0.1403    2.745813    2.227763
  9  feat_left_pc3      0.5357   +  0.0309    1.735879    1.645099
 10  pre_entropy        0.5191   +  0.0016     1.81292    1.810672
 11  pre_conf            0.504   -  0.0047    0.426503    0.424606
BEST: post_entropy (AUC=0.7815, polarity=-)
저장: D:\Users\dust\Documents\학교\2026년도1학기\컴퓨터비전\실습\FoundationStereo\experiments\ds_v1_seed0/minimal_interior_v30\features\report.json / panels.png / mirror_signal.npy
[device] cuda
  [train] epoch 60/300  loss=0.5653
  [train] epoch 120/300  loss=0.3907
  [train] epoch 180/300  loss=0.2799
  [train] epoch 240/300  loss=0.2013
  [train] epoch 300/300  loss=0.1491

[VAL] scene=ds_v1_seed0/minimal_interior_v30  (pixel 70/30 split)
  AUC      = 0.9934
  IoU@0.5  = 0.6636
  F1@0.5   = 0.7978
  accuracy = 0.9607  (prec=0.6814, rec=0.9621)
  tp=1369 fp=640 fn=54 tn=15601

[save] D:\Users\dust\Documents\학교\2026년도1학기\컴퓨터비전\실습\FoundationStereo\experiments\ds_v1_seed0/minimal_interior_v30\submodel
  pred_mask.png, panel.png, metrics.json, head.pt
DONE: D:\Users\dust\Documents\학교\2026년도1학기\컴퓨터비전\실습\FoundationStereo\experiments\ds_v1_seed0/minimal_interior_v30\submodel
[device] cuda
[load] D:\Users\dust\Documents\학교\2026년도1학기\컴퓨터비전\실습\FoundationStereo\experiments\_model\general_head.pt  (train_scenes=['archiviz_baseline080', 'bedroom_baseline080', 'blue_bathroom_baseline080', 'computer_room_baseline080', 'cozy_living_room_baseline080', 'flat-archiviz_baseline080', 'green_house_baseline080', 'gym_baseline080', 'livingroom_baseline080', 'minimal_interior_baseline080', 'scandinavian_baseline080', 'sunlight_baseline080'])

[APPLY] ds_v1_seed0/minimal_interior_v30  (저장모델로 새 데이터 평가)
  AUC      = 0.9534
  IoU@0.5  = 0.3751
  F1@0.5   = 0.5455
  accuracy = 0.9400  (prec=0.7218, rec=0.4385)
  tp=2120 fp=817 fn=2715 tn=53228
[save] D:\Users\dust\Documents\학교\2026년도1학기\컴퓨터비전\실습\FoundationStereo\experiments\ds_v1_seed0/minimal_interior_v30\submodel_applied  (pred_mask.png, panel.png, metrics.json)

============================================================
STEP: estimate_mirror_plane
============================================================

============================================================
STEP: viz_ransac_inliers
============================================================

============================================================
STEP: make_mirror_gt_from_depth
============================================================

============================================================
STEP: analyze_features
============================================================

============================================================
STEP: submodel_head
============================================================

============================================================
STEP: apply_submodel
============================================================

DONE: D:\Users\dust\Documents\학교\2026년도1학기\컴퓨터비전\실습\FoundationStereo\experiments\ds_v1_seed0/minimal_interior_v30 (ok)

##### [32/132] ds_v1_seed0/minimal_interior_v31  (done 3, fail 0, skip 28, elapsed 2m, ETA 52m) #####
[scene] ds_v1_seed0/minimal_interior_v31  size=1280x720
[select] mirror 점 개수 = 80219  (mask=80219, valid&depth = 900720)
[conf] mirror 영역 평균 confidence = 0.7119

=== 평면 추정 결과 ===
  [PCA (closed form)]
      normal = [-0.8950, -0.3696, -0.2496]
      d = +2.4465   mirror_depth(perp) = 2.4465 m   view_z = 10.8780 m
      n_inliers = 80219/80219   rms_residual = 0.19416 m
  [RANSAC]
      normal = [-0.9644, +0.0639, -0.2566]
      d = +2.3359   mirror_depth(perp) = 2.3359 m   view_z = 10.8780 m
      n_inliers = 35657/80219   rms_residual = 0.01243 m
  [SVD robust (IRLS)]
      normal = [-0.9050, -0.3428, -0.2517]
      d = +2.4462   mirror_depth(perp) = 2.4462 m   view_z = 10.8780 m
      n_inliers = 20433/80219   rms_residual = 0.03260 m

[save] D:\Users\dust\Documents\학교\2026년도1학기\컴퓨터비전\실습\FoundationStereo\experiments\ds_v1_seed0/minimal_interior_v31\mirror_geometry\result.json
[save] D:\Users\dust\Documents\학교\2026년도1학기\컴퓨터비전\실습\FoundationStereo\experiments\ds_v1_seed0/minimal_interior_v31\mirror_geometry\plane.txt
[save] D:\Users\dust\Documents\학교\2026년도1학기\컴퓨터비전\실습\FoundationStereo\experiments\ds_v1_seed0/minimal_interior_v31\mirror_geometry\viz.png

DONE: D:\Users\dust\Documents\학교\2026년도1학기\컴퓨터비전\실습\FoundationStereo\experiments\ds_v1_seed0/minimal_interior_v31\mirror_geometry
[ds_v1_seed0/minimal_interior_v31] 거울 점 80219개 중 inlier 35657 (44.4%) / outlier 44562
  normal=[-0.964  0.064 -0.257] d=2.336  rms(inlier)=0.0124 m  thr≈0.058 m
[save] D:\Users\dust\Documents\학교\2026년도1학기\컴퓨터비전\실습\FoundationStereo\experiments\ds_v1_seed0/minimal_interior_v31\mirror_geometry\ransac_inliers.png
[gt] minimal_interior_v31         perp 7.30m planRMS 0.0000m  normal [0.465, -0.022, -0.885]

생성 1, 건너뜀 0 (depth_gt/mask 없음 등)
[ds_v1_seed0/minimal_interior_v31] feature 184x320  mirror_frac=0.08656589673913044  feat_left=True
rank  signal              AUC    pol  sep     mean_in     mean_out
  1  feat_left_l2        0.755   +  0.4292   19.023583   16.217155
  2  feat_left_pc1      0.6863   -  0.2446    2.214255    3.147019
  3  delta_argdisp      0.6653   -   0.282   36.942711    54.69072
  4  post_entropy        0.651   -  0.2908    0.634135    0.771648
  5  post_conf          0.5691   +  0.1489    0.712184    0.671289
  6  feat_left_pc3      0.5636   +  0.1072    1.806803     1.45139
  7  feat_left_pc2      0.5458   +   0.102    2.705776     2.29556
  8  pre_conf           0.5307   +  0.0662    0.451696    0.421565
  9  pre_entropy        0.5219   -  0.0697     1.74692    1.856797
 10  delta_entropy      0.5185   -  0.0165   -1.112785   -1.085148
 11  delta_conf         0.5157   +  0.0196    0.260489    0.249724
BEST: feat_left_l2 (AUC=0.755, polarity=+)
저장: D:\Users\dust\Documents\학교\2026년도1학기\컴퓨터비전\실습\FoundationStereo\experiments\ds_v1_seed0/minimal_interior_v31\features\report.json / panels.png / mirror_signal.npy
[device] cuda
  [train] epoch 60/300  loss=0.5631
  [train] epoch 120/300  loss=0.3039
  [train] epoch 180/300  loss=0.1881
  [train] epoch 240/300  loss=0.1272
  [train] epoch 300/300  loss=0.0920

[VAL] scene=ds_v1_seed0/minimal_interior_v31  (pixel 70/30 split)
  AUC      = 0.9974
  IoU@0.5  = 0.7954
  F1@0.5   = 0.8860
  accuracy = 0.9775  (prec=0.8091, rec=0.9791)
  tp=1543 fp=364 fn=33 tn=15724

[save] D:\Users\dust\Documents\학교\2026년도1학기\컴퓨터비전\실습\FoundationStereo\experiments\ds_v1_seed0/minimal_interior_v31\submodel
  pred_mask.png, panel.png, metrics.json, head.pt
DONE: D:\Users\dust\Documents\학교\2026년도1학기\컴퓨터비전\실습\FoundationStereo\experiments\ds_v1_seed0/minimal_interior_v31\submodel
[device] cuda
[load] D:\Users\dust\Documents\학교\2026년도1학기\컴퓨터비전\실습\FoundationStereo\experiments\_model\general_head.pt  (train_scenes=['archiviz_baseline080', 'bedroom_baseline080', 'blue_bathroom_baseline080', 'computer_room_baseline080', 'cozy_living_room_baseline080', 'flat-archiviz_baseline080', 'green_house_baseline080', 'gym_baseline080', 'livingroom_baseline080', 'minimal_interior_baseline080', 'scandinavian_baseline080', 'sunlight_baseline080'])

[APPLY] ds_v1_seed0/minimal_interior_v31  (저장모델로 새 데이터 평가)
  AUC      = 0.9122
  IoU@0.5  = 0.3173
  F1@0.5   = 0.4818
  accuracy = 0.9278  (prec=0.6357, rec=0.3879)
  tp=1977 fp=1133 fn=3120 tn=52650
[save] D:\Users\dust\Documents\학교\2026년도1학기\컴퓨터비전\실습\FoundationStereo\experiments\ds_v1_seed0/minimal_interior_v31\submodel_applied  (pred_mask.png, panel.png, metrics.json)

============================================================
STEP: estimate_mirror_plane
============================================================

============================================================
STEP: viz_ransac_inliers
============================================================

============================================================
STEP: make_mirror_gt_from_depth
============================================================

============================================================
STEP: analyze_features
============================================================

============================================================
STEP: submodel_head
============================================================

============================================================
STEP: apply_submodel
============================================================

DONE: D:\Users\dust\Documents\학교\2026년도1학기\컴퓨터비전\실습\FoundationStereo\experiments\ds_v1_seed0/minimal_interior_v31 (ok)

##### [33/132] ds_v1_seed0/minimal_interior_v32  (done 4, fail 0, skip 28, elapsed 2m, ETA 49m) #####
[scene] ds_v1_seed0/minimal_interior_v32  size=1280x720
[select] mirror 점 개수 = 65646  (mask=65646, valid&depth = 896696)
[conf] mirror 영역 평균 confidence = 0.6975

=== 평면 추정 결과 ===
  [PCA (closed form)]
      normal = [-0.6871, -0.5906, -0.4231]
      d = +2.4652   mirror_depth(perp) = 2.4652 m   view_z = 9.7359 m
      n_inliers = 65646/65646   rms_residual = 0.19404 m
  [RANSAC]
      normal = [-0.7879, -0.4819, -0.3835]
      d = +2.0339   mirror_depth(perp) = 2.0339 m   view_z = 9.7359 m
      n_inliers = 18247/65646   rms_residual = 0.03214 m
  [SVD robust (IRLS)]
      normal = [-0.6766, -0.6036, -0.4216]
      d = +2.4341   mirror_depth(perp) = 2.4341 m   view_z = 9.7359 m
      n_inliers = 17095/65646   rms_residual = 0.03391 m

[save] D:\Users\dust\Documents\학교\2026년도1학기\컴퓨터비전\실습\FoundationStereo\experiments\ds_v1_seed0/minimal_interior_v32\mirror_geometry\result.json
[save] D:\Users\dust\Documents\학교\2026년도1학기\컴퓨터비전\실습\FoundationStereo\experiments\ds_v1_seed0/minimal_interior_v32\mirror_geometry\plane.txt
[save] D:\Users\dust\Documents\학교\2026년도1학기\컴퓨터비전\실습\FoundationStereo\experiments\ds_v1_seed0/minimal_interior_v32\mirror_geometry\viz.png

DONE: D:\Users\dust\Documents\학교\2026년도1학기\컴퓨터비전\실습\FoundationStereo\experiments\ds_v1_seed0/minimal_interior_v32\mirror_geometry
[ds_v1_seed0/minimal_interior_v32] 거울 점 65646개 중 inlier 18247 (27.8%) / outlier 47399
  normal=[-0.788 -0.482 -0.383] d=2.034  rms(inlier)=0.0321 m  thr≈0.059 m
[save] D:\Users\dust\Documents\학교\2026년도1학기\컴퓨터비전\실습\FoundationStereo\experiments\ds_v1_seed0/minimal_interior_v32\mirror_geometry\ransac_inliers.png
[gt] minimal_interior_v32         perp 6.97m planRMS 0.0000m  normal [0.563, 0.158, -0.811]

생성 1, 건너뜀 0 (depth_gt/mask 없음 등)
[ds_v1_seed0/minimal_interior_v32] feature 184x320  mirror_frac=0.07177309782608696  feat_left=True
rank  signal              AUC    pol  sep     mean_in     mean_out
  1  feat_left_l2       0.7126   +  0.3591   18.477571   16.459088
  2  feat_left_pc1      0.6824   -  0.3231    1.856905    2.958639
  3  post_entropy       0.6293   -  0.1986    0.664639     0.70979
  4  delta_argdisp      0.6058   -  0.1895   34.389967   45.841658
  5  feat_left_pc3      0.5508   +  0.0387    1.770086    1.662178
  6  feat_left_pc2       0.537   +  0.0663    2.385489      2.1634
  7  post_conf          0.5345   +  0.0571    0.697258    0.685243
  8  delta_entropy      0.5296   -  0.0321   -1.228719    -1.17768
  9  pre_entropy        0.5143   +  0.0037    1.893357     1.88747
 10  delta_conf         0.5132   +  0.0109    0.281486    0.276421
 11  pre_conf           0.5021   +  0.0168    0.415773    0.408822
BEST: feat_left_l2 (AUC=0.7126, polarity=+)
저장: D:\Users\dust\Documents\학교\2026년도1학기\컴퓨터비전\실습\FoundationStereo\experiments\ds_v1_seed0/minimal_interior_v32\features\report.json / panels.png / mirror_signal.npy
[device] cuda
  [train] epoch 60/300  loss=0.6158
  [train] epoch 120/300  loss=0.3986
  [train] epoch 180/300  loss=0.2671
  [train] epoch 240/300  loss=0.1815
  [train] epoch 300/300  loss=0.1281

[VAL] scene=ds_v1_seed0/minimal_interior_v32  (pixel 70/30 split)
  AUC      = 0.9951
  IoU@0.5  = 0.6700
  F1@0.5   = 0.8024
  accuracy = 0.9661  (prec=0.6839, rec=0.9704)
  tp=1214 fp=561 fn=37 tn=15852

[save] D:\Users\dust\Documents\학교\2026년도1학기\컴퓨터비전\실습\FoundationStereo\experiments\ds_v1_seed0/minimal_interior_v32\submodel
  pred_mask.png, panel.png, metrics.json, head.pt
DONE: D:\Users\dust\Documents\학교\2026년도1학기\컴퓨터비전\실습\FoundationStereo\experiments\ds_v1_seed0/minimal_interior_v32\submodel
[device] cuda
[load] D:\Users\dust\Documents\학교\2026년도1학기\컴퓨터비전\실습\FoundationStereo\experiments\_model\general_head.pt  (train_scenes=['archiviz_baseline080', 'bedroom_baseline080', 'blue_bathroom_baseline080', 'computer_room_baseline080', 'cozy_living_room_baseline080', 'flat-archiviz_baseline080', 'green_house_baseline080', 'gym_baseline080', 'livingroom_baseline080', 'minimal_interior_baseline080', 'scandinavian_baseline080', 'sunlight_baseline080'])

[APPLY] ds_v1_seed0/minimal_interior_v32  (저장모델로 새 데이터 평가)
  AUC      = 0.9631
  IoU@0.5  = 0.3884
  F1@0.5   = 0.5595
  accuracy = 0.9481  (prec=0.7161, rec=0.4591)
  tp=1940 fp=769 fn=2286 tn=53885
[save] D:\Users\dust\Documents\학교\2026년도1학기\컴퓨터비전\실습\FoundationStereo\experiments\ds_v1_seed0/minimal_interior_v32\submodel_applied  (pred_mask.png, panel.png, metrics.json)

============================================================
STEP: estimate_mirror_plane
============================================================

============================================================
STEP: viz_ransac_inliers
============================================================

============================================================
STEP: make_mirror_gt_from_depth
============================================================

============================================================
STEP: analyze_features
============================================================

============================================================
STEP: submodel_head
============================================================

============================================================
STEP: apply_submodel
============================================================

DONE: D:\Users\dust\Documents\학교\2026년도1학기\컴퓨터비전\실습\FoundationStereo\experiments\ds_v1_seed0/minimal_interior_v32 (ok)

##### [34/132] ds_v1_seed0/minimal_interior_v33  (done 5, fail 0, skip 28, elapsed 2m, ETA 48m) #####
[scene] ds_v1_seed0/minimal_interior_v33  size=1280x720
[select] mirror 점 개수 = 89637  (mask=89637, valid&depth = 898368)
[conf] mirror 영역 평균 confidence = 0.7272

=== 평면 추정 결과 ===
  [PCA (closed form)]
      normal = [-0.8213, -0.4150, -0.3916]
      d = +2.5144   mirror_depth(perp) = 2.5144 m   view_z = 10.1734 m
      n_inliers = 89637/89637   rms_residual = 0.18998 m
  [RANSAC]
      normal = [-0.9374, +0.1252, -0.3250]
      d = +2.4423   mirror_depth(perp) = 2.4423 m   view_z = 10.1734 m
      n_inliers = 33418/89637   rms_residual = 0.01589 m
  [SVD robust (IRLS)]
      normal = [-0.8207, -0.4164, -0.3913]
      d = +2.5029   mirror_depth(perp) = 2.5029 m   view_z = 10.1734 m
      n_inliers = 24034/89637   rms_residual = 0.03387 m

[save] D:\Users\dust\Documents\학교\2026년도1학기\컴퓨터비전\실습\FoundationStereo\experiments\ds_v1_seed0/minimal_interior_v33\mirror_geometry\result.json
[save] D:\Users\dust\Documents\학교\2026년도1학기\컴퓨터비전\실습\FoundationStereo\experiments\ds_v1_seed0/minimal_interior_v33\mirror_geometry\plane.txt
[save] D:\Users\dust\Documents\학교\2026년도1학기\컴퓨터비전\실습\FoundationStereo\experiments\ds_v1_seed0/minimal_interior_v33\mirror_geometry\viz.png

DONE: D:\Users\dust\Documents\학교\2026년도1학기\컴퓨터비전\실습\FoundationStereo\experiments\ds_v1_seed0/minimal_interior_v33\mirror_geometry
[ds_v1_seed0/minimal_interior_v33] 거울 점 89637개 중 inlier 33418 (37.3%) / outlier 56219
  normal=[-0.937  0.125 -0.325] d=2.442  rms(inlier)=0.0159 m  thr≈0.061 m
[save] D:\Users\dust\Documents\학교\2026년도1학기\컴퓨터비전\실습\FoundationStereo\experiments\ds_v1_seed0/minimal_interior_v33\mirror_geometry\ransac_inliers.png
[gt] minimal_interior_v33         perp 7.02m planRMS 0.0000m  normal [0.536, 0.124, -0.835]

생성 1, 건너뜀 0 (depth_gt/mask 없음 등)
[ds_v1_seed0/minimal_interior_v33] feature 184x320  mirror_frac=0.09772418478260869  feat_left=True
rank  signal              AUC    pol  sep     mean_in     mean_out
  1  feat_left_l2       0.6514   +  0.2425   17.890168   16.494419
  2  feat_left_pc1      0.6296   -  0.1886    2.146336    2.830074
  3  post_entropy       0.6276   -  0.1855    0.633547    0.677782
  4  delta_argdisp      0.5766   -  0.1233   37.205944   45.019256
  5  post_conf          0.5728   +  0.1205    0.726159    0.700333
  6  feat_left_pc3      0.5335   +   0.053    1.758465    1.602125
  7  pre_conf            0.522   +  0.0567    0.428355    0.404159
  8  delta_conf         0.5166   +  0.0034    0.297803    0.296174
  9  pre_entropy        0.5149   -  0.0645    1.827595     1.92824
 10  feat_left_pc2      0.5086   +  0.0262    2.143099    2.054188
 11  delta_entropy      0.5015   -  0.0359   -1.194047   -1.250458
BEST: feat_left_l2 (AUC=0.6514, polarity=+)
저장: D:\Users\dust\Documents\학교\2026년도1학기\컴퓨터비전\실습\FoundationStereo\experiments\ds_v1_seed0/minimal_interior_v33\features\report.json / panels.png / mirror_signal.npy
[device] cuda
  [train] epoch 60/300  loss=0.6289
  [train] epoch 120/300  loss=0.3651
  [train] epoch 180/300  loss=0.2213
  [train] epoch 240/300  loss=0.1421
  [train] epoch 300/300  loss=0.0976

[VAL] scene=ds_v1_seed0/minimal_interior_v33  (pixel 70/30 split)
  AUC      = 0.9971
  IoU@0.5  = 0.8320
  F1@0.5   = 0.9083
  accuracy = 0.9805  (prec=0.8511, rec=0.9737)
  tp=1704 fp=298 fn=46 tn=15616

[save] D:\Users\dust\Documents\학교\2026년도1학기\컴퓨터비전\실습\FoundationStereo\experiments\ds_v1_seed0/minimal_interior_v33\submodel
  pred_mask.png, panel.png, metrics.json, head.pt
DONE: D:\Users\dust\Documents\학교\2026년도1학기\컴퓨터비전\실습\FoundationStereo\experiments\ds_v1_seed0/minimal_interior_v33\submodel
[device] cuda
[load] D:\Users\dust\Documents\학교\2026년도1학기\컴퓨터비전\실습\FoundationStereo\experiments\_model\general_head.pt  (train_scenes=['archiviz_baseline080', 'bedroom_baseline080', 'blue_bathroom_baseline080', 'computer_room_baseline080', 'cozy_living_room_baseline080', 'flat-archiviz_baseline080', 'green_house_baseline080', 'gym_baseline080', 'livingroom_baseline080', 'minimal_interior_baseline080', 'scandinavian_baseline080', 'sunlight_baseline080'])

[APPLY] ds_v1_seed0/minimal_interior_v33  (저장모델로 새 데이터 평가)
  AUC      = 0.9562
  IoU@0.5  = 0.3550
  F1@0.5   = 0.5240
  accuracy = 0.9305  (prec=0.7916, rec=0.3916)
  tp=2253 fp=593 fn=3501 tn=52533
[save] D:\Users\dust\Documents\학교\2026년도1학기\컴퓨터비전\실습\FoundationStereo\experiments\ds_v1_seed0/minimal_interior_v33\submodel_applied  (pred_mask.png, panel.png, metrics.json)

============================================================
STEP: estimate_mirror_plane
============================================================

============================================================
STEP: viz_ransac_inliers
============================================================

============================================================
STEP: make_mirror_gt_from_depth
============================================================

============================================================
STEP: analyze_features
============================================================

============================================================
STEP: submodel_head
============================================================

============================================================
STEP: apply_submodel
============================================================

DONE: D:\Users\dust\Documents\학교\2026년도1학기\컴퓨터비전\실습\FoundationStereo\experiments\ds_v1_seed0/minimal_interior_v33 (ok)

##### [35/132] ds_v1_seed0/minimal_interior_v34  (done 6, fail 0, skip 28, elapsed 3m, ETA 47m) #####
[scene] ds_v1_seed0/minimal_interior_v34  size=1280x720
[select] mirror 점 개수 = 48914  (mask=48914, valid&depth = 896651)
[conf] mirror 영역 평균 confidence = 0.7013

=== 평면 추정 결과 ===
  [PCA (closed form)]
      normal = [-0.5551, -0.6702, -0.4927]
      d = +3.4018   mirror_depth(perp) = 3.4018 m   view_z = 9.4300 m
      n_inliers = 48914/48914   rms_residual = 0.16579 m
  [RANSAC]
      normal = [-0.5631, -0.6817, -0.4672]
      d = +3.1294   mirror_depth(perp) = 3.1294 m   view_z = 9.4300 m
      n_inliers = 15384/48914   rms_residual = 0.02976 m
  [SVD robust (IRLS)]
      normal = [-0.5670, -0.6666, -0.4839]
      d = +3.3061   mirror_depth(perp) = 3.3061 m   view_z = 9.4300 m
      n_inliers = 15175/48914   rms_residual = 0.03018 m

[save] D:\Users\dust\Documents\학교\2026년도1학기\컴퓨터비전\실습\FoundationStereo\experiments\ds_v1_seed0/minimal_interior_v34\mirror_geometry\result.json
[save] D:\Users\dust\Documents\학교\2026년도1학기\컴퓨터비전\실습\FoundationStereo\experiments\ds_v1_seed0/minimal_interior_v34\mirror_geometry\plane.txt
[save] D:\Users\dust\Documents\학교\2026년도1학기\컴퓨터비전\실습\FoundationStereo\experiments\ds_v1_seed0/minimal_interior_v34\mirror_geometry\viz.png

DONE: D:\Users\dust\Documents\학교\2026년도1학기\컴퓨터비전\실습\FoundationStereo\experiments\ds_v1_seed0/minimal_interior_v34\mirror_geometry
[ds_v1_seed0/minimal_interior_v34] 거울 점 48914개 중 inlier 15384 (31.5%) / outlier 33530
  normal=[-0.563 -0.682 -0.467] d=3.129  rms(inlier)=0.0298 m  thr≈0.053 m
[save] D:\Users\dust\Documents\학교\2026년도1학기\컴퓨터비전\실습\FoundationStereo\experiments\ds_v1_seed0/minimal_interior_v34\mirror_geometry\ransac_inliers.png
[gt] minimal_interior_v34         perp 7.12m planRMS 0.0000m  normal [0.514, 0.204, -0.833]

생성 1, 건너뜀 0 (depth_gt/mask 없음 등)
[ds_v1_seed0/minimal_interior_v34] feature 184x320  mirror_frac=0.05354959239130435  feat_left=True
rank  signal              AUC    pol  sep     mean_in     mean_out
  1  feat_left_l2       0.7334   +   0.397    18.77247    16.43438
  2  feat_left_pc1       0.692   -  0.3282    1.880562    3.047854
  3  post_entropy       0.6515   -   0.258     0.65393    0.722545
  4  delta_argdisp       0.593   -  0.1316   36.924833   45.039927
  5  feat_left_pc3      0.5913   +   0.111    2.012445    1.698701
  6  feat_left_pc2      0.5704   +  0.1245    2.655563    2.219377
  7  post_conf          0.5448   +  0.0868    0.700991    0.680413
  8  delta_entropy      0.5267   -  0.0028   -1.121766   -1.117548
  9  pre_conf           0.5149   +  0.0411    0.435774    0.418889
 10  delta_conf         0.5104   +  0.0078    0.265217    0.261524
 11  pre_entropy        0.5009   +  0.0439    1.775696    1.840093
BEST: feat_left_l2 (AUC=0.7334, polarity=+)
저장: D:\Users\dust\Documents\학교\2026년도1학기\컴퓨터비전\실습\FoundationStereo\experiments\ds_v1_seed0/minimal_interior_v34\features\report.json / panels.png / mirror_signal.npy
[device] cuda
  [train] epoch 60/300  loss=0.6064
  [train] epoch 120/300  loss=0.4116
  [train] epoch 180/300  loss=0.2904
  [train] epoch 240/300  loss=0.2052
  [train] epoch 300/300  loss=0.1481

[VAL] scene=ds_v1_seed0/minimal_interior_v34  (pixel 70/30 split)
  AUC      = 0.9917
  IoU@0.5  = 0.5333
  F1@0.5   = 0.6957
  accuracy = 0.9564  (prec=0.5473, rec=0.9544)
  tp=880 fp=728 fn=42 tn=16014

[save] D:\Users\dust\Documents\학교\2026년도1학기\컴퓨터비전\실습\FoundationStereo\experiments\ds_v1_seed0/minimal_interior_v34\submodel
  pred_mask.png, panel.png, metrics.json, head.pt
DONE: D:\Users\dust\Documents\학교\2026년도1학기\컴퓨터비전\실습\FoundationStereo\experiments\ds_v1_seed0/minimal_interior_v34\submodel
[device] cuda
[load] D:\Users\dust\Documents\학교\2026년도1학기\컴퓨터비전\실습\FoundationStereo\experiments\_model\general_head.pt  (train_scenes=['archiviz_baseline080', 'bedroom_baseline080', 'blue_bathroom_baseline080', 'computer_room_baseline080', 'cozy_living_room_baseline080', 'flat-archiviz_baseline080', 'green_house_baseline080', 'gym_baseline080', 'livingroom_baseline080', 'minimal_interior_baseline080', 'scandinavian_baseline080', 'sunlight_baseline080'])

[APPLY] ds_v1_seed0/minimal_interior_v34  (저장모델로 새 데이터 평가)
  AUC      = 0.9546
  IoU@0.5  = 0.3382
  F1@0.5   = 0.5055
  accuracy = 0.9512  (prec=0.5525, rec=0.4659)
  tp=1469 fp=1190 fn=1684 tn=54537
[save] D:\Users\dust\Documents\학교\2026년도1학기\컴퓨터비전\실습\FoundationStereo\experiments\ds_v1_seed0/minimal_interior_v34\submodel_applied  (pred_mask.png, panel.png, metrics.json)

============================================================
STEP: estimate_mirror_plane
============================================================

============================================================
STEP: viz_ransac_inliers
============================================================

============================================================
STEP: make_mirror_gt_from_depth
============================================================

============================================================
STEP: analyze_features
============================================================

============================================================
STEP: submodel_head
============================================================

============================================================
STEP: apply_submodel
============================================================

DONE: D:\Users\dust\Documents\학교\2026년도1학기\컴퓨터비전\실습\FoundationStereo\experiments\ds_v1_seed0/minimal_interior_v34 (ok)

##### [36/132] ds_v1_seed0/minimal_interior_v35  (done 7, fail 0, skip 28, elapsed 3m, ETA 46m) #####
[scene] ds_v1_seed0/minimal_interior_v35  size=1280x720
[select] mirror 점 개수 = 59060  (mask=66330, valid&depth = 900831)
[conf] mirror 영역 평균 confidence = 0.7176

=== 평면 추정 결과 ===
  [PCA (closed form)]
      normal = [-0.7907, -0.4103, -0.4544]
      d = +2.1597   mirror_depth(perp) = 2.1597 m   view_z = 9.9130 m
      n_inliers = 59060/59060   rms_residual = 0.14912 m
  [RANSAC]
      normal = [-0.8973, +0.1091, -0.4278]
      d = +2.3854   mirror_depth(perp) = 2.3854 m   view_z = 9.9130 m
      n_inliers = 22198/59060   rms_residual = 0.01236 m
  [SVD robust (IRLS)]
      normal = [-0.7985, -0.3975, -0.4521]
      d = +2.1215   mirror_depth(perp) = 2.1215 m   view_z = 9.9130 m
      n_inliers = 18409/59060   rms_residual = 0.03256 m

[save] D:\Users\dust\Documents\학교\2026년도1학기\컴퓨터비전\실습\FoundationStereo\experiments\ds_v1_seed0/minimal_interior_v35\mirror_geometry\result.json
[save] D:\Users\dust\Documents\학교\2026년도1학기\컴퓨터비전\실습\FoundationStereo\experiments\ds_v1_seed0/minimal_interior_v35\mirror_geometry\plane.txt
[save] D:\Users\dust\Documents\학교\2026년도1학기\컴퓨터비전\실습\FoundationStereo\experiments\ds_v1_seed0/minimal_interior_v35\mirror_geometry\viz.png

DONE: D:\Users\dust\Documents\학교\2026년도1학기\컴퓨터비전\실습\FoundationStereo\experiments\ds_v1_seed0/minimal_interior_v35\mirror_geometry
[ds_v1_seed0/minimal_interior_v35] 거울 점 59060개 중 inlier 22198 (37.6%) / outlier 36862
  normal=[-0.897  0.109 -0.428] d=2.385  rms(inlier)=0.0124 m  thr≈0.056 m
[save] D:\Users\dust\Documents\학교\2026년도1학기\컴퓨터비전\실습\FoundationStereo\experiments\ds_v1_seed0/minimal_interior_v35\mirror_geometry\ransac_inliers.png
[gt] minimal_interior_v35         perp 7.34m planRMS 0.0000m  normal [0.626, 0.137, -0.768]

생성 1, 건너뜀 0 (depth_gt/mask 없음 등)
[ds_v1_seed0/minimal_interior_v35] feature 184x320  mirror_frac=0.07291100543478261  feat_left=True
rank  signal              AUC    pol  sep     mean_in     mean_out
  1  feat_left_l2       0.6788   +  0.2858    18.12608   16.531696
  2  feat_left_pc1      0.6758   -  0.3155    1.935435    2.978868
  3  delta_argdisp      0.5817   -  0.1027   38.389005   45.714511
  4  post_entropy       0.5746   -  0.1182    0.653246     0.68384
  5  pre_conf           0.5565   +  0.1368    0.477078    0.408323
  6  feat_left_pc3      0.5352   +    0.04    1.764974    1.652582
  7  post_conf          0.5319   +  0.0575    0.708666     0.69583
  8  delta_conf         0.5291   -  0.1004    0.231588    0.287507
  9  pre_entropy          0.52   -  0.0668    2.009584     1.86692
 10  delta_entropy      0.5051   +  0.0811   -1.356338    -1.18308
 11  feat_left_pc2      0.5017   +  0.0064    2.121526    2.142459
BEST: feat_left_l2 (AUC=0.6788, polarity=+)
저장: D:\Users\dust\Documents\학교\2026년도1학기\컴퓨터비전\실습\FoundationStereo\experiments\ds_v1_seed0/minimal_interior_v35\features\report.json / panels.png / mirror_signal.npy
[device] cuda
  [train] epoch 60/300  loss=0.5239
  [train] epoch 120/300  loss=0.2800
  [train] epoch 180/300  loss=0.1749
  [train] epoch 240/300  loss=0.1163
  [train] epoch 300/300  loss=0.0820

[VAL] scene=ds_v1_seed0/minimal_interior_v35  (pixel 70/30 split)
  AUC      = 0.9980
  IoU@0.5  = 0.7779
  F1@0.5   = 0.8751
  accuracy = 0.9800  (prec=0.7878, rec=0.9841)
  tp=1240 fp=334 fn=20 tn=16070

[save] D:\Users\dust\Documents\학교\2026년도1학기\컴퓨터비전\실습\FoundationStereo\experiments\ds_v1_seed0/minimal_interior_v35\submodel
  pred_mask.png, panel.png, metrics.json, head.pt
DONE: D:\Users\dust\Documents\학교\2026년도1학기\컴퓨터비전\실습\FoundationStereo\experiments\ds_v1_seed0/minimal_interior_v35\submodel
[device] cuda
[load] D:\Users\dust\Documents\학교\2026년도1학기\컴퓨터비전\실습\FoundationStereo\experiments\_model\general_head.pt  (train_scenes=['archiviz_baseline080', 'bedroom_baseline080', 'blue_bathroom_baseline080', 'computer_room_baseline080', 'cozy_living_room_baseline080', 'flat-archiviz_baseline080', 'green_house_baseline080', 'gym_baseline080', 'livingroom_baseline080', 'minimal_interior_baseline080', 'scandinavian_baseline080', 'sunlight_baseline080'])

[APPLY] ds_v1_seed0/minimal_interior_v35  (저장모델로 새 데이터 평가)
  AUC      = 0.9627
  IoU@0.5  = 0.3733
  F1@0.5   = 0.5437
  accuracy = 0.9437  (prec=0.6640, rec=0.4603)
  tp=1976 fp=1000 fn=2317 tn=53587
[save] D:\Users\dust\Documents\학교\2026년도1학기\컴퓨터비전\실습\FoundationStereo\experiments\ds_v1_seed0/minimal_interior_v35\submodel_applied  (pred_mask.png, panel.png, metrics.json)

============================================================
STEP: estimate_mirror_plane
============================================================

============================================================
STEP: viz_ransac_inliers
============================================================

============================================================
STEP: make_mirror_gt_from_depth
============================================================

============================================================
STEP: analyze_features
============================================================

============================================================
STEP: submodel_head
============================================================

============================================================
STEP: apply_submodel
============================================================

DONE: D:\Users\dust\Documents\학교\2026년도1학기\컴퓨터비전\실습\FoundationStereo\experiments\ds_v1_seed0/minimal_interior_v35 (ok)

##### [37/132] ds_v1_seed0/minimal_interior_v36  (done 8, fail 0, skip 28, elapsed 4m, ETA 45m) #####
[scene] ds_v1_seed0/minimal_interior_v36  size=1280x720
[select] mirror 점 개수 = 81338  (mask=85217, valid&depth = 904465)
[conf] mirror 영역 평균 confidence = 0.6940

=== 평면 추정 결과 ===
  [PCA (closed form)]
      normal = [-0.8631, -0.3250, -0.3866]
      d = +2.2312   mirror_depth(perp) = 2.2312 m   view_z = 10.8498 m
      n_inliers = 81338/81338   rms_residual = 0.19233 m
  [RANSAC]
      normal = [-0.9121, +0.0458, -0.4075]
      d = +2.2160   mirror_depth(perp) = 2.2160 m   view_z = 10.8498 m
      n_inliers = 37596/81338   rms_residual = 0.01504 m
  [SVD robust (IRLS)]
      normal = [-0.8694, -0.3049, -0.3889]
      d = +2.2321   mirror_depth(perp) = 2.2321 m   view_z = 10.8498 m
      n_inliers = 22972/81338   rms_residual = 0.03332 m

[save] D:\Users\dust\Documents\학교\2026년도1학기\컴퓨터비전\실습\FoundationStereo\experiments\ds_v1_seed0/minimal_interior_v36\mirror_geometry\result.json
[save] D:\Users\dust\Documents\학교\2026년도1학기\컴퓨터비전\실습\FoundationStereo\experiments\ds_v1_seed0/minimal_interior_v36\mirror_geometry\plane.txt
[save] D:\Users\dust\Documents\학교\2026년도1학기\컴퓨터비전\실습\FoundationStereo\experiments\ds_v1_seed0/minimal_interior_v36\mirror_geometry\viz.png

DONE: D:\Users\dust\Documents\학교\2026년도1학기\컴퓨터비전\실습\FoundationStereo\experiments\ds_v1_seed0/minimal_interior_v36\mirror_geometry
[ds_v1_seed0/minimal_interior_v36] 거울 점 81338개 중 inlier 37596 (46.2%) / outlier 43742
  normal=[-0.912  0.046 -0.408] d=2.216  rms(inlier)=0.0150 m  thr≈0.060 m
[save] D:\Users\dust\Documents\학교\2026년도1학기\컴퓨터비전\실습\FoundationStereo\experiments\ds_v1_seed0/minimal_interior_v36\mirror_geometry\ransac_inliers.png
[gt] minimal_interior_v36         perp 7.29m planRMS 0.0001m  normal [0.596, -0.039, -0.802]

생성 1, 건너뜀 0 (depth_gt/mask 없음 등)
[ds_v1_seed0/minimal_interior_v36] feature 184x320  mirror_frac=0.09191576086956521  feat_left=True
rank  signal              AUC    pol  sep     mean_in     mean_out
  1  feat_left_l2       0.7035   +  0.3348   18.501343   16.418112
  2  feat_left_pc1      0.7012   -  0.3047    1.932396    2.961274
  3  post_entropy       0.5551   -  0.1052    0.655987    0.688661
  4  feat_left_pc3      0.5441   +  0.0868    1.859097    1.612784
  5  delta_argdisp      0.5411   -  0.0773   43.472099   49.211734
  6  delta_entropy       0.539   -  0.1388   -1.390408   -1.087883
  7  pre_entropy        0.5305   +  0.1251    2.046395    1.776545
  8  feat_left_pc2       0.516   +  0.0534     2.43546    2.235002
  9  delta_conf         0.5075   -  0.0316    0.229308    0.247847
 10  pre_conf           0.5059   +  0.0382    0.463434    0.442984
 11  post_conf           0.505   +  0.0082    0.692743    0.690832
BEST: feat_left_l2 (AUC=0.7035, polarity=+)
저장: D:\Users\dust\Documents\학교\2026년도1학기\컴퓨터비전\실습\FoundationStereo\experiments\ds_v1_seed0/minimal_interior_v36\features\report.json / panels.png / mirror_signal.npy
[device] cuda
  [train] epoch 60/300  loss=0.4942
  [train] epoch 120/300  loss=0.2471
  [train] epoch 180/300  loss=0.1495
  [train] epoch 240/300  loss=0.0999
  [train] epoch 300/300  loss=0.0714

[VAL] scene=ds_v1_seed0/minimal_interior_v36  (pixel 70/30 split)
  AUC      = 0.9983
  IoU@0.5  = 0.8563
  F1@0.5   = 0.9226
  accuracy = 0.9846  (prec=0.8682, rec=0.9842)
  tp=1621 fp=246 fn=26 tn=15771

[save] D:\Users\dust\Documents\학교\2026년도1학기\컴퓨터비전\실습\FoundationStereo\experiments\ds_v1_seed0/minimal_interior_v36\submodel
  pred_mask.png, panel.png, metrics.json, head.pt
DONE: D:\Users\dust\Documents\학교\2026년도1학기\컴퓨터비전\실습\FoundationStereo\experiments\ds_v1_seed0/minimal_interior_v36\submodel
[device] cuda
[load] D:\Users\dust\Documents\학교\2026년도1학기\컴퓨터비전\실습\FoundationStereo\experiments\_model\general_head.pt  (train_scenes=['archiviz_baseline080', 'bedroom_baseline080', 'blue_bathroom_baseline080', 'computer_room_baseline080', 'cozy_living_room_baseline080', 'flat-archiviz_baseline080', 'green_house_baseline080', 'gym_baseline080', 'livingroom_baseline080', 'minimal_interior_baseline080', 'scandinavian_baseline080', 'sunlight_baseline080'])

[APPLY] ds_v1_seed0/minimal_interior_v36  (저장모델로 새 데이터 평가)
  AUC      = 0.9325
  IoU@0.5  = 0.3133
  F1@0.5   = 0.4772
  accuracy = 0.9207  (prec=0.6058, rec=0.3936)
  tp=2130 fp=1386 fn=3282 tn=52082
[save] D:\Users\dust\Documents\학교\2026년도1학기\컴퓨터비전\실습\FoundationStereo\experiments\ds_v1_seed0/minimal_interior_v36\submodel_applied  (pred_mask.png, panel.png, metrics.json)

============================================================
STEP: estimate_mirror_plane
============================================================

============================================================
STEP: viz_ransac_inliers
============================================================

============================================================
STEP: make_mirror_gt_from_depth
============================================================

============================================================
STEP: analyze_features
============================================================

============================================================
STEP: submodel_head
============================================================

============================================================
STEP: apply_submodel
============================================================

DONE: D:\Users\dust\Documents\학교\2026년도1학기\컴퓨터비전\실습\FoundationStereo\experiments\ds_v1_seed0/minimal_interior_v36 (ok)

##### [38/132] ds_v1_seed0/minimal_interior_v37  (done 9, fail 0, skip 28, elapsed 4m, ETA 45m) #####
[scene] ds_v1_seed0/minimal_interior_v37  size=1280x720
[select] mirror 점 개수 = 110152  (mask=110152, valid&depth = 900516)
[conf] mirror 영역 평균 confidence = 0.6975

=== 평면 추정 결과 ===
  [PCA (closed form)]
      normal = [-0.8433, -0.3189, -0.4326]
      d = +2.4332   mirror_depth(perp) = 2.4332 m   view_z = 10.2240 m
      n_inliers = 110152/110152   rms_residual = 0.20214 m
  [RANSAC]
      normal = [-0.9174, +0.0994, -0.3853]
      d = +2.3238   mirror_depth(perp) = 2.3238 m   view_z = 10.2240 m
      n_inliers = 43474/110152   rms_residual = 0.01479 m
  [SVD robust (IRLS)]
      normal = [-0.8470, -0.3112, -0.4310]
      d = +2.4153   mirror_depth(perp) = 2.4153 m   view_z = 10.2240 m
      n_inliers = 27390/110152   rms_residual = 0.03634 m

[save] D:\Users\dust\Documents\학교\2026년도1학기\컴퓨터비전\실습\FoundationStereo\experiments\ds_v1_seed0/minimal_interior_v37\mirror_geometry\result.json
[save] D:\Users\dust\Documents\학교\2026년도1학기\컴퓨터비전\실습\FoundationStereo\experiments\ds_v1_seed0/minimal_interior_v37\mirror_geometry\plane.txt
[save] D:\Users\dust\Documents\학교\2026년도1학기\컴퓨터비전\실습\FoundationStereo\experiments\ds_v1_seed0/minimal_interior_v37\mirror_geometry\viz.png

DONE: D:\Users\dust\Documents\학교\2026년도1학기\컴퓨터비전\실습\FoundationStereo\experiments\ds_v1_seed0/minimal_interior_v37\mirror_geometry
[ds_v1_seed0/minimal_interior_v37] 거울 점 110152개 중 inlier 43474 (39.5%) / outlier 66678
  normal=[-0.917  0.099 -0.385] d=2.324  rms(inlier)=0.0148 m  thr≈0.064 m
[save] D:\Users\dust\Documents\학교\2026년도1학기\컴퓨터비전\실습\FoundationStereo\experiments\ds_v1_seed0/minimal_interior_v37\mirror_geometry\ransac_inliers.png
[gt] minimal_interior_v37         perp 6.99m planRMS 0.0000m  normal [0.585, 0.096, -0.806]

생성 1, 건너뜀 0 (depth_gt/mask 없음 등)
[ds_v1_seed0/minimal_interior_v37] feature 184x320  mirror_frac=0.11954823369565218  feat_left=True
rank  signal              AUC    pol  sep     mean_in     mean_out
  1  feat_left_pc1      0.5992   -  0.1264     2.12977    2.612599
  2  feat_left_l2       0.5914   +  0.1495   17.383152   16.554136
  3  post_entropy       0.5614   -  0.0809    0.661796     0.68374
  4  pre_conf           0.5259   +  0.0671     0.42385    0.393803
  5  feat_left_pc3      0.5246   +  0.0593     1.87521    1.694125
  6  delta_conf         0.5204   -  0.0484    0.274569    0.298265
  7  post_conf          0.5174   +  0.0289    0.698418    0.692068
  8  delta_entropy      0.5093   -   0.037   -1.356466   -1.290396
  9  feat_left_pc2      0.5083   -  0.0045    1.982472    1.997134
 10  pre_entropy        0.5052   +  0.0246    2.018261    1.974137
 11  delta_argdisp      0.5016   +  0.0136   44.023725   44.971567
BEST: feat_left_pc1 (AUC=0.5992, polarity=-)
저장: D:\Users\dust\Documents\학교\2026년도1학기\컴퓨터비전\실습\FoundationStereo\experiments\ds_v1_seed0/minimal_interior_v37\features\report.json / panels.png / mirror_signal.npy
[device] cuda
  [train] epoch 60/300  loss=0.6092
  [train] epoch 120/300  loss=0.3481
  [train] epoch 180/300  loss=0.2131
  [train] epoch 240/300  loss=0.1406
  [train] epoch 300/300  loss=0.0993

[VAL] scene=ds_v1_seed0/minimal_interior_v37  (pixel 70/30 split)
  AUC      = 0.9971
  IoU@0.5  = 0.8210
  F1@0.5   = 0.9017
  accuracy = 0.9751  (prec=0.8419, rec=0.9706)
  tp=2013 fp=378 fn=61 tn=15212

[save] D:\Users\dust\Documents\학교\2026년도1학기\컴퓨터비전\실습\FoundationStereo\experiments\ds_v1_seed0/minimal_interior_v37\submodel
  pred_mask.png, panel.png, metrics.json, head.pt
DONE: D:\Users\dust\Documents\학교\2026년도1학기\컴퓨터비전\실습\FoundationStereo\experiments\ds_v1_seed0/minimal_interior_v37\submodel
[device] cuda
[load] D:\Users\dust\Documents\학교\2026년도1학기\컴퓨터비전\실습\FoundationStereo\experiments\_model\general_head.pt  (train_scenes=['archiviz_baseline080', 'bedroom_baseline080', 'blue_bathroom_baseline080', 'computer_room_baseline080', 'cozy_living_room_baseline080', 'flat-archiviz_baseline080', 'green_house_baseline080', 'gym_baseline080', 'livingroom_baseline080', 'minimal_interior_baseline080', 'scandinavian_baseline080', 'sunlight_baseline080'])

[APPLY] ds_v1_seed0/minimal_interior_v37  (저장모델로 새 데이터 평가)
  AUC      = 0.9443
  IoU@0.5  = 0.3185
  F1@0.5   = 0.4831
  accuracy = 0.9049  (prec=0.6901, rec=0.3716)
  tp=2616 fp=1175 fn=4423 tn=50666
[save] D:\Users\dust\Documents\학교\2026년도1학기\컴퓨터비전\실습\FoundationStereo\experiments\ds_v1_seed0/minimal_interior_v37\submodel_applied  (pred_mask.png, panel.png, metrics.json)

============================================================
STEP: estimate_mirror_plane
============================================================

============================================================
STEP: viz_ransac_inliers
============================================================

============================================================
STEP: make_mirror_gt_from_depth
============================================================

============================================================
STEP: analyze_features
============================================================

============================================================
STEP: submodel_head
============================================================

============================================================
STEP: apply_submodel
============================================================

DONE: D:\Users\dust\Documents\학교\2026년도1학기\컴퓨터비전\실습\FoundationStereo\experiments\ds_v1_seed0/minimal_interior_v37 (ok)

##### [39/132] ds_v1_seed0/minimal_interior_v38  (done 10, fail 0, skip 28, elapsed 5m, ETA 45m) #####
[scene] ds_v1_seed0/minimal_interior_v38  size=1280x720
[select] mirror 점 개수 = 70453  (mask=70454, valid&depth = 897467)
[conf] mirror 영역 평균 confidence = 0.7155

=== 평면 추정 결과 ===
  [PCA (closed form)]
      normal = [-0.6634, -0.5865, -0.4647]
      d = +2.5240   mirror_depth(perp) = 2.5240 m   view_z = 10.0201 m
      n_inliers = 70453/70453   rms_residual = 0.17451 m
  [RANSAC]
      normal = [-0.6978, -0.5441, -0.4659]
      d = +2.4612   mirror_depth(perp) = 2.4612 m   view_z = 10.0201 m
      n_inliers = 21657/70453   rms_residual = 0.03228 m
  [SVD robust (IRLS)]
      normal = [-0.6538, -0.5989, -0.4625]
      d = +2.4932   mirror_depth(perp) = 2.4932 m   view_z = 10.0201 m
      n_inliers = 21248/70453   rms_residual = 0.03284 m

[save] D:\Users\dust\Documents\학교\2026년도1학기\컴퓨터비전\실습\FoundationStereo\experiments\ds_v1_seed0/minimal_interior_v38\mirror_geometry\result.json
[save] D:\Users\dust\Documents\학교\2026년도1학기\컴퓨터비전\실습\FoundationStereo\experiments\ds_v1_seed0/minimal_interior_v38\mirror_geometry\plane.txt
[save] D:\Users\dust\Documents\학교\2026년도1학기\컴퓨터비전\실습\FoundationStereo\experiments\ds_v1_seed0/minimal_interior_v38\mirror_geometry\viz.png

DONE: D:\Users\dust\Documents\학교\2026년도1학기\컴퓨터비전\실습\FoundationStereo\experiments\ds_v1_seed0/minimal_interior_v38\mirror_geometry
[ds_v1_seed0/minimal_interior_v38] 거울 점 70453개 중 inlier 21657 (30.7%) / outlier 48796
  normal=[-0.698 -0.544 -0.466] d=2.461  rms(inlier)=0.0323 m  thr≈0.058 m
[save] D:\Users\dust\Documents\학교\2026년도1학기\컴퓨터비전\실습\FoundationStereo\experiments\ds_v1_seed0/minimal_interior_v38\mirror_geometry\ransac_inliers.png
[gt] minimal_interior_v38         perp 7.25m planRMS 0.0000m  normal [0.606, 0.139, -0.784]

생성 1, 건너뜀 0 (depth_gt/mask 없음 등)
[ds_v1_seed0/minimal_interior_v38] feature 184x320  mirror_frac=0.0768851902173913  feat_left=True
rank  signal              AUC    pol  sep     mean_in     mean_out
  1  feat_left_l2       0.7118   +  0.3605    18.53194   16.485559
  2  feat_left_pc1      0.6885   -   0.328    1.844007    2.959673
  3  delta_argdisp      0.6705   -  0.2516   29.647449   46.010082
  4  post_entropy       0.6554   -  0.2332    0.641623     0.69504
  5  post_conf           0.572   +  0.1229    0.715773    0.689735
  6  feat_left_pc3      0.5679   +  0.0811    1.860453    1.628078
  7  pre_conf           0.5664   +  0.1569    0.480853    0.404977
  8  feat_left_pc2      0.5438   +  0.0808    2.419896    2.145668
  9  pre_entropy        0.5396   -  0.0181    1.857195    1.892554
 10  delta_conf          0.533   -  0.0941    0.234919    0.284758
 11  delta_entropy      0.5234   +  0.0092   -1.215572   -1.197514
BEST: feat_left_l2 (AUC=0.7118, polarity=+)
저장: D:\Users\dust\Documents\학교\2026년도1학기\컴퓨터비전\실습\FoundationStereo\experiments\ds_v1_seed0/minimal_interior_v38\features\report.json / panels.png / mirror_signal.npy
[device] cuda
  [train] epoch 60/300  loss=0.5381
  [train] epoch 120/300  loss=0.3167
  [train] epoch 180/300  loss=0.2091
  [train] epoch 240/300  loss=0.1427
  [train] epoch 300/300  loss=0.1010

[VAL] scene=ds_v1_seed0/minimal_interior_v38  (pixel 70/30 split)
  AUC      = 0.9968
  IoU@0.5  = 0.7575
  F1@0.5   = 0.8620
  accuracy = 0.9762  (prec=0.7745, rec=0.9719)
  tp=1312 fp=382 fn=38 tn=15932

[save] D:\Users\dust\Documents\학교\2026년도1학기\컴퓨터비전\실습\FoundationStereo\experiments\ds_v1_seed0/minimal_interior_v38\submodel
  pred_mask.png, panel.png, metrics.json, head.pt
DONE: D:\Users\dust\Documents\학교\2026년도1학기\컴퓨터비전\실습\FoundationStereo\experiments\ds_v1_seed0/minimal_interior_v38\submodel
[device] cuda
[load] D:\Users\dust\Documents\학교\2026년도1학기\컴퓨터비전\실습\FoundationStereo\experiments\_model\general_head.pt  (train_scenes=['archiviz_baseline080', 'bedroom_baseline080', 'blue_bathroom_baseline080', 'computer_room_baseline080', 'cozy_living_room_baseline080', 'flat-archiviz_baseline080', 'green_house_baseline080', 'gym_baseline080', 'livingroom_baseline080', 'minimal_interior_baseline080', 'scandinavian_baseline080', 'sunlight_baseline080'])

[APPLY] ds_v1_seed0/minimal_interior_v38  (저장모델로 새 데이터 평가)
  AUC      = 0.9705
  IoU@0.5  = 0.4479
  F1@0.5   = 0.6187
  accuracy = 0.9492  (prec=0.7305, rec=0.5366)
  tp=2429 fp=896 fn=2098 tn=53457
[save] D:\Users\dust\Documents\학교\2026년도1학기\컴퓨터비전\실습\FoundationStereo\experiments\ds_v1_seed0/minimal_interior_v38\submodel_applied  (pred_mask.png, panel.png, metrics.json)

============================================================
STEP: estimate_mirror_plane
============================================================

============================================================
STEP: viz_ransac_inliers
============================================================

============================================================
STEP: make_mirror_gt_from_depth
============================================================

============================================================
STEP: analyze_features
============================================================

============================================================
STEP: submodel_head
============================================================

============================================================
STEP: apply_submodel
============================================================

DONE: D:\Users\dust\Documents\학교\2026년도1학기\컴퓨터비전\실습\FoundationStereo\experiments\ds_v1_seed0/minimal_interior_v38 (ok)

##### [40/132] ds_v1_seed0/minimal_interior_v39  (done 11, fail 0, skip 28, elapsed 5m, ETA 44m) #####
[scene] ds_v1_seed0/minimal_interior_v39  size=1280x720
[select] mirror 점 개수 = 108167  (mask=108167, valid&depth = 898697)
[conf] mirror 영역 평균 confidence = 0.7052

=== 평면 추정 결과 ===
  [PCA (closed form)]
      normal = [-0.8905, -0.2854, -0.3543]
      d = +2.3564   mirror_depth(perp) = 2.3564 m   view_z = 10.3392 m
      n_inliers = 108167/108167   rms_residual = 0.20915 m
  [RANSAC]
      normal = [-0.9473, +0.1140, -0.2993]
      d = +2.2829   mirror_depth(perp) = 2.2829 m   view_z = 10.3392 m
      n_inliers = 42804/108167   rms_residual = 0.01534 m
  [SVD robust (IRLS)]
      normal = [-0.8917, -0.2821, -0.3538]
      d = +2.3559   mirror_depth(perp) = 2.3559 m   view_z = 10.3392 m
      n_inliers = 28603/108167   rms_residual = 0.03532 m

[save] D:\Users\dust\Documents\학교\2026년도1학기\컴퓨터비전\실습\FoundationStereo\experiments\ds_v1_seed0/minimal_interior_v39\mirror_geometry\result.json
[save] D:\Users\dust\Documents\학교\2026년도1학기\컴퓨터비전\실습\FoundationStereo\experiments\ds_v1_seed0/minimal_interior_v39\mirror_geometry\plane.txt
[save] D:\Users\dust\Documents\학교\2026년도1학기\컴퓨터비전\실습\FoundationStereo\experiments\ds_v1_seed0/minimal_interior_v39\mirror_geometry\viz.png

DONE: D:\Users\dust\Documents\학교\2026년도1학기\컴퓨터비전\실습\FoundationStereo\experiments\ds_v1_seed0/minimal_interior_v39\mirror_geometry
[ds_v1_seed0/minimal_interior_v39] 거울 점 108167개 중 inlier 42804 (39.6%) / outlier 65363
  normal=[-0.947  0.114 -0.299] d=2.283  rms(inlier)=0.0153 m  thr≈0.063 m
[save] D:\Users\dust\Documents\학교\2026년도1학기\컴퓨터비전\실습\FoundationStereo\experiments\ds_v1_seed0/minimal_interior_v39\mirror_geometry\ransac_inliers.png
[gt] minimal_interior_v39         perp 6.93m planRMS 0.0002m  normal [0.511, 0.097, -0.854]

생성 1, 건너뜀 0 (depth_gt/mask 없음 등)
[ds_v1_seed0/minimal_interior_v39] feature 184x320  mirror_frac=0.11784986413043479  feat_left=True
rank  signal              AUC    pol  sep     mean_in     mean_out
  1  post_entropy       0.6179   -  0.1553     0.64747     0.68371
  2  feat_left_pc1      0.6158   -  0.1586    2.125427    2.713951
  3  feat_left_l2       0.6033   +  0.1694   17.498289   16.541184
  4  delta_argdisp      0.5626   -  0.1014   39.007062   45.522227
  5  post_conf          0.5506   +  0.0839    0.704912    0.686756
  6  pre_conf           0.5273   +  0.0642    0.423985    0.396213
  7  pre_entropy        0.5199   -  0.0782    1.854498    1.979163
  8  feat_left_pc3      0.5134   +  0.0407    1.772895     1.64543
  9  delta_entropy      0.5087   +  0.0553   -1.207028   -1.295454
 10  delta_conf         0.5033   -  0.0202    0.280927    0.290543
 11  feat_left_pc2      0.5016   +  0.0128     2.07728    2.035835
BEST: post_entropy (AUC=0.6179, polarity=-)
저장: D:\Users\dust\Documents\학교\2026년도1학기\컴퓨터비전\실습\FoundationStereo\experiments\ds_v1_seed0/minimal_interior_v39\features\report.json / panels.png / mirror_signal.npy
[device] cuda
  [train] epoch 60/300  loss=0.6229
  [train] epoch 120/300  loss=0.3552
  [train] epoch 180/300  loss=0.2113
  [train] epoch 240/300  loss=0.1360
  [train] epoch 300/300  loss=0.0943

[VAL] scene=ds_v1_seed0/minimal_interior_v39  (pixel 70/30 split)
  AUC      = 0.9974
  IoU@0.5  = 0.8363
  F1@0.5   = 0.9108
  accuracy = 0.9779  (prec=0.8549, rec=0.9746)
  tp=1997 fp=339 fn=52 tn=15276

[save] D:\Users\dust\Documents\학교\2026년도1학기\컴퓨터비전\실습\FoundationStereo\experiments\ds_v1_seed0/minimal_interior_v39\submodel
  pred_mask.png, panel.png, metrics.json, head.pt
DONE: D:\Users\dust\Documents\학교\2026년도1학기\컴퓨터비전\실습\FoundationStereo\experiments\ds_v1_seed0/minimal_interior_v39\submodel
[device] cuda
[load] D:\Users\dust\Documents\학교\2026년도1학기\컴퓨터비전\실습\FoundationStereo\experiments\_model\general_head.pt  (train_scenes=['archiviz_baseline080', 'bedroom_baseline080', 'blue_bathroom_baseline080', 'computer_room_baseline080', 'cozy_living_room_baseline080', 'flat-archiviz_baseline080', 'green_house_baseline080', 'gym_baseline080', 'livingroom_baseline080', 'minimal_interior_baseline080', 'scandinavian_baseline080', 'sunlight_baseline080'])

[APPLY] ds_v1_seed0/minimal_interior_v39  (저장모델로 새 데이터 평가)
  AUC      = 0.9582
  IoU@0.5  = 0.3480
  F1@0.5   = 0.5163
  accuracy = 0.9183  (prec=0.8542, rec=0.3699)
  tp=2567 fp=438 fn=4372 tn=51503
[save] D:\Users\dust\Documents\학교\2026년도1학기\컴퓨터비전\실습\FoundationStereo\experiments\ds_v1_seed0/minimal_interior_v39\submodel_applied  (pred_mask.png, panel.png, metrics.json)

============================================================
STEP: estimate_mirror_plane
============================================================

============================================================
STEP: viz_ransac_inliers
============================================================

============================================================
STEP: make_mirror_gt_from_depth
============================================================

============================================================
STEP: analyze_features
============================================================

============================================================
STEP: submodel_head
============================================================

============================================================
STEP: apply_submodel
============================================================

DONE: D:\Users\dust\Documents\학교\2026년도1학기\컴퓨터비전\실습\FoundationStereo\experiments\ds_v1_seed0/minimal_interior_v39 (ok)

##### [41/132] ds_v1_seed0/minimal_interior_v40  (done 12, fail 0, skip 28, elapsed 6m, ETA 44m) #####
[scene] ds_v1_seed0/minimal_interior_v40  size=1280x720
[select] mirror 점 개수 = 52183  (mask=52183, valid&depth = 896489)
[conf] mirror 영역 평균 confidence = 0.7168

=== 평면 추정 결과 ===
  [PCA (closed form)]
      normal = [-0.6143, -0.6877, -0.3868]
      d = +2.6259   mirror_depth(perp) = 2.6259 m   view_z = 9.4836 m
      n_inliers = 52183/52183   rms_residual = 0.19193 m
  [RANSAC]
      normal = [+0.3493, +0.0899, -0.9327]
      d = +8.8533   mirror_depth(perp) = 8.8533 m   view_z = 9.4836 m
      n_inliers = 15813/52183   rms_residual = 0.01762 m
  [SVD robust (IRLS)]
      normal = [-0.6358, -0.6684, -0.3860]
      d = +2.6146   mirror_depth(perp) = 2.6146 m   view_z = 9.4836 m
      n_inliers = 14871/52183   rms_residual = 0.03107 m

[save] D:\Users\dust\Documents\학교\2026년도1학기\컴퓨터비전\실습\FoundationStereo\experiments\ds_v1_seed0/minimal_interior_v40\mirror_geometry\result.json
[save] D:\Users\dust\Documents\학교\2026년도1학기\컴퓨터비전\실습\FoundationStereo\experiments\ds_v1_seed0/minimal_interior_v40\mirror_geometry\plane.txt
[save] D:\Users\dust\Documents\학교\2026년도1학기\컴퓨터비전\실습\FoundationStereo\experiments\ds_v1_seed0/minimal_interior_v40\mirror_geometry\viz.png

DONE: D:\Users\dust\Documents\학교\2026년도1학기\컴퓨터비전\실습\FoundationStereo\experiments\ds_v1_seed0/minimal_interior_v40\mirror_geometry
[ds_v1_seed0/minimal_interior_v40] 거울 점 52183개 중 inlier 15813 (30.3%) / outlier 36370
  normal=[ 0.349  0.09  -0.933] d=8.853  rms(inlier)=0.0176 m  thr≈0.055 m
[save] D:\Users\dust\Documents\학교\2026년도1학기\컴퓨터비전\실습\FoundationStereo\experiments\ds_v1_seed0/minimal_interior_v40\mirror_geometry\ransac_inliers.png
[gt] minimal_interior_v40         perp 7.06m planRMS 0.0000m  normal [0.471, 0.198, -0.859]

생성 1, 건너뜀 0 (depth_gt/mask 없음 등)
[ds_v1_seed0/minimal_interior_v40] feature 184x320  mirror_frac=0.0570991847826087  feat_left=True
rank  signal              AUC    pol  sep     mean_in     mean_out
  1  feat_left_l2       0.7354   +  0.4038    18.90028   16.410204
  2  feat_left_pc1      0.6823   -  0.3011    1.961226    3.066109
  3  post_entropy       0.6725   -  0.2941    0.655968    0.730098
  4  post_conf          0.6022   +  0.1761    0.715722    0.677255
  5  feat_left_pc2      0.5843   +  0.1535    2.805199    2.248291
  6  feat_left_pc3      0.5719   +  0.0922    1.961393     1.69388
  7  delta_argdisp      0.5661   -  0.0934   39.776026   45.476584
  8  delta_conf         0.5507   +  0.0853    0.297951    0.259437
  9  delta_entropy      0.5322   -   0.027    -1.14554   -1.106937
 10  pre_entropy        0.5056   +  0.0251    1.801509    1.837035
 11  pre_conf           0.5015   -  0.0001    0.417771    0.417818
BEST: feat_left_l2 (AUC=0.7354, polarity=+)
저장: D:\Users\dust\Documents\학교\2026년도1학기\컴퓨터비전\실습\FoundationStereo\experiments\ds_v1_seed0/minimal_interior_v40\features\report.json / panels.png / mirror_signal.npy
[device] cuda
  [train] epoch 60/300  loss=0.6336
  [train] epoch 120/300  loss=0.4362
  [train] epoch 180/300  loss=0.3111
  [train] epoch 240/300  loss=0.2204
  [train] epoch 300/300  loss=0.1585

[VAL] scene=ds_v1_seed0/minimal_interior_v40  (pixel 70/30 split)
  AUC      = 0.9914
  IoU@0.5  = 0.5824
  F1@0.5   = 0.7361
  accuracy = 0.9594  (prec=0.5959, rec=0.9625)
  tp=1000 fp=678 fn=39 tn=15947

[save] D:\Users\dust\Documents\학교\2026년도1학기\컴퓨터비전\실습\FoundationStereo\experiments\ds_v1_seed0/minimal_interior_v40\submodel
  pred_mask.png, panel.png, metrics.json, head.pt
DONE: D:\Users\dust\Documents\학교\2026년도1학기\컴퓨터비전\실습\FoundationStereo\experiments\ds_v1_seed0/minimal_interior_v40\submodel
[device] cuda
[load] D:\Users\dust\Documents\학교\2026년도1학기\컴퓨터비전\실습\FoundationStereo\experiments\_model\general_head.pt  (train_scenes=['archiviz_baseline080', 'bedroom_baseline080', 'blue_bathroom_baseline080', 'computer_room_baseline080', 'cozy_living_room_baseline080', 'flat-archiviz_baseline080', 'green_house_baseline080', 'gym_baseline080', 'livingroom_baseline080', 'minimal_interior_baseline080', 'scandinavian_baseline080', 'sunlight_baseline080'])

[APPLY] ds_v1_seed0/minimal_interior_v40  (저장모델로 새 데이터 평가)
  AUC      = 0.9529
  IoU@0.5  = 0.3407
  F1@0.5   = 0.5082
  accuracy = 0.9504  (prec=0.5853, rec=0.4491)
  tp=1510 fp=1070 fn=1852 tn=54448
[save] D:\Users\dust\Documents\학교\2026년도1학기\컴퓨터비전\실습\FoundationStereo\experiments\ds_v1_seed0/minimal_interior_v40\submodel_applied  (pred_mask.png, panel.png, metrics.json)

============================================================
STEP: estimate_mirror_plane
============================================================

============================================================
STEP: viz_ransac_inliers
============================================================

============================================================
STEP: make_mirror_gt_from_depth
============================================================

============================================================
STEP: analyze_features
============================================================

============================================================
STEP: submodel_head
============================================================

============================================================
STEP: apply_submodel
============================================================

DONE: D:\Users\dust\Documents\학교\2026년도1학기\컴퓨터비전\실습\FoundationStereo\experiments\ds_v1_seed0/minimal_interior_v40 (ok)

##### [42/132] ds_v1_seed0/minimal_interior_v41  (done 13, fail 0, skip 28, elapsed 6m, ETA 43m) #####
[scene] ds_v1_seed0/minimal_interior_v41  size=1280x720
[select] mirror 점 개수 = 97075  (mask=97075, valid&depth = 899968)
[conf] mirror 영역 평균 confidence = 0.7051

=== 평면 추정 결과 ===
  [PCA (closed form)]
      normal = [-0.8924, -0.2859, -0.3490]
      d = +2.4208   mirror_depth(perp) = 2.4208 m   view_z = 10.5453 m
      n_inliers = 97075/97075   rms_residual = 0.19784 m
  [RANSAC]
      normal = [-0.9437, +0.0903, -0.3184]
      d = +2.4672   mirror_depth(perp) = 2.4672 m   view_z = 10.5453 m
      n_inliers = 42826/97075   rms_residual = 0.01376 m
  [SVD robust (IRLS)]
      normal = [-0.9047, -0.2523, -0.3433]
      d = +2.3769   mirror_depth(perp) = 2.3769 m   view_z = 10.5453 m
      n_inliers = 24443/97075   rms_residual = 0.03598 m

[save] D:\Users\dust\Documents\학교\2026년도1학기\컴퓨터비전\실습\FoundationStereo\experiments\ds_v1_seed0/minimal_interior_v41\mirror_geometry\result.json
[save] D:\Users\dust\Documents\학교\2026년도1학기\컴퓨터비전\실습\FoundationStereo\experiments\ds_v1_seed0/minimal_interior_v41\mirror_geometry\plane.txt
[save] D:\Users\dust\Documents\학교\2026년도1학기\컴퓨터비전\실습\FoundationStereo\experiments\ds_v1_seed0/minimal_interior_v41\mirror_geometry\viz.png

DONE: D:\Users\dust\Documents\학교\2026년도1학기\컴퓨터비전\실습\FoundationStereo\experiments\ds_v1_seed0/minimal_interior_v41\mirror_geometry
[ds_v1_seed0/minimal_interior_v41] 거울 점 97075개 중 inlier 42826 (44.1%) / outlier 54249
  normal=[-0.944  0.09  -0.318] d=2.467  rms(inlier)=0.0138 m  thr≈0.062 m
[save] D:\Users\dust\Documents\학교\2026년도1학기\컴퓨터비전\실습\FoundationStereo\experiments\ds_v1_seed0/minimal_interior_v41\mirror_geometry\ransac_inliers.png
[gt] minimal_interior_v41         perp 7.20m planRMS 0.0000m  normal [0.528, 0.077, -0.846]

생성 1, 건너뜀 0 (depth_gt/mask 없음 등)
[ds_v1_seed0/minimal_interior_v41] feature 184x320  mirror_frac=0.10516304347826087  feat_left=True
rank  signal              AUC    pol  sep     mean_in     mean_out
  1  feat_left_l2        0.612   +  0.1778    17.48422   16.530619
  2  feat_left_pc1      0.5927   -  0.1262    2.138385    2.615751
  3  delta_argdisp      0.5521   -  0.0842   40.212855    45.72694
  4  post_entropy       0.5509   -  0.0644     0.64486     0.66345
  5  pre_conf           0.5455   +  0.0947    0.437894    0.396451
  6  pre_entropy        0.5393   -  0.1169    1.806755    1.994806
  7  delta_conf          0.539   -  0.0933    0.267342    0.314398
  8  delta_entropy      0.5317   +  0.1034   -1.161895   -1.331356
  9  feat_left_pc2        0.52   -  0.0271    1.882993    1.969894
 10  post_conf          0.5123   -  0.0237    0.705236    0.710849
 11  feat_left_pc3       0.508   +  0.0319    1.817453    1.719509
BEST: feat_left_l2 (AUC=0.612, polarity=+)
저장: D:\Users\dust\Documents\학교\2026년도1학기\컴퓨터비전\실습\FoundationStereo\experiments\ds_v1_seed0/minimal_interior_v41\features\report.json / panels.png / mirror_signal.npy
[device] cuda
  [train] epoch 60/300  loss=0.6449
  [train] epoch 120/300  loss=0.3639
  [train] epoch 180/300  loss=0.2132
  [train] epoch 240/300  loss=0.1369
  [train] epoch 300/300  loss=0.0958

[VAL] scene=ds_v1_seed0/minimal_interior_v41  (pixel 70/30 split)
  AUC      = 0.9968
  IoU@0.5  = 0.8097
  F1@0.5   = 0.8948
  accuracy = 0.9766  (prec=0.8342, rec=0.9649)
  tp=1761 fp=350 fn=64 tn=15489

[save] D:\Users\dust\Documents\학교\2026년도1학기\컴퓨터비전\실습\FoundationStereo\experiments\ds_v1_seed0/minimal_interior_v41\submodel
  pred_mask.png, panel.png, metrics.json, head.pt
DONE: D:\Users\dust\Documents\학교\2026년도1학기\컴퓨터비전\실습\FoundationStereo\experiments\ds_v1_seed0/minimal_interior_v41\submodel
[device] cuda
[load] D:\Users\dust\Documents\학교\2026년도1학기\컴퓨터비전\실습\FoundationStereo\experiments\_model\general_head.pt  (train_scenes=['archiviz_baseline080', 'bedroom_baseline080', 'blue_bathroom_baseline080', 'computer_room_baseline080', 'cozy_living_room_baseline080', 'flat-archiviz_baseline080', 'green_house_baseline080', 'gym_baseline080', 'livingroom_baseline080', 'minimal_interior_baseline080', 'scandinavian_baseline080', 'sunlight_baseline080'])

[APPLY] ds_v1_seed0/minimal_interior_v41  (저장모델로 새 데이터 평가)
  AUC      = 0.9335
  IoU@0.5  = 0.3151
  F1@0.5   = 0.4793
  accuracy = 0.9177  (prec=0.7167, rec=0.3600)
  tp=2229 fp=881 fn=3963 tn=51807
[save] D:\Users\dust\Documents\학교\2026년도1학기\컴퓨터비전\실습\FoundationStereo\experiments\ds_v1_seed0/minimal_interior_v41\submodel_applied  (pred_mask.png, panel.png, metrics.json)

============================================================
STEP: estimate_mirror_plane
============================================================

============================================================
STEP: viz_ransac_inliers
============================================================

============================================================
STEP: make_mirror_gt_from_depth
============================================================

============================================================
STEP: analyze_features
============================================================

============================================================
STEP: submodel_head
============================================================

============================================================
STEP: apply_submodel
============================================================

DONE: D:\Users\dust\Documents\학교\2026년도1학기\컴퓨터비전\실습\FoundationStereo\experiments\ds_v1_seed0/minimal_interior_v41 (ok)

##### [43/132] ds_v1_seed0/minimal_interior_v42  (done 14, fail 0, skip 28, elapsed 7m, ETA 43m) #####
[scene] ds_v1_seed0/minimal_interior_v42  size=1280x720
[select] mirror 점 개수 = 100855  (mask=100855, valid&depth = 898588)
[conf] mirror 영역 평균 confidence = 0.7098

=== 평면 추정 결과 ===
  [PCA (closed form)]
      normal = [-0.8232, -0.3985, -0.4044]
      d = +2.5157   mirror_depth(perp) = 2.5157 m   view_z = 10.0702 m
      n_inliers = 100855/100855   rms_residual = 0.19615 m
  [RANSAC]
      normal = [-0.9354, +0.1124, -0.3351]
      d = +2.3465   mirror_depth(perp) = 2.3465 m   view_z = 10.0702 m
      n_inliers = 36530/100855   rms_residual = 0.01405 m
  [SVD robust (IRLS)]
      normal = [-0.8228, -0.3991, -0.4047]
      d = +2.5164   mirror_depth(perp) = 2.5164 m   view_z = 10.0702 m
      n_inliers = 25992/100855   rms_residual = 0.03537 m

[save] D:\Users\dust\Documents\학교\2026년도1학기\컴퓨터비전\실습\FoundationStereo\experiments\ds_v1_seed0/minimal_interior_v42\mirror_geometry\result.json
[save] D:\Users\dust\Documents\학교\2026년도1학기\컴퓨터비전\실습\FoundationStereo\experiments\ds_v1_seed0/minimal_interior_v42\mirror_geometry\plane.txt
[save] D:\Users\dust\Documents\학교\2026년도1학기\컴퓨터비전\실습\FoundationStereo\experiments\ds_v1_seed0/minimal_interior_v42\mirror_geometry\viz.png

DONE: D:\Users\dust\Documents\학교\2026년도1학기\컴퓨터비전\실습\FoundationStereo\experiments\ds_v1_seed0/minimal_interior_v42\mirror_geometry
[ds_v1_seed0/minimal_interior_v42] 거울 점 100855개 중 inlier 36530 (36.2%) / outlier 64325
  normal=[-0.935  0.112 -0.335] d=2.347  rms(inlier)=0.0140 m  thr≈0.062 m
[save] D:\Users\dust\Documents\학교\2026년도1학기\컴퓨터비전\실습\FoundationStereo\experiments\ds_v1_seed0/minimal_interior_v42\mirror_geometry\ransac_inliers.png
[gt] minimal_interior_v42         perp 6.89m planRMS 0.0000m  normal [0.542, 0.123, -0.831]

생성 1, 건너뜀 0 (depth_gt/mask 없음 등)
[ds_v1_seed0/minimal_interior_v42] feature 184x320  mirror_frac=0.10991847826086956  feat_left=True
rank  signal              AUC    pol  sep     mean_in     mean_out
  1  post_entropy       0.6304   -  0.1863    0.647252    0.690166
  2  feat_left_l2        0.627   +   0.203   17.646448   16.515143
  3  feat_left_pc1      0.6169   -  0.1659    2.142611    2.752956
  4  post_conf          0.5674   +  0.1181    0.709236     0.68429
  5  delta_argdisp      0.5591   -  0.1047    38.93186   45.669783
  6  feat_left_pc3      0.5332   +  0.0682    1.849628    1.639451
  7  pre_conf           0.5175   +  0.0398    0.414823    0.397876
  8  delta_conf         0.5162   +   0.017    0.294413    0.286414
  9  delta_entropy      0.5111   -  0.0086   -1.261532   -1.275352
 10  pre_entropy        0.5029   -  0.0354    1.908783    1.965518
 11  feat_left_pc2      0.5028   +  0.0041    2.037546    2.024212
BEST: post_entropy (AUC=0.6304, polarity=-)
저장: D:\Users\dust\Documents\학교\2026년도1학기\컴퓨터비전\실습\FoundationStereo\experiments\ds_v1_seed0/minimal_interior_v42\features\report.json / panels.png / mirror_signal.npy
[device] cuda
  [train] epoch 60/300  loss=0.6363
  [train] epoch 120/300  loss=0.3720
  [train] epoch 180/300  loss=0.2261
  [train] epoch 240/300  loss=0.1472
  [train] epoch 300/300  loss=0.1025

[VAL] scene=ds_v1_seed0/minimal_interior_v42  (pixel 70/30 split)
  AUC      = 0.9977
  IoU@0.5  = 0.8410
  F1@0.5   = 0.9136
  accuracy = 0.9799  (prec=0.8603, rec=0.9741)
  tp=1878 fp=305 fn=50 tn=15431

[save] D:\Users\dust\Documents\학교\2026년도1학기\컴퓨터비전\실습\FoundationStereo\experiments\ds_v1_seed0/minimal_interior_v42\submodel
  pred_mask.png, panel.png, metrics.json, head.pt
DONE: D:\Users\dust\Documents\학교\2026년도1학기\컴퓨터비전\실습\FoundationStereo\experiments\ds_v1_seed0/minimal_interior_v42\submodel
[device] cuda
[load] D:\Users\dust\Documents\학교\2026년도1학기\컴퓨터비전\실습\FoundationStereo\experiments\_model\general_head.pt  (train_scenes=['archiviz_baseline080', 'bedroom_baseline080', 'blue_bathroom_baseline080', 'computer_room_baseline080', 'cozy_living_room_baseline080', 'flat-archiviz_baseline080', 'green_house_baseline080', 'gym_baseline080', 'livingroom_baseline080', 'minimal_interior_baseline080', 'scandinavian_baseline080', 'sunlight_baseline080'])

[APPLY] ds_v1_seed0/minimal_interior_v42  (저장모델로 새 데이터 평가)
  AUC      = 0.9594
  IoU@0.5  = 0.3544
  F1@0.5   = 0.5234
  accuracy = 0.9231  (prec=0.8218, rec=0.3840)
  tp=2485 fp=539 fn=3987 tn=51869
[save] D:\Users\dust\Documents\학교\2026년도1학기\컴퓨터비전\실습\FoundationStereo\experiments\ds_v1_seed0/minimal_interior_v42\submodel_applied  (pred_mask.png, panel.png, metrics.json)

============================================================
STEP: estimate_mirror_plane
============================================================

============================================================
STEP: viz_ransac_inliers
============================================================

============================================================
STEP: make_mirror_gt_from_depth
============================================================

============================================================
STEP: analyze_features
============================================================

============================================================
STEP: submodel_head
============================================================

============================================================
STEP: apply_submodel
============================================================

DONE: D:\Users\dust\Documents\학교\2026년도1학기\컴퓨터비전\실습\FoundationStereo\experiments\ds_v1_seed0/minimal_interior_v42 (ok)

##### [44/132] ds_v1_seed0/minimal_interior_v43  (done 15, fail 0, skip 28, elapsed 7m, ETA 42m) #####
[scene] ds_v1_seed0/minimal_interior_v43  size=1280x720
[select] mirror 점 개수 = 79656  (mask=79656, valid&depth = 897497)
[conf] mirror 영역 평균 confidence = 0.7104

=== 평면 추정 결과 ===
  [PCA (closed form)]
      normal = [-0.7670, -0.5679, -0.2987]
      d = +2.5360   mirror_depth(perp) = 2.5360 m   view_z = 9.8841 m
      n_inliers = 79656/79656   rms_residual = 0.18738 m
  [RANSAC]
      normal = [-0.9789, +0.1039, -0.1758]
      d = +2.3207   mirror_depth(perp) = 2.3207 m   view_z = 9.8841 m
      n_inliers = 23589/79656   rms_residual = 0.01673 m
  [SVD robust (IRLS)]
      normal = [-0.7718, -0.5633, -0.2951]
      d = +2.4949   mirror_depth(perp) = 2.4949 m   view_z = 9.8841 m
      n_inliers = 21584/79656   rms_residual = 0.03331 m

[save] D:\Users\dust\Documents\학교\2026년도1학기\컴퓨터비전\실습\FoundationStereo\experiments\ds_v1_seed0/minimal_interior_v43\mirror_geometry\result.json
[save] D:\Users\dust\Documents\학교\2026년도1학기\컴퓨터비전\실습\FoundationStereo\experiments\ds_v1_seed0/minimal_interior_v43\mirror_geometry\plane.txt
[save] D:\Users\dust\Documents\학교\2026년도1학기\컴퓨터비전\실습\FoundationStereo\experiments\ds_v1_seed0/minimal_interior_v43\mirror_geometry\viz.png

DONE: D:\Users\dust\Documents\학교\2026년도1학기\컴퓨터비전\실습\FoundationStereo\experiments\ds_v1_seed0/minimal_interior_v43\mirror_geometry
[ds_v1_seed0/minimal_interior_v43] 거울 점 79656개 중 inlier 23589 (29.6%) / outlier 56067
  normal=[-0.979  0.104 -0.176] d=2.321  rms(inlier)=0.0167 m  thr≈0.059 m
[save] D:\Users\dust\Documents\학교\2026년도1학기\컴퓨터비전\실습\FoundationStereo\experiments\ds_v1_seed0/minimal_interior_v43\mirror_geometry\ransac_inliers.png
[gt] minimal_interior_v43         perp 6.86m planRMS 0.0000m  normal [0.406, 0.163, -0.899]

생성 1, 건너뜀 0 (depth_gt/mask 없음 등)
[ds_v1_seed0/minimal_interior_v43] feature 184x320  mirror_frac=0.08688858695652174  feat_left=True
rank  signal              AUC    pol  sep     mean_in     mean_out
  1  feat_left_l2       0.7392   +  0.4069   18.775386   16.314589
  2  post_entropy       0.7292   -  0.4006    0.650851     0.76046
  3  feat_left_pc1      0.6666   -  0.2743    2.094189    3.073645
  4  post_conf          0.6294   +  0.2323    0.709935    0.659704
  5  delta_argdisp      0.6189   -  0.1774   37.250391   48.247805
  6  feat_left_pc2      0.5637   +  0.1154    2.607773     2.19672
  7  delta_conf         0.5524   +  0.0793     0.27765    0.239252
  8  feat_left_pc3      0.5421   +  0.0587     1.79109    1.617373
  9  delta_entropy      0.5396   -  0.0473   -1.160116   -1.088157
 10  pre_entropy        0.5059   +  0.0252    1.810968    1.848617
 11  pre_conf           0.5056   +  0.0279    0.432285    0.420452
BEST: feat_left_l2 (AUC=0.7392, polarity=+)
저장: D:\Users\dust\Documents\학교\2026년도1학기\컴퓨터비전\실습\FoundationStereo\experiments\ds_v1_seed0/minimal_interior_v43\features\report.json / panels.png / mirror_signal.npy
[device] cuda
  [train] epoch 60/300  loss=0.6253
  [train] epoch 120/300  loss=0.4082
  [train] epoch 180/300  loss=0.2682
  [train] epoch 240/300  loss=0.1773
  [train] epoch 300/300  loss=0.1219

[VAL] scene=ds_v1_seed0/minimal_interior_v43  (pixel 70/30 split)
  AUC      = 0.9965
  IoU@0.5  = 0.7533
  F1@0.5   = 0.8593
  accuracy = 0.9718  (prec=0.7701, rec=0.9719)
  tp=1524 fp=455 fn=44 tn=15641

[save] D:\Users\dust\Documents\학교\2026년도1학기\컴퓨터비전\실습\FoundationStereo\experiments\ds_v1_seed0/minimal_interior_v43\submodel
  pred_mask.png, panel.png, metrics.json, head.pt
DONE: D:\Users\dust\Documents\학교\2026년도1학기\컴퓨터비전\실습\FoundationStereo\experiments\ds_v1_seed0/minimal_interior_v43\submodel
[device] cuda
[load] D:\Users\dust\Documents\학교\2026년도1학기\컴퓨터비전\실습\FoundationStereo\experiments\_model\general_head.pt  (train_scenes=['archiviz_baseline080', 'bedroom_baseline080', 'blue_bathroom_baseline080', 'computer_room_baseline080', 'cozy_living_room_baseline080', 'flat-archiviz_baseline080', 'green_house_baseline080', 'gym_baseline080', 'livingroom_baseline080', 'minimal_interior_baseline080', 'scandinavian_baseline080', 'sunlight_baseline080'])

[APPLY] ds_v1_seed0/minimal_interior_v43  (저장모델로 새 데이터 평가)
  AUC      = 0.9507
  IoU@0.5  = 0.3603
  F1@0.5   = 0.5297
  accuracy = 0.9382  (prec=0.7829, rec=0.4003)
  tp=2048 fp=568 fn=3068 tn=53196
[save] D:\Users\dust\Documents\학교\2026년도1학기\컴퓨터비전\실습\FoundationStereo\experiments\ds_v1_seed0/minimal_interior_v43\submodel_applied  (pred_mask.png, panel.png, metrics.json)

============================================================
STEP: estimate_mirror_plane
============================================================

============================================================
STEP: viz_ransac_inliers
============================================================

============================================================
STEP: make_mirror_gt_from_depth
============================================================

============================================================
STEP: analyze_features
============================================================

============================================================
STEP: submodel_head
============================================================

============================================================
STEP: apply_submodel
============================================================

DONE: D:\Users\dust\Documents\학교\2026년도1학기\컴퓨터비전\실습\FoundationStereo\experiments\ds_v1_seed0/minimal_interior_v43 (ok)

##### [45/132] ds_v1_seed0/minimal_interior_v44  (done 16, fail 0, skip 28, elapsed 8m, ETA 42m) #####
[scene] ds_v1_seed0/minimal_interior_v44  size=1280x720
[select] mirror 점 개수 = 65962  (mask=65962, valid&depth = 900720)
[conf] mirror 영역 평균 confidence = 0.7484

=== 평면 추정 결과 ===
  [PCA (closed form)]
      normal = [-0.9300, -0.2725, -0.2467]
      d = +2.4989   mirror_depth(perp) = 2.4989 m   view_z = 11.5110 m
      n_inliers = 65962/65962   rms_residual = 0.19393 m
  [RANSAC]
      normal = [-0.9693, +0.0436, -0.2422]
      d = +2.2477   mirror_depth(perp) = 2.2477 m   view_z = 11.5110 m
      n_inliers = 32795/65962   rms_residual = 0.01520 m
  [SVD robust (IRLS)]
      normal = [-0.9328, -0.2565, -0.2531]
      d = +2.5707   mirror_depth(perp) = 2.5707 m   view_z = 11.5110 m
      n_inliers = 18143/65962   rms_residual = 0.03559 m

[save] D:\Users\dust\Documents\학교\2026년도1학기\컴퓨터비전\실습\FoundationStereo\experiments\ds_v1_seed0/minimal_interior_v44\mirror_geometry\result.json
[save] D:\Users\dust\Documents\학교\2026년도1학기\컴퓨터비전\실습\FoundationStereo\experiments\ds_v1_seed0/minimal_interior_v44\mirror_geometry\plane.txt
[save] D:\Users\dust\Documents\학교\2026년도1학기\컴퓨터비전\실습\FoundationStereo\experiments\ds_v1_seed0/minimal_interior_v44\mirror_geometry\viz.png

DONE: D:\Users\dust\Documents\학교\2026년도1학기\컴퓨터비전\실습\FoundationStereo\experiments\ds_v1_seed0/minimal_interior_v44\mirror_geometry
[ds_v1_seed0/minimal_interior_v44] 거울 점 65962개 중 inlier 32795 (49.7%) / outlier 33167
  normal=[-0.969  0.044 -0.242] d=2.248  rms(inlier)=0.0152 m  thr≈0.062 m
[save] D:\Users\dust\Documents\학교\2026년도1학기\컴퓨터비전\실습\FoundationStereo\experiments\ds_v1_seed0/minimal_interior_v44\mirror_geometry\ransac_inliers.png
[gt] minimal_interior_v44         perp 7.39m planRMS 0.0000m  normal [0.444, -0.063, -0.894]

생성 1, 건너뜀 0 (depth_gt/mask 없음 등)
[ds_v1_seed0/minimal_interior_v44] feature 184x320  mirror_frac=0.07107676630434782  feat_left=True
rank  signal              AUC    pol  sep     mean_in     mean_out
  1  post_entropy        0.762   -  0.5159    0.592349    0.823008
  2  feat_left_l2       0.7618   +  0.4581   19.270187   16.306807
  3  feat_left_pc1      0.7311   -  0.3709    2.012637    3.286504
  4  post_conf          0.6959   +  0.3741    0.747494    0.644233
  5  delta_argdisp      0.6697   -  0.2824   37.511111   55.214169
  6  delta_conf         0.5886   +  0.1287     0.29644    0.223887
  7  delta_entropy      0.5632   -  0.0888   -1.176141   -1.025629
  8  feat_left_pc2      0.5619   +  0.1296    2.874074    2.372664
  9  pre_conf            0.528   +  0.0661    0.451053    0.420345
 10  feat_left_pc3      0.5147   +  0.0267    1.708007    1.639395
 11  pre_entropy        0.5085   -  0.0502     1.76849    1.848637
BEST: post_entropy (AUC=0.762, polarity=-)
저장: D:\Users\dust\Documents\학교\2026년도1학기\컴퓨터비전\실습\FoundationStereo\experiments\ds_v1_seed0/minimal_interior_v44\features\report.json / panels.png / mirror_signal.npy
[device] cuda
  [train] epoch 60/300  loss=0.4866
  [train] epoch 120/300  loss=0.2357
  [train] epoch 180/300  loss=0.1330
  [train] epoch 240/300  loss=0.0822
  [train] epoch 300/300  loss=0.0549

[VAL] scene=ds_v1_seed0/minimal_interior_v44  (pixel 70/30 split)
  AUC      = 0.9990
  IoU@0.5  = 0.8758
  F1@0.5   = 0.9338
  accuracy = 0.9898  (prec=0.8873, rec=0.9853)
  tp=1276 fp=162 fn=19 tn=16207

[save] D:\Users\dust\Documents\학교\2026년도1학기\컴퓨터비전\실습\FoundationStereo\experiments\ds_v1_seed0/minimal_interior_v44\submodel
  pred_mask.png, panel.png, metrics.json, head.pt
DONE: D:\Users\dust\Documents\학교\2026년도1학기\컴퓨터비전\실습\FoundationStereo\experiments\ds_v1_seed0/minimal_interior_v44\submodel
[device] cuda
[load] D:\Users\dust\Documents\학교\2026년도1학기\컴퓨터비전\실습\FoundationStereo\experiments\_model\general_head.pt  (train_scenes=['archiviz_baseline080', 'bedroom_baseline080', 'blue_bathroom_baseline080', 'computer_room_baseline080', 'cozy_living_room_baseline080', 'flat-archiviz_baseline080', 'green_house_baseline080', 'gym_baseline080', 'livingroom_baseline080', 'minimal_interior_baseline080', 'scandinavian_baseline080', 'sunlight_baseline080'])

[APPLY] ds_v1_seed0/minimal_interior_v44  (저장모델로 새 데이터 평가)
  AUC      = 0.8882
  IoU@0.5  = 0.2722
  F1@0.5   = 0.4279
  accuracy = 0.9220  (prec=0.4469, rec=0.4105)
  tp=1718 fp=2126 fn=2467 tn=52569
[save] D:\Users\dust\Documents\학교\2026년도1학기\컴퓨터비전\실습\FoundationStereo\experiments\ds_v1_seed0/minimal_interior_v44\submodel_applied  (pred_mask.png, panel.png, metrics.json)

============================================================
STEP: estimate_mirror_plane
============================================================

============================================================
STEP: viz_ransac_inliers
============================================================

============================================================
STEP: make_mirror_gt_from_depth
============================================================

============================================================
STEP: analyze_features
============================================================

============================================================
STEP: submodel_head
============================================================

============================================================
STEP: apply_submodel
============================================================

DONE: D:\Users\dust\Documents\학교\2026년도1학기\컴퓨터비전\실습\FoundationStereo\experiments\ds_v1_seed0/minimal_interior_v44 (ok)

##### [46/132] ds_v1_seed0/minimal_interior_v45  (done 17, fail 0, skip 28, elapsed 8m, ETA 41m) #####
[scene] ds_v1_seed0/minimal_interior_v45  size=1280x720
[select] mirror 점 개수 = 68766  (mask=78424, valid&depth = 904471)
[conf] mirror 영역 평균 confidence = 0.7078

=== 평면 추정 결과 ===
  [PCA (closed form)]
      normal = [-0.8901, -0.1850, -0.4166]
      d = +1.9099   mirror_depth(perp) = 1.9099 m   view_z = 9.7003 m
      n_inliers = 68766/68766   rms_residual = 0.13607 m
  [RANSAC]
      normal = [-0.8832, +0.0483, -0.4664]
      d = +2.4784   mirror_depth(perp) = 2.4784 m   view_z = 9.7003 m
      n_inliers = 38904/68766   rms_residual = 0.00819 m
  [SVD robust (IRLS)]
      normal = [-0.8912, -0.1854, -0.4139]
      d = +1.8770   mirror_depth(perp) = 1.8770 m   view_z = 9.7003 m
      n_inliers = 22138/68766   rms_residual = 0.03265 m

[save] D:\Users\dust\Documents\학교\2026년도1학기\컴퓨터비전\실습\FoundationStereo\experiments\ds_v1_seed0/minimal_interior_v45\mirror_geometry\result.json
[save] D:\Users\dust\Documents\학교\2026년도1학기\컴퓨터비전\실습\FoundationStereo\experiments\ds_v1_seed0/minimal_interior_v45\mirror_geometry\plane.txt
[save] D:\Users\dust\Documents\학교\2026년도1학기\컴퓨터비전\실습\FoundationStereo\experiments\ds_v1_seed0/minimal_interior_v45\mirror_geometry\viz.png

DONE: D:\Users\dust\Documents\학교\2026년도1학기\컴퓨터비전\실습\FoundationStereo\experiments\ds_v1_seed0/minimal_interior_v45\mirror_geometry
[ds_v1_seed0/minimal_interior_v45] 거울 점 68766개 중 inlier 38904 (56.6%) / outlier 29862
  normal=[-0.883  0.048 -0.466] d=2.478  rms(inlier)=0.0082 m  thr≈0.057 m
[save] D:\Users\dust\Documents\학교\2026년도1학기\컴퓨터비전\실습\FoundationStereo\experiments\ds_v1_seed0/minimal_interior_v45\mirror_geometry\ransac_inliers.png
[gt] minimal_interior_v45         perp 7.11m planRMS 0.0000m  normal [0.651, 0.022, -0.759]

생성 1, 건너뜀 0 (depth_gt/mask 없음 등)
[ds_v1_seed0/minimal_interior_v45] feature 184x320  mirror_frac=0.08586956521739131  feat_left=True
rank  signal              AUC    pol  sep     mean_in     mean_out
  1  feat_left_pc1      0.6638   -  0.2415    1.926192    2.770063
  2  feat_left_l2       0.6293   +  0.2172   17.896154   16.695033
  3  post_conf          0.5656   -   0.116    0.693313    0.720533
  4  pre_entropy        0.5574   +  0.1782    2.298107    1.889374
  5  delta_entropy      0.5558   -  0.1667   -1.633281   -1.254148
  6  post_entropy       0.5512   +  0.1019    0.664826    0.635226
  7  delta_argdisp      0.5418   +  0.0864   49.829509   43.337154
  8  feat_left_pc2      0.5285   -  0.0045    1.997456    2.012426
  9  delta_conf         0.5229   -  0.0822    0.256579    0.303712
 10  feat_left_pc3      0.5132   +  0.0313    1.759375    1.669222
 11  pre_conf           0.5073   -   0.037    0.436734    0.416821
BEST: feat_left_pc1 (AUC=0.6638, polarity=-)
저장: D:\Users\dust\Documents\학교\2026년도1학기\컴퓨터비전\실습\FoundationStereo\experiments\ds_v1_seed0/minimal_interior_v45\features\report.json / panels.png / mirror_signal.npy
[device] cuda
  [train] epoch 60/300  loss=0.5134
  [train] epoch 120/300  loss=0.2677
  [train] epoch 180/300  loss=0.1670
  [train] epoch 240/300  loss=0.1117
  [train] epoch 300/300  loss=0.0785

[VAL] scene=ds_v1_seed0/minimal_interior_v45  (pixel 70/30 split)
  AUC      = 0.9983
  IoU@0.5  = 0.8283
  F1@0.5   = 0.9061
  accuracy = 0.9827  (prec=0.8458, rec=0.9755)
  tp=1476 fp=269 fn=37 tn=15882

[save] D:\Users\dust\Documents\학교\2026년도1학기\컴퓨터비전\실습\FoundationStereo\experiments\ds_v1_seed0/minimal_interior_v45\submodel
  pred_mask.png, panel.png, metrics.json, head.pt
DONE: D:\Users\dust\Documents\학교\2026년도1학기\컴퓨터비전\실습\FoundationStereo\experiments\ds_v1_seed0/minimal_interior_v45\submodel
[device] cuda
[load] D:\Users\dust\Documents\학교\2026년도1학기\컴퓨터비전\실습\FoundationStereo\experiments\_model\general_head.pt  (train_scenes=['archiviz_baseline080', 'bedroom_baseline080', 'blue_bathroom_baseline080', 'computer_room_baseline080', 'cozy_living_room_baseline080', 'flat-archiviz_baseline080', 'green_house_baseline080', 'gym_baseline080', 'livingroom_baseline080', 'minimal_interior_baseline080', 'scandinavian_baseline080', 'sunlight_baseline080'])

[APPLY] ds_v1_seed0/minimal_interior_v45  (저장모델로 새 데이터 평가)
  AUC      = 0.9306
  IoU@0.5  = 0.2370
  F1@0.5   = 0.3832
  accuracy = 0.9248  (prec=0.6475, rec=0.2722)
  tp=1376 fp=749 fn=3680 tn=53075
[save] D:\Users\dust\Documents\학교\2026년도1학기\컴퓨터비전\실습\FoundationStereo\experiments\ds_v1_seed0/minimal_interior_v45\submodel_applied  (pred_mask.png, panel.png, metrics.json)

============================================================
STEP: estimate_mirror_plane
============================================================

============================================================
STEP: viz_ransac_inliers
============================================================

============================================================
STEP: make_mirror_gt_from_depth
============================================================

============================================================
STEP: analyze_features
============================================================

============================================================
STEP: submodel_head
============================================================

============================================================
STEP: apply_submodel
============================================================

DONE: D:\Users\dust\Documents\학교\2026년도1학기\컴퓨터비전\실습\FoundationStereo\experiments\ds_v1_seed0/minimal_interior_v45 (ok)

##### [47/132] ds_v1_seed0/minimal_interior_v46  (done 18, fail 0, skip 28, elapsed 9m, ETA 41m) #####
[scene] ds_v1_seed0/minimal_interior_v46  size=1280x720
[select] mirror 점 개수 = 24578  (mask=31974, valid&depth = 898613)
[conf] mirror 영역 평균 confidence = 0.6779

=== 평면 추정 결과 ===
  [PCA (closed form)]
      normal = [+0.9692, -0.0576, +0.2393]
      d = +0.1357   mirror_depth(perp) = 0.1357 m   view_z = 8.8222 m
      n_inliers = 24578/24578   rms_residual = 0.09888 m
  [RANSAC]
      normal = [-0.7320, +0.0441, -0.6799]
      d = +4.5183   mirror_depth(perp) = 4.5183 m   view_z = 8.8222 m
      n_inliers = 10155/24578   rms_residual = 0.00925 m
  [SVD robust (IRLS)]
      normal = [+0.9718, -0.0658, +0.2265]
      d = +0.2468   mirror_depth(perp) = 0.2468 m   view_z = 8.8222 m
      n_inliers = 3594/24578   rms_residual = 0.01455 m

[save] D:\Users\dust\Documents\학교\2026년도1학기\컴퓨터비전\실습\FoundationStereo\experiments\ds_v1_seed0/minimal_interior_v46\mirror_geometry\result.json
[save] D:\Users\dust\Documents\학교\2026년도1학기\컴퓨터비전\실습\FoundationStereo\experiments\ds_v1_seed0/minimal_interior_v46\mirror_geometry\plane.txt
[save] D:\Users\dust\Documents\학교\2026년도1학기\컴퓨터비전\실습\FoundationStereo\experiments\ds_v1_seed0/minimal_interior_v46\mirror_geometry\viz.png

DONE: D:\Users\dust\Documents\학교\2026년도1학기\컴퓨터비전\실습\FoundationStereo\experiments\ds_v1_seed0/minimal_interior_v46\mirror_geometry
[ds_v1_seed0/minimal_interior_v46] 거울 점 24578개 중 inlier 10155 (41.3%) / outlier 14423
  normal=[-0.732  0.044 -0.68 ] d=4.518  rms(inlier)=0.0093 m  thr≈0.025 m
[save] D:\Users\dust\Documents\학교\2026년도1학기\컴퓨터비전\실습\FoundationStereo\experiments\ds_v1_seed0/minimal_interior_v46\mirror_geometry\ransac_inliers.png
[gt] minimal_interior_v46         perp 6.88m planRMS 0.0000m  normal [0.693, 0.159, -0.703]

생성 1, 건너뜀 0 (depth_gt/mask 없음 등)
[ds_v1_seed0/minimal_interior_v46] feature 184x320  mirror_frac=0.03537703804347826  feat_left=True
rank  signal              AUC    pol  sep     mean_in     mean_out
  1  feat_left_pc1      0.7196   -  0.4482    1.617828    2.965051
  2  feat_left_l2        0.701   +  0.3448   18.588045   16.576572
  3  delta_argdisp      0.6498   -  0.1641   33.196351   44.827192
  4  delta_conf         0.5975   -    0.21    0.165581    0.285284
  5  feat_left_pc3      0.5824   +  0.1117    1.984608    1.672865
  6  pre_conf           0.5793   +  0.1825    0.504702    0.406383
  7  post_conf          0.5596   -  0.1049    0.670283    0.691668
  8  pre_entropy        0.5463   -  0.0586    2.018282    1.878165
  9  delta_entropy       0.545   +  0.0549   -1.316339   -1.185827
 10  feat_left_pc2      0.5144   +  0.0218    2.252455    2.179616
 11  post_entropy       0.5126   +   0.043    0.701943    0.692338
BEST: feat_left_pc1 (AUC=0.7196, polarity=-)
저장: D:\Users\dust\Documents\학교\2026년도1학기\컴퓨터비전\실습\FoundationStereo\experiments\ds_v1_seed0/minimal_interior_v46\features\report.json / panels.png / mirror_signal.npy
[device] cuda
  [train] epoch 60/300  loss=0.4946
  [train] epoch 120/300  loss=0.2529
  [train] epoch 180/300  loss=0.1584
  [train] epoch 240/300  loss=0.1105
  [train] epoch 300/300  loss=0.0809

[VAL] scene=ds_v1_seed0/minimal_interior_v46  (pixel 70/30 split)
  AUC      = 0.9962
  IoU@0.5  = 0.6135
  F1@0.5   = 0.7605
  accuracy = 0.9790  (prec=0.6273, rec=0.9656)
  tp=589 fp=350 fn=21 tn=16704

[save] D:\Users\dust\Documents\학교\2026년도1학기\컴퓨터비전\실습\FoundationStereo\experiments\ds_v1_seed0/minimal_interior_v46\submodel
  pred_mask.png, panel.png, metrics.json, head.pt
DONE: D:\Users\dust\Documents\학교\2026년도1학기\컴퓨터비전\실습\FoundationStereo\experiments\ds_v1_seed0/minimal_interior_v46\submodel
[device] cuda
[load] D:\Users\dust\Documents\학교\2026년도1학기\컴퓨터비전\실습\FoundationStereo\experiments\_model\general_head.pt  (train_scenes=['archiviz_baseline080', 'bedroom_baseline080', 'blue_bathroom_baseline080', 'computer_room_baseline080', 'cozy_living_room_baseline080', 'flat-archiviz_baseline080', 'green_house_baseline080', 'gym_baseline080', 'livingroom_baseline080', 'minimal_interior_baseline080', 'scandinavian_baseline080', 'sunlight_baseline080'])

[APPLY] ds_v1_seed0/minimal_interior_v46  (저장모델로 새 데이터 평가)
  AUC      = 0.9526
  IoU@0.5  = 0.2403
  F1@0.5   = 0.3875
  accuracy = 0.9632  (prec=0.4705, rec=0.3293)
  tp=686 fp=772 fn=1397 tn=56025
[save] D:\Users\dust\Documents\학교\2026년도1학기\컴퓨터비전\실습\FoundationStereo\experiments\ds_v1_seed0/minimal_interior_v46\submodel_applied  (pred_mask.png, panel.png, metrics.json)

============================================================
STEP: estimate_mirror_plane
============================================================

============================================================
STEP: viz_ransac_inliers
============================================================

============================================================
STEP: make_mirror_gt_from_depth
============================================================

============================================================
STEP: analyze_features
============================================================

============================================================
STEP: submodel_head
============================================================

============================================================
STEP: apply_submodel
============================================================

DONE: D:\Users\dust\Documents\학교\2026년도1학기\컴퓨터비전\실습\FoundationStereo\experiments\ds_v1_seed0/minimal_interior_v46 (ok)

##### [48/132] ds_v1_seed0/minimal_interior_v47  (done 19, fail 0, skip 28, elapsed 9m, ETA 40m) #####
[scene] ds_v1_seed0/minimal_interior_v47  size=1280x720
[select] mirror 점 개수 = 63408  (mask=63408, valid&depth = 897345)
[conf] mirror 영역 평균 confidence = 0.7277

=== 평면 추정 결과 ===
  [PCA (closed form)]
      normal = [-0.6761, -0.6858, -0.2694]
      d = +2.5648   mirror_depth(perp) = 2.5648 m   view_z = 9.9655 m
      n_inliers = 63408/63408   rms_residual = 0.17888 m
  [RANSAC]
      normal = [-0.7708, -0.5964, -0.2239]
      d = +2.2485   mirror_depth(perp) = 2.2485 m   view_z = 9.9655 m
      n_inliers = 17846/63408   rms_residual = 0.03311 m
  [SVD robust (IRLS)]
      normal = [-0.6888, -0.6753, -0.2637]
      d = +2.5197   mirror_depth(perp) = 2.5197 m   view_z = 9.9655 m
      n_inliers = 17581/63408   rms_residual = 0.03332 m

[save] D:\Users\dust\Documents\학교\2026년도1학기\컴퓨터비전\실습\FoundationStereo\experiments\ds_v1_seed0/minimal_interior_v47\mirror_geometry\result.json
[save] D:\Users\dust\Documents\학교\2026년도1학기\컴퓨터비전\실습\FoundationStereo\experiments\ds_v1_seed0/minimal_interior_v47\mirror_geometry\plane.txt
[save] D:\Users\dust\Documents\학교\2026년도1학기\컴퓨터비전\실습\FoundationStereo\experiments\ds_v1_seed0/minimal_interior_v47\mirror_geometry\viz.png

DONE: D:\Users\dust\Documents\학교\2026년도1학기\컴퓨터비전\실습\FoundationStereo\experiments\ds_v1_seed0/minimal_interior_v47\mirror_geometry
[ds_v1_seed0/minimal_interior_v47] 거울 점 63408개 중 inlier 17846 (28.1%) / outlier 45562
  normal=[-0.771 -0.596 -0.224] d=2.248  rms(inlier)=0.0331 m  thr≈0.058 m
[save] D:\Users\dust\Documents\학교\2026년도1학기\컴퓨터비전\실습\FoundationStereo\experiments\ds_v1_seed0/minimal_interior_v47\mirror_geometry\ransac_inliers.png
[gt] minimal_interior_v47         perp 7.19m planRMS 0.0000m  normal [0.33, 0.191, -0.924]

생성 1, 건너뜀 0 (depth_gt/mask 없음 등)
[ds_v1_seed0/minimal_interior_v47] feature 184x320  mirror_frac=0.06924252717391305  feat_left=True
rank  signal              AUC    pol  sep     mean_in     mean_out
  1  feat_left_l2       0.8038   +  0.5806   19.983302   16.311798
  2  post_entropy       0.7954   -  0.5403    0.628677    0.804713
  3  feat_left_pc1      0.7379   -  0.4136    1.846557    3.296709
  4  post_conf          0.6897   +    0.35    0.727192     0.64634
  5  feat_left_pc2       0.646   +   0.285    3.327184    2.231451
  6  delta_argdisp      0.6077   -  0.1613   38.181015   48.061602
  7  delta_conf         0.6036   +  0.1687    0.302923    0.220812
  8  delta_entropy       0.587   -  0.1343   -1.208733   -1.005688
  9  pre_entropy        0.5295   +  0.0183     1.83741    1.810401
 10  feat_left_pc3      0.5229   +  0.0238     1.76125    1.690038
 11  pre_conf           0.5134   -   0.003     0.42427    0.425528
BEST: feat_left_l2 (AUC=0.8038, polarity=+)
저장: D:\Users\dust\Documents\학교\2026년도1학기\컴퓨터비전\실습\FoundationStereo\experiments\ds_v1_seed0/minimal_interior_v47\features\report.json / panels.png / mirror_signal.npy
[device] cuda
  [train] epoch 60/300  loss=0.5582
  [train] epoch 120/300  loss=0.3975
  [train] epoch 180/300  loss=0.2892
  [train] epoch 240/300  loss=0.2044
  [train] epoch 300/300  loss=0.1452

[VAL] scene=ds_v1_seed0/minimal_interior_v47  (pixel 70/30 split)
  AUC      = 0.9940
  IoU@0.5  = 0.6349
  F1@0.5   = 0.7767
  accuracy = 0.9618  (prec=0.6483, rec=0.9686)
  tp=1174 fp=637 fn=38 tn=15815

[save] D:\Users\dust\Documents\학교\2026년도1학기\컴퓨터비전\실습\FoundationStereo\experiments\ds_v1_seed0/minimal_interior_v47\submodel
  pred_mask.png, panel.png, metrics.json, head.pt
DONE: D:\Users\dust\Documents\학교\2026년도1학기\컴퓨터비전\실습\FoundationStereo\experiments\ds_v1_seed0/minimal_interior_v47\submodel
[device] cuda
[load] D:\Users\dust\Documents\학교\2026년도1학기\컴퓨터비전\실습\FoundationStereo\experiments\_model\general_head.pt  (train_scenes=['archiviz_baseline080', 'bedroom_baseline080', 'blue_bathroom_baseline080', 'computer_room_baseline080', 'cozy_living_room_baseline080', 'flat-archiviz_baseline080', 'green_house_baseline080', 'gym_baseline080', 'livingroom_baseline080', 'minimal_interior_baseline080', 'scandinavian_baseline080', 'sunlight_baseline080'])

[APPLY] ds_v1_seed0/minimal_interior_v47  (저장모델로 새 데이터 평가)
  AUC      = 0.9458
  IoU@0.5  = 0.3616
  F1@0.5   = 0.5311
  accuracy = 0.9450  (prec=0.6477, rec=0.4501)
  tp=1835 fp=998 fn=2242 tn=53805
[save] D:\Users\dust\Documents\학교\2026년도1학기\컴퓨터비전\실습\FoundationStereo\experiments\ds_v1_seed0/minimal_interior_v47\submodel_applied  (pred_mask.png, panel.png, metrics.json)

============================================================
STEP: estimate_mirror_plane
============================================================

============================================================
STEP: viz_ransac_inliers
============================================================

============================================================
STEP: make_mirror_gt_from_depth
============================================================

============================================================
STEP: analyze_features
============================================================

============================================================
STEP: submodel_head
============================================================

============================================================
STEP: apply_submodel
============================================================

DONE: D:\Users\dust\Documents\학교\2026년도1학기\컴퓨터비전\실습\FoundationStereo\experiments\ds_v1_seed0/minimal_interior_v47 (ok)

##### [49/132] ds_v1_seed0/minimal_interior_v48  (done 20, fail 0, skip 28, elapsed 9m, ETA 39m) #####
[scene] ds_v1_seed0/minimal_interior_v48  size=1280x720
[select] mirror 점 개수 = 68439  (mask=77440, valid&depth = 904030)
[conf] mirror 영역 평균 confidence = 0.7078

=== 평면 추정 결과 ===
  [PCA (closed form)]
      normal = [-0.8952, -0.1794, -0.4079]
      d = +1.7090   mirror_depth(perp) = 1.7090 m   view_z = 10.0921 m
      n_inliers = 68439/68439   rms_residual = 0.13920 m
  [RANSAC]
      normal = [-0.8976, +0.0959, -0.4303]
      d = +2.2598   mirror_depth(perp) = 2.2598 m   view_z = 10.0921 m
      n_inliers = 37883/68439   rms_residual = 0.00931 m
  [SVD robust (IRLS)]
      normal = [-0.8984, -0.1702, -0.4048]
      d = +1.6727   mirror_depth(perp) = 1.6727 m   view_z = 10.0921 m
      n_inliers = 24449/68439   rms_residual = 0.03696 m

[save] D:\Users\dust\Documents\학교\2026년도1학기\컴퓨터비전\실습\FoundationStereo\experiments\ds_v1_seed0/minimal_interior_v48\mirror_geometry\result.json
[save] D:\Users\dust\Documents\학교\2026년도1학기\컴퓨터비전\실습\FoundationStereo\experiments\ds_v1_seed0/minimal_interior_v48\mirror_geometry\plane.txt
[save] D:\Users\dust\Documents\학교\2026년도1학기\컴퓨터비전\실습\FoundationStereo\experiments\ds_v1_seed0/minimal_interior_v48\mirror_geometry\viz.png

DONE: D:\Users\dust\Documents\학교\2026년도1학기\컴퓨터비전\실습\FoundationStereo\experiments\ds_v1_seed0/minimal_interior_v48\mirror_geometry
[ds_v1_seed0/minimal_interior_v48] 거울 점 68439개 중 inlier 37883 (55.4%) / outlier 30556
  normal=[-0.898  0.096 -0.43 ] d=2.260  rms(inlier)=0.0093 m  thr≈0.064 m
[save] D:\Users\dust\Documents\학교\2026년도1학기\컴퓨터비전\실습\FoundationStereo\experiments\ds_v1_seed0/minimal_interior_v48\mirror_geometry\ransac_inliers.png
[gt] minimal_interior_v48         perp 7.36m planRMS 0.0000m  normal [0.628, 0.086, -0.773]

생성 1, 건너뜀 0 (depth_gt/mask 없음 등)
[ds_v1_seed0/minimal_interior_v48] feature 184x320  mirror_frac=0.08478260869565217  feat_left=True
rank  signal              AUC    pol  sep     mean_in     mean_out
  1  feat_left_pc1      0.6506   -  0.2404    1.813946    2.653207
  2  feat_left_l2       0.6054   +  0.1531   17.367954   16.567398
  3  delta_entropy      0.5591   -  0.1659   -1.633661    -1.25754
  4  pre_entropy        0.5542   +  0.1653    2.298039    1.920062
  5  feat_left_pc2       0.547   -  0.0833    1.709448    1.973804
  6  delta_argdisp      0.5365   +   0.073   49.049679   43.608985
  7  post_entropy       0.5114   -  0.0067    0.664379    0.662523
  8  post_conf          0.5039   -  0.0121    0.700141    0.702959
  9  pre_conf           0.5028   +  0.0671    0.440514    0.404684
 10  delta_conf         0.5019   -  0.0667    0.259627    0.298275
 11  feat_left_pc3      0.5007   -  0.0083    1.723048    1.699445
BEST: feat_left_pc1 (AUC=0.6506, polarity=-)
저장: D:\Users\dust\Documents\학교\2026년도1학기\컴퓨터비전\실습\FoundationStereo\experiments\ds_v1_seed0/minimal_interior_v48\features\report.json / panels.png / mirror_signal.npy
[device] cuda
  [train] epoch 60/300  loss=0.4947
  [train] epoch 120/300  loss=0.2408
  [train] epoch 180/300  loss=0.1448
  [train] epoch 240/300  loss=0.0945
  [train] epoch 300/300  loss=0.0651

[VAL] scene=ds_v1_seed0/minimal_interior_v48  (pixel 70/30 split)
  AUC      = 0.9990
  IoU@0.5  = 0.8546
  F1@0.5   = 0.9216
  accuracy = 0.9862  (prec=0.8623, rec=0.9896)
  tp=1428 fp=228 fn=15 tn=15993

[save] D:\Users\dust\Documents\학교\2026년도1학기\컴퓨터비전\실습\FoundationStereo\experiments\ds_v1_seed0/minimal_interior_v48\submodel
  pred_mask.png, panel.png, metrics.json, head.pt
DONE: D:\Users\dust\Documents\학교\2026년도1학기\컴퓨터비전\실습\FoundationStereo\experiments\ds_v1_seed0/minimal_interior_v48\submodel
[device] cuda
[load] D:\Users\dust\Documents\학교\2026년도1학기\컴퓨터비전\실습\FoundationStereo\experiments\_model\general_head.pt  (train_scenes=['archiviz_baseline080', 'bedroom_baseline080', 'blue_bathroom_baseline080', 'computer_room_baseline080', 'cozy_living_room_baseline080', 'flat-archiviz_baseline080', 'green_house_baseline080', 'gym_baseline080', 'livingroom_baseline080', 'minimal_interior_baseline080', 'scandinavian_baseline080', 'sunlight_baseline080'])

[APPLY] ds_v1_seed0/minimal_interior_v48  (저장모델로 새 데이터 평가)
  AUC      = 0.9517
  IoU@0.5  = 0.3295
  F1@0.5   = 0.4956
  accuracy = 0.9306  (prec=0.6449, rec=0.4024)
  tp=2009 fp=1106 fn=2983 tn=52782
[save] D:\Users\dust\Documents\학교\2026년도1학기\컴퓨터비전\실습\FoundationStereo\experiments\ds_v1_seed0/minimal_interior_v48\submodel_applied  (pred_mask.png, panel.png, metrics.json)

============================================================
STEP: estimate_mirror_plane
============================================================

============================================================
STEP: viz_ransac_inliers
============================================================

============================================================
STEP: make_mirror_gt_from_depth
============================================================

============================================================
STEP: analyze_features
============================================================

============================================================
STEP: submodel_head
============================================================

============================================================
STEP: apply_submodel
============================================================

DONE: D:\Users\dust\Documents\학교\2026년도1학기\컴퓨터비전\실습\FoundationStereo\experiments\ds_v1_seed0/minimal_interior_v48 (ok)

##### [50/132] ds_v1_seed0/minimal_interior_v49  (done 21, fail 0, skip 28, elapsed 10m, ETA 38m) #####
[scene] ds_v1_seed0/minimal_interior_v49  size=1280x720
[select] mirror 점 개수 = 98106  (mask=98106, valid&depth = 901165)
[conf] mirror 영역 평균 confidence = 0.7118

=== 평면 추정 결과 ===
  [PCA (closed form)]
      normal = [-0.8681, -0.3576, -0.3443]
      d = +2.4273   mirror_depth(perp) = 2.4273 m   view_z = 10.6707 m
      n_inliers = 98106/98106   rms_residual = 0.20338 m
  [RANSAC]
      normal = [-0.9426, +0.0772, -0.3249]
      d = +2.2708   mirror_depth(perp) = 2.2708 m   view_z = 10.6707 m
      n_inliers = 36218/98106   rms_residual = 0.01439 m
  [SVD robust (IRLS)]
      normal = [-0.8739, -0.3440, -0.3435]
      d = +2.4126   mirror_depth(perp) = 2.4126 m   view_z = 10.6707 m
      n_inliers = 24582/98106   rms_residual = 0.03547 m

[save] D:\Users\dust\Documents\학교\2026년도1학기\컴퓨터비전\실습\FoundationStereo\experiments\ds_v1_seed0/minimal_interior_v49\mirror_geometry\result.json
[save] D:\Users\dust\Documents\학교\2026년도1학기\컴퓨터비전\실습\FoundationStereo\experiments\ds_v1_seed0/minimal_interior_v49\mirror_geometry\plane.txt
[save] D:\Users\dust\Documents\학교\2026년도1학기\컴퓨터비전\실습\FoundationStereo\experiments\ds_v1_seed0/minimal_interior_v49\mirror_geometry\viz.png

DONE: D:\Users\dust\Documents\학교\2026년도1학기\컴퓨터비전\실습\FoundationStereo\experiments\ds_v1_seed0/minimal_interior_v49\mirror_geometry
[ds_v1_seed0/minimal_interior_v49] 거울 점 98106개 중 inlier 36218 (36.9%) / outlier 61888
  normal=[-0.943  0.077 -0.325] d=2.271  rms(inlier)=0.0144 m  thr≈0.062 m
[save] D:\Users\dust\Documents\학교\2026년도1학기\컴퓨터비전\실습\FoundationStereo\experiments\ds_v1_seed0/minimal_interior_v49\mirror_geometry\ransac_inliers.png
[gt] minimal_interior_v49         perp 7.30m planRMS 0.0000m  normal [0.531, 0.034, -0.847]

생성 1, 건너뜀 0 (depth_gt/mask 없음 등)
[ds_v1_seed0/minimal_interior_v49] feature 184x320  mirror_frac=0.10648777173913043  feat_left=True
rank  signal              AUC    pol  sep     mean_in     mean_out
  1  feat_left_pc1      0.6293   -  0.1502     2.09141    2.678146
  2  feat_left_l2       0.6196   +  0.2073   17.770003   16.540741
  3  post_entropy       0.5564   -  0.1267     0.63266    0.674438
  4  pre_conf           0.5333   +  0.0622    0.432199    0.404166
  5  pre_entropy         0.525   -  0.0701    1.849248    1.966992
  6  post_conf          0.5205   +  0.0377     0.71127     0.70161
  7  delta_argdisp      0.5131   -  0.0299   44.692504   46.733929
  8  delta_conf         0.5124   -  0.0347    0.279071    0.297444
  9  delta_entropy      0.5117   +  0.0442   -1.216588   -1.292554
 10  feat_left_pc2      0.5099   +    0.05    2.247323    2.082529
 11  feat_left_pc3      0.5006   +  0.0535    1.822529    1.628903
BEST: feat_left_pc1 (AUC=0.6293, polarity=-)
저장: D:\Users\dust\Documents\학교\2026년도1학기\컴퓨터비전\실습\FoundationStereo\experiments\ds_v1_seed0/minimal_interior_v49\features\report.json / panels.png / mirror_signal.npy
[device] cuda
  [train] epoch 60/300  loss=0.6156
  [train] epoch 120/300  loss=0.3383
  [train] epoch 180/300  loss=0.1992
  [train] epoch 240/300  loss=0.1279
  [train] epoch 300/300  loss=0.0889

[VAL] scene=ds_v1_seed0/minimal_interior_v49  (pixel 70/30 split)
  AUC      = 0.9976
  IoU@0.5  = 0.8426
  F1@0.5   = 0.9146
  accuracy = 0.9805  (prec=0.8651, rec=0.9701)
  tp=1847 fp=288 fn=57 tn=15472

[save] D:\Users\dust\Documents\학교\2026년도1학기\컴퓨터비전\실습\FoundationStereo\experiments\ds_v1_seed0/minimal_interior_v49\submodel
  pred_mask.png, panel.png, metrics.json, head.pt
DONE: D:\Users\dust\Documents\학교\2026년도1학기\컴퓨터비전\실습\FoundationStereo\experiments\ds_v1_seed0/minimal_interior_v49\submodel
[device] cuda
[load] D:\Users\dust\Documents\학교\2026년도1학기\컴퓨터비전\실습\FoundationStereo\experiments\_model\general_head.pt  (train_scenes=['archiviz_baseline080', 'bedroom_baseline080', 'blue_bathroom_baseline080', 'computer_room_baseline080', 'cozy_living_room_baseline080', 'flat-archiviz_baseline080', 'green_house_baseline080', 'gym_baseline080', 'livingroom_baseline080', 'minimal_interior_baseline080', 'scandinavian_baseline080', 'sunlight_baseline080'])

[APPLY] ds_v1_seed0/minimal_interior_v49  (저장모델로 새 데이터 평가)
  AUC      = 0.9188
  IoU@0.5  = 0.3068
  F1@0.5   = 0.4695
  accuracy = 0.9110  (prec=0.6421, rec=0.3700)
  tp=2320 fp=1293 fn=3950 tn=51317
[save] D:\Users\dust\Documents\학교\2026년도1학기\컴퓨터비전\실습\FoundationStereo\experiments\ds_v1_seed0/minimal_interior_v49\submodel_applied  (pred_mask.png, panel.png, metrics.json)

============================================================
STEP: estimate_mirror_plane
============================================================

============================================================
STEP: viz_ransac_inliers
============================================================

============================================================
STEP: make_mirror_gt_from_depth
============================================================

============================================================
STEP: analyze_features
============================================================

============================================================
STEP: submodel_head
============================================================

============================================================
STEP: apply_submodel
============================================================

DONE: D:\Users\dust\Documents\학교\2026년도1학기\컴퓨터비전\실습\FoundationStereo\experiments\ds_v1_seed0/minimal_interior_v49 (ok)

##### [51/132] ds_v1_seed0/minimal_interior_v50  (done 22, fail 0, skip 28, elapsed 10m, ETA 38m) #####
[scene] ds_v1_seed0/minimal_interior_v50  size=1280x720
[select] mirror 점 개수 = 87680  (mask=87680, valid&depth = 898560)
[conf] mirror 영역 평균 confidence = 0.7037

=== 평면 추정 결과 ===
  [PCA (closed form)]
      normal = [-0.9378, -0.3171, -0.1412]
      d = +2.3327   mirror_depth(perp) = 2.3327 m   view_z = 10.6024 m
      n_inliers = 87680/87680   rms_residual = 0.19800 m
  [RANSAC]
      normal = [-0.9869, +0.0803, -0.1397]
      d = +2.2422   mirror_depth(perp) = 2.2422 m   view_z = 10.6024 m
      n_inliers = 40407/87680   rms_residual = 0.01362 m
  [SVD robust (IRLS)]
      normal = [-0.9407, -0.3080, -0.1422]
      d = +2.3412   mirror_depth(perp) = 2.3412 m   view_z = 10.6024 m
      n_inliers = 22849/87680   rms_residual = 0.03305 m

[save] D:\Users\dust\Documents\학교\2026년도1학기\컴퓨터비전\실습\FoundationStereo\experiments\ds_v1_seed0/minimal_interior_v50\mirror_geometry\result.json
[save] D:\Users\dust\Documents\학교\2026년도1학기\컴퓨터비전\실습\FoundationStereo\experiments\ds_v1_seed0/minimal_interior_v50\mirror_geometry\plane.txt
[save] D:\Users\dust\Documents\학교\2026년도1학기\컴퓨터비전\실습\FoundationStereo\experiments\ds_v1_seed0/minimal_interior_v50\mirror_geometry\viz.png

DONE: D:\Users\dust\Documents\학교\2026년도1학기\컴퓨터비전\실습\FoundationStereo\experiments\ds_v1_seed0/minimal_interior_v50\mirror_geometry
[ds_v1_seed0/minimal_interior_v50] 거울 점 87680개 중 inlier 40407 (46.1%) / outlier 47273
  normal=[-0.987  0.08  -0.14 ] d=2.242  rms(inlier)=0.0136 m  thr≈0.059 m
[save] D:\Users\dust\Documents\학교\2026년도1학기\컴퓨터비전\실습\FoundationStereo\experiments\ds_v1_seed0/minimal_interior_v50\mirror_geometry\ransac_inliers.png
[gt] minimal_interior_v50         perp 6.90m planRMS 0.0000m  normal [0.349, -0.047, -0.936]

생성 1, 건너뜀 0 (depth_gt/mask 없음 등)
[ds_v1_seed0/minimal_interior_v50] feature 184x320  mirror_frac=0.09465013586956522  feat_left=True
rank  signal              AUC    pol  sep     mean_in     mean_out
  1  post_entropy       0.8034   -  0.5497    0.652501     0.98454
  2  feat_left_l2       0.8024   +  0.5455   19.929622   16.056851
  3  post_conf          0.7236   +    0.45     0.70453    0.581274
  4  feat_left_pc1      0.7185   -  0.2953    2.302353    3.478574
  5  delta_argdisp      0.6767   -  0.2969   36.832765     54.9377
  6  feat_left_pc2        0.61   +  0.2025    3.272201    2.399304
  7  delta_conf         0.6016   +  0.1905    0.247298    0.139027
  8  delta_entropy      0.5929   -  0.1819   -1.064061   -0.752258
  9  pre_conf           0.5125   +  0.0332    0.457232    0.442247
 10  pre_entropy        0.5092   +  0.0134    1.716562    1.736798
 11  feat_left_pc3      0.5027   -  0.0486    1.669243    1.802126
BEST: post_entropy (AUC=0.8034, polarity=-)
저장: D:\Users\dust\Documents\학교\2026년도1학기\컴퓨터비전\실습\FoundationStereo\experiments\ds_v1_seed0/minimal_interior_v50\features\report.json / panels.png / mirror_signal.npy
[device] cuda
  [train] epoch 60/300  loss=0.5169
  [train] epoch 120/300  loss=0.3134
  [train] epoch 180/300  loss=0.2155
  [train] epoch 240/300  loss=0.1519
  [train] epoch 300/300  loss=0.1085

[VAL] scene=ds_v1_seed0/minimal_interior_v50  (pixel 70/30 split)
  AUC      = 0.9965
  IoU@0.5  = 0.7625
  F1@0.5   = 0.8652
  accuracy = 0.9719  (prec=0.7812, rec=0.9695)
  tp=1592 fp=446 fn=50 tn=15576

[save] D:\Users\dust\Documents\학교\2026년도1학기\컴퓨터비전\실습\FoundationStereo\experiments\ds_v1_seed0/minimal_interior_v50\submodel
  pred_mask.png, panel.png, metrics.json, head.pt
DONE: D:\Users\dust\Documents\학교\2026년도1학기\컴퓨터비전\실습\FoundationStereo\experiments\ds_v1_seed0/minimal_interior_v50\submodel
[device] cuda
[load] D:\Users\dust\Documents\학교\2026년도1학기\컴퓨터비전\실습\FoundationStereo\experiments\_model\general_head.pt  (train_scenes=['archiviz_baseline080', 'bedroom_baseline080', 'blue_bathroom_baseline080', 'computer_room_baseline080', 'cozy_living_room_baseline080', 'flat-archiviz_baseline080', 'green_house_baseline080', 'gym_baseline080', 'livingroom_baseline080', 'minimal_interior_baseline080', 'scandinavian_baseline080', 'sunlight_baseline080'])

[APPLY] ds_v1_seed0/minimal_interior_v50  (저장모델로 새 데이터 평가)
  AUC      = 0.9020
  IoU@0.5  = 0.2648
  F1@0.5   = 0.4188
  accuracy = 0.9171  (prec=0.6227, rec=0.3154)
  tp=1758 fp=1065 fn=3815 tn=52242
[save] D:\Users\dust\Documents\학교\2026년도1학기\컴퓨터비전\실습\FoundationStereo\experiments\ds_v1_seed0/minimal_interior_v50\submodel_applied  (pred_mask.png, panel.png, metrics.json)

============================================================
STEP: estimate_mirror_plane
============================================================

============================================================
STEP: viz_ransac_inliers
============================================================

============================================================
STEP: make_mirror_gt_from_depth
============================================================

============================================================
STEP: analyze_features
============================================================

============================================================
STEP: submodel_head
============================================================

============================================================
STEP: apply_submodel
============================================================

DONE: D:\Users\dust\Documents\학교\2026년도1학기\컴퓨터비전\실습\FoundationStereo\experiments\ds_v1_seed0/minimal_interior_v50 (ok)

##### [52/132] ds_v1_seed0/minimal_interior_v51  (done 23, fail 0, skip 28, elapsed 11m, ETA 37m) #####
[scene] ds_v1_seed0/minimal_interior_v51  size=1280x720
[select] mirror 점 개수 = 102339  (mask=102339, valid&depth = 899277)
[conf] mirror 영역 평균 confidence = 0.7182

=== 평면 추정 결과 ===
  [PCA (closed form)]
      normal = [-0.9154, -0.3131, -0.2529]
      d = +2.3931   mirror_depth(perp) = 2.3931 m   view_z = 10.0695 m
      n_inliers = 102339/102339   rms_residual = 0.19417 m
  [RANSAC]
      normal = [-0.9610, +0.0634, -0.2691]
      d = +2.6161   mirror_depth(perp) = 2.6161 m   view_z = 10.0695 m
      n_inliers = 48995/102339   rms_residual = 0.01364 m
  [SVD robust (IRLS)]
      normal = [-0.9261, -0.2806, -0.2522]
      d = +2.3744   mirror_depth(perp) = 2.3744 m   view_z = 10.0695 m
      n_inliers = 27244/102339   rms_residual = 0.03364 m

[save] D:\Users\dust\Documents\학교\2026년도1학기\컴퓨터비전\실습\FoundationStereo\experiments\ds_v1_seed0/minimal_interior_v51\mirror_geometry\result.json
[save] D:\Users\dust\Documents\학교\2026년도1학기\컴퓨터비전\실습\FoundationStereo\experiments\ds_v1_seed0/minimal_interior_v51\mirror_geometry\plane.txt
[save] D:\Users\dust\Documents\학교\2026년도1학기\컴퓨터비전\실습\FoundationStereo\experiments\ds_v1_seed0/minimal_interior_v51\mirror_geometry\viz.png

DONE: D:\Users\dust\Documents\학교\2026년도1학기\컴퓨터비전\실습\FoundationStereo\experiments\ds_v1_seed0/minimal_interior_v51\mirror_geometry
[ds_v1_seed0/minimal_interior_v51] 거울 점 102339개 중 inlier 48995 (47.9%) / outlier 53344
  normal=[-0.961  0.063 -0.269] d=2.616  rms(inlier)=0.0136 m  thr≈0.058 m
[save] D:\Users\dust\Documents\학교\2026년도1학기\컴퓨터비전\실습\FoundationStereo\experiments\ds_v1_seed0/minimal_interior_v51\mirror_geometry\ransac_inliers.png
[gt] minimal_interior_v51         perp 6.82m planRMS 0.0000m  normal [0.474, 0.015, -0.88]

생성 1, 건너뜀 0 (depth_gt/mask 없음 등)
[ds_v1_seed0/minimal_interior_v51] feature 184x320  mirror_frac=0.11095448369565217  feat_left=True
rank  signal              AUC    pol  sep     mean_in     mean_out
  1  post_entropy       0.6988   -  0.3358    0.636077     0.75461
  2  feat_left_l2       0.6799   +  0.3048   18.332246   16.476514
  3  feat_left_pc1      0.6775   -  0.2686    2.143321    3.094811
  4  delta_argdisp      0.6723   -   0.283   34.585795   52.464477
  5  post_conf          0.6366   +  0.2468     0.71811    0.659428
  6  pre_conf           0.5454   +  0.0885    0.463312    0.423472
  7  feat_left_pc3      0.5406   +   0.054    1.699041    1.527027
  8  pre_entropy        0.5375   -  0.0968    1.697612    1.848111
  9  delta_conf         0.5242   +   0.037    0.254798    0.235956
 10  delta_entropy       0.502   +  0.0201   -1.061535     -1.0935
 11  feat_left_pc2      0.5005   -  0.0534    2.363263    2.174602
BEST: post_entropy (AUC=0.6988, polarity=-)
저장: D:\Users\dust\Documents\학교\2026년도1학기\컴퓨터비전\실습\FoundationStereo\experiments\ds_v1_seed0/minimal_interior_v51\features\report.json / panels.png / mirror_signal.npy
[device] cuda
  [train] epoch 60/300  loss=0.5836
  [train] epoch 120/300  loss=0.3255
  [train] epoch 180/300  loss=0.2024
  [train] epoch 240/300  loss=0.1358
  [train] epoch 300/300  loss=0.0969

[VAL] scene=ds_v1_seed0/minimal_interior_v51  (pixel 70/30 split)
  AUC      = 0.9976
  IoU@0.5  = 0.8368
  F1@0.5   = 0.9111
  accuracy = 0.9787  (prec=0.8534, rec=0.9772)
  tp=1933 fp=332 fn=45 tn=15354

[save] D:\Users\dust\Documents\학교\2026년도1학기\컴퓨터비전\실습\FoundationStereo\experiments\ds_v1_seed0/minimal_interior_v51\submodel
  pred_mask.png, panel.png, metrics.json, head.pt
DONE: D:\Users\dust\Documents\학교\2026년도1학기\컴퓨터비전\실습\FoundationStereo\experiments\ds_v1_seed0/minimal_interior_v51\submodel
[device] cuda
[load] D:\Users\dust\Documents\학교\2026년도1학기\컴퓨터비전\실습\FoundationStereo\experiments\_model\general_head.pt  (train_scenes=['archiviz_baseline080', 'bedroom_baseline080', 'blue_bathroom_baseline080', 'computer_room_baseline080', 'cozy_living_room_baseline080', 'flat-archiviz_baseline080', 'green_house_baseline080', 'gym_baseline080', 'livingroom_baseline080', 'minimal_interior_baseline080', 'scandinavian_baseline080', 'sunlight_baseline080'])

[APPLY] ds_v1_seed0/minimal_interior_v51  (저장모델로 새 데이터 평가)
  AUC      = 0.9074
  IoU@0.5  = 0.2360
  F1@0.5   = 0.3819
  accuracy = 0.9083  (prec=0.7562, rec=0.2555)
  tp=1669 fp=538 fn=4864 tn=51809
[save] D:\Users\dust\Documents\학교\2026년도1학기\컴퓨터비전\실습\FoundationStereo\experiments\ds_v1_seed0/minimal_interior_v51\submodel_applied  (pred_mask.png, panel.png, metrics.json)

============================================================
STEP: estimate_mirror_plane
============================================================

============================================================
STEP: viz_ransac_inliers
============================================================

============================================================
STEP: make_mirror_gt_from_depth
============================================================

============================================================
STEP: analyze_features
============================================================

============================================================
STEP: submodel_head
============================================================

============================================================
STEP: apply_submodel
============================================================

DONE: D:\Users\dust\Documents\학교\2026년도1학기\컴퓨터비전\실습\FoundationStereo\experiments\ds_v1_seed0/minimal_interior_v51 (ok)

##### [53/132] ds_v1_seed0/minimal_interior_v52  (done 24, fail 0, skip 28, elapsed 11m, ETA 37m) #####
[scene] ds_v1_seed0/minimal_interior_v52  size=1280x720
[select] mirror 점 개수 = 77477  (mask=77477, valid&depth = 898511)
[conf] mirror 영역 평균 confidence = 0.7307

=== 평면 추정 결과 ===
  [PCA (closed form)]
      normal = [-0.7439, -0.5355, -0.4000]
      d = +2.4573   mirror_depth(perp) = 2.4573 m   view_z = 10.2755 m
      n_inliers = 77477/77477   rms_residual = 0.18782 m
  [RANSAC]
      normal = [-0.7780, -0.4897, -0.3936]
      d = +2.3894   mirror_depth(perp) = 2.3894 m   view_z = 10.2755 m
      n_inliers = 22105/77477   rms_residual = 0.03453 m
  [SVD robust (IRLS)]
      normal = [-0.7387, -0.5435, -0.3986]
      d = +2.4378   mirror_depth(perp) = 2.4378 m   view_z = 10.2755 m
      n_inliers = 21647/77477   rms_residual = 0.03425 m

[save] D:\Users\dust\Documents\학교\2026년도1학기\컴퓨터비전\실습\FoundationStereo\experiments\ds_v1_seed0/minimal_interior_v52\mirror_geometry\result.json
[save] D:\Users\dust\Documents\학교\2026년도1학기\컴퓨터비전\실습\FoundationStereo\experiments\ds_v1_seed0/minimal_interior_v52\mirror_geometry\plane.txt
[save] D:\Users\dust\Documents\학교\2026년도1학기\컴퓨터비전\실습\FoundationStereo\experiments\ds_v1_seed0/minimal_interior_v52\mirror_geometry\viz.png

DONE: D:\Users\dust\Documents\학교\2026년도1학기\컴퓨터비전\실습\FoundationStereo\experiments\ds_v1_seed0/minimal_interior_v52\mirror_geometry
[ds_v1_seed0/minimal_interior_v52] 거울 점 77477개 중 inlier 22105 (28.5%) / outlier 55372
  normal=[-0.778 -0.49  -0.394] d=2.389  rms(inlier)=0.0345 m  thr≈0.061 m
[save] D:\Users\dust\Documents\학교\2026년도1학기\컴퓨터비전\실습\FoundationStereo\experiments\ds_v1_seed0/minimal_interior_v52\mirror_geometry\ransac_inliers.png
[gt] minimal_interior_v52         perp 7.23m planRMS 0.0000m  normal [0.524, 0.152, -0.838]

생성 1, 건너뜀 0 (depth_gt/mask 없음 등)
[ds_v1_seed0/minimal_interior_v52] feature 184x320  mirror_frac=0.08459578804347827  feat_left=True
rank  signal              AUC    pol  sep     mean_in     mean_out
  1  feat_left_l2        0.674   +   0.286   18.111605   16.472329
  2  feat_left_pc1      0.6593   -  0.2594    1.938411    2.837492
  3  post_entropy       0.6456   -   0.224     0.62731    0.682046
  4  post_conf          0.5782   +  0.1293    0.729566    0.700961
  5  delta_argdisp      0.5677   -  0.1126    38.24473   45.361027
  6  delta_entropy      0.5594   -  0.0717   -1.345425   -1.230299
  7  delta_conf         0.5566   +  0.0691    0.327854    0.294534
  8  feat_left_pc3      0.5488   +  0.0577    1.780247    1.610286
  9  pre_entropy        0.5402   +   0.038    1.972735    1.912345
 10  feat_left_pc2      0.5352   +  0.0588    2.319214      2.1236
 11  pre_conf           0.5189   -  0.0111    0.401713    0.406427
BEST: feat_left_l2 (AUC=0.674, polarity=+)
저장: D:\Users\dust\Documents\학교\2026년도1학기\컴퓨터비전\실습\FoundationStereo\experiments\ds_v1_seed0/minimal_interior_v52\features\report.json / panels.png / mirror_signal.npy
[device] cuda
  [train] epoch 60/300  loss=0.6036
  [train] epoch 120/300  loss=0.3629
  [train] epoch 180/300  loss=0.2365
  [train] epoch 240/300  loss=0.1593
  [train] epoch 300/300  loss=0.1121

[VAL] scene=ds_v1_seed0/minimal_interior_v52  (pixel 70/30 split)
  AUC      = 0.9959
  IoU@0.5  = 0.7317
  F1@0.5   = 0.8451
  accuracy = 0.9703  (prec=0.7501, rec=0.9676)
  tp=1432 fp=477 fn=48 tn=15707

[save] D:\Users\dust\Documents\학교\2026년도1학기\컴퓨터비전\실습\FoundationStereo\experiments\ds_v1_seed0/minimal_interior_v52\submodel
  pred_mask.png, panel.png, metrics.json, head.pt
DONE: D:\Users\dust\Documents\학교\2026년도1학기\컴퓨터비전\실습\FoundationStereo\experiments\ds_v1_seed0/minimal_interior_v52\submodel
[device] cuda
[load] D:\Users\dust\Documents\학교\2026년도1학기\컴퓨터비전\실습\FoundationStereo\experiments\_model\general_head.pt  (train_scenes=['archiviz_baseline080', 'bedroom_baseline080', 'blue_bathroom_baseline080', 'computer_room_baseline080', 'cozy_living_room_baseline080', 'flat-archiviz_baseline080', 'green_house_baseline080', 'gym_baseline080', 'livingroom_baseline080', 'minimal_interior_baseline080', 'scandinavian_baseline080', 'sunlight_baseline080'])

[APPLY] ds_v1_seed0/minimal_interior_v52  (저장모델로 새 데이터 평가)
  AUC      = 0.9662
  IoU@0.5  = 0.4436
  F1@0.5   = 0.6146
  accuracy = 0.9456  (prec=0.7674, rec=0.5125)
  tp=2553 fp=774 fn=2428 tn=53125
[save] D:\Users\dust\Documents\학교\2026년도1학기\컴퓨터비전\실습\FoundationStereo\experiments\ds_v1_seed0/minimal_interior_v52\submodel_applied  (pred_mask.png, panel.png, metrics.json)

============================================================
STEP: estimate_mirror_plane
============================================================

============================================================
STEP: viz_ransac_inliers
============================================================

============================================================
STEP: make_mirror_gt_from_depth
============================================================

============================================================
STEP: analyze_features
============================================================

============================================================
STEP: submodel_head
============================================================

============================================================
STEP: apply_submodel
============================================================

DONE: D:\Users\dust\Documents\학교\2026년도1학기\컴퓨터비전\실습\FoundationStereo\experiments\ds_v1_seed0/minimal_interior_v52 (ok)

##### [54/132] ds_v1_seed0/minimal_interior_v53  (done 25, fail 0, skip 28, elapsed 12m, ETA 37m) #####
[scene] ds_v1_seed0/minimal_interior_v53  size=1280x720
[select] mirror 점 개수 = 102437  (mask=102437, valid&depth = 900959)
[conf] mirror 영역 평균 confidence = 0.6863

=== 평면 추정 결과 ===
  [PCA (closed form)]
      normal = [-0.8593, -0.3024, -0.4125]
      d = +2.4039   mirror_depth(perp) = 2.4039 m   view_z = 10.4873 m
      n_inliers = 102437/102437   rms_residual = 0.20230 m
  [RANSAC]
      normal = [-0.9092, +0.0224, -0.4158]
      d = +2.4282   mirror_depth(perp) = 2.4282 m   view_z = 10.4873 m
      n_inliers = 43760/102437   rms_residual = 0.01555 m
  [SVD robust (IRLS)]
      normal = [-0.8659, -0.2875, -0.4094]
      d = +2.3620   mirror_depth(perp) = 2.3620 m   view_z = 10.4873 m
      n_inliers = 25863/102437   rms_residual = 0.03402 m

[save] D:\Users\dust\Documents\학교\2026년도1학기\컴퓨터비전\실습\FoundationStereo\experiments\ds_v1_seed0/minimal_interior_v53\mirror_geometry\result.json
[save] D:\Users\dust\Documents\학교\2026년도1학기\컴퓨터비전\실습\FoundationStereo\experiments\ds_v1_seed0/minimal_interior_v53\mirror_geometry\plane.txt
[save] D:\Users\dust\Documents\학교\2026년도1학기\컴퓨터비전\실습\FoundationStereo\experiments\ds_v1_seed0/minimal_interior_v53\mirror_geometry\viz.png

DONE: D:\Users\dust\Documents\학교\2026년도1학기\컴퓨터비전\실습\FoundationStereo\experiments\ds_v1_seed0/minimal_interior_v53\mirror_geometry
[ds_v1_seed0/minimal_interior_v53] 거울 점 102437개 중 inlier 43760 (42.7%) / outlier 58677
  normal=[-0.909  0.022 -0.416] d=2.428  rms(inlier)=0.0156 m  thr≈0.060 m
[save] D:\Users\dust\Documents\학교\2026년도1학기\컴퓨터비전\실습\FoundationStereo\experiments\ds_v1_seed0/minimal_interior_v53\mirror_geometry\ransac_inliers.png
[gt] minimal_interior_v53         perp 7.25m planRMS 0.0000m  normal [0.606, 0.002, -0.796]

생성 1, 건너뜀 0 (depth_gt/mask 없음 등)
[ds_v1_seed0/minimal_interior_v53] feature 184x320  mirror_frac=0.11085258152173913  feat_left=True
rank  signal              AUC    pol  sep     mean_in     mean_out
  1  feat_left_pc1      0.6376   -  0.1816    2.049537    2.725085
  2  feat_left_l2       0.6112   +   0.193   17.764078   16.670066
  3  post_conf          0.5581   -  0.0988    0.687008    0.711603
  4  pre_entropy        0.5378   +  0.0936    2.111043    1.922567
  5  delta_argdisp      0.5368   +   0.045   49.550329   46.243577
  6  delta_entropy      0.5362   -  0.0915   -1.455792   -1.272453
  7  delta_conf         0.5287   -  0.0807     0.25678    0.301574
  8  feat_left_pc3      0.5185   -  0.0126    1.690624    1.650116
  9  feat_left_pc2      0.5149   -  0.0114    2.111818    2.072925
 10  post_entropy       0.5134   +   0.017    0.655251    0.650114
 11  pre_conf           0.5039   +  0.0408    0.430228    0.410029
BEST: feat_left_pc1 (AUC=0.6376, polarity=-)
저장: D:\Users\dust\Documents\학교\2026년도1학기\컴퓨터비전\실습\FoundationStereo\experiments\ds_v1_seed0/minimal_interior_v53\features\report.json / panels.png / mirror_signal.npy
[device] cuda
  [train] epoch 60/300  loss=0.5531
  [train] epoch 120/300  loss=0.2968
  [train] epoch 180/300  loss=0.1782
  [train] epoch 240/300  loss=0.1154
  [train] epoch 300/300  loss=0.0802

[VAL] scene=ds_v1_seed0/minimal_interior_v53  (pixel 70/30 split)
  AUC      = 0.9976
  IoU@0.5  = 0.8437
  F1@0.5   = 0.9152
  accuracy = 0.9802  (prec=0.8603, rec=0.9777)
  tp=1884 fp=306 fn=43 tn=15431

[save] D:\Users\dust\Documents\학교\2026년도1학기\컴퓨터비전\실습\FoundationStereo\experiments\ds_v1_seed0/minimal_interior_v53\submodel
  pred_mask.png, panel.png, metrics.json, head.pt
DONE: D:\Users\dust\Documents\학교\2026년도1학기\컴퓨터비전\실습\FoundationStereo\experiments\ds_v1_seed0/minimal_interior_v53\submodel
[device] cuda
[load] D:\Users\dust\Documents\학교\2026년도1학기\컴퓨터비전\실습\FoundationStereo\experiments\_model\general_head.pt  (train_scenes=['archiviz_baseline080', 'bedroom_baseline080', 'blue_bathroom_baseline080', 'computer_room_baseline080', 'cozy_living_room_baseline080', 'flat-archiviz_baseline080', 'green_house_baseline080', 'gym_baseline080', 'livingroom_baseline080', 'minimal_interior_baseline080', 'scandinavian_baseline080', 'sunlight_baseline080'])

[APPLY] ds_v1_seed0/minimal_interior_v53  (저장모델로 새 데이터 평가)
  AUC      = 0.9145
  IoU@0.5  = 0.2479
  F1@0.5   = 0.3973
  accuracy = 0.9015  (prec=0.6174, rec=0.2929)
  tp=1912 fp=1185 fn=4615 tn=51168
[save] D:\Users\dust\Documents\학교\2026년도1학기\컴퓨터비전\실습\FoundationStereo\experiments\ds_v1_seed0/minimal_interior_v53\submodel_applied  (pred_mask.png, panel.png, metrics.json)

============================================================
STEP: estimate_mirror_plane
============================================================

============================================================
STEP: viz_ransac_inliers
============================================================

============================================================
STEP: make_mirror_gt_from_depth
============================================================

============================================================
STEP: analyze_features
============================================================

============================================================
STEP: submodel_head
============================================================

============================================================
STEP: apply_submodel
============================================================

DONE: D:\Users\dust\Documents\학교\2026년도1학기\컴퓨터비전\실습\FoundationStereo\experiments\ds_v1_seed0/minimal_interior_v53 (ok)

##### [55/132] ds_v1_seed0/minimal_interior_v54  (done 26, fail 0, skip 28, elapsed 12m, ETA 36m) #####
[scene] ds_v1_seed0/minimal_interior_v54  size=1280x720
[select] mirror 점 개수 = 84039  (mask=84039, valid&depth = 898696)
[conf] mirror 영역 평균 confidence = 0.7306

=== 평면 추정 결과 ===
  [PCA (closed form)]
      normal = [-0.7993, -0.4604, -0.3863]
      d = +2.3736   mirror_depth(perp) = 2.3736 m   view_z = 10.4845 m
      n_inliers = 84039/84039   rms_residual = 0.20042 m
  [RANSAC]
      normal = [-0.9426, +0.1232, -0.3105]
      d = +2.2665   mirror_depth(perp) = 2.2665 m   view_z = 10.4845 m
      n_inliers = 24213/84039   rms_residual = 0.01839 m
  [SVD robust (IRLS)]
      normal = [-0.7899, -0.4762, -0.3864]
      d = +2.3684   mirror_depth(perp) = 2.3684 m   view_z = 10.4845 m
      n_inliers = 21882/84039   rms_residual = 0.03520 m

[save] D:\Users\dust\Documents\학교\2026년도1학기\컴퓨터비전\실습\FoundationStereo\experiments\ds_v1_seed0/minimal_interior_v54\mirror_geometry\result.json
[save] D:\Users\dust\Documents\학교\2026년도1학기\컴퓨터비전\실습\FoundationStereo\experiments\ds_v1_seed0/minimal_interior_v54\mirror_geometry\plane.txt
[save] D:\Users\dust\Documents\학교\2026년도1학기\컴퓨터비전\실습\FoundationStereo\experiments\ds_v1_seed0/minimal_interior_v54\mirror_geometry\viz.png

DONE: D:\Users\dust\Documents\학교\2026년도1학기\컴퓨터비전\실습\FoundationStereo\experiments\ds_v1_seed0/minimal_interior_v54\mirror_geometry
[ds_v1_seed0/minimal_interior_v54] 거울 점 84039개 중 inlier 24213 (28.8%) / outlier 59826
  normal=[-0.943  0.123 -0.31 ] d=2.267  rms(inlier)=0.0184 m  thr≈0.062 m
[save] D:\Users\dust\Documents\학교\2026년도1학기\컴퓨터비전\실습\FoundationStereo\experiments\ds_v1_seed0/minimal_interior_v54\mirror_geometry\ransac_inliers.png
[gt] minimal_interior_v54         perp 7.25m planRMS 0.0000m  normal [0.519, 0.129, -0.845]

생성 1, 건너뜀 0 (depth_gt/mask 없음 등)
[ds_v1_seed0/minimal_interior_v54] feature 184x320  mirror_frac=0.09167798913043479  feat_left=True
rank  signal              AUC    pol  sep     mean_in     mean_out
  1  feat_left_l2        0.657   +  0.2587   17.996213   16.528773
  2  feat_left_pc1      0.6551   -  0.2714    1.918807    2.828369
  3  post_entropy       0.6126   -  0.1599    0.629823    0.669991
  4  post_conf          0.5637   +  0.1049    0.729878    0.706352
  5  delta_argdisp      0.5593   -   0.101   38.728233   45.250813
  6  delta_entropy      0.5437   -  0.0412   -1.314792   -1.246445
  7  delta_conf         0.5421   +  0.0381    0.318468    0.299351
  8  pre_entropy        0.5303   +  0.0172    1.944615    1.916436
  9  feat_left_pc3      0.5271   +  0.0214    1.681749    1.620327
 10  feat_left_pc2      0.5169   +  0.0278    2.217121    2.127105
 11  pre_conf            0.508   -  0.0101    0.411411    0.407001
BEST: feat_left_l2 (AUC=0.657, polarity=+)
저장: D:\Users\dust\Documents\학교\2026년도1학기\컴퓨터비전\실습\FoundationStereo\experiments\ds_v1_seed0/minimal_interior_v54\features\report.json / panels.png / mirror_signal.npy
[device] cuda
  [train] epoch 60/300  loss=0.5897
  [train] epoch 120/300  loss=0.3365
  [train] epoch 180/300  loss=0.2099
  [train] epoch 240/300  loss=0.1383
  [train] epoch 300/300  loss=0.0960

[VAL] scene=ds_v1_seed0/minimal_interior_v54  (pixel 70/30 split)
  AUC      = 0.9974
  IoU@0.5  = 0.8020
  F1@0.5   = 0.8901
  accuracy = 0.9782  (prec=0.8210, rec=0.9719)
  tp=1559 fp=340 fn=45 tn=15720

[save] D:\Users\dust\Documents\학교\2026년도1학기\컴퓨터비전\실습\FoundationStereo\experiments\ds_v1_seed0/minimal_interior_v54\submodel
  pred_mask.png, panel.png, metrics.json, head.pt
DONE: D:\Users\dust\Documents\학교\2026년도1학기\컴퓨터비전\실습\FoundationStereo\experiments\ds_v1_seed0/minimal_interior_v54\submodel
[device] cuda
[load] D:\Users\dust\Documents\학교\2026년도1학기\컴퓨터비전\실습\FoundationStereo\experiments\_model\general_head.pt  (train_scenes=['archiviz_baseline080', 'bedroom_baseline080', 'blue_bathroom_baseline080', 'computer_room_baseline080', 'cozy_living_room_baseline080', 'flat-archiviz_baseline080', 'green_house_baseline080', 'gym_baseline080', 'livingroom_baseline080', 'minimal_interior_baseline080', 'scandinavian_baseline080', 'sunlight_baseline080'])

[APPLY] ds_v1_seed0/minimal_interior_v54  (저장모델로 새 데이터 평가)
  AUC      = 0.9695
  IoU@0.5  = 0.4568
  F1@0.5   = 0.6271
  accuracy = 0.9435  (prec=0.7945, rec=0.5180)
  tp=2796 fp=723 fn=2602 tn=52759
[save] D:\Users\dust\Documents\학교\2026년도1학기\컴퓨터비전\실습\FoundationStereo\experiments\ds_v1_seed0/minimal_interior_v54\submodel_applied  (pred_mask.png, panel.png, metrics.json)

============================================================
STEP: estimate_mirror_plane
============================================================

============================================================
STEP: viz_ransac_inliers
============================================================

============================================================
STEP: make_mirror_gt_from_depth
============================================================

============================================================
STEP: analyze_features
============================================================

============================================================
STEP: submodel_head
============================================================

============================================================
STEP: apply_submodel
============================================================

DONE: D:\Users\dust\Documents\학교\2026년도1학기\컴퓨터비전\실습\FoundationStereo\experiments\ds_v1_seed0/minimal_interior_v54 (ok)

##### [56/132] ds_v1_seed0/minimal_interior_v55  (done 27, fail 0, skip 28, elapsed 13m, ETA 36m) #####
[scene] ds_v1_seed0/minimal_interior_v55  size=1280x720
[select] mirror 점 개수 = 47126  (mask=56885, valid&depth = 903415)
[conf] mirror 영역 평균 confidence = 0.7243

=== 평면 추정 결과 ===
  [PCA (closed form)]
      normal = [-0.9125, -0.0887, -0.3993]
      d = +1.4704   mirror_depth(perp) = 1.4704 m   view_z = 9.5473 m
      n_inliers = 47126/47126   rms_residual = 0.10837 m
  [RANSAC]
      normal = [-0.8762, +0.0603, -0.4781]
      d = +2.4888   mirror_depth(perp) = 2.4888 m   view_z = 9.5473 m
      n_inliers = 28035/47126   rms_residual = 0.00957 m
  [SVD robust (IRLS)]
      normal = [-0.9076, -0.0932, -0.4094]
      d = +1.5797   mirror_depth(perp) = 1.5797 m   view_z = 9.5473 m
      n_inliers = 13447/47126   rms_residual = 0.02376 m

[save] D:\Users\dust\Documents\학교\2026년도1학기\컴퓨터비전\실습\FoundationStereo\experiments\ds_v1_seed0/minimal_interior_v55\mirror_geometry\result.json
[save] D:\Users\dust\Documents\학교\2026년도1학기\컴퓨터비전\실습\FoundationStereo\experiments\ds_v1_seed0/minimal_interior_v55\mirror_geometry\plane.txt
[save] D:\Users\dust\Documents\학교\2026년도1학기\컴퓨터비전\실습\FoundationStereo\experiments\ds_v1_seed0/minimal_interior_v55\mirror_geometry\viz.png

DONE: D:\Users\dust\Documents\학교\2026년도1학기\컴퓨터비전\실습\FoundationStereo\experiments\ds_v1_seed0/minimal_interior_v55\mirror_geometry
[ds_v1_seed0/minimal_interior_v55] 거울 점 47126개 중 inlier 28035 (59.5%) / outlier 19091
  normal=[-0.876  0.06  -0.478] d=2.489  rms(inlier)=0.0096 m  thr≈0.042 m
[save] D:\Users\dust\Documents\학교\2026년도1학기\컴퓨터비전\실습\FoundationStereo\experiments\ds_v1_seed0/minimal_interior_v55\mirror_geometry\ransac_inliers.png
[gt] minimal_interior_v55         perp 7.26m planRMS 0.0000m  normal [0.664, 0.069, -0.745]

생성 1, 건너뜀 0 (depth_gt/mask 없음 등)
[ds_v1_seed0/minimal_interior_v55] feature 184x320  mirror_frac=0.062262228260869565  feat_left=True
rank  signal              AUC    pol  sep     mean_in     mean_out
  1  feat_left_pc1        0.66   -   0.305    1.710964    2.670565
  2  feat_left_l2       0.6299   +  0.2005   17.639645   16.670939
  3  delta_entropy      0.5747   -  0.2137   -1.786052   -1.273583
  4  pre_entropy        0.5709   +  0.2092    2.426315    1.924423
  5  feat_left_pc2       0.549   -  0.0851    1.709107    1.964267
  6  post_entropy       0.5296   -  0.0386    0.640263    0.650839
  7  post_conf          0.5272   +  0.0455    0.721449    0.710962
  8  delta_argdisp      0.5198   +  0.0488   47.839607   44.157044
  9  delta_conf         0.5187   +  0.0122    0.296914    0.304146
 10  pre_conf           0.5181   -  0.0325    0.424535    0.406816
 11  feat_left_pc3      0.5104   -  0.0224    1.656383    1.717666
BEST: feat_left_pc1 (AUC=0.66, polarity=-)
저장: D:\Users\dust\Documents\학교\2026년도1학기\컴퓨터비전\실습\FoundationStereo\experiments\ds_v1_seed0/minimal_interior_v55\features\report.json / panels.png / mirror_signal.npy
[device] cuda
  [train] epoch 60/300  loss=0.5448
  [train] epoch 120/300  loss=0.2743
  [train] epoch 180/300  loss=0.1638
  [train] epoch 240/300  loss=0.1071
  [train] epoch 300/300  loss=0.0745

[VAL] scene=ds_v1_seed0/minimal_interior_v55  (pixel 70/30 split)
  AUC      = 0.9980
  IoU@0.5  = 0.7599
  F1@0.5   = 0.8635
  accuracy = 0.9817  (prec=0.7742, rec=0.9761)
  tp=1022 fp=298 fn=25 tn=16319

[save] D:\Users\dust\Documents\학교\2026년도1학기\컴퓨터비전\실습\FoundationStereo\experiments\ds_v1_seed0/minimal_interior_v55\submodel
  pred_mask.png, panel.png, metrics.json, head.pt
DONE: D:\Users\dust\Documents\학교\2026년도1학기\컴퓨터비전\실습\FoundationStereo\experiments\ds_v1_seed0/minimal_interior_v55\submodel
[device] cuda
[load] D:\Users\dust\Documents\학교\2026년도1학기\컴퓨터비전\실습\FoundationStereo\experiments\_model\general_head.pt  (train_scenes=['archiviz_baseline080', 'bedroom_baseline080', 'blue_bathroom_baseline080', 'computer_room_baseline080', 'cozy_living_room_baseline080', 'flat-archiviz_baseline080', 'green_house_baseline080', 'gym_baseline080', 'livingroom_baseline080', 'minimal_interior_baseline080', 'scandinavian_baseline080', 'sunlight_baseline080'])

[APPLY] ds_v1_seed0/minimal_interior_v55  (저장모델로 새 데이터 평가)
  AUC      = 0.9371
  IoU@0.5  = 0.2521
  F1@0.5   = 0.4027
  accuracy = 0.9419  (prec=0.5588, rec=0.3148)
  tp=1154 fp=911 fn=2512 tn=54303
[save] D:\Users\dust\Documents\학교\2026년도1학기\컴퓨터비전\실습\FoundationStereo\experiments\ds_v1_seed0/minimal_interior_v55\submodel_applied  (pred_mask.png, panel.png, metrics.json)

============================================================
STEP: estimate_mirror_plane
============================================================

============================================================
STEP: viz_ransac_inliers
============================================================

============================================================
STEP: make_mirror_gt_from_depth
============================================================

============================================================
STEP: analyze_features
============================================================

============================================================
STEP: submodel_head
============================================================

============================================================
STEP: apply_submodel
============================================================

DONE: D:\Users\dust\Documents\학교\2026년도1학기\컴퓨터비전\실습\FoundationStereo\experiments\ds_v1_seed0/minimal_interior_v55 (ok)

##### [57/132] ds_v1_seed0/minimal_interior_v56  (done 28, fail 0, skip 28, elapsed 13m, ETA 36m) #####
[scene] ds_v1_seed0/minimal_interior_v56  size=1280x720
[select] mirror 점 개수 = 54700  (mask=54700, valid&depth = 896582)
[conf] mirror 영역 평균 confidence = 0.7242

=== 평면 추정 결과 ===
  [PCA (closed form)]
      normal = [-0.5744, -0.7011, -0.4225]
      d = +2.4487   mirror_depth(perp) = 2.4487 m   view_z = 9.5050 m
      n_inliers = 54700/54700   rms_residual = 0.19060 m
  [RANSAC]
      normal = [-0.5680, -0.6946, -0.4414]
      d = +2.6055   mirror_depth(perp) = 2.6055 m   view_z = 9.5050 m
      n_inliers = 16514/54700   rms_residual = 0.03491 m
  [SVD robust (IRLS)]
      normal = [-0.6042, -0.6780, -0.4186]
      d = +2.3794   mirror_depth(perp) = 2.3794 m   view_z = 9.5050 m
      n_inliers = 15548/54700   rms_residual = 0.03520 m

[save] D:\Users\dust\Documents\학교\2026년도1학기\컴퓨터비전\실습\FoundationStereo\experiments\ds_v1_seed0/minimal_interior_v56\mirror_geometry\result.json
[save] D:\Users\dust\Documents\학교\2026년도1학기\컴퓨터비전\실습\FoundationStereo\experiments\ds_v1_seed0/minimal_interior_v56\mirror_geometry\plane.txt
[save] D:\Users\dust\Documents\학교\2026년도1학기\컴퓨터비전\실습\FoundationStereo\experiments\ds_v1_seed0/minimal_interior_v56\mirror_geometry\viz.png

DONE: D:\Users\dust\Documents\학교\2026년도1학기\컴퓨터비전\실습\FoundationStereo\experiments\ds_v1_seed0/minimal_interior_v56\mirror_geometry
[ds_v1_seed0/minimal_interior_v56] 거울 점 54700개 중 inlier 16514 (30.2%) / outlier 38186
  normal=[-0.568 -0.695 -0.441] d=2.605  rms(inlier)=0.0349 m  thr≈0.060 m
[save] D:\Users\dust\Documents\학교\2026년도1학기\컴퓨터비전\실습\FoundationStereo\experiments\ds_v1_seed0/minimal_interior_v56\mirror_geometry\ransac_inliers.png
[gt] minimal_interior_v56         perp 7.01m planRMS 0.0000m  normal [0.574, 0.176, -0.8]

생성 1, 건너뜀 0 (depth_gt/mask 없음 등)
[ds_v1_seed0/minimal_interior_v56] feature 184x320  mirror_frac=0.05988451086956522  feat_left=True
rank  signal              AUC    pol  sep     mean_in     mean_out
  1  feat_left_l2       0.7155   +  0.3606   18.578041   16.456207
  2  feat_left_pc1       0.689   -   0.323    1.848923    3.005593
  3  post_entropy       0.6644   -  0.2481    0.655697    0.713273
  4  delta_argdisp      0.6263   -  0.2127   32.728304   45.360028
  5  post_conf          0.6192   +  0.1908    0.723468    0.682655
  6  feat_left_pc3      0.5931   +  0.1203     2.05065    1.704414
  7  feat_left_pc2      0.5502   +  0.0892    2.504524    2.192868
  8  delta_conf         0.5392   +  0.0499    0.291207    0.267987
  9  delta_entropy      0.5186   -  0.0016   -1.144025   -1.141641
 10  pre_conf           0.5162   +  0.0425     0.43226    0.414668
 11  pre_entropy         0.503   -  0.0364    1.799722    1.854914
BEST: feat_left_l2 (AUC=0.7155, polarity=+)
저장: D:\Users\dust\Documents\학교\2026년도1학기\컴퓨터비전\실습\FoundationStereo\experiments\ds_v1_seed0/minimal_interior_v56\features\report.json / panels.png / mirror_signal.npy
[device] cuda
  [train] epoch 60/300  loss=0.6000
  [train] epoch 120/300  loss=0.4012
  [train] epoch 180/300  loss=0.2784
  [train] epoch 240/300  loss=0.1936
  [train] epoch 300/300  loss=0.1389

[VAL] scene=ds_v1_seed0/minimal_interior_v56  (pixel 70/30 split)
  AUC      = 0.9921
  IoU@0.5  = 0.6058
  F1@0.5   = 0.7545
  accuracy = 0.9630  (prec=0.6234, rec=0.9553)
  tp=1005 fp=607 fn=47 tn=16005

[save] D:\Users\dust\Documents\학교\2026년도1학기\컴퓨터비전\실습\FoundationStereo\experiments\ds_v1_seed0/minimal_interior_v56\submodel
  pred_mask.png, panel.png, metrics.json, head.pt
DONE: D:\Users\dust\Documents\학교\2026년도1학기\컴퓨터비전\실습\FoundationStereo\experiments\ds_v1_seed0/minimal_interior_v56\submodel
[device] cuda
[load] D:\Users\dust\Documents\학교\2026년도1학기\컴퓨터비전\실습\FoundationStereo\experiments\_model\general_head.pt  (train_scenes=['archiviz_baseline080', 'bedroom_baseline080', 'blue_bathroom_baseline080', 'computer_room_baseline080', 'cozy_living_room_baseline080', 'flat-archiviz_baseline080', 'green_house_baseline080', 'gym_baseline080', 'livingroom_baseline080', 'minimal_interior_baseline080', 'scandinavian_baseline080', 'sunlight_baseline080'])

[APPLY] ds_v1_seed0/minimal_interior_v56  (저장모델로 새 데이터 평가)
  AUC      = 0.9686
  IoU@0.5  = 0.4065
  F1@0.5   = 0.5780
  accuracy = 0.9556  (prec=0.6715, rec=0.5074)
  tp=1789 fp=875 fn=1737 tn=54479
[save] D:\Users\dust\Documents\학교\2026년도1학기\컴퓨터비전\실습\FoundationStereo\experiments\ds_v1_seed0/minimal_interior_v56\submodel_applied  (pred_mask.png, panel.png, metrics.json)

============================================================
STEP: estimate_mirror_plane
============================================================

============================================================
STEP: viz_ransac_inliers
============================================================

============================================================
STEP: make_mirror_gt_from_depth
============================================================

============================================================
STEP: analyze_features
============================================================

============================================================
STEP: submodel_head
============================================================

============================================================
STEP: apply_submodel
============================================================

DONE: D:\Users\dust\Documents\학교\2026년도1학기\컴퓨터비전\실습\FoundationStereo\experiments\ds_v1_seed0/minimal_interior_v56 (ok)

##### [58/132] ds_v1_seed0/minimal_interior_v57  (done 29, fail 0, skip 28, elapsed 14m, ETA 35m) #####
[scene] ds_v1_seed0/minimal_interior_v57  size=1280x720
[select] mirror 점 개수 = 98006  (mask=98006, valid&depth = 898265)
[conf] mirror 영역 평균 confidence = 0.7253

=== 평면 추정 결과 ===
  [PCA (closed form)]
      normal = [-0.9001, -0.3837, -0.2065]
      d = +2.4333   mirror_depth(perp) = 2.4333 m   view_z = 10.4728 m
      n_inliers = 98006/98006   rms_residual = 0.20187 m
  [RANSAC]
      normal = [-0.9927, +0.0546, -0.1077]
      d = +2.1121   mirror_depth(perp) = 2.1121 m   view_z = 10.4728 m
      n_inliers = 32848/98006   rms_residual = 0.02141 m
  [SVD robust (IRLS)]
      normal = [-0.8943, -0.3950, -0.2102]
      d = +2.4549   mirror_depth(perp) = 2.4549 m   view_z = 10.4728 m
      n_inliers = 24368/98006   rms_residual = 0.03572 m

[save] D:\Users\dust\Documents\학교\2026년도1학기\컴퓨터비전\실습\FoundationStereo\experiments\ds_v1_seed0/minimal_interior_v57\mirror_geometry\result.json
[save] D:\Users\dust\Documents\학교\2026년도1학기\컴퓨터비전\실습\FoundationStereo\experiments\ds_v1_seed0/minimal_interior_v57\mirror_geometry\plane.txt
[save] D:\Users\dust\Documents\학교\2026년도1학기\컴퓨터비전\실습\FoundationStereo\experiments\ds_v1_seed0/minimal_interior_v57\mirror_geometry\viz.png

DONE: D:\Users\dust\Documents\학교\2026년도1학기\컴퓨터비전\실습\FoundationStereo\experiments\ds_v1_seed0/minimal_interior_v57\mirror_geometry
[ds_v1_seed0/minimal_interior_v57] 거울 점 98006개 중 inlier 32848 (33.5%) / outlier 65158
  normal=[-0.993  0.055 -0.108] d=2.112  rms(inlier)=0.0214 m  thr≈0.061 m
[save] D:\Users\dust\Documents\학교\2026년도1학기\컴퓨터비전\실습\FoundationStereo\experiments\ds_v1_seed0/minimal_interior_v57\mirror_geometry\ransac_inliers.png
[gt] minimal_interior_v57         perp 7.02m planRMS 0.0000m  normal [0.331, 0.12, -0.936]

생성 1, 건너뜀 0 (depth_gt/mask 없음 등)
[ds_v1_seed0/minimal_interior_v57] feature 184x320  mirror_frac=0.10691236413043478  feat_left=True
rank  signal              AUC    pol  sep     mean_in     mean_out
  1  post_entropy       0.7475   -  0.4263    0.637905    0.802062
  2  feat_left_l2       0.7239   +  0.3767   18.615154   16.312229
  3  feat_left_pc1      0.6976   -  0.3333    2.003707    3.152929
  4  post_conf          0.6717   +  0.3259     0.72383    0.644864
  5  delta_argdisp        0.62   -  0.1865   37.035425    48.43927
  6  delta_conf         0.5917   +  0.1416    0.302232    0.230689
  7  delta_entropy      0.5653   -  0.1003   -1.204826    -1.05052
  8  feat_left_pc2      0.5533   +  0.1088    2.554466    2.166547
  9  feat_left_pc3      0.5287   +  0.0274    1.660013    1.580254
 10  pre_entropy        0.5174   +  0.0067    1.842731    1.852582
 11  pre_conf           0.5053   -  0.0178    0.421597    0.414175
BEST: post_entropy (AUC=0.7475, polarity=-)
저장: D:\Users\dust\Documents\학교\2026년도1학기\컴퓨터비전\실습\FoundationStereo\experiments\ds_v1_seed0/minimal_interior_v57\features\report.json / panels.png / mirror_signal.npy
[device] cuda
  [train] epoch 60/300  loss=0.5490
  [train] epoch 120/300  loss=0.3336
  [train] epoch 180/300  loss=0.2179
  [train] epoch 240/300  loss=0.1476
  [train] epoch 300/300  loss=0.1037

[VAL] scene=ds_v1_seed0/minimal_interior_v57  (pixel 70/30 split)
  AUC      = 0.9970
  IoU@0.5  = 0.8329
  F1@0.5   = 0.9088
  accuracy = 0.9793  (prec=0.8500, rec=0.9764)
  tp=1819 fp=321 fn=44 tn=15480

[save] D:\Users\dust\Documents\학교\2026년도1학기\컴퓨터비전\실습\FoundationStereo\experiments\ds_v1_seed0/minimal_interior_v57\submodel
  pred_mask.png, panel.png, metrics.json, head.pt
DONE: D:\Users\dust\Documents\학교\2026년도1학기\컴퓨터비전\실습\FoundationStereo\experiments\ds_v1_seed0/minimal_interior_v57\submodel
[device] cuda
[load] D:\Users\dust\Documents\학교\2026년도1학기\컴퓨터비전\실습\FoundationStereo\experiments\_model\general_head.pt  (train_scenes=['archiviz_baseline080', 'bedroom_baseline080', 'blue_bathroom_baseline080', 'computer_room_baseline080', 'cozy_living_room_baseline080', 'flat-archiviz_baseline080', 'green_house_baseline080', 'gym_baseline080', 'livingroom_baseline080', 'minimal_interior_baseline080', 'scandinavian_baseline080', 'sunlight_baseline080'])

[APPLY] ds_v1_seed0/minimal_interior_v57  (저장모델로 새 데이터 평가)
  AUC      = 0.9569
  IoU@0.5  = 0.4057
  F1@0.5   = 0.5772
  accuracy = 0.9316  (prec=0.8516, rec=0.4365)
  tp=2748 fp=479 fn=3547 tn=52106
[save] D:\Users\dust\Documents\학교\2026년도1학기\컴퓨터비전\실습\FoundationStereo\experiments\ds_v1_seed0/minimal_interior_v57\submodel_applied  (pred_mask.png, panel.png, metrics.json)

============================================================
STEP: estimate_mirror_plane
============================================================

============================================================
STEP: viz_ransac_inliers
============================================================

============================================================
STEP: make_mirror_gt_from_depth
============================================================

============================================================
STEP: analyze_features
============================================================

============================================================
STEP: submodel_head
============================================================

============================================================
STEP: apply_submodel
============================================================

DONE: D:\Users\dust\Documents\학교\2026년도1학기\컴퓨터비전\실습\FoundationStereo\experiments\ds_v1_seed0/minimal_interior_v57 (ok)

##### [59/132] ds_v1_seed0/minimal_interior_v58  (done 30, fail 0, skip 28, elapsed 14m, ETA 35m) #####
[scene] ds_v1_seed0/minimal_interior_v58  size=1280x720
[select] mirror 점 개수 = 106533  (mask=107409, valid&depth = 904174)
[conf] mirror 영역 평균 confidence = 0.7115

=== 평면 추정 결과 ===
  [PCA (closed form)]
      normal = [-0.8324, -0.3526, -0.4275]
      d = +2.5136   mirror_depth(perp) = 2.5136 m   view_z = 10.1814 m
      n_inliers = 106533/106533   rms_residual = 0.19411 m
  [RANSAC]
      normal = [-0.9023, +0.0407, -0.4291]
      d = +2.4248   mirror_depth(perp) = 2.4248 m   view_z = 10.1814 m
      n_inliers = 44605/106533   rms_residual = 0.01323 m
  [SVD robust (IRLS)]
      normal = [-0.8424, -0.3309, -0.4252]
      d = +2.4588   mirror_depth(perp) = 2.4588 m   view_z = 10.1814 m
      n_inliers = 27424/106533   rms_residual = 0.03476 m

[save] D:\Users\dust\Documents\학교\2026년도1학기\컴퓨터비전\실습\FoundationStereo\experiments\ds_v1_seed0/minimal_interior_v58\mirror_geometry\result.json
[save] D:\Users\dust\Documents\학교\2026년도1학기\컴퓨터비전\실습\FoundationStereo\experiments\ds_v1_seed0/minimal_interior_v58\mirror_geometry\plane.txt
[save] D:\Users\dust\Documents\학교\2026년도1학기\컴퓨터비전\실습\FoundationStereo\experiments\ds_v1_seed0/minimal_interior_v58\mirror_geometry\viz.png

DONE: D:\Users\dust\Documents\학교\2026년도1학기\컴퓨터비전\실습\FoundationStereo\experiments\ds_v1_seed0/minimal_interior_v58\mirror_geometry
[ds_v1_seed0/minimal_interior_v58] 거울 점 106533개 중 inlier 44605 (41.9%) / outlier 61928
  normal=[-0.902  0.041 -0.429] d=2.425  rms(inlier)=0.0132 m  thr≈0.061 m
[save] D:\Users\dust\Documents\학교\2026년도1학기\컴퓨터비전\실습\FoundationStereo\experiments\ds_v1_seed0/minimal_interior_v58\mirror_geometry\ransac_inliers.png
[gt] minimal_interior_v58         perp 7.08m planRMS 0.0001m  normal [0.618, 0.016, -0.786]

생성 1, 건너뜀 0 (depth_gt/mask 없음 등)
[ds_v1_seed0/minimal_interior_v58] feature 184x320  mirror_frac=0.11654211956521739  feat_left=True
rank  signal              AUC    pol  sep     mean_in     mean_out
  1  feat_left_pc1      0.6467   -  0.1963    2.064298    2.784229
  2  feat_left_l2       0.6187   +  0.2063   17.828986    16.62511
  3  delta_entropy      0.5485   -   0.133   -1.487963   -1.215031
  4  pre_entropy        0.5468   +  0.1283    2.130445    1.865389
  5  delta_argdisp      0.5393   +   0.053   49.692218   45.757622
  6  post_entropy       0.5272   -   0.029    0.642482    0.650358
  7  feat_left_pc3      0.5204   -  0.0054     1.66227    1.646057
  8  delta_conf         0.5088   -  0.0359    0.270916    0.290475
  9  feat_left_pc2       0.507   -  0.0258    2.164399     2.07445
 10  post_conf          0.5041   -  0.0078    0.711352    0.713099
 11  pre_conf           0.5035   +  0.0353    0.440435    0.422625
BEST: feat_left_pc1 (AUC=0.6467, polarity=-)
저장: D:\Users\dust\Documents\학교\2026년도1학기\컴퓨터비전\실습\FoundationStereo\experiments\ds_v1_seed0/minimal_interior_v58\features\report.json / panels.png / mirror_signal.npy
[device] cuda
  [train] epoch 60/300  loss=0.5453
  [train] epoch 120/300  loss=0.2919
  [train] epoch 180/300  loss=0.1793
  [train] epoch 240/300  loss=0.1213
  [train] epoch 300/300  loss=0.0880

[VAL] scene=ds_v1_seed0/minimal_interior_v58  (pixel 70/30 split)
  AUC      = 0.9972
  IoU@0.5  = 0.8404
  F1@0.5   = 0.9133
  accuracy = 0.9787  (prec=0.8627, rec=0.9702)
  tp=1985 fp=316 fn=61 tn=15302

[save] D:\Users\dust\Documents\학교\2026년도1학기\컴퓨터비전\실습\FoundationStereo\experiments\ds_v1_seed0/minimal_interior_v58\submodel
  pred_mask.png, panel.png, metrics.json, head.pt
DONE: D:\Users\dust\Documents\학교\2026년도1학기\컴퓨터비전\실습\FoundationStereo\experiments\ds_v1_seed0/minimal_interior_v58\submodel
[device] cuda
[load] D:\Users\dust\Documents\학교\2026년도1학기\컴퓨터비전\실습\FoundationStereo\experiments\_model\general_head.pt  (train_scenes=['archiviz_baseline080', 'bedroom_baseline080', 'blue_bathroom_baseline080', 'computer_room_baseline080', 'cozy_living_room_baseline080', 'flat-archiviz_baseline080', 'green_house_baseline080', 'gym_baseline080', 'livingroom_baseline080', 'minimal_interior_baseline080', 'scandinavian_baseline080', 'sunlight_baseline080'])

[APPLY] ds_v1_seed0/minimal_interior_v58  (저장모델로 새 데이터 평가)
  AUC      = 0.9251
  IoU@0.5  = 0.2079
  F1@0.5   = 0.3443
  accuracy = 0.8969  (prec=0.6647, rec=0.2323)
  tp=1594 fp=804 fn=5268 tn=51214
[save] D:\Users\dust\Documents\학교\2026년도1학기\컴퓨터비전\실습\FoundationStereo\experiments\ds_v1_seed0/minimal_interior_v58\submodel_applied  (pred_mask.png, panel.png, metrics.json)

============================================================
STEP: estimate_mirror_plane
============================================================

============================================================
STEP: viz_ransac_inliers
============================================================

============================================================
STEP: make_mirror_gt_from_depth
============================================================

============================================================
STEP: analyze_features
============================================================

============================================================
STEP: submodel_head
============================================================

============================================================
STEP: apply_submodel
============================================================

DONE: D:\Users\dust\Documents\학교\2026년도1학기\컴퓨터비전\실습\FoundationStereo\experiments\ds_v1_seed0/minimal_interior_v58 (ok)

##### [60/132] ds_v1_seed0/minimal_interior_v59  (done 31, fail 0, skip 28, elapsed 15m, ETA 34m) #####
[scene] ds_v1_seed0/minimal_interior_v59  size=1280x720
[select] mirror 점 개수 = 71782  (mask=71861, valid&depth = 903381)
[conf] mirror 영역 평균 confidence = 0.6753

=== 평면 추정 결과 ===
  [PCA (closed form)]
      normal = [-0.8690, -0.2636, -0.4187]
      d = +2.6332   mirror_depth(perp) = 2.6332 m   view_z = 10.9969 m
      n_inliers = 71782/71782   rms_residual = 0.18911 m
  [RANSAC]
      normal = [-0.9131, +0.0326, -0.4064]
      d = +2.2413   mirror_depth(perp) = 2.2413 m   view_z = 10.9969 m
      n_inliers = 36617/71782   rms_residual = 0.01398 m
  [SVD robust (IRLS)]
      normal = [-0.8681, -0.2548, -0.4259]
      d = +2.7218   mirror_depth(perp) = 2.7218 m   view_z = 10.9969 m
      n_inliers = 18504/71782   rms_residual = 0.03478 m

[save] D:\Users\dust\Documents\학교\2026년도1학기\컴퓨터비전\실습\FoundationStereo\experiments\ds_v1_seed0/minimal_interior_v59\mirror_geometry\result.json
[save] D:\Users\dust\Documents\학교\2026년도1학기\컴퓨터비전\실습\FoundationStereo\experiments\ds_v1_seed0/minimal_interior_v59\mirror_geometry\plane.txt
[save] D:\Users\dust\Documents\학교\2026년도1학기\컴퓨터비전\실습\FoundationStereo\experiments\ds_v1_seed0/minimal_interior_v59\mirror_geometry\viz.png

DONE: D:\Users\dust\Documents\학교\2026년도1학기\컴퓨터비전\실습\FoundationStereo\experiments\ds_v1_seed0/minimal_interior_v59\mirror_geometry
[ds_v1_seed0/minimal_interior_v59] 거울 점 71782개 중 inlier 36617 (51.0%) / outlier 35165
  normal=[-0.913  0.033 -0.406] d=2.241  rms(inlier)=0.0140 m  thr≈0.060 m
[save] D:\Users\dust\Documents\학교\2026년도1학기\컴퓨터비전\실습\FoundationStereo\experiments\ds_v1_seed0/minimal_interior_v59\mirror_geometry\ransac_inliers.png
[gt] minimal_interior_v59         perp 7.10m planRMS 0.0000m  normal [0.589, -0.046, -0.806]

생성 1, 건너뜀 0 (depth_gt/mask 없음 등)
[ds_v1_seed0/minimal_interior_v59] feature 184x320  mirror_frac=0.07747961956521739  feat_left=True
rank  signal              AUC    pol  sep     mean_in     mean_out
  1  feat_left_pc1      0.7231   -  0.4217    1.870584    3.116706
  2  feat_left_l2       0.7136   +  0.3726   18.795649   16.560739
  3  post_entropy       0.6153   -  0.2498    0.656729    0.754958
  4  delta_entropy       0.586   -  0.2096   -1.479779   -1.019938
  5  pre_entropy        0.5657   +  0.1708    2.136507    1.774896
  6  feat_left_pc3      0.5558   +   0.109    1.939044    1.621586
  7  delta_argdisp      0.5489   -  0.1071   43.752959    51.58916
  8  feat_left_pc2      0.5381   +  0.0954    2.597592    2.257509
  9  pre_conf           0.5264   -  0.0226    0.434038    0.445841
 10  delta_conf         0.5254   +  0.0386    0.241944    0.219141
 11  post_conf          0.5169   +  0.0449    0.675982    0.664982
BEST: feat_left_pc1 (AUC=0.7231, polarity=-)
저장: D:\Users\dust\Documents\학교\2026년도1학기\컴퓨터비전\실습\FoundationStereo\experiments\ds_v1_seed0/minimal_interior_v59\features\report.json / panels.png / mirror_signal.npy
[device] cuda
  [train] epoch 60/300  loss=0.4923
  [train] epoch 120/300  loss=0.2346
  [train] epoch 180/300  loss=0.1353
  [train] epoch 240/300  loss=0.0867
  [train] epoch 300/300  loss=0.0601

[VAL] scene=ds_v1_seed0/minimal_interior_v59  (pixel 70/30 split)
  AUC      = 0.9986
  IoU@0.5  = 0.8543
  F1@0.5   = 0.9214
  accuracy = 0.9868  (prec=0.8717, rec=0.9772)
  tp=1372 fp=202 fn=32 tn=16058

[save] D:\Users\dust\Documents\학교\2026년도1학기\컴퓨터비전\실습\FoundationStereo\experiments\ds_v1_seed0/minimal_interior_v59\submodel
  pred_mask.png, panel.png, metrics.json, head.pt
DONE: D:\Users\dust\Documents\학교\2026년도1학기\컴퓨터비전\실습\FoundationStereo\experiments\ds_v1_seed0/minimal_interior_v59\submodel
[device] cuda
[load] D:\Users\dust\Documents\학교\2026년도1학기\컴퓨터비전\실습\FoundationStereo\experiments\_model\general_head.pt  (train_scenes=['archiviz_baseline080', 'bedroom_baseline080', 'blue_bathroom_baseline080', 'computer_room_baseline080', 'cozy_living_room_baseline080', 'flat-archiviz_baseline080', 'green_house_baseline080', 'gym_baseline080', 'livingroom_baseline080', 'minimal_interior_baseline080', 'scandinavian_baseline080', 'sunlight_baseline080'])

[APPLY] ds_v1_seed0/minimal_interior_v59  (저장모델로 새 데이터 평가)
  AUC      = 0.9099
  IoU@0.5  = 0.2180
  F1@0.5   = 0.3580
  accuracy = 0.9261  (prec=0.5476, rec=0.2659)
  tp=1213 fp=1002 fn=3349 tn=53316
[save] D:\Users\dust\Documents\학교\2026년도1학기\컴퓨터비전\실습\FoundationStereo\experiments\ds_v1_seed0/minimal_interior_v59\submodel_applied  (pred_mask.png, panel.png, metrics.json)

============================================================
STEP: estimate_mirror_plane
============================================================

============================================================
STEP: viz_ransac_inliers
============================================================

============================================================
STEP: make_mirror_gt_from_depth
============================================================

============================================================
STEP: analyze_features
============================================================

============================================================
STEP: submodel_head
============================================================

============================================================
STEP: apply_submodel
============================================================

DONE: D:\Users\dust\Documents\학교\2026년도1학기\컴퓨터비전\실습\FoundationStereo\experiments\ds_v1_seed0/minimal_interior_v59 (ok)

##### [61/132] ds_v1_seed0/minimal_interior_v60  (done 32, fail 0, skip 28, elapsed 15m, ETA 34m) #####
[scene] ds_v1_seed0/minimal_interior_v60  size=1280x720
[select] mirror 점 개수 = 40417  (mask=40417, valid&depth = 895582)
[conf] mirror 영역 평균 confidence = 0.6934

=== 평면 추정 결과 ===
  [PCA (closed form)]
      normal = [-0.6230, -0.6708, -0.4024]
      d = +2.9297   mirror_depth(perp) = 2.9297 m   view_z = 9.5698 m
      n_inliers = 40417/40417   rms_residual = 0.19760 m
  [RANSAC]
      normal = [+0.1331, +0.0124, -0.9910]
      d = +9.5435   mirror_depth(perp) = 9.5435 m   view_z = 9.5698 m
      n_inliers = 13247/40417   rms_residual = 0.01348 m
  [SVD robust (IRLS)]
      normal = [-0.6195, -0.6549, -0.4328]
      d = +3.2063   mirror_depth(perp) = 3.2063 m   view_z = 9.5698 m
      n_inliers = 9609/40417   rms_residual = 0.02555 m

[save] D:\Users\dust\Documents\학교\2026년도1학기\컴퓨터비전\실습\FoundationStereo\experiments\ds_v1_seed0/minimal_interior_v60\mirror_geometry\result.json
[save] D:\Users\dust\Documents\학교\2026년도1학기\컴퓨터비전\실습\FoundationStereo\experiments\ds_v1_seed0/minimal_interior_v60\mirror_geometry\plane.txt
[save] D:\Users\dust\Documents\학교\2026년도1학기\컴퓨터비전\실습\FoundationStereo\experiments\ds_v1_seed0/minimal_interior_v60\mirror_geometry\viz.png

DONE: D:\Users\dust\Documents\학교\2026년도1학기\컴퓨터비전\실습\FoundationStereo\experiments\ds_v1_seed0/minimal_interior_v60\mirror_geometry
[ds_v1_seed0/minimal_interior_v60] 거울 점 40417개 중 inlier 13247 (32.8%) / outlier 27170
  normal=[ 0.133  0.012 -0.991] d=9.543  rms(inlier)=0.0135 m  thr≈0.045 m
[save] D:\Users\dust\Documents\학교\2026년도1학기\컴퓨터비전\실습\FoundationStereo\experiments\ds_v1_seed0/minimal_interior_v60\mirror_geometry\ransac_inliers.png
[gt] minimal_interior_v60         perp 7.30m planRMS 0.0000m  normal [0.433, 0.197, -0.88]

생성 1, 건너뜀 0 (depth_gt/mask 없음 등)
[ds_v1_seed0/minimal_interior_v60] feature 184x320  mirror_frac=0.044344429347826085  feat_left=True
rank  signal              AUC    pol  sep     mean_in     mean_out
  1  feat_left_l2        0.787   +  0.5093   19.505657   16.336315
  2  feat_left_pc1       0.692   -  0.2969    2.023068    3.173452
  3  post_entropy       0.6733   -  0.3252    0.669164    0.772772
  4  feat_left_pc2      0.6124   +   0.204    3.097786    2.303567
  5  delta_argdisp       0.575   -  0.1017   40.807354   47.084132
  6  post_conf          0.5682   +  0.1431    0.692388    0.657472
  7  feat_left_pc3      0.5604   +  0.0827    2.004161    1.755062
  8  delta_entropy      0.5491   -  0.0575   -1.146166   -1.062283
  9  delta_conf         0.5339   +  0.0598    0.268305    0.240377
 10  pre_entropy         0.515   +  0.0137     1.81533    1.835056
 11  pre_conf           0.5022   +  0.0174    0.424083    0.417095
BEST: feat_left_l2 (AUC=0.787, polarity=+)
저장: D:\Users\dust\Documents\학교\2026년도1학기\컴퓨터비전\실습\FoundationStereo\experiments\ds_v1_seed0/minimal_interior_v60\features\report.json / panels.png / mirror_signal.npy
[device] cuda
  [train] epoch 60/300  loss=0.5812
  [train] epoch 120/300  loss=0.3998
  [train] epoch 180/300  loss=0.2886
  [train] epoch 240/300  loss=0.2044
  [train] epoch 300/300  loss=0.1461

[VAL] scene=ds_v1_seed0/minimal_interior_v60  (pixel 70/30 split)
  AUC      = 0.9922
  IoU@0.5  = 0.5186
  F1@0.5   = 0.6830
  accuracy = 0.9604  (prec=0.5295, rec=0.9617)
  tp=754 fp=670 fn=30 tn=16210

[save] D:\Users\dust\Documents\학교\2026년도1학기\컴퓨터비전\실습\FoundationStereo\experiments\ds_v1_seed0/minimal_interior_v60\submodel
  pred_mask.png, panel.png, metrics.json, head.pt
DONE: D:\Users\dust\Documents\학교\2026년도1학기\컴퓨터비전\실습\FoundationStereo\experiments\ds_v1_seed0/minimal_interior_v60\submodel
[device] cuda
[load] D:\Users\dust\Documents\학교\2026년도1학기\컴퓨터비전\실습\FoundationStereo\experiments\_model\general_head.pt  (train_scenes=['archiviz_baseline080', 'bedroom_baseline080', 'blue_bathroom_baseline080', 'computer_room_baseline080', 'cozy_living_room_baseline080', 'flat-archiviz_baseline080', 'green_house_baseline080', 'gym_baseline080', 'livingroom_baseline080', 'minimal_interior_baseline080', 'scandinavian_baseline080', 'sunlight_baseline080'])

[APPLY] ds_v1_seed0/minimal_interior_v60  (저장모델로 새 데이터 평가)
  AUC      = 0.9591
  IoU@0.5  = 0.3521
  F1@0.5   = 0.5208
  accuracy = 0.9564  (prec=0.5076, rec=0.5347)
  tp=1396 fp=1354 fn=1215 tn=54915
[save] D:\Users\dust\Documents\학교\2026년도1학기\컴퓨터비전\실습\FoundationStereo\experiments\ds_v1_seed0/minimal_interior_v60\submodel_applied  (pred_mask.png, panel.png, metrics.json)

============================================================
STEP: estimate_mirror_plane
============================================================

============================================================
STEP: viz_ransac_inliers
============================================================

============================================================
STEP: make_mirror_gt_from_depth
============================================================

============================================================
STEP: analyze_features
============================================================

============================================================
STEP: submodel_head
============================================================

============================================================
STEP: apply_submodel
============================================================

DONE: D:\Users\dust\Documents\학교\2026년도1학기\컴퓨터비전\실습\FoundationStereo\experiments\ds_v1_seed0/minimal_interior_v60 (ok)

##### [62/132] ds_v1_seed0/minimal_interior_v61  (done 33, fail 0, skip 28, elapsed 15m, ETA 33m) #####
[scene] ds_v1_seed0/minimal_interior_v61  size=1280x720
[select] mirror 점 개수 = 101721  (mask=101721, valid&depth = 899429)
[conf] mirror 영역 평균 confidence = 0.7036

=== 평면 추정 결과 ===
  [PCA (closed form)]
      normal = [-0.8962, -0.2600, -0.3596]
      d = +2.3631   mirror_depth(perp) = 2.3631 m   view_z = 10.1694 m
      n_inliers = 101721/101721   rms_residual = 0.19141 m
  [RANSAC]
      normal = [-0.9276, +0.0999, -0.3600]
      d = +2.7062   mirror_depth(perp) = 2.7062 m   view_z = 10.1694 m
      n_inliers = 52714/101721   rms_residual = 0.01476 m
  [SVD robust (IRLS)]
      normal = [-0.9039, -0.2328, -0.3589]
      d = +2.3616   mirror_depth(perp) = 2.3616 m   view_z = 10.1694 m
      n_inliers = 30359/101721   rms_residual = 0.03634 m

[save] D:\Users\dust\Documents\학교\2026년도1학기\컴퓨터비전\실습\FoundationStereo\experiments\ds_v1_seed0/minimal_interior_v61\mirror_geometry\result.json
[save] D:\Users\dust\Documents\학교\2026년도1학기\컴퓨터비전\실습\FoundationStereo\experiments\ds_v1_seed0/minimal_interior_v61\mirror_geometry\plane.txt
[save] D:\Users\dust\Documents\학교\2026년도1학기\컴퓨터비전\실습\FoundationStereo\experiments\ds_v1_seed0/minimal_interior_v61\mirror_geometry\viz.png

DONE: D:\Users\dust\Documents\학교\2026년도1학기\컴퓨터비전\실습\FoundationStereo\experiments\ds_v1_seed0/minimal_interior_v61\mirror_geometry
[ds_v1_seed0/minimal_interior_v61] 거울 점 101721개 중 inlier 52714 (51.8%) / outlier 49007
  normal=[-0.928  0.1   -0.36 ] d=2.706  rms(inlier)=0.0148 m  thr≈0.063 m
[save] D:\Users\dust\Documents\학교\2026년도1학기\컴퓨터비전\실습\FoundationStereo\experiments\ds_v1_seed0/minimal_interior_v61\mirror_geometry\ransac_inliers.png
[gt] minimal_interior_v61         perp 6.90m planRMS 0.0000m  normal [0.56, 0.077, -0.825]

생성 1, 건너뜀 0 (depth_gt/mask 없음 등)
[ds_v1_seed0/minimal_interior_v61] feature 184x320  mirror_frac=0.11027513586956522  feat_left=True
rank  signal              AUC    pol  sep     mean_in     mean_out
  1  feat_left_pc1      0.5979   -  0.1485    2.122821    2.664179
  2  feat_left_l2       0.5798   +  0.1266   17.257187   16.562875
  3  delta_argdisp       0.567   -  0.1043   39.222239   46.208372
  4  post_entropy       0.5578   -  0.0928     0.65176    0.676487
  5  pre_conf           0.5546   +  0.1102     0.44782    0.398332
  6  pre_entropy        0.5477   -  0.1257    1.775026    1.981524
  7  delta_conf         0.5464   -  0.0975    0.254728    0.303389
  8  delta_entropy        0.54   +  0.1099   -1.123266   -1.305037
  9  feat_left_pc2      0.5271   -  0.0323    1.897727     2.00361
 10  feat_left_pc3      0.5168   -  0.0205     1.66234    1.722447
 11  post_conf          0.5025   +  0.0037    0.702547    0.701721
BEST: feat_left_pc1 (AUC=0.5979, polarity=-)
저장: D:\Users\dust\Documents\학교\2026년도1학기\컴퓨터비전\실습\FoundationStereo\experiments\ds_v1_seed0/minimal_interior_v61\features\report.json / panels.png / mirror_signal.npy
[device] cuda
  [train] epoch 60/300  loss=0.6547
  [train] epoch 120/300  loss=0.3723
  [train] epoch 180/300  loss=0.2232
  [train] epoch 240/300  loss=0.1466
  [train] epoch 300/300  loss=0.1038

[VAL] scene=ds_v1_seed0/minimal_interior_v61  (pixel 70/30 split)
  AUC      = 0.9964
  IoU@0.5  = 0.8195
  F1@0.5   = 0.9008
  accuracy = 0.9765  (prec=0.8456, rec=0.9637)
  tp=1884 fp=344 fn=71 tn=15365

[save] D:\Users\dust\Documents\학교\2026년도1학기\컴퓨터비전\실습\FoundationStereo\experiments\ds_v1_seed0/minimal_interior_v61\submodel
  pred_mask.png, panel.png, metrics.json, head.pt
DONE: D:\Users\dust\Documents\학교\2026년도1학기\컴퓨터비전\실습\FoundationStereo\experiments\ds_v1_seed0/minimal_interior_v61\submodel
[device] cuda
[load] D:\Users\dust\Documents\학교\2026년도1학기\컴퓨터비전\실습\FoundationStereo\experiments\_model\general_head.pt  (train_scenes=['archiviz_baseline080', 'bedroom_baseline080', 'blue_bathroom_baseline080', 'computer_room_baseline080', 'cozy_living_room_baseline080', 'flat-archiviz_baseline080', 'green_house_baseline080', 'gym_baseline080', 'livingroom_baseline080', 'minimal_interior_baseline080', 'scandinavian_baseline080', 'sunlight_baseline080'])

[APPLY] ds_v1_seed0/minimal_interior_v61  (저장모델로 새 데이터 평가)
  AUC      = 0.9296
  IoU@0.5  = 0.2583
  F1@0.5   = 0.4105
  accuracy = 0.9109  (prec=0.7587, rec=0.2814)
  tp=1827 fp=581 fn=4666 tn=51806
[save] D:\Users\dust\Documents\학교\2026년도1학기\컴퓨터비전\실습\FoundationStereo\experiments\ds_v1_seed0/minimal_interior_v61\submodel_applied  (pred_mask.png, panel.png, metrics.json)

============================================================
STEP: estimate_mirror_plane
============================================================

============================================================
STEP: viz_ransac_inliers
============================================================

============================================================
STEP: make_mirror_gt_from_depth
============================================================

============================================================
STEP: analyze_features
============================================================

============================================================
STEP: submodel_head
============================================================

============================================================
STEP: apply_submodel
============================================================

DONE: D:\Users\dust\Documents\학교\2026년도1학기\컴퓨터비전\실습\FoundationStereo\experiments\ds_v1_seed0/minimal_interior_v61 (ok)

##### [63/132] ds_v1_seed0/minimal_interior_v62  (done 34, fail 0, skip 28, elapsed 16m, ETA 33m) #####
[scene] ds_v1_seed0/minimal_interior_v62  size=1280x720
[select] mirror 점 개수 = 71544  (mask=71544, valid&depth = 902423)
[conf] mirror 영역 평균 confidence = 0.6782

=== 평면 추정 결과 ===
  [PCA (closed form)]
      normal = [-0.8818, -0.2675, -0.3885]
      d = +2.4421   mirror_depth(perp) = 2.4421 m   view_z = 10.8248 m
      n_inliers = 71544/71544   rms_residual = 0.18644 m
  [RANSAC]
      normal = [-0.9137, +0.0232, -0.4056]
      d = +2.4018   mirror_depth(perp) = 2.4018 m   view_z = 10.8248 m
      n_inliers = 40946/71544   rms_residual = 0.01268 m
  [SVD robust (IRLS)]
      normal = [-0.8889, -0.2233, -0.4001]
      d = +2.5346   mirror_depth(perp) = 2.5346 m   view_z = 10.8248 m
      n_inliers = 21598/71544   rms_residual = 0.03513 m

[save] D:\Users\dust\Documents\학교\2026년도1학기\컴퓨터비전\실습\FoundationStereo\experiments\ds_v1_seed0/minimal_interior_v62\mirror_geometry\result.json
[save] D:\Users\dust\Documents\학교\2026년도1학기\컴퓨터비전\실습\FoundationStereo\experiments\ds_v1_seed0/minimal_interior_v62\mirror_geometry\plane.txt
[save] D:\Users\dust\Documents\학교\2026년도1학기\컴퓨터비전\실습\FoundationStereo\experiments\ds_v1_seed0/minimal_interior_v62\mirror_geometry\viz.png

DONE: D:\Users\dust\Documents\학교\2026년도1학기\컴퓨터비전\실습\FoundationStereo\experiments\ds_v1_seed0/minimal_interior_v62\mirror_geometry
[ds_v1_seed0/minimal_interior_v62] 거울 점 71544개 중 inlier 40946 (57.2%) / outlier 30598
  normal=[-0.914  0.023 -0.406] d=2.402  rms(inlier)=0.0127 m  thr≈0.060 m
[save] D:\Users\dust\Documents\학교\2026년도1학기\컴퓨터비전\실습\FoundationStereo\experiments\ds_v1_seed0/minimal_interior_v62\mirror_geometry\ransac_inliers.png
[gt] minimal_interior_v62         perp 7.11m planRMS 0.0000m  normal [0.592, -0.049, -0.804]

생성 1, 건너뜀 0 (depth_gt/mask 없음 등)
[ds_v1_seed0/minimal_interior_v62] feature 184x320  mirror_frac=0.07710597826086957  feat_left=True
rank  signal              AUC    pol  sep     mean_in     mean_out
  1  feat_left_l2       0.7486   +  0.4243   18.972079    16.38179
  2  feat_left_pc1      0.6853   -  0.2739    2.091499    3.054541
  3  post_entropy       0.5898   -  0.2324    0.665422    0.767448
  4  delta_argdisp      0.5873   -   0.161   38.929736   50.421862
  5  delta_entropy      0.5611   -  0.1442   -1.299416   -1.008287
  6  feat_left_pc3        0.56   +  0.1082    1.893741    1.588894
  7  feat_left_pc2       0.552   +  0.1045    2.636068    2.243767
  8  pre_entropy        0.5404   +  0.0972    1.964838    1.775735
  9  post_conf          0.5234   +   0.067    0.677696      0.6601
 10  delta_conf         0.5097   +  0.0202    0.227602    0.215937
 11  pre_conf           0.5048   -  0.0117    0.450094    0.444163
BEST: feat_left_l2 (AUC=0.7486, polarity=+)
저장: D:\Users\dust\Documents\학교\2026년도1학기\컴퓨터비전\실습\FoundationStereo\experiments\ds_v1_seed0/minimal_interior_v62\features\report.json / panels.png / mirror_signal.npy
[device] cuda
  [train] epoch 60/300  loss=0.5087
  [train] epoch 120/300  loss=0.2539
  [train] epoch 180/300  loss=0.1474
  [train] epoch 240/300  loss=0.0925
  [train] epoch 300/300  loss=0.0629

[VAL] scene=ds_v1_seed0/minimal_interior_v62  (pixel 70/30 split)
  AUC      = 0.9990
  IoU@0.5  = 0.8594
  F1@0.5   = 0.9244
  accuracy = 0.9874  (prec=0.8688, rec=0.9876)
  tp=1357 fp=205 fn=17 tn=16085

[save] D:\Users\dust\Documents\학교\2026년도1학기\컴퓨터비전\실습\FoundationStereo\experiments\ds_v1_seed0/minimal_interior_v62\submodel
  pred_mask.png, panel.png, metrics.json, head.pt
DONE: D:\Users\dust\Documents\학교\2026년도1학기\컴퓨터비전\실습\FoundationStereo\experiments\ds_v1_seed0/minimal_interior_v62\submodel
[device] cuda
[load] D:\Users\dust\Documents\학교\2026년도1학기\컴퓨터비전\실습\FoundationStereo\experiments\_model\general_head.pt  (train_scenes=['archiviz_baseline080', 'bedroom_baseline080', 'blue_bathroom_baseline080', 'computer_room_baseline080', 'cozy_living_room_baseline080', 'flat-archiviz_baseline080', 'green_house_baseline080', 'gym_baseline080', 'livingroom_baseline080', 'minimal_interior_baseline080', 'scandinavian_baseline080', 'sunlight_baseline080'])

[APPLY] ds_v1_seed0/minimal_interior_v62  (저장모델로 새 데이터 평가)
  AUC      = 0.9032
  IoU@0.5  = 0.2431
  F1@0.5   = 0.3911
  accuracy = 0.9162  (prec=0.4445, rec=0.3491)
  tp=1585 fp=1981 fn=2955 tn=52359
[save] D:\Users\dust\Documents\학교\2026년도1학기\컴퓨터비전\실습\FoundationStereo\experiments\ds_v1_seed0/minimal_interior_v62\submodel_applied  (pred_mask.png, panel.png, metrics.json)

============================================================
STEP: estimate_mirror_plane
============================================================

============================================================
STEP: viz_ransac_inliers
============================================================

============================================================
STEP: make_mirror_gt_from_depth
============================================================

============================================================
STEP: analyze_features
============================================================

============================================================
STEP: submodel_head
============================================================

============================================================
STEP: apply_submodel
============================================================

DONE: D:\Users\dust\Documents\학교\2026년도1학기\컴퓨터비전\실습\FoundationStereo\experiments\ds_v1_seed0/minimal_interior_v62 (ok)

##### [64/132] ds_v1_seed0/minimal_interior_v63  (done 35, fail 0, skip 28, elapsed 16m, ETA 32m) #####
[scene] ds_v1_seed0/minimal_interior_v63  size=1280x720
[select] mirror 점 개수 = 58711  (mask=58711, valid&depth = 897327)
[conf] mirror 영역 평균 confidence = 0.7253

=== 평면 추정 결과 ===
  [PCA (closed form)]
      normal = [-0.6184, -0.6406, -0.4552]
      d = +2.5026   mirror_depth(perp) = 2.5026 m   view_z = 9.4283 m
      n_inliers = 58711/58711   rms_residual = 0.19091 m
  [RANSAC]
      normal = [-0.5631, -0.5756, -0.5930]
      d = +3.8514   mirror_depth(perp) = 3.8514 m   view_z = 9.4283 m
      n_inliers = 17031/58711   rms_residual = 0.03181 m
  [SVD robust (IRLS)]
      normal = [-0.6245, -0.6396, -0.4482]
      d = +2.4156   mirror_depth(perp) = 2.4156 m   view_z = 9.4283 m
      n_inliers = 16096/58711   rms_residual = 0.03281 m

[save] D:\Users\dust\Documents\학교\2026년도1학기\컴퓨터비전\실습\FoundationStereo\experiments\ds_v1_seed0/minimal_interior_v63\mirror_geometry\result.json
[save] D:\Users\dust\Documents\학교\2026년도1학기\컴퓨터비전\실습\FoundationStereo\experiments\ds_v1_seed0/minimal_interior_v63\mirror_geometry\plane.txt
[save] D:\Users\dust\Documents\학교\2026년도1학기\컴퓨터비전\실습\FoundationStereo\experiments\ds_v1_seed0/minimal_interior_v63\mirror_geometry\viz.png

DONE: D:\Users\dust\Documents\학교\2026년도1학기\컴퓨터비전\실습\FoundationStereo\experiments\ds_v1_seed0/minimal_interior_v63\mirror_geometry
[ds_v1_seed0/minimal_interior_v63] 거울 점 58711개 중 inlier 17031 (29.0%) / outlier 41680
  normal=[-0.563 -0.576 -0.593] d=3.851  rms(inlier)=0.0318 m  thr≈0.057 m
[save] D:\Users\dust\Documents\학교\2026년도1학기\컴퓨터비전\실습\FoundationStereo\experiments\ds_v1_seed0/minimal_interior_v63\mirror_geometry\ransac_inliers.png
[gt] minimal_interior_v63         perp 7.01m planRMS 0.0000m  normal [0.596, 0.183, -0.782]

생성 1, 건너뜀 0 (depth_gt/mask 없음 등)
[ds_v1_seed0/minimal_interior_v63] feature 184x320  mirror_frac=0.06421535326086956  feat_left=True
rank  signal              AUC    pol  sep     mean_in     mean_out
  1  feat_left_l2        0.679   +  0.3054   18.367887   16.508065
  2  feat_left_pc1      0.6726   -  0.2765    1.932433    2.953675
  3  post_entropy       0.6675   -  0.2503    0.651745    0.707132
  4  delta_argdisp      0.6128   -  0.1962    33.12748   45.116735
  5  post_conf            0.61   +  0.1841    0.724524     0.68757
  6  feat_left_pc3      0.5723   +  0.0905    1.937789    1.673729
  7  feat_left_pc2      0.5683   +  0.1212    2.618137    2.205709
  8  pre_conf           0.5292   +  0.0607    0.438338    0.412547
  9  pre_entropy        0.5221   -  0.0214    1.822477    1.857654
 10  delta_conf         0.5182   +  0.0238    0.286186    0.275023
 11  delta_entropy       0.503   +  0.0122   -1.170732   -1.150522
BEST: feat_left_l2 (AUC=0.679, polarity=+)
저장: D:\Users\dust\Documents\학교\2026년도1학기\컴퓨터비전\실습\FoundationStereo\experiments\ds_v1_seed0/minimal_interior_v63\features\report.json / panels.png / mirror_signal.npy
[device] cuda
  [train] epoch 60/300  loss=0.5933
  [train] epoch 120/300  loss=0.3659
  [train] epoch 180/300  loss=0.2379
  [train] epoch 240/300  loss=0.1584
  [train] epoch 300/300  loss=0.1107

[VAL] scene=ds_v1_seed0/minimal_interior_v63  (pixel 70/30 split)
  AUC      = 0.9956
  IoU@0.5  = 0.7061
  F1@0.5   = 0.8277
  accuracy = 0.9741  (prec=0.7243, rec=0.9657)
  tp=1098 fp=418 fn=39 tn=16109

[save] D:\Users\dust\Documents\학교\2026년도1학기\컴퓨터비전\실습\FoundationStereo\experiments\ds_v1_seed0/minimal_interior_v63\submodel
  pred_mask.png, panel.png, metrics.json, head.pt
DONE: D:\Users\dust\Documents\학교\2026년도1학기\컴퓨터비전\실습\FoundationStereo\experiments\ds_v1_seed0/minimal_interior_v63\submodel
[device] cuda
[load] D:\Users\dust\Documents\학교\2026년도1학기\컴퓨터비전\실습\FoundationStereo\experiments\_model\general_head.pt  (train_scenes=['archiviz_baseline080', 'bedroom_baseline080', 'blue_bathroom_baseline080', 'computer_room_baseline080', 'cozy_living_room_baseline080', 'flat-archiviz_baseline080', 'green_house_baseline080', 'gym_baseline080', 'livingroom_baseline080', 'minimal_interior_baseline080', 'scandinavian_baseline080', 'sunlight_baseline080'])

[APPLY] ds_v1_seed0/minimal_interior_v63  (저장모델로 새 데이터 평가)
  AUC      = 0.9706
  IoU@0.5  = 0.4064
  F1@0.5   = 0.5779
  accuracy = 0.9535  (prec=0.6930, rec=0.4956)
  tp=1874 fp=830 fn=1907 tn=54269
[save] D:\Users\dust\Documents\학교\2026년도1학기\컴퓨터비전\실습\FoundationStereo\experiments\ds_v1_seed0/minimal_interior_v63\submodel_applied  (pred_mask.png, panel.png, metrics.json)

============================================================
STEP: estimate_mirror_plane
============================================================

============================================================
STEP: viz_ransac_inliers
============================================================

============================================================
STEP: make_mirror_gt_from_depth
============================================================

============================================================
STEP: analyze_features
============================================================

============================================================
STEP: submodel_head
============================================================

============================================================
STEP: apply_submodel
============================================================

DONE: D:\Users\dust\Documents\학교\2026년도1학기\컴퓨터비전\실습\FoundationStereo\experiments\ds_v1_seed0/minimal_interior_v63 (ok)

##### [65/132] ds_v1_seed0/minimal_interior_v64  (done 36, fail 0, skip 28, elapsed 17m, ETA 32m) #####
[scene] ds_v1_seed0/minimal_interior_v64  size=1280x720
[select] mirror 점 개수 = 112389  (mask=112389, valid&depth = 901540)
[conf] mirror 영역 평균 confidence = 0.6939

=== 평면 추정 결과 ===
  [PCA (closed form)]
      normal = [-0.8457, -0.3699, -0.3846]
      d = +2.3631   mirror_depth(perp) = 2.3631 m   view_z = 10.2994 m
      n_inliers = 112389/112389   rms_residual = 0.20696 m
  [RANSAC]
      normal = [-0.9308, +0.0686, -0.3590]
      d = +2.1143   mirror_depth(perp) = 2.1143 m   view_z = 10.2994 m
      n_inliers = 38893/112389   rms_residual = 0.01612 m
  [SVD robust (IRLS)]
      normal = [-0.8430, -0.3744, -0.3863]
      d = +2.3856   mirror_depth(perp) = 2.3856 m   view_z = 10.2994 m
      n_inliers = 27270/112389   rms_residual = 0.03631 m

[save] D:\Users\dust\Documents\학교\2026년도1학기\컴퓨터비전\실습\FoundationStereo\experiments\ds_v1_seed0/minimal_interior_v64\mirror_geometry\result.json
[save] D:\Users\dust\Documents\학교\2026년도1학기\컴퓨터비전\실습\FoundationStereo\experiments\ds_v1_seed0/minimal_interior_v64\mirror_geometry\plane.txt
[save] D:\Users\dust\Documents\학교\2026년도1학기\컴퓨터비전\실습\FoundationStereo\experiments\ds_v1_seed0/minimal_interior_v64\mirror_geometry\viz.png

DONE: D:\Users\dust\Documents\학교\2026년도1학기\컴퓨터비전\실습\FoundationStereo\experiments\ds_v1_seed0/minimal_interior_v64\mirror_geometry
[ds_v1_seed0/minimal_interior_v64] 거울 점 112389개 중 inlier 38893 (34.6%) / outlier 73496
  normal=[-0.931  0.069 -0.359] d=2.114  rms(inlier)=0.0161 m  thr≈0.063 m
[save] D:\Users\dust\Documents\학교\2026년도1학기\컴퓨터비전\실습\FoundationStereo\experiments\ds_v1_seed0/minimal_interior_v64\mirror_geometry\ransac_inliers.png
[gt] minimal_interior_v64         perp 6.97m planRMS 0.0000m  normal [0.559, 0.028, -0.829]

생성 1, 건너뜀 0 (depth_gt/mask 없음 등)
[ds_v1_seed0/minimal_interior_v64] feature 184x320  mirror_frac=0.12199388586956522  feat_left=True
rank  signal              AUC    pol  sep     mean_in     mean_out
  1  feat_left_pc1      0.6371   -  0.2246     1.93025    2.706101
  2  feat_left_l2       0.5908   +  0.1389   17.382681   16.619155
  3  delta_entropy      0.5491   -  0.1057   -1.451398   -1.260086
  4  pre_entropy        0.5447   +  0.0886     2.11927    1.959438
  5  post_entropy       0.5447   -  0.1006    0.667871    0.699352
  6  delta_argdisp      0.5414   +  0.0467   49.187665   45.895178
  7  post_conf          0.5386   +  0.0697    0.693768    0.677643
  8  delta_conf         0.5292   +  0.0443    0.297635    0.275485
  9  feat_left_pc3      0.5232   -  0.0423    1.539787     1.66322
 10  pre_conf           0.5143   -  0.0134    0.396133    0.402157
 11  feat_left_pc2      0.5066   -  0.0111    2.058129    2.093352
BEST: feat_left_pc1 (AUC=0.6371, polarity=-)
저장: D:\Users\dust\Documents\학교\2026년도1학기\컴퓨터비전\실습\FoundationStereo\experiments\ds_v1_seed0/minimal_interior_v64\features\report.json / panels.png / mirror_signal.npy
[device] cuda
  [train] epoch 60/300  loss=0.5697
  [train] epoch 120/300  loss=0.3108
  [train] epoch 180/300  loss=0.1860
  [train] epoch 240/300  loss=0.1207
  [train] epoch 300/300  loss=0.0839

[VAL] scene=ds_v1_seed0/minimal_interior_v64  (pixel 70/30 split)
  AUC      = 0.9984
  IoU@0.5  = 0.8736
  F1@0.5   = 0.9325
  accuracy = 0.9826  (prec=0.8897, rec=0.9797)
  tp=2121 fp=263 fn=44 tn=15236

[save] D:\Users\dust\Documents\학교\2026년도1학기\컴퓨터비전\실습\FoundationStereo\experiments\ds_v1_seed0/minimal_interior_v64\submodel
  pred_mask.png, panel.png, metrics.json, head.pt
DONE: D:\Users\dust\Documents\학교\2026년도1학기\컴퓨터비전\실습\FoundationStereo\experiments\ds_v1_seed0/minimal_interior_v64\submodel
[device] cuda
[load] D:\Users\dust\Documents\학교\2026년도1학기\컴퓨터비전\실습\FoundationStereo\experiments\_model\general_head.pt  (train_scenes=['archiviz_baseline080', 'bedroom_baseline080', 'blue_bathroom_baseline080', 'computer_room_baseline080', 'cozy_living_room_baseline080', 'flat-archiviz_baseline080', 'green_house_baseline080', 'gym_baseline080', 'livingroom_baseline080', 'minimal_interior_baseline080', 'scandinavian_baseline080', 'sunlight_baseline080'])

[APPLY] ds_v1_seed0/minimal_interior_v64  (저장모델로 새 데이터 평가)
  AUC      = 0.9228
  IoU@0.5  = 0.2730
  F1@0.5   = 0.4290
  accuracy = 0.8945  (prec=0.6310, rec=0.3249)
  tp=2334 fp=1365 fn=4849 tn=50332
[save] D:\Users\dust\Documents\학교\2026년도1학기\컴퓨터비전\실습\FoundationStereo\experiments\ds_v1_seed0/minimal_interior_v64\submodel_applied  (pred_mask.png, panel.png, metrics.json)

============================================================
STEP: estimate_mirror_plane
============================================================

============================================================
STEP: viz_ransac_inliers
============================================================

============================================================
STEP: make_mirror_gt_from_depth
============================================================

============================================================
STEP: analyze_features
============================================================

============================================================
STEP: submodel_head
============================================================

============================================================
STEP: apply_submodel
============================================================

DONE: D:\Users\dust\Documents\학교\2026년도1학기\컴퓨터비전\실습\FoundationStereo\experiments\ds_v1_seed0/minimal_interior_v64 (ok)

##### [66/132] ds_v1_seed0/minimal_interior_v65  (done 37, fail 0, skip 28, elapsed 17m, ETA 31m) #####
[scene] ds_v1_seed0/minimal_interior_v65  size=1280x720
[select] mirror 점 개수 = 151  (mask=9764, valid&depth = 902236)
[conf] mirror 영역 평균 confidence = 0.6556

=== 평면 추정 결과 ===
  [PCA (closed form)]
      normal = [-0.9567, +0.0040, -0.2911]
      d = +0.1256   mirror_depth(perp) = 0.1256 m   view_z = 7.9293 m
      n_inliers = 151/151   rms_residual = 0.00075 m
  [RANSAC]
      normal = [-0.9567, +0.0040, -0.2911]
      d = +0.1256   mirror_depth(perp) = 0.1256 m   view_z = 7.9293 m
      n_inliers = 151/151   rms_residual = 0.00075 m
  [SVD robust (IRLS)]
      normal = [-0.9567, +0.0040, -0.2911]
      d = +0.1256   mirror_depth(perp) = 0.1256 m   view_z = 7.9293 m
      n_inliers = 151/151   rms_residual = 0.00075 m

[save] D:\Users\dust\Documents\학교\2026년도1학기\컴퓨터비전\실습\FoundationStereo\experiments\ds_v1_seed0/minimal_interior_v65\mirror_geometry\result.json
[save] D:\Users\dust\Documents\학교\2026년도1학기\컴퓨터비전\실습\FoundationStereo\experiments\ds_v1_seed0/minimal_interior_v65\mirror_geometry\plane.txt
[save] D:\Users\dust\Documents\학교\2026년도1학기\컴퓨터비전\실습\FoundationStereo\experiments\ds_v1_seed0/minimal_interior_v65\mirror_geometry\viz.png

DONE: D:\Users\dust\Documents\학교\2026년도1학기\컴퓨터비전\실습\FoundationStereo\experiments\ds_v1_seed0/minimal_interior_v65\mirror_geometry
[ds_v1_seed0/minimal_interior_v65] 거울 점 151개 중 inlier 151 (100.0%) / outlier 0
  normal=[-0.957  0.004 -0.291] d=0.126  rms(inlier)=0.0007 m  thr≈0.002 m
[save] D:\Users\dust\Documents\학교\2026년도1학기\컴퓨터비전\실습\FoundationStereo\experiments\ds_v1_seed0/minimal_interior_v65\mirror_geometry\ransac_inliers.png
[gt] minimal_interior_v65         perp 7.08m planRMS 0.0000m  normal [0.712, -0.025, -0.702]

생성 1, 건너뜀 0 (depth_gt/mask 없음 등)
[ds_v1_seed0/minimal_interior_v65] feature 184x320  mirror_frac=0.011175271739130434  feat_left=True
rank  signal              AUC    pol  sep     mean_in     mean_out
  1  feat_left_l2       0.7497   +  0.4237   19.000172   16.618468
  2  feat_left_pc1      0.7386   -  0.4707    1.638401    2.923784
  3  post_entropy       0.7056   +  0.3124    0.802127    0.702178
  4  pre_entropy        0.6927   +  0.4635    2.978449    1.755709
  5  delta_entropy      0.6896   -  0.4241   -2.176322   -1.053531
  6  pre_conf           0.6536   -  0.1858     0.34375     0.45637
  7  post_conf           0.605   -  0.2264    0.636866    0.686521
  8  delta_conf         0.6004   +  0.0972    0.293116    0.230151
  9  feat_left_pc3       0.589   +   0.162    2.170263     1.66488
 10  delta_argdisp      0.5564   -  0.0801   40.069909   46.032909
 11  feat_left_pc2      0.5091   +  0.0282    2.290451    2.191018
BEST: feat_left_l2 (AUC=0.7497, polarity=+)
저장: D:\Users\dust\Documents\학교\2026년도1학기\컴퓨터비전\실습\FoundationStereo\experiments\ds_v1_seed0/minimal_interior_v65\features\report.json / panels.png / mirror_signal.npy
[device] cuda
  [train] epoch 60/300  loss=0.4127
  [train] epoch 120/300  loss=0.1776
  [train] epoch 180/300  loss=0.1064
  [train] epoch 240/300  loss=0.0711
  [train] epoch 300/300  loss=0.0501

[VAL] scene=ds_v1_seed0/minimal_interior_v65  (pixel 70/30 split)
  AUC      = 0.9960
  IoU@0.5  = 0.4606
  F1@0.5   = 0.6307
  accuracy = 0.9876  (prec=0.4807, rec=0.9167)
  tp=187 fp=202 fn=17 tn=17258

[save] D:\Users\dust\Documents\학교\2026년도1학기\컴퓨터비전\실습\FoundationStereo\experiments\ds_v1_seed0/minimal_interior_v65\submodel
  pred_mask.png, panel.png, metrics.json, head.pt
DONE: D:\Users\dust\Documents\학교\2026년도1학기\컴퓨터비전\실습\FoundationStereo\experiments\ds_v1_seed0/minimal_interior_v65\submodel
[device] cuda
[load] D:\Users\dust\Documents\학교\2026년도1학기\컴퓨터비전\실습\FoundationStereo\experiments\_model\general_head.pt  (train_scenes=['archiviz_baseline080', 'bedroom_baseline080', 'blue_bathroom_baseline080', 'computer_room_baseline080', 'cozy_living_room_baseline080', 'flat-archiviz_baseline080', 'green_house_baseline080', 'gym_baseline080', 'livingroom_baseline080', 'minimal_interior_baseline080', 'scandinavian_baseline080', 'sunlight_baseline080'])

[APPLY] ds_v1_seed0/minimal_interior_v65  (저장모델로 새 데이터 평가)
  AUC      = 0.7981
  IoU@0.5  = 0.0137
  F1@0.5   = 0.0271
  accuracy = 0.9597  (prec=0.0186, rec=0.0502)
  tp=33 fp=1745 fn=625 tn=56477
[save] D:\Users\dust\Documents\학교\2026년도1학기\컴퓨터비전\실습\FoundationStereo\experiments\ds_v1_seed0/minimal_interior_v65\submodel_applied  (pred_mask.png, panel.png, metrics.json)

============================================================
STEP: estimate_mirror_plane
============================================================

============================================================
STEP: viz_ransac_inliers
============================================================

============================================================
STEP: make_mirror_gt_from_depth
============================================================

============================================================
STEP: analyze_features
============================================================

============================================================
STEP: submodel_head
============================================================

============================================================
STEP: apply_submodel
============================================================

DONE: D:\Users\dust\Documents\학교\2026년도1학기\컴퓨터비전\실습\FoundationStereo\experiments\ds_v1_seed0/minimal_interior_v65 (ok)

##### [106/132] ds_v1_seed0/scandinavian_v39  (done 38, fail 0, skip 67, elapsed 18m, ETA 13m) #####
[scene] ds_v1_seed0/scandinavian_v39  size=1280x720
[select] mirror 점 개수 = 182862  (mask=182862, valid&depth = 901940)
[conf] mirror 영역 평균 confidence = 0.6463

=== 평면 추정 결과 ===
  [PCA (closed form)]
      normal = [+0.0407, -0.9089, -0.4150]
      d = +1.7525   mirror_depth(perp) = 1.7525 m   view_z = 6.8390 m
      n_inliers = 182862/182862   rms_residual = 0.57238 m
  [RANSAC]
      normal = [-0.2081, +0.2298, -0.9507]
      d = +8.0547   mirror_depth(perp) = 8.0547 m   view_z = 6.8390 m
      n_inliers = 97262/182862   rms_residual = 0.02847 m
  [SVD robust (IRLS)]
      normal = [-0.0253, -0.9017, -0.4317]
      d = +1.9044   mirror_depth(perp) = 1.9044 m   view_z = 6.8390 m
      n_inliers = 31812/182862   rms_residual = 0.06829 m

[save] D:\Users\dust\Documents\학교\2026년도1학기\컴퓨터비전\실습\FoundationStereo\experiments\ds_v1_seed0/scandinavian_v39\mirror_geometry\result.json
[save] D:\Users\dust\Documents\학교\2026년도1학기\컴퓨터비전\실습\FoundationStereo\experiments\ds_v1_seed0/scandinavian_v39\mirror_geometry\plane.txt
[save] D:\Users\dust\Documents\학교\2026년도1학기\컴퓨터비전\실습\FoundationStereo\experiments\ds_v1_seed0/scandinavian_v39\mirror_geometry\viz.png

DONE: D:\Users\dust\Documents\학교\2026년도1학기\컴퓨터비전\실습\FoundationStereo\experiments\ds_v1_seed0/scandinavian_v39\mirror_geometry
[ds_v1_seed0/scandinavian_v39] 거울 점 182862개 중 inlier 97262 (53.2%) / outlier 85600
  normal=[-0.208  0.23  -0.951] d=8.055  rms(inlier)=0.0285 m  thr≈0.121 m
[save] D:\Users\dust\Documents\학교\2026년도1학기\컴퓨터비전\실습\FoundationStereo\experiments\ds_v1_seed0/scandinavian_v39\mirror_geometry\ransac_inliers.png
[gt] scandinavian_v39             perp 3.67m planRMS 0.2076m  normal [-0.39, 0.239, -0.889]

생성 1, 건너뜀 0 (depth_gt/mask 없음 등)
[ds_v1_seed0/scandinavian_v39] feature 184x320  mirror_frac=0.1995414402173913  feat_left=True
rank  signal              AUC    pol  sep     mean_in     mean_out
  1  feat_left_l2       0.6553   +  0.2777   18.234905   16.356684
  2  post_entropy       0.5898   +  0.1379    0.758107    0.712672
  3  post_conf          0.5822   -  0.1507    0.646081    0.680103
  4  delta_entropy      0.5503   +  0.1261    -1.07355   -1.273217
  5  delta_argdisp      0.5486   -  0.0633   45.509405   49.536759
  6  delta_conf         0.5466   -  0.0947    0.237121    0.282055
  7  feat_left_pc3      0.5437   +  0.1297    2.205059    1.788745
  8  pre_entropy        0.5338   -  0.0982    1.831657    1.985889
  9  feat_left_pc1      0.5125   +  0.0289    2.648251      2.5231
 10  pre_conf           0.5053   +  0.0254     0.40896    0.398048
 11  feat_left_pc2      0.5005   +  0.0032    2.273094    2.284891
BEST: feat_left_l2 (AUC=0.6553, polarity=+)
저장: D:\Users\dust\Documents\학교\2026년도1학기\컴퓨터비전\실습\FoundationStereo\experiments\ds_v1_seed0/scandinavian_v39\features\report.json / panels.png / mirror_signal.npy
[device] cuda
  [train] epoch 60/300  loss=0.5113
  [train] epoch 120/300  loss=0.3230
  [train] epoch 180/300  loss=0.2226
  [train] epoch 240/300  loss=0.1596
  [train] epoch 300/300  loss=0.1185

[VAL] scene=ds_v1_seed0/scandinavian_v39  (pixel 70/30 split)
  AUC      = 0.9947
  IoU@0.5  = 0.8583
  F1@0.5   = 0.9238
  accuracy = 0.9680  (prec=0.8813, rec=0.9705)
  tp=3423 fp=461 fn=104 tn=13676

[save] D:\Users\dust\Documents\학교\2026년도1학기\컴퓨터비전\실습\FoundationStereo\experiments\ds_v1_seed0/scandinavian_v39\submodel
  pred_mask.png, panel.png, metrics.json, head.pt
DONE: D:\Users\dust\Documents\학교\2026년도1학기\컴퓨터비전\실습\FoundationStereo\experiments\ds_v1_seed0/scandinavian_v39\submodel
[device] cuda
[load] D:\Users\dust\Documents\학교\2026년도1학기\컴퓨터비전\실습\FoundationStereo\experiments\_model\general_head.pt  (train_scenes=['archiviz_baseline080', 'bedroom_baseline080', 'blue_bathroom_baseline080', 'computer_room_baseline080', 'cozy_living_room_baseline080', 'flat-archiviz_baseline080', 'green_house_baseline080', 'gym_baseline080', 'livingroom_baseline080', 'minimal_interior_baseline080', 'scandinavian_baseline080', 'sunlight_baseline080'])

[APPLY] ds_v1_seed0/scandinavian_v39  (저장모델로 새 데이터 평가)
  AUC      = 0.9541
  IoU@0.5  = 0.5047
  F1@0.5   = 0.6709
  accuracy = 0.8978  (prec=0.9382, rec=0.5221)
  tp=6134 fp=404 fn=5615 tn=46727
[save] D:\Users\dust\Documents\학교\2026년도1학기\컴퓨터비전\실습\FoundationStereo\experiments\ds_v1_seed0/scandinavian_v39\submodel_applied  (pred_mask.png, panel.png, metrics.json)

============================================================
STEP: estimate_mirror_plane
============================================================

============================================================
STEP: viz_ransac_inliers
============================================================

============================================================
STEP: make_mirror_gt_from_depth
============================================================

============================================================
STEP: analyze_features
============================================================

============================================================
STEP: submodel_head
============================================================

============================================================
STEP: apply_submodel
============================================================

DONE: D:\Users\dust\Documents\학교\2026년도1학기\컴퓨터비전\실습\FoundationStereo\experiments\ds_v1_seed0/scandinavian_v39 (ok)

##### [107/132] ds_v1_seed0/scandinavian_v40  (done 39, fail 0, skip 67, elapsed 18m, ETA 12m) #####
[scene] ds_v1_seed0/scandinavian_v40  size=1280x720
[select] mirror 점 개수 = 135001  (mask=135001, valid&depth = 903468)
[conf] mirror 영역 평균 confidence = 0.6480

=== 평면 추정 결과 ===
  [PCA (closed form)]
      normal = [-0.0413, -0.9129, -0.4062]
      d = +1.4888   mirror_depth(perp) = 1.4888 m   view_z = 6.7528 m
      n_inliers = 135001/135001   rms_residual = 0.42620 m
  [RANSAC]
      normal = [-0.4425, +0.3264, -0.8353]
      d = +8.0989   mirror_depth(perp) = 8.0989 m   view_z = 6.7528 m
      n_inliers = 53949/135001   rms_residual = 0.02843 m
  [SVD robust (IRLS)]
      normal = [-0.0918, -0.9099, -0.4046]
      d = +1.4707   mirror_depth(perp) = 1.4707 m   view_z = 6.7528 m
      n_inliers = 21020/135001   rms_residual = 0.04898 m

[save] D:\Users\dust\Documents\학교\2026년도1학기\컴퓨터비전\실습\FoundationStereo\experiments\ds_v1_seed0/scandinavian_v40\mirror_geometry\result.json
[save] D:\Users\dust\Documents\학교\2026년도1학기\컴퓨터비전\실습\FoundationStereo\experiments\ds_v1_seed0/scandinavian_v40\mirror_geometry\plane.txt
[save] D:\Users\dust\Documents\학교\2026년도1학기\컴퓨터비전\실습\FoundationStereo\experiments\ds_v1_seed0/scandinavian_v40\mirror_geometry\viz.png

DONE: D:\Users\dust\Documents\학교\2026년도1학기\컴퓨터비전\실습\FoundationStereo\experiments\ds_v1_seed0/scandinavian_v40\mirror_geometry
[ds_v1_seed0/scandinavian_v40] 거울 점 135001개 중 inlier 53949 (40.0%) / outlier 81052
  normal=[-0.442  0.326 -0.835] d=8.099  rms(inlier)=0.0284 m  thr≈0.086 m
[save] D:\Users\dust\Documents\학교\2026년도1학기\컴퓨터비전\실습\FoundationStereo\experiments\ds_v1_seed0/scandinavian_v40\mirror_geometry\ransac_inliers.png
[gt] scandinavian_v40             perp 3.92m planRMS 0.2547m  normal [-0.431, 0.337, -0.837]

생성 1, 건너뜀 0 (depth_gt/mask 없음 등)
[ds_v1_seed0/scandinavian_v40] feature 184x320  mirror_frac=0.14767323369565216  feat_left=True
rank  signal              AUC    pol  sep     mean_in     mean_out
  1  post_entropy       0.6335   +  0.1841    0.748805    0.686844
  2  feat_left_l2       0.6244   +   0.221   17.958614   16.743122
  3  feat_left_pc1      0.5983   -  0.1902    2.092376    2.700695
  4  post_conf          0.5888   -  0.1636    0.648044    0.686484
  5  feat_left_pc2      0.5745   -  0.1218    1.842677    2.217337
  6  delta_argdisp      0.5579   -  0.0891   40.606901   46.306087
  7  feat_left_pc3      0.5364   +  0.0893    1.987589     1.72645
  8  delta_conf         0.5309   -  0.0593    0.232884    0.262128
  9  pre_conf           0.5212   -  0.0208     0.41516    0.424356
 10  delta_entropy      0.5208   +  0.0638   -1.092098   -1.194575
 11  pre_entropy         0.503   +  0.0255    1.840903    1.881419
BEST: post_entropy (AUC=0.6335, polarity=+)
저장: D:\Users\dust\Documents\학교\2026년도1학기\컴퓨터비전\실습\FoundationStereo\experiments\ds_v1_seed0/scandinavian_v40\features\report.json / panels.png / mirror_signal.npy
[device] cuda
  [train] epoch 60/300  loss=0.5231
  [train] epoch 120/300  loss=0.3192
  [train] epoch 180/300  loss=0.2206
  [train] epoch 240/300  loss=0.1613
  [train] epoch 300/300  loss=0.1220

[VAL] scene=ds_v1_seed0/scandinavian_v40  (pixel 70/30 split)
  AUC      = 0.9938
  IoU@0.5  = 0.8020
  F1@0.5   = 0.8901
  accuracy = 0.9648  (prec=0.8240, rec=0.9677)
  tp=2515 fp=537 fn=84 tn=14528

[save] D:\Users\dust\Documents\학교\2026년도1학기\컴퓨터비전\실습\FoundationStereo\experiments\ds_v1_seed0/scandinavian_v40\submodel
  pred_mask.png, panel.png, metrics.json, head.pt
DONE: D:\Users\dust\Documents\학교\2026년도1학기\컴퓨터비전\실습\FoundationStereo\experiments\ds_v1_seed0/scandinavian_v40\submodel
[device] cuda
[load] D:\Users\dust\Documents\학교\2026년도1학기\컴퓨터비전\실습\FoundationStereo\experiments\_model\general_head.pt  (train_scenes=['archiviz_baseline080', 'bedroom_baseline080', 'blue_bathroom_baseline080', 'computer_room_baseline080', 'cozy_living_room_baseline080', 'flat-archiviz_baseline080', 'green_house_baseline080', 'gym_baseline080', 'livingroom_baseline080', 'minimal_interior_baseline080', 'scandinavian_baseline080', 'sunlight_baseline080'])

[APPLY] ds_v1_seed0/scandinavian_v40  (저장모델로 새 데이터 평가)
  AUC      = 0.9488
  IoU@0.5  = 0.5500
  F1@0.5   = 0.7096
  accuracy = 0.9235  (prec=0.8074, rec=0.6330)
  tp=5504 fp=1313 fn=3191 tn=48872
[save] D:\Users\dust\Documents\학교\2026년도1학기\컴퓨터비전\실습\FoundationStereo\experiments\ds_v1_seed0/scandinavian_v40\submodel_applied  (pred_mask.png, panel.png, metrics.json)

============================================================
STEP: estimate_mirror_plane
============================================================

============================================================
STEP: viz_ransac_inliers
============================================================

============================================================
STEP: make_mirror_gt_from_depth
============================================================

============================================================
STEP: analyze_features
============================================================

============================================================
STEP: submodel_head
============================================================

============================================================
STEP: apply_submodel
============================================================

DONE: D:\Users\dust\Documents\학교\2026년도1학기\컴퓨터비전\실습\FoundationStereo\experiments\ds_v1_seed0/scandinavian_v40 (ok)

##### [108/132] ds_v1_seed0/scandinavian_v41  (done 40, fail 0, skip 67, elapsed 19m, ETA 12m) #####
[scene] ds_v1_seed0/scandinavian_v41  size=1280x720
[select] mirror 점 개수 = 155145  (mask=155145, valid&depth = 905289)
[conf] mirror 영역 평균 confidence = 0.6664

=== 평면 추정 결과 ===
  [PCA (closed form)]
      normal = [+0.0094, -0.9111, -0.4122]
      d = +2.0040   mirror_depth(perp) = 2.0040 m   view_z = 7.3541 m
      n_inliers = 155145/155145   rms_residual = 0.59226 m
  [RANSAC]
      normal = [-0.1961, +0.1413, -0.9704]
      d = +8.4365   mirror_depth(perp) = 8.4365 m   view_z = 7.3541 m
      n_inliers = 80660/155145   rms_residual = 0.03242 m
  [SVD robust (IRLS)]
      normal = [-0.0462, -0.9079, -0.4166]
      d = +2.0516   mirror_depth(perp) = 2.0516 m   view_z = 7.3541 m
      n_inliers = 23947/155145   rms_residual = 0.05231 m

[save] D:\Users\dust\Documents\학교\2026년도1학기\컴퓨터비전\실습\FoundationStereo\experiments\ds_v1_seed0/scandinavian_v41\mirror_geometry\result.json
[save] D:\Users\dust\Documents\학교\2026년도1학기\컴퓨터비전\실습\FoundationStereo\experiments\ds_v1_seed0/scandinavian_v41\mirror_geometry\plane.txt
[save] D:\Users\dust\Documents\학교\2026년도1학기\컴퓨터비전\실습\FoundationStereo\experiments\ds_v1_seed0/scandinavian_v41\mirror_geometry\viz.png

DONE: D:\Users\dust\Documents\학교\2026년도1학기\컴퓨터비전\실습\FoundationStereo\experiments\ds_v1_seed0/scandinavian_v41\mirror_geometry
[ds_v1_seed0/scandinavian_v41] 거울 점 155145개 중 inlier 80660 (52.0%) / outlier 74485
  normal=[-0.196  0.141 -0.97 ] d=8.436  rms(inlier)=0.0324 m  thr≈0.092 m
[save] D:\Users\dust\Documents\학교\2026년도1학기\컴퓨터비전\실습\FoundationStereo\experiments\ds_v1_seed0/scandinavian_v41\mirror_geometry\ransac_inliers.png
[gt] scandinavian_v41             perp 4.08m planRMS 0.2356m  normal [-0.372, 0.218, -0.902]

생성 1, 건너뜀 0 (depth_gt/mask 없음 등)
[ds_v1_seed0/scandinavian_v41] feature 184x320  mirror_frac=0.1684952445652174  feat_left=True
rank  signal              AUC    pol  sep     mean_in     mean_out
  1  feat_left_l2       0.6605   +  0.2923   18.429994   16.423547
  2  post_entropy       0.5743   +  0.0508    0.748113    0.729844
  3  delta_argdisp      0.5738   -  0.1107   44.912106   52.042076
  4  delta_entropy      0.5413   +  0.1017   -1.075245   -1.236329
  5  post_conf          0.5399   -  0.0595    0.665047    0.678989
  6  pre_entropy        0.5345   -  0.0924    1.823358    1.966173
  7  delta_conf         0.5215   -  0.0388    0.258663    0.277622
  8  feat_left_pc3      0.5214   +  0.0925    2.142831    1.838073
  9  pre_conf           0.5052   +  0.0119    0.406385    0.401367
 10  feat_left_pc2      0.5033   +  0.0049    2.326874    2.308484
 11  feat_left_pc1       0.502   +  0.0174    2.631837    2.551598
BEST: feat_left_l2 (AUC=0.6605, polarity=+)
저장: D:\Users\dust\Documents\학교\2026년도1학기\컴퓨터비전\실습\FoundationStereo\experiments\ds_v1_seed0/scandinavian_v41\features\report.json / panels.png / mirror_signal.npy
[device] cuda
  [train] epoch 60/300  loss=0.5402
  [train] epoch 120/300  loss=0.3279
  [train] epoch 180/300  loss=0.2202
  [train] epoch 240/300  loss=0.1576
  [train] epoch 300/300  loss=0.1182

[VAL] scene=ds_v1_seed0/scandinavian_v41  (pixel 70/30 split)
  AUC      = 0.9939
  IoU@0.5  = 0.8294
  F1@0.5   = 0.9067
  accuracy = 0.9667  (prec=0.8572, rec=0.9623)
  tp=2858 fp=476 fn=112 tn=14218

[save] D:\Users\dust\Documents\학교\2026년도1학기\컴퓨터비전\실습\FoundationStereo\experiments\ds_v1_seed0/scandinavian_v41\submodel
  pred_mask.png, panel.png, metrics.json, head.pt
DONE: D:\Users\dust\Documents\학교\2026년도1학기\컴퓨터비전\실습\FoundationStereo\experiments\ds_v1_seed0/scandinavian_v41\submodel
[device] cuda
[load] D:\Users\dust\Documents\학교\2026년도1학기\컴퓨터비전\실습\FoundationStereo\experiments\_model\general_head.pt  (train_scenes=['archiviz_baseline080', 'bedroom_baseline080', 'blue_bathroom_baseline080', 'computer_room_baseline080', 'cozy_living_room_baseline080', 'flat-archiviz_baseline080', 'green_house_baseline080', 'gym_baseline080', 'livingroom_baseline080', 'minimal_interior_baseline080', 'scandinavian_baseline080', 'sunlight_baseline080'])

[APPLY] ds_v1_seed0/scandinavian_v41  (저장모델로 새 데이터 평가)
  AUC      = 0.9293
  IoU@0.5  = 0.4748
  F1@0.5   = 0.6439
  accuracy = 0.9041  (prec=0.8604, rec=0.5145)
  tp=5104 fp=828 fn=4817 tn=48131
[save] D:\Users\dust\Documents\학교\2026년도1학기\컴퓨터비전\실습\FoundationStereo\experiments\ds_v1_seed0/scandinavian_v41\submodel_applied  (pred_mask.png, panel.png, metrics.json)

============================================================
STEP: estimate_mirror_plane
============================================================

============================================================
STEP: viz_ransac_inliers
============================================================

============================================================
STEP: make_mirror_gt_from_depth
============================================================

============================================================
STEP: analyze_features
============================================================

============================================================
STEP: submodel_head
============================================================

============================================================
STEP: apply_submodel
============================================================

DONE: D:\Users\dust\Documents\학교\2026년도1학기\컴퓨터비전\실습\FoundationStereo\experiments\ds_v1_seed0/scandinavian_v41 (ok)

##### [109/132] ds_v1_seed0/scandinavian_v42  (done 41, fail 0, skip 67, elapsed 20m, ETA 12m) #####
[scene] ds_v1_seed0/scandinavian_v42  size=1280x720
[select] mirror 점 개수 = 184729  (mask=184729, valid&depth = 899692)
[conf] mirror 영역 평균 confidence = 0.6458

=== 평면 추정 결과 ===
  [PCA (closed form)]
      normal = [-0.0380, -0.8915, -0.4513]
      d = +2.1011   mirror_depth(perp) = 2.1011 m   view_z = 6.8337 m
      n_inliers = 184729/184729   rms_residual = 0.55418 m
  [RANSAC]
      normal = [-0.2140, +0.2930, -0.9319]
      d = +7.9883   mirror_depth(perp) = 7.9883 m   view_z = 6.8337 m
      n_inliers = 92923/184729   rms_residual = 0.02588 m
  [SVD robust (IRLS)]
      normal = [-0.0889, -0.8916, -0.4440]
      d = +2.0287   mirror_depth(perp) = 2.0287 m   view_z = 6.8337 m
      n_inliers = 22144/184729   rms_residual = 0.04887 m

[save] D:\Users\dust\Documents\학교\2026년도1학기\컴퓨터비전\실습\FoundationStereo\experiments\ds_v1_seed0/scandinavian_v42\mirror_geometry\result.json
[save] D:\Users\dust\Documents\학교\2026년도1학기\컴퓨터비전\실습\FoundationStereo\experiments\ds_v1_seed0/scandinavian_v42\mirror_geometry\plane.txt
[save] D:\Users\dust\Documents\학교\2026년도1학기\컴퓨터비전\실습\FoundationStereo\experiments\ds_v1_seed0/scandinavian_v42\mirror_geometry\viz.png

DONE: D:\Users\dust\Documents\학교\2026년도1학기\컴퓨터비전\실습\FoundationStereo\experiments\ds_v1_seed0/scandinavian_v42\mirror_geometry
[ds_v1_seed0/scandinavian_v42] 거울 점 184729개 중 inlier 92923 (50.3%) / outlier 91806
  normal=[-0.214  0.293 -0.932] d=7.988  rms(inlier)=0.0259 m  thr≈0.085 m
[save] D:\Users\dust\Documents\학교\2026년도1학기\컴퓨터비전\실습\FoundationStereo\experiments\ds_v1_seed0/scandinavian_v42\mirror_geometry\ransac_inliers.png
[gt] scandinavian_v42             perp 3.66m planRMS 0.1953m  normal [-0.358, 0.268, -0.895]

생성 1, 건너뜀 0 (depth_gt/mask 없음 등)
[ds_v1_seed0/scandinavian_v42] feature 184x320  mirror_frac=0.20125679347826086  feat_left=True
rank  signal              AUC    pol  sep     mean_in     mean_out
  1  feat_left_l2       0.6724   +   0.293   18.286539   16.293995
  2  delta_argdisp      0.5829   -   0.126   42.097806   50.015905
  3  delta_entropy      0.5481   +   0.119    -1.04748   -1.235553
  4  pre_entropy        0.5451   -   0.116    1.803435    1.983535
  5  delta_conf         0.5407   -  0.0825    0.225669    0.265287
  6  post_conf          0.5335   -  0.0721    0.646109    0.663007
  7  post_entropy       0.5259   +  0.0215    0.755955    0.747982
  8  pre_conf           0.5243   +  0.0532     0.42044    0.397721
  9  feat_left_pc3      0.5172   +  0.0715    2.052098    1.826629
 10  feat_left_pc2      0.5152   -  0.0297    2.223673    2.333607
 11  feat_left_pc1      0.5062   -  0.0164    2.501045    2.572381
BEST: feat_left_l2 (AUC=0.6724, polarity=+)
저장: D:\Users\dust\Documents\학교\2026년도1학기\컴퓨터비전\실습\FoundationStereo\experiments\ds_v1_seed0/scandinavian_v42\features\report.json / panels.png / mirror_signal.npy
[device] cuda
  [train] epoch 60/300  loss=0.4797
  [train] epoch 120/300  loss=0.3002
  [train] epoch 180/300  loss=0.2095
  [train] epoch 240/300  loss=0.1536
  [train] epoch 300/300  loss=0.1157

[VAL] scene=ds_v1_seed0/scandinavian_v42  (pixel 70/30 split)
  AUC      = 0.9944
  IoU@0.5  = 0.8488
  F1@0.5   = 0.9182
  accuracy = 0.9655  (prec=0.8758, rec=0.9650)
  tp=3420 fp=485 fn=124 tn=13635

[save] D:\Users\dust\Documents\학교\2026년도1학기\컴퓨터비전\실습\FoundationStereo\experiments\ds_v1_seed0/scandinavian_v42\submodel
  pred_mask.png, panel.png, metrics.json, head.pt
DONE: D:\Users\dust\Documents\학교\2026년도1학기\컴퓨터비전\실습\FoundationStereo\experiments\ds_v1_seed0/scandinavian_v42\submodel
[device] cuda
[load] D:\Users\dust\Documents\학교\2026년도1학기\컴퓨터비전\실습\FoundationStereo\experiments\_model\general_head.pt  (train_scenes=['archiviz_baseline080', 'bedroom_baseline080', 'blue_bathroom_baseline080', 'computer_room_baseline080', 'cozy_living_room_baseline080', 'flat-archiviz_baseline080', 'green_house_baseline080', 'gym_baseline080', 'livingroom_baseline080', 'minimal_interior_baseline080', 'scandinavian_baseline080', 'sunlight_baseline080'])

[APPLY] ds_v1_seed0/scandinavian_v42  (저장모델로 새 데이터 평가)
  AUC      = 0.9659
  IoU@0.5  = 0.5999
  F1@0.5   = 0.7499
  accuracy = 0.9173  (prec=0.9580, rec=0.6161)
  tp=7301 fp=320 fn=4549 tn=46710
[save] D:\Users\dust\Documents\학교\2026년도1학기\컴퓨터비전\실습\FoundationStereo\experiments\ds_v1_seed0/scandinavian_v42\submodel_applied  (pred_mask.png, panel.png, metrics.json)

============================================================
STEP: estimate_mirror_plane
============================================================

============================================================
STEP: viz_ransac_inliers
============================================================

============================================================
STEP: make_mirror_gt_from_depth
============================================================

============================================================
STEP: analyze_features
============================================================

============================================================
STEP: submodel_head
============================================================

============================================================
STEP: apply_submodel
============================================================

DONE: D:\Users\dust\Documents\학교\2026년도1학기\컴퓨터비전\실습\FoundationStereo\experiments\ds_v1_seed0/scandinavian_v42 (ok)

##### [110/132] ds_v1_seed0/scandinavian_v43  (done 42, fail 0, skip 67, elapsed 20m, ETA 11m) #####
[scene] ds_v1_seed0/scandinavian_v43  size=1280x720
[select] mirror 점 개수 = 183083  (mask=183083, valid&depth = 905023)
[conf] mirror 영역 평균 confidence = 0.6698

=== 평면 추정 결과 ===
  [PCA (closed form)]
      normal = [-0.0792, -0.8963, -0.4364]
      d = +1.9167   mirror_depth(perp) = 1.9167 m   view_z = 6.5091 m
      n_inliers = 183083/183083   rms_residual = 0.47227 m
  [RANSAC]
      normal = [-0.4559, +0.2619, -0.8507]
      d = +7.9228   mirror_depth(perp) = 7.9228 m   view_z = 6.5091 m
      n_inliers = 85890/183083   rms_residual = 0.02494 m
  [SVD robust (IRLS)]
      normal = [-0.1280, -0.8985, -0.4199]
      d = +1.8194   mirror_depth(perp) = 1.8194 m   view_z = 6.5091 m
      n_inliers = 24992/183083   rms_residual = 0.05436 m

[save] D:\Users\dust\Documents\학교\2026년도1학기\컴퓨터비전\실습\FoundationStereo\experiments\ds_v1_seed0/scandinavian_v43\mirror_geometry\result.json
[save] D:\Users\dust\Documents\학교\2026년도1학기\컴퓨터비전\실습\FoundationStereo\experiments\ds_v1_seed0/scandinavian_v43\mirror_geometry\plane.txt
[save] D:\Users\dust\Documents\학교\2026년도1학기\컴퓨터비전\실습\FoundationStereo\experiments\ds_v1_seed0/scandinavian_v43\mirror_geometry\viz.png

DONE: D:\Users\dust\Documents\학교\2026년도1학기\컴퓨터비전\실습\FoundationStereo\experiments\ds_v1_seed0/scandinavian_v43\mirror_geometry
[ds_v1_seed0/scandinavian_v43] 거울 점 183083개 중 inlier 85890 (46.9%) / outlier 97193
  normal=[-0.456  0.262 -0.851] d=7.923  rms(inlier)=0.0249 m  thr≈0.094 m
[save] D:\Users\dust\Documents\학교\2026년도1학기\컴퓨터비전\실습\FoundationStereo\experiments\ds_v1_seed0/scandinavian_v43\mirror_geometry\ransac_inliers.png
[gt] scandinavian_v43             perp 3.68m planRMS 0.2135m  normal [-0.494, 0.296, -0.817]

생성 1, 건너뜀 0 (depth_gt/mask 없음 등)
[ds_v1_seed0/scandinavian_v43] feature 184x320  mirror_frac=0.19962635869565218  feat_left=True
rank  signal              AUC    pol  sep     mean_in     mean_out
  1  feat_left_l2       0.6241   +  0.2571   18.039607    16.28429
  2  delta_argdisp      0.5918   -  0.1433   40.509954   49.798922
  3  post_entropy       0.5862   +  0.0912    0.729268    0.698499
  4  feat_left_pc1      0.5367   -  0.0001    2.519638    2.520136
  5  post_conf          0.5348   -  0.0656    0.669823    0.685058
  6  pre_conf           0.5227   -  0.0234    0.422379     0.43273
  7  feat_left_pc3      0.5202   +  0.1313    2.220209    1.751632
  8  delta_entropy      0.5168   +  0.0559   -1.065179   -1.155445
  9  feat_left_pc2      0.5123   +   0.071    2.312328    2.045264
 10  pre_entropy        0.5033   -  0.0379    1.794448    1.853944
 11  delta_conf         0.5015   -  0.0097    0.247443    0.252328
BEST: feat_left_l2 (AUC=0.6241, polarity=+)
저장: D:\Users\dust\Documents\학교\2026년도1학기\컴퓨터비전\실습\FoundationStereo\experiments\ds_v1_seed0/scandinavian_v43\features\report.json / panels.png / mirror_signal.npy
[device] cuda
  [train] epoch 60/300  loss=0.5381
  [train] epoch 120/300  loss=0.3510
  [train] epoch 180/300  loss=0.2527
  [train] epoch 240/300  loss=0.1911
  [train] epoch 300/300  loss=0.1492

[VAL] scene=ds_v1_seed0/scandinavian_v43  (pixel 70/30 split)
  AUC      = 0.9909
  IoU@0.5  = 0.8023
  F1@0.5   = 0.8903
  accuracy = 0.9540  (prec=0.8335, rec=0.9554)
  tp=3299 fp=659 fn=154 tn=13552

[save] D:\Users\dust\Documents\학교\2026년도1학기\컴퓨터비전\실습\FoundationStereo\experiments\ds_v1_seed0/scandinavian_v43\submodel
  pred_mask.png, panel.png, metrics.json, head.pt
DONE: D:\Users\dust\Documents\학교\2026년도1학기\컴퓨터비전\실습\FoundationStereo\experiments\ds_v1_seed0/scandinavian_v43\submodel
[device] cuda
[load] D:\Users\dust\Documents\학교\2026년도1학기\컴퓨터비전\실습\FoundationStereo\experiments\_model\general_head.pt  (train_scenes=['archiviz_baseline080', 'bedroom_baseline080', 'blue_bathroom_baseline080', 'computer_room_baseline080', 'cozy_living_room_baseline080', 'flat-archiviz_baseline080', 'green_house_baseline080', 'gym_baseline080', 'livingroom_baseline080', 'minimal_interior_baseline080', 'scandinavian_baseline080', 'sunlight_baseline080'])

[APPLY] ds_v1_seed0/scandinavian_v43  (저장모델로 새 데이터 평가)
  AUC      = 0.9416
  IoU@0.5  = 0.5443
  F1@0.5   = 0.7049
  accuracy = 0.9000  (prec=0.8580, rec=0.5982)
  tp=7031 fp=1164 fn=4723 tn=45962
[save] D:\Users\dust\Documents\학교\2026년도1학기\컴퓨터비전\실습\FoundationStereo\experiments\ds_v1_seed0/scandinavian_v43\submodel_applied  (pred_mask.png, panel.png, metrics.json)

============================================================
STEP: estimate_mirror_plane
============================================================

============================================================
STEP: viz_ransac_inliers
============================================================

============================================================
STEP: make_mirror_gt_from_depth
============================================================

============================================================
STEP: analyze_features
============================================================

============================================================
STEP: submodel_head
============================================================

============================================================
STEP: apply_submodel
============================================================

DONE: D:\Users\dust\Documents\학교\2026년도1학기\컴퓨터비전\실습\FoundationStereo\experiments\ds_v1_seed0/scandinavian_v43 (ok)

##### [111/132] ds_v1_seed0/scandinavian_v44  (done 43, fail 0, skip 67, elapsed 21m, ETA 11m) #####
[scene] ds_v1_seed0/scandinavian_v44  size=1280x720
[select] mirror 점 개수 = 155705  (mask=155705, valid&depth = 908374)
[conf] mirror 영역 평균 confidence = 0.6717

=== 평면 추정 결과 ===
  [PCA (closed form)]
      normal = [-0.1116, -0.9530, -0.2816]
      d = +2.4780   mirror_depth(perp) = 2.4780 m   view_z = 7.1997 m
      n_inliers = 155705/155705   rms_residual = 0.55071 m
  [RANSAC]
      normal = [-0.1662, -0.0966, -0.9814]
      d = +8.4108   mirror_depth(perp) = 8.4108 m   view_z = 7.1997 m
      n_inliers = 60063/155705   rms_residual = 0.03830 m
  [SVD robust (IRLS)]
      normal = [-0.2203, -0.9423, -0.2521]
      d = +2.3448   mirror_depth(perp) = 2.3448 m   view_z = 7.1997 m
      n_inliers = 19522/155705   rms_residual = 0.05144 m

[save] D:\Users\dust\Documents\학교\2026년도1학기\컴퓨터비전\실습\FoundationStereo\experiments\ds_v1_seed0/scandinavian_v44\mirror_geometry\result.json
[save] D:\Users\dust\Documents\학교\2026년도1학기\컴퓨터비전\실습\FoundationStereo\experiments\ds_v1_seed0/scandinavian_v44\mirror_geometry\plane.txt
[save] D:\Users\dust\Documents\학교\2026년도1학기\컴퓨터비전\실습\FoundationStereo\experiments\ds_v1_seed0/scandinavian_v44\mirror_geometry\viz.png

DONE: D:\Users\dust\Documents\학교\2026년도1학기\컴퓨터비전\실습\FoundationStereo\experiments\ds_v1_seed0/scandinavian_v44\mirror_geometry
[ds_v1_seed0/scandinavian_v44] 거울 점 155705개 중 inlier 60063 (38.6%) / outlier 95642
  normal=[-0.166 -0.097 -0.981] d=8.411  rms(inlier)=0.0383 m  thr≈0.087 m
[save] D:\Users\dust\Documents\학교\2026년도1학기\컴퓨터비전\실습\FoundationStereo\experiments\ds_v1_seed0/scandinavian_v44\mirror_geometry\ransac_inliers.png
[gt] scandinavian_v44             perp 3.97m planRMS 0.1618m  normal [-0.458, 0.081, -0.885]

생성 1, 건너뜀 0 (depth_gt/mask 없음 등)
[ds_v1_seed0/scandinavian_v44] feature 184x320  mirror_frac=0.16832540760869566  feat_left=True
rank  signal              AUC    pol  sep     mean_in     mean_out
  1  feat_left_l2       0.8077   +  0.4964   19.813676   15.565565
  2  post_entropy       0.6829   -  0.3442    0.718972    0.844151
  3  delta_argdisp      0.6698   -  0.2871   41.011704   59.092875
  4  post_conf          0.5724   +  0.1394    0.671527    0.639743
  5  delta_conf          0.569   +  0.1201     0.24507     0.18383
  6  feat_left_pc3      0.5644   +  0.1495     2.23278     1.70964
  7  delta_entropy       0.564   -  0.0845   -1.036305   -0.899864
  8  pre_conf           0.5359   -  0.0655    0.426457    0.455912
  9  feat_left_pc2      0.5236   -  0.0187    2.689948    2.608063
 10  pre_entropy        0.5208   +  0.0072    1.755276    1.744015
 11  feat_left_pc1      0.5043   -  0.0604    3.052862    2.683971
BEST: feat_left_l2 (AUC=0.8077, polarity=+)
저장: D:\Users\dust\Documents\학교\2026년도1학기\컴퓨터비전\실습\FoundationStereo\experiments\ds_v1_seed0/scandinavian_v44\features\report.json / panels.png / mirror_signal.npy
[device] cuda
  [train] epoch 60/300  loss=0.4636
  [train] epoch 120/300  loss=0.2959
  [train] epoch 180/300  loss=0.2154
  [train] epoch 240/300  loss=0.1639
  [train] epoch 300/300  loss=0.1291

[VAL] scene=ds_v1_seed0/scandinavian_v44  (pixel 70/30 split)
  AUC      = 0.9939
  IoU@0.5  = 0.7988
  F1@0.5   = 0.8881
  accuracy = 0.9591  (prec=0.8172, rec=0.9725)
  tp=2866 fp=641 fn=81 tn=14076

[save] D:\Users\dust\Documents\학교\2026년도1학기\컴퓨터비전\실습\FoundationStereo\experiments\ds_v1_seed0/scandinavian_v44\submodel
  pred_mask.png, panel.png, metrics.json, head.pt
DONE: D:\Users\dust\Documents\학교\2026년도1학기\컴퓨터비전\실습\FoundationStereo\experiments\ds_v1_seed0/scandinavian_v44\submodel
[device] cuda
[load] D:\Users\dust\Documents\학교\2026년도1학기\컴퓨터비전\실습\FoundationStereo\experiments\_model\general_head.pt  (train_scenes=['archiviz_baseline080', 'bedroom_baseline080', 'blue_bathroom_baseline080', 'computer_room_baseline080', 'cozy_living_room_baseline080', 'flat-archiviz_baseline080', 'green_house_baseline080', 'gym_baseline080', 'livingroom_baseline080', 'minimal_interior_baseline080', 'scandinavian_baseline080', 'sunlight_baseline080'])

[APPLY] ds_v1_seed0/scandinavian_v44  (저장모델로 새 데이터 평가)
  AUC      = 0.8665
  IoU@0.5  = 0.3685
  F1@0.5   = 0.5385
  accuracy = 0.8684  (prec=0.6568, rec=0.4564)
  tp=4523 fp=2363 fn=5388 tn=46606
[save] D:\Users\dust\Documents\학교\2026년도1학기\컴퓨터비전\실습\FoundationStereo\experiments\ds_v1_seed0/scandinavian_v44\submodel_applied  (pred_mask.png, panel.png, metrics.json)

============================================================
STEP: estimate_mirror_plane
============================================================

============================================================
STEP: viz_ransac_inliers
============================================================

============================================================
STEP: make_mirror_gt_from_depth
============================================================

============================================================
STEP: analyze_features
============================================================

============================================================
STEP: submodel_head
============================================================

============================================================
STEP: apply_submodel
============================================================

DONE: D:\Users\dust\Documents\학교\2026년도1학기\컴퓨터비전\실습\FoundationStereo\experiments\ds_v1_seed0/scandinavian_v44 (ok)

##### [112/132] ds_v1_seed0/scandinavian_v45  (done 44, fail 0, skip 67, elapsed 22m, ETA 10m) #####
[scene] ds_v1_seed0/scandinavian_v45  size=1280x720
[select] mirror 점 개수 = 157742  (mask=157742, valid&depth = 899658)
[conf] mirror 영역 평균 confidence = 0.6649

=== 평면 추정 결과 ===
  [PCA (closed form)]
      normal = [+0.0453, -0.9434, -0.3286]
      d = +2.0993   mirror_depth(perp) = 2.0993 m   view_z = 7.2410 m
      n_inliers = 157742/157742   rms_residual = 0.57743 m
  [RANSAC]
      normal = [+0.0332, +0.1472, -0.9886]
      d = +8.3301   mirror_depth(perp) = 8.3301 m   view_z = 7.2410 m
      n_inliers = 79490/157742   rms_residual = 0.03374 m
  [SVD robust (IRLS)]
      normal = [+0.0082, -0.9456, -0.3252]
      d = +2.0328   mirror_depth(perp) = 2.0328 m   view_z = 7.2410 m
      n_inliers = 23696/157742   rms_residual = 0.06050 m

[save] D:\Users\dust\Documents\학교\2026년도1학기\컴퓨터비전\실습\FoundationStereo\experiments\ds_v1_seed0/scandinavian_v45\mirror_geometry\result.json
[save] D:\Users\dust\Documents\학교\2026년도1학기\컴퓨터비전\실습\FoundationStereo\experiments\ds_v1_seed0/scandinavian_v45\mirror_geometry\plane.txt
[save] D:\Users\dust\Documents\학교\2026년도1학기\컴퓨터비전\실습\FoundationStereo\experiments\ds_v1_seed0/scandinavian_v45\mirror_geometry\viz.png

DONE: D:\Users\dust\Documents\학교\2026년도1학기\컴퓨터비전\실습\FoundationStereo\experiments\ds_v1_seed0/scandinavian_v45\mirror_geometry
[ds_v1_seed0/scandinavian_v45] 거울 점 157742개 중 inlier 79490 (50.4%) / outlier 78252
  normal=[ 0.033  0.147 -0.989] d=8.330  rms(inlier)=0.0337 m  thr≈0.103 m
[save] D:\Users\dust\Documents\학교\2026년도1학기\컴퓨터비전\실습\FoundationStereo\experiments\ds_v1_seed0/scandinavian_v45\mirror_geometry\ransac_inliers.png
[gt] scandinavian_v45             perp 3.98m planRMS 0.2374m  normal [-0.23, 0.149, -0.962]

생성 1, 건너뜀 0 (depth_gt/mask 없음 등)
[ds_v1_seed0/scandinavian_v45] feature 184x320  mirror_frac=0.1709069293478261  feat_left=True
rank  signal              AUC    pol  sep     mean_in     mean_out
  1  feat_left_l2       0.7649   +  0.4404   19.290831   15.872166
  2  delta_argdisp      0.6528   -  0.2605   40.652191   56.594137
  3  post_entropy       0.6103   -  0.2242     0.75094     0.84233
  4  post_conf          0.5507   +  0.0929    0.663284    0.641376
  5  pre_entropy        0.5421   -  0.1082    1.732695    1.905201
  6  feat_left_pc2      0.5394   -  0.0473    2.430301    2.608558
  7  pre_conf           0.5321   +  0.0584    0.434745    0.408542
  8  feat_left_pc1      0.5153   -  0.0169    2.805112    2.713838
  9  feat_left_pc3      0.5141   -   0.015    1.892212     1.84277
 10  delta_entropy      0.5137   +  0.0486   -0.981755   -1.062871
 11  delta_conf         0.5082   -  0.0084    0.228539    0.232834
BEST: feat_left_l2 (AUC=0.7649, polarity=+)
저장: D:\Users\dust\Documents\학교\2026년도1학기\컴퓨터비전\실습\FoundationStereo\experiments\ds_v1_seed0/scandinavian_v45\features\report.json / panels.png / mirror_signal.npy
[device] cuda
  [train] epoch 60/300  loss=0.4214
  [train] epoch 120/300  loss=0.2457
  [train] epoch 180/300  loss=0.1710
  [train] epoch 240/300  loss=0.1270
  [train] epoch 300/300  loss=0.0982

[VAL] scene=ds_v1_seed0/scandinavian_v45  (pixel 70/30 split)
  AUC      = 0.9961
  IoU@0.5  = 0.8505
  F1@0.5   = 0.9192
  accuracy = 0.9708  (prec=0.8707, rec=0.9734)
  tp=2929 fp=435 fn=80 tn=14220

[save] D:\Users\dust\Documents\학교\2026년도1학기\컴퓨터비전\실습\FoundationStereo\experiments\ds_v1_seed0/scandinavian_v45\submodel
  pred_mask.png, panel.png, metrics.json, head.pt
DONE: D:\Users\dust\Documents\학교\2026년도1학기\컴퓨터비전\실습\FoundationStereo\experiments\ds_v1_seed0/scandinavian_v45\submodel
[device] cuda
[load] D:\Users\dust\Documents\학교\2026년도1학기\컴퓨터비전\실습\FoundationStereo\experiments\_model\general_head.pt  (train_scenes=['archiviz_baseline080', 'bedroom_baseline080', 'blue_bathroom_baseline080', 'computer_room_baseline080', 'cozy_living_room_baseline080', 'flat-archiviz_baseline080', 'green_house_baseline080', 'gym_baseline080', 'livingroom_baseline080', 'minimal_interior_baseline080', 'scandinavian_baseline080', 'sunlight_baseline080'])

[APPLY] ds_v1_seed0/scandinavian_v45  (저장모델로 새 데이터 평가)
  AUC      = 0.9382
  IoU@0.5  = 0.5541
  F1@0.5   = 0.7131
  accuracy = 0.9195  (prec=0.9118, rec=0.5855)
  tp=5892 fp=570 fn=4171 tn=48247
[save] D:\Users\dust\Documents\학교\2026년도1학기\컴퓨터비전\실습\FoundationStereo\experiments\ds_v1_seed0/scandinavian_v45\submodel_applied  (pred_mask.png, panel.png, metrics.json)

============================================================
STEP: estimate_mirror_plane
============================================================

============================================================
STEP: viz_ransac_inliers
============================================================

============================================================
STEP: make_mirror_gt_from_depth
============================================================

============================================================
STEP: analyze_features
============================================================

============================================================
STEP: submodel_head
============================================================

============================================================
STEP: apply_submodel
============================================================

DONE: D:\Users\dust\Documents\학교\2026년도1학기\컴퓨터비전\실습\FoundationStereo\experiments\ds_v1_seed0/scandinavian_v45 (ok)

##### [113/132] ds_v1_seed0/scandinavian_v46  (done 45, fail 0, skip 67, elapsed 22m, ETA 10m) #####
[scene] ds_v1_seed0/scandinavian_v46  size=1280x720
[select] mirror 점 개수 = 144918  (mask=144918, valid&depth = 896530)
[conf] mirror 영역 평균 confidence = 0.6569

=== 평면 추정 결과 ===
  [PCA (closed form)]
      normal = [+0.0184, -0.9081, -0.4183]
      d = +1.6532   mirror_depth(perp) = 1.6532 m   view_z = 6.9364 m
      n_inliers = 144918/144918   rms_residual = 0.48062 m
  [RANSAC]
      normal = [-0.0768, +0.3147, -0.9461]
      d = +8.2135   mirror_depth(perp) = 8.2135 m   view_z = 6.9364 m
      n_inliers = 66229/144918   rms_residual = 0.02155 m
  [SVD robust (IRLS)]
      normal = [-0.0040, -0.9046, -0.4263]
      d = +1.6336   mirror_depth(perp) = 1.6336 m   view_z = 6.9364 m
      n_inliers = 22980/144918   rms_residual = 0.04672 m

[save] D:\Users\dust\Documents\학교\2026년도1학기\컴퓨터비전\실습\FoundationStereo\experiments\ds_v1_seed0/scandinavian_v46\mirror_geometry\result.json
[save] D:\Users\dust\Documents\학교\2026년도1학기\컴퓨터비전\실습\FoundationStereo\experiments\ds_v1_seed0/scandinavian_v46\mirror_geometry\plane.txt
[save] D:\Users\dust\Documents\학교\2026년도1학기\컴퓨터비전\실습\FoundationStereo\experiments\ds_v1_seed0/scandinavian_v46\mirror_geometry\viz.png

DONE: D:\Users\dust\Documents\학교\2026년도1학기\컴퓨터비전\실습\FoundationStereo\experiments\ds_v1_seed0/scandinavian_v46\mirror_geometry
[ds_v1_seed0/scandinavian_v46] 거울 점 144918개 중 inlier 66229 (45.7%) / outlier 78689
  normal=[-0.077  0.315 -0.946] d=8.214  rms(inlier)=0.0215 m  thr≈0.082 m
[save] D:\Users\dust\Documents\학교\2026년도1학기\컴퓨터비전\실습\FoundationStereo\experiments\ds_v1_seed0/scandinavian_v46\mirror_geometry\ransac_inliers.png
[gt] scandinavian_v46             perp 3.94m planRMS 0.2679m  normal [-0.176, 0.328, -0.928]

생성 1, 건너뜀 0 (depth_gt/mask 없음 등)
[ds_v1_seed0/scandinavian_v46] feature 184x320  mirror_frac=0.1581351902173913  feat_left=True
rank  signal              AUC    pol  sep     mean_in     mean_out
  1  feat_left_l2       0.6716   +  0.3125    18.60969   16.325674
  2  delta_argdisp      0.5887   -  0.1488   41.481366    50.64738
  3  pre_entropy        0.5486   -  0.1232    1.805287    1.994408
  4  delta_entropy      0.5433   +  0.1108   -1.061327   -1.237341
  5  feat_left_pc3      0.5418   +  0.1319    2.159373    1.710555
  6  post_entropy       0.5354   +  0.0328     0.74396    0.757068
  7  delta_conf         0.5284   -  0.0608    0.241412    0.270383
  8  pre_conf           0.5255   +  0.0581    0.415534    0.391267
  9  post_conf          0.5108   -  0.0194    0.656945     0.66165
 10  feat_left_pc2       0.504   +  0.0087    2.331524    2.298377
 11  feat_left_pc1      0.5029   +   0.022    2.564786     2.46065
BEST: feat_left_l2 (AUC=0.6716, polarity=+)
저장: D:\Users\dust\Documents\학교\2026년도1학기\컴퓨터비전\실습\FoundationStereo\experiments\ds_v1_seed0/scandinavian_v46\features\report.json / panels.png / mirror_signal.npy
[device] cuda
  [train] epoch 60/300  loss=0.4825
  [train] epoch 120/300  loss=0.2735
  [train] epoch 180/300  loss=0.1781
  [train] epoch 240/300  loss=0.1238
  [train] epoch 300/300  loss=0.0906

[VAL] scene=ds_v1_seed0/scandinavian_v46  (pixel 70/30 split)
  AUC      = 0.9969
  IoU@0.5  = 0.8747
  F1@0.5   = 0.9332
  accuracy = 0.9778  (prec=0.8906, rec=0.9800)
  tp=2743 fp=337 fn=56 tn=14528

[save] D:\Users\dust\Documents\학교\2026년도1학기\컴퓨터비전\실습\FoundationStereo\experiments\ds_v1_seed0/scandinavian_v46\submodel
  pred_mask.png, panel.png, metrics.json, head.pt
DONE: D:\Users\dust\Documents\학교\2026년도1학기\컴퓨터비전\실습\FoundationStereo\experiments\ds_v1_seed0/scandinavian_v46\submodel
[device] cuda
[load] D:\Users\dust\Documents\학교\2026년도1학기\컴퓨터비전\실습\FoundationStereo\experiments\_model\general_head.pt  (train_scenes=['archiviz_baseline080', 'bedroom_baseline080', 'blue_bathroom_baseline080', 'computer_room_baseline080', 'cozy_living_room_baseline080', 'flat-archiviz_baseline080', 'green_house_baseline080', 'gym_baseline080', 'livingroom_baseline080', 'minimal_interior_baseline080', 'scandinavian_baseline080', 'sunlight_baseline080'])

[APPLY] ds_v1_seed0/scandinavian_v46  (저장모델로 새 데이터 평가)
  AUC      = 0.9632
  IoU@0.5  = 0.6371
  F1@0.5   = 0.7783
  accuracy = 0.9410  (prec=0.9585, rec=0.6551)
  tp=6100 fp=264 fn=3211 tn=49305
[save] D:\Users\dust\Documents\학교\2026년도1학기\컴퓨터비전\실습\FoundationStereo\experiments\ds_v1_seed0/scandinavian_v46\submodel_applied  (pred_mask.png, panel.png, metrics.json)

============================================================
STEP: estimate_mirror_plane
============================================================

============================================================
STEP: viz_ransac_inliers
============================================================

============================================================
STEP: make_mirror_gt_from_depth
============================================================

============================================================
STEP: analyze_features
============================================================

============================================================
STEP: submodel_head
============================================================

============================================================
STEP: apply_submodel
============================================================

DONE: D:\Users\dust\Documents\학교\2026년도1학기\컴퓨터비전\실습\FoundationStereo\experiments\ds_v1_seed0/scandinavian_v46 (ok)

##### [114/132] ds_v1_seed0/scandinavian_v47  (done 46, fail 0, skip 67, elapsed 23m, ETA 9m) #####
[scene] ds_v1_seed0/scandinavian_v47  size=1280x720
[select] mirror 점 개수 = 159621  (mask=159621, valid&depth = 906474)
[conf] mirror 영역 평균 confidence = 0.6684

=== 평면 추정 결과 ===
  [PCA (closed form)]
      normal = [-0.1041, -0.8987, -0.4260]
      d = +1.9001   mirror_depth(perp) = 1.9001 m   view_z = 6.6126 m
      n_inliers = 159621/159621   rms_residual = 0.43978 m
  [RANSAC]
      normal = [-0.5098, +0.3493, -0.7862]
      d = +8.1438   mirror_depth(perp) = 8.1438 m   view_z = 6.6126 m
      n_inliers = 65738/159621   rms_residual = 0.03259 m
  [SVD robust (IRLS)]
      normal = [-0.1712, -0.8978, -0.4058]
      d = +1.8454   mirror_depth(perp) = 1.8454 m   view_z = 6.6126 m
      n_inliers = 22337/159621   rms_residual = 0.05094 m

[save] D:\Users\dust\Documents\학교\2026년도1학기\컴퓨터비전\실습\FoundationStereo\experiments\ds_v1_seed0/scandinavian_v47\mirror_geometry\result.json
[save] D:\Users\dust\Documents\학교\2026년도1학기\컴퓨터비전\실습\FoundationStereo\experiments\ds_v1_seed0/scandinavian_v47\mirror_geometry\plane.txt
[save] D:\Users\dust\Documents\학교\2026년도1학기\컴퓨터비전\실습\FoundationStereo\experiments\ds_v1_seed0/scandinavian_v47\mirror_geometry\viz.png

DONE: D:\Users\dust\Documents\학교\2026년도1학기\컴퓨터비전\실습\FoundationStereo\experiments\ds_v1_seed0/scandinavian_v47\mirror_geometry
[ds_v1_seed0/scandinavian_v47] 거울 점 159621개 중 inlier 65738 (41.2%) / outlier 93883
  normal=[-0.51   0.349 -0.786] d=8.144  rms(inlier)=0.0326 m  thr≈0.088 m
[save] D:\Users\dust\Documents\학교\2026년도1학기\컴퓨터비전\실습\FoundationStereo\experiments\ds_v1_seed0/scandinavian_v47\mirror_geometry\ransac_inliers.png
[gt] scandinavian_v47             perp 3.93m planRMS 0.1902m  normal [-0.561, 0.313, -0.766]

생성 1, 건너뜀 0 (depth_gt/mask 없음 등)
[ds_v1_seed0/scandinavian_v47] feature 184x320  mirror_frac=0.1740149456521739  feat_left=True
rank  signal              AUC    pol  sep     mean_in     mean_out
  1  post_entropy       0.6419   +  0.2093    0.738049    0.670891
  2  feat_left_l2       0.5965   +  0.1864    17.76176   16.668834
  3  feat_left_pc1      0.5933   -   0.152    2.262172    2.773978
  4  delta_argdisp      0.5815   -  0.1264   40.016885   48.117798
  5  post_conf          0.5647   -  0.1174    0.668222    0.695462
  6  pre_conf           0.5408   -  0.0466    0.413765    0.434377
  7  feat_left_pc3      0.5285   +  0.0705    1.922446    1.711937
  8  pre_entropy        0.5252   +   0.003    1.838971    1.834309
  9  feat_left_pc2      0.5163   -  0.0126    2.078291    2.117929
 10  delta_conf         0.5035   -  0.0134    0.254457    0.261084
 11  delta_entropy      0.5025   +   0.039   -1.100921   -1.163417
BEST: post_entropy (AUC=0.6419, polarity=+)
저장: D:\Users\dust\Documents\학교\2026년도1학기\컴퓨터비전\실습\FoundationStereo\experiments\ds_v1_seed0/scandinavian_v47\features\report.json / panels.png / mirror_signal.npy
[device] cuda
  [train] epoch 60/300  loss=0.5930
  [train] epoch 120/300  loss=0.3879
  [train] epoch 180/300  loss=0.2764
  [train] epoch 240/300  loss=0.2093
  [train] epoch 300/300  loss=0.1650

[VAL] scene=ds_v1_seed0/scandinavian_v47  (pixel 70/30 split)
  AUC      = 0.9875
  IoU@0.5  = 0.7591
  F1@0.5   = 0.8630
  accuracy = 0.9484  (prec=0.7948, rec=0.9441)
  tp=2870 fp=741 fn=170 tn=13883

[save] D:\Users\dust\Documents\학교\2026년도1학기\컴퓨터비전\실습\FoundationStereo\experiments\ds_v1_seed0/scandinavian_v47\submodel
  pred_mask.png, panel.png, metrics.json, head.pt
DONE: D:\Users\dust\Documents\학교\2026년도1학기\컴퓨터비전\실습\FoundationStereo\experiments\ds_v1_seed0/scandinavian_v47\submodel
[device] cuda
[load] D:\Users\dust\Documents\학교\2026년도1학기\컴퓨터비전\실습\FoundationStereo\experiments\_model\general_head.pt  (train_scenes=['archiviz_baseline080', 'bedroom_baseline080', 'blue_bathroom_baseline080', 'computer_room_baseline080', 'cozy_living_room_baseline080', 'flat-archiviz_baseline080', 'green_house_baseline080', 'gym_baseline080', 'livingroom_baseline080', 'minimal_interior_baseline080', 'scandinavian_baseline080', 'sunlight_baseline080'])

[APPLY] ds_v1_seed0/scandinavian_v47  (저장모델로 새 데이터 평가)
  AUC      = 0.8952
  IoU@0.5  = 0.4124
  F1@0.5   = 0.5840
  accuracy = 0.8687  (prec=0.6508, rec=0.5297)
  tp=5427 fp=2912 fn=4819 tn=45722
[save] D:\Users\dust\Documents\학교\2026년도1학기\컴퓨터비전\실습\FoundationStereo\experiments\ds_v1_seed0/scandinavian_v47\submodel_applied  (pred_mask.png, panel.png, metrics.json)

============================================================
STEP: estimate_mirror_plane
============================================================

============================================================
STEP: viz_ransac_inliers
============================================================

============================================================
STEP: make_mirror_gt_from_depth
============================================================

============================================================
STEP: analyze_features
============================================================

============================================================
STEP: submodel_head
============================================================

============================================================
STEP: apply_submodel
============================================================

DONE: D:\Users\dust\Documents\학교\2026년도1학기\컴퓨터비전\실습\FoundationStereo\experiments\ds_v1_seed0/scandinavian_v47 (ok)

##### [115/132] ds_v1_seed0/scandinavian_v48  (done 47, fail 0, skip 67, elapsed 23m, ETA 9m) #####
[scene] ds_v1_seed0/scandinavian_v48  size=1280x720
[select] mirror 점 개수 = 151941  (mask=151941, valid&depth = 900254)
[conf] mirror 영역 평균 confidence = 0.6710

=== 평면 추정 결과 ===
  [PCA (closed form)]
      normal = [-0.0052, -0.8931, -0.4498]
      d = +2.3311   mirror_depth(perp) = 2.3311 m   view_z = 7.3177 m
      n_inliers = 151941/151941   rms_residual = 0.56640 m
  [RANSAC]
      normal = [-0.0055, +0.1812, -0.9834]
      d = +8.4181   mirror_depth(perp) = 8.4181 m   view_z = 7.3177 m
      n_inliers = 69727/151941   rms_residual = 0.03887 m
  [SVD robust (IRLS)]
      normal = [-0.0870, -0.8902, -0.4472]
      d = +2.2424   mirror_depth(perp) = 2.2424 m   view_z = 7.3177 m
      n_inliers = 26417/151941   rms_residual = 0.06618 m

[save] D:\Users\dust\Documents\학교\2026년도1학기\컴퓨터비전\실습\FoundationStereo\experiments\ds_v1_seed0/scandinavian_v48\mirror_geometry\result.json
[save] D:\Users\dust\Documents\학교\2026년도1학기\컴퓨터비전\실습\FoundationStereo\experiments\ds_v1_seed0/scandinavian_v48\mirror_geometry\plane.txt
[save] D:\Users\dust\Documents\학교\2026년도1학기\컴퓨터비전\실습\FoundationStereo\experiments\ds_v1_seed0/scandinavian_v48\mirror_geometry\viz.png

DONE: D:\Users\dust\Documents\학교\2026년도1학기\컴퓨터비전\실습\FoundationStereo\experiments\ds_v1_seed0/scandinavian_v48\mirror_geometry
[ds_v1_seed0/scandinavian_v48] 거울 점 151941개 중 inlier 69727 (45.9%) / outlier 82214
  normal=[-0.006  0.181 -0.983] d=8.418  rms(inlier)=0.0389 m  thr≈0.112 m
[save] D:\Users\dust\Documents\학교\2026년도1학기\컴퓨터비전\실습\FoundationStereo\experiments\ds_v1_seed0/scandinavian_v48\mirror_geometry\ransac_inliers.png
[gt] scandinavian_v48             perp 4.02m planRMS 0.1906m  normal [-0.258, 0.228, -0.939]

생성 1, 건너뜀 0 (depth_gt/mask 없음 등)
[ds_v1_seed0/scandinavian_v48] feature 184x320  mirror_frac=0.1650985054347826  feat_left=True
rank  signal              AUC    pol  sep     mean_in     mean_out
  1  feat_left_l2       0.7125   +  0.3769   18.847536   16.272215
  2  delta_argdisp      0.5988   -  0.1539     44.6344   54.299294
  3  pre_entropy        0.5786   -  0.1765    1.717905    1.986763
  4  pre_conf            0.563   +  0.1192     0.43857    0.388283
  5  delta_entropy      0.5575   +  0.1399   -0.992178   -1.213621
  6  feat_left_pc3      0.5403   +  0.1188    2.118159    1.751532
  7  delta_conf         0.5353   -  0.0754     0.23299     0.26973
  8  post_conf          0.5314   +  0.0575     0.67156    0.658014
  9  post_entropy       0.5281   -  0.1252    0.725727    0.773142
 10  feat_left_pc1      0.5078   +  0.0126    2.650315    2.595163
 11  feat_left_pc2       0.506   +  0.0007    2.372031    2.369605
BEST: feat_left_l2 (AUC=0.7125, polarity=+)
저장: D:\Users\dust\Documents\학교\2026년도1학기\컴퓨터비전\실습\FoundationStereo\experiments\ds_v1_seed0/scandinavian_v48\features\report.json / panels.png / mirror_signal.npy
[device] cuda
  [train] epoch 60/300  loss=0.4745
  [train] epoch 120/300  loss=0.2802
  [train] epoch 180/300  loss=0.1863
  [train] epoch 240/300  loss=0.1315
  [train] epoch 300/300  loss=0.0965

[VAL] scene=ds_v1_seed0/scandinavian_v48  (pixel 70/30 split)
  AUC      = 0.9971
  IoU@0.5  = 0.8757
  F1@0.5   = 0.9337
  accuracy = 0.9772  (prec=0.8905, rec=0.9813)
  tp=2839 fp=349 fn=54 tn=14422

[save] D:\Users\dust\Documents\학교\2026년도1학기\컴퓨터비전\실습\FoundationStereo\experiments\ds_v1_seed0/scandinavian_v48\submodel
  pred_mask.png, panel.png, metrics.json, head.pt
DONE: D:\Users\dust\Documents\학교\2026년도1학기\컴퓨터비전\실습\FoundationStereo\experiments\ds_v1_seed0/scandinavian_v48\submodel
[device] cuda
[load] D:\Users\dust\Documents\학교\2026년도1학기\컴퓨터비전\실습\FoundationStereo\experiments\_model\general_head.pt  (train_scenes=['archiviz_baseline080', 'bedroom_baseline080', 'blue_bathroom_baseline080', 'computer_room_baseline080', 'cozy_living_room_baseline080', 'flat-archiviz_baseline080', 'green_house_baseline080', 'gym_baseline080', 'livingroom_baseline080', 'minimal_interior_baseline080', 'scandinavian_baseline080', 'sunlight_baseline080'])

[APPLY] ds_v1_seed0/scandinavian_v48  (저장모델로 새 데이터 평가)
  AUC      = 0.9500
  IoU@0.5  = 0.5206
  F1@0.5   = 0.6847
  accuracy = 0.9175  (prec=0.9279, rec=0.5425)
  tp=5274 fp=410 fn=4447 tn=48749
[save] D:\Users\dust\Documents\학교\2026년도1학기\컴퓨터비전\실습\FoundationStereo\experiments\ds_v1_seed0/scandinavian_v48\submodel_applied  (pred_mask.png, panel.png, metrics.json)

============================================================
STEP: estimate_mirror_plane
============================================================

============================================================
STEP: viz_ransac_inliers
============================================================

============================================================
STEP: make_mirror_gt_from_depth
============================================================

============================================================
STEP: analyze_features
============================================================

============================================================
STEP: submodel_head
============================================================

============================================================
STEP: apply_submodel
============================================================

DONE: D:\Users\dust\Documents\학교\2026년도1학기\컴퓨터비전\실습\FoundationStereo\experiments\ds_v1_seed0/scandinavian_v48 (ok)

##### [116/132] ds_v1_seed0/scandinavian_v49  (done 48, fail 0, skip 67, elapsed 24m, ETA 8m) #####
[scene] ds_v1_seed0/scandinavian_v49  size=1280x720
[select] mirror 점 개수 = 153709  (mask=153709, valid&depth = 906440)
[conf] mirror 영역 평균 confidence = 0.6690

=== 평면 추정 결과 ===
  [PCA (closed form)]
      normal = [-0.1797, -0.9228, -0.3408]
      d = +2.3039   mirror_depth(perp) = 2.3039 m   view_z = 7.3234 m
      n_inliers = 153709/153709   rms_residual = 0.56437 m
  [RANSAC]
      normal = [-0.3166, +0.2134, -0.9242]
      d = +8.2168   mirror_depth(perp) = 8.2168 m   view_z = 7.3234 m
      n_inliers = 70030/153709   rms_residual = 0.03774 m
  [SVD robust (IRLS)]
      normal = [-0.2757, -0.9012, -0.3345]
      d = +2.2848   mirror_depth(perp) = 2.2848 m   view_z = 7.3234 m
      n_inliers = 21429/153709   rms_residual = 0.06033 m

[save] D:\Users\dust\Documents\학교\2026년도1학기\컴퓨터비전\실습\FoundationStereo\experiments\ds_v1_seed0/scandinavian_v49\mirror_geometry\result.json
[save] D:\Users\dust\Documents\학교\2026년도1학기\컴퓨터비전\실습\FoundationStereo\experiments\ds_v1_seed0/scandinavian_v49\mirror_geometry\plane.txt
[save] D:\Users\dust\Documents\학교\2026년도1학기\컴퓨터비전\실습\FoundationStereo\experiments\ds_v1_seed0/scandinavian_v49\mirror_geometry\viz.png

DONE: D:\Users\dust\Documents\학교\2026년도1학기\컴퓨터비전\실습\FoundationStereo\experiments\ds_v1_seed0/scandinavian_v49\mirror_geometry
[ds_v1_seed0/scandinavian_v49] 거울 점 153709개 중 inlier 70030 (45.6%) / outlier 83679
  normal=[-0.317  0.213 -0.924] d=8.217  rms(inlier)=0.0377 m  thr≈0.105 m
[save] D:\Users\dust\Documents\학교\2026년도1학기\컴퓨터비전\실습\FoundationStereo\experiments\ds_v1_seed0/scandinavian_v49\mirror_geometry\ransac_inliers.png
[gt] scandinavian_v49             perp 3.98m planRMS 0.1811m  normal [-0.37, 0.172, -0.913]

생성 1, 건너뜀 0 (depth_gt/mask 없음 등)
[ds_v1_seed0/scandinavian_v49] feature 184x320  mirror_frac=0.16638926630434783  feat_left=True
rank  signal              AUC    pol  sep     mean_in     mean_out
  1  feat_left_l2       0.7569   +  0.4246   19.112542   15.966534
  2  delta_argdisp      0.6098   -  0.1793   42.683168   53.934906
  3  post_entropy        0.572   -  0.1735    0.737176    0.802549
  4  post_conf          0.5501   +  0.0871    0.669139    0.648659
  5  pre_entropy        0.5316   -  0.0827    1.787726    1.915274
  6  feat_left_pc2        0.53   -  0.0446    2.365648    2.535005
  7  feat_left_pc1      0.5264   -   0.026    2.581883    2.711881
  8  feat_left_pc3      0.5172   -  0.0001    1.818571    1.818321
  9  delta_conf         0.5157   +  0.0289    0.252358    0.237912
 10  pre_conf           0.5122   +   0.014    0.416781    0.410747
 11  delta_entropy      0.5075   +  0.0388    -1.05055   -1.112725
BEST: feat_left_l2 (AUC=0.7569, polarity=+)
저장: D:\Users\dust\Documents\학교\2026년도1학기\컴퓨터비전\실습\FoundationStereo\experiments\ds_v1_seed0/scandinavian_v49\features\report.json / panels.png / mirror_signal.npy
[device] cuda
  [train] epoch 60/300  loss=0.4579
  [train] epoch 120/300  loss=0.2880
  [train] epoch 180/300  loss=0.2045
  [train] epoch 240/300  loss=0.1507
  [train] epoch 300/300  loss=0.1142

[VAL] scene=ds_v1_seed0/scandinavian_v49  (pixel 70/30 split)
  AUC      = 0.9957
  IoU@0.5  = 0.8242
  F1@0.5   = 0.9036
  accuracy = 0.9658  (prec=0.8429, rec=0.9739)
  tp=2832 fp=528 fn=76 tn=14228

[save] D:\Users\dust\Documents\학교\2026년도1학기\컴퓨터비전\실습\FoundationStereo\experiments\ds_v1_seed0/scandinavian_v49\submodel
  pred_mask.png, panel.png, metrics.json, head.pt
DONE: D:\Users\dust\Documents\학교\2026년도1학기\컴퓨터비전\실습\FoundationStereo\experiments\ds_v1_seed0/scandinavian_v49\submodel
[device] cuda
[load] D:\Users\dust\Documents\학교\2026년도1학기\컴퓨터비전\실습\FoundationStereo\experiments\_model\general_head.pt  (train_scenes=['archiviz_baseline080', 'bedroom_baseline080', 'blue_bathroom_baseline080', 'computer_room_baseline080', 'cozy_living_room_baseline080', 'flat-archiviz_baseline080', 'green_house_baseline080', 'gym_baseline080', 'livingroom_baseline080', 'minimal_interior_baseline080', 'scandinavian_baseline080', 'sunlight_baseline080'])

[APPLY] ds_v1_seed0/scandinavian_v49  (저장모델로 새 데이터 평가)
  AUC      = 0.9343
  IoU@0.5  = 0.5390
  F1@0.5   = 0.7005
  accuracy = 0.9131  (prec=0.8212, rec=0.6107)
  tp=5983 fp=1303 fn=3814 tn=47780
[save] D:\Users\dust\Documents\학교\2026년도1학기\컴퓨터비전\실습\FoundationStereo\experiments\ds_v1_seed0/scandinavian_v49\submodel_applied  (pred_mask.png, panel.png, metrics.json)

============================================================
STEP: estimate_mirror_plane
============================================================

============================================================
STEP: viz_ransac_inliers
============================================================

============================================================
STEP: make_mirror_gt_from_depth
============================================================

============================================================
STEP: analyze_features
============================================================

============================================================
STEP: submodel_head
============================================================

============================================================
STEP: apply_submodel
============================================================

DONE: D:\Users\dust\Documents\학교\2026년도1학기\컴퓨터비전\실습\FoundationStereo\experiments\ds_v1_seed0/scandinavian_v49 (ok)

##### [117/132] ds_v1_seed0/scandinavian_v50  (done 49, fail 0, skip 67, elapsed 24m, ETA 8m) #####
[scene] ds_v1_seed0/scandinavian_v50  size=1280x720
[select] mirror 점 개수 = 133475  (mask=133475, valid&depth = 897898)
[conf] mirror 영역 평균 confidence = 0.6367

=== 평면 추정 결과 ===
  [PCA (closed form)]
      normal = [+0.0231, -0.9042, -0.4264]
      d = +1.6717   mirror_depth(perp) = 1.6717 m   view_z = 6.9382 m
      n_inliers = 133475/133475   rms_residual = 0.42812 m
  [RANSAC]
      normal = [-0.0593, +0.3214, -0.9451]
      d = +8.3887   mirror_depth(perp) = 8.3887 m   view_z = 6.9382 m
      n_inliers = 50334/133475   rms_residual = 0.03210 m
  [SVD robust (IRLS)]
      normal = [-0.0259, -0.8993, -0.4365]
      d = +1.6269   mirror_depth(perp) = 1.6269 m   view_z = 6.9382 m
      n_inliers = 18783/133475   rms_residual = 0.04795 m

[save] D:\Users\dust\Documents\학교\2026년도1학기\컴퓨터비전\실습\FoundationStereo\experiments\ds_v1_seed0/scandinavian_v50\mirror_geometry\result.json
[save] D:\Users\dust\Documents\학교\2026년도1학기\컴퓨터비전\실습\FoundationStereo\experiments\ds_v1_seed0/scandinavian_v50\mirror_geometry\plane.txt
[save] D:\Users\dust\Documents\학교\2026년도1학기\컴퓨터비전\실습\FoundationStereo\experiments\ds_v1_seed0/scandinavian_v50\mirror_geometry\viz.png

DONE: D:\Users\dust\Documents\학교\2026년도1학기\컴퓨터비전\실습\FoundationStereo\experiments\ds_v1_seed0/scandinavian_v50\mirror_geometry
[ds_v1_seed0/scandinavian_v50] 거울 점 133475개 중 inlier 50334 (37.7%) / outlier 83141
  normal=[-0.059  0.321 -0.945] d=8.389  rms(inlier)=0.0321 m  thr≈0.080 m
[save] D:\Users\dust\Documents\학교\2026년도1학기\컴퓨터비전\실습\FoundationStereo\experiments\ds_v1_seed0/scandinavian_v50\mirror_geometry\ransac_inliers.png
[gt] scandinavian_v50             perp 3.99m planRMS 0.2551m  normal [-0.139, 0.351, -0.926]

생성 1, 건너뜀 0 (depth_gt/mask 없음 등)
[ds_v1_seed0/scandinavian_v50] feature 184x320  mirror_frac=0.14568614130434782  feat_left=True
rank  signal              AUC    pol  sep     mean_in     mean_out
  1  feat_left_l2       0.6977   +  0.3545   18.865935   16.454963
  2  delta_argdisp      0.5738   -  0.1211   43.128701   50.587949
  3  feat_left_pc3      0.5716   +  0.1651     2.16936    1.664001
  4  post_conf          0.5669   -  0.1391     0.63625    0.668622
  5  post_entropy       0.5625   +  0.0633    0.761912    0.738066
  6  delta_conf         0.5435   -  0.0734    0.229808    0.265359
  7  delta_entropy      0.5276   +  0.0764   -1.087148   -1.209214
  8  feat_left_pc1      0.5232   -  0.0514    2.376875    2.588471
  9  pre_entropy        0.5175   -  0.0632     1.84906     1.94728
 10  feat_left_pc2      0.5148   -  0.0374    2.214146     2.35043
 11  pre_conf           0.5033   +  0.0074    0.406442    0.403263
BEST: feat_left_l2 (AUC=0.6977, polarity=+)
저장: D:\Users\dust\Documents\학교\2026년도1학기\컴퓨터비전\실습\FoundationStereo\experiments\ds_v1_seed0/scandinavian_v50\features\report.json / panels.png / mirror_signal.npy
[device] cuda
  [train] epoch 60/300  loss=0.4723
  [train] epoch 120/300  loss=0.2657
  [train] epoch 180/300  loss=0.1777
  [train] epoch 240/300  loss=0.1276
  [train] epoch 300/300  loss=0.0956

[VAL] scene=ds_v1_seed0/scandinavian_v50  (pixel 70/30 split)
  AUC      = 0.9953
  IoU@0.5  = 0.8358
  F1@0.5   = 0.9105
  accuracy = 0.9720  (prec=0.8583, rec=0.9696)
  tp=2519 fp=416 fn=79 tn=14650

[save] D:\Users\dust\Documents\학교\2026년도1학기\컴퓨터비전\실습\FoundationStereo\experiments\ds_v1_seed0/scandinavian_v50\submodel
  pred_mask.png, panel.png, metrics.json, head.pt
DONE: D:\Users\dust\Documents\학교\2026년도1학기\컴퓨터비전\실습\FoundationStereo\experiments\ds_v1_seed0/scandinavian_v50\submodel
[device] cuda
[load] D:\Users\dust\Documents\학교\2026년도1학기\컴퓨터비전\실습\FoundationStereo\experiments\_model\general_head.pt  (train_scenes=['archiviz_baseline080', 'bedroom_baseline080', 'blue_bathroom_baseline080', 'computer_room_baseline080', 'cozy_living_room_baseline080', 'flat-archiviz_baseline080', 'green_house_baseline080', 'gym_baseline080', 'livingroom_baseline080', 'minimal_interior_baseline080', 'scandinavian_baseline080', 'sunlight_baseline080'])

[APPLY] ds_v1_seed0/scandinavian_v50  (저장모델로 새 데이터 평가)
  AUC      = 0.9587
  IoU@0.5  = 0.5821
  F1@0.5   = 0.7359
  accuracy = 0.9353  (prec=0.9074, rec=0.6189)
  tp=5309 fp=542 fn=3269 tn=49760
[save] D:\Users\dust\Documents\학교\2026년도1학기\컴퓨터비전\실습\FoundationStereo\experiments\ds_v1_seed0/scandinavian_v50\submodel_applied  (pred_mask.png, panel.png, metrics.json)

============================================================
STEP: estimate_mirror_plane
============================================================

============================================================
STEP: viz_ransac_inliers
============================================================

============================================================
STEP: make_mirror_gt_from_depth
============================================================

============================================================
STEP: analyze_features
============================================================

============================================================
STEP: submodel_head
============================================================

============================================================
STEP: apply_submodel
============================================================

DONE: D:\Users\dust\Documents\학교\2026년도1학기\컴퓨터비전\실습\FoundationStereo\experiments\ds_v1_seed0/scandinavian_v50 (ok)

##### [118/132] ds_v1_seed0/scandinavian_v51  (done 50, fail 0, skip 67, elapsed 25m, ETA 7m) #####
[scene] ds_v1_seed0/scandinavian_v51  size=1280x720
[select] mirror 점 개수 = 219802  (mask=219802, valid&depth = 909128)
[conf] mirror 영역 평균 confidence = 0.6551

=== 평면 추정 결과 ===
  [PCA (closed form)]
      normal = [-0.1424, -0.9456, -0.2925]
      d = +2.1800   mirror_depth(perp) = 2.1800 m   view_z = 6.5478 m
      n_inliers = 219802/219802   rms_residual = 0.60488 m
  [RANSAC]
      normal = [-0.4539, +0.0693, -0.8883]
      d = +7.8381   mirror_depth(perp) = 7.8381 m   view_z = 6.5478 m
      n_inliers = 124248/219802   rms_residual = 0.13801 m
  [SVD robust (IRLS)]
      normal = [-0.2270, -0.9282, -0.2950]
      d = +2.3838   mirror_depth(perp) = 2.3838 m   view_z = 6.5478 m
      n_inliers = 109215/219802   rms_residual = 0.25516 m

[save] D:\Users\dust\Documents\학교\2026년도1학기\컴퓨터비전\실습\FoundationStereo\experiments\ds_v1_seed0/scandinavian_v51\mirror_geometry\result.json
[save] D:\Users\dust\Documents\학교\2026년도1학기\컴퓨터비전\실습\FoundationStereo\experiments\ds_v1_seed0/scandinavian_v51\mirror_geometry\plane.txt
[save] D:\Users\dust\Documents\학교\2026년도1학기\컴퓨터비전\실습\FoundationStereo\experiments\ds_v1_seed0/scandinavian_v51\mirror_geometry\viz.png

DONE: D:\Users\dust\Documents\학교\2026년도1학기\컴퓨터비전\실습\FoundationStereo\experiments\ds_v1_seed0/scandinavian_v51\mirror_geometry
[ds_v1_seed0/scandinavian_v51] 거울 점 219802개 중 inlier 124248 (56.5%) / outlier 95554
  normal=[-0.454  0.069 -0.888] d=7.838  rms(inlier)=0.1380 m  thr≈0.435 m
[save] D:\Users\dust\Documents\학교\2026년도1학기\컴퓨터비전\실습\FoundationStereo\experiments\ds_v1_seed0/scandinavian_v51\mirror_geometry\ransac_inliers.png
[gt] scandinavian_v51             perp 3.61m planRMS 0.1846m  normal [-0.545, 0.109, -0.831]

생성 1, 건너뜀 0 (depth_gt/mask 없음 등)
[ds_v1_seed0/scandinavian_v51] feature 184x320  mirror_frac=0.2386209239130435  feat_left=True
rank  signal              AUC    pol  sep     mean_in     mean_out
  1  feat_left_l2       0.7043   +  0.3602   18.617664   15.889418
  2  delta_argdisp      0.6256   -  0.2064   42.115302   55.594089
  3  delta_conf         0.5712   +    0.12    0.250837    0.191158
  4  pre_conf           0.5683   -  0.1122    0.404377    0.453624
  5  delta_entropy      0.5678   -   0.087   -1.088396   -0.950342
  6  pre_entropy        0.5539   +  0.0593    1.835726    1.745432
  7  post_entropy       0.5476   -  0.1248     0.74733     0.79509
  8  feat_left_pc1      0.5314   -  0.0245    2.770439    2.643918
  9  post_conf          0.5247   +  0.0451    0.655214    0.644782
 10  feat_left_pc2      0.5175   +  0.0827    2.607556    2.253891
 11  feat_left_pc3      0.5108   +  0.0901    2.216786    1.923084
BEST: feat_left_l2 (AUC=0.7043, polarity=+)
저장: D:\Users\dust\Documents\학교\2026년도1학기\컴퓨터비전\실습\FoundationStereo\experiments\ds_v1_seed0/scandinavian_v51\features\report.json / panels.png / mirror_signal.npy
[device] cuda
  [train] epoch 60/300  loss=0.5571
  [train] epoch 120/300  loss=0.3809
  [train] epoch 180/300  loss=0.2853
  [train] epoch 240/300  loss=0.2276
  [train] epoch 300/300  loss=0.1882

[VAL] scene=ds_v1_seed0/scandinavian_v51  (pixel 70/30 split)
  AUC      = 0.9854
  IoU@0.5  = 0.7795
  F1@0.5   = 0.8761
  accuracy = 0.9372  (prec=0.8158, rec=0.9460)
  tp=3925 fp=886 fn=224 tn=12629

[save] D:\Users\dust\Documents\학교\2026년도1학기\컴퓨터비전\실습\FoundationStereo\experiments\ds_v1_seed0/scandinavian_v51\submodel
  pred_mask.png, panel.png, metrics.json, head.pt
DONE: D:\Users\dust\Documents\학교\2026년도1학기\컴퓨터비전\실습\FoundationStereo\experiments\ds_v1_seed0/scandinavian_v51\submodel
[device] cuda
[load] D:\Users\dust\Documents\학교\2026년도1학기\컴퓨터비전\실습\FoundationStereo\experiments\_model\general_head.pt  (train_scenes=['archiviz_baseline080', 'bedroom_baseline080', 'blue_bathroom_baseline080', 'computer_room_baseline080', 'cozy_living_room_baseline080', 'flat-archiviz_baseline080', 'green_house_baseline080', 'gym_baseline080', 'livingroom_baseline080', 'minimal_interior_baseline080', 'scandinavian_baseline080', 'sunlight_baseline080'])

[APPLY] ds_v1_seed0/scandinavian_v51  (저장모델로 새 데이터 평가)
  AUC      = 0.8104
  IoU@0.5  = 0.2944
  F1@0.5   = 0.4549
  accuracy = 0.8048  (prec=0.6818, rec=0.3413)
  tp=4795 fp=2238 fn=9255 tn=42592
[save] D:\Users\dust\Documents\학교\2026년도1학기\컴퓨터비전\실습\FoundationStereo\experiments\ds_v1_seed0/scandinavian_v51\submodel_applied  (pred_mask.png, panel.png, metrics.json)

============================================================
STEP: estimate_mirror_plane
============================================================

============================================================
STEP: viz_ransac_inliers
============================================================

============================================================
STEP: make_mirror_gt_from_depth
============================================================

============================================================
STEP: analyze_features
============================================================

============================================================
STEP: submodel_head
============================================================

============================================================
STEP: apply_submodel
============================================================

DONE: D:\Users\dust\Documents\학교\2026년도1학기\컴퓨터비전\실습\FoundationStereo\experiments\ds_v1_seed0/scandinavian_v51 (ok)

##### [119/132] ds_v1_seed0/scandinavian_v52  (done 51, fail 0, skip 67, elapsed 25m, ETA 7m) #####
[scene] ds_v1_seed0/scandinavian_v52  size=1280x720
[select] mirror 점 개수 = 191158  (mask=191158, valid&depth = 906935)
[conf] mirror 영역 평균 confidence = 0.6603

=== 평면 추정 결과 ===
  [PCA (closed form)]
      normal = [-0.0672, -0.9422, -0.3283]
      d = +2.0502   mirror_depth(perp) = 2.0502 m   view_z = 6.8597 m
      n_inliers = 191158/191158   rms_residual = 0.58329 m
  [RANSAC]
      normal = [-0.3951, +0.1736, -0.9021]
      d = +8.0682   mirror_depth(perp) = 8.0682 m   view_z = 6.8597 m
      n_inliers = 93701/191158   rms_residual = 0.03135 m
  [SVD robust (IRLS)]
      normal = [-0.0888, -0.9425, -0.3223]
      d = +2.0108   mirror_depth(perp) = 2.0108 m   view_z = 6.8597 m
      n_inliers = 26603/191158   rms_residual = 0.05128 m

[save] D:\Users\dust\Documents\학교\2026년도1학기\컴퓨터비전\실습\FoundationStereo\experiments\ds_v1_seed0/scandinavian_v52\mirror_geometry\result.json
[save] D:\Users\dust\Documents\학교\2026년도1학기\컴퓨터비전\실습\FoundationStereo\experiments\ds_v1_seed0/scandinavian_v52\mirror_geometry\plane.txt
[save] D:\Users\dust\Documents\학교\2026년도1학기\컴퓨터비전\실습\FoundationStereo\experiments\ds_v1_seed0/scandinavian_v52\mirror_geometry\viz.png

DONE: D:\Users\dust\Documents\학교\2026년도1학기\컴퓨터비전\실습\FoundationStereo\experiments\ds_v1_seed0/scandinavian_v52\mirror_geometry
[ds_v1_seed0/scandinavian_v52] 거울 점 191158개 중 inlier 93701 (49.0%) / outlier 97457
  normal=[-0.395  0.174 -0.902] d=8.068  rms(inlier)=0.0313 m  thr≈0.086 m
[save] D:\Users\dust\Documents\학교\2026년도1학기\컴퓨터비전\실습\FoundationStereo\experiments\ds_v1_seed0/scandinavian_v52\mirror_geometry\ransac_inliers.png
[gt] scandinavian_v52             perp 3.85m planRMS 0.2414m  normal [-0.428, 0.156, -0.89]

생성 1, 건너뜀 0 (depth_gt/mask 없음 등)
[ds_v1_seed0/scandinavian_v52] feature 184x320  mirror_frac=0.20759171195652174  feat_left=True
rank  signal              AUC    pol  sep     mean_in     mean_out
  1  feat_left_l2       0.7095   +  0.3666   18.801498   15.998855
  2  delta_argdisp       0.638   -  0.2242   41.214105   55.650963
  3  post_entropy       0.5904   -  0.1765    0.744234    0.814033
  4  post_conf          0.5641   +  0.1134    0.659904    0.632812
  5  delta_conf         0.5523   +  0.0856    0.240978    0.198787
  6  delta_entropy      0.5321   -  0.0238   -1.042051   -1.004182
  7  pre_conf           0.5309   -   0.035    0.418926    0.434025
  8  feat_left_pc1       0.516   -  0.0181    2.738922      2.6465
  9  pre_entropy        0.5111   +  0.0209    1.786284    1.818215
 10  feat_left_pc3      0.5111   -  0.0577    2.085699    1.891554
 11  feat_left_pc2      0.5095   +  0.0479    2.534977    2.335198
BEST: feat_left_l2 (AUC=0.7095, polarity=+)
저장: D:\Users\dust\Documents\학교\2026년도1학기\컴퓨터비전\실습\FoundationStereo\experiments\ds_v1_seed0/scandinavian_v52\features\report.json / panels.png / mirror_signal.npy
[device] cuda
  [train] epoch 60/300  loss=0.5113
  [train] epoch 120/300  loss=0.3317
  [train] epoch 180/300  loss=0.2429
  [train] epoch 240/300  loss=0.1860
  [train] epoch 300/300  loss=0.1465

[VAL] scene=ds_v1_seed0/scandinavian_v52  (pixel 70/30 split)
  AUC      = 0.9910
  IoU@0.5  = 0.7952
  F1@0.5   = 0.8859
  accuracy = 0.9498  (prec=0.8205, rec=0.9625)
  tp=3443 fp=753 fn=134 tn=13334

[save] D:\Users\dust\Documents\학교\2026년도1학기\컴퓨터비전\실습\FoundationStereo\experiments\ds_v1_seed0/scandinavian_v52\submodel
  pred_mask.png, panel.png, metrics.json, head.pt
DONE: D:\Users\dust\Documents\학교\2026년도1학기\컴퓨터비전\실습\FoundationStereo\experiments\ds_v1_seed0/scandinavian_v52\submodel
[device] cuda
[load] D:\Users\dust\Documents\학교\2026년도1학기\컴퓨터비전\실습\FoundationStereo\experiments\_model\general_head.pt  (train_scenes=['archiviz_baseline080', 'bedroom_baseline080', 'blue_bathroom_baseline080', 'computer_room_baseline080', 'cozy_living_room_baseline080', 'flat-archiviz_baseline080', 'green_house_baseline080', 'gym_baseline080', 'livingroom_baseline080', 'minimal_interior_baseline080', 'scandinavian_baseline080', 'sunlight_baseline080'])

[APPLY] ds_v1_seed0/scandinavian_v52  (저장모델로 새 데이터 평가)
  AUC      = 0.8834
  IoU@0.5  = 0.4261
  F1@0.5   = 0.5976
  accuracy = 0.8695  (prec=0.8303, rec=0.4667)
  tp=5705 fp=1166 fn=6518 tn=45491
[save] D:\Users\dust\Documents\학교\2026년도1학기\컴퓨터비전\실습\FoundationStereo\experiments\ds_v1_seed0/scandinavian_v52\submodel_applied  (pred_mask.png, panel.png, metrics.json)

============================================================
STEP: estimate_mirror_plane
============================================================

============================================================
STEP: viz_ransac_inliers
============================================================

============================================================
STEP: make_mirror_gt_from_depth
============================================================

============================================================
STEP: analyze_features
============================================================

============================================================
STEP: submodel_head
============================================================

============================================================
STEP: apply_submodel
============================================================

DONE: D:\Users\dust\Documents\학교\2026년도1학기\컴퓨터비전\실습\FoundationStereo\experiments\ds_v1_seed0/scandinavian_v52 (ok)

##### [120/132] ds_v1_seed0/scandinavian_v53  (done 52, fail 0, skip 67, elapsed 26m, ETA 6m) #####
[scene] ds_v1_seed0/scandinavian_v53  size=1280x720
[select] mirror 점 개수 = 150020  (mask=150020, valid&depth = 901745)
[conf] mirror 영역 평균 confidence = 0.6590

=== 평면 추정 결과 ===
  [PCA (closed form)]
      normal = [-0.0224, -0.8751, -0.4833]
      d = +2.2315   mirror_depth(perp) = 2.2315 m   view_z = 6.9505 m
      n_inliers = 150020/150020   rms_residual = 0.46894 m
  [RANSAC]
      normal = [-0.0407, +0.2351, -0.9711]
      d = +8.2360   mirror_depth(perp) = 8.2360 m   view_z = 6.9505 m
      n_inliers = 63195/150020   rms_residual = 0.03217 m
  [SVD robust (IRLS)]
      normal = [-0.0987, -0.8760, -0.4721]
      d = +2.1328   mirror_depth(perp) = 2.1328 m   view_z = 6.9505 m
      n_inliers = 18044/150020   rms_residual = 0.04580 m

[save] D:\Users\dust\Documents\학교\2026년도1학기\컴퓨터비전\실습\FoundationStereo\experiments\ds_v1_seed0/scandinavian_v53\mirror_geometry\result.json
[save] D:\Users\dust\Documents\학교\2026년도1학기\컴퓨터비전\실습\FoundationStereo\experiments\ds_v1_seed0/scandinavian_v53\mirror_geometry\plane.txt
[save] D:\Users\dust\Documents\학교\2026년도1학기\컴퓨터비전\실습\FoundationStereo\experiments\ds_v1_seed0/scandinavian_v53\mirror_geometry\viz.png

DONE: D:\Users\dust\Documents\학교\2026년도1학기\컴퓨터비전\실습\FoundationStereo\experiments\ds_v1_seed0/scandinavian_v53\mirror_geometry
[ds_v1_seed0/scandinavian_v53] 거울 점 150020개 중 inlier 63195 (42.1%) / outlier 86825
  normal=[-0.041  0.235 -0.971] d=8.236  rms(inlier)=0.0322 m  thr≈0.081 m
[save] D:\Users\dust\Documents\학교\2026년도1학기\컴퓨터비전\실습\FoundationStereo\experiments\ds_v1_seed0/scandinavian_v53\mirror_geometry\ransac_inliers.png
[gt] scandinavian_v53             perp 3.85m planRMS 0.1806m  normal [-0.377, 0.296, -0.878]

생성 1, 건너뜀 0 (depth_gt/mask 없음 등)
[ds_v1_seed0/scandinavian_v53] feature 184x320  mirror_frac=0.16362092391304348  feat_left=True
rank  signal              AUC    pol  sep     mean_in     mean_out
  1  feat_left_l2       0.6514   +  0.2734   18.256017   16.488562
  2  post_entropy       0.5848   +   0.097    0.744701    0.711968
  3  delta_entropy      0.5651   +  0.1515   -1.047571   -1.289753
  4  post_conf          0.5607   -  0.1121    0.658772    0.684715
  5  delta_conf         0.5586   -  0.1145    0.235583    0.290615
  6  pre_entropy        0.5561   -  0.1328    1.792272    2.001721
  7  delta_argdisp       0.552   -  0.0702   43.953498   48.402611
  8  feat_left_pc2       0.534   -   0.066    2.097601    2.328352
  9  feat_left_pc3       0.532   +  0.0949    2.013541    1.732428
 10  pre_conf           0.5307   +  0.0674    0.423188    0.394101
 11  feat_left_pc1      0.5016   +  0.0246    2.474102    2.569142
BEST: feat_left_l2 (AUC=0.6514, polarity=+)
저장: D:\Users\dust\Documents\학교\2026년도1학기\컴퓨터비전\실습\FoundationStereo\experiments\ds_v1_seed0/scandinavian_v53\features\report.json / panels.png / mirror_signal.npy
[device] cuda
  [train] epoch 60/300  loss=0.5055
  [train] epoch 120/300  loss=0.2980
  [train] epoch 180/300  loss=0.1962
  [train] epoch 240/300  loss=0.1379
  [train] epoch 300/300  loss=0.1018

[VAL] scene=ds_v1_seed0/scandinavian_v53  (pixel 70/30 split)
  AUC      = 0.9962
  IoU@0.5  = 0.8427
  F1@0.5   = 0.9147
  accuracy = 0.9704  (prec=0.8627, rec=0.9732)
  tp=2797 fp=445 fn=77 tn=14345

[save] D:\Users\dust\Documents\학교\2026년도1학기\컴퓨터비전\실습\FoundationStereo\experiments\ds_v1_seed0/scandinavian_v53\submodel
  pred_mask.png, panel.png, metrics.json, head.pt
DONE: D:\Users\dust\Documents\학교\2026년도1학기\컴퓨터비전\실습\FoundationStereo\experiments\ds_v1_seed0/scandinavian_v53\submodel
[device] cuda
[load] D:\Users\dust\Documents\학교\2026년도1학기\컴퓨터비전\실습\FoundationStereo\experiments\_model\general_head.pt  (train_scenes=['archiviz_baseline080', 'bedroom_baseline080', 'blue_bathroom_baseline080', 'computer_room_baseline080', 'cozy_living_room_baseline080', 'flat-archiviz_baseline080', 'green_house_baseline080', 'gym_baseline080', 'livingroom_baseline080', 'minimal_interior_baseline080', 'scandinavian_baseline080', 'sunlight_baseline080'])

[APPLY] ds_v1_seed0/scandinavian_v53  (저장모델로 새 데이터 평가)
  AUC      = 0.9525
  IoU@0.5  = 0.5125
  F1@0.5   = 0.6777
  accuracy = 0.9147  (prec=0.8877, rec=0.5481)
  tp=5280 fp=668 fn=4354 tn=48578
[save] D:\Users\dust\Documents\학교\2026년도1학기\컴퓨터비전\실습\FoundationStereo\experiments\ds_v1_seed0/scandinavian_v53\submodel_applied  (pred_mask.png, panel.png, metrics.json)

============================================================
STEP: estimate_mirror_plane
============================================================

============================================================
STEP: viz_ransac_inliers
============================================================

============================================================
STEP: make_mirror_gt_from_depth
============================================================

============================================================
STEP: analyze_features
============================================================

============================================================
STEP: submodel_head
============================================================

============================================================
STEP: apply_submodel
============================================================

DONE: D:\Users\dust\Documents\학교\2026년도1학기\컴퓨터비전\실습\FoundationStereo\experiments\ds_v1_seed0/scandinavian_v53 (ok)

##### [121/132] ds_v1_seed0/scandinavian_v54  (done 53, fail 0, skip 67, elapsed 26m, ETA 6m) #####
[scene] ds_v1_seed0/scandinavian_v54  size=1280x720
[select] mirror 점 개수 = 146483  (mask=146483, valid&depth = 901486)
[conf] mirror 영역 평균 confidence = 0.6674

=== 평면 추정 결과 ===
  [PCA (closed form)]
      normal = [+0.1205, -0.9389, -0.3223]
      d = +1.9044   mirror_depth(perp) = 1.9044 m   view_z = 7.5018 m
      n_inliers = 146483/146483   rms_residual = 0.61354 m
  [RANSAC]
      normal = [-0.0819, -0.0576, -0.9950]
      d = +8.4070   mirror_depth(perp) = 8.4070 m   view_z = 7.5018 m
      n_inliers = 59739/146483   rms_residual = 0.05949 m
  [SVD robust (IRLS)]
      normal = [+0.0607, -0.9415, -0.3316]
      d = +1.9421   mirror_depth(perp) = 1.9421 m   view_z = 7.5018 m
      n_inliers = 29092/146483   rms_residual = 0.07564 m

[save] D:\Users\dust\Documents\학교\2026년도1학기\컴퓨터비전\실습\FoundationStereo\experiments\ds_v1_seed0/scandinavian_v54\mirror_geometry\result.json
[save] D:\Users\dust\Documents\학교\2026년도1학기\컴퓨터비전\실습\FoundationStereo\experiments\ds_v1_seed0/scandinavian_v54\mirror_geometry\plane.txt
[save] D:\Users\dust\Documents\학교\2026년도1학기\컴퓨터비전\실습\FoundationStereo\experiments\ds_v1_seed0/scandinavian_v54\mirror_geometry\viz.png

DONE: D:\Users\dust\Documents\학교\2026년도1학기\컴퓨터비전\실습\FoundationStereo\experiments\ds_v1_seed0/scandinavian_v54\mirror_geometry
[ds_v1_seed0/scandinavian_v54] 거울 점 146483개 중 inlier 59739 (40.8%) / outlier 86744
  normal=[-0.082 -0.058 -0.995] d=8.407  rms(inlier)=0.0595 m  thr≈0.136 m
[save] D:\Users\dust\Documents\학교\2026년도1학기\컴퓨터비전\실습\FoundationStereo\experiments\ds_v1_seed0/scandinavian_v54\mirror_geometry\ransac_inliers.png
[gt] scandinavian_v54             perp 4.07m planRMS 0.2407m  normal [-0.285, 0.129, -0.95]

생성 1, 건너뜀 0 (depth_gt/mask 없음 등)
[ds_v1_seed0/scandinavian_v54] feature 184x320  mirror_frac=0.15915421195652174  feat_left=True
rank  signal              AUC    pol  sep     mean_in     mean_out
  1  feat_left_l2       0.7358   +  0.4077     19.1519   16.026871
  2  delta_argdisp      0.6173   -  0.1935   43.798741   55.771395
  3  post_entropy       0.5799   -  0.1917    0.745099     0.81652
  4  pre_entropy        0.5548   -  0.1271    1.768953    1.965776
  5  post_conf          0.5523   +  0.0936    0.666833    0.645462
  6  pre_conf           0.5345   +  0.0537    0.419343      0.3963
  7  feat_left_pc2      0.5301   +  0.0743    2.694845    2.396296
  8  delta_entropy      0.5288   +  0.0785   -1.023854   -1.149256
  9  feat_left_pc3      0.5231   +  0.0925     2.15046    1.841862
 10  feat_left_pc1       0.522   +  0.0802     2.99518    2.562642
 11  delta_conf         0.5045   -  0.0034     0.24749    0.249162
BEST: feat_left_l2 (AUC=0.7358, polarity=+)
저장: D:\Users\dust\Documents\학교\2026년도1학기\컴퓨터비전\실습\FoundationStereo\experiments\ds_v1_seed0/scandinavian_v54\features\report.json / panels.png / mirror_signal.npy
[device] cuda
  [train] epoch 60/300  loss=0.4946
  [train] epoch 120/300  loss=0.3062
  [train] epoch 180/300  loss=0.2103
  [train] epoch 240/300  loss=0.1504
  [train] epoch 300/300  loss=0.1112

[VAL] scene=ds_v1_seed0/scandinavian_v54  (pixel 70/30 split)
  AUC      = 0.9961
  IoU@0.5  = 0.8464
  F1@0.5   = 0.9168
  accuracy = 0.9725  (prec=0.8692, rec=0.9699)
  tp=2678 fp=403 fn=83 tn=14500

[save] D:\Users\dust\Documents\학교\2026년도1학기\컴퓨터비전\실습\FoundationStereo\experiments\ds_v1_seed0/scandinavian_v54\submodel
  pred_mask.png, panel.png, metrics.json, head.pt
DONE: D:\Users\dust\Documents\학교\2026년도1학기\컴퓨터비전\실습\FoundationStereo\experiments\ds_v1_seed0/scandinavian_v54\submodel
[device] cuda
[load] D:\Users\dust\Documents\학교\2026년도1학기\컴퓨터비전\실습\FoundationStereo\experiments\_model\general_head.pt  (train_scenes=['archiviz_baseline080', 'bedroom_baseline080', 'blue_bathroom_baseline080', 'computer_room_baseline080', 'cozy_living_room_baseline080', 'flat-archiviz_baseline080', 'green_house_baseline080', 'gym_baseline080', 'livingroom_baseline080', 'minimal_interior_baseline080', 'scandinavian_baseline080', 'sunlight_baseline080'])

[APPLY] ds_v1_seed0/scandinavian_v54  (저장모델로 새 데이터 평가)
  AUC      = 0.9190
  IoU@0.5  = 0.4696
  F1@0.5   = 0.6391
  accuracy = 0.9066  (prec=0.8303, rec=0.5195)
  tp=4868 fp=995 fn=4503 tn=48514
[save] D:\Users\dust\Documents\학교\2026년도1학기\컴퓨터비전\실습\FoundationStereo\experiments\ds_v1_seed0/scandinavian_v54\submodel_applied  (pred_mask.png, panel.png, metrics.json)

============================================================
STEP: estimate_mirror_plane
============================================================

============================================================
STEP: viz_ransac_inliers
============================================================

============================================================
STEP: make_mirror_gt_from_depth
============================================================

============================================================
STEP: analyze_features
============================================================

============================================================
STEP: submodel_head
============================================================

============================================================
STEP: apply_submodel
============================================================

DONE: D:\Users\dust\Documents\학교\2026년도1학기\컴퓨터비전\실습\FoundationStereo\experiments\ds_v1_seed0/scandinavian_v54 (ok)

##### [122/132] ds_v1_seed0/scandinavian_v55  (done 54, fail 0, skip 67, elapsed 27m, ETA 5m) #####
[scene] ds_v1_seed0/scandinavian_v55  size=1280x720
[select] mirror 점 개수 = 136517  (mask=136517, valid&depth = 895861)
[conf] mirror 영역 평균 confidence = 0.6434

=== 평면 추정 결과 ===
  [PCA (closed form)]
      normal = [+0.0441, -0.9151, -0.4008]
      d = +1.4648   mirror_depth(perp) = 1.4648 m   view_z = 6.8250 m
      n_inliers = 136517/136517   rms_residual = 0.44343 m
  [RANSAC]
      normal = [-0.1144, +0.3153, -0.9421]
      d = +8.0450   mirror_depth(perp) = 8.0450 m   view_z = 6.8250 m
      n_inliers = 64242/136517   rms_residual = 0.04554 m
  [SVD robust (IRLS)]
      normal = [-0.0269, -0.9015, -0.4320]
      d = +1.5618   mirror_depth(perp) = 1.5618 m   view_z = 6.8250 m
      n_inliers = 47938/136517   rms_residual = 0.10832 m

[save] D:\Users\dust\Documents\학교\2026년도1학기\컴퓨터비전\실습\FoundationStereo\experiments\ds_v1_seed0/scandinavian_v55\mirror_geometry\result.json
[save] D:\Users\dust\Documents\학교\2026년도1학기\컴퓨터비전\실습\FoundationStereo\experiments\ds_v1_seed0/scandinavian_v55\mirror_geometry\plane.txt
[save] D:\Users\dust\Documents\학교\2026년도1학기\컴퓨터비전\실습\FoundationStereo\experiments\ds_v1_seed0/scandinavian_v55\mirror_geometry\viz.png

DONE: D:\Users\dust\Documents\학교\2026년도1학기\컴퓨터비전\실습\FoundationStereo\experiments\ds_v1_seed0/scandinavian_v55\mirror_geometry
[ds_v1_seed0/scandinavian_v55] 거울 점 136517개 중 inlier 64242 (47.1%) / outlier 72275
  normal=[-0.114  0.315 -0.942] d=8.045  rms(inlier)=0.0455 m  thr≈0.187 m
[save] D:\Users\dust\Documents\학교\2026년도1학기\컴퓨터비전\실습\FoundationStereo\experiments\ds_v1_seed0/scandinavian_v55\mirror_geometry\ransac_inliers.png
[gt] scandinavian_v55             perp 3.78m planRMS 0.2413m  normal [-0.149, 0.315, -0.937]

생성 1, 건너뜀 0 (depth_gt/mask 없음 등)
[ds_v1_seed0/scandinavian_v55] feature 184x320  mirror_frac=0.14920176630434784  feat_left=True
rank  signal              AUC    pol  sep     mean_in     mean_out
  1  feat_left_l2       0.7028   +  0.3686   18.788311   16.521712
  2  post_entropy       0.6103   +  0.0903    0.774012    0.735952
  3  post_conf          0.5887   -  0.1403    0.643208    0.677648
  4  feat_left_pc3      0.5636   +  0.1463    2.134496    1.694488
  5  delta_conf         0.5586   -  0.0913    0.235072    0.280194
  6  delta_entropy      0.5462   +  0.1032   -1.065064    -1.23569
  7  delta_argdisp      0.5371   -  0.0517   46.152419   49.356982
  8  pre_entropy        0.5312   -  0.0826    1.839076    1.971642
  9  feat_left_pc2      0.5209   -  0.0457    2.189454    2.348437
 10  pre_conf           0.5166   +  0.0243    0.408136    0.397454
 11  feat_left_pc1      0.5133   -  0.0535     2.39794    2.598401
BEST: feat_left_l2 (AUC=0.7028, polarity=+)
저장: D:\Users\dust\Documents\학교\2026년도1학기\컴퓨터비전\실습\FoundationStereo\experiments\ds_v1_seed0/scandinavian_v55\features\report.json / panels.png / mirror_signal.npy
[device] cuda
  [train] epoch 60/300  loss=0.4403
  [train] epoch 120/300  loss=0.2570
  [train] epoch 180/300  loss=0.1752
  [train] epoch 240/300  loss=0.1266
  [train] epoch 300/300  loss=0.0944

[VAL] scene=ds_v1_seed0/scandinavian_v55  (pixel 70/30 split)
  AUC      = 0.9965
  IoU@0.5  = 0.8533
  F1@0.5   = 0.9209
  accuracy = 0.9748  (prec=0.8738, rec=0.9733)
  tp=2589 fp=374 fn=71 tn=14630

[save] D:\Users\dust\Documents\학교\2026년도1학기\컴퓨터비전\실습\FoundationStereo\experiments\ds_v1_seed0/scandinavian_v55\submodel
  pred_mask.png, panel.png, metrics.json, head.pt
DONE: D:\Users\dust\Documents\학교\2026년도1학기\컴퓨터비전\실습\FoundationStereo\experiments\ds_v1_seed0/scandinavian_v55\submodel
[device] cuda
[load] D:\Users\dust\Documents\학교\2026년도1학기\컴퓨터비전\실습\FoundationStereo\experiments\_model\general_head.pt  (train_scenes=['archiviz_baseline080', 'bedroom_baseline080', 'blue_bathroom_baseline080', 'computer_room_baseline080', 'cozy_living_room_baseline080', 'flat-archiviz_baseline080', 'green_house_baseline080', 'gym_baseline080', 'livingroom_baseline080', 'minimal_interior_baseline080', 'scandinavian_baseline080', 'sunlight_baseline080'])

[APPLY] ds_v1_seed0/scandinavian_v55  (저장모델로 새 데이터 평가)
  AUC      = 0.9695
  IoU@0.5  = 0.6075
  F1@0.5   = 0.7558
  accuracy = 0.9398  (prec=0.9571, rec=0.6245)
  tp=5486 fp=246 fn=3299 tn=49849
[save] D:\Users\dust\Documents\학교\2026년도1학기\컴퓨터비전\실습\FoundationStereo\experiments\ds_v1_seed0/scandinavian_v55\submodel_applied  (pred_mask.png, panel.png, metrics.json)

============================================================
STEP: estimate_mirror_plane
============================================================

============================================================
STEP: viz_ransac_inliers
============================================================

============================================================
STEP: make_mirror_gt_from_depth
============================================================

============================================================
STEP: analyze_features
============================================================

============================================================
STEP: submodel_head
============================================================

============================================================
STEP: apply_submodel
============================================================

DONE: D:\Users\dust\Documents\학교\2026년도1학기\컴퓨터비전\실습\FoundationStereo\experiments\ds_v1_seed0/scandinavian_v55 (ok)

##### [123/132] ds_v1_seed0/scandinavian_v56  (done 55, fail 0, skip 67, elapsed 27m, ETA 5m) #####
[scene] ds_v1_seed0/scandinavian_v56  size=1280x720
[select] mirror 점 개수 = 147912  (mask=147912, valid&depth = 901318)
[conf] mirror 영역 평균 confidence = 0.6503

=== 평면 추정 결과 ===
  [PCA (closed form)]
      normal = [-0.0053, -0.8831, -0.4692]
      d = +2.1349   mirror_depth(perp) = 2.1349 m   view_z = 7.1064 m
      n_inliers = 147912/147912   rms_residual = 0.48589 m
  [RANSAC]
      normal = [-0.0986, +0.0353, -0.9945]
      d = +8.1497   mirror_depth(perp) = 8.1497 m   view_z = 7.1064 m
      n_inliers = 75080/147912   rms_residual = 0.02683 m
  [SVD robust (IRLS)]
      normal = [-0.0871, -0.8816, -0.4639]
      d = +2.0704   mirror_depth(perp) = 2.0704 m   view_z = 7.1064 m
      n_inliers = 18597/147912   rms_residual = 0.04715 m

[save] D:\Users\dust\Documents\학교\2026년도1학기\컴퓨터비전\실습\FoundationStereo\experiments\ds_v1_seed0/scandinavian_v56\mirror_geometry\result.json
[save] D:\Users\dust\Documents\학교\2026년도1학기\컴퓨터비전\실습\FoundationStereo\experiments\ds_v1_seed0/scandinavian_v56\mirror_geometry\plane.txt
[save] D:\Users\dust\Documents\학교\2026년도1학기\컴퓨터비전\실습\FoundationStereo\experiments\ds_v1_seed0/scandinavian_v56\mirror_geometry\viz.png

DONE: D:\Users\dust\Documents\학교\2026년도1학기\컴퓨터비전\실습\FoundationStereo\experiments\ds_v1_seed0/scandinavian_v56\mirror_geometry
[ds_v1_seed0/scandinavian_v56] 거울 점 147912개 중 inlier 75080 (50.8%) / outlier 72832
  normal=[-0.099  0.035 -0.994] d=8.150  rms(inlier)=0.0268 m  thr≈0.082 m
[save] D:\Users\dust\Documents\학교\2026년도1학기\컴퓨터비전\실습\FoundationStereo\experiments\ds_v1_seed0/scandinavian_v56\mirror_geometry\ransac_inliers.png
[gt] scandinavian_v56             perp 3.85m planRMS 0.1785m  normal [-0.382, 0.272, -0.883]

생성 1, 건너뜀 0 (depth_gt/mask 없음 등)
[ds_v1_seed0/scandinavian_v56] feature 184x320  mirror_frac=0.16136209239130433  feat_left=True
rank  signal              AUC    pol  sep     mean_in     mean_out
  1  feat_left_l2       0.6573   +  0.2958   18.415956   16.398981
  2  post_entropy       0.5923   +  0.1092    0.750702    0.715007
  3  post_conf          0.5766   -  0.1432    0.650101    0.682791
  4  feat_left_pc3      0.5709   +  0.1842    2.303977     1.69375
  5  delta_conf         0.5515   -  0.1029    0.232805    0.281508
  6  delta_entropy      0.5455   +   0.117   -1.064456   -1.248994
  7  delta_argdisp      0.5422   -  0.0523   44.663404   47.947103
  8  pre_entropy        0.5341   -  0.0947    1.815158       1.964
  9  feat_left_pc1      0.5158   +  0.0347    2.633667    2.482944
 10  pre_conf           0.5152   +   0.037    0.417296    0.401282
 11  feat_left_pc2      0.5055   -   0.003    2.259667    2.270524
BEST: feat_left_l2 (AUC=0.6573, polarity=+)
저장: D:\Users\dust\Documents\학교\2026년도1학기\컴퓨터비전\실습\FoundationStereo\experiments\ds_v1_seed0/scandinavian_v56\features\report.json / panels.png / mirror_signal.npy
[device] cuda
  [train] epoch 60/300  loss=0.5065
  [train] epoch 120/300  loss=0.3028
  [train] epoch 180/300  loss=0.2030
  [train] epoch 240/300  loss=0.1420
  [train] epoch 300/300  loss=0.1027

[VAL] scene=ds_v1_seed0/scandinavian_v56  (pixel 70/30 split)
  AUC      = 0.9961
  IoU@0.5  = 0.8542
  F1@0.5   = 0.9214
  accuracy = 0.9732  (prec=0.8714, rec=0.9774)
  tp=2772 fp=409 fn=64 tn=14419

[save] D:\Users\dust\Documents\학교\2026년도1학기\컴퓨터비전\실습\FoundationStereo\experiments\ds_v1_seed0/scandinavian_v56\submodel
  pred_mask.png, panel.png, metrics.json, head.pt
DONE: D:\Users\dust\Documents\학교\2026년도1학기\컴퓨터비전\실습\FoundationStereo\experiments\ds_v1_seed0/scandinavian_v56\submodel
[device] cuda
[load] D:\Users\dust\Documents\학교\2026년도1학기\컴퓨터비전\실습\FoundationStereo\experiments\_model\general_head.pt  (train_scenes=['archiviz_baseline080', 'bedroom_baseline080', 'blue_bathroom_baseline080', 'computer_room_baseline080', 'cozy_living_room_baseline080', 'flat-archiviz_baseline080', 'green_house_baseline080', 'gym_baseline080', 'livingroom_baseline080', 'minimal_interior_baseline080', 'scandinavian_baseline080', 'sunlight_baseline080'])

[APPLY] ds_v1_seed0/scandinavian_v56  (저장모델로 새 데이터 평가)
  AUC      = 0.9631
  IoU@0.5  = 0.5317
  F1@0.5   = 0.6942
  accuracy = 0.9199  (prec=0.9034, rec=0.5637)
  tp=5356 fp=573 fn=4145 tn=48806
[save] D:\Users\dust\Documents\학교\2026년도1학기\컴퓨터비전\실습\FoundationStereo\experiments\ds_v1_seed0/scandinavian_v56\submodel_applied  (pred_mask.png, panel.png, metrics.json)

============================================================
STEP: estimate_mirror_plane
============================================================

============================================================
STEP: viz_ransac_inliers
============================================================

============================================================
STEP: make_mirror_gt_from_depth
============================================================

============================================================
STEP: analyze_features
============================================================

============================================================
STEP: submodel_head
============================================================

============================================================
STEP: apply_submodel
============================================================

DONE: D:\Users\dust\Documents\학교\2026년도1학기\컴퓨터비전\실습\FoundationStereo\experiments\ds_v1_seed0/scandinavian_v56 (ok)

##### [124/132] ds_v1_seed0/scandinavian_v57  (done 56, fail 0, skip 67, elapsed 27m, ETA 4m) #####
[scene] ds_v1_seed0/scandinavian_v57  size=1280x720
[select] mirror 점 개수 = 147188  (mask=147188, valid&depth = 900410)
[conf] mirror 영역 평균 confidence = 0.6668

=== 평면 추정 결과 ===
  [PCA (closed form)]
      normal = [+0.0537, -0.9226, -0.3820]
      d = +1.9295   mirror_depth(perp) = 1.9295 m   view_z = 7.4949 m
      n_inliers = 147188/147188   rms_residual = 0.60274 m
  [RANSAC]
      normal = [-0.1063, +0.1961, -0.9748]
      d = +8.4421   mirror_depth(perp) = 8.4421 m   view_z = 7.4949 m
      n_inliers = 72334/147188   rms_residual = 0.04201 m
  [SVD robust (IRLS)]
      normal = [-0.0140, -0.9191, -0.3938]
      d = +1.9580   mirror_depth(perp) = 1.9580 m   view_z = 7.4949 m
      n_inliers = 23450/147188   rms_residual = 0.05681 m

[save] D:\Users\dust\Documents\학교\2026년도1학기\컴퓨터비전\실습\FoundationStereo\experiments\ds_v1_seed0/scandinavian_v57\mirror_geometry\result.json
[save] D:\Users\dust\Documents\학교\2026년도1학기\컴퓨터비전\실습\FoundationStereo\experiments\ds_v1_seed0/scandinavian_v57\mirror_geometry\plane.txt
[save] D:\Users\dust\Documents\학교\2026년도1학기\컴퓨터비전\실습\FoundationStereo\experiments\ds_v1_seed0/scandinavian_v57\mirror_geometry\viz.png

DONE: D:\Users\dust\Documents\학교\2026년도1학기\컴퓨터비전\실습\FoundationStereo\experiments\ds_v1_seed0/scandinavian_v57\mirror_geometry
[ds_v1_seed0/scandinavian_v57] 거울 점 147188개 중 inlier 72334 (49.1%) / outlier 74854
  normal=[-0.106  0.196 -0.975] d=8.442  rms(inlier)=0.0420 m  thr≈0.101 m
[save] D:\Users\dust\Documents\학교\2026년도1학기\컴퓨터비전\실습\FoundationStereo\experiments\ds_v1_seed0/scandinavian_v57\mirror_geometry\ransac_inliers.png
[gt] scandinavian_v57             perp 4.13m planRMS 0.2420m  normal [-0.214, 0.208, -0.954]

생성 1, 건너뜀 0 (depth_gt/mask 없음 등)
[ds_v1_seed0/scandinavian_v57] feature 184x320  mirror_frac=0.15971467391304348  feat_left=True
rank  signal              AUC    pol  sep     mean_in     mean_out
  1  feat_left_l2       0.7088   +  0.3713   18.949022   16.230443
  2  delta_argdisp      0.6051   -  0.1738   43.771693   54.431684
  3  pre_entropy        0.5613   -  0.1451    1.757953     1.97777
  4  post_conf          0.5519   +  0.0959    0.665866    0.642736
  5  pre_conf           0.5447   +  0.0887    0.425934    0.388954
  6  delta_entropy      0.5371   +  0.1006   -1.014159   -1.172321
  7  post_entropy       0.5334   -  0.1518    0.743794    0.805449
  8  feat_left_pc3      0.5297   +  0.1021    2.133478    1.806847
  9  feat_left_pc2      0.5201   +  0.0382    2.526355    2.380835
 10  feat_left_pc1      0.5125   +  0.0459    2.788277     2.56489
 11  delta_conf         0.5094   -  0.0288    0.239933    0.253781
BEST: feat_left_l2 (AUC=0.7088, polarity=+)
저장: D:\Users\dust\Documents\학교\2026년도1학기\컴퓨터비전\실습\FoundationStereo\experiments\ds_v1_seed0/scandinavian_v57\features\report.json / panels.png / mirror_signal.npy
[device] cuda
  [train] epoch 60/300  loss=0.4973
  [train] epoch 120/300  loss=0.2956
  [train] epoch 180/300  loss=0.1940
  [train] epoch 240/300  loss=0.1355
  [train] epoch 300/300  loss=0.0996

[VAL] scene=ds_v1_seed0/scandinavian_v57  (pixel 70/30 split)
  AUC      = 0.9963
  IoU@0.5  = 0.8653
  F1@0.5   = 0.9278
  accuracy = 0.9760  (prec=0.8858, rec=0.9739)
  tp=2723 fp=351 fn=73 tn=14517

[save] D:\Users\dust\Documents\학교\2026년도1학기\컴퓨터비전\실습\FoundationStereo\experiments\ds_v1_seed0/scandinavian_v57\submodel
  pred_mask.png, panel.png, metrics.json, head.pt
DONE: D:\Users\dust\Documents\학교\2026년도1학기\컴퓨터비전\실습\FoundationStereo\experiments\ds_v1_seed0/scandinavian_v57\submodel
[device] cuda
[load] D:\Users\dust\Documents\학교\2026년도1학기\컴퓨터비전\실습\FoundationStereo\experiments\_model\general_head.pt  (train_scenes=['archiviz_baseline080', 'bedroom_baseline080', 'blue_bathroom_baseline080', 'computer_room_baseline080', 'cozy_living_room_baseline080', 'flat-archiviz_baseline080', 'green_house_baseline080', 'gym_baseline080', 'livingroom_baseline080', 'minimal_interior_baseline080', 'scandinavian_baseline080', 'sunlight_baseline080'])

[APPLY] ds_v1_seed0/scandinavian_v57  (저장모델로 새 데이터 평가)
  AUC      = 0.9372
  IoU@0.5  = 0.4940
  F1@0.5   = 0.6614
  accuracy = 0.9149  (prec=0.9070, rec=0.5204)
  tp=4894 fp=502 fn=4510 tn=48974
[save] D:\Users\dust\Documents\학교\2026년도1학기\컴퓨터비전\실습\FoundationStereo\experiments\ds_v1_seed0/scandinavian_v57\submodel_applied  (pred_mask.png, panel.png, metrics.json)

============================================================
STEP: estimate_mirror_plane
============================================================

============================================================
STEP: viz_ransac_inliers
============================================================

============================================================
STEP: make_mirror_gt_from_depth
============================================================

============================================================
STEP: analyze_features
============================================================

============================================================
STEP: submodel_head
============================================================

============================================================
STEP: apply_submodel
============================================================

DONE: D:\Users\dust\Documents\학교\2026년도1학기\컴퓨터비전\실습\FoundationStereo\experiments\ds_v1_seed0/scandinavian_v57 (ok)

##### [125/132] ds_v1_seed0/scandinavian_v58  (done 57, fail 0, skip 67, elapsed 28m, ETA 4m) #####
[scene] ds_v1_seed0/scandinavian_v58  size=1280x720
[select] mirror 점 개수 = 120269  (mask=120269, valid&depth = 902175)
[conf] mirror 영역 평균 confidence = 0.6371

=== 평면 추정 결과 ===
  [PCA (closed form)]
      normal = [+0.0403, -0.9190, -0.3922]
      d = +1.2690   mirror_depth(perp) = 1.2690 m   view_z = 6.9165 m
      n_inliers = 120269/120269   rms_residual = 0.42722 m
  [RANSAC]
      normal = [-0.2049, +0.2471, -0.9471]
      d = +8.4170   mirror_depth(perp) = 8.4170 m   view_z = 6.9165 m
      n_inliers = 52813/120269   rms_residual = 0.02960 m
  [SVD robust (IRLS)]
      normal = [-0.0030, -0.9174, -0.3979]
      d = +1.2790   mirror_depth(perp) = 1.2790 m   view_z = 6.9165 m
      n_inliers = 24851/120269   rms_residual = 0.05123 m

[save] D:\Users\dust\Documents\학교\2026년도1학기\컴퓨터비전\실습\FoundationStereo\experiments\ds_v1_seed0/scandinavian_v58\mirror_geometry\result.json
[save] D:\Users\dust\Documents\학교\2026년도1학기\컴퓨터비전\실습\FoundationStereo\experiments\ds_v1_seed0/scandinavian_v58\mirror_geometry\plane.txt
[save] D:\Users\dust\Documents\학교\2026년도1학기\컴퓨터비전\실습\FoundationStereo\experiments\ds_v1_seed0/scandinavian_v58\mirror_geometry\viz.png

DONE: D:\Users\dust\Documents\학교\2026년도1학기\컴퓨터비전\실습\FoundationStereo\experiments\ds_v1_seed0/scandinavian_v58\mirror_geometry
[ds_v1_seed0/scandinavian_v58] 거울 점 120269개 중 inlier 52813 (43.9%) / outlier 67456
  normal=[-0.205  0.247 -0.947] d=8.417  rms(inlier)=0.0296 m  thr≈0.089 m
[save] D:\Users\dust\Documents\학교\2026년도1학기\컴퓨터비전\실습\FoundationStereo\experiments\ds_v1_seed0/scandinavian_v58\mirror_geometry\ransac_inliers.png
[gt] scandinavian_v58             perp 4.06m planRMS 0.3012m  normal [-0.322, 0.329, -0.888]

생성 1, 건너뜀 0 (depth_gt/mask 없음 등)
[ds_v1_seed0/scandinavian_v58] feature 184x320  mirror_frac=0.13133491847826087  feat_left=True
rank  signal              AUC    pol  sep     mean_in     mean_out
  1  feat_left_l2       0.6532   +  0.2771   18.322437   16.551698
  2  post_conf          0.6359   -  0.2441    0.636517    0.691595
  3  post_entropy       0.6347   +  0.1937    0.770652    0.702854
  4  delta_conf         0.5801   -  0.1461    0.219209    0.288071
  5  delta_argdisp      0.5632   -  0.0966   41.484547   47.589243
  6  delta_entropy      0.5578   +  0.1333   -1.043282   -1.252184
  7  feat_left_pc2       0.541   -  0.0468    2.075942    2.240926
  8  feat_left_pc1      0.5385   -  0.0654    2.303944    2.549717
  9  feat_left_pc3      0.5363   +  0.0995    2.044591    1.735334
 10  pre_entropy        0.5343   -  0.0909    1.813935    1.955037
 11  pre_conf           0.5137   +  0.0322    0.417308    0.403524
BEST: feat_left_l2 (AUC=0.6532, polarity=+)
저장: D:\Users\dust\Documents\학교\2026년도1학기\컴퓨터비전\실습\FoundationStereo\experiments\ds_v1_seed0/scandinavian_v58\features\report.json / panels.png / mirror_signal.npy
[device] cuda
  [train] epoch 60/300  loss=0.5121
  [train] epoch 120/300  loss=0.2984
  [train] epoch 180/300  loss=0.1969
  [train] epoch 240/300  loss=0.1376
  [train] epoch 300/300  loss=0.1003

[VAL] scene=ds_v1_seed0/scandinavian_v58  (pixel 70/30 split)
  AUC      = 0.9951
  IoU@0.5  = 0.8327
  F1@0.5   = 0.9087
  accuracy = 0.9741  (prec=0.8572, rec=0.9669)
  tp=2275 fp=379 fn=78 tn=14932

[save] D:\Users\dust\Documents\학교\2026년도1학기\컴퓨터비전\실습\FoundationStereo\experiments\ds_v1_seed0/scandinavian_v58\submodel
  pred_mask.png, panel.png, metrics.json, head.pt
DONE: D:\Users\dust\Documents\학교\2026년도1학기\컴퓨터비전\실습\FoundationStereo\experiments\ds_v1_seed0/scandinavian_v58\submodel
[device] cuda
[load] D:\Users\dust\Documents\학교\2026년도1학기\컴퓨터비전\실습\FoundationStereo\experiments\_model\general_head.pt  (train_scenes=['archiviz_baseline080', 'bedroom_baseline080', 'blue_bathroom_baseline080', 'computer_room_baseline080', 'cozy_living_room_baseline080', 'flat-archiviz_baseline080', 'green_house_baseline080', 'gym_baseline080', 'livingroom_baseline080', 'minimal_interior_baseline080', 'scandinavian_baseline080', 'sunlight_baseline080'])

[APPLY] ds_v1_seed0/scandinavian_v58  (저장모델로 새 데이터 평가)
  AUC      = 0.9534
  IoU@0.5  = 0.6194
  F1@0.5   = 0.7649
  accuracy = 0.9439  (prec=0.8508, rec=0.6948)
  tp=5373 fp=942 fn=2360 tn=50205
[save] D:\Users\dust\Documents\학교\2026년도1학기\컴퓨터비전\실습\FoundationStereo\experiments\ds_v1_seed0/scandinavian_v58\submodel_applied  (pred_mask.png, panel.png, metrics.json)

============================================================
STEP: estimate_mirror_plane
============================================================

============================================================
STEP: viz_ransac_inliers
============================================================

============================================================
STEP: make_mirror_gt_from_depth
============================================================

============================================================
STEP: analyze_features
============================================================

============================================================
STEP: submodel_head
============================================================

============================================================
STEP: apply_submodel
============================================================

DONE: D:\Users\dust\Documents\학교\2026년도1학기\컴퓨터비전\실습\FoundationStereo\experiments\ds_v1_seed0/scandinavian_v58 (ok)

##### [126/132] ds_v1_seed0/scandinavian_v59  (done 58, fail 0, skip 67, elapsed 28m, ETA 3m) #####
[scene] ds_v1_seed0/scandinavian_v59  size=1280x720
[select] mirror 점 개수 = 193534  (mask=193534, valid&depth = 906401)
[conf] mirror 영역 평균 confidence = 0.6600

=== 평면 추정 결과 ===
  [PCA (closed form)]
      normal = [-0.1704, -0.8862, -0.4309]
      d = +2.1752   mirror_depth(perp) = 2.1752 m   view_z = 6.6078 m
      n_inliers = 193534/193534   rms_residual = 0.51125 m
  [RANSAC]
      normal = [-0.4889, +0.3629, -0.7933]
      d = +7.7894   mirror_depth(perp) = 7.7894 m   view_z = 6.6078 m
      n_inliers = 92393/193534   rms_residual = 0.03014 m
  [SVD robust (IRLS)]
      normal = [-0.2211, -0.8881, -0.4031]
      d = +2.0323   mirror_depth(perp) = 2.0323 m   view_z = 6.6078 m
      n_inliers = 27609/193534   rms_residual = 0.06003 m

[save] D:\Users\dust\Documents\학교\2026년도1학기\컴퓨터비전\실습\FoundationStereo\experiments\ds_v1_seed0/scandinavian_v59\mirror_geometry\result.json
[save] D:\Users\dust\Documents\학교\2026년도1학기\컴퓨터비전\실습\FoundationStereo\experiments\ds_v1_seed0/scandinavian_v59\mirror_geometry\plane.txt
[save] D:\Users\dust\Documents\학교\2026년도1학기\컴퓨터비전\실습\FoundationStereo\experiments\ds_v1_seed0/scandinavian_v59\mirror_geometry\viz.png

DONE: D:\Users\dust\Documents\학교\2026년도1학기\컴퓨터비전\실습\FoundationStereo\experiments\ds_v1_seed0/scandinavian_v59\mirror_geometry
[ds_v1_seed0/scandinavian_v59] 거울 점 193534개 중 inlier 92393 (47.7%) / outlier 101141
  normal=[-0.489  0.363 -0.793] d=7.789  rms(inlier)=0.0301 m  thr≈0.104 m
[save] D:\Users\dust\Documents\학교\2026년도1학기\컴퓨터비전\실습\FoundationStereo\experiments\ds_v1_seed0/scandinavian_v59\mirror_geometry\ransac_inliers.png
[gt] scandinavian_v59             perp 3.63m planRMS 0.1652m  normal [-0.56, 0.254, -0.789]

생성 1, 건너뜀 0 (depth_gt/mask 없음 등)
[ds_v1_seed0/scandinavian_v59] feature 184x320  mirror_frac=0.2108695652173913  feat_left=True
rank  signal              AUC    pol  sep     mean_in     mean_out
  1  post_entropy       0.6803   +  0.2967     0.75351    0.667121
  2  feat_left_l2       0.6111   +  0.2405   17.956437   16.363025
  3  post_conf          0.5904   -  0.1719    0.659556    0.697271
  4  pre_conf           0.5529   -  0.0802    0.400748    0.435631
  5  delta_argdisp      0.5407   -  0.0491   45.137645   48.364239
  6  pre_entropy        0.5325   +  0.0267    1.878552    1.837074
  7  feat_left_pc1      0.5297   -  0.0069    2.675348    2.648322
  8  feat_left_pc2      0.5259   +  0.0976    2.368653    2.007151
  9  feat_left_pc3      0.5226   +  0.1253      2.2134    1.787526
 10  delta_conf         0.5012   +  0.0058    0.258808     0.26164
 11  delta_entropy         0.5   -  0.0285   -1.125042   -1.169952
BEST: post_entropy (AUC=0.6803, polarity=+)
저장: D:\Users\dust\Documents\학교\2026년도1학기\컴퓨터비전\실습\FoundationStereo\experiments\ds_v1_seed0/scandinavian_v59\features\report.json / panels.png / mirror_signal.npy
[device] cuda
  [train] epoch 60/300  loss=0.5898
  [train] epoch 120/300  loss=0.3849
  [train] epoch 180/300  loss=0.2775
  [train] epoch 240/300  loss=0.2105
  [train] epoch 300/300  loss=0.1642

[VAL] scene=ds_v1_seed0/scandinavian_v59  (pixel 70/30 split)
  AUC      = 0.9879
  IoU@0.5  = 0.7963
  F1@0.5   = 0.8866
  accuracy = 0.9490  (prec=0.8293, rec=0.9524)
  tp=3518 fp=724 fn=176 tn=13246

[save] D:\Users\dust\Documents\학교\2026년도1학기\컴퓨터비전\실습\FoundationStereo\experiments\ds_v1_seed0/scandinavian_v59\submodel
  pred_mask.png, panel.png, metrics.json, head.pt
DONE: D:\Users\dust\Documents\학교\2026년도1학기\컴퓨터비전\실습\FoundationStereo\experiments\ds_v1_seed0/scandinavian_v59\submodel
[device] cuda
[load] D:\Users\dust\Documents\학교\2026년도1학기\컴퓨터비전\실습\FoundationStereo\experiments\_model\general_head.pt  (train_scenes=['archiviz_baseline080', 'bedroom_baseline080', 'blue_bathroom_baseline080', 'computer_room_baseline080', 'cozy_living_room_baseline080', 'flat-archiviz_baseline080', 'green_house_baseline080', 'gym_baseline080', 'livingroom_baseline080', 'minimal_interior_baseline080', 'scandinavian_baseline080', 'sunlight_baseline080'])

[APPLY] ds_v1_seed0/scandinavian_v59  (저장모델로 새 데이터 평가)
  AUC      = 0.8960
  IoU@0.5  = 0.3660
  F1@0.5   = 0.5359
  accuracy = 0.8445  (prec=0.7231, rec=0.4257)
  tp=5285 fp=2024 fn=7131 tn=44440
[save] D:\Users\dust\Documents\학교\2026년도1학기\컴퓨터비전\실습\FoundationStereo\experiments\ds_v1_seed0/scandinavian_v59\submodel_applied  (pred_mask.png, panel.png, metrics.json)

============================================================
STEP: estimate_mirror_plane
============================================================

============================================================
STEP: viz_ransac_inliers
============================================================

============================================================
STEP: make_mirror_gt_from_depth
============================================================

============================================================
STEP: analyze_features
============================================================

============================================================
STEP: submodel_head
============================================================

============================================================
STEP: apply_submodel
============================================================

DONE: D:\Users\dust\Documents\학교\2026년도1학기\컴퓨터비전\실습\FoundationStereo\experiments\ds_v1_seed0/scandinavian_v59 (ok)

##### [127/132] ds_v1_seed0/scandinavian_v60  (done 59, fail 0, skip 67, elapsed 29m, ETA 3m) #####
[scene] ds_v1_seed0/scandinavian_v60  size=1280x720
[select] mirror 점 개수 = 163052  (mask=163052, valid&depth = 899695)
[conf] mirror 영역 평균 confidence = 0.6650

=== 평면 추정 결과 ===
  [PCA (closed form)]
      normal = [+0.0014, -0.9403, -0.3404]
      d = +2.1907   mirror_depth(perp) = 2.1907 m   view_z = 7.1576 m
      n_inliers = 163052/163052   rms_residual = 0.57451 m
  [RANSAC]
      normal = [-0.0469, +0.1169, -0.9920]
      d = +8.2384   mirror_depth(perp) = 8.2384 m   view_z = 7.1576 m
      n_inliers = 76446/163052   rms_residual = 0.03467 m
  [SVD robust (IRLS)]
      normal = [-0.0514, -0.9396, -0.3385]
      d = +2.1502   mirror_depth(perp) = 2.1502 m   view_z = 7.1576 m
      n_inliers = 21529/163052   rms_residual = 0.05586 m

[save] D:\Users\dust\Documents\학교\2026년도1학기\컴퓨터비전\실습\FoundationStereo\experiments\ds_v1_seed0/scandinavian_v60\mirror_geometry\result.json
[save] D:\Users\dust\Documents\학교\2026년도1학기\컴퓨터비전\실습\FoundationStereo\experiments\ds_v1_seed0/scandinavian_v60\mirror_geometry\plane.txt
[save] D:\Users\dust\Documents\학교\2026년도1학기\컴퓨터비전\실습\FoundationStereo\experiments\ds_v1_seed0/scandinavian_v60\mirror_geometry\viz.png

DONE: D:\Users\dust\Documents\학교\2026년도1학기\컴퓨터비전\실습\FoundationStereo\experiments\ds_v1_seed0/scandinavian_v60\mirror_geometry
[ds_v1_seed0/scandinavian_v60] 거울 점 163052개 중 inlier 76446 (46.9%) / outlier 86606
  normal=[-0.047  0.117 -0.992] d=8.238  rms(inlier)=0.0347 m  thr≈0.095 m
[save] D:\Users\dust\Documents\학교\2026년도1학기\컴퓨터비전\실습\FoundationStereo\experiments\ds_v1_seed0/scandinavian_v60\mirror_geometry\ransac_inliers.png
[gt] scandinavian_v60             perp 3.90m planRMS 0.2212m  normal [-0.271, 0.145, -0.952]

생성 1, 건너뜀 0 (depth_gt/mask 없음 등)
[ds_v1_seed0/scandinavian_v60] feature 184x320  mirror_frac=0.17683423913043478  feat_left=True
rank  signal              AUC    pol  sep     mean_in     mean_out
  1  feat_left_l2       0.7751   +  0.4506   19.307755   15.802894
  2  delta_argdisp      0.6464   -  0.2487   41.046869   56.290088
  3  post_entropy       0.6397   -  0.2752    0.744534    0.864252
  4  post_conf          0.5876   +  0.1565    0.664352    0.625587
  5  pre_entropy        0.5451   -  0.1121    1.750435    1.924306
  6  feat_left_pc2      0.5328   -  0.0286     2.49001    2.599545
  7  pre_conf           0.5268   +  0.0403     0.42371    0.406282
  8  delta_conf         0.5207   +  0.0422    0.240642    0.219305
  9  feat_left_pc3      0.5122   +  0.0661    2.028734    1.805796
 10  feat_left_pc1      0.5065   -  0.0324    2.843001    2.664496
 11  delta_entropy      0.5058   +  0.0332   -1.005902   -1.060054
BEST: feat_left_l2 (AUC=0.7751, polarity=+)
저장: D:\Users\dust\Documents\학교\2026년도1학기\컴퓨터비전\실습\FoundationStereo\experiments\ds_v1_seed0/scandinavian_v60\features\report.json / panels.png / mirror_signal.npy
[device] cuda
  [train] epoch 60/300  loss=0.4283
  [train] epoch 120/300  loss=0.2592
  [train] epoch 180/300  loss=0.1832
  [train] epoch 240/300  loss=0.1360
  [train] epoch 300/300  loss=0.1047

[VAL] scene=ds_v1_seed0/scandinavian_v60  (pixel 70/30 split)
  AUC      = 0.9965
  IoU@0.5  = 0.8471
  F1@0.5   = 0.9172
  accuracy = 0.9691  (prec=0.8628, rec=0.9789)
  tp=3019 fp=480 fn=65 tn=14100

[save] D:\Users\dust\Documents\학교\2026년도1학기\컴퓨터비전\실습\FoundationStereo\experiments\ds_v1_seed0/scandinavian_v60\submodel
  pred_mask.png, panel.png, metrics.json, head.pt
DONE: D:\Users\dust\Documents\학교\2026년도1학기\컴퓨터비전\실습\FoundationStereo\experiments\ds_v1_seed0/scandinavian_v60\submodel
[device] cuda
[load] D:\Users\dust\Documents\학교\2026년도1학기\컴퓨터비전\실습\FoundationStereo\experiments\_model\general_head.pt  (train_scenes=['archiviz_baseline080', 'bedroom_baseline080', 'blue_bathroom_baseline080', 'computer_room_baseline080', 'cozy_living_room_baseline080', 'flat-archiviz_baseline080', 'green_house_baseline080', 'gym_baseline080', 'livingroom_baseline080', 'minimal_interior_baseline080', 'scandinavian_baseline080', 'sunlight_baseline080'])

[APPLY] ds_v1_seed0/scandinavian_v60  (저장모델로 새 데이터 평가)
  AUC      = 0.9325
  IoU@0.5  = 0.5258
  F1@0.5   = 0.6892
  accuracy = 0.9110  (prec=0.9007, rec=0.5582)
  tp=5812 fp=641 fn=4600 tn=47827
[save] D:\Users\dust\Documents\학교\2026년도1학기\컴퓨터비전\실습\FoundationStereo\experiments\ds_v1_seed0/scandinavian_v60\submodel_applied  (pred_mask.png, panel.png, metrics.json)

============================================================
STEP: estimate_mirror_plane
============================================================

============================================================
STEP: viz_ransac_inliers
============================================================

============================================================
STEP: make_mirror_gt_from_depth
============================================================

============================================================
STEP: analyze_features
============================================================

============================================================
STEP: submodel_head
============================================================

============================================================
STEP: apply_submodel
============================================================

DONE: D:\Users\dust\Documents\학교\2026년도1학기\컴퓨터비전\실습\FoundationStereo\experiments\ds_v1_seed0/scandinavian_v60 (ok)

##### [128/132] ds_v1_seed0/scandinavian_v61  (done 60, fail 0, skip 67, elapsed 29m, ETA 2m) #####
[scene] ds_v1_seed0/scandinavian_v61  size=1280x720
[select] mirror 점 개수 = 177903  (mask=177903, valid&depth = 901909)
[conf] mirror 영역 평균 confidence = 0.6681

=== 평면 추정 결과 ===
  [PCA (closed form)]
      normal = [-0.0809, -0.9492, -0.3040]
      d = +2.5181   mirror_depth(perp) = 2.5181 m   view_z = 6.9677 m
      n_inliers = 177903/177903   rms_residual = 0.54761 m
  [RANSAC]
      normal = [-0.0856, -0.1162, -0.9895]
      d = +8.0913   mirror_depth(perp) = 8.0913 m   view_z = 6.9677 m
      n_inliers = 76168/177903   rms_residual = 0.02649 m
  [SVD robust (IRLS)]
      normal = [-0.1968, -0.9305, -0.3091]
      d = +2.5159   mirror_depth(perp) = 2.5159 m   view_z = 6.9677 m
      n_inliers = 16000/177903   rms_residual = 0.04618 m

[save] D:\Users\dust\Documents\학교\2026년도1학기\컴퓨터비전\실습\FoundationStereo\experiments\ds_v1_seed0/scandinavian_v61\mirror_geometry\result.json
[save] D:\Users\dust\Documents\학교\2026년도1학기\컴퓨터비전\실습\FoundationStereo\experiments\ds_v1_seed0/scandinavian_v61\mirror_geometry\plane.txt
[save] D:\Users\dust\Documents\학교\2026년도1학기\컴퓨터비전\실습\FoundationStereo\experiments\ds_v1_seed0/scandinavian_v61\mirror_geometry\viz.png

DONE: D:\Users\dust\Documents\학교\2026년도1학기\컴퓨터비전\실습\FoundationStereo\experiments\ds_v1_seed0/scandinavian_v61\mirror_geometry
[ds_v1_seed0/scandinavian_v61] 거울 점 177903개 중 inlier 76168 (42.8%) / outlier 101735
  normal=[-0.086 -0.116 -0.99 ] d=8.091  rms(inlier)=0.0265 m  thr≈0.081 m
[save] D:\Users\dust\Documents\학교\2026년도1학기\컴퓨터비전\실습\FoundationStereo\experiments\ds_v1_seed0/scandinavian_v61\mirror_geometry\ransac_inliers.png
[gt] scandinavian_v61             perp 3.71m planRMS 0.1685m  normal [-0.304, 0.074, -0.95]

생성 1, 건너뜀 0 (depth_gt/mask 없음 등)
[ds_v1_seed0/scandinavian_v61] feature 184x320  mirror_frac=0.1925101902173913  feat_left=True
rank  signal              AUC    pol  sep     mean_in     mean_out
  1  feat_left_l2       0.8476   +  0.6167   20.205265   15.357377
  2  post_entropy       0.8146   -  0.6086    0.723527     0.99629
  3  post_conf          0.7321   +  0.4417    0.668116    0.562495
  4  delta_argdisp      0.6703   -  0.2814   41.732686   59.123735
  5  delta_conf         0.5947   +  0.1742    0.224742     0.13251
  6  feat_left_pc3       0.587   +  0.1683     2.28534    1.745325
  7  delta_entropy      0.5535   -  0.0785   -0.968167   -0.834582
  8  pre_entropy        0.5353   -  0.0874    1.691694    1.830871
  9  feat_left_pc2      0.5341   -  0.0095    2.627402     2.66533
 10  feat_left_pc1       0.526   +  0.0938    3.254795    2.722937
 11  pre_conf           0.5248   +  0.0292    0.443374    0.429985
BEST: feat_left_l2 (AUC=0.8476, polarity=+)
저장: D:\Users\dust\Documents\학교\2026년도1학기\컴퓨터비전\실습\FoundationStereo\experiments\ds_v1_seed0/scandinavian_v61\features\report.json / panels.png / mirror_signal.npy
[device] cuda
  [train] epoch 60/300  loss=0.3472
  [train] epoch 120/300  loss=0.2124
  [train] epoch 180/300  loss=0.1552
  [train] epoch 240/300  loss=0.1202
  [train] epoch 300/300  loss=0.0953

[VAL] scene=ds_v1_seed0/scandinavian_v61  (pixel 70/30 split)
  AUC      = 0.9974
  IoU@0.5  = 0.8785
  F1@0.5   = 0.9353
  accuracy = 0.9740  (prec=0.8929, rec=0.9820)
  tp=3319 fp=398 fn=61 tn=13886

[save] D:\Users\dust\Documents\학교\2026년도1학기\컴퓨터비전\실습\FoundationStereo\experiments\ds_v1_seed0/scandinavian_v61\submodel
  pred_mask.png, panel.png, metrics.json, head.pt
DONE: D:\Users\dust\Documents\학교\2026년도1학기\컴퓨터비전\실습\FoundationStereo\experiments\ds_v1_seed0/scandinavian_v61\submodel
[device] cuda
[load] D:\Users\dust\Documents\학교\2026년도1학기\컴퓨터비전\실습\FoundationStereo\experiments\_model\general_head.pt  (train_scenes=['archiviz_baseline080', 'bedroom_baseline080', 'blue_bathroom_baseline080', 'computer_room_baseline080', 'cozy_living_room_baseline080', 'flat-archiviz_baseline080', 'green_house_baseline080', 'gym_baseline080', 'livingroom_baseline080', 'minimal_interior_baseline080', 'scandinavian_baseline080', 'sunlight_baseline080'])

[APPLY] ds_v1_seed0/scandinavian_v61  (저장모델로 새 데이터 평가)
  AUC      = 0.9126
  IoU@0.5  = 0.4696
  F1@0.5   = 0.6391
  accuracy = 0.8900  (prec=0.8670, rec=0.5060)
  tp=5736 fp=880 fn=5599 tn=46665
[save] D:\Users\dust\Documents\학교\2026년도1학기\컴퓨터비전\실습\FoundationStereo\experiments\ds_v1_seed0/scandinavian_v61\submodel_applied  (pred_mask.png, panel.png, metrics.json)

============================================================
STEP: estimate_mirror_plane
============================================================

============================================================
STEP: viz_ransac_inliers
============================================================

============================================================
STEP: make_mirror_gt_from_depth
============================================================

============================================================
STEP: analyze_features
============================================================

============================================================
STEP: submodel_head
============================================================

============================================================
STEP: apply_submodel
============================================================

DONE: D:\Users\dust\Documents\학교\2026년도1학기\컴퓨터비전\실습\FoundationStereo\experiments\ds_v1_seed0/scandinavian_v61 (ok)

##### [129/132] ds_v1_seed0/scandinavian_v62  (done 61, fail 0, skip 67, elapsed 29m, ETA 2m) #####
[scene] ds_v1_seed0/scandinavian_v62  size=1280x720
[select] mirror 점 개수 = 101303  (mask=101303, valid&depth = 903138)
[conf] mirror 영역 평균 confidence = 0.6527

=== 평면 추정 결과 ===
  [PCA (closed form)]
      normal = [+0.0887, -0.9223, -0.3762]
      d = +0.9460   mirror_depth(perp) = 0.9460 m   view_z = 6.7326 m
      n_inliers = 101303/101303   rms_residual = 0.39590 m
  [RANSAC]
      normal = [-0.2664, +0.2004, -0.9428]
      d = +8.4247   mirror_depth(perp) = 8.4247 m   view_z = 6.7326 m
      n_inliers = 36199/101303   rms_residual = 0.04595 m
  [SVD robust (IRLS)]
      normal = [+0.0741, -0.9228, -0.3780]
      d = +0.9139   mirror_depth(perp) = 0.9139 m   view_z = 6.7326 m
      n_inliers = 24142/101303   rms_residual = 0.06684 m

[save] D:\Users\dust\Documents\학교\2026년도1학기\컴퓨터비전\실습\FoundationStereo\experiments\ds_v1_seed0/scandinavian_v62\mirror_geometry\result.json
[save] D:\Users\dust\Documents\학교\2026년도1학기\컴퓨터비전\실습\FoundationStereo\experiments\ds_v1_seed0/scandinavian_v62\mirror_geometry\plane.txt
[save] D:\Users\dust\Documents\학교\2026년도1학기\컴퓨터비전\실습\FoundationStereo\experiments\ds_v1_seed0/scandinavian_v62\mirror_geometry\viz.png

DONE: D:\Users\dust\Documents\학교\2026년도1학기\컴퓨터비전\실습\FoundationStereo\experiments\ds_v1_seed0/scandinavian_v62\mirror_geometry
[ds_v1_seed0/scandinavian_v62] 거울 점 101303개 중 inlier 36199 (35.7%) / outlier 65104
  normal=[-0.266  0.2   -0.943] d=8.425  rms(inlier)=0.0460 m  thr≈0.114 m
[save] D:\Users\dust\Documents\학교\2026년도1학기\컴퓨터비전\실습\FoundationStereo\experiments\ds_v1_seed0/scandinavian_v62\mirror_geometry\ransac_inliers.png
[gt] scandinavian_v62             perp 4.09m planRMS 0.2780m  normal [-0.468, 0.33, -0.82]

생성 1, 건너뜀 0 (depth_gt/mask 없음 등)
[ds_v1_seed0/scandinavian_v62] feature 184x320  mirror_frac=0.1110054347826087  feat_left=True
rank  signal              AUC    pol  sep     mean_in     mean_out
  1  post_entropy       0.6696   +  0.2469    0.746745    0.667884
  2  feat_left_l2       0.6411   +   0.273   18.299374   16.686698
  3  post_conf          0.6376   -  0.2436    0.651931    0.707786
  4  feat_left_pc1      0.5751   -  0.0991    2.231723    2.581195
  5  feat_left_pc3       0.561   +  0.1501    2.179625    1.700923
  6  delta_conf         0.5403   -  0.0747    0.240988    0.277604
  7  delta_argdisp      0.5374   -  0.0497   41.529988   44.722165
  8  pre_conf           0.5335   -  0.0433    0.410942    0.430183
  9  pre_entropy        0.5223   +  0.0098    1.857404    1.841883
 10  delta_entropy      0.5072   +  0.0395   -1.110659      -1.174
 11  feat_left_pc2       0.507   +  0.0146    2.126479    2.080336
BEST: post_entropy (AUC=0.6696, polarity=+)
저장: D:\Users\dust\Documents\학교\2026년도1학기\컴퓨터비전\실습\FoundationStereo\experiments\ds_v1_seed0/scandinavian_v62\features\report.json / panels.png / mirror_signal.npy
[device] cuda
  [train] epoch 60/300  loss=0.5678
  [train] epoch 120/300  loss=0.3470
  [train] epoch 180/300  loss=0.2376
  [train] epoch 240/300  loss=0.1712
  [train] epoch 300/300  loss=0.1280

[VAL] scene=ds_v1_seed0/scandinavian_v62  (pixel 70/30 split)
  AUC      = 0.9927
  IoU@0.5  = 0.7355
  F1@0.5   = 0.8476
  accuracy = 0.9620  (prec=0.7592, rec=0.9594)
  tp=1866 fp=592 fn=79 tn=15127

[save] D:\Users\dust\Documents\학교\2026년도1학기\컴퓨터비전\실습\FoundationStereo\experiments\ds_v1_seed0/scandinavian_v62\submodel
  pred_mask.png, panel.png, metrics.json, head.pt
DONE: D:\Users\dust\Documents\학교\2026년도1학기\컴퓨터비전\실습\FoundationStereo\experiments\ds_v1_seed0/scandinavian_v62\submodel
[device] cuda
[load] D:\Users\dust\Documents\학교\2026년도1학기\컴퓨터비전\실습\FoundationStereo\experiments\_model\general_head.pt  (train_scenes=['archiviz_baseline080', 'bedroom_baseline080', 'blue_bathroom_baseline080', 'computer_room_baseline080', 'cozy_living_room_baseline080', 'flat-archiviz_baseline080', 'green_house_baseline080', 'gym_baseline080', 'livingroom_baseline080', 'minimal_interior_baseline080', 'scandinavian_baseline080', 'sunlight_baseline080'])

[APPLY] ds_v1_seed0/scandinavian_v62  (저장모델로 새 데이터 평가)
  AUC      = 0.9348
  IoU@0.5  = 0.4578
  F1@0.5   = 0.6281
  accuracy = 0.9202  (prec=0.6503, rec=0.6074)
  tp=3970 fp=2135 fn=2566 tn=50209
[save] D:\Users\dust\Documents\학교\2026년도1학기\컴퓨터비전\실습\FoundationStereo\experiments\ds_v1_seed0/scandinavian_v62\submodel_applied  (pred_mask.png, panel.png, metrics.json)

============================================================
STEP: estimate_mirror_plane
============================================================

============================================================
STEP: viz_ransac_inliers
============================================================

============================================================
STEP: make_mirror_gt_from_depth
============================================================

============================================================
STEP: analyze_features
============================================================

============================================================
STEP: submodel_head
============================================================

============================================================
STEP: apply_submodel
============================================================

DONE: D:\Users\dust\Documents\학교\2026년도1학기\컴퓨터비전\실습\FoundationStereo\experiments\ds_v1_seed0/scandinavian_v62 (ok)

##### [130/132] ds_v1_seed0/scandinavian_v63  (done 62, fail 0, skip 67, elapsed 30m, ETA 1m) #####
[scene] ds_v1_seed0/scandinavian_v63  size=1280x720
[select] mirror 점 개수 = 170086  (mask=170086, valid&depth = 904381)
[conf] mirror 영역 평균 confidence = 0.6610

=== 평면 추정 결과 ===
  [PCA (closed form)]
      normal = [+0.0187, -0.9106, -0.4129]
      d = +1.9573   mirror_depth(perp) = 1.9573 m   view_z = 7.1663 m
      n_inliers = 170086/170086   rms_residual = 0.58904 m
  [RANSAC]
      normal = [-0.1583, +0.1990, -0.9671]
      d = +8.3052   mirror_depth(perp) = 8.3052 m   view_z = 7.1663 m
      n_inliers = 91908/170086   rms_residual = 0.02856 m
  [SVD robust (IRLS)]
      normal = [-0.0208, -0.9086, -0.4171]
      d = +2.0001   mirror_depth(perp) = 2.0001 m   view_z = 7.1663 m
      n_inliers = 22276/170086   rms_residual = 0.04773 m

[save] D:\Users\dust\Documents\학교\2026년도1학기\컴퓨터비전\실습\FoundationStereo\experiments\ds_v1_seed0/scandinavian_v63\mirror_geometry\result.json
[save] D:\Users\dust\Documents\학교\2026년도1학기\컴퓨터비전\실습\FoundationStereo\experiments\ds_v1_seed0/scandinavian_v63\mirror_geometry\plane.txt
[save] D:\Users\dust\Documents\학교\2026년도1학기\컴퓨터비전\실습\FoundationStereo\experiments\ds_v1_seed0/scandinavian_v63\mirror_geometry\viz.png

DONE: D:\Users\dust\Documents\학교\2026년도1학기\컴퓨터비전\실습\FoundationStereo\experiments\ds_v1_seed0/scandinavian_v63\mirror_geometry
[ds_v1_seed0/scandinavian_v63] 거울 점 170086개 중 inlier 91908 (54.0%) / outlier 78178
  normal=[-0.158  0.199 -0.967] d=8.305  rms(inlier)=0.0286 m  thr≈0.083 m
[save] D:\Users\dust\Documents\학교\2026년도1학기\컴퓨터비전\실습\FoundationStereo\experiments\ds_v1_seed0/scandinavian_v63\mirror_geometry\ransac_inliers.png
[gt] scandinavian_v63             perp 3.97m planRMS 0.2576m  normal [-0.337, 0.218, -0.916]

생성 1, 건너뜀 0 (depth_gt/mask 없음 등)
[ds_v1_seed0/scandinavian_v63] feature 184x320  mirror_frac=0.1843070652173913  feat_left=True
rank  signal              AUC    pol  sep     mean_in     mean_out
  1  feat_left_l2       0.6723   +  0.3179   18.554143   16.278749
  2  delta_argdisp      0.5799   -   0.118   43.584869    51.19345
  3  post_conf          0.5452   -  0.0744    0.660309    0.677332
  4  post_entropy       0.5429   +  0.0304    0.749577    0.738711
  5  delta_entropy       0.535   +  0.0952   -1.082905   -1.231302
  6  pre_entropy        0.5315   -  0.0899    1.832482    1.970014
  7  feat_left_pc2      0.5238   +  0.0469    2.437872    2.256173
  8  delta_conf         0.5207   -  0.0501     0.25446    0.278009
  9  feat_left_pc3      0.5182   +  0.1132    2.232056    1.842099
 10  feat_left_pc1      0.5144   +  0.0514    2.724211    2.470943
 11  pre_conf           0.5021   +  0.0155    0.405849    0.399323
BEST: feat_left_l2 (AUC=0.6723, polarity=+)
저장: D:\Users\dust\Documents\학교\2026년도1학기\컴퓨터비전\실습\FoundationStereo\experiments\ds_v1_seed0/scandinavian_v63\features\report.json / panels.png / mirror_signal.npy
[device] cuda
  [train] epoch 60/300  loss=0.5186
  [train] epoch 120/300  loss=0.3150
  [train] epoch 180/300  loss=0.2128
  [train] epoch 240/300  loss=0.1512
  [train] epoch 300/300  loss=0.1122

[VAL] scene=ds_v1_seed0/scandinavian_v63  (pixel 70/30 split)
  AUC      = 0.9956
  IoU@0.5  = 0.8506
  F1@0.5   = 0.9192
  accuracy = 0.9685  (prec=0.8694, rec=0.9751)
  tp=3170 fp=476 fn=81 tn=13937

[save] D:\Users\dust\Documents\학교\2026년도1학기\컴퓨터비전\실습\FoundationStereo\experiments\ds_v1_seed0/scandinavian_v63\submodel
  pred_mask.png, panel.png, metrics.json, head.pt
DONE: D:\Users\dust\Documents\학교\2026년도1학기\컴퓨터비전\실습\FoundationStereo\experiments\ds_v1_seed0/scandinavian_v63\submodel
[device] cuda
[load] D:\Users\dust\Documents\학교\2026년도1학기\컴퓨터비전\실습\FoundationStereo\experiments\_model\general_head.pt  (train_scenes=['archiviz_baseline080', 'bedroom_baseline080', 'blue_bathroom_baseline080', 'computer_room_baseline080', 'cozy_living_room_baseline080', 'flat-archiviz_baseline080', 'green_house_baseline080', 'gym_baseline080', 'livingroom_baseline080', 'minimal_interior_baseline080', 'scandinavian_baseline080', 'sunlight_baseline080'])

[APPLY] ds_v1_seed0/scandinavian_v63  (저장모델로 새 데이터 평가)
  AUC      = 0.9251
  IoU@0.5  = 0.4968
  F1@0.5   = 0.6638
  accuracy = 0.9002  (prec=0.8748, rec=0.5348)
  tp=5804 fp=831 fn=5048 tn=47197
[save] D:\Users\dust\Documents\학교\2026년도1학기\컴퓨터비전\실습\FoundationStereo\experiments\ds_v1_seed0/scandinavian_v63\submodel_applied  (pred_mask.png, panel.png, metrics.json)

============================================================
STEP: estimate_mirror_plane
============================================================

============================================================
STEP: viz_ransac_inliers
============================================================

============================================================
STEP: make_mirror_gt_from_depth
============================================================

============================================================
STEP: analyze_features
============================================================

============================================================
STEP: submodel_head
============================================================

============================================================
STEP: apply_submodel
============================================================

DONE: D:\Users\dust\Documents\학교\2026년도1학기\컴퓨터비전\실습\FoundationStereo\experiments\ds_v1_seed0/scandinavian_v63 (ok)

##### [131/132] ds_v1_seed0/scandinavian_v64  (done 63, fail 0, skip 67, elapsed 30m, ETA 1m) #####
[scene] ds_v1_seed0/scandinavian_v64  size=1280x720
[select] mirror 점 개수 = 163987  (mask=163987, valid&depth = 902195)
[conf] mirror 영역 평균 confidence = 0.6637

=== 평면 추정 결과 ===
  [PCA (closed form)]
      normal = [-0.0311, -0.9631, -0.2672]
      d = +2.2295   mirror_depth(perp) = 2.2295 m   view_z = 7.1722 m
      n_inliers = 163987/163987   rms_residual = 0.57428 m
  [RANSAC]
      normal = [-0.1454, -0.0071, -0.9893]
      d = +8.2560   mirror_depth(perp) = 8.2560 m   view_z = 7.1722 m
      n_inliers = 78711/163987   rms_residual = 0.04571 m
  [SVD robust (IRLS)]
      normal = [-0.0977, -0.9584, -0.2683]
      d = +2.2232   mirror_depth(perp) = 2.2232 m   view_z = 7.1722 m
      n_inliers = 25909/163987   rms_residual = 0.07075 m

[save] D:\Users\dust\Documents\학교\2026년도1학기\컴퓨터비전\실습\FoundationStereo\experiments\ds_v1_seed0/scandinavian_v64\mirror_geometry\result.json
[save] D:\Users\dust\Documents\학교\2026년도1학기\컴퓨터비전\실습\FoundationStereo\experiments\ds_v1_seed0/scandinavian_v64\mirror_geometry\plane.txt
[save] D:\Users\dust\Documents\학교\2026년도1학기\컴퓨터비전\실습\FoundationStereo\experiments\ds_v1_seed0/scandinavian_v64\mirror_geometry\viz.png

DONE: D:\Users\dust\Documents\학교\2026년도1학기\컴퓨터비전\실습\FoundationStereo\experiments\ds_v1_seed0/scandinavian_v64\mirror_geometry
[ds_v1_seed0/scandinavian_v64] 거울 점 163987개 중 inlier 78711 (48.0%) / outlier 85276
  normal=[-0.145 -0.007 -0.989] d=8.256  rms(inlier)=0.0457 m  thr≈0.122 m
[save] D:\Users\dust\Documents\학교\2026년도1학기\컴퓨터비전\실습\FoundationStereo\experiments\ds_v1_seed0/scandinavian_v64\mirror_geometry\ransac_inliers.png
[gt] scandinavian_v64             perp 3.89m planRMS 0.2082m  normal [-0.301, 0.07, -0.951]

생성 1, 건너뜀 0 (depth_gt/mask 없음 등)
[ds_v1_seed0/scandinavian_v64] feature 184x320  mirror_frac=0.17717391304347826  feat_left=True
rank  signal              AUC    pol  sep     mean_in     mean_out
  1  feat_left_l2       0.8226   +  0.5511   19.963975   15.531908
  2  post_entropy       0.7104   -  0.4523    0.738398    0.934542
  3  delta_argdisp      0.6867   -  0.3246   38.946798   58.624856
  4  post_conf          0.6208   +  0.2352    0.662951    0.604934
  5  feat_left_pc3      0.5652   +  0.1444     2.26327    1.768763
  6  delta_conf         0.5407   +  0.0848    0.226882    0.181527
  7  delta_entropy      0.5314   -  0.0365   -0.986677   -0.924497
  8  pre_entropy        0.5306   -  0.0839    1.725075    1.859039
  9  feat_left_pc2      0.5285   -  0.0003     2.61093    2.609553
 10  pre_conf           0.5205   +   0.028    0.436069    0.423407
 11  feat_left_pc1      0.5065   +  0.0646    3.083009     2.70963
BEST: feat_left_l2 (AUC=0.8226, polarity=+)
저장: D:\Users\dust\Documents\학교\2026년도1학기\컴퓨터비전\실습\FoundationStereo\experiments\ds_v1_seed0/scandinavian_v64\features\report.json / panels.png / mirror_signal.npy
[device] cuda
  [train] epoch 60/300  loss=0.3786
  [train] epoch 120/300  loss=0.2210
  [train] epoch 180/300  loss=0.1549
  [train] epoch 240/300  loss=0.1163
  [train] epoch 300/300  loss=0.0908

[VAL] scene=ds_v1_seed0/scandinavian_v64  (pixel 70/30 split)
  AUC      = 0.9969
  IoU@0.5  = 0.8666
  F1@0.5   = 0.9285
  accuracy = 0.9735  (prec=0.8830, rec=0.9791)
  tp=3041 fp=403 fn=65 tn=14155

[save] D:\Users\dust\Documents\학교\2026년도1학기\컴퓨터비전\실습\FoundationStereo\experiments\ds_v1_seed0/scandinavian_v64\submodel
  pred_mask.png, panel.png, metrics.json, head.pt
DONE: D:\Users\dust\Documents\학교\2026년도1학기\컴퓨터비전\실습\FoundationStereo\experiments\ds_v1_seed0/scandinavian_v64\submodel
[device] cuda
[load] D:\Users\dust\Documents\학교\2026년도1학기\컴퓨터비전\실습\FoundationStereo\experiments\_model\general_head.pt  (train_scenes=['archiviz_baseline080', 'bedroom_baseline080', 'blue_bathroom_baseline080', 'computer_room_baseline080', 'cozy_living_room_baseline080', 'flat-archiviz_baseline080', 'green_house_baseline080', 'gym_baseline080', 'livingroom_baseline080', 'minimal_interior_baseline080', 'scandinavian_baseline080', 'sunlight_baseline080'])

[APPLY] ds_v1_seed0/scandinavian_v64  (저장모델로 새 데이터 평가)
  AUC      = 0.9253
  IoU@0.5  = 0.5119
  F1@0.5   = 0.6772
  accuracy = 0.9090  (prec=0.9120, rec=0.5385)
  tp=5618 fp=542 fn=4814 tn=47906
[save] D:\Users\dust\Documents\학교\2026년도1학기\컴퓨터비전\실습\FoundationStereo\experiments\ds_v1_seed0/scandinavian_v64\submodel_applied  (pred_mask.png, panel.png, metrics.json)

============================================================
STEP: estimate_mirror_plane
============================================================

============================================================
STEP: viz_ransac_inliers
============================================================

============================================================
STEP: make_mirror_gt_from_depth
============================================================

============================================================
STEP: analyze_features
============================================================

============================================================
STEP: submodel_head
============================================================

============================================================
STEP: apply_submodel
============================================================

DONE: D:\Users\dust\Documents\학교\2026년도1학기\컴퓨터비전\실습\FoundationStereo\experiments\ds_v1_seed0/scandinavian_v64 (ok)

##### [132/132] ds_v1_seed0/scandinavian_v65  (done 64, fail 0, skip 67, elapsed 30m, ETA 0m) #####
[scene] ds_v1_seed0/scandinavian_v65  size=1280x720
[select] mirror 점 개수 = 134987  (mask=134987, valid&depth = 899783)
[conf] mirror 영역 평균 confidence = 0.6429

=== 평면 추정 결과 ===
  [PCA (closed form)]
      normal = [+0.0086, -0.9053, -0.4246]
      d = +1.6207   mirror_depth(perp) = 1.6207 m   view_z = 6.8961 m
      n_inliers = 134987/134987   rms_residual = 0.43953 m
  [RANSAC]
      normal = [-0.2506, +0.3105, -0.9169]
      d = +8.1963   mirror_depth(perp) = 8.1963 m   view_z = 6.8961 m
      n_inliers = 57688/134987   rms_residual = 0.02179 m
  [SVD robust (IRLS)]
      normal = [-0.0471, -0.9042, -0.4245]
      d = +1.5671   mirror_depth(perp) = 1.5671 m   view_z = 6.8961 m
      n_inliers = 19598/134987   rms_residual = 0.04768 m

[save] D:\Users\dust\Documents\학교\2026년도1학기\컴퓨터비전\실습\FoundationStereo\experiments\ds_v1_seed0/scandinavian_v65\mirror_geometry\result.json
[save] D:\Users\dust\Documents\학교\2026년도1학기\컴퓨터비전\실습\FoundationStereo\experiments\ds_v1_seed0/scandinavian_v65\mirror_geometry\plane.txt
[save] D:\Users\dust\Documents\학교\2026년도1학기\컴퓨터비전\실습\FoundationStereo\experiments\ds_v1_seed0/scandinavian_v65\mirror_geometry\viz.png

DONE: D:\Users\dust\Documents\학교\2026년도1학기\컴퓨터비전\실습\FoundationStereo\experiments\ds_v1_seed0/scandinavian_v65\mirror_geometry
[ds_v1_seed0/scandinavian_v65] 거울 점 134987개 중 inlier 57688 (42.7%) / outlier 77299
  normal=[-0.251  0.31  -0.917] d=8.196  rms(inlier)=0.0218 m  thr≈0.082 m
[save] D:\Users\dust\Documents\학교\2026년도1학기\컴퓨터비전\실습\FoundationStereo\experiments\ds_v1_seed0/scandinavian_v65\mirror_geometry\ransac_inliers.png
[gt] scandinavian_v65             perp 3.94m planRMS 0.2585m  normal [-0.297, 0.34, -0.892]

생성 1, 건너뜀 0 (depth_gt/mask 없음 등)
[ds_v1_seed0/scandinavian_v65] feature 184x320  mirror_frac=0.14741847826086957  feat_left=True
rank  signal              AUC    pol  sep     mean_in     mean_out
  1  feat_left_l2       0.6683   +  0.3062   18.549523   16.534365
  2  post_conf          0.5855   -  0.1469    0.642491    0.678441
  3  post_entropy        0.583   +  0.0616    0.752128    0.727765
  4  delta_argdisp      0.5717   -  0.1102   40.941014   47.880498
  5  delta_conf         0.5678   -  0.1175    0.221237    0.278895
  6  delta_entropy      0.5511   +  0.1178   -1.058904   -1.249272
  7  pre_entropy        0.5402   -  0.1048    1.811032    1.977037
  8  feat_left_pc3      0.5312   +  0.1027     2.04414    1.734145
  9  feat_left_pc2       0.529   -  0.0433    2.150177    2.304618
 10  feat_left_pc1      0.5217   -  0.0507    2.346245    2.541811
 11  pre_conf             0.52   +  0.0496    0.421254    0.399546
BEST: feat_left_l2 (AUC=0.6683, polarity=+)
저장: D:\Users\dust\Documents\학교\2026년도1학기\컴퓨터비전\실습\FoundationStereo\experiments\ds_v1_seed0/scandinavian_v65\features\report.json / panels.png / mirror_signal.npy
[device] cuda
  [train] epoch 60/300  loss=0.5042
  [train] epoch 120/300  loss=0.2876
  [train] epoch 180/300  loss=0.1884
  [train] epoch 240/300  loss=0.1310
  [train] epoch 300/300  loss=0.0957

[VAL] scene=ds_v1_seed0/scandinavian_v65  (pixel 70/30 split)
  AUC      = 0.9971
  IoU@0.5  = 0.8553
  F1@0.5   = 0.9220
  accuracy = 0.9757  (prec=0.8696, rec=0.9810)
  tp=2535 fp=380 fn=49 tn=14700

[save] D:\Users\dust\Documents\학교\2026년도1학기\컴퓨터비전\실습\FoundationStereo\experiments\ds_v1_seed0/scandinavian_v65\submodel
  pred_mask.png, panel.png, metrics.json, head.pt
DONE: D:\Users\dust\Documents\학교\2026년도1학기\컴퓨터비전\실습\FoundationStereo\experiments\ds_v1_seed0/scandinavian_v65\submodel
[device] cuda
[load] D:\Users\dust\Documents\학교\2026년도1학기\컴퓨터비전\실습\FoundationStereo\experiments\_model\general_head.pt  (train_scenes=['archiviz_baseline080', 'bedroom_baseline080', 'blue_bathroom_baseline080', 'computer_room_baseline080', 'cozy_living_room_baseline080', 'flat-archiviz_baseline080', 'green_house_baseline080', 'gym_baseline080', 'livingroom_baseline080', 'minimal_interior_baseline080', 'scandinavian_baseline080', 'sunlight_baseline080'])

[APPLY] ds_v1_seed0/scandinavian_v65  (저장모델로 새 데이터 평가)
  AUC      = 0.9613
  IoU@0.5  = 0.5776
  F1@0.5   = 0.7322
  accuracy = 0.9344  (prec=0.9198, rec=0.6082)
  tp=5279 fp=460 fn=3401 tn=49740
[save] D:\Users\dust\Documents\학교\2026년도1학기\컴퓨터비전\실습\FoundationStereo\experiments\ds_v1_seed0/scandinavian_v65\submodel_applied  (pred_mask.png, panel.png, metrics.json)

============================================================
STEP: estimate_mirror_plane
============================================================

============================================================
STEP: viz_ransac_inliers
============================================================

============================================================
STEP: make_mirror_gt_from_depth
============================================================

============================================================
STEP: analyze_features
============================================================

============================================================
STEP: submodel_head
============================================================

============================================================
STEP: apply_submodel
============================================================

DONE: D:\Users\dust\Documents\학교\2026년도1학기\컴퓨터비전\실습\FoundationStereo\experiments\ds_v1_seed0/scandinavian_v65 (ok)

[batch] 끝: done 65, fail 0, skip 67, 총 0.5h
