[batch] D:\Users\dust\Documents\학교\2026년도1학기\컴퓨터비전\실습\Archive\ds_v1_seed0 → experiments/ds_v1_seed0/  (2 scene, 132 views, post_only)

##### [59/132] ds_v1_seed0/gym_v58  (done 0, fail 0, skip 58, elapsed 0m, ETA 0m) #####
[scene] ds_v1_seed0/gym_v58  size=1280x720
[select] mirror 점 개수 = 173048  (mask=173048, valid&depth = 872092)
[conf] mirror 영역 평균 confidence = 0.6723

=== 평면 추정 결과 ===
  [PCA (closed form)]
      normal = [+0.0487, -0.9325, -0.3578]
      d = +1.2881   mirror_depth(perp) = 1.2881 m   view_z = 8.4834 m
      n_inliers = 173048/173048   rms_residual = 0.62480 m
  [RANSAC]
      normal = [-0.0111, -0.9582, -0.2859]
      d = +1.6476   mirror_depth(perp) = 1.6476 m   view_z = 8.4834 m
      n_inliers = 39658/173048   rms_residual = 0.04683 m
  [SVD robust (IRLS)]
      normal = [+0.0484, -0.9389, -0.3409]
      d = +1.0759   mirror_depth(perp) = 1.0759 m   view_z = 8.4834 m
      n_inliers = 25417/173048   rms_residual = 0.09209 m

[save] D:\Users\dust\Documents\학교\2026년도1학기\컴퓨터비전\실습\FoundationStereo\experiments\ds_v1_seed0/gym_v58\mirror_geometry\result.json
[save] D:\Users\dust\Documents\학교\2026년도1학기\컴퓨터비전\실습\FoundationStereo\experiments\ds_v1_seed0/gym_v58\mirror_geometry\plane.txt
[save] D:\Users\dust\Documents\학교\2026년도1학기\컴퓨터비전\실습\FoundationStereo\experiments\ds_v1_seed0/gym_v58\mirror_geometry\viz.png

DONE: D:\Users\dust\Documents\학교\2026년도1학기\컴퓨터비전\실습\FoundationStereo\experiments\ds_v1_seed0/gym_v58\mirror_geometry
[ds_v1_seed0/gym_v58] 거울 점 173048개 중 inlier 39658 (22.9%) / outlier 133390
  normal=[-0.011 -0.958 -0.286] d=1.648  rms(inlier)=0.0468 m  thr≈0.148 m
[save] D:\Users\dust\Documents\학교\2026년도1학기\컴퓨터비전\실습\FoundationStereo\experiments\ds_v1_seed0/gym_v58\mirror_geometry\ransac_inliers.png
[gt] gym_v58                      perp 4.78m planRMS 0.0588m  normal [-0.523, 0.258, -0.813]

생성 1, 건너뜀 0 (depth_gt/mask 없음 등)
[ds_v1_seed0/gym_v58] feature 184x320  mirror_frac=0.18840013586956522  feat_left=True
rank  signal              AUC    pol  sep     mean_in     mean_out
  1  delta_entropy       0.683   -  0.3444   -1.527166   -0.995207
  2  pre_entropy        0.6806   +   0.302    2.213757    1.771415
  3  pre_conf           0.6591   -  0.2874    0.332645     0.44626
  4  feat_left_pc1      0.6404   -  0.2458    1.768513    2.622145
  5  delta_conf         0.6338   +   0.267    0.340178    0.209982
  6  feat_left_l2       0.5704   +  0.1083   17.176417   16.595382
  7  delta_argdisp      0.5372   +  0.0657   45.709186   41.645803
  8  feat_left_pc2      0.5358   +  0.0661     2.26971     2.06787
  9  post_entropy       0.5251   -  0.2008    0.686591    0.776207
 10  post_conf          0.5164   +  0.0619    0.672823    0.656242
 11  feat_left_pc3      0.5074   +  0.0044     1.53313    1.545431
BEST: delta_entropy (AUC=0.683, polarity=-)
저장: D:\Users\dust\Documents\학교\2026년도1학기\컴퓨터비전\실습\FoundationStereo\experiments\ds_v1_seed0/gym_v58\features\report.json / panels.png / mirror_signal.npy
[device] cuda
  [train] epoch 60/300  loss=0.5834
  [train] epoch 120/300  loss=0.4276
  [train] epoch 180/300  loss=0.3263
  [train] epoch 240/300  loss=0.2512
  [train] epoch 300/300  loss=0.1954

[VAL] scene=ds_v1_seed0/gym_v58  (pixel 70/30 split)
  AUC      = 0.9840
  IoU@0.5  = 0.7200
  F1@0.5   = 0.8372
  accuracy = 0.9321  (prec=0.7554, rec=0.9389)
  tp=3086 fp=999 fn=201 tn=13378

[save] D:\Users\dust\Documents\학교\2026년도1학기\컴퓨터비전\실습\FoundationStereo\experiments\ds_v1_seed0/gym_v58\submodel
  pred_mask.png, panel.png, metrics.json, head.pt
DONE: D:\Users\dust\Documents\학교\2026년도1학기\컴퓨터비전\실습\FoundationStereo\experiments\ds_v1_seed0/gym_v58\submodel
[device] cuda
[load] D:\Users\dust\Documents\학교\2026년도1학기\컴퓨터비전\실습\FoundationStereo\experiments\_model\general_head.pt  (train_scenes=['archiviz_baseline080', 'bedroom_baseline080', 'blue_bathroom_baseline080', 'computer_room_baseline080', 'cozy_living_room_baseline080', 'flat-archiviz_baseline080', 'green_house_baseline080', 'gym_baseline080', 'livingroom_baseline080', 'minimal_interior_baseline080', 'scandinavian_baseline080', 'sunlight_baseline080'])

[APPLY] ds_v1_seed0/gym_v58  (저장모델로 새 데이터 평가)
  AUC      = 0.9707
  IoU@0.5  = 0.6597
  F1@0.5   = 0.7949
  accuracy = 0.9118  (prec=0.7074, rec=0.9071)
  tp=10063 fp=4162 fn=1030 tn=43625
[save] D:\Users\dust\Documents\학교\2026년도1학기\컴퓨터비전\실습\FoundationStereo\experiments\ds_v1_seed0/gym_v58\submodel_applied  (pred_mask.png, panel.png, metrics.json)

============================================================
STEP: estimate_mirror_plane
============================================================

============================================================
STEP: viz_ransac_inliers
============================================================

============================================================
STEP: make_mirror_gt_from_depth
============================================================

============================================================
STEP: analyze_features
============================================================

============================================================
STEP: submodel_head
============================================================

============================================================
STEP: apply_submodel
============================================================

DONE: D:\Users\dust\Documents\학교\2026년도1학기\컴퓨터비전\실습\FoundationStereo\experiments\ds_v1_seed0/gym_v58 (ok)

##### [60/132] ds_v1_seed0/gym_v59  (done 1, fail 0, skip 58, elapsed 1m, ETA 59m) #####
[scene] ds_v1_seed0/gym_v59  size=1280x720
[select] mirror 점 개수 = 176000  (mask=176000, valid&depth = 874360)
[conf] mirror 영역 평균 confidence = 0.7432

=== 평면 추정 결과 ===
  [PCA (closed form)]
      normal = [+0.6382, -0.3651, -0.6778]
      d = +2.6995   mirror_depth(perp) = 2.6995 m   view_z = 7.3526 m
      n_inliers = 176000/176000   rms_residual = 0.56522 m
  [RANSAC]
      normal = [+0.6489, +0.1466, -0.7466]
      d = +4.3235   mirror_depth(perp) = 4.3235 m   view_z = 7.3526 m
      n_inliers = 87973/176000   rms_residual = 0.03107 m
  [SVD robust (IRLS)]
      normal = [+0.6393, -0.3068, -0.7051]
      d = +3.0449   mirror_depth(perp) = 3.0449 m   view_z = 7.3526 m
      n_inliers = 41550/176000   rms_residual = 0.06345 m

[save] D:\Users\dust\Documents\학교\2026년도1학기\컴퓨터비전\실습\FoundationStereo\experiments\ds_v1_seed0/gym_v59\mirror_geometry\result.json
[save] D:\Users\dust\Documents\학교\2026년도1학기\컴퓨터비전\실습\FoundationStereo\experiments\ds_v1_seed0/gym_v59\mirror_geometry\plane.txt
[save] D:\Users\dust\Documents\학교\2026년도1학기\컴퓨터비전\실습\FoundationStereo\experiments\ds_v1_seed0/gym_v59\mirror_geometry\viz.png

DONE: D:\Users\dust\Documents\학교\2026년도1학기\컴퓨터비전\실습\FoundationStereo\experiments\ds_v1_seed0/gym_v59\mirror_geometry
[ds_v1_seed0/gym_v59] 거울 점 176000개 중 inlier 87973 (50.0%) / outlier 88027
  normal=[ 0.649  0.147 -0.747] d=4.323  rms(inlier)=0.0311 m  thr≈0.109 m
[save] D:\Users\dust\Documents\학교\2026년도1학기\컴퓨터비전\실습\FoundationStereo\experiments\ds_v1_seed0/gym_v59\mirror_geometry\ransac_inliers.png
[gt] gym_v59                      perp 4.29m planRMS 0.0160m  normal [-0.73, 0.186, -0.657]

생성 1, 건너뜀 0 (depth_gt/mask 없음 등)
[ds_v1_seed0/gym_v59] feature 184x320  mirror_frac=0.19103260869565217  feat_left=True
rank  signal              AUC    pol  sep     mean_in     mean_out
  1  delta_conf          0.698   +  0.3758    0.377528    0.191452
  2  post_conf          0.6883   +  0.3536    0.743578    0.649039
  3  post_entropy       0.6836   -  0.3926     0.61489    0.792553
  4  delta_entropy      0.6741   -  0.3171   -1.411406   -0.921015
  5  pre_entropy        0.6339   +  0.2118    2.026297    1.713568
  6  pre_conf           0.6272   -  0.2199    0.366051    0.457588
  7  feat_left_pc1       0.599   -  0.1762    2.020846    2.658437
  8  feat_left_l2       0.5433   +  0.0608   16.973865   16.630323
  9  feat_left_pc3      0.5161   +  0.0205    1.602612    1.544282
 10  delta_argdisp      0.5149   -  0.0195    41.57139   42.786047
 11  feat_left_pc2      0.5135   +  0.0148    2.243826    2.198151
BEST: delta_conf (AUC=0.698, polarity=+)
저장: D:\Users\dust\Documents\학교\2026년도1학기\컴퓨터비전\실습\FoundationStereo\experiments\ds_v1_seed0/gym_v59\features\report.json / panels.png / mirror_signal.npy
[device] cuda
  [train] epoch 60/300  loss=0.5738
  [train] epoch 120/300  loss=0.4163
  [train] epoch 180/300  loss=0.3111
  [train] epoch 240/300  loss=0.2302
  [train] epoch 300/300  loss=0.1714

[VAL] scene=ds_v1_seed0/gym_v59  (pixel 70/30 split)
  AUC      = 0.9879
  IoU@0.5  = 0.7675
  F1@0.5   = 0.8685
  accuracy = 0.9455  (prec=0.7982, rec=0.9523)
  tp=3176 fp=803 fn=159 tn=13526

[save] D:\Users\dust\Documents\학교\2026년도1학기\컴퓨터비전\실습\FoundationStereo\experiments\ds_v1_seed0/gym_v59\submodel
  pred_mask.png, panel.png, metrics.json, head.pt
DONE: D:\Users\dust\Documents\학교\2026년도1학기\컴퓨터비전\실습\FoundationStereo\experiments\ds_v1_seed0/gym_v59\submodel
[device] cuda
[load] D:\Users\dust\Documents\학교\2026년도1학기\컴퓨터비전\실습\FoundationStereo\experiments\_model\general_head.pt  (train_scenes=['archiviz_baseline080', 'bedroom_baseline080', 'blue_bathroom_baseline080', 'computer_room_baseline080', 'cozy_living_room_baseline080', 'flat-archiviz_baseline080', 'green_house_baseline080', 'gym_baseline080', 'livingroom_baseline080', 'minimal_interior_baseline080', 'scandinavian_baseline080', 'sunlight_baseline080'])

[APPLY] ds_v1_seed0/gym_v59  (저장모델로 새 데이터 평가)
  AUC      = 0.9632
  IoU@0.5  = 0.6381
  F1@0.5   = 0.7791
  accuracy = 0.9132  (prec=0.7583, rec=0.8009)
  tp=9009 fp=2871 fn=2239 tn=44761
[save] D:\Users\dust\Documents\학교\2026년도1학기\컴퓨터비전\실습\FoundationStereo\experiments\ds_v1_seed0/gym_v59\submodel_applied  (pred_mask.png, panel.png, metrics.json)

============================================================
STEP: estimate_mirror_plane
============================================================

============================================================
STEP: viz_ransac_inliers
============================================================

============================================================
STEP: make_mirror_gt_from_depth
============================================================

============================================================
STEP: analyze_features
============================================================

============================================================
STEP: submodel_head
============================================================

============================================================
STEP: apply_submodel
============================================================

DONE: D:\Users\dust\Documents\학교\2026년도1학기\컴퓨터비전\실습\FoundationStereo\experiments\ds_v1_seed0/gym_v59 (ok)

##### [61/132] ds_v1_seed0/gym_v60  (done 2, fail 0, skip 58, elapsed 1m, ETA 51m) #####
[scene] ds_v1_seed0/gym_v60  size=1280x720
[select] mirror 점 개수 = 283729  (mask=283729, valid&depth = 899487)
[conf] mirror 영역 평균 confidence = 0.6731

=== 평면 추정 결과 ===
  [PCA (closed form)]
      normal = [+0.0059, -0.9849, -0.1731]
      d = +1.0918   mirror_depth(perp) = 1.0918 m   view_z = 8.4843 m
      n_inliers = 283729/283729   rms_residual = 0.87043 m
  [RANSAC]
      normal = [+0.8925, +0.1321, -0.4313]
      d = +3.4750   mirror_depth(perp) = 3.4750 m   view_z = 8.4843 m
      n_inliers = 65791/283729   rms_residual = 0.03609 m
  [SVD robust (IRLS)]
      normal = [+0.0686, -0.9680, -0.2413]
      d = +1.5219   mirror_depth(perp) = 1.5219 m   view_z = 8.4843 m
      n_inliers = 32405/283729   rms_residual = 0.07668 m

[save] D:\Users\dust\Documents\학교\2026년도1학기\컴퓨터비전\실습\FoundationStereo\experiments\ds_v1_seed0/gym_v60\mirror_geometry\result.json
[save] D:\Users\dust\Documents\학교\2026년도1학기\컴퓨터비전\실습\FoundationStereo\experiments\ds_v1_seed0/gym_v60\mirror_geometry\plane.txt
[save] D:\Users\dust\Documents\학교\2026년도1학기\컴퓨터비전\실습\FoundationStereo\experiments\ds_v1_seed0/gym_v60\mirror_geometry\viz.png

DONE: D:\Users\dust\Documents\학교\2026년도1학기\컴퓨터비전\실습\FoundationStereo\experiments\ds_v1_seed0/gym_v60\mirror_geometry
[ds_v1_seed0/gym_v60] 거울 점 283729개 중 inlier 65791 (23.2%) / outlier 217938
  normal=[ 0.893  0.132 -0.431] d=3.475  rms(inlier)=0.0361 m  thr≈0.131 m
[save] D:\Users\dust\Documents\학교\2026년도1학기\컴퓨터비전\실습\FoundationStereo\experiments\ds_v1_seed0/gym_v60\mirror_geometry\ransac_inliers.png
[gt] gym_v60                      perp 4.60m planRMS 0.0538m  normal [-0.476, 0.089, -0.875]

생성 1, 건너뜀 0 (depth_gt/mask 없음 등)
[ds_v1_seed0/gym_v60] feature 184x320  mirror_frac=0.30789741847826085  feat_left=True
rank  signal              AUC    pol  sep     mean_in     mean_out
  1  post_entropy       0.5774   -  0.1932    0.704032     0.78869
  2  delta_conf         0.5591   +  0.1217    0.303286    0.244486
  3  post_conf           0.549   +  0.0933    0.673307    0.648808
  4  delta_entropy      0.5362   -  0.0448   -1.288075   -1.215292
  5  pre_conf           0.5312   -  0.0825    0.370021    0.404322
  6  feat_left_pc1       0.525   -  0.0153    2.037794    1.969417
  7  feat_left_pc2      0.5232   +   0.034    2.251751    2.154906
  8  pre_entropy        0.5179   +  0.0074    1.992107    2.003983
  9  feat_left_l2        0.506   +  0.0445   16.868772   16.620147
 10  feat_left_pc3      0.5043   +  0.0611    1.843346     1.62426
 11  delta_argdisp      0.5029   -  0.0117   44.858624    45.61196
BEST: post_entropy (AUC=0.5774, polarity=-)
저장: D:\Users\dust\Documents\학교\2026년도1학기\컴퓨터비전\실습\FoundationStereo\experiments\ds_v1_seed0/gym_v60\features\report.json / panels.png / mirror_signal.npy
[device] cuda
  [train] epoch 60/300  loss=0.5289
  [train] epoch 120/300  loss=0.3710
  [train] epoch 180/300  loss=0.2719
  [train] epoch 240/300  loss=0.2029
  [train] epoch 300/300  loss=0.1537

[VAL] scene=ds_v1_seed0/gym_v60  (pixel 70/30 split)
  AUC      = 0.9880
  IoU@0.5  = 0.8423
  F1@0.5   = 0.9144
  accuracy = 0.9458  (prec=0.8870, rec=0.9435)
  tp=5110 fp=651 fn=306 tn=11597

[save] D:\Users\dust\Documents\학교\2026년도1학기\컴퓨터비전\실습\FoundationStereo\experiments\ds_v1_seed0/gym_v60\submodel
  pred_mask.png, panel.png, metrics.json, head.pt
DONE: D:\Users\dust\Documents\학교\2026년도1학기\컴퓨터비전\실습\FoundationStereo\experiments\ds_v1_seed0/gym_v60\submodel
[device] cuda
[load] D:\Users\dust\Documents\학교\2026년도1학기\컴퓨터비전\실습\FoundationStereo\experiments\_model\general_head.pt  (train_scenes=['archiviz_baseline080', 'bedroom_baseline080', 'blue_bathroom_baseline080', 'computer_room_baseline080', 'cozy_living_room_baseline080', 'flat-archiviz_baseline080', 'green_house_baseline080', 'gym_baseline080', 'livingroom_baseline080', 'minimal_interior_baseline080', 'scandinavian_baseline080', 'sunlight_baseline080'])

[APPLY] ds_v1_seed0/gym_v60  (저장모델로 새 데이터 평가)
  AUC      = 0.9556
  IoU@0.5  = 0.7054
  F1@0.5   = 0.8273
  accuracy = 0.8949  (prec=0.8374, rec=0.8173)
  tp=14817 fp=2876 fn=3312 tn=37875
[save] D:\Users\dust\Documents\학교\2026년도1학기\컴퓨터비전\실습\FoundationStereo\experiments\ds_v1_seed0/gym_v60\submodel_applied  (pred_mask.png, panel.png, metrics.json)

============================================================
STEP: estimate_mirror_plane
============================================================

============================================================
STEP: viz_ransac_inliers
============================================================

============================================================
STEP: make_mirror_gt_from_depth
============================================================

============================================================
STEP: analyze_features
============================================================

============================================================
STEP: submodel_head
============================================================

============================================================
STEP: apply_submodel
============================================================

DONE: D:\Users\dust\Documents\학교\2026년도1학기\컴퓨터비전\실습\FoundationStereo\experiments\ds_v1_seed0/gym_v60 (ok)

##### [62/132] ds_v1_seed0/gym_v61  (done 3, fail 0, skip 58, elapsed 2m, ETA 50m) #####
[scene] ds_v1_seed0/gym_v61  size=1280x720
[select] mirror 점 개수 = 296662  (mask=296662, valid&depth = 891126)
[conf] mirror 영역 평균 confidence = 0.6756

=== 평면 추정 결과 ===
  [PCA (closed form)]
      normal = [+0.1001, -0.9748, -0.1995]
      d = +1.8429   mirror_depth(perp) = 1.8429 m   view_z = 8.3421 m
      n_inliers = 296662/296662   rms_residual = 0.85961 m
  [RANSAC]
      normal = [+0.8705, +0.0965, -0.4826]
      d = +3.7057   mirror_depth(perp) = 3.7057 m   view_z = 8.3421 m
      n_inliers = 81028/296662   rms_residual = 0.03516 m
  [SVD robust (IRLS)]
      normal = [+0.1684, -0.9485, -0.2683]
      d = +2.2469   mirror_depth(perp) = 2.2469 m   view_z = 8.3421 m
      n_inliers = 35127/296662   rms_residual = 0.07464 m

[save] D:\Users\dust\Documents\학교\2026년도1학기\컴퓨터비전\실습\FoundationStereo\experiments\ds_v1_seed0/gym_v61\mirror_geometry\result.json
[save] D:\Users\dust\Documents\학교\2026년도1학기\컴퓨터비전\실습\FoundationStereo\experiments\ds_v1_seed0/gym_v61\mirror_geometry\plane.txt
[save] D:\Users\dust\Documents\학교\2026년도1학기\컴퓨터비전\실습\FoundationStereo\experiments\ds_v1_seed0/gym_v61\mirror_geometry\viz.png

DONE: D:\Users\dust\Documents\학교\2026년도1학기\컴퓨터비전\실습\FoundationStereo\experiments\ds_v1_seed0/gym_v61\mirror_geometry
[ds_v1_seed0/gym_v61] 거울 점 296662개 중 inlier 81028 (27.3%) / outlier 215634
  normal=[ 0.87   0.097 -0.483] d=3.706  rms(inlier)=0.0352 m  thr≈0.130 m
[save] D:\Users\dust\Documents\학교\2026년도1학기\컴퓨터비전\실습\FoundationStereo\experiments\ds_v1_seed0/gym_v61\mirror_geometry\ransac_inliers.png
[gt] gym_v61                      perp 4.37m planRMS 0.0210m  normal [-0.507, 0.026, -0.862]

생성 1, 건너뜀 0 (depth_gt/mask 없음 등)
[ds_v1_seed0/gym_v61] feature 184x320  mirror_frac=0.32192595108695654  feat_left=True
rank  signal              AUC    pol  sep     mean_in     mean_out
  1  post_entropy       0.6158   -  0.2067    0.694918    0.766671
  2  delta_argdisp      0.5473   -  0.0859   44.339488   49.822217
  3  post_conf          0.5382   +  0.0682    0.675764    0.659787
  4  pre_entropy        0.5289   -  0.0937    1.972749    2.122076
  5  feat_left_pc2      0.5272   +  0.0414    2.257188    2.132996
  6  feat_left_pc1      0.5219   -  0.0002    1.988047    1.987187
  7  delta_conf         0.5216   +  0.0501    0.304253    0.281522
  8  feat_left_l2       0.5104   +  0.0342   16.775799    16.58062
  9  delta_entropy      0.5088   +  0.0483   -1.277831   -1.355404
 10  pre_conf           0.5035   +  0.0169    0.371511    0.378265
 11  feat_left_pc3       0.501   -  0.0308    1.752664    1.647184
BEST: post_entropy (AUC=0.6158, polarity=-)
저장: D:\Users\dust\Documents\학교\2026년도1학기\컴퓨터비전\실습\FoundationStereo\experiments\ds_v1_seed0/gym_v61\features\report.json / panels.png / mirror_signal.npy
[device] cuda
  [train] epoch 60/300  loss=0.5289
  [train] epoch 120/300  loss=0.3737
  [train] epoch 180/300  loss=0.2705
  [train] epoch 240/300  loss=0.1982
  [train] epoch 300/300  loss=0.1482

[VAL] scene=ds_v1_seed0/gym_v61  (pixel 70/30 split)
  AUC      = 0.9891
  IoU@0.5  = 0.8573
  F1@0.5   = 0.9232
  accuracy = 0.9485  (prec=0.8957, rec=0.9524)
  tp=5463 fp=636 fn=273 tn=11292

[save] D:\Users\dust\Documents\학교\2026년도1학기\컴퓨터비전\실습\FoundationStereo\experiments\ds_v1_seed0/gym_v61\submodel
  pred_mask.png, panel.png, metrics.json, head.pt
DONE: D:\Users\dust\Documents\학교\2026년도1학기\컴퓨터비전\실습\FoundationStereo\experiments\ds_v1_seed0/gym_v61\submodel
[device] cuda
[load] D:\Users\dust\Documents\학교\2026년도1학기\컴퓨터비전\실습\FoundationStereo\experiments\_model\general_head.pt  (train_scenes=['archiviz_baseline080', 'bedroom_baseline080', 'blue_bathroom_baseline080', 'computer_room_baseline080', 'cozy_living_room_baseline080', 'flat-archiviz_baseline080', 'green_house_baseline080', 'gym_baseline080', 'livingroom_baseline080', 'minimal_interior_baseline080', 'scandinavian_baseline080', 'sunlight_baseline080'])

[APPLY] ds_v1_seed0/gym_v61  (저장모델로 새 데이터 평가)
  AUC      = 0.9414
  IoU@0.5  = 0.6725
  F1@0.5   = 0.8042
  accuracy = 0.8794  (prec=0.8421, rec=0.7696)
  tp=14588 fp=2736 fn=4367 tn=37189
[save] D:\Users\dust\Documents\학교\2026년도1학기\컴퓨터비전\실습\FoundationStereo\experiments\ds_v1_seed0/gym_v61\submodel_applied  (pred_mask.png, panel.png, metrics.json)

============================================================
STEP: estimate_mirror_plane
============================================================

============================================================
STEP: viz_ransac_inliers
============================================================

============================================================
STEP: make_mirror_gt_from_depth
============================================================

============================================================
STEP: analyze_features
============================================================

============================================================
STEP: submodel_head
============================================================

============================================================
STEP: apply_submodel
============================================================

DONE: D:\Users\dust\Documents\학교\2026년도1학기\컴퓨터비전\실습\FoundationStereo\experiments\ds_v1_seed0/gym_v61 (ok)

##### [63/132] ds_v1_seed0/gym_v62  (done 4, fail 0, skip 58, elapsed 3m, ETA 50m) #####
[scene] ds_v1_seed0/gym_v62  size=1280x720
[select] mirror 점 개수 = 130823  (mask=130823, valid&depth = 884807)
[conf] mirror 영역 평균 confidence = 0.6971

=== 평면 추정 결과 ===
  [PCA (closed form)]
      normal = [-0.0406, -0.9501, -0.3092]
      d = +0.9106   mirror_depth(perp) = 0.9106 m   view_z = 7.6461 m
      n_inliers = 130823/130823   rms_residual = 0.53871 m
  [RANSAC]
      normal = [+0.8299, -0.0838, -0.5515]
      d = +2.3274   mirror_depth(perp) = 2.3274 m   view_z = 7.6461 m
      n_inliers = 47723/130823   rms_residual = 0.13041 m
  [SVD robust (IRLS)]
      normal = [-0.0924, -0.9522, -0.2910]
      d = +0.8644   mirror_depth(perp) = 0.8644 m   view_z = 7.6461 m
      n_inliers = 37521/130823   rms_residual = 0.12928 m

[save] D:\Users\dust\Documents\학교\2026년도1학기\컴퓨터비전\실습\FoundationStereo\experiments\ds_v1_seed0/gym_v62\mirror_geometry\result.json
[save] D:\Users\dust\Documents\학교\2026년도1학기\컴퓨터비전\실습\FoundationStereo\experiments\ds_v1_seed0/gym_v62\mirror_geometry\plane.txt
[save] D:\Users\dust\Documents\학교\2026년도1학기\컴퓨터비전\실습\FoundationStereo\experiments\ds_v1_seed0/gym_v62\mirror_geometry\viz.png

DONE: D:\Users\dust\Documents\학교\2026년도1학기\컴퓨터비전\실습\FoundationStereo\experiments\ds_v1_seed0/gym_v62\mirror_geometry
[ds_v1_seed0/gym_v62] 거울 점 130823개 중 inlier 47723 (36.5%) / outlier 83100
  normal=[ 0.83  -0.084 -0.552] d=2.327  rms(inlier)=0.1304 m  thr≈0.241 m
[save] D:\Users\dust\Documents\학교\2026년도1학기\컴퓨터비전\실습\FoundationStereo\experiments\ds_v1_seed0/gym_v62\mirror_geometry\ransac_inliers.png
[gt] gym_v62                      perp 4.73m planRMS 0.0137m  normal [-0.653, 0.254, -0.714]

생성 1, 건너뜀 0 (depth_gt/mask 없음 등)
[ds_v1_seed0/gym_v62] feature 184x320  mirror_frac=0.14262907608695652  feat_left=True
rank  signal              AUC    pol  sep     mean_in     mean_out
  1  delta_entropy      0.6819   -  0.3076   -1.552423    -1.07283
  2  pre_entropy        0.6688   +  0.2521    2.213455    1.826581
  3  feat_left_pc1       0.659   -  0.3382    1.523323    2.584704
  4  delta_conf         0.6541   +  0.2796    0.360643    0.228677
  5  pre_conf           0.6412   -  0.2396    0.336784    0.434077
  6  post_entropy       0.5998   -  0.2234    0.661032    0.753751
  7  feat_left_l2       0.5942   +  0.1363   17.250662   16.541801
  8  post_conf          0.5671   +  0.1366    0.697427    0.662754
  9  feat_left_pc3      0.5265   +   0.019    1.545969    1.596201
 10  delta_argdisp      0.5168   +  0.0318   41.766849   39.811537
 11  feat_left_pc2      0.5088   +  0.0183    2.162254    2.105889
BEST: delta_entropy (AUC=0.6819, polarity=-)
저장: D:\Users\dust\Documents\학교\2026년도1학기\컴퓨터비전\실습\FoundationStereo\experiments\ds_v1_seed0/gym_v62\features\report.json / panels.png / mirror_signal.npy
[device] cuda
  [train] epoch 60/300  loss=0.6031
  [train] epoch 120/300  loss=0.4527
  [train] epoch 180/300  loss=0.3541
  [train] epoch 240/300  loss=0.2732
  [train] epoch 300/300  loss=0.2099

[VAL] scene=ds_v1_seed0/gym_v62  (pixel 70/30 split)
  AUC      = 0.9855
  IoU@0.5  = 0.6560
  F1@0.5   = 0.7923
  accuracy = 0.9297  (prec=0.6780, rec=0.9529)
  tp=2367 fp=1124 fn=117 tn=14056

[save] D:\Users\dust\Documents\학교\2026년도1학기\컴퓨터비전\실습\FoundationStereo\experiments\ds_v1_seed0/gym_v62\submodel
  pred_mask.png, panel.png, metrics.json, head.pt
DONE: D:\Users\dust\Documents\학교\2026년도1학기\컴퓨터비전\실습\FoundationStereo\experiments\ds_v1_seed0/gym_v62\submodel
[device] cuda
[load] D:\Users\dust\Documents\학교\2026년도1학기\컴퓨터비전\실습\FoundationStereo\experiments\_model\general_head.pt  (train_scenes=['archiviz_baseline080', 'bedroom_baseline080', 'blue_bathroom_baseline080', 'computer_room_baseline080', 'cozy_living_room_baseline080', 'flat-archiviz_baseline080', 'green_house_baseline080', 'gym_baseline080', 'livingroom_baseline080', 'minimal_interior_baseline080', 'scandinavian_baseline080', 'sunlight_baseline080'])

[APPLY] ds_v1_seed0/gym_v62  (저장모델로 새 데이터 평가)
  AUC      = 0.9611
  IoU@0.5  = 0.5598
  F1@0.5   = 0.7178
  accuracy = 0.9006  (prec=0.6031, rec=0.8863)
  tp=7443 fp=4898 fn=955 tn=45584
[save] D:\Users\dust\Documents\학교\2026년도1학기\컴퓨터비전\실습\FoundationStereo\experiments\ds_v1_seed0/gym_v62\submodel_applied  (pred_mask.png, panel.png, metrics.json)

============================================================
STEP: estimate_mirror_plane
============================================================

============================================================
STEP: viz_ransac_inliers
============================================================

============================================================
STEP: make_mirror_gt_from_depth
============================================================

============================================================
STEP: analyze_features
============================================================

============================================================
STEP: submodel_head
============================================================

============================================================
STEP: apply_submodel
============================================================

DONE: D:\Users\dust\Documents\학교\2026년도1학기\컴퓨터비전\실습\FoundationStereo\experiments\ds_v1_seed0/gym_v62 (ok)

##### [64/132] ds_v1_seed0/gym_v63  (done 5, fail 0, skip 58, elapsed 3m, ETA 48m) #####
[scene] ds_v1_seed0/gym_v63  size=1280x720
[select] mirror 점 개수 = 242855  (mask=242855, valid&depth = 871256)
[conf] mirror 영역 평균 confidence = 0.6716

=== 평면 추정 결과 ===
  [PCA (closed form)]
      normal = [+0.2457, -0.8737, -0.4198]
      d = +1.8380   mirror_depth(perp) = 1.8380 m   view_z = 8.6396 m
      n_inliers = 242855/242855   rms_residual = 0.88985 m
  [RANSAC]
      normal = [+0.8448, +0.2191, -0.4882]
      d = +3.4625   mirror_depth(perp) = 3.4625 m   view_z = 8.6396 m
      n_inliers = 56619/242855   rms_residual = 0.03441 m
  [SVD robust (IRLS)]
      normal = [+0.3619, -0.7925, -0.4910]
      d = +2.1903   mirror_depth(perp) = 2.1903 m   view_z = 8.6396 m
      n_inliers = 26088/242855   rms_residual = 0.07012 m

[save] D:\Users\dust\Documents\학교\2026년도1학기\컴퓨터비전\실습\FoundationStereo\experiments\ds_v1_seed0/gym_v63\mirror_geometry\result.json
[save] D:\Users\dust\Documents\학교\2026년도1학기\컴퓨터비전\실습\FoundationStereo\experiments\ds_v1_seed0/gym_v63\mirror_geometry\plane.txt
[save] D:\Users\dust\Documents\학교\2026년도1학기\컴퓨터비전\실습\FoundationStereo\experiments\ds_v1_seed0/gym_v63\mirror_geometry\viz.png

DONE: D:\Users\dust\Documents\학교\2026년도1학기\컴퓨터비전\실습\FoundationStereo\experiments\ds_v1_seed0/gym_v63\mirror_geometry
[ds_v1_seed0/gym_v63] 거울 점 242855개 중 inlier 56619 (23.3%) / outlier 186236
  normal=[ 0.845  0.219 -0.488] d=3.462  rms(inlier)=0.0344 m  thr≈0.124 m
[save] D:\Users\dust\Documents\학교\2026년도1학기\컴퓨터비전\실습\FoundationStereo\experiments\ds_v1_seed0/gym_v63\mirror_geometry\ransac_inliers.png
[gt] gym_v63                      perp 4.72m planRMS 0.1318m  normal [-0.537, 0.157, -0.829]

생성 1, 건너뜀 0 (depth_gt/mask 없음 등)
[ds_v1_seed0/gym_v63] feature 184x320  mirror_frac=0.2634341032608696  feat_left=True
rank  signal              AUC    pol  sep     mean_in     mean_out
  1  delta_entropy      0.6464   -  0.2708   -1.385992   -0.979713
  2  pre_entropy        0.6346   +  0.2178    2.082416    1.769309
  3  pre_conf           0.6286   -   0.238    0.349663    0.443665
  4  delta_conf         0.6196   +  0.2362    0.322235    0.210185
  5  feat_left_pc1      0.6165   -  0.1562    1.958894    2.557788
  6  feat_left_l2       0.5785   +  0.1413   17.305236   16.513959
  7  post_entropy       0.5445   -  0.2084    0.696424    0.789596
  8  feat_left_pc2      0.5284   +  0.0464    2.220158    2.080127
  9  post_conf          0.5272   +  0.0687    0.671898    0.653849
 10  feat_left_pc3      0.5225   +  0.0896    1.714881    1.420636
 11  delta_argdisp      0.5128   +  0.0124   44.235704   43.469045
BEST: delta_entropy (AUC=0.6464, polarity=-)
저장: D:\Users\dust\Documents\학교\2026년도1학기\컴퓨터비전\실습\FoundationStereo\experiments\ds_v1_seed0/gym_v63\features\report.json / panels.png / mirror_signal.npy
[device] cuda
  [train] epoch 60/300  loss=0.5465
  [train] epoch 120/300  loss=0.4027
  [train] epoch 180/300  loss=0.3106
  [train] epoch 240/300  loss=0.2412
  [train] epoch 300/300  loss=0.1891

[VAL] scene=ds_v1_seed0/gym_v63  (pixel 70/30 split)
  AUC      = 0.9836
  IoU@0.5  = 0.7852
  F1@0.5   = 0.8797
  accuracy = 0.9336  (prec=0.8325, rec=0.9326)
  tp=4289 fp=863 fn=310 tn=12202

[save] D:\Users\dust\Documents\학교\2026년도1학기\컴퓨터비전\실습\FoundationStereo\experiments\ds_v1_seed0/gym_v63\submodel
  pred_mask.png, panel.png, metrics.json, head.pt
DONE: D:\Users\dust\Documents\학교\2026년도1학기\컴퓨터비전\실습\FoundationStereo\experiments\ds_v1_seed0/gym_v63\submodel
[device] cuda
[load] D:\Users\dust\Documents\학교\2026년도1학기\컴퓨터비전\실습\FoundationStereo\experiments\_model\general_head.pt  (train_scenes=['archiviz_baseline080', 'bedroom_baseline080', 'blue_bathroom_baseline080', 'computer_room_baseline080', 'cozy_living_room_baseline080', 'flat-archiviz_baseline080', 'green_house_baseline080', 'gym_baseline080', 'livingroom_baseline080', 'minimal_interior_baseline080', 'scandinavian_baseline080', 'sunlight_baseline080'])

[APPLY] ds_v1_seed0/gym_v63  (저장모델로 새 데이터 평가)
  AUC      = 0.9695
  IoU@0.5  = 0.7226
  F1@0.5   = 0.8390
  accuracy = 0.9105  (prec=0.7977, rec=0.8847)
  tp=13722 fp=3479 fn=1789 tn=39890
[save] D:\Users\dust\Documents\학교\2026년도1학기\컴퓨터비전\실습\FoundationStereo\experiments\ds_v1_seed0/gym_v63\submodel_applied  (pred_mask.png, panel.png, metrics.json)

============================================================
STEP: estimate_mirror_plane
============================================================

============================================================
STEP: viz_ransac_inliers
============================================================

============================================================
STEP: make_mirror_gt_from_depth
============================================================

============================================================
STEP: analyze_features
============================================================

============================================================
STEP: submodel_head
============================================================

============================================================
STEP: apply_submodel
============================================================

DONE: D:\Users\dust\Documents\학교\2026년도1학기\컴퓨터비전\실습\FoundationStereo\experiments\ds_v1_seed0/gym_v63 (ok)

##### [65/132] ds_v1_seed0/gym_v64  (done 6, fail 0, skip 58, elapsed 4m, ETA 48m) #####
[scene] ds_v1_seed0/gym_v64  size=1280x720
[select] mirror 점 개수 = 286914  (mask=286914, valid&depth = 900491)
[conf] mirror 영역 평균 confidence = 0.6752

=== 평면 추정 결과 ===
  [PCA (closed form)]
      normal = [+0.0582, -0.9854, -0.1599]
      d = +1.5494   mirror_depth(perp) = 1.5494 m   view_z = 8.6021 m
      n_inliers = 286914/286914   rms_residual = 0.87393 m
  [RANSAC]
      normal = [+0.8548, +0.0707, -0.5142]
      d = +3.9938   mirror_depth(perp) = 3.9938 m   view_z = 8.6021 m
      n_inliers = 68829/286914   rms_residual = 0.03205 m
  [SVD robust (IRLS)]
      normal = [+0.1254, -0.9638, -0.2352]
      d = +2.0078   mirror_depth(perp) = 2.0078 m   view_z = 8.6021 m
      n_inliers = 31843/286914   rms_residual = 0.07503 m

[save] D:\Users\dust\Documents\학교\2026년도1학기\컴퓨터비전\실습\FoundationStereo\experiments\ds_v1_seed0/gym_v64\mirror_geometry\result.json
[save] D:\Users\dust\Documents\학교\2026년도1학기\컴퓨터비전\실습\FoundationStereo\experiments\ds_v1_seed0/gym_v64\mirror_geometry\plane.txt
[save] D:\Users\dust\Documents\학교\2026년도1학기\컴퓨터비전\실습\FoundationStereo\experiments\ds_v1_seed0/gym_v64\mirror_geometry\viz.png

DONE: D:\Users\dust\Documents\학교\2026년도1학기\컴퓨터비전\실습\FoundationStereo\experiments\ds_v1_seed0/gym_v64\mirror_geometry
[ds_v1_seed0/gym_v64] 거울 점 286914개 중 inlier 68829 (24.0%) / outlier 218085
  normal=[ 0.855  0.071 -0.514] d=3.994  rms(inlier)=0.0320 m  thr≈0.129 m
[save] D:\Users\dust\Documents\학교\2026년도1학기\컴퓨터비전\실습\FoundationStereo\experiments\ds_v1_seed0/gym_v64\mirror_geometry\ransac_inliers.png
[gt] gym_v64                      perp 4.57m planRMS 0.0429m  normal [-0.504, 0.022, -0.864]

생성 1, 건너뜀 0 (depth_gt/mask 없음 등)
[ds_v1_seed0/gym_v64] feature 184x320  mirror_frac=0.31102241847826084  feat_left=True
rank  signal              AUC    pol  sep     mean_in     mean_out
  1  post_entropy       0.6243   -  0.2366    0.691221    0.779072
  2  post_conf          0.5621   +  0.1038    0.675694    0.649893
  3  delta_conf         0.5588   +  0.1206    0.309924    0.253091
  4  feat_left_pc2      0.5319   +  0.0517    2.296438    2.146629
  5  delta_entropy      0.5302   -  0.0324   -1.309666   -1.257825
  6  pre_conf           0.5282   -  0.0758    0.365769    0.396803
  7  delta_argdisp      0.5278   -  0.0537   44.740894   48.164814
  8  feat_left_pc1      0.5171   -  0.0276     2.03803    1.909289
  9  feat_left_l2       0.5136   +  0.0544   16.863756   16.547889
 10  pre_entropy        0.5086   +  0.0227    2.000887    2.036897
 11  feat_left_pc3      0.5033   +  0.0402    1.832254    1.691341
BEST: post_entropy (AUC=0.6243, polarity=-)
저장: D:\Users\dust\Documents\학교\2026년도1학기\컴퓨터비전\실습\FoundationStereo\experiments\ds_v1_seed0/gym_v64\features\report.json / panels.png / mirror_signal.npy
[device] cuda
  [train] epoch 60/300  loss=0.5204
  [train] epoch 120/300  loss=0.3612
  [train] epoch 180/300  loss=0.2607
  [train] epoch 240/300  loss=0.1927
  [train] epoch 300/300  loss=0.1460

[VAL] scene=ds_v1_seed0/gym_v64  (pixel 70/30 split)
  AUC      = 0.9904
  IoU@0.5  = 0.8573
  F1@0.5   = 0.9232
  accuracy = 0.9507  (prec=0.8941, rec=0.9542)
  tp=5233 fp=620 fn=251 tn=11560

[save] D:\Users\dust\Documents\학교\2026년도1학기\컴퓨터비전\실습\FoundationStereo\experiments\ds_v1_seed0/gym_v64\submodel
  pred_mask.png, panel.png, metrics.json, head.pt
DONE: D:\Users\dust\Documents\학교\2026년도1학기\컴퓨터비전\실습\FoundationStereo\experiments\ds_v1_seed0/gym_v64\submodel
[device] cuda
[load] D:\Users\dust\Documents\학교\2026년도1학기\컴퓨터비전\실습\FoundationStereo\experiments\_model\general_head.pt  (train_scenes=['archiviz_baseline080', 'bedroom_baseline080', 'blue_bathroom_baseline080', 'computer_room_baseline080', 'cozy_living_room_baseline080', 'flat-archiviz_baseline080', 'green_house_baseline080', 'gym_baseline080', 'livingroom_baseline080', 'minimal_interior_baseline080', 'scandinavian_baseline080', 'sunlight_baseline080'])

[APPLY] ds_v1_seed0/gym_v64  (저장모델로 새 데이터 평가)
  AUC      = 0.9481
  IoU@0.5  = 0.6937
  F1@0.5   = 0.8191
  accuracy = 0.8885  (prec=0.8264, rec=0.8120)
  tp=14870 fp=3123 fn=3443 tn=37444
[save] D:\Users\dust\Documents\학교\2026년도1학기\컴퓨터비전\실습\FoundationStereo\experiments\ds_v1_seed0/gym_v64\submodel_applied  (pred_mask.png, panel.png, metrics.json)

============================================================
STEP: estimate_mirror_plane
============================================================

============================================================
STEP: viz_ransac_inliers
============================================================

============================================================
STEP: make_mirror_gt_from_depth
============================================================

============================================================
STEP: analyze_features
============================================================

============================================================
STEP: submodel_head
============================================================

============================================================
STEP: apply_submodel
============================================================

DONE: D:\Users\dust\Documents\학교\2026년도1학기\컴퓨터비전\실습\FoundationStereo\experiments\ds_v1_seed0/gym_v64 (ok)

##### [66/132] ds_v1_seed0/gym_v65  (done 7, fail 0, skip 58, elapsed 5m, ETA 47m) #####
[scene] ds_v1_seed0/gym_v65  size=1280x720
[select] mirror 점 개수 = 202196  (mask=202196, valid&depth = 880249)
[conf] mirror 영역 평균 confidence = 0.6851

=== 평면 추정 결과 ===
  [PCA (closed form)]
      normal = [+0.0550, -0.9276, -0.3694]
      d = +1.4103   mirror_depth(perp) = 1.4103 m   view_z = 8.3431 m
      n_inliers = 202196/202196   rms_residual = 0.62636 m
  [RANSAC]
      normal = [-0.0080, -0.9538, -0.3003]
      d = +1.7631   mirror_depth(perp) = 1.7631 m   view_z = 8.3431 m
      n_inliers = 50143/202196   rms_residual = 0.04446 m
  [SVD robust (IRLS)]
      normal = [+0.0639, -0.9281, -0.3667]
      d = +1.3059   mirror_depth(perp) = 1.3059 m   view_z = 8.3431 m
      n_inliers = 26413/202196   rms_residual = 0.08257 m

[save] D:\Users\dust\Documents\학교\2026년도1학기\컴퓨터비전\실습\FoundationStereo\experiments\ds_v1_seed0/gym_v65\mirror_geometry\result.json
[save] D:\Users\dust\Documents\학교\2026년도1학기\컴퓨터비전\실습\FoundationStereo\experiments\ds_v1_seed0/gym_v65\mirror_geometry\plane.txt
[save] D:\Users\dust\Documents\학교\2026년도1학기\컴퓨터비전\실습\FoundationStereo\experiments\ds_v1_seed0/gym_v65\mirror_geometry\viz.png

DONE: D:\Users\dust\Documents\학교\2026년도1학기\컴퓨터비전\실습\FoundationStereo\experiments\ds_v1_seed0/gym_v65\mirror_geometry
[ds_v1_seed0/gym_v65] 거울 점 202196개 중 inlier 50143 (24.8%) / outlier 152053
  normal=[-0.008 -0.954 -0.3  ] d=1.763  rms(inlier)=0.0445 m  thr≈0.140 m
[save] D:\Users\dust\Documents\학교\2026년도1학기\컴퓨터비전\실습\FoundationStereo\experiments\ds_v1_seed0/gym_v65\mirror_geometry\ransac_inliers.png
[gt] gym_v65                      perp 4.66m planRMS 0.0616m  normal [-0.5, 0.269, -0.823]

생성 1, 건너뜀 0 (depth_gt/mask 없음 등)
[ds_v1_seed0/gym_v65] feature 184x320  mirror_frac=0.2203804347826087  feat_left=True
rank  signal              AUC    pol  sep     mean_in     mean_out
  1  pre_entropy        0.6059   +  0.1451    2.098055    1.873309
  2  delta_entropy      0.6056   -  0.1633   -1.418839   -1.164875
  3  pre_conf           0.6046   -  0.1907    0.352646    0.430862
  4  delta_conf         0.5949   +  0.1772     0.33332    0.249419
  5  feat_left_pc1      0.5877   -   0.151    1.789548    2.355304
  6  feat_left_pc2      0.5395   +  0.0674    2.241513    2.042738
  7  feat_left_l2       0.5241   +  0.0302   16.738113   16.577349
  8  delta_argdisp      0.5222   +  0.0325   44.805179   42.760762
  9  post_entropy       0.5076   +  0.0772    0.679216    0.708434
 10  post_conf          0.5064   +  0.0226    0.685966    0.680281
 11  feat_left_pc3      0.5053   -  0.0187    1.551021    1.611357
BEST: pre_entropy (AUC=0.6059, polarity=+)
저장: D:\Users\dust\Documents\학교\2026년도1학기\컴퓨터비전\실습\FoundationStereo\experiments\ds_v1_seed0/gym_v65\features\report.json / panels.png / mirror_signal.npy
[device] cuda
  [train] epoch 60/300  loss=0.5934
  [train] epoch 120/300  loss=0.4213
  [train] epoch 180/300  loss=0.3083
  [train] epoch 240/300  loss=0.2286
  [train] epoch 300/300  loss=0.1731

[VAL] scene=ds_v1_seed0/gym_v65  (pixel 70/30 split)
  AUC      = 0.9883
  IoU@0.5  = 0.7947
  F1@0.5   = 0.8856
  accuracy = 0.9466  (prec=0.8326, rec=0.9459)
  tp=3655 fp=735 fn=209 tn=13065

[save] D:\Users\dust\Documents\학교\2026년도1학기\컴퓨터비전\실습\FoundationStereo\experiments\ds_v1_seed0/gym_v65\submodel
  pred_mask.png, panel.png, metrics.json, head.pt
DONE: D:\Users\dust\Documents\학교\2026년도1학기\컴퓨터비전\실습\FoundationStereo\experiments\ds_v1_seed0/gym_v65\submodel
[device] cuda
[load] D:\Users\dust\Documents\학교\2026년도1학기\컴퓨터비전\실습\FoundationStereo\experiments\_model\general_head.pt  (train_scenes=['archiviz_baseline080', 'bedroom_baseline080', 'blue_bathroom_baseline080', 'computer_room_baseline080', 'cozy_living_room_baseline080', 'flat-archiviz_baseline080', 'green_house_baseline080', 'gym_baseline080', 'livingroom_baseline080', 'minimal_interior_baseline080', 'scandinavian_baseline080', 'sunlight_baseline080'])

[APPLY] ds_v1_seed0/gym_v65  (저장모델로 새 데이터 평가)
  AUC      = 0.9702
  IoU@0.5  = 0.6968
  F1@0.5   = 0.8213
  accuracy = 0.9167  (prec=0.7785, rec=0.8691)
  tp=11277 fp=3208 fn=1699 tn=42696
[save] D:\Users\dust\Documents\학교\2026년도1학기\컴퓨터비전\실습\FoundationStereo\experiments\ds_v1_seed0/gym_v65\submodel_applied  (pred_mask.png, panel.png, metrics.json)

============================================================
STEP: estimate_mirror_plane
============================================================

============================================================
STEP: viz_ransac_inliers
============================================================

============================================================
STEP: make_mirror_gt_from_depth
============================================================

============================================================
STEP: analyze_features
============================================================

============================================================
STEP: submodel_head
============================================================

============================================================
STEP: apply_submodel
============================================================

DONE: D:\Users\dust\Documents\학교\2026년도1학기\컴퓨터비전\실습\FoundationStereo\experiments\ds_v1_seed0/gym_v65 (ok)

##### [102/132] ds_v1_seed0/living_room_contemp_v35  (done 8, fail 0, skip 93, elapsed 6m, ETA 22m) #####
[scene] ds_v1_seed0/living_room_contemp_v35  size=1280x720
[select] mirror 점 개수 = 179464  (mask=179464, valid&depth = 895460)
[conf] mirror 영역 평균 confidence = 0.7125

=== 평면 추정 결과 ===
  [PCA (closed form)]
      normal = [+0.0747, -0.9425, -0.3258]
      d = +1.6444   mirror_depth(perp) = 1.6444 m   view_z = 9.4577 m
      n_inliers = 179464/179464   rms_residual = 0.34403 m
  [RANSAC]
      normal = [+0.2033, -0.9159, -0.3463]
      d = +1.8099   mirror_depth(perp) = 1.8099 m   view_z = 9.4577 m
      n_inliers = 49805/179464   rms_residual = 0.05521 m
  [SVD robust (IRLS)]
      normal = [+0.0873, -0.9305, -0.3557]
      d = +1.9414   mirror_depth(perp) = 1.9414 m   view_z = 9.4577 m
      n_inliers = 35087/179464   rms_residual = 0.06385 m

[save] D:\Users\dust\Documents\학교\2026년도1학기\컴퓨터비전\실습\FoundationStereo\experiments\ds_v1_seed0/living_room_contemp_v35\mirror_geometry\result.json
[save] D:\Users\dust\Documents\학교\2026년도1학기\컴퓨터비전\실습\FoundationStereo\experiments\ds_v1_seed0/living_room_contemp_v35\mirror_geometry\plane.txt
[save] D:\Users\dust\Documents\학교\2026년도1학기\컴퓨터비전\실습\FoundationStereo\experiments\ds_v1_seed0/living_room_contemp_v35\mirror_geometry\viz.png

DONE: D:\Users\dust\Documents\학교\2026년도1학기\컴퓨터비전\실습\FoundationStereo\experiments\ds_v1_seed0/living_room_contemp_v35\mirror_geometry
[ds_v1_seed0/living_room_contemp_v35] 거울 점 179464개 중 inlier 49805 (27.8%) / outlier 129659
  normal=[ 0.203 -0.916 -0.346] d=1.810  rms(inlier)=0.0552 m  thr≈0.105 m
[save] D:\Users\dust\Documents\학교\2026년도1학기\컴퓨터비전\실습\FoundationStereo\experiments\ds_v1_seed0/living_room_contemp_v35\mirror_geometry\ransac_inliers.png
[gt] living_room_contemp_v35      perp 6.01m planRMS 0.2098m  normal [-0.437, 0.218, -0.872]

생성 1, 건너뜀 0 (depth_gt/mask 없음 등)
[ds_v1_seed0/living_room_contemp_v35] feature 184x320  mirror_frac=0.19638247282608695  feat_left=True
rank  signal              AUC    pol  sep     mean_in     mean_out
  1  feat_left_pc1      0.6107   -  0.1507    1.995797    2.471347
  2  pre_conf           0.5798   -  0.1338    0.366477    0.423014
  3  feat_left_pc2      0.5746   +    0.15    2.113374    1.666616
  4  pre_entropy        0.5687   +  0.0787    2.055952    1.930047
  5  post_entropy       0.5646   +  0.1268    0.641847    0.608968
  6  delta_argdisp      0.5614   +  0.1124   44.440457   37.621954
  7  delta_conf         0.5556   +  0.0933    0.346064    0.301713
  8  delta_entropy      0.5552   -  0.0579   -1.414104   -1.321079
  9  feat_left_l2       0.5394   +  0.0863   17.095149   16.667084
 10  post_conf          0.5301   -  0.0527    0.712541    0.724727
 11  feat_left_pc3      0.5238   -   0.015    1.616284    1.658899
BEST: feat_left_pc1 (AUC=0.6107, polarity=-)
저장: D:\Users\dust\Documents\학교\2026년도1학기\컴퓨터비전\실습\FoundationStereo\experiments\ds_v1_seed0/living_room_contemp_v35\features\report.json / panels.png / mirror_signal.npy
[device] cuda
  [train] epoch 60/300  loss=0.5601
  [train] epoch 120/300  loss=0.4144
  [train] epoch 180/300  loss=0.3080
  [train] epoch 240/300  loss=0.2262
  [train] epoch 300/300  loss=0.1679

[VAL] scene=ds_v1_seed0/living_room_contemp_v35  (pixel 70/30 split)
  AUC      = 0.9883
  IoU@0.5  = 0.7822
  F1@0.5   = 0.8778
  accuracy = 0.9479  (prec=0.8177, rec=0.9475)
  tp=3305 fp=737 fn=183 tn=13439

[save] D:\Users\dust\Documents\학교\2026년도1학기\컴퓨터비전\실습\FoundationStereo\experiments\ds_v1_seed0/living_room_contemp_v35\submodel
  pred_mask.png, panel.png, metrics.json, head.pt
DONE: D:\Users\dust\Documents\학교\2026년도1학기\컴퓨터비전\실습\FoundationStereo\experiments\ds_v1_seed0/living_room_contemp_v35\submodel
[device] cuda
[load] D:\Users\dust\Documents\학교\2026년도1학기\컴퓨터비전\실습\FoundationStereo\experiments\_model\general_head.pt  (train_scenes=['archiviz_baseline080', 'bedroom_baseline080', 'blue_bathroom_baseline080', 'computer_room_baseline080', 'cozy_living_room_baseline080', 'flat-archiviz_baseline080', 'green_house_baseline080', 'gym_baseline080', 'livingroom_baseline080', 'minimal_interior_baseline080', 'scandinavian_baseline080', 'sunlight_baseline080'])

[APPLY] ds_v1_seed0/living_room_contemp_v35  (저장모델로 새 데이터 평가)
  AUC      = 0.9647
  IoU@0.5  = 0.6264
  F1@0.5   = 0.7703
  accuracy = 0.9210  (prec=0.8980, rec=0.6744)
  tp=7798 fp=886 fn=3765 tn=46431
[save] D:\Users\dust\Documents\학교\2026년도1학기\컴퓨터비전\실습\FoundationStereo\experiments\ds_v1_seed0/living_room_contemp_v35\submodel_applied  (pred_mask.png, panel.png, metrics.json)

============================================================
STEP: estimate_mirror_plane
============================================================

============================================================
STEP: viz_ransac_inliers
============================================================

============================================================
STEP: make_mirror_gt_from_depth
============================================================

============================================================
STEP: analyze_features
============================================================

============================================================
STEP: submodel_head
============================================================

============================================================
STEP: apply_submodel
============================================================

DONE: D:\Users\dust\Documents\학교\2026년도1학기\컴퓨터비전\실습\FoundationStereo\experiments\ds_v1_seed0/living_room_contemp_v35 (ok)

##### [103/132] ds_v1_seed0/living_room_contemp_v36  (done 9, fail 0, skip 93, elapsed 6m, ETA 21m) #####
[scene] ds_v1_seed0/living_room_contemp_v36  size=1280x720
[select] mirror 점 개수 = 355457  (mask=355457, valid&depth = 899138)
[conf] mirror 영역 평균 confidence = 0.6797

=== 평면 추정 결과 ===
  [PCA (closed form)]
      normal = [+0.0979, -0.9826, -0.1580]
      d = +1.3299   mirror_depth(perp) = 1.3299 m   view_z = 9.6286 m
      n_inliers = 355457/355457   rms_residual = 0.80401 m
  [RANSAC]
      normal = [-0.4512, -0.0367, -0.8917]
      d = +11.9990   mirror_depth(perp) = 11.9990 m   view_z = 9.6286 m
      n_inliers = 88973/355457   rms_residual = 0.04256 m
  [SVD robust (IRLS)]
      normal = [+0.1930, -0.9438, -0.2681]
      d = +2.3412   mirror_depth(perp) = 2.3412 m   view_z = 9.6286 m
      n_inliers = 29716/355457   rms_residual = 0.05904 m

[save] D:\Users\dust\Documents\학교\2026년도1학기\컴퓨터비전\실습\FoundationStereo\experiments\ds_v1_seed0/living_room_contemp_v36\mirror_geometry\result.json
[save] D:\Users\dust\Documents\학교\2026년도1학기\컴퓨터비전\실습\FoundationStereo\experiments\ds_v1_seed0/living_room_contemp_v36\mirror_geometry\plane.txt
[save] D:\Users\dust\Documents\학교\2026년도1학기\컴퓨터비전\실습\FoundationStereo\experiments\ds_v1_seed0/living_room_contemp_v36\mirror_geometry\viz.png

DONE: D:\Users\dust\Documents\학교\2026년도1학기\컴퓨터비전\실습\FoundationStereo\experiments\ds_v1_seed0/living_room_contemp_v36\mirror_geometry
[ds_v1_seed0/living_room_contemp_v36] 거울 점 355457개 중 inlier 88973 (25.0%) / outlier 266484
  normal=[-0.451 -0.037 -0.892] d=11.999  rms(inlier)=0.0426 m  thr≈0.102 m
[save] D:\Users\dust\Documents\학교\2026년도1학기\컴퓨터비전\실습\FoundationStereo\experiments\ds_v1_seed0/living_room_contemp_v36\mirror_geometry\ransac_inliers.png
[gt] living_room_contemp_v36      perp 5.84m planRMS 0.1448m  normal [-0.472, 0.019, -0.882]

생성 1, 건너뜀 0 (depth_gt/mask 없음 등)
[ds_v1_seed0/living_room_contemp_v36] feature 184x320  mirror_frac=0.38503736413043477  feat_left=True
rank  signal              AUC    pol  sep     mean_in     mean_out
  1  post_conf          0.5431   -  0.0789    0.679173    0.696709
  2  post_entropy        0.542   -  0.0403    0.676427    0.687427
  3  delta_argdisp      0.5318   -  0.0417    46.22553    48.88478
  4  feat_left_pc2      0.5236   +  0.0557    2.215931    2.037912
  5  pre_conf           0.5233   -  0.0387    0.366123    0.382042
  6  feat_left_pc1      0.5131   -  0.0211    2.098491    2.012005
  7  feat_left_pc3      0.5126   +   0.061    1.834776    1.631542
  8  delta_entropy       0.503   -  0.0395   -1.344327   -1.408469
  9  feat_left_l2       0.5015   +  0.0268   16.752049   16.594459
 10  pre_entropy        0.5012   -  0.0465    2.020754    2.095896
 11  delta_conf         0.5008   +  0.0036     0.31305    0.314667
BEST: post_conf (AUC=0.5431, polarity=-)
저장: D:\Users\dust\Documents\학교\2026년도1학기\컴퓨터비전\실습\FoundationStereo\experiments\ds_v1_seed0/living_room_contemp_v36\features\report.json / panels.png / mirror_signal.npy
[device] cuda
  [train] epoch 60/300  loss=0.4755
  [train] epoch 120/300  loss=0.3325
  [train] epoch 180/300  loss=0.2346
  [train] epoch 240/300  loss=0.1698
  [train] epoch 300/300  loss=0.1281

[VAL] scene=ds_v1_seed0/living_room_contemp_v36  (pixel 70/30 split)
  AUC      = 0.9907
  IoU@0.5  = 0.8910
  F1@0.5   = 0.9424
  accuracy = 0.9550  (prec=0.9346, rec=0.9502)
  tp=6493 fp=454 fn=340 tn=10377

[save] D:\Users\dust\Documents\학교\2026년도1학기\컴퓨터비전\실습\FoundationStereo\experiments\ds_v1_seed0/living_room_contemp_v36\submodel
  pred_mask.png, panel.png, metrics.json, head.pt
DONE: D:\Users\dust\Documents\학교\2026년도1학기\컴퓨터비전\실습\FoundationStereo\experiments\ds_v1_seed0/living_room_contemp_v36\submodel
[device] cuda
[load] D:\Users\dust\Documents\학교\2026년도1학기\컴퓨터비전\실습\FoundationStereo\experiments\_model\general_head.pt  (train_scenes=['archiviz_baseline080', 'bedroom_baseline080', 'blue_bathroom_baseline080', 'computer_room_baseline080', 'cozy_living_room_baseline080', 'flat-archiviz_baseline080', 'green_house_baseline080', 'gym_baseline080', 'livingroom_baseline080', 'minimal_interior_baseline080', 'scandinavian_baseline080', 'sunlight_baseline080'])

[APPLY] ds_v1_seed0/living_room_contemp_v36  (저장모델로 새 데이터 평가)
  AUC      = 0.9189
  IoU@0.5  = 0.5394
  F1@0.5   = 0.7008
  accuracy = 0.8192  (prec=0.9661, rec=0.5498)
  tp=12464 fp=438 fn=10207 tn=35771
[save] D:\Users\dust\Documents\학교\2026년도1학기\컴퓨터비전\실습\FoundationStereo\experiments\ds_v1_seed0/living_room_contemp_v36\submodel_applied  (pred_mask.png, panel.png, metrics.json)

============================================================
STEP: estimate_mirror_plane
============================================================

============================================================
STEP: viz_ransac_inliers
============================================================

============================================================
STEP: make_mirror_gt_from_depth
============================================================

============================================================
STEP: analyze_features
============================================================

============================================================
STEP: submodel_head
============================================================

============================================================
STEP: apply_submodel
============================================================

DONE: D:\Users\dust\Documents\학교\2026년도1학기\컴퓨터비전\실습\FoundationStereo\experiments\ds_v1_seed0/living_room_contemp_v36 (ok)

##### [104/132] ds_v1_seed0/living_room_contemp_v37  (done 10, fail 0, skip 93, elapsed 7m, ETA 20m) #####
[scene] ds_v1_seed0/living_room_contemp_v37  size=1280x720
[select] mirror 점 개수 = 232212  (mask=232212, valid&depth = 895404)
[conf] mirror 영역 평균 confidence = 0.6702

=== 평면 추정 결과 ===
  [PCA (closed form)]
      normal = [+0.1238, -0.9289, -0.3489]
      d = +2.0277   mirror_depth(perp) = 2.0277 m   view_z = 9.4580 m
      n_inliers = 232212/232212   rms_residual = 0.48476 m
  [RANSAC]
      normal = [-0.5068, +0.2094, -0.8362]
      d = +11.6633   mirror_depth(perp) = 11.6633 m   view_z = 9.4580 m
      n_inliers = 55723/232212   rms_residual = 0.04457 m
  [SVD robust (IRLS)]
      normal = [+0.1226, -0.9178, -0.3776]
      d = +2.3514   mirror_depth(perp) = 2.3514 m   view_z = 9.4580 m
      n_inliers = 38115/232212   rms_residual = 0.05683 m

[save] D:\Users\dust\Documents\학교\2026년도1학기\컴퓨터비전\실습\FoundationStereo\experiments\ds_v1_seed0/living_room_contemp_v37\mirror_geometry\result.json
[save] D:\Users\dust\Documents\학교\2026년도1학기\컴퓨터비전\실습\FoundationStereo\experiments\ds_v1_seed0/living_room_contemp_v37\mirror_geometry\plane.txt
[save] D:\Users\dust\Documents\학교\2026년도1학기\컴퓨터비전\실습\FoundationStereo\experiments\ds_v1_seed0/living_room_contemp_v37\mirror_geometry\viz.png

DONE: D:\Users\dust\Documents\학교\2026년도1학기\컴퓨터비전\실습\FoundationStereo\experiments\ds_v1_seed0/living_room_contemp_v37\mirror_geometry
[ds_v1_seed0/living_room_contemp_v37] 거울 점 232212개 중 inlier 55723 (24.0%) / outlier 176489
  normal=[-0.507  0.209 -0.836] d=11.663  rms(inlier)=0.0446 m  thr≈0.100 m
[save] D:\Users\dust\Documents\학교\2026년도1학기\컴퓨터비전\실습\FoundationStereo\experiments\ds_v1_seed0/living_room_contemp_v37\mirror_geometry\ransac_inliers.png
[gt] living_room_contemp_v37      perp 5.71m planRMS 0.1832m  normal [-0.489, 0.166, -0.857]

생성 1, 건너뜀 0 (depth_gt/mask 없음 등)
[ds_v1_seed0/living_room_contemp_v37] feature 184x320  mirror_frac=0.2528192934782609  feat_left=True
rank  signal              AUC    pol  sep     mean_in     mean_out
  1  post_conf          0.6162   -   0.206     0.66925    0.716303
  2  feat_left_pc1      0.5984   -  0.1377    1.935978    2.366938
  3  feat_left_pc2      0.5896   +  0.1643    2.251294    1.766961
  4  post_entropy        0.586   +  0.1601    0.668701    0.630692
  5  pre_conf           0.5656   -   0.095     0.36439     0.40463
  6  pre_entropy        0.5541   +   0.038    2.058514    1.996008
  7  delta_argdisp      0.5472   +  0.0921   44.472054   38.802632
  8  delta_entropy      0.5382   -  0.0149   -1.389813   -1.365316
  9  feat_left_pc3      0.5247   -  0.0167    1.659879    1.705495
 10  feat_left_l2       0.5184   -   0.018   16.778693   16.866788
 11  delta_conf          0.507   -  0.0144     0.30486    0.311673
BEST: post_conf (AUC=0.6162, polarity=-)
저장: D:\Users\dust\Documents\학교\2026년도1학기\컴퓨터비전\실습\FoundationStereo\experiments\ds_v1_seed0/living_room_contemp_v37\features\report.json / panels.png / mirror_signal.npy
[device] cuda
  [train] epoch 60/300  loss=0.5372
  [train] epoch 120/300  loss=0.3992
  [train] epoch 180/300  loss=0.2984
  [train] epoch 240/300  loss=0.2217
  [train] epoch 300/300  loss=0.1669

[VAL] scene=ds_v1_seed0/living_room_contemp_v37  (pixel 70/30 split)
  AUC      = 0.9871
  IoU@0.5  = 0.8146
  F1@0.5   = 0.8978
  accuracy = 0.9465  (prec=0.8634, rec=0.9351)
  tp=4152 fp=657 fn=288 tn=12567

[save] D:\Users\dust\Documents\학교\2026년도1학기\컴퓨터비전\실습\FoundationStereo\experiments\ds_v1_seed0/living_room_contemp_v37\submodel
  pred_mask.png, panel.png, metrics.json, head.pt
DONE: D:\Users\dust\Documents\학교\2026년도1학기\컴퓨터비전\실습\FoundationStereo\experiments\ds_v1_seed0/living_room_contemp_v37\submodel
[device] cuda
[load] D:\Users\dust\Documents\학교\2026년도1학기\컴퓨터비전\실습\FoundationStereo\experiments\_model\general_head.pt  (train_scenes=['archiviz_baseline080', 'bedroom_baseline080', 'blue_bathroom_baseline080', 'computer_room_baseline080', 'cozy_living_room_baseline080', 'flat-archiviz_baseline080', 'green_house_baseline080', 'gym_baseline080', 'livingroom_baseline080', 'minimal_interior_baseline080', 'scandinavian_baseline080', 'sunlight_baseline080'])

[APPLY] ds_v1_seed0/living_room_contemp_v37  (저장모델로 새 데이터 평가)
  AUC      = 0.9623
  IoU@0.5  = 0.6263
  F1@0.5   = 0.7702
  accuracy = 0.9021  (prec=0.9475, rec=0.6488)
  tp=9658 fp=535 fn=5228 tn=43459
[save] D:\Users\dust\Documents\학교\2026년도1학기\컴퓨터비전\실습\FoundationStereo\experiments\ds_v1_seed0/living_room_contemp_v37\submodel_applied  (pred_mask.png, panel.png, metrics.json)

============================================================
STEP: estimate_mirror_plane
============================================================

============================================================
STEP: viz_ransac_inliers
============================================================

============================================================
STEP: make_mirror_gt_from_depth
============================================================

============================================================
STEP: analyze_features
============================================================

============================================================
STEP: submodel_head
============================================================

============================================================
STEP: apply_submodel
============================================================

DONE: D:\Users\dust\Documents\학교\2026년도1학기\컴퓨터비전\실습\FoundationStereo\experiments\ds_v1_seed0/living_room_contemp_v37 (ok)

##### [105/132] ds_v1_seed0/living_room_contemp_v38  (done 11, fail 0, skip 93, elapsed 8m, ETA 20m) #####
[scene] ds_v1_seed0/living_room_contemp_v38  size=1280x720
[select] mirror 점 개수 = 162100  (mask=162100, valid&depth = 893573)
[conf] mirror 영역 평균 confidence = 0.6919

=== 평면 추정 결과 ===
  [PCA (closed form)]
      normal = [+0.0679, -0.9459, -0.3172]
      d = +1.4525   mirror_depth(perp) = 1.4525 m   view_z = 9.2194 m
      n_inliers = 162100/162100   rms_residual = 0.31894 m
  [RANSAC]
      normal = [+0.1849, -0.9219, -0.3404]
      d = +1.6264   mirror_depth(perp) = 1.6264 m   view_z = 9.2194 m
      n_inliers = 50800/162100   rms_residual = 0.05729 m
  [SVD robust (IRLS)]
      normal = [+0.0842, -0.9342, -0.3467]
      d = +1.7327   mirror_depth(perp) = 1.7327 m   view_z = 9.2194 m
      n_inliers = 38147/162100   rms_residual = 0.06799 m

[save] D:\Users\dust\Documents\학교\2026년도1학기\컴퓨터비전\실습\FoundationStereo\experiments\ds_v1_seed0/living_room_contemp_v38\mirror_geometry\result.json
[save] D:\Users\dust\Documents\학교\2026년도1학기\컴퓨터비전\실습\FoundationStereo\experiments\ds_v1_seed0/living_room_contemp_v38\mirror_geometry\plane.txt
[save] D:\Users\dust\Documents\학교\2026년도1학기\컴퓨터비전\실습\FoundationStereo\experiments\ds_v1_seed0/living_room_contemp_v38\mirror_geometry\viz.png

DONE: D:\Users\dust\Documents\학교\2026년도1학기\컴퓨터비전\실습\FoundationStereo\experiments\ds_v1_seed0/living_room_contemp_v38\mirror_geometry
[ds_v1_seed0/living_room_contemp_v38] 거울 점 162100개 중 inlier 50800 (31.3%) / outlier 111300
  normal=[ 0.185 -0.922 -0.34 ] d=1.626  rms(inlier)=0.0573 m  thr≈0.115 m
[save] D:\Users\dust\Documents\학교\2026년도1학기\컴퓨터비전\실습\FoundationStereo\experiments\ds_v1_seed0/living_room_contemp_v38\mirror_geometry\ransac_inliers.png
[gt] living_room_contemp_v38      perp 5.99m planRMS 0.2317m  normal [-0.46, 0.219, -0.86]

생성 1, 건너뜀 0 (depth_gt/mask 없음 등)
[ds_v1_seed0/living_room_contemp_v38] feature 184x320  mirror_frac=0.1768172554347826  feat_left=True
rank  signal              AUC    pol  sep     mean_in     mean_out
  1  feat_left_pc1      0.6358   -  0.1901    1.945897    2.532569
  2  post_entropy       0.6176   +  0.2186    0.666101    0.607722
  3  pre_conf           0.5921   -  0.1515    0.360419    0.425059
  4  pre_entropy        0.5826   +  0.1014     2.08962    1.925953
  5  post_conf          0.5802   -  0.1434    0.691137    0.725005
  6  delta_entropy      0.5598   -  0.0649   -1.423519   -1.318231
  7  delta_argdisp       0.556   +  0.1042    44.36788   38.080918
  8  feat_left_pc2      0.5471   +   0.106     1.99283    1.680837
  9  feat_left_l2       0.5448   +  0.0918    17.07038   16.621886
 10  delta_conf         0.5361   +  0.0631    0.330717    0.299946
 11  feat_left_pc3      0.5334   -  0.0364    1.573158    1.674168
BEST: feat_left_pc1 (AUC=0.6358, polarity=-)
저장: D:\Users\dust\Documents\학교\2026년도1학기\컴퓨터비전\실습\FoundationStereo\experiments\ds_v1_seed0/living_room_contemp_v38\features\report.json / panels.png / mirror_signal.npy
[device] cuda
  [train] epoch 60/300  loss=0.5541
  [train] epoch 120/300  loss=0.4123
  [train] epoch 180/300  loss=0.3093
  [train] epoch 240/300  loss=0.2302
  [train] epoch 300/300  loss=0.1730

[VAL] scene=ds_v1_seed0/living_room_contemp_v38  (pixel 70/30 split)
  AUC      = 0.9888
  IoU@0.5  = 0.7527
  F1@0.5   = 0.8589
  accuracy = 0.9450  (prec=0.7833, rec=0.9508)
  tp=2956 fp=818 fn=153 tn=13737

[save] D:\Users\dust\Documents\학교\2026년도1학기\컴퓨터비전\실습\FoundationStereo\experiments\ds_v1_seed0/living_room_contemp_v38\submodel
  pred_mask.png, panel.png, metrics.json, head.pt
DONE: D:\Users\dust\Documents\학교\2026년도1학기\컴퓨터비전\실습\FoundationStereo\experiments\ds_v1_seed0/living_room_contemp_v38\submodel
[device] cuda
[load] D:\Users\dust\Documents\학교\2026년도1학기\컴퓨터비전\실습\FoundationStereo\experiments\_model\general_head.pt  (train_scenes=['archiviz_baseline080', 'bedroom_baseline080', 'blue_bathroom_baseline080', 'computer_room_baseline080', 'cozy_living_room_baseline080', 'flat-archiviz_baseline080', 'green_house_baseline080', 'gym_baseline080', 'livingroom_baseline080', 'minimal_interior_baseline080', 'scandinavian_baseline080', 'sunlight_baseline080'])

[APPLY] ds_v1_seed0/living_room_contemp_v38  (저장모델로 새 데이터 평가)
  AUC      = 0.9712
  IoU@0.5  = 0.6359
  F1@0.5   = 0.7774
  accuracy = 0.9303  (prec=0.8935, rec=0.6880)
  tp=7163 fp=854 fn=3248 tn=47615
[save] D:\Users\dust\Documents\학교\2026년도1학기\컴퓨터비전\실습\FoundationStereo\experiments\ds_v1_seed0/living_room_contemp_v38\submodel_applied  (pred_mask.png, panel.png, metrics.json)

============================================================
STEP: estimate_mirror_plane
============================================================

============================================================
STEP: viz_ransac_inliers
============================================================

============================================================
STEP: make_mirror_gt_from_depth
============================================================

============================================================
STEP: analyze_features
============================================================

============================================================
STEP: submodel_head
============================================================

============================================================
STEP: apply_submodel
============================================================

DONE: D:\Users\dust\Documents\학교\2026년도1학기\컴퓨터비전\실습\FoundationStereo\experiments\ds_v1_seed0/living_room_contemp_v38 (ok)

##### [106/132] ds_v1_seed0/living_room_contemp_v39  (done 12, fail 0, skip 93, elapsed 8m, ETA 19m) #####
[scene] ds_v1_seed0/living_room_contemp_v39  size=1280x720
[select] mirror 점 개수 = 174647  (mask=174647, valid&depth = 894925)
[conf] mirror 영역 평균 confidence = 0.6629

=== 평면 추정 결과 ===
  [PCA (closed form)]
      normal = [+0.4676, -0.7367, -0.4885]
      d = +2.6067   mirror_depth(perp) = 2.6067 m   view_z = 9.2932 m
      n_inliers = 174647/174647   rms_residual = 0.39700 m
  [RANSAC]
      normal = [+0.8254, +0.1157, -0.5526]
      d = +4.0757   mirror_depth(perp) = 4.0757 m   view_z = 9.2932 m
      n_inliers = 49621/174647   rms_residual = 0.02153 m
  [SVD robust (IRLS)]
      normal = [+0.5216, -0.6731, -0.5243]
      d = +2.9546   mirror_depth(perp) = 2.9546 m   view_z = 9.2932 m
      n_inliers = 41936/174647   rms_residual = 0.05520 m

[save] D:\Users\dust\Documents\학교\2026년도1학기\컴퓨터비전\실습\FoundationStereo\experiments\ds_v1_seed0/living_room_contemp_v39\mirror_geometry\result.json
[save] D:\Users\dust\Documents\학교\2026년도1학기\컴퓨터비전\실습\FoundationStereo\experiments\ds_v1_seed0/living_room_contemp_v39\mirror_geometry\plane.txt
[save] D:\Users\dust\Documents\학교\2026년도1학기\컴퓨터비전\실습\FoundationStereo\experiments\ds_v1_seed0/living_room_contemp_v39\mirror_geometry\viz.png

DONE: D:\Users\dust\Documents\학교\2026년도1학기\컴퓨터비전\실습\FoundationStereo\experiments\ds_v1_seed0/living_room_contemp_v39\mirror_geometry
[ds_v1_seed0/living_room_contemp_v39] 거울 점 174647개 중 inlier 49621 (28.4%) / outlier 125026
  normal=[ 0.825  0.116 -0.553] d=4.076  rms(inlier)=0.0215 m  thr≈0.096 m
[save] D:\Users\dust\Documents\학교\2026년도1학기\컴퓨터비전\실습\FoundationStereo\experiments\ds_v1_seed0/living_room_contemp_v39\mirror_geometry\ransac_inliers.png
[gt] living_room_contemp_v39      perp 5.59m planRMS 0.2193m  normal [-0.583, 0.155, -0.798]

생성 1, 건너뜀 0 (depth_gt/mask 없음 등)
[ds_v1_seed0/living_room_contemp_v39] feature 184x320  mirror_frac=0.19026834239130436  feat_left=True
rank  signal              AUC    pol  sep     mean_in     mean_out
  1  post_conf          0.6314   -  0.2362    0.662684    0.716938
  2  feat_left_pc1      0.6175   -   0.165    1.951456    2.475836
  3  feat_left_pc2      0.6097   +  0.2001    2.325166    1.736058
  4  post_entropy       0.6088   +   0.194    0.677972    0.630261
  5  pre_conf           0.5564   -  0.0836    0.374936    0.411041
  6  pre_entropy        0.5447   +  0.0357    2.025411    1.967868
  7  delta_argdisp      0.5374   +  0.0786   44.977328   40.117835
  8  feat_left_pc3      0.5269   -  0.0116    1.657679     1.69084
  9  delta_conf         0.5263   -  0.0377    0.287748    0.305897
 10  delta_entropy       0.524   -  0.0061   -1.347439   -1.337607
 11  feat_left_l2       0.5091   -  0.0023   16.859874   16.848689
BEST: post_conf (AUC=0.6314, polarity=-)
저장: D:\Users\dust\Documents\학교\2026년도1학기\컴퓨터비전\실습\FoundationStereo\experiments\ds_v1_seed0/living_room_contemp_v39\features\report.json / panels.png / mirror_signal.npy
[device] cuda
  [train] epoch 60/300  loss=0.5550
  [train] epoch 120/300  loss=0.3930
  [train] epoch 180/300  loss=0.2892
  [train] epoch 240/300  loss=0.2154
  [train] epoch 300/300  loss=0.1629

[VAL] scene=ds_v1_seed0/living_room_contemp_v39  (pixel 70/30 split)
  AUC      = 0.9902
  IoU@0.5  = 0.7797
  F1@0.5   = 0.8762
  accuracy = 0.9497  (prec=0.8121, rec=0.9513)
  tp=3147 fp=728 fn=161 tn=13628

[save] D:\Users\dust\Documents\학교\2026년도1학기\컴퓨터비전\실습\FoundationStereo\experiments\ds_v1_seed0/living_room_contemp_v39\submodel
  pred_mask.png, panel.png, metrics.json, head.pt
DONE: D:\Users\dust\Documents\학교\2026년도1학기\컴퓨터비전\실습\FoundationStereo\experiments\ds_v1_seed0/living_room_contemp_v39\submodel
[device] cuda
[load] D:\Users\dust\Documents\학교\2026년도1학기\컴퓨터비전\실습\FoundationStereo\experiments\_model\general_head.pt  (train_scenes=['archiviz_baseline080', 'bedroom_baseline080', 'blue_bathroom_baseline080', 'computer_room_baseline080', 'cozy_living_room_baseline080', 'flat-archiviz_baseline080', 'green_house_baseline080', 'gym_baseline080', 'livingroom_baseline080', 'minimal_interior_baseline080', 'scandinavian_baseline080', 'sunlight_baseline080'])

[APPLY] ds_v1_seed0/living_room_contemp_v39  (저장모델로 새 데이터 평가)
  AUC      = 0.9701
  IoU@0.5  = 0.6301
  F1@0.5   = 0.7731
  accuracy = 0.9248  (prec=0.9077, rec=0.6732)
  tp=7542 fp=767 fn=3661 tn=46910
[save] D:\Users\dust\Documents\학교\2026년도1학기\컴퓨터비전\실습\FoundationStereo\experiments\ds_v1_seed0/living_room_contemp_v39\submodel_applied  (pred_mask.png, panel.png, metrics.json)

============================================================
STEP: estimate_mirror_plane
============================================================

============================================================
STEP: viz_ransac_inliers
============================================================

============================================================
STEP: make_mirror_gt_from_depth
============================================================

============================================================
STEP: analyze_features
============================================================

============================================================
STEP: submodel_head
============================================================

============================================================
STEP: apply_submodel
============================================================

DONE: D:\Users\dust\Documents\학교\2026년도1학기\컴퓨터비전\실습\FoundationStereo\experiments\ds_v1_seed0/living_room_contemp_v39 (ok)

##### [107/132] ds_v1_seed0/living_room_contemp_v40  (done 13, fail 0, skip 93, elapsed 9m, ETA 18m) #####
[scene] ds_v1_seed0/living_room_contemp_v40  size=1280x720
[select] mirror 점 개수 = 84766  (mask=84766, valid&depth = 893915)
[conf] mirror 영역 평균 confidence = 0.6942

=== 평면 추정 결과 ===
  [PCA (closed form)]
      normal = [+0.3156, -0.8423, -0.4371]
      d = +1.7244   mirror_depth(perp) = 1.7244 m   view_z = 8.2830 m
      n_inliers = 84766/84766   rms_residual = 0.19603 m
  [RANSAC]
      normal = [+0.4208, -0.7597, -0.4958]
      d = +2.0995   mirror_depth(perp) = 2.0995 m   view_z = 8.2830 m
      n_inliers = 39416/84766   rms_residual = 0.05222 m
  [SVD robust (IRLS)]
      normal = [+0.3956, -0.7824, -0.4810]
      d = +2.0022   mirror_depth(perp) = 2.0022 m   view_z = 8.2830 m
      n_inliers = 38638/84766   rms_residual = 0.05242 m

[save] D:\Users\dust\Documents\학교\2026년도1학기\컴퓨터비전\실습\FoundationStereo\experiments\ds_v1_seed0/living_room_contemp_v40\mirror_geometry\result.json
[save] D:\Users\dust\Documents\학교\2026년도1학기\컴퓨터비전\실습\FoundationStereo\experiments\ds_v1_seed0/living_room_contemp_v40\mirror_geometry\plane.txt
[save] D:\Users\dust\Documents\학교\2026년도1학기\컴퓨터비전\실습\FoundationStereo\experiments\ds_v1_seed0/living_room_contemp_v40\mirror_geometry\viz.png

DONE: D:\Users\dust\Documents\학교\2026년도1학기\컴퓨터비전\실습\FoundationStereo\experiments\ds_v1_seed0/living_room_contemp_v40\mirror_geometry
[ds_v1_seed0/living_room_contemp_v40] 거울 점 84766개 중 inlier 39416 (46.5%) / outlier 45350
  normal=[ 0.421 -0.76  -0.496] d=2.099  rms(inlier)=0.0522 m  thr≈0.092 m
[save] D:\Users\dust\Documents\학교\2026년도1학기\컴퓨터비전\실습\FoundationStereo\experiments\ds_v1_seed0/living_room_contemp_v40\mirror_geometry\ransac_inliers.png
[gt] living_room_contemp_v40      perp 5.84m planRMS 0.2926m  normal [-0.625, 0.239, -0.743]

생성 1, 건너뜀 0 (depth_gt/mask 없음 등)
[ds_v1_seed0/living_room_contemp_v40] feature 184x320  mirror_frac=0.09256114130434782  feat_left=True
rank  signal              AUC    pol  sep     mean_in     mean_out
  1  feat_left_pc1       0.698   -  0.3578    1.609497    2.598717
  2  post_entropy       0.5862   +  0.1737    0.657446    0.612447
  3  post_conf          0.5824   -  0.1465    0.693416    0.727505
  4  feat_left_pc2      0.5711   +   0.142    2.108202    1.681562
  5  feat_left_pc3      0.5536   -  0.0814    1.430271    1.646108
  6  pre_conf            0.544   -  0.0426    0.412704    0.432777
  7  feat_left_l2       0.5383   +  0.0691   17.064358   16.727753
  8  pre_entropy        0.5303   +  0.0117    1.900903    1.881094
  9  delta_argdisp      0.5132   -  0.0049   39.482936   39.786768
 10  delta_entropy      0.5124   -  0.0149   -1.243456   -1.268647
 11  delta_conf         0.5109   -  0.0274    0.280712    0.294729
BEST: feat_left_pc1 (AUC=0.698, polarity=-)
저장: D:\Users\dust\Documents\학교\2026년도1학기\컴퓨터비전\실습\FoundationStereo\experiments\ds_v1_seed0/living_room_contemp_v40\features\report.json / panels.png / mirror_signal.npy
[device] cuda
  [train] epoch 60/300  loss=0.5382
  [train] epoch 120/300  loss=0.3587
  [train] epoch 180/300  loss=0.2570
  [train] epoch 240/300  loss=0.1872
  [train] epoch 300/300  loss=0.1392

[VAL] scene=ds_v1_seed0/living_room_contemp_v40  (pixel 70/30 split)
  AUC      = 0.9908
  IoU@0.5  = 0.6646
  F1@0.5   = 0.7985
  accuracy = 0.9564  (prec=0.6923, rec=0.9432)
  tp=1528 fp=679 fn=92 tn=15365

[save] D:\Users\dust\Documents\학교\2026년도1학기\컴퓨터비전\실습\FoundationStereo\experiments\ds_v1_seed0/living_room_contemp_v40\submodel
  pred_mask.png, panel.png, metrics.json, head.pt
DONE: D:\Users\dust\Documents\학교\2026년도1학기\컴퓨터비전\실습\FoundationStereo\experiments\ds_v1_seed0/living_room_contemp_v40\submodel
[device] cuda
[load] D:\Users\dust\Documents\학교\2026년도1학기\컴퓨터비전\실습\FoundationStereo\experiments\_model\general_head.pt  (train_scenes=['archiviz_baseline080', 'bedroom_baseline080', 'blue_bathroom_baseline080', 'computer_room_baseline080', 'cozy_living_room_baseline080', 'flat-archiviz_baseline080', 'green_house_baseline080', 'gym_baseline080', 'livingroom_baseline080', 'minimal_interior_baseline080', 'scandinavian_baseline080', 'sunlight_baseline080'])

[APPLY] ds_v1_seed0/living_room_contemp_v40  (저장모델로 새 데이터 평가)
  AUC      = 0.9742
  IoU@0.5  = 0.5554
  F1@0.5   = 0.7142
  accuracy = 0.9527  (prec=0.8111, rec=0.6380)
  tp=3477 fp=810 fn=1973 tn=52620
[save] D:\Users\dust\Documents\학교\2026년도1학기\컴퓨터비전\실습\FoundationStereo\experiments\ds_v1_seed0/living_room_contemp_v40\submodel_applied  (pred_mask.png, panel.png, metrics.json)

============================================================
STEP: estimate_mirror_plane
============================================================

============================================================
STEP: viz_ransac_inliers
============================================================

============================================================
STEP: make_mirror_gt_from_depth
============================================================

============================================================
STEP: analyze_features
============================================================

============================================================
STEP: submodel_head
============================================================

============================================================
STEP: apply_submodel
============================================================

DONE: D:\Users\dust\Documents\학교\2026년도1학기\컴퓨터비전\실습\FoundationStereo\experiments\ds_v1_seed0/living_room_contemp_v40 (ok)

##### [108/132] ds_v1_seed0/living_room_contemp_v41  (done 14, fail 0, skip 93, elapsed 9m, ETA 17m) #####
[scene] ds_v1_seed0/living_room_contemp_v41  size=1280x720
[select] mirror 점 개수 = 180990  (mask=180990, valid&depth = 896812)
[conf] mirror 영역 평균 confidence = 0.6851

=== 평면 추정 결과 ===
  [PCA (closed form)]
      normal = [+0.5215, -0.6889, -0.5035]
      d = +2.9748   mirror_depth(perp) = 2.9748 m   view_z = 9.9524 m
      n_inliers = 180990/180990   rms_residual = 0.47382 m
  [RANSAC]
      normal = [+0.8399, +0.0819, -0.5365]
      d = +4.1776   mirror_depth(perp) = 4.1776 m   view_z = 9.9524 m
      n_inliers = 53966/180990   rms_residual = 0.03117 m
  [SVD robust (IRLS)]
      normal = [+0.5840, -0.6080, -0.5378]
      d = +3.3350   mirror_depth(perp) = 3.3350 m   view_z = 9.9524 m
      n_inliers = 37838/180990   rms_residual = 0.05536 m

[save] D:\Users\dust\Documents\학교\2026년도1학기\컴퓨터비전\실습\FoundationStereo\experiments\ds_v1_seed0/living_room_contemp_v41\mirror_geometry\result.json
[save] D:\Users\dust\Documents\학교\2026년도1학기\컴퓨터비전\실습\FoundationStereo\experiments\ds_v1_seed0/living_room_contemp_v41\mirror_geometry\plane.txt
[save] D:\Users\dust\Documents\학교\2026년도1학기\컴퓨터비전\실습\FoundationStereo\experiments\ds_v1_seed0/living_room_contemp_v41\mirror_geometry\viz.png

DONE: D:\Users\dust\Documents\학교\2026년도1학기\컴퓨터비전\실습\FoundationStereo\experiments\ds_v1_seed0/living_room_contemp_v41\mirror_geometry
[ds_v1_seed0/living_room_contemp_v41] 거울 점 180990개 중 inlier 53966 (29.8%) / outlier 127024
  normal=[ 0.84   0.082 -0.537] d=4.178  rms(inlier)=0.0312 m  thr≈0.098 m
[save] D:\Users\dust\Documents\학교\2026년도1학기\컴퓨터비전\실습\FoundationStereo\experiments\ds_v1_seed0/living_room_contemp_v41\mirror_geometry\ransac_inliers.png
[gt] living_room_contemp_v41      perp 5.98m planRMS 0.2088m  normal [-0.566, 0.138, -0.813]

생성 1, 건너뜀 0 (depth_gt/mask 없음 등)
[ds_v1_seed0/living_room_contemp_v41] feature 184x320  mirror_frac=0.19767323369565218  feat_left=True
rank  signal              AUC    pol  sep     mean_in     mean_out
  1  feat_left_pc2      0.6091   +  0.1904    2.418023    1.844329
  2  feat_left_pc1      0.6064   -  0.1579    1.941927    2.434493
  3  post_conf          0.5729   -  0.1324    0.684684    0.714113
  4  pre_conf            0.571   -  0.1207    0.361698    0.412517
  5  pre_entropy        0.5584   +  0.0674    2.057248     1.95081
  6  delta_entropy      0.5469   -    0.05   -1.393248   -1.313683
  7  delta_argdisp       0.545   +  0.0888   46.731936   41.248979
  8  feat_left_pc3      0.5404   -  0.0252    1.606193    1.678804
  9  post_entropy       0.5284   +  0.1065       0.664    0.637127
 10  feat_left_l2       0.5275   -  0.0257   16.707769   16.842156
 11  delta_conf         0.5259   +  0.0446    0.322986    0.301596
BEST: feat_left_pc2 (AUC=0.6091, polarity=+)
저장: D:\Users\dust\Documents\학교\2026년도1학기\컴퓨터비전\실습\FoundationStereo\experiments\ds_v1_seed0/living_room_contemp_v41\features\report.json / panels.png / mirror_signal.npy
[device] cuda
  [train] epoch 60/300  loss=0.5411
  [train] epoch 120/300  loss=0.3687
  [train] epoch 180/300  loss=0.2622
  [train] epoch 240/300  loss=0.1887
  [train] epoch 300/300  loss=0.1384

[VAL] scene=ds_v1_seed0/living_room_contemp_v41  (pixel 70/30 split)
  AUC      = 0.9924
  IoU@0.5  = 0.8166
  F1@0.5   = 0.8990
  accuracy = 0.9582  (prec=0.8427, rec=0.9634)
  tp=3290 fp=614 fn=125 tn=13635

[save] D:\Users\dust\Documents\학교\2026년도1학기\컴퓨터비전\실습\FoundationStereo\experiments\ds_v1_seed0/living_room_contemp_v41\submodel
  pred_mask.png, panel.png, metrics.json, head.pt
DONE: D:\Users\dust\Documents\학교\2026년도1학기\컴퓨터비전\실습\FoundationStereo\experiments\ds_v1_seed0/living_room_contemp_v41\submodel
[device] cuda
[load] D:\Users\dust\Documents\학교\2026년도1학기\컴퓨터비전\실습\FoundationStereo\experiments\_model\general_head.pt  (train_scenes=['archiviz_baseline080', 'bedroom_baseline080', 'blue_bathroom_baseline080', 'computer_room_baseline080', 'cozy_living_room_baseline080', 'flat-archiviz_baseline080', 'green_house_baseline080', 'gym_baseline080', 'livingroom_baseline080', 'minimal_interior_baseline080', 'scandinavian_baseline080', 'sunlight_baseline080'])

[APPLY] ds_v1_seed0/living_room_contemp_v41  (저장모델로 새 데이터 평가)
  AUC      = 0.9740
  IoU@0.5  = 0.6856
  F1@0.5   = 0.8135
  accuracy = 0.9327  (prec=0.8997, rec=0.7423)
  tp=8640 fp=963 fn=2999 tn=46278
[save] D:\Users\dust\Documents\학교\2026년도1학기\컴퓨터비전\실습\FoundationStereo\experiments\ds_v1_seed0/living_room_contemp_v41\submodel_applied  (pred_mask.png, panel.png, metrics.json)

============================================================
STEP: estimate_mirror_plane
============================================================

============================================================
STEP: viz_ransac_inliers
============================================================

============================================================
STEP: make_mirror_gt_from_depth
============================================================

============================================================
STEP: analyze_features
============================================================

============================================================
STEP: submodel_head
============================================================

============================================================
STEP: apply_submodel
============================================================

DONE: D:\Users\dust\Documents\학교\2026년도1학기\컴퓨터비전\실습\FoundationStereo\experiments\ds_v1_seed0/living_room_contemp_v41 (ok)

##### [109/132] ds_v1_seed0/living_room_contemp_v42  (done 15, fail 0, skip 93, elapsed 10m, ETA 16m) #####
[scene] ds_v1_seed0/living_room_contemp_v42  size=1280x720
[select] mirror 점 개수 = 171191  (mask=171191, valid&depth = 894552)
[conf] mirror 영역 평균 confidence = 0.6775

=== 평면 추정 결과 ===
  [PCA (closed form)]
      normal = [+0.3316, -0.8342, -0.4406]
      d = +2.3852   mirror_depth(perp) = 2.3852 m   view_z = 9.3141 m
      n_inliers = 171191/171191   rms_residual = 0.38192 m
  [RANSAC]
      normal = [+0.4576, -0.7545, -0.4705]
      d = +2.6671   mirror_depth(perp) = 2.6671 m   view_z = 9.3141 m
      n_inliers = 47640/171191   rms_residual = 0.05583 m
  [SVD robust (IRLS)]
      normal = [+0.3975, -0.7794, -0.4843]
      d = +2.7807   mirror_depth(perp) = 2.7807 m   view_z = 9.3141 m
      n_inliers = 44411/171191   rms_residual = 0.05421 m

[save] D:\Users\dust\Documents\학교\2026년도1학기\컴퓨터비전\실습\FoundationStereo\experiments\ds_v1_seed0/living_room_contemp_v42\mirror_geometry\result.json
[save] D:\Users\dust\Documents\학교\2026년도1학기\컴퓨터비전\실습\FoundationStereo\experiments\ds_v1_seed0/living_room_contemp_v42\mirror_geometry\plane.txt
[save] D:\Users\dust\Documents\학교\2026년도1학기\컴퓨터비전\실습\FoundationStereo\experiments\ds_v1_seed0/living_room_contemp_v42\mirror_geometry\viz.png

DONE: D:\Users\dust\Documents\학교\2026년도1학기\컴퓨터비전\실습\FoundationStereo\experiments\ds_v1_seed0/living_room_contemp_v42\mirror_geometry
[ds_v1_seed0/living_room_contemp_v42] 거울 점 171191개 중 inlier 47640 (27.8%) / outlier 123551
  normal=[ 0.458 -0.755 -0.47 ] d=2.667  rms(inlier)=0.0558 m  thr≈0.097 m
[save] D:\Users\dust\Documents\학교\2026년도1학기\컴퓨터비전\실습\FoundationStereo\experiments\ds_v1_seed0/living_room_contemp_v42\mirror_geometry\ransac_inliers.png
[gt] living_room_contemp_v42      perp 5.60m planRMS 0.2086m  normal [-0.553, 0.182, -0.813]

생성 1, 건너뜀 0 (depth_gt/mask 없음 등)
[ds_v1_seed0/living_room_contemp_v42] feature 184x320  mirror_frac=0.18670176630434782  feat_left=True
rank  signal              AUC    pol  sep     mean_in     mean_out
  1  feat_left_pc1      0.6241   -  0.1817    1.874579    2.442011
  2  post_conf          0.6106   -  0.1961    0.677324    0.721565
  3  feat_left_pc2       0.603   +   0.191    2.282564    1.727402
  4  post_entropy       0.5878   +  0.1634    0.668975    0.628435
  5  pre_conf           0.5568   -  0.0781    0.375639    0.409775
  6  delta_argdisp      0.5478   +  0.0997   44.638406   38.522167
  7  pre_entropy        0.5428   +  0.0285    2.023187    1.976539
  8  feat_left_pc3       0.533   -    0.03    1.603407    1.688968
  9  delta_entropy      0.5263   -  0.0037   -1.354211   -1.348104
 10  delta_conf         0.5103   -  0.0211    0.301685     0.31179
 11  feat_left_l2       0.5074   -  0.0012   16.842007   16.835863
BEST: feat_left_pc1 (AUC=0.6241, polarity=-)
저장: D:\Users\dust\Documents\학교\2026년도1학기\컴퓨터비전\실습\FoundationStereo\experiments\ds_v1_seed0/living_room_contemp_v42\features\report.json / panels.png / mirror_signal.npy
[device] cuda
  [train] epoch 60/300  loss=0.5609
  [train] epoch 120/300  loss=0.3975
  [train] epoch 180/300  loss=0.2897
  [train] epoch 240/300  loss=0.2115
  [train] epoch 300/300  loss=0.1563

[VAL] scene=ds_v1_seed0/living_room_contemp_v42  (pixel 70/30 split)
  AUC      = 0.9892
  IoU@0.5  = 0.7821
  F1@0.5   = 0.8777
  accuracy = 0.9509  (prec=0.8155, rec=0.9502)
  tp=3112 fp=704 fn=163 tn=13685

[save] D:\Users\dust\Documents\학교\2026년도1학기\컴퓨터비전\실습\FoundationStereo\experiments\ds_v1_seed0/living_room_contemp_v42\submodel
  pred_mask.png, panel.png, metrics.json, head.pt
DONE: D:\Users\dust\Documents\학교\2026년도1학기\컴퓨터비전\실습\FoundationStereo\experiments\ds_v1_seed0/living_room_contemp_v42\submodel
[device] cuda
[load] D:\Users\dust\Documents\학교\2026년도1학기\컴퓨터비전\실습\FoundationStereo\experiments\_model\general_head.pt  (train_scenes=['archiviz_baseline080', 'bedroom_baseline080', 'blue_bathroom_baseline080', 'computer_room_baseline080', 'cozy_living_room_baseline080', 'flat-archiviz_baseline080', 'green_house_baseline080', 'gym_baseline080', 'livingroom_baseline080', 'minimal_interior_baseline080', 'scandinavian_baseline080', 'sunlight_baseline080'])

[APPLY] ds_v1_seed0/living_room_contemp_v42  (저장모델로 새 데이터 평가)
  AUC      = 0.9712
  IoU@0.5  = 0.6380
  F1@0.5   = 0.7790
  accuracy = 0.9278  (prec=0.9096, rec=0.6812)
  tp=7488 fp=744 fn=3505 tn=47143
[save] D:\Users\dust\Documents\학교\2026년도1학기\컴퓨터비전\실습\FoundationStereo\experiments\ds_v1_seed0/living_room_contemp_v42\submodel_applied  (pred_mask.png, panel.png, metrics.json)

============================================================
STEP: estimate_mirror_plane
============================================================

============================================================
STEP: viz_ransac_inliers
============================================================

============================================================
STEP: make_mirror_gt_from_depth
============================================================

============================================================
STEP: analyze_features
============================================================

============================================================
STEP: submodel_head
============================================================

============================================================
STEP: apply_submodel
============================================================

DONE: D:\Users\dust\Documents\학교\2026년도1학기\컴퓨터비전\실습\FoundationStereo\experiments\ds_v1_seed0/living_room_contemp_v42 (ok)

##### [110/132] ds_v1_seed0/living_room_contemp_v43  (done 16, fail 0, skip 93, elapsed 11m, ETA 15m) #####
[scene] ds_v1_seed0/living_room_contemp_v43  size=1280x720
[select] mirror 점 개수 = 89727  (mask=89727, valid&depth = 894008)
[conf] mirror 영역 평균 confidence = 0.7256

=== 평면 추정 결과 ===
  [PCA (closed form)]
      normal = [+0.5267, -0.6665, -0.5277]
      d = +2.0762   mirror_depth(perp) = 2.0762 m   view_z = 7.7411 m
      n_inliers = 89727/89727   rms_residual = 0.20338 m
  [RANSAC]
      normal = [+0.4167, -0.7118, -0.5655]
      d = +2.6017   mirror_depth(perp) = 2.6017 m   view_z = 7.7411 m
      n_inliers = 38208/89727   rms_residual = 0.05010 m
  [SVD robust (IRLS)]
      normal = [+0.4793, -0.6857, -0.5479]
      d = +2.3498   mirror_depth(perp) = 2.3498 m   view_z = 7.7411 m
      n_inliers = 37470/89727   rms_residual = 0.04938 m

[save] D:\Users\dust\Documents\학교\2026년도1학기\컴퓨터비전\실습\FoundationStereo\experiments\ds_v1_seed0/living_room_contemp_v43\mirror_geometry\result.json
[save] D:\Users\dust\Documents\학교\2026년도1학기\컴퓨터비전\실습\FoundationStereo\experiments\ds_v1_seed0/living_room_contemp_v43\mirror_geometry\plane.txt
[save] D:\Users\dust\Documents\학교\2026년도1학기\컴퓨터비전\실습\FoundationStereo\experiments\ds_v1_seed0/living_room_contemp_v43\mirror_geometry\viz.png

DONE: D:\Users\dust\Documents\학교\2026년도1학기\컴퓨터비전\실습\FoundationStereo\experiments\ds_v1_seed0/living_room_contemp_v43\mirror_geometry
[ds_v1_seed0/living_room_contemp_v43] 거울 점 89727개 중 inlier 38208 (42.6%) / outlier 51519
  normal=[ 0.417 -0.712 -0.565] d=2.602  rms(inlier)=0.0501 m  thr≈0.086 m
[save] D:\Users\dust\Documents\학교\2026년도1학기\컴퓨터비전\실습\FoundationStereo\experiments\ds_v1_seed0/living_room_contemp_v43\mirror_geometry\ransac_inliers.png
[gt] living_room_contemp_v43      perp 5.56m planRMS 0.2824m  normal [-0.691, 0.204, -0.694]

생성 1, 건너뜀 0 (depth_gt/mask 없음 등)
[ds_v1_seed0/living_room_contemp_v43] feature 184x320  mirror_frac=0.0975203804347826  feat_left=True
rank  signal              AUC    pol  sep     mean_in     mean_out
  1  feat_left_pc1      0.6441   -  0.2167    1.924997    2.607893
  2  feat_left_pc2        0.55   +  0.0898    2.201223    1.923996
  3  delta_argdisp      0.5471   -   0.055   38.802508   42.262618
  4  delta_conf         0.5411   +  0.0454    0.305905    0.282812
  5  pre_conf           0.5392   -   0.024    0.419515    0.430889
  6  post_conf          0.5366   +  0.0515     0.72542    0.713701
  7  pre_entropy        0.5332   +  0.0111     1.89791    1.879048
  8  feat_left_pc3      0.5284   -  0.0297    1.571352    1.657438
  9  delta_entropy      0.5278   -  0.0083   -1.252211   -1.238309
 10  post_entropy       0.5109   -  0.0174      0.6457    0.640739
 11  feat_left_l2       0.5065   +   0.017   16.891756   16.802366
BEST: feat_left_pc1 (AUC=0.6441, polarity=-)
저장: D:\Users\dust\Documents\학교\2026년도1학기\컴퓨터비전\실습\FoundationStereo\experiments\ds_v1_seed0/living_room_contemp_v43\features\report.json / panels.png / mirror_signal.npy
[device] cuda
  [train] epoch 60/300  loss=0.5926
  [train] epoch 120/300  loss=0.3952
  [train] epoch 180/300  loss=0.2785
  [train] epoch 240/300  loss=0.2004
  [train] epoch 300/300  loss=0.1489

[VAL] scene=ds_v1_seed0/living_room_contemp_v43  (pixel 70/30 split)
  AUC      = 0.9870
  IoU@0.5  = 0.6467
  F1@0.5   = 0.7855
  accuracy = 0.9506  (prec=0.6786, rec=0.9323)
  tp=1598 fp=757 fn=116 tn=15193

[save] D:\Users\dust\Documents\학교\2026년도1학기\컴퓨터비전\실습\FoundationStereo\experiments\ds_v1_seed0/living_room_contemp_v43\submodel
  pred_mask.png, panel.png, metrics.json, head.pt
DONE: D:\Users\dust\Documents\학교\2026년도1학기\컴퓨터비전\실습\FoundationStereo\experiments\ds_v1_seed0/living_room_contemp_v43\submodel
[device] cuda
[load] D:\Users\dust\Documents\학교\2026년도1학기\컴퓨터비전\실습\FoundationStereo\experiments\_model\general_head.pt  (train_scenes=['archiviz_baseline080', 'bedroom_baseline080', 'blue_bathroom_baseline080', 'computer_room_baseline080', 'cozy_living_room_baseline080', 'flat-archiviz_baseline080', 'green_house_baseline080', 'gym_baseline080', 'livingroom_baseline080', 'minimal_interior_baseline080', 'scandinavian_baseline080', 'sunlight_baseline080'])

[APPLY] ds_v1_seed0/living_room_contemp_v43  (저장모델로 새 데이터 평가)
  AUC      = 0.9588
  IoU@0.5  = 0.4479
  F1@0.5   = 0.6186
  accuracy = 0.9365  (prec=0.7468, rec=0.5280)
  tp=3032 fp=1028 fn=2710 tn=52110
[save] D:\Users\dust\Documents\학교\2026년도1학기\컴퓨터비전\실습\FoundationStereo\experiments\ds_v1_seed0/living_room_contemp_v43\submodel_applied  (pred_mask.png, panel.png, metrics.json)

============================================================
STEP: estimate_mirror_plane
============================================================

============================================================
STEP: viz_ransac_inliers
============================================================

============================================================
STEP: make_mirror_gt_from_depth
============================================================

============================================================
STEP: analyze_features
============================================================

============================================================
STEP: submodel_head
============================================================

============================================================
STEP: apply_submodel
============================================================

DONE: D:\Users\dust\Documents\학교\2026년도1학기\컴퓨터비전\실습\FoundationStereo\experiments\ds_v1_seed0/living_room_contemp_v43 (ok)

##### [111/132] ds_v1_seed0/living_room_contemp_v44  (done 17, fail 0, skip 93, elapsed 11m, ETA 14m) #####
[scene] ds_v1_seed0/living_room_contemp_v44  size=1280x720
[select] mirror 점 개수 = 225064  (mask=225064, valid&depth = 897552)
[conf] mirror 영역 평균 confidence = 0.6709

=== 평면 추정 결과 ===
  [PCA (closed form)]
      normal = [+0.8355, -0.2027, -0.5107]
      d = +2.7270   mirror_depth(perp) = 2.7270 m   view_z = 9.4957 m
      n_inliers = 225064/225064   rms_residual = 0.50568 m
  [RANSAC]
      normal = [+0.7810, -0.0086, -0.6244]
      d = +4.4651   mirror_depth(perp) = 4.4651 m   view_z = 9.4957 m
      n_inliers = 87760/225064   rms_residual = 0.01827 m
  [SVD robust (IRLS)]
      normal = [+0.7687, -0.3725, -0.5200]
      d = +3.1212   mirror_depth(perp) = 3.1212 m   view_z = 9.4957 m
      n_inliers = 43178/225064   rms_residual = 0.05447 m

[save] D:\Users\dust\Documents\학교\2026년도1학기\컴퓨터비전\실습\FoundationStereo\experiments\ds_v1_seed0/living_room_contemp_v44\mirror_geometry\result.json
[save] D:\Users\dust\Documents\학교\2026년도1학기\컴퓨터비전\실습\FoundationStereo\experiments\ds_v1_seed0/living_room_contemp_v44\mirror_geometry\plane.txt
[save] D:\Users\dust\Documents\학교\2026년도1학기\컴퓨터비전\실습\FoundationStereo\experiments\ds_v1_seed0/living_room_contemp_v44\mirror_geometry\viz.png

DONE: D:\Users\dust\Documents\학교\2026년도1학기\컴퓨터비전\실습\FoundationStereo\experiments\ds_v1_seed0/living_room_contemp_v44\mirror_geometry
[ds_v1_seed0/living_room_contemp_v44] 거울 점 225064개 중 inlier 87760 (39.0%) / outlier 137304
  normal=[ 0.781 -0.009 -0.624] d=4.465  rms(inlier)=0.0183 m  thr≈0.095 m
[save] D:\Users\dust\Documents\학교\2026년도1학기\컴퓨터비전\실습\FoundationStereo\experiments\ds_v1_seed0/living_room_contemp_v44\mirror_geometry\ransac_inliers.png
[gt] living_room_contemp_v44      perp 5.82m planRMS 0.1695m  normal [-0.644, 0.02, -0.765]

생성 1, 건너뜀 0 (depth_gt/mask 없음 등)
[ds_v1_seed0/living_room_contemp_v44] feature 184x320  mirror_frac=0.24341032608695654  feat_left=True
rank  signal              AUC    pol  sep     mean_in     mean_out
  1  post_entropy       0.6054   -  0.1512    0.683356    0.724665
  2  pre_conf           0.5776   -  0.1258    0.358842    0.411461
  3  delta_entropy      0.5766   -  0.1039   -1.366573   -1.203366
  4  pre_entropy        0.5677   +  0.0777    2.049928    1.928031
  5  delta_conf         0.5625   +  0.1116    0.311814    0.260118
  6  feat_left_pc1      0.5577   -  0.0586    2.048924    2.313679
  7  delta_argdisp       0.557   -  0.0792   46.847265   51.820104
  8  feat_left_l2        0.551   +  0.0939   17.100377   16.490007
  9  feat_left_pc3      0.5329   +  0.0832    1.915082     1.64944
 10  feat_left_pc2      0.5048   -  0.0046    2.219938    2.203417
 11  post_conf          0.5041   -  0.0043    0.670656    0.671579
BEST: post_entropy (AUC=0.6054, polarity=-)
저장: D:\Users\dust\Documents\학교\2026년도1학기\컴퓨터비전\실습\FoundationStereo\experiments\ds_v1_seed0/living_room_contemp_v44\features\report.json / panels.png / mirror_signal.npy
[device] cuda
  [train] epoch 60/300  loss=0.5836
  [train] epoch 120/300  loss=0.3931
  [train] epoch 180/300  loss=0.2692
  [train] epoch 240/300  loss=0.1917
  [train] epoch 300/300  loss=0.1424

[VAL] scene=ds_v1_seed0/living_room_contemp_v44  (pixel 70/30 split)
  AUC      = 0.9905
  IoU@0.5  = 0.8295
  F1@0.5   = 0.9068
  accuracy = 0.9523  (prec=0.8643, rec=0.9537)
  tp=4095 fp=643 fn=199 tn=12727

[save] D:\Users\dust\Documents\학교\2026년도1학기\컴퓨터비전\실습\FoundationStereo\experiments\ds_v1_seed0/living_room_contemp_v44\submodel
  pred_mask.png, panel.png, metrics.json, head.pt
DONE: D:\Users\dust\Documents\학교\2026년도1학기\컴퓨터비전\실습\FoundationStereo\experiments\ds_v1_seed0/living_room_contemp_v44\submodel
[device] cuda
[load] D:\Users\dust\Documents\학교\2026년도1학기\컴퓨터비전\실습\FoundationStereo\experiments\_model\general_head.pt  (train_scenes=['archiviz_baseline080', 'bedroom_baseline080', 'blue_bathroom_baseline080', 'computer_room_baseline080', 'cozy_living_room_baseline080', 'flat-archiviz_baseline080', 'green_house_baseline080', 'gym_baseline080', 'livingroom_baseline080', 'minimal_interior_baseline080', 'scandinavian_baseline080', 'sunlight_baseline080'])

[APPLY] ds_v1_seed0/living_room_contemp_v44  (저장모델로 새 데이터 평가)
  AUC      = 0.9351
  IoU@0.5  = 0.5484
  F1@0.5   = 0.7084
  accuracy = 0.8828  (prec=0.8978, rec=0.5849)
  tp=8383 fp=954 fn=5949 tn=43594
[save] D:\Users\dust\Documents\학교\2026년도1학기\컴퓨터비전\실습\FoundationStereo\experiments\ds_v1_seed0/living_room_contemp_v44\submodel_applied  (pred_mask.png, panel.png, metrics.json)

============================================================
STEP: estimate_mirror_plane
============================================================

============================================================
STEP: viz_ransac_inliers
============================================================

============================================================
STEP: make_mirror_gt_from_depth
============================================================

============================================================
STEP: analyze_features
============================================================

============================================================
STEP: submodel_head
============================================================

============================================================
STEP: apply_submodel
============================================================

DONE: D:\Users\dust\Documents\학교\2026년도1학기\컴퓨터비전\실습\FoundationStereo\experiments\ds_v1_seed0/living_room_contemp_v44 (ok)

##### [112/132] ds_v1_seed0/living_room_contemp_v45  (done 18, fail 0, skip 93, elapsed 12m, ETA 14m) #####
[scene] ds_v1_seed0/living_room_contemp_v45  size=1280x720
[select] mirror 점 개수 = 356335  (mask=356335, valid&depth = 898448)
[conf] mirror 영역 평균 confidence = 0.6967

=== 평면 추정 결과 ===
  [PCA (closed form)]
      normal = [+0.0932, -0.9735, -0.2089]
      d = +1.3518   mirror_depth(perp) = 1.3518 m   view_z = 9.8283 m
      n_inliers = 356335/356335   rms_residual = 0.81249 m
  [RANSAC]
      normal = [-0.3916, +0.1413, -0.9092]
      d = +12.0559   mirror_depth(perp) = 12.0559 m   view_z = 9.8283 m
      n_inliers = 102027/356335   rms_residual = 0.05090 m
  [SVD robust (IRLS)]
      normal = [+0.1878, -0.9248, -0.3308]
      d = +2.5726   mirror_depth(perp) = 2.5726 m   view_z = 9.8283 m
      n_inliers = 30167/356335   rms_residual = 0.06173 m

[save] D:\Users\dust\Documents\학교\2026년도1학기\컴퓨터비전\실습\FoundationStereo\experiments\ds_v1_seed0/living_room_contemp_v45\mirror_geometry\result.json
[save] D:\Users\dust\Documents\학교\2026년도1학기\컴퓨터비전\실습\FoundationStereo\experiments\ds_v1_seed0/living_room_contemp_v45\mirror_geometry\plane.txt
[save] D:\Users\dust\Documents\학교\2026년도1학기\컴퓨터비전\실습\FoundationStereo\experiments\ds_v1_seed0/living_room_contemp_v45\mirror_geometry\viz.png

DONE: D:\Users\dust\Documents\학교\2026년도1학기\컴퓨터비전\실습\FoundationStereo\experiments\ds_v1_seed0/living_room_contemp_v45\mirror_geometry
[ds_v1_seed0/living_room_contemp_v45] 거울 점 356335개 중 inlier 102027 (28.6%) / outlier 254308
  normal=[-0.392  0.141 -0.909] d=12.056  rms(inlier)=0.0509 m  thr≈0.106 m
[save] D:\Users\dust\Documents\학교\2026년도1학기\컴퓨터비전\실습\FoundationStereo\experiments\ds_v1_seed0/living_room_contemp_v45\mirror_geometry\ransac_inliers.png
[gt] living_room_contemp_v45      perp 5.97m planRMS 0.1454m  normal [-0.409, 0.08, -0.909]

생성 1, 건너뜀 0 (depth_gt/mask 없음 등)
[ds_v1_seed0/living_room_contemp_v45] feature 184x320  mirror_frac=0.38644701086956523  feat_left=True
rank  signal              AUC    pol  sep     mean_in     mean_out
  1  feat_left_l2       0.5537   -  0.0733   16.534736   16.936973
  2  feat_left_pc2      0.5475   +  0.0864    2.246291    1.980391
  3  feat_left_pc3      0.5314   +  0.0711    1.749265    1.520566
  4  post_conf          0.5252   -  0.0435    0.696925    0.707236
  5  pre_conf           0.5226   -  0.0353     0.37748    0.392258
  6  feat_left_pc1      0.5137   -  0.0087    2.151968    2.122287
  7  delta_argdisp      0.5114   +  0.0234   45.790191   44.288573
  8  delta_conf         0.5098   +  0.0095    0.319445    0.314978
  9  post_entropy       0.5096   -  0.0281    0.658723    0.667332
 10  pre_entropy        0.5087   -  0.0664    1.964238    2.072486
 11  delta_entropy      0.5072   +   0.061   -1.305515   -1.405154
BEST: feat_left_l2 (AUC=0.5537, polarity=-)
저장: D:\Users\dust\Documents\학교\2026년도1학기\컴퓨터비전\실습\FoundationStereo\experiments\ds_v1_seed0/living_room_contemp_v45\features\report.json / panels.png / mirror_signal.npy
[device] cuda
  [train] epoch 60/300  loss=0.4398
  [train] epoch 120/300  loss=0.3135
  [train] epoch 180/300  loss=0.2307
  [train] epoch 240/300  loss=0.1724
  [train] epoch 300/300  loss=0.1320

[VAL] scene=ds_v1_seed0/living_room_contemp_v45  (pixel 70/30 split)
  AUC      = 0.9899
  IoU@0.5  = 0.8856
  F1@0.5   = 0.9393
  accuracy = 0.9527  (prec=0.9350, rec=0.9436)
  tp=6464 fp=449 fn=386 tn=10365

[save] D:\Users\dust\Documents\학교\2026년도1학기\컴퓨터비전\실습\FoundationStereo\experiments\ds_v1_seed0/living_room_contemp_v45\submodel
  pred_mask.png, panel.png, metrics.json, head.pt
DONE: D:\Users\dust\Documents\학교\2026년도1학기\컴퓨터비전\실습\FoundationStereo\experiments\ds_v1_seed0/living_room_contemp_v45\submodel
[device] cuda
[load] D:\Users\dust\Documents\학교\2026년도1학기\컴퓨터비전\실습\FoundationStereo\experiments\_model\general_head.pt  (train_scenes=['archiviz_baseline080', 'bedroom_baseline080', 'blue_bathroom_baseline080', 'computer_room_baseline080', 'cozy_living_room_baseline080', 'flat-archiviz_baseline080', 'green_house_baseline080', 'gym_baseline080', 'livingroom_baseline080', 'minimal_interior_baseline080', 'scandinavian_baseline080', 'sunlight_baseline080'])

[APPLY] ds_v1_seed0/living_room_contemp_v45  (저장모델로 새 데이터 평가)
  AUC      = 0.9450
  IoU@0.5  = 0.5859
  F1@0.5   = 0.7389
  accuracy = 0.8367  (prec=0.9667, rec=0.5980)
  tp=13606 fp=469 fn=9148 tn=35657
[save] D:\Users\dust\Documents\학교\2026년도1학기\컴퓨터비전\실습\FoundationStereo\experiments\ds_v1_seed0/living_room_contemp_v45\submodel_applied  (pred_mask.png, panel.png, metrics.json)

============================================================
STEP: estimate_mirror_plane
============================================================

============================================================
STEP: viz_ransac_inliers
============================================================

============================================================
STEP: make_mirror_gt_from_depth
============================================================

============================================================
STEP: analyze_features
============================================================

============================================================
STEP: submodel_head
============================================================

============================================================
STEP: apply_submodel
============================================================

DONE: D:\Users\dust\Documents\학교\2026년도1학기\컴퓨터비전\실습\FoundationStereo\experiments\ds_v1_seed0/living_room_contemp_v45 (ok)

##### [113/132] ds_v1_seed0/living_room_contemp_v46  (done 19, fail 0, skip 93, elapsed 13m, ETA 13m) #####
[scene] ds_v1_seed0/living_room_contemp_v46  size=1280x720
[select] mirror 점 개수 = 175084  (mask=175084, valid&depth = 894381)
[conf] mirror 영역 평균 confidence = 0.7074

=== 평면 추정 결과 ===
  [PCA (closed form)]
      normal = [+0.0781, -0.9391, -0.3346]
      d = +1.6642   mirror_depth(perp) = 1.6642 m   view_z = 9.2988 m
      n_inliers = 175084/175084   rms_residual = 0.30072 m
  [RANSAC]
      normal = [+0.0482, -0.9554, -0.2913]
      d = +1.6323   mirror_depth(perp) = 1.6323 m   view_z = 9.2988 m
      n_inliers = 56346/175084   rms_residual = 0.03268 m
  [SVD robust (IRLS)]
      normal = [+0.1180, -0.9236, -0.3647]
      d = +1.9455   mirror_depth(perp) = 1.9455 m   view_z = 9.2988 m
      n_inliers = 45296/175084   rms_residual = 0.05750 m

[save] D:\Users\dust\Documents\학교\2026년도1학기\컴퓨터비전\실습\FoundationStereo\experiments\ds_v1_seed0/living_room_contemp_v46\mirror_geometry\result.json
[save] D:\Users\dust\Documents\학교\2026년도1학기\컴퓨터비전\실습\FoundationStereo\experiments\ds_v1_seed0/living_room_contemp_v46\mirror_geometry\plane.txt
[save] D:\Users\dust\Documents\학교\2026년도1학기\컴퓨터비전\실습\FoundationStereo\experiments\ds_v1_seed0/living_room_contemp_v46\mirror_geometry\viz.png

DONE: D:\Users\dust\Documents\학교\2026년도1학기\컴퓨터비전\실습\FoundationStereo\experiments\ds_v1_seed0/living_room_contemp_v46\mirror_geometry
[ds_v1_seed0/living_room_contemp_v46] 거울 점 175084개 중 inlier 56346 (32.2%) / outlier 118738
  normal=[ 0.048 -0.955 -0.291] d=1.632  rms(inlier)=0.0327 m  thr≈0.101 m
[save] D:\Users\dust\Documents\학교\2026년도1학기\컴퓨터비전\실습\FoundationStereo\experiments\ds_v1_seed0/living_room_contemp_v46\mirror_geometry\ransac_inliers.png
[gt] living_room_contemp_v46      perp 5.99m planRMS 0.1831m  normal [-0.357, 0.255, -0.899]

생성 1, 건너뜀 0 (depth_gt/mask 없음 등)
[ds_v1_seed0/living_room_contemp_v46] feature 184x320  mirror_frac=0.19154211956521738  feat_left=True
rank  signal              AUC    pol  sep     mean_in     mean_out
  1  feat_left_pc1      0.6083   -  0.1443    2.023232    2.488333
  2  post_entropy       0.5707   +  0.1295     0.64485    0.610741
  3  pre_conf            0.546   -  0.0644    0.390356    0.418784
  4  delta_argdisp      0.5451   +  0.0896   42.012414   36.606508
  5  post_conf          0.5446   -  0.0767    0.707237    0.725208
  6  pre_entropy        0.5345   +  0.0166    1.968889    1.941668
  7  feat_left_pc2      0.5342   +  0.0804    1.945278     1.71045
  8  delta_entropy      0.5194   -  0.0042   -1.324038   -1.330927
  9  feat_left_l2       0.5163   +  0.0558   17.005625   16.723368
 10  delta_conf         0.5156   +  0.0213    0.316882    0.306424
 11  feat_left_pc3      0.5127   -  0.0008    1.674693    1.676935
BEST: feat_left_pc1 (AUC=0.6083, polarity=-)
저장: D:\Users\dust\Documents\학교\2026년도1학기\컴퓨터비전\실습\FoundationStereo\experiments\ds_v1_seed0/living_room_contemp_v46\features\report.json / panels.png / mirror_signal.npy
[device] cuda
  [train] epoch 60/300  loss=0.5650
  [train] epoch 120/300  loss=0.4103
  [train] epoch 180/300  loss=0.3021
  [train] epoch 240/300  loss=0.2202
  [train] epoch 300/300  loss=0.1624

[VAL] scene=ds_v1_seed0/living_room_contemp_v46  (pixel 70/30 split)
  AUC      = 0.9886
  IoU@0.5  = 0.7665
  F1@0.5   = 0.8678
  accuracy = 0.9451  (prec=0.8005, rec=0.9476)
  tp=3185 fp=794 fn=176 tn=13509

[save] D:\Users\dust\Documents\학교\2026년도1학기\컴퓨터비전\실습\FoundationStereo\experiments\ds_v1_seed0/living_room_contemp_v46\submodel
  pred_mask.png, panel.png, metrics.json, head.pt
DONE: D:\Users\dust\Documents\학교\2026년도1학기\컴퓨터비전\실습\FoundationStereo\experiments\ds_v1_seed0/living_room_contemp_v46\submodel
[device] cuda
[load] D:\Users\dust\Documents\학교\2026년도1학기\컴퓨터비전\실습\FoundationStereo\experiments\_model\general_head.pt  (train_scenes=['archiviz_baseline080', 'bedroom_baseline080', 'blue_bathroom_baseline080', 'computer_room_baseline080', 'cozy_living_room_baseline080', 'flat-archiviz_baseline080', 'green_house_baseline080', 'gym_baseline080', 'livingroom_baseline080', 'minimal_interior_baseline080', 'scandinavian_baseline080', 'sunlight_baseline080'])

[APPLY] ds_v1_seed0/living_room_contemp_v46  (저장모델로 새 데이터 평가)
  AUC      = 0.9671
  IoU@0.5  = 0.5987
  F1@0.5   = 0.7490
  accuracy = 0.9179  (prec=0.9033, rec=0.6397)
  tp=7214 fp=772 fn=4064 tn=46830
[save] D:\Users\dust\Documents\학교\2026년도1학기\컴퓨터비전\실습\FoundationStereo\experiments\ds_v1_seed0/living_room_contemp_v46\submodel_applied  (pred_mask.png, panel.png, metrics.json)

============================================================
STEP: estimate_mirror_plane
============================================================

============================================================
STEP: viz_ransac_inliers
============================================================

============================================================
STEP: make_mirror_gt_from_depth
============================================================

============================================================
STEP: analyze_features
============================================================

============================================================
STEP: submodel_head
============================================================

============================================================
STEP: apply_submodel
============================================================

DONE: D:\Users\dust\Documents\학교\2026년도1학기\컴퓨터비전\실습\FoundationStereo\experiments\ds_v1_seed0/living_room_contemp_v46 (ok)

##### [114/132] ds_v1_seed0/living_room_contemp_v47  (done 20, fail 0, skip 93, elapsed 13m, ETA 13m) #####
[scene] ds_v1_seed0/living_room_contemp_v47  size=1280x720
[select] mirror 점 개수 = 47316  (mask=47316, valid&depth = 894366)
[conf] mirror 영역 평균 confidence = 0.6798

=== 평면 추정 결과 ===
  [PCA (closed form)]
      normal = [+0.6960, -0.4959, -0.5193]
      d = +1.4796   mirror_depth(perp) = 1.4796 m   view_z = 7.2900 m
      n_inliers = 47316/47316   rms_residual = 0.19446 m
  [RANSAC]
      normal = [+0.4082, -0.6867, -0.6016]
      d = +2.6421   mirror_depth(perp) = 2.6421 m   view_z = 7.2900 m
      n_inliers = 16575/47316   rms_residual = 0.03429 m
  [SVD robust (IRLS)]
      normal = [+0.5816, -0.5886, -0.5616]
      d = +1.9911   mirror_depth(perp) = 1.9911 m   view_z = 7.2900 m
      n_inliers = 15096/47316   rms_residual = 0.03484 m

[save] D:\Users\dust\Documents\학교\2026년도1학기\컴퓨터비전\실습\FoundationStereo\experiments\ds_v1_seed0/living_room_contemp_v47\mirror_geometry\result.json
[save] D:\Users\dust\Documents\학교\2026년도1학기\컴퓨터비전\실습\FoundationStereo\experiments\ds_v1_seed0/living_room_contemp_v47\mirror_geometry\plane.txt
[save] D:\Users\dust\Documents\학교\2026년도1학기\컴퓨터비전\실습\FoundationStereo\experiments\ds_v1_seed0/living_room_contemp_v47\mirror_geometry\viz.png

DONE: D:\Users\dust\Documents\학교\2026년도1학기\컴퓨터비전\실습\FoundationStereo\experiments\ds_v1_seed0/living_room_contemp_v47\mirror_geometry
[ds_v1_seed0/living_room_contemp_v47] 거울 점 47316개 중 inlier 16575 (35.0%) / outlier 30741
  normal=[ 0.408 -0.687 -0.602] d=2.642  rms(inlier)=0.0343 m  thr≈0.061 m
[save] D:\Users\dust\Documents\학교\2026년도1학기\컴퓨터비전\실습\FoundationStereo\experiments\ds_v1_seed0/living_room_contemp_v47\mirror_geometry\ransac_inliers.png
[gt] living_room_contemp_v47      perp 5.71m planRMS 0.3837m  normal [-0.755, 0.212, -0.62]

생성 1, 건너뜀 0 (depth_gt/mask 없음 등)
[ds_v1_seed0/living_room_contemp_v47] feature 184x320  mirror_frac=0.05134171195652174  feat_left=True
rank  signal              AUC    pol  sep     mean_in     mean_out
  1  feat_left_pc1       0.754   -  0.4879    1.482531    2.781283
  2  pre_entropy         0.617   +  0.1878    2.062545    1.765867
  3  pre_conf           0.6166   -  0.1869    0.375723    0.459096
  4  post_entropy       0.5944   +  0.1513    0.698218    0.648777
  5  delta_entropy      0.5936   -   0.153   -1.364327   -1.117091
  6  feat_left_l2       0.5768   +  0.1241   17.339361   16.668585
  7  post_conf          0.5663   -  0.1191    0.679482      0.7082
  8  delta_conf         0.5596   +  0.1073    0.303759    0.249104
  9  feat_left_pc2      0.5386   +  0.0665    2.135774    1.933525
 10  feat_left_pc3      0.5188   -  0.0449    1.471875    1.595797
 11  delta_argdisp      0.5079   +  0.0387   45.076414   42.597347
BEST: feat_left_pc1 (AUC=0.754, polarity=-)
저장: D:\Users\dust\Documents\학교\2026년도1학기\컴퓨터비전\실습\FoundationStereo\experiments\ds_v1_seed0/living_room_contemp_v47\features\report.json / panels.png / mirror_signal.npy
[device] cuda
  [train] epoch 60/300  loss=0.5148
  [train] epoch 120/300  loss=0.3296
  [train] epoch 180/300  loss=0.2381
  [train] epoch 240/300  loss=0.1768
  [train] epoch 300/300  loss=0.1341

[VAL] scene=ds_v1_seed0/living_room_contemp_v47  (pixel 70/30 split)
  AUC      = 0.9897
  IoU@0.5  = 0.5186
  F1@0.5   = 0.6830
  accuracy = 0.9576  (prec=0.5373, rec=0.9373)
  tp=807 fp=695 fn=54 tn=16108

[save] D:\Users\dust\Documents\학교\2026년도1학기\컴퓨터비전\실습\FoundationStereo\experiments\ds_v1_seed0/living_room_contemp_v47\submodel
  pred_mask.png, panel.png, metrics.json, head.pt
DONE: D:\Users\dust\Documents\학교\2026년도1학기\컴퓨터비전\실습\FoundationStereo\experiments\ds_v1_seed0/living_room_contemp_v47\submodel
[device] cuda
[load] D:\Users\dust\Documents\학교\2026년도1학기\컴퓨터비전\실습\FoundationStereo\experiments\_model\general_head.pt  (train_scenes=['archiviz_baseline080', 'bedroom_baseline080', 'blue_bathroom_baseline080', 'computer_room_baseline080', 'cozy_living_room_baseline080', 'flat-archiviz_baseline080', 'green_house_baseline080', 'gym_baseline080', 'livingroom_baseline080', 'minimal_interior_baseline080', 'scandinavian_baseline080', 'sunlight_baseline080'])

[APPLY] ds_v1_seed0/living_room_contemp_v47  (저장모델로 새 데이터 평가)
  AUC      = 0.9536
  IoU@0.5  = 0.3465
  F1@0.5   = 0.5147
  accuracy = 0.9524  (prec=0.5397, rec=0.4919)
  tp=1487 fp=1268 fn=1536 tn=54589
[save] D:\Users\dust\Documents\학교\2026년도1학기\컴퓨터비전\실습\FoundationStereo\experiments\ds_v1_seed0/living_room_contemp_v47\submodel_applied  (pred_mask.png, panel.png, metrics.json)

============================================================
STEP: estimate_mirror_plane
============================================================

============================================================
STEP: viz_ransac_inliers
============================================================

============================================================
STEP: make_mirror_gt_from_depth
============================================================

============================================================
STEP: analyze_features
============================================================

============================================================
STEP: submodel_head
============================================================

============================================================
STEP: apply_submodel
============================================================

DONE: D:\Users\dust\Documents\학교\2026년도1학기\컴퓨터비전\실습\FoundationStereo\experiments\ds_v1_seed0/living_room_contemp_v47 (ok)

##### [115/132] ds_v1_seed0/living_room_contemp_v48  (done 21, fail 0, skip 93, elapsed 14m, ETA 12m) #####
[scene] ds_v1_seed0/living_room_contemp_v48  size=1280x720
[select] mirror 점 개수 = 253653  (mask=253653, valid&depth = 897687)
[conf] mirror 영역 평균 confidence = 0.7109

=== 평면 추정 결과 ===
  [PCA (closed form)]
      normal = [+0.1138, -0.9301, -0.3493]
      d = +2.2238   mirror_depth(perp) = 2.2238 m   view_z = 9.9361 m
      n_inliers = 253653/253653   rms_residual = 0.51843 m
  [RANSAC]
      normal = [-0.4055, +0.1765, -0.8969]
      d = +12.1972   mirror_depth(perp) = 12.1972 m   view_z = 9.9361 m
      n_inliers = 71093/253653   rms_residual = 0.03419 m
  [SVD robust (IRLS)]
      normal = [+0.1150, -0.9163, -0.3837]
      d = +2.6144   mirror_depth(perp) = 2.6144 m   view_z = 9.9361 m
      n_inliers = 41699/253653   rms_residual = 0.05931 m

[save] D:\Users\dust\Documents\학교\2026년도1학기\컴퓨터비전\실습\FoundationStereo\experiments\ds_v1_seed0/living_room_contemp_v48\mirror_geometry\result.json
[save] D:\Users\dust\Documents\학교\2026년도1학기\컴퓨터비전\실습\FoundationStereo\experiments\ds_v1_seed0/living_room_contemp_v48\mirror_geometry\plane.txt
[save] D:\Users\dust\Documents\학교\2026년도1학기\컴퓨터비전\실습\FoundationStereo\experiments\ds_v1_seed0/living_room_contemp_v48\mirror_geometry\viz.png

DONE: D:\Users\dust\Documents\학교\2026년도1학기\컴퓨터비전\실습\FoundationStereo\experiments\ds_v1_seed0/living_room_contemp_v48\mirror_geometry
[ds_v1_seed0/living_room_contemp_v48] 거울 점 253653개 중 inlier 71093 (28.0%) / outlier 182560
  normal=[-0.405  0.176 -0.897] d=12.197  rms(inlier)=0.0342 m  thr≈0.104 m
[save] D:\Users\dust\Documents\학교\2026년도1학기\컴퓨터비전\실습\FoundationStereo\experiments\ds_v1_seed0/living_room_contemp_v48\mirror_geometry\ransac_inliers.png
[gt] living_room_contemp_v48      perp 5.96m planRMS 0.1740m  normal [-0.435, 0.157, -0.887]

생성 1, 건너뜀 0 (depth_gt/mask 없음 등)
[ds_v1_seed0/living_room_contemp_v48] feature 184x320  mirror_frac=0.27646059782608695  feat_left=True
rank  signal              AUC    pol  sep     mean_in     mean_out
  1  feat_left_pc2      0.6216   +  0.2159    2.349798    1.708949
  2  feat_left_pc1      0.5583   -  0.0571    2.123352    2.307521
  3  pre_conf           0.5574   -  0.0975    0.362961    0.402815
  4  delta_conf         0.5574   +   0.093    0.347908    0.304392
  5  delta_argdisp      0.5542   +  0.0984   45.921243   39.807216
  6  pre_entropy        0.5431   +  0.0305    2.045679     1.99747
  7  delta_entropy      0.5394   -  0.0256    -1.40597   -1.365282
  8  feat_left_pc3      0.5212   -   0.003    1.646462    1.637683
  9  post_entropy       0.5092   -  0.0296    0.639709    0.632188
 10  post_conf          0.5086   +  0.0155    0.710869    0.707207
 11  feat_left_l2        0.505   -  0.0124    16.78613   16.721555
BEST: feat_left_pc2 (AUC=0.6216, polarity=+)
저장: D:\Users\dust\Documents\학교\2026년도1학기\컴퓨터비전\실습\FoundationStereo\experiments\ds_v1_seed0/living_room_contemp_v48\features\report.json / panels.png / mirror_signal.npy
[device] cuda
  [train] epoch 60/300  loss=0.5247
  [train] epoch 120/300  loss=0.3825
  [train] epoch 180/300  loss=0.2806
  [train] epoch 240/300  loss=0.2064
  [train] epoch 300/300  loss=0.1544

[VAL] scene=ds_v1_seed0/living_room_contemp_v48  (pixel 70/30 split)
  AUC      = 0.9898
  IoU@0.5  = 0.8381
  F1@0.5   = 0.9119
  accuracy = 0.9496  (prec=0.8814, rec=0.9446)
  tp=4607 fp=620 fn=270 tn=12167

[save] D:\Users\dust\Documents\학교\2026년도1학기\컴퓨터비전\실습\FoundationStereo\experiments\ds_v1_seed0/living_room_contemp_v48\submodel
  pred_mask.png, panel.png, metrics.json, head.pt
DONE: D:\Users\dust\Documents\학교\2026년도1학기\컴퓨터비전\실습\FoundationStereo\experiments\ds_v1_seed0/living_room_contemp_v48\submodel
[device] cuda
[load] D:\Users\dust\Documents\학교\2026년도1학기\컴퓨터비전\실습\FoundationStereo\experiments\_model\general_head.pt  (train_scenes=['archiviz_baseline080', 'bedroom_baseline080', 'blue_bathroom_baseline080', 'computer_room_baseline080', 'cozy_living_room_baseline080', 'flat-archiviz_baseline080', 'green_house_baseline080', 'gym_baseline080', 'livingroom_baseline080', 'minimal_interior_baseline080', 'scandinavian_baseline080', 'sunlight_baseline080'])

[APPLY] ds_v1_seed0/living_room_contemp_v48  (저장모델로 새 데이터 평가)
  AUC      = 0.9611
  IoU@0.5  = 0.6376
  F1@0.5   = 0.7787
  accuracy = 0.8959  (prec=0.9444, rec=0.6624)
  tp=10783 fp=635 fn=5495 tn=41967
[save] D:\Users\dust\Documents\학교\2026년도1학기\컴퓨터비전\실습\FoundationStereo\experiments\ds_v1_seed0/living_room_contemp_v48\submodel_applied  (pred_mask.png, panel.png, metrics.json)

============================================================
STEP: estimate_mirror_plane
============================================================

============================================================
STEP: viz_ransac_inliers
============================================================

============================================================
STEP: make_mirror_gt_from_depth
============================================================

============================================================
STEP: analyze_features
============================================================

============================================================
STEP: submodel_head
============================================================

============================================================
STEP: apply_submodel
============================================================

DONE: D:\Users\dust\Documents\학교\2026년도1학기\컴퓨터비전\실습\FoundationStereo\experiments\ds_v1_seed0/living_room_contemp_v48 (ok)

##### [116/132] ds_v1_seed0/living_room_contemp_v49  (done 22, fail 0, skip 93, elapsed 14m, ETA 11m) #####
[scene] ds_v1_seed0/living_room_contemp_v49  size=1280x720
[select] mirror 점 개수 = 271683  (mask=271683, valid&depth = 897721)
[conf] mirror 영역 평균 confidence = 0.6897

=== 평면 추정 결과 ===
  [PCA (closed form)]
      normal = [+0.5475, -0.7094, -0.4439]
      d = +2.6354   mirror_depth(perp) = 2.6354 m   view_z = 9.7869 m
      n_inliers = 271683/271683   rms_residual = 0.72550 m
  [RANSAC]
      normal = [+0.8409, +0.0926, -0.5332]
      d = +4.3347   mirror_depth(perp) = 4.3347 m   view_z = 9.7869 m
      n_inliers = 81065/271683   rms_residual = 0.02446 m
  [SVD robust (IRLS)]
      normal = [+0.6674, -0.5217, -0.5315]
      d = +3.5357   mirror_depth(perp) = 3.5357 m   view_z = 9.7869 m
      n_inliers = 35097/271683   rms_residual = 0.06121 m

[save] D:\Users\dust\Documents\학교\2026년도1학기\컴퓨터비전\실습\FoundationStereo\experiments\ds_v1_seed0/living_room_contemp_v49\mirror_geometry\result.json
[save] D:\Users\dust\Documents\학교\2026년도1학기\컴퓨터비전\실습\FoundationStereo\experiments\ds_v1_seed0/living_room_contemp_v49\mirror_geometry\plane.txt
[save] D:\Users\dust\Documents\학교\2026년도1학기\컴퓨터비전\실습\FoundationStereo\experiments\ds_v1_seed0/living_room_contemp_v49\mirror_geometry\viz.png

DONE: D:\Users\dust\Documents\학교\2026년도1학기\컴퓨터비전\실습\FoundationStereo\experiments\ds_v1_seed0/living_room_contemp_v49\mirror_geometry
[ds_v1_seed0/living_room_contemp_v49] 거울 점 271683개 중 inlier 81065 (29.8%) / outlier 190618
  normal=[ 0.841  0.093 -0.533] d=4.335  rms(inlier)=0.0245 m  thr≈0.102 m
[save] D:\Users\dust\Documents\학교\2026년도1학기\컴퓨터비전\실습\FoundationStereo\experiments\ds_v1_seed0/living_room_contemp_v49\mirror_geometry\ransac_inliers.png
[gt] living_room_contemp_v49      perp 5.90m planRMS 0.1535m  normal [-0.55, 0.101, -0.829]

생성 1, 건너뜀 0 (depth_gt/mask 없음 등)
[ds_v1_seed0/living_room_contemp_v49] feature 184x320  mirror_frac=0.29456521739130437  feat_left=True
rank  signal              AUC    pol  sep     mean_in     mean_out
  1  feat_left_pc1      0.5886   -  0.1067    1.932925    2.299735
  2  pre_conf           0.5848   -  0.1474    0.347393    0.408912
  3  pre_entropy        0.5667   +  0.0746    2.106623    1.986338
  4  post_conf          0.5593   -  0.1128    0.689354    0.714671
  5  delta_entropy      0.5582   -  0.0619   -1.435436   -1.335219
  6  feat_left_pc2      0.5498   +  0.0924    2.314941     2.03307
  7  delta_conf         0.5448   +  0.0776    0.341961    0.305759
  8  feat_left_l2       0.5364   -  0.0314   16.664842    16.84215
  9  delta_argdisp      0.5249   +  0.0492   46.684041   43.563993
 10  feat_left_pc3      0.5088   -  0.0286    1.662345    1.567897
 11  post_entropy       0.5002   +  0.0742    0.671187    0.651119
BEST: feat_left_pc1 (AUC=0.5886, polarity=-)
저장: D:\Users\dust\Documents\학교\2026년도1학기\컴퓨터비전\실습\FoundationStereo\experiments\ds_v1_seed0/living_room_contemp_v49\features\report.json / panels.png / mirror_signal.npy
[device] cuda
  [train] epoch 60/300  loss=0.5144
  [train] epoch 120/300  loss=0.3590
  [train] epoch 180/300  loss=0.2551
  [train] epoch 240/300  loss=0.1844
  [train] epoch 300/300  loss=0.1380

[VAL] scene=ds_v1_seed0/living_room_contemp_v49  (pixel 70/30 split)
  AUC      = 0.9908
  IoU@0.5  = 0.8600
  F1@0.5   = 0.9247
  accuracy = 0.9549  (prec=0.9014, rec=0.9493)
  tp=4889 fp=535 fn=261 tn=11979

[save] D:\Users\dust\Documents\학교\2026년도1학기\컴퓨터비전\실습\FoundationStereo\experiments\ds_v1_seed0/living_room_contemp_v49\submodel
  pred_mask.png, panel.png, metrics.json, head.pt
DONE: D:\Users\dust\Documents\학교\2026년도1학기\컴퓨터비전\실습\FoundationStereo\experiments\ds_v1_seed0/living_room_contemp_v49\submodel
[device] cuda
[load] D:\Users\dust\Documents\학교\2026년도1학기\컴퓨터비전\실습\FoundationStereo\experiments\_model\general_head.pt  (train_scenes=['archiviz_baseline080', 'bedroom_baseline080', 'blue_bathroom_baseline080', 'computer_room_baseline080', 'cozy_living_room_baseline080', 'flat-archiviz_baseline080', 'green_house_baseline080', 'gym_baseline080', 'livingroom_baseline080', 'minimal_interior_baseline080', 'scandinavian_baseline080', 'sunlight_baseline080'])

[APPLY] ds_v1_seed0/living_room_contemp_v49  (저장모델로 새 데이터 평가)
  AUC      = 0.9575
  IoU@0.5  = 0.6307
  F1@0.5   = 0.7736
  accuracy = 0.8874  (prec=0.9488, rec=0.6530)
  tp=11325 fp=611 fn=6019 tn=40925
[save] D:\Users\dust\Documents\학교\2026년도1학기\컴퓨터비전\실습\FoundationStereo\experiments\ds_v1_seed0/living_room_contemp_v49\submodel_applied  (pred_mask.png, panel.png, metrics.json)

============================================================
STEP: estimate_mirror_plane
============================================================

============================================================
STEP: viz_ransac_inliers
============================================================

============================================================
STEP: make_mirror_gt_from_depth
============================================================

============================================================
STEP: analyze_features
============================================================

============================================================
STEP: submodel_head
============================================================

============================================================
STEP: apply_submodel
============================================================

DONE: D:\Users\dust\Documents\학교\2026년도1학기\컴퓨터비전\실습\FoundationStereo\experiments\ds_v1_seed0/living_room_contemp_v49 (ok)

##### [117/132] ds_v1_seed0/living_room_contemp_v50  (done 23, fail 0, skip 93, elapsed 15m, ETA 11m) #####
[scene] ds_v1_seed0/living_room_contemp_v50  size=1280x720
[select] mirror 점 개수 = 144177  (mask=144177, valid&depth = 895143)
[conf] mirror 영역 평균 confidence = 0.7179

=== 평면 추정 결과 ===
  [PCA (closed form)]
      normal = [+0.0858, -0.9448, -0.3161]
      d = +1.3952   mirror_depth(perp) = 1.3952 m   view_z = 8.9278 m
      n_inliers = 144177/144177   rms_residual = 0.26670 m
  [RANSAC]
      normal = [+0.2121, -0.9114, -0.3526]
      d = +1.7308   mirror_depth(perp) = 1.7308 m   view_z = 8.9278 m
      n_inliers = 53514/144177   rms_residual = 0.04772 m
  [SVD robust (IRLS)]
      normal = [+0.1451, -0.9281, -0.3430]
      d = +1.6655   mirror_depth(perp) = 1.6655 m   view_z = 8.9278 m
      n_inliers = 39839/144177   rms_residual = 0.06262 m

[save] D:\Users\dust\Documents\학교\2026년도1학기\컴퓨터비전\실습\FoundationStereo\experiments\ds_v1_seed0/living_room_contemp_v50\mirror_geometry\result.json
[save] D:\Users\dust\Documents\학교\2026년도1학기\컴퓨터비전\실습\FoundationStereo\experiments\ds_v1_seed0/living_room_contemp_v50\mirror_geometry\plane.txt
[save] D:\Users\dust\Documents\학교\2026년도1학기\컴퓨터비전\실습\FoundationStereo\experiments\ds_v1_seed0/living_room_contemp_v50\mirror_geometry\viz.png

DONE: D:\Users\dust\Documents\학교\2026년도1학기\컴퓨터비전\실습\FoundationStereo\experiments\ds_v1_seed0/living_room_contemp_v50\mirror_geometry
[ds_v1_seed0/living_room_contemp_v50] 거울 점 144177개 중 inlier 53514 (37.1%) / outlier 90663
  normal=[ 0.212 -0.911 -0.353] d=1.731  rms(inlier)=0.0477 m  thr≈0.100 m
[save] D:\Users\dust\Documents\학교\2026년도1학기\컴퓨터비전\실습\FoundationStereo\experiments\ds_v1_seed0/living_room_contemp_v50\mirror_geometry\ransac_inliers.png
[gt] living_room_contemp_v50      perp 6.00m planRMS 0.2151m  normal [-0.32, 0.281, -0.905]

생성 1, 건너뜀 0 (depth_gt/mask 없음 등)
[ds_v1_seed0/living_room_contemp_v50] feature 184x320  mirror_frac=0.1578804347826087  feat_left=True
rank  signal              AUC    pol  sep     mean_in     mean_out
  1  feat_left_pc1      0.6057   -  0.1628    1.977488    2.476608
  2  post_entropy       0.5574   +  0.1143    0.641048    0.608985
  3  pre_conf           0.5565   -  0.0726    0.384871    0.417766
  4  feat_left_pc3      0.5555   -  0.0807    1.535779    1.761015
  5  pre_entropy        0.5473   +  0.0396    2.021365    1.954859
  6  feat_left_l2       0.5465   +  0.0974   17.231377   16.724731
  7  delta_conf         0.5371   +  0.0511    0.332596    0.306648
  8  delta_argdisp      0.5335   +  0.0745    41.59219   36.993526
  9  delta_entropy      0.5332   -  0.0205   -1.380317   -1.345874
 10  post_conf          0.5178   -  0.0292    0.717467    0.724414
 11  feat_left_pc2      0.5024   -    0.02    1.839615    1.780577
BEST: feat_left_pc1 (AUC=0.6057, polarity=-)
저장: D:\Users\dust\Documents\학교\2026년도1학기\컴퓨터비전\실습\FoundationStereo\experiments\ds_v1_seed0/living_room_contemp_v50\features\report.json / panels.png / mirror_signal.npy
[device] cuda
  [train] epoch 60/300  loss=0.5998
  [train] epoch 120/300  loss=0.4357
  [train] epoch 180/300  loss=0.3198
  [train] epoch 240/300  loss=0.2325
  [train] epoch 300/300  loss=0.1707

[VAL] scene=ds_v1_seed0/living_room_contemp_v50  (pixel 70/30 split)
  AUC      = 0.9883
  IoU@0.5  = 0.7368
  F1@0.5   = 0.8485
  accuracy = 0.9466  (prec=0.7699, rec=0.9449)
  tp=2640 fp=789 fn=154 tn=14081

[save] D:\Users\dust\Documents\학교\2026년도1학기\컴퓨터비전\실습\FoundationStereo\experiments\ds_v1_seed0/living_room_contemp_v50\submodel
  pred_mask.png, panel.png, metrics.json, head.pt
DONE: D:\Users\dust\Documents\학교\2026년도1학기\컴퓨터비전\실습\FoundationStereo\experiments\ds_v1_seed0/living_room_contemp_v50\submodel
[device] cuda
[load] D:\Users\dust\Documents\학교\2026년도1학기\컴퓨터비전\실습\FoundationStereo\experiments\_model\general_head.pt  (train_scenes=['archiviz_baseline080', 'bedroom_baseline080', 'blue_bathroom_baseline080', 'computer_room_baseline080', 'cozy_living_room_baseline080', 'flat-archiviz_baseline080', 'green_house_baseline080', 'gym_baseline080', 'livingroom_baseline080', 'minimal_interior_baseline080', 'scandinavian_baseline080', 'sunlight_baseline080'])

[APPLY] ds_v1_seed0/living_room_contemp_v50  (저장모델로 새 데이터 평가)
  AUC      = 0.9649
  IoU@0.5  = 0.5672
  F1@0.5   = 0.7239
  accuracy = 0.9265  (prec=0.8901, rec=0.6099)
  tp=5670 fp=700 fn=3626 tn=48884
[save] D:\Users\dust\Documents\학교\2026년도1학기\컴퓨터비전\실습\FoundationStereo\experiments\ds_v1_seed0/living_room_contemp_v50\submodel_applied  (pred_mask.png, panel.png, metrics.json)

============================================================
STEP: estimate_mirror_plane
============================================================

============================================================
STEP: viz_ransac_inliers
============================================================

============================================================
STEP: make_mirror_gt_from_depth
============================================================

============================================================
STEP: analyze_features
============================================================

============================================================
STEP: submodel_head
============================================================

============================================================
STEP: apply_submodel
============================================================

DONE: D:\Users\dust\Documents\학교\2026년도1학기\컴퓨터비전\실습\FoundationStereo\experiments\ds_v1_seed0/living_room_contemp_v50 (ok)

##### [118/132] ds_v1_seed0/living_room_contemp_v51  (done 24, fail 0, skip 93, elapsed 16m, ETA 10m) #####
[scene] ds_v1_seed0/living_room_contemp_v51  size=1280x720
[select] mirror 점 개수 = 129560  (mask=129560, valid&depth = 894926)
[conf] mirror 영역 평균 confidence = 0.7082

=== 평면 추정 결과 ===
  [PCA (closed form)]
      normal = [+0.8512, -0.1772, -0.4940]
      d = +1.6073   mirror_depth(perp) = 1.6073 m   view_z = 7.8408 m
      n_inliers = 129560/129560   rms_residual = 0.25030 m
  [RANSAC]
      normal = [+0.6819, +0.0070, -0.7314]
      d = +4.3929   mirror_depth(perp) = 4.3929 m   view_z = 7.8408 m
      n_inliers = 62367/129560   rms_residual = 0.01841 m
  [SVD robust (IRLS)]
      normal = [+0.8295, -0.2016, -0.5209]
      d = +1.8958   mirror_depth(perp) = 1.8958 m   view_z = 7.8408 m
      n_inliers = 30122/129560   rms_residual = 0.04206 m

[save] D:\Users\dust\Documents\학교\2026년도1학기\컴퓨터비전\실습\FoundationStereo\experiments\ds_v1_seed0/living_room_contemp_v51\mirror_geometry\result.json
[save] D:\Users\dust\Documents\학교\2026년도1학기\컴퓨터비전\실습\FoundationStereo\experiments\ds_v1_seed0/living_room_contemp_v51\mirror_geometry\plane.txt
[save] D:\Users\dust\Documents\학교\2026년도1학기\컴퓨터비전\실습\FoundationStereo\experiments\ds_v1_seed0/living_room_contemp_v51\mirror_geometry\viz.png

DONE: D:\Users\dust\Documents\학교\2026년도1학기\컴퓨터비전\실습\FoundationStereo\experiments\ds_v1_seed0/living_room_contemp_v51\mirror_geometry
[ds_v1_seed0/living_room_contemp_v51] 거울 점 129560개 중 inlier 62367 (48.1%) / outlier 67193
  normal=[ 0.682  0.007 -0.731] d=4.393  rms(inlier)=0.0184 m  thr≈0.073 m
[save] D:\Users\dust\Documents\학교\2026년도1학기\컴퓨터비전\실습\FoundationStereo\experiments\ds_v1_seed0/living_room_contemp_v51\mirror_geometry\ransac_inliers.png
[gt] living_room_contemp_v51      perp 5.43m planRMS 0.2540m  normal [-0.74, 0.049, -0.671]

생성 1, 건너뜀 0 (depth_gt/mask 없음 등)
[ds_v1_seed0/living_room_contemp_v51] feature 184x320  mirror_frac=0.13953804347826088  feat_left=True
rank  signal              AUC    pol  sep     mean_in     mean_out
  1  post_entropy       0.6291   -  0.2293    0.677019    0.781586
  2  delta_conf         0.6105   +  0.1875    0.326913    0.233575
  3  feat_left_pc1      0.6072   -  0.1951    1.820808     2.55567
  4  delta_entropy      0.6035   -  0.1714   -1.322955   -1.053675
  5  post_conf          0.6005   +  0.1901    0.707468    0.658545
  6  pre_entropy        0.5799   +  0.1082    1.999975    1.835261
  7  pre_conf           0.5736   -  0.1042    0.380555     0.42497
  8  feat_left_l2       0.5668   +  0.0868   17.128142    16.57199
  9  delta_argdisp      0.5595   -   0.074   45.199732   49.967906
 10  feat_left_pc3      0.5295   +  0.0236    1.773001    1.706788
 11  feat_left_pc2      0.5177   -  0.0472    2.202148    2.366468
BEST: post_entropy (AUC=0.6291, polarity=-)
저장: D:\Users\dust\Documents\학교\2026년도1학기\컴퓨터비전\실습\FoundationStereo\experiments\ds_v1_seed0/living_room_contemp_v51\features\report.json / panels.png / mirror_signal.npy
[device] cuda
  [train] epoch 60/300  loss=0.5849
  [train] epoch 120/300  loss=0.3980
  [train] epoch 180/300  loss=0.2902
  [train] epoch 240/300  loss=0.2175
  [train] epoch 300/300  loss=0.1677

[VAL] scene=ds_v1_seed0/living_room_contemp_v51  (pixel 70/30 split)
  AUC      = 0.9878
  IoU@0.5  = 0.7091
  F1@0.5   = 0.8298
  accuracy = 0.9457  (prec=0.7372, rec=0.9489)
  tp=2340 fp=834 fn=126 tn=14364

[save] D:\Users\dust\Documents\학교\2026년도1학기\컴퓨터비전\실습\FoundationStereo\experiments\ds_v1_seed0/living_room_contemp_v51\submodel
  pred_mask.png, panel.png, metrics.json, head.pt
DONE: D:\Users\dust\Documents\학교\2026년도1학기\컴퓨터비전\실습\FoundationStereo\experiments\ds_v1_seed0/living_room_contemp_v51\submodel
[device] cuda
[load] D:\Users\dust\Documents\학교\2026년도1학기\컴퓨터비전\실습\FoundationStereo\experiments\_model\general_head.pt  (train_scenes=['archiviz_baseline080', 'bedroom_baseline080', 'blue_bathroom_baseline080', 'computer_room_baseline080', 'cozy_living_room_baseline080', 'flat-archiviz_baseline080', 'green_house_baseline080', 'gym_baseline080', 'livingroom_baseline080', 'minimal_interior_baseline080', 'scandinavian_baseline080', 'sunlight_baseline080'])

[APPLY] ds_v1_seed0/living_room_contemp_v51  (저장모델로 새 데이터 평가)
  AUC      = 0.9062
  IoU@0.5  = 0.3776
  F1@0.5   = 0.5482
  accuracy = 0.9015  (prec=0.7621, rec=0.4281)
  tp=3517 fp=1098 fn=4699 tn=49566
[save] D:\Users\dust\Documents\학교\2026년도1학기\컴퓨터비전\실습\FoundationStereo\experiments\ds_v1_seed0/living_room_contemp_v51\submodel_applied  (pred_mask.png, panel.png, metrics.json)

============================================================
STEP: estimate_mirror_plane
============================================================

============================================================
STEP: viz_ransac_inliers
============================================================

============================================================
STEP: make_mirror_gt_from_depth
============================================================

============================================================
STEP: analyze_features
============================================================

============================================================
STEP: submodel_head
============================================================

============================================================
STEP: apply_submodel
============================================================

DONE: D:\Users\dust\Documents\학교\2026년도1학기\컴퓨터비전\실습\FoundationStereo\experiments\ds_v1_seed0/living_room_contemp_v51 (ok)

##### [119/132] ds_v1_seed0/living_room_contemp_v52  (done 25, fail 0, skip 93, elapsed 16m, ETA 9m) #####
[scene] ds_v1_seed0/living_room_contemp_v52  size=1280x720
[select] mirror 점 개수 = 201173  (mask=201173, valid&depth = 894897)
[conf] mirror 영역 평균 confidence = 0.6931

=== 평면 추정 결과 ===
  [PCA (closed form)]
      normal = [+0.8307, -0.2487, -0.4981]
      d = +2.1513   mirror_depth(perp) = 2.1513 m   view_z = 9.1475 m
      n_inliers = 201173/201173   rms_residual = 0.40821 m
  [RANSAC]
      normal = [+0.7995, +0.1010, -0.5921]
      d = +3.8601   mirror_depth(perp) = 3.8601 m   view_z = 9.1475 m
      n_inliers = 75392/201173   rms_residual = 0.02152 m
  [SVD robust (IRLS)]
      normal = [+0.7984, -0.3188, -0.5108]
      d = +2.3590   mirror_depth(perp) = 2.3590 m   view_z = 9.1475 m
      n_inliers = 42253/201173   rms_residual = 0.05370 m

[save] D:\Users\dust\Documents\학교\2026년도1학기\컴퓨터비전\실습\FoundationStereo\experiments\ds_v1_seed0/living_room_contemp_v52\mirror_geometry\result.json
[save] D:\Users\dust\Documents\학교\2026년도1학기\컴퓨터비전\실습\FoundationStereo\experiments\ds_v1_seed0/living_room_contemp_v52\mirror_geometry\plane.txt
[save] D:\Users\dust\Documents\학교\2026년도1학기\컴퓨터비전\실습\FoundationStereo\experiments\ds_v1_seed0/living_room_contemp_v52\mirror_geometry\viz.png

DONE: D:\Users\dust\Documents\학교\2026년도1학기\컴퓨터비전\실습\FoundationStereo\experiments\ds_v1_seed0/living_room_contemp_v52\mirror_geometry
[ds_v1_seed0/living_room_contemp_v52] 거울 점 201173개 중 inlier 75392 (37.5%) / outlier 125781
  normal=[ 0.8    0.101 -0.592] d=3.860  rms(inlier)=0.0215 m  thr≈0.096 m
[save] D:\Users\dust\Documents\학교\2026년도1학기\컴퓨터비전\실습\FoundationStereo\experiments\ds_v1_seed0/living_room_contemp_v52\mirror_geometry\ransac_inliers.png
[gt] living_room_contemp_v52      perp 5.80m planRMS 0.1761m  normal [-0.626, 0.085, -0.775]

생성 1, 건너뜀 0 (depth_gt/mask 없음 등)
[ds_v1_seed0/living_room_contemp_v52] feature 184x320  mirror_frac=0.21762907608695653  feat_left=True
rank  signal              AUC    pol  sep     mean_in     mean_out
  1  pre_conf           0.5754   -  0.0998    0.367955    0.410703
  2  post_entropy        0.572   -  0.1194    0.659376    0.694976
  3  delta_entropy       0.565   -  0.0772   -1.361358    -1.23885
  4  feat_left_pc1      0.5646   -  0.1001    1.979273    2.353171
  5  delta_conf         0.5606   +   0.097    0.325472    0.279366
  6  pre_entropy        0.5593   +  0.0548    2.020734    1.933825
  7  delta_argdisp      0.5413   -  0.0632   44.240908   48.151674
  8  feat_left_pc2      0.5109   -  0.0191    2.244928    2.307479
  9  post_conf          0.5059   +  0.0142    0.693427    0.690069
 10  feat_left_l2       0.5042   +  0.0081    16.77737   16.727925
 11  feat_left_pc3      0.5004   -  0.0102    1.655333    1.623535
BEST: pre_conf (AUC=0.5754, polarity=-)
저장: D:\Users\dust\Documents\학교\2026년도1학기\컴퓨터비전\실습\FoundationStereo\experiments\ds_v1_seed0/living_room_contemp_v52\features\report.json / panels.png / mirror_signal.npy
[device] cuda
  [train] epoch 60/300  loss=0.5771
  [train] epoch 120/300  loss=0.3864
  [train] epoch 180/300  loss=0.2694
  [train] epoch 240/300  loss=0.1926
  [train] epoch 300/300  loss=0.1424

[VAL] scene=ds_v1_seed0/living_room_contemp_v52  (pixel 70/30 split)
  AUC      = 0.9910
  IoU@0.5  = 0.8293
  F1@0.5   = 0.9067
  accuracy = 0.9578  (prec=0.8738, rec=0.9422)
  tp=3620 fp=523 fn=222 tn=13299

[save] D:\Users\dust\Documents\학교\2026년도1학기\컴퓨터비전\실습\FoundationStereo\experiments\ds_v1_seed0/living_room_contemp_v52\submodel
  pred_mask.png, panel.png, metrics.json, head.pt
DONE: D:\Users\dust\Documents\학교\2026년도1학기\컴퓨터비전\실습\FoundationStereo\experiments\ds_v1_seed0/living_room_contemp_v52\submodel
[device] cuda
[load] D:\Users\dust\Documents\학교\2026년도1학기\컴퓨터비전\실습\FoundationStereo\experiments\_model\general_head.pt  (train_scenes=['archiviz_baseline080', 'bedroom_baseline080', 'blue_bathroom_baseline080', 'computer_room_baseline080', 'cozy_living_room_baseline080', 'flat-archiviz_baseline080', 'green_house_baseline080', 'gym_baseline080', 'livingroom_baseline080', 'minimal_interior_baseline080', 'scandinavian_baseline080', 'sunlight_baseline080'])

[APPLY] ds_v1_seed0/living_room_contemp_v52  (저장모델로 새 데이터 평가)
  AUC      = 0.9476
  IoU@0.5  = 0.5450
  F1@0.5   = 0.7055
  accuracy = 0.8957  (prec=0.9147, rec=0.5741)
  tp=7357 fp=686 fn=5457 tn=45380
[save] D:\Users\dust\Documents\학교\2026년도1학기\컴퓨터비전\실습\FoundationStereo\experiments\ds_v1_seed0/living_room_contemp_v52\submodel_applied  (pred_mask.png, panel.png, metrics.json)

============================================================
STEP: estimate_mirror_plane
============================================================

============================================================
STEP: viz_ransac_inliers
============================================================

============================================================
STEP: make_mirror_gt_from_depth
============================================================

============================================================
STEP: analyze_features
============================================================

============================================================
STEP: submodel_head
============================================================

============================================================
STEP: apply_submodel
============================================================

DONE: D:\Users\dust\Documents\학교\2026년도1학기\컴퓨터비전\실습\FoundationStereo\experiments\ds_v1_seed0/living_room_contemp_v52 (ok)

##### [120/132] ds_v1_seed0/living_room_contemp_v53  (done 26, fail 0, skip 93, elapsed 17m, ETA 9m) #####
[scene] ds_v1_seed0/living_room_contemp_v53  size=1280x720
[select] mirror 점 개수 = 142341  (mask=142341, valid&depth = 895250)
[conf] mirror 영역 평균 confidence = 0.6904

=== 평면 추정 결과 ===
  [PCA (closed form)]
      normal = [+0.1524, -0.9205, -0.3597]
      d = +1.7116   mirror_depth(perp) = 1.7116 m   view_z = 9.0849 m
      n_inliers = 142341/142341   rms_residual = 0.32496 m
  [RANSAC]
      normal = [+0.4712, -0.7355, -0.4868]
      d = +2.6774   mirror_depth(perp) = 2.6774 m   view_z = 9.0849 m
      n_inliers = 47744/142341   rms_residual = 0.05374 m
  [SVD robust (IRLS)]
      normal = [+0.1780, -0.9042, -0.3884]
      d = +1.9642   mirror_depth(perp) = 1.9642 m   view_z = 9.0849 m
      n_inliers = 37697/142341   rms_residual = 0.05415 m

[save] D:\Users\dust\Documents\학교\2026년도1학기\컴퓨터비전\실습\FoundationStereo\experiments\ds_v1_seed0/living_room_contemp_v53\mirror_geometry\result.json
[save] D:\Users\dust\Documents\학교\2026년도1학기\컴퓨터비전\실습\FoundationStereo\experiments\ds_v1_seed0/living_room_contemp_v53\mirror_geometry\plane.txt
[save] D:\Users\dust\Documents\학교\2026년도1학기\컴퓨터비전\실습\FoundationStereo\experiments\ds_v1_seed0/living_room_contemp_v53\mirror_geometry\viz.png

DONE: D:\Users\dust\Documents\학교\2026년도1학기\컴퓨터비전\실습\FoundationStereo\experiments\ds_v1_seed0/living_room_contemp_v53\mirror_geometry
[ds_v1_seed0/living_room_contemp_v53] 거울 점 142341개 중 inlier 47744 (33.5%) / outlier 94597
  normal=[ 0.471 -0.736 -0.487] d=2.677  rms(inlier)=0.0537 m  thr≈0.097 m
[save] D:\Users\dust\Documents\학교\2026년도1학기\컴퓨터비전\실습\FoundationStereo\experiments\ds_v1_seed0/living_room_contemp_v53\mirror_geometry\ransac_inliers.png
[gt] living_room_contemp_v53      perp 5.75m planRMS 0.2239m  normal [-0.56, 0.22, -0.799]

생성 1, 건너뜀 0 (depth_gt/mask 없음 등)
[ds_v1_seed0/living_room_contemp_v53] feature 184x320  mirror_frac=0.15473845108695652  feat_left=True
rank  signal              AUC    pol  sep     mean_in     mean_out
  1  feat_left_pc1      0.6491   -  0.2184    1.825249     2.50643
  2  post_entropy       0.5925   +  0.1859    0.664413    0.613897
  3  post_conf            0.59   -  0.1596    0.688891    0.726859
  4  pre_conf           0.5717   -   0.104    0.379106    0.425366
  5  pre_entropy        0.5636   +   0.071    2.030651    1.913965
  6  feat_left_pc2      0.5523   +  0.1124    2.022114    1.693216
  7  delta_entropy      0.5442   -  0.0402   -1.366238   -1.300068
  8  delta_argdisp      0.5359   +  0.0775   43.044122    38.24451
  9  feat_left_l2       0.5232   +  0.0615    17.04124   16.740546
 10  feat_left_pc3      0.5212   -  0.0015    1.671089    1.666813
 11  delta_conf         0.5129   +  0.0168    0.309785    0.301493
BEST: feat_left_pc1 (AUC=0.6491, polarity=-)
저장: D:\Users\dust\Documents\학교\2026년도1학기\컴퓨터비전\실습\FoundationStereo\experiments\ds_v1_seed0/living_room_contemp_v53\features\report.json / panels.png / mirror_signal.npy
[device] cuda
  [train] epoch 60/300  loss=0.5614
  [train] epoch 120/300  loss=0.3971
  [train] epoch 180/300  loss=0.2935
  [train] epoch 240/300  loss=0.2164
  [train] epoch 300/300  loss=0.1614

[VAL] scene=ds_v1_seed0/living_room_contemp_v53  (pixel 70/30 split)
  AUC      = 0.9894
  IoU@0.5  = 0.7332
  F1@0.5   = 0.8460
  accuracy = 0.9471  (prec=0.7628, rec=0.9497)
  tp=2569 fp=799 fn=136 tn=14160

[save] D:\Users\dust\Documents\학교\2026년도1학기\컴퓨터비전\실습\FoundationStereo\experiments\ds_v1_seed0/living_room_contemp_v53\submodel
  pred_mask.png, panel.png, metrics.json, head.pt
DONE: D:\Users\dust\Documents\학교\2026년도1학기\컴퓨터비전\실습\FoundationStereo\experiments\ds_v1_seed0/living_room_contemp_v53\submodel
[device] cuda
[load] D:\Users\dust\Documents\학교\2026년도1학기\컴퓨터비전\실습\FoundationStereo\experiments\_model\general_head.pt  (train_scenes=['archiviz_baseline080', 'bedroom_baseline080', 'blue_bathroom_baseline080', 'computer_room_baseline080', 'cozy_living_room_baseline080', 'flat-archiviz_baseline080', 'green_house_baseline080', 'gym_baseline080', 'livingroom_baseline080', 'minimal_interior_baseline080', 'scandinavian_baseline080', 'sunlight_baseline080'])

[APPLY] ds_v1_seed0/living_room_contemp_v53  (저장모델로 새 데이터 평가)
  AUC      = 0.9680
  IoU@0.5  = 0.6064
  F1@0.5   = 0.7550
  accuracy = 0.9315  (prec=0.8460, rec=0.6816)
  tp=6210 fp=1130 fn=2901 tn=48639
[save] D:\Users\dust\Documents\학교\2026년도1학기\컴퓨터비전\실습\FoundationStereo\experiments\ds_v1_seed0/living_room_contemp_v53\submodel_applied  (pred_mask.png, panel.png, metrics.json)

============================================================
STEP: estimate_mirror_plane
============================================================

============================================================
STEP: viz_ransac_inliers
============================================================

============================================================
STEP: make_mirror_gt_from_depth
============================================================

============================================================
STEP: analyze_features
============================================================

============================================================
STEP: submodel_head
============================================================

============================================================
STEP: apply_submodel
============================================================

DONE: D:\Users\dust\Documents\학교\2026년도1학기\컴퓨터비전\실습\FoundationStereo\experiments\ds_v1_seed0/living_room_contemp_v53 (ok)

##### [121/132] ds_v1_seed0/living_room_contemp_v54  (done 27, fail 0, skip 93, elapsed 18m, ETA 8m) #####
[scene] ds_v1_seed0/living_room_contemp_v54  size=1280x720
[select] mirror 점 개수 = 336515  (mask=336515, valid&depth = 897852)
[conf] mirror 영역 평균 confidence = 0.6932

=== 평면 추정 결과 ===
  [PCA (closed form)]
      normal = [+0.1403, -0.9589, -0.2465]
      d = +1.5429   mirror_depth(perp) = 1.5429 m   view_z = 9.8867 m
      n_inliers = 336515/336515   rms_residual = 0.81326 m
  [RANSAC]
      normal = [-0.4581, +0.0038, -0.8889]
      d = +12.0481   mirror_depth(perp) = 12.0481 m   view_z = 9.8867 m
      n_inliers = 95640/336515   rms_residual = 0.05674 m
  [SVD robust (IRLS)]
      normal = [+0.2305, -0.9099, -0.3449]
      d = +2.4736   mirror_depth(perp) = 2.4736 m   view_z = 9.8867 m
      n_inliers = 35576/336515   rms_residual = 0.06711 m

[save] D:\Users\dust\Documents\학교\2026년도1학기\컴퓨터비전\실습\FoundationStereo\experiments\ds_v1_seed0/living_room_contemp_v54\mirror_geometry\result.json
[save] D:\Users\dust\Documents\학교\2026년도1학기\컴퓨터비전\실습\FoundationStereo\experiments\ds_v1_seed0/living_room_contemp_v54\mirror_geometry\plane.txt
[save] D:\Users\dust\Documents\학교\2026년도1학기\컴퓨터비전\실습\FoundationStereo\experiments\ds_v1_seed0/living_room_contemp_v54\mirror_geometry\viz.png

DONE: D:\Users\dust\Documents\학교\2026년도1학기\컴퓨터비전\실습\FoundationStereo\experiments\ds_v1_seed0/living_room_contemp_v54\mirror_geometry
[ds_v1_seed0/living_room_contemp_v54] 거울 점 336515개 중 inlier 95640 (28.4%) / outlier 240875
  normal=[-0.458  0.004 -0.889] d=12.048  rms(inlier)=0.0567 m  thr≈0.117 m
[save] D:\Users\dust\Documents\학교\2026년도1학기\컴퓨터비전\실습\FoundationStereo\experiments\ds_v1_seed0/living_room_contemp_v54\mirror_geometry\ransac_inliers.png
[gt] living_room_contemp_v54      perp 6.02m planRMS 0.1587m  normal [-0.461, 0.062, -0.885]

생성 1, 건너뜀 0 (depth_gt/mask 없음 등)
[ds_v1_seed0/living_room_contemp_v54] feature 184x320  mirror_frac=0.3645040760869565  feat_left=True
rank  signal              AUC    pol  sep     mean_in     mean_out
  1  feat_left_pc2      0.5574   +  0.0984    2.274312    1.980233
  2  delta_conf         0.5498   +  0.0857    0.331578    0.292366
  3  feat_left_l2       0.5488   -  0.0594   16.565138   16.888972
  4  pre_conf           0.5414   -  0.0803    0.362122    0.394958
  5  feat_left_pc1      0.5392   -  0.0333    2.128672     2.24041
  6  delta_argdisp      0.5297   +  0.0522   46.528236    43.23633
  7  feat_left_pc3       0.521   +  0.0597    1.726287    1.539476
  8  delta_entropy      0.5209   -  0.0112   -1.348691   -1.366702
  9  post_entropy       0.5193   -  0.0308    0.668503    0.678202
 10  pre_entropy        0.5183   +  0.0172    2.017194    2.044904
 11  post_conf           0.518   +  0.0277      0.6937    0.687325
BEST: feat_left_pc2 (AUC=0.5574, polarity=+)
저장: D:\Users\dust\Documents\학교\2026년도1학기\컴퓨터비전\실습\FoundationStereo\experiments\ds_v1_seed0/living_room_contemp_v54\features\report.json / panels.png / mirror_signal.npy
[device] cuda
  [train] epoch 60/300  loss=0.4769
  [train] epoch 120/300  loss=0.3437
  [train] epoch 180/300  loss=0.2510
  [train] epoch 240/300  loss=0.1849
  [train] epoch 300/300  loss=0.1393

[VAL] scene=ds_v1_seed0/living_room_contemp_v54  (pixel 70/30 split)
  AUC      = 0.9884
  IoU@0.5  = 0.8650
  F1@0.5   = 0.9276
  accuracy = 0.9468  (prec=0.9217, rec=0.9336)
  tp=6018 fp=511 fn=428 tn=10707

[save] D:\Users\dust\Documents\학교\2026년도1학기\컴퓨터비전\실습\FoundationStereo\experiments\ds_v1_seed0/living_room_contemp_v54\submodel
  pred_mask.png, panel.png, metrics.json, head.pt
DONE: D:\Users\dust\Documents\학교\2026년도1학기\컴퓨터비전\실습\FoundationStereo\experiments\ds_v1_seed0/living_room_contemp_v54\submodel
[device] cuda
[load] D:\Users\dust\Documents\학교\2026년도1학기\컴퓨터비전\실습\FoundationStereo\experiments\_model\general_head.pt  (train_scenes=['archiviz_baseline080', 'bedroom_baseline080', 'blue_bathroom_baseline080', 'computer_room_baseline080', 'cozy_living_room_baseline080', 'flat-archiviz_baseline080', 'green_house_baseline080', 'gym_baseline080', 'livingroom_baseline080', 'minimal_interior_baseline080', 'scandinavian_baseline080', 'sunlight_baseline080'])

[APPLY] ds_v1_seed0/living_room_contemp_v54  (저장모델로 새 데이터 평가)
  AUC      = 0.9502
  IoU@0.5  = 0.6165
  F1@0.5   = 0.7628
  accuracy = 0.8565  (prec=0.9599, rec=0.6328)
  tp=13581 fp=567 fn=7881 tn=36851
[save] D:\Users\dust\Documents\학교\2026년도1학기\컴퓨터비전\실습\FoundationStereo\experiments\ds_v1_seed0/living_room_contemp_v54\submodel_applied  (pred_mask.png, panel.png, metrics.json)

============================================================
STEP: estimate_mirror_plane
============================================================

============================================================
STEP: viz_ransac_inliers
============================================================

============================================================
STEP: make_mirror_gt_from_depth
============================================================

============================================================
STEP: analyze_features
============================================================

============================================================
STEP: submodel_head
============================================================

============================================================
STEP: apply_submodel
============================================================

DONE: D:\Users\dust\Documents\학교\2026년도1학기\컴퓨터비전\실습\FoundationStereo\experiments\ds_v1_seed0/living_room_contemp_v54 (ok)

##### [122/132] ds_v1_seed0/living_room_contemp_v55  (done 28, fail 0, skip 93, elapsed 19m, ETA 7m) #####
[scene] ds_v1_seed0/living_room_contemp_v55  size=1280x720
[select] mirror 점 개수 = 160427  (mask=160427, valid&depth = 894448)
[conf] mirror 영역 평균 confidence = 0.7108

=== 평면 추정 결과 ===
  [PCA (closed form)]
      normal = [+0.0892, -0.9466, -0.3097]
      d = +1.3918   mirror_depth(perp) = 1.3918 m   view_z = 8.9669 m
      n_inliers = 160427/160427   rms_residual = 0.29350 m
  [RANSAC]
      normal = [+0.2274, -0.9188, -0.3228]
      d = +1.5626   mirror_depth(perp) = 1.5626 m   view_z = 8.9669 m
      n_inliers = 53055/160427   rms_residual = 0.05066 m
  [SVD robust (IRLS)]
      normal = [+0.1269, -0.9334, -0.3357]
      d = +1.6500   mirror_depth(perp) = 1.6500 m   view_z = 8.9669 m
      n_inliers = 37150/160427   rms_residual = 0.05681 m

[save] D:\Users\dust\Documents\학교\2026년도1학기\컴퓨터비전\실습\FoundationStereo\experiments\ds_v1_seed0/living_room_contemp_v55\mirror_geometry\result.json
[save] D:\Users\dust\Documents\학교\2026년도1학기\컴퓨터비전\실습\FoundationStereo\experiments\ds_v1_seed0/living_room_contemp_v55\mirror_geometry\plane.txt
[save] D:\Users\dust\Documents\학교\2026년도1학기\컴퓨터비전\실습\FoundationStereo\experiments\ds_v1_seed0/living_room_contemp_v55\mirror_geometry\viz.png

DONE: D:\Users\dust\Documents\학교\2026년도1학기\컴퓨터비전\실습\FoundationStereo\experiments\ds_v1_seed0/living_room_contemp_v55\mirror_geometry
[ds_v1_seed0/living_room_contemp_v55] 거울 점 160427개 중 inlier 53055 (33.1%) / outlier 107372
  normal=[ 0.227 -0.919 -0.323] d=1.563  rms(inlier)=0.0507 m  thr≈0.101 m
[save] D:\Users\dust\Documents\학교\2026년도1학기\컴퓨터비전\실습\FoundationStereo\experiments\ds_v1_seed0/living_room_contemp_v55\mirror_geometry\ransac_inliers.png
[gt] living_room_contemp_v55      perp 5.75m planRMS 0.2347m  normal [-0.331, 0.245, -0.911]

생성 1, 건너뜀 0 (depth_gt/mask 없음 등)
[ds_v1_seed0/living_room_contemp_v55] feature 184x320  mirror_frac=0.17573029891304348  feat_left=True
rank  signal              AUC    pol  sep     mean_in     mean_out
  1  feat_left_pc1      0.5991   -   0.126    2.045951    2.442174
  2  feat_left_l2        0.555   +  0.1344   17.327607   16.597166
  3  post_entropy       0.5531   +   0.099    0.652332    0.623703
  4  feat_left_pc3      0.5403   -  0.0381    1.641777    1.751884
  5  feat_left_pc2      0.5312   -  0.0303    1.701497    1.789283
  6  delta_argdisp      0.5277   +  0.0682   42.660288   38.454619
  7  pre_conf            0.526   -  0.0227    0.394034    0.404219
  8  pre_entropy        0.5186   +  0.0104    1.987263     2.00447
  9  post_conf          0.5155   -  0.0277    0.709848    0.716474
 10  delta_conf         0.5138   +   0.007    0.315814    0.312254
 11  delta_entropy       0.506   -  0.0275    -1.33493   -1.380768
BEST: feat_left_pc1 (AUC=0.5991, polarity=-)
저장: D:\Users\dust\Documents\학교\2026년도1학기\컴퓨터비전\실습\FoundationStereo\experiments\ds_v1_seed0/living_room_contemp_v55\features\report.json / panels.png / mirror_signal.npy
[device] cuda
  [train] epoch 60/300  loss=0.5657
  [train] epoch 120/300  loss=0.4176
  [train] epoch 180/300  loss=0.3166
  [train] epoch 240/300  loss=0.2391
  [train] epoch 300/300  loss=0.1821

[VAL] scene=ds_v1_seed0/living_room_contemp_v55  (pixel 70/30 split)
  AUC      = 0.9862
  IoU@0.5  = 0.7264
  F1@0.5   = 0.8415
  accuracy = 0.9382  (prec=0.7607, rec=0.9415)
  tp=2896 fp=911 fn=180 tn=13677

[save] D:\Users\dust\Documents\학교\2026년도1학기\컴퓨터비전\실습\FoundationStereo\experiments\ds_v1_seed0/living_room_contemp_v55\submodel
  pred_mask.png, panel.png, metrics.json, head.pt
DONE: D:\Users\dust\Documents\학교\2026년도1학기\컴퓨터비전\실습\FoundationStereo\experiments\ds_v1_seed0/living_room_contemp_v55\submodel
[device] cuda
[load] D:\Users\dust\Documents\학교\2026년도1학기\컴퓨터비전\실습\FoundationStereo\experiments\_model\general_head.pt  (train_scenes=['archiviz_baseline080', 'bedroom_baseline080', 'blue_bathroom_baseline080', 'computer_room_baseline080', 'cozy_living_room_baseline080', 'flat-archiviz_baseline080', 'green_house_baseline080', 'gym_baseline080', 'livingroom_baseline080', 'minimal_interior_baseline080', 'scandinavian_baseline080', 'sunlight_baseline080'])

[APPLY] ds_v1_seed0/living_room_contemp_v55  (저장모델로 새 데이터 평가)
  AUC      = 0.9672
  IoU@0.5  = 0.5845
  F1@0.5   = 0.7378
  accuracy = 0.9224  (prec=0.9074, rec=0.6215)
  tp=6431 fp=656 fn=3916 tn=47877
[save] D:\Users\dust\Documents\학교\2026년도1학기\컴퓨터비전\실습\FoundationStereo\experiments\ds_v1_seed0/living_room_contemp_v55\submodel_applied  (pred_mask.png, panel.png, metrics.json)

============================================================
STEP: estimate_mirror_plane
============================================================

============================================================
STEP: viz_ransac_inliers
============================================================

============================================================
STEP: make_mirror_gt_from_depth
============================================================

============================================================
STEP: analyze_features
============================================================

============================================================
STEP: submodel_head
============================================================

============================================================
STEP: apply_submodel
============================================================

DONE: D:\Users\dust\Documents\학교\2026년도1학기\컴퓨터비전\실습\FoundationStereo\experiments\ds_v1_seed0/living_room_contemp_v55 (ok)

##### [123/132] ds_v1_seed0/living_room_contemp_v56  (done 29, fail 0, skip 93, elapsed 19m, ETA 7m) #####
[scene] ds_v1_seed0/living_room_contemp_v56  size=1280x720
[select] mirror 점 개수 = 149613  (mask=149613, valid&depth = 895225)
[conf] mirror 영역 평균 confidence = 0.6871

=== 평면 추정 결과 ===
  [PCA (closed form)]
      normal = [+0.1718, -0.9153, -0.3644]
      d = +1.7879   mirror_depth(perp) = 1.7879 m   view_z = 9.2522 m
      n_inliers = 149613/149613   rms_residual = 0.35395 m
  [RANSAC]
      normal = [+0.5457, -0.6502, -0.5287]
      d = +3.1139   mirror_depth(perp) = 3.1139 m   view_z = 9.2522 m
      n_inliers = 46463/149613   rms_residual = 0.05532 m
  [SVD robust (IRLS)]
      normal = [+0.1891, -0.9003, -0.3920]
      d = +2.0536   mirror_depth(perp) = 2.0536 m   view_z = 9.2522 m
      n_inliers = 33809/149613   rms_residual = 0.05660 m

[save] D:\Users\dust\Documents\학교\2026년도1학기\컴퓨터비전\실습\FoundationStereo\experiments\ds_v1_seed0/living_room_contemp_v56\mirror_geometry\result.json
[save] D:\Users\dust\Documents\학교\2026년도1학기\컴퓨터비전\실습\FoundationStereo\experiments\ds_v1_seed0/living_room_contemp_v56\mirror_geometry\plane.txt
[save] D:\Users\dust\Documents\학교\2026년도1학기\컴퓨터비전\실습\FoundationStereo\experiments\ds_v1_seed0/living_room_contemp_v56\mirror_geometry\viz.png

DONE: D:\Users\dust\Documents\학교\2026년도1학기\컴퓨터비전\실습\FoundationStereo\experiments\ds_v1_seed0/living_room_contemp_v56\mirror_geometry
[ds_v1_seed0/living_room_contemp_v56] 거울 점 149613개 중 inlier 46463 (31.1%) / outlier 103150
  normal=[ 0.546 -0.65  -0.529] d=3.114  rms(inlier)=0.0553 m  thr≈0.097 m
[save] D:\Users\dust\Documents\학교\2026년도1학기\컴퓨터비전\실습\FoundationStereo\experiments\ds_v1_seed0/living_room_contemp_v56\mirror_geometry\ransac_inliers.png
[gt] living_room_contemp_v56      perp 5.74m planRMS 0.2255m  normal [-0.562, 0.201, -0.802]

생성 1, 건너뜀 0 (depth_gt/mask 없음 등)
[ds_v1_seed0/living_room_contemp_v56] feature 184x320  mirror_frac=0.1633491847826087  feat_left=True
rank  signal              AUC    pol  sep     mean_in     mean_out
  1  feat_left_pc1      0.6436   -  0.1998    1.885313    2.509774
  2  post_entropy       0.5843   +  0.1914    0.667982    0.617925
  3  pre_conf           0.5788   -  0.1221    0.365886    0.418707
  4  post_conf          0.5774   -  0.1369    0.686345    0.718693
  5  pre_entropy         0.571   +  0.0827    2.076554    1.942925
  6  delta_entropy      0.5516   -  0.0517   -1.408572      -1.325
  7  feat_left_pc2      0.5503   +   0.099    1.983125    1.698285
  8  delta_argdisp      0.5354   +  0.0733   43.710647   39.195465
  9  delta_conf         0.5266   +  0.0421    0.320459    0.299987
 10  feat_left_l2       0.5173   +  0.0473   16.974947   16.747762
 11  feat_left_pc3      0.5012   -  0.0316    1.755789    1.664253
BEST: feat_left_pc1 (AUC=0.6436, polarity=-)
저장: D:\Users\dust\Documents\학교\2026년도1학기\컴퓨터비전\실습\FoundationStereo\experiments\ds_v1_seed0/living_room_contemp_v56\features\report.json / panels.png / mirror_signal.npy
[device] cuda
  [train] epoch 60/300  loss=0.5665
  [train] epoch 120/300  loss=0.4011
  [train] epoch 180/300  loss=0.2944
  [train] epoch 240/300  loss=0.2175
  [train] epoch 300/300  loss=0.1625

[VAL] scene=ds_v1_seed0/living_room_contemp_v56  (pixel 70/30 split)
  AUC      = 0.9888
  IoU@0.5  = 0.7389
  F1@0.5   = 0.8498
  accuracy = 0.9458  (prec=0.7680, rec=0.9512)
  tp=2708 fp=818 fn=139 tn=13999

[save] D:\Users\dust\Documents\학교\2026년도1학기\컴퓨터비전\실습\FoundationStereo\experiments\ds_v1_seed0/living_room_contemp_v56\submodel
  pred_mask.png, panel.png, metrics.json, head.pt
DONE: D:\Users\dust\Documents\학교\2026년도1학기\컴퓨터비전\실습\FoundationStereo\experiments\ds_v1_seed0/living_room_contemp_v56\submodel
[device] cuda
[load] D:\Users\dust\Documents\학교\2026년도1학기\컴퓨터비전\실습\FoundationStereo\experiments\_model\general_head.pt  (train_scenes=['archiviz_baseline080', 'bedroom_baseline080', 'blue_bathroom_baseline080', 'computer_room_baseline080', 'cozy_living_room_baseline080', 'flat-archiviz_baseline080', 'green_house_baseline080', 'gym_baseline080', 'livingroom_baseline080', 'minimal_interior_baseline080', 'scandinavian_baseline080', 'sunlight_baseline080'])

[APPLY] ds_v1_seed0/living_room_contemp_v56  (저장모델로 새 데이터 평가)
  AUC      = 0.9678
  IoU@0.5  = 0.6201
  F1@0.5   = 0.7655
  accuracy = 0.9315  (prec=0.8675, rec=0.6850)
  tp=6588 fp=1006 fn=3030 tn=48256
[save] D:\Users\dust\Documents\학교\2026년도1학기\컴퓨터비전\실습\FoundationStereo\experiments\ds_v1_seed0/living_room_contemp_v56\submodel_applied  (pred_mask.png, panel.png, metrics.json)

============================================================
STEP: estimate_mirror_plane
============================================================

============================================================
STEP: viz_ransac_inliers
============================================================

============================================================
STEP: make_mirror_gt_from_depth
============================================================

============================================================
STEP: analyze_features
============================================================

============================================================
STEP: submodel_head
============================================================

============================================================
STEP: apply_submodel
============================================================

DONE: D:\Users\dust\Documents\학교\2026년도1학기\컴퓨터비전\실습\FoundationStereo\experiments\ds_v1_seed0/living_room_contemp_v56 (ok)

##### [124/132] ds_v1_seed0/living_room_contemp_v57  (done 30, fail 0, skip 93, elapsed 20m, ETA 6m) #####
[scene] ds_v1_seed0/living_room_contemp_v57  size=1280x720
[select] mirror 점 개수 = 266998  (mask=266998, valid&depth = 897834)
[conf] mirror 영역 평균 confidence = 0.7263

=== 평면 추정 결과 ===
  [PCA (closed form)]
      normal = [+0.1289, -0.9266, -0.3532]
      d = +2.4026   mirror_depth(perp) = 2.4026 m   view_z = 10.2531 m
      n_inliers = 266998/266998   rms_residual = 0.58142 m
  [RANSAC]
      normal = [-0.3319, +0.1814, -0.9257]
      d = +12.3676   mirror_depth(perp) = 12.3676 m   view_z = 10.2531 m
      n_inliers = 80761/266998   rms_residual = 0.04988 m
  [SVD robust (IRLS)]
      normal = [+0.1359, -0.9117, -0.3878]
      d = +2.8004   mirror_depth(perp) = 2.8004 m   view_z = 10.2531 m
      n_inliers = 39634/266998   rms_residual = 0.06106 m

[save] D:\Users\dust\Documents\학교\2026년도1학기\컴퓨터비전\실습\FoundationStereo\experiments\ds_v1_seed0/living_room_contemp_v57\mirror_geometry\result.json
[save] D:\Users\dust\Documents\학교\2026년도1학기\컴퓨터비전\실습\FoundationStereo\experiments\ds_v1_seed0/living_room_contemp_v57\mirror_geometry\plane.txt
[save] D:\Users\dust\Documents\학교\2026년도1학기\컴퓨터비전\실습\FoundationStereo\experiments\ds_v1_seed0/living_room_contemp_v57\mirror_geometry\viz.png

DONE: D:\Users\dust\Documents\학교\2026년도1학기\컴퓨터비전\실습\FoundationStereo\experiments\ds_v1_seed0/living_room_contemp_v57\mirror_geometry
[ds_v1_seed0/living_room_contemp_v57] 거울 점 266998개 중 inlier 80761 (30.2%) / outlier 186237
  normal=[-0.332  0.181 -0.926] d=12.368  rms(inlier)=0.0499 m  thr≈0.105 m
[save] D:\Users\dust\Documents\학교\2026년도1학기\컴퓨터비전\실습\FoundationStereo\experiments\ds_v1_seed0/living_room_contemp_v57\mirror_geometry\ransac_inliers.png
[gt] living_room_contemp_v57      perp 6.09m planRMS 0.1752m  normal [-0.394, 0.136, -0.909]

생성 1, 건너뜀 0 (depth_gt/mask 없음 등)
[ds_v1_seed0/living_room_contemp_v57] feature 184x320  mirror_frac=0.29104959239130435  feat_left=True
rank  signal              AUC    pol  sep     mean_in     mean_out
  1  feat_left_pc2      0.6175   +  0.2053    2.381087    1.762822
  2  delta_conf         0.5562   +  0.0939    0.364547    0.321335
  3  pre_conf            0.547   -  0.0839    0.361628    0.395353
  4  delta_argdisp       0.546   +  0.0823   46.548462   41.430731
  5  feat_left_pc1      0.5405   -  0.0252    2.174014      2.2565
  6  post_conf          0.5279   +  0.0422    0.726175    0.716688
  7  pre_entropy        0.5231   +  0.0037    2.041167    2.047032
  8  post_entropy       0.5221   -  0.0051    0.632865    0.634154
  9  delta_entropy      0.5218   -  0.0029   -1.408302   -1.412878
 10  feat_left_l2        0.519   -  0.0073   16.748079   16.786506
 11  feat_left_pc3      0.5089   -  0.0333    1.706833    1.608722
BEST: feat_left_pc2 (AUC=0.6175, polarity=+)
저장: D:\Users\dust\Documents\학교\2026년도1학기\컴퓨터비전\실습\FoundationStereo\experiments\ds_v1_seed0/living_room_contemp_v57\features\report.json / panels.png / mirror_signal.npy
[device] cuda
  [train] epoch 60/300  loss=0.4909
  [train] epoch 120/300  loss=0.3556
  [train] epoch 180/300  loss=0.2637
  [train] epoch 240/300  loss=0.1955
  [train] epoch 300/300  loss=0.1467

[VAL] scene=ds_v1_seed0/living_room_contemp_v57  (pixel 70/30 split)
  AUC      = 0.9910
  IoU@0.5  = 0.8521
  F1@0.5   = 0.9201
  accuracy = 0.9527  (prec=0.8924, rec=0.9497)
  tp=4810 fp=580 fn=255 tn=12019

[save] D:\Users\dust\Documents\학교\2026년도1학기\컴퓨터비전\실습\FoundationStereo\experiments\ds_v1_seed0/living_room_contemp_v57\submodel
  pred_mask.png, panel.png, metrics.json, head.pt
DONE: D:\Users\dust\Documents\학교\2026년도1학기\컴퓨터비전\실습\FoundationStereo\experiments\ds_v1_seed0/living_room_contemp_v57\submodel
[device] cuda
[load] D:\Users\dust\Documents\학교\2026년도1학기\컴퓨터비전\실습\FoundationStereo\experiments\_model\general_head.pt  (train_scenes=['archiviz_baseline080', 'bedroom_baseline080', 'blue_bathroom_baseline080', 'computer_room_baseline080', 'cozy_living_room_baseline080', 'flat-archiviz_baseline080', 'green_house_baseline080', 'gym_baseline080', 'livingroom_baseline080', 'minimal_interior_baseline080', 'scandinavian_baseline080', 'sunlight_baseline080'])

[APPLY] ds_v1_seed0/living_room_contemp_v57  (저장모델로 새 데이터 평가)
  AUC      = 0.9588
  IoU@0.5  = 0.6517
  F1@0.5   = 0.7891
  accuracy = 0.8947  (prec=0.9456, rec=0.6771)
  tp=11603 fp=667 fn=5534 tn=41076
[save] D:\Users\dust\Documents\학교\2026년도1학기\컴퓨터비전\실습\FoundationStereo\experiments\ds_v1_seed0/living_room_contemp_v57\submodel_applied  (pred_mask.png, panel.png, metrics.json)

============================================================
STEP: estimate_mirror_plane
============================================================

============================================================
STEP: viz_ransac_inliers
============================================================

============================================================
STEP: make_mirror_gt_from_depth
============================================================

============================================================
STEP: analyze_features
============================================================

============================================================
STEP: submodel_head
============================================================

============================================================
STEP: apply_submodel
============================================================

DONE: D:\Users\dust\Documents\학교\2026년도1학기\컴퓨터비전\실습\FoundationStereo\experiments\ds_v1_seed0/living_room_contemp_v57 (ok)

##### [125/132] ds_v1_seed0/living_room_contemp_v58  (done 31, fail 0, skip 93, elapsed 21m, ETA 5m) #####
[scene] ds_v1_seed0/living_room_contemp_v58  size=1280x720
[select] mirror 점 개수 = 98539  (mask=98539, valid&depth = 893240)
[conf] mirror 영역 평균 confidence = 0.6939

=== 평면 추정 결과 ===
  [PCA (closed form)]
      normal = [+0.0938, -0.9397, -0.3290]
      d = +1.3340   mirror_depth(perp) = 1.3340 m   view_z = 9.0133 m
      n_inliers = 98539/98539   rms_residual = 0.24434 m
  [RANSAC]
      normal = [+0.4722, -0.7692, -0.4305]
      d = +1.9089   mirror_depth(perp) = 1.9089 m   view_z = 9.0133 m
      n_inliers = 40403/98539   rms_residual = 0.05823 m
  [SVD robust (IRLS)]
      normal = [+0.1309, -0.9268, -0.3519]
      d = +1.4846   mirror_depth(perp) = 1.4846 m   view_z = 9.0133 m
      n_inliers = 30247/98539   rms_residual = 0.05891 m

[save] D:\Users\dust\Documents\학교\2026년도1학기\컴퓨터비전\실습\FoundationStereo\experiments\ds_v1_seed0/living_room_contemp_v58\mirror_geometry\result.json
[save] D:\Users\dust\Documents\학교\2026년도1학기\컴퓨터비전\실습\FoundationStereo\experiments\ds_v1_seed0/living_room_contemp_v58\mirror_geometry\plane.txt
[save] D:\Users\dust\Documents\학교\2026년도1학기\컴퓨터비전\실습\FoundationStereo\experiments\ds_v1_seed0/living_room_contemp_v58\mirror_geometry\viz.png

DONE: D:\Users\dust\Documents\학교\2026년도1학기\컴퓨터비전\실습\FoundationStereo\experiments\ds_v1_seed0/living_room_contemp_v58\mirror_geometry
[ds_v1_seed0/living_room_contemp_v58] 거울 점 98539개 중 inlier 40403 (41.0%) / outlier 58136
  normal=[ 0.472 -0.769 -0.431] d=1.909  rms(inlier)=0.0582 m  thr≈0.104 m
[save] D:\Users\dust\Documents\학교\2026년도1학기\컴퓨터비전\실습\FoundationStereo\experiments\ds_v1_seed0/living_room_contemp_v58\mirror_geometry\ransac_inliers.png
[gt] living_room_contemp_v58      perp 6.02m planRMS 0.2521m  normal [-0.519, 0.24, -0.82]

생성 1, 건너뜀 0 (depth_gt/mask 없음 등)
[ds_v1_seed0/living_room_contemp_v58] feature 184x320  mirror_frac=0.1077445652173913  feat_left=True
rank  signal              AUC    pol  sep     mean_in     mean_out
  1  feat_left_pc1      0.7028   -  0.3533    1.619688    2.603282
  2  post_entropy       0.5933   +   0.199     0.67236    0.614926
  3  pre_conf           0.5779   -  0.1113    0.388211    0.439509
  4  pre_entropy        0.5672   +  0.0787    1.993343    1.861686
  5  post_conf           0.567   -   0.126    0.693246    0.723343
  6  feat_left_l2       0.5632   +   0.112   17.207205   16.673676
  7  feat_left_pc3      0.5505   -  0.0608    1.512766     1.68184
  8  delta_entropy      0.5465   -  0.0445   -1.320983    -1.24676
  9  delta_argdisp      0.5325   +  0.0737   42.413934   37.904713
 10  delta_conf         0.5301   +  0.0415    0.305035    0.283834
 11  feat_left_pc2       0.513   -  0.0129    1.754255    1.716724
BEST: feat_left_pc1 (AUC=0.7028, polarity=-)
저장: D:\Users\dust\Documents\학교\2026년도1학기\컴퓨터비전\실습\FoundationStereo\experiments\ds_v1_seed0/living_room_contemp_v58\features\report.json / panels.png / mirror_signal.npy
[device] cuda
  [train] epoch 60/300  loss=0.5355
  [train] epoch 120/300  loss=0.3677
  [train] epoch 180/300  loss=0.2653
  [train] epoch 240/300  loss=0.1920
  [train] epoch 300/300  loss=0.1411

[VAL] scene=ds_v1_seed0/living_room_contemp_v58  (pixel 70/30 split)
  AUC      = 0.9909
  IoU@0.5  = 0.6908
  F1@0.5   = 0.8172
  accuracy = 0.9544  (prec=0.7138, rec=0.9554)
  tp=1801 fp=722 fn=84 tn=15057

[save] D:\Users\dust\Documents\학교\2026년도1학기\컴퓨터비전\실습\FoundationStereo\experiments\ds_v1_seed0/living_room_contemp_v58\submodel
  pred_mask.png, panel.png, metrics.json, head.pt
DONE: D:\Users\dust\Documents\학교\2026년도1학기\컴퓨터비전\실습\FoundationStereo\experiments\ds_v1_seed0/living_room_contemp_v58\submodel
[device] cuda
[load] D:\Users\dust\Documents\학교\2026년도1학기\컴퓨터비전\실습\FoundationStereo\experiments\_model\general_head.pt  (train_scenes=['archiviz_baseline080', 'bedroom_baseline080', 'blue_bathroom_baseline080', 'computer_room_baseline080', 'cozy_living_room_baseline080', 'flat-archiviz_baseline080', 'green_house_baseline080', 'gym_baseline080', 'livingroom_baseline080', 'minimal_interior_baseline080', 'scandinavian_baseline080', 'sunlight_baseline080'])

[APPLY] ds_v1_seed0/living_room_contemp_v58  (저장모델로 새 데이터 평가)
  AUC      = 0.9771
  IoU@0.5  = 0.6239
  F1@0.5   = 0.7684
  accuracy = 0.9538  (prec=0.8360, rec=0.7109)
  tp=4510 fp=885 fn=1834 tn=51651
[save] D:\Users\dust\Documents\학교\2026년도1학기\컴퓨터비전\실습\FoundationStereo\experiments\ds_v1_seed0/living_room_contemp_v58\submodel_applied  (pred_mask.png, panel.png, metrics.json)

============================================================
STEP: estimate_mirror_plane
============================================================

============================================================
STEP: viz_ransac_inliers
============================================================

============================================================
STEP: make_mirror_gt_from_depth
============================================================

============================================================
STEP: analyze_features
============================================================

============================================================
STEP: submodel_head
============================================================

============================================================
STEP: apply_submodel
============================================================

DONE: D:\Users\dust\Documents\학교\2026년도1학기\컴퓨터비전\실습\FoundationStereo\experiments\ds_v1_seed0/living_room_contemp_v58 (ok)

##### [126/132] ds_v1_seed0/living_room_contemp_v59  (done 32, fail 0, skip 93, elapsed 21m, ETA 5m) #####
[scene] ds_v1_seed0/living_room_contemp_v59  size=1280x720
[select] mirror 점 개수 = 77919  (mask=77919, valid&depth = 894601)
[conf] mirror 영역 평균 confidence = 0.6950

=== 평면 추정 결과 ===
  [PCA (closed form)]
      normal = [+0.7440, -0.4098, -0.5277]
      d = +1.6769   mirror_depth(perp) = 1.6769 m   view_z = 7.4243 m
      n_inliers = 77919/77919   rms_residual = 0.20956 m
  [RANSAC]
      normal = [+0.6319, +0.0643, -0.7724]
      d = +4.8368   mirror_depth(perp) = 4.8368 m   view_z = 7.4243 m
      n_inliers = 25337/77919   rms_residual = 0.02344 m
  [SVD robust (IRLS)]
      normal = [+0.6710, -0.4809, -0.5643]
      d = +2.0815   mirror_depth(perp) = 2.0815 m   view_z = 7.4243 m
      n_inliers = 21501/77919   rms_residual = 0.03718 m

[save] D:\Users\dust\Documents\학교\2026년도1학기\컴퓨터비전\실습\FoundationStereo\experiments\ds_v1_seed0/living_room_contemp_v59\mirror_geometry\result.json
[save] D:\Users\dust\Documents\학교\2026년도1학기\컴퓨터비전\실습\FoundationStereo\experiments\ds_v1_seed0/living_room_contemp_v59\mirror_geometry\plane.txt
[save] D:\Users\dust\Documents\학교\2026년도1학기\컴퓨터비전\실습\FoundationStereo\experiments\ds_v1_seed0/living_room_contemp_v59\mirror_geometry\viz.png

DONE: D:\Users\dust\Documents\학교\2026년도1학기\컴퓨터비전\실습\FoundationStereo\experiments\ds_v1_seed0/living_room_contemp_v59\mirror_geometry
[ds_v1_seed0/living_room_contemp_v59] 거울 점 77919개 중 inlier 25337 (32.5%) / outlier 52582
  normal=[ 0.632  0.064 -0.772] d=4.837  rms(inlier)=0.0234 m  thr≈0.064 m
[save] D:\Users\dust\Documents\학교\2026년도1학기\컴퓨터비전\실습\FoundationStereo\experiments\ds_v1_seed0/living_room_contemp_v59\mirror_geometry\ransac_inliers.png
[gt] living_room_contemp_v59      perp 5.41m planRMS 0.3152m  normal [-0.753, 0.166, -0.637]

생성 1, 건너뜀 0 (depth_gt/mask 없음 등)
[ds_v1_seed0/living_room_contemp_v59] feature 184x320  mirror_frac=0.08481657608695652  feat_left=True
rank  signal              AUC    pol  sep     mean_in     mean_out
  1  feat_left_pc1      0.7048   -  0.3659    1.602424    2.653191
  2  delta_argdisp      0.5544   -  0.0544   39.399479   42.907174
  3  pre_entropy        0.5527   +  0.0582     1.96381    1.868726
  4  pre_conf            0.545   -  0.0442    0.407818    0.427927
  5  delta_entropy      0.5428   -  0.0472   -1.288882   -1.211748
  6  feat_left_l2         0.54   +  0.0678   17.177424    16.80617
  7  feat_left_pc3      0.5242   -  0.0429    1.544365    1.664594
  8  post_conf          0.5221   -  0.0477     0.69449     0.70538
  9  delta_conf         0.5178   +  0.0189    0.286671    0.277453
 10  post_entropy        0.514   +  0.0609    0.674928    0.656979
 11  feat_left_pc2       0.512   +   0.016    2.146472     2.09699
BEST: feat_left_pc1 (AUC=0.7048, polarity=-)
저장: D:\Users\dust\Documents\학교\2026년도1학기\컴퓨터비전\실습\FoundationStereo\experiments\ds_v1_seed0/living_room_contemp_v59\features\report.json / panels.png / mirror_signal.npy
[device] cuda
  [train] epoch 60/300  loss=0.6358
  [train] epoch 120/300  loss=0.4359
  [train] epoch 180/300  loss=0.3128
  [train] epoch 240/300  loss=0.2273
  [train] epoch 300/300  loss=0.1688

[VAL] scene=ds_v1_seed0/living_room_contemp_v59  (pixel 70/30 split)
  AUC      = 0.9860
  IoU@0.5  = 0.5881
  F1@0.5   = 0.7406
  accuracy = 0.9449  (prec=0.6105, rec=0.9411)
  tp=1389 fp=886 fn=87 tn=15302

[save] D:\Users\dust\Documents\학교\2026년도1학기\컴퓨터비전\실습\FoundationStereo\experiments\ds_v1_seed0/living_room_contemp_v59\submodel
  pred_mask.png, panel.png, metrics.json, head.pt
DONE: D:\Users\dust\Documents\학교\2026년도1학기\컴퓨터비전\실습\FoundationStereo\experiments\ds_v1_seed0/living_room_contemp_v59\submodel
[device] cuda
[load] D:\Users\dust\Documents\학교\2026년도1학기\컴퓨터비전\실습\FoundationStereo\experiments\_model\general_head.pt  (train_scenes=['archiviz_baseline080', 'bedroom_baseline080', 'blue_bathroom_baseline080', 'computer_room_baseline080', 'cozy_living_room_baseline080', 'flat-archiviz_baseline080', 'green_house_baseline080', 'gym_baseline080', 'livingroom_baseline080', 'minimal_interior_baseline080', 'scandinavian_baseline080', 'sunlight_baseline080'])

[APPLY] ds_v1_seed0/living_room_contemp_v59  (저장모델로 새 데이터 평가)
  AUC      = 0.9408
  IoU@0.5  = 0.3735
  F1@0.5   = 0.5438
  accuracy = 0.9349  (prec=0.6698, rec=0.4577)
  tp=2286 fp=1127 fn=2708 tn=52759
[save] D:\Users\dust\Documents\학교\2026년도1학기\컴퓨터비전\실습\FoundationStereo\experiments\ds_v1_seed0/living_room_contemp_v59\submodel_applied  (pred_mask.png, panel.png, metrics.json)

============================================================
STEP: estimate_mirror_plane
============================================================

============================================================
STEP: viz_ransac_inliers
============================================================

============================================================
STEP: make_mirror_gt_from_depth
============================================================

============================================================
STEP: analyze_features
============================================================

============================================================
STEP: submodel_head
============================================================

============================================================
STEP: apply_submodel
============================================================

DONE: D:\Users\dust\Documents\학교\2026년도1학기\컴퓨터비전\실습\FoundationStereo\experiments\ds_v1_seed0/living_room_contemp_v59 (ok)

##### [127/132] ds_v1_seed0/living_room_contemp_v60  (done 33, fail 0, skip 93, elapsed 22m, ETA 4m) #####
[scene] ds_v1_seed0/living_room_contemp_v60  size=1280x720
[select] mirror 점 개수 = 350968  (mask=350968, valid&depth = 897681)
[conf] mirror 영역 평균 confidence = 0.6963

=== 평면 추정 결과 ===
  [PCA (closed form)]
      normal = [+0.1467, -0.9575, -0.2483]
      d = +1.6565   mirror_depth(perp) = 1.6565 m   view_z = 9.7086 m
      n_inliers = 350968/350968   rms_residual = 0.79858 m
  [RANSAC]
      normal = [-0.4267, +0.0599, -0.9024]
      d = +12.0434   mirror_depth(perp) = 12.0434 m   view_z = 9.7086 m
      n_inliers = 88187/350968   rms_residual = 0.04945 m
  [SVD robust (IRLS)]
      normal = [+0.2054, -0.9152, -0.3468]
      d = +2.6418   mirror_depth(perp) = 2.6418 m   view_z = 9.7086 m
      n_inliers = 34172/350968   rms_residual = 0.05880 m

[save] D:\Users\dust\Documents\학교\2026년도1학기\컴퓨터비전\실습\FoundationStereo\experiments\ds_v1_seed0/living_room_contemp_v60\mirror_geometry\result.json
[save] D:\Users\dust\Documents\학교\2026년도1학기\컴퓨터비전\실습\FoundationStereo\experiments\ds_v1_seed0/living_room_contemp_v60\mirror_geometry\plane.txt
[save] D:\Users\dust\Documents\학교\2026년도1학기\컴퓨터비전\실습\FoundationStereo\experiments\ds_v1_seed0/living_room_contemp_v60\mirror_geometry\viz.png

DONE: D:\Users\dust\Documents\학교\2026년도1학기\컴퓨터비전\실습\FoundationStereo\experiments\ds_v1_seed0/living_room_contemp_v60\mirror_geometry
[ds_v1_seed0/living_room_contemp_v60] 거울 점 350968개 중 inlier 88187 (25.1%) / outlier 262781
  normal=[-0.427  0.06  -0.902] d=12.043  rms(inlier)=0.0495 m  thr≈0.104 m
[save] D:\Users\dust\Documents\학교\2026년도1학기\컴퓨터비전\실습\FoundationStereo\experiments\ds_v1_seed0/living_room_contemp_v60\mirror_geometry\ransac_inliers.png
[gt] living_room_contemp_v60      perp 5.90m planRMS 0.1460m  normal [-0.448, 0.077, -0.891]

생성 1, 건너뜀 0 (depth_gt/mask 없음 등)
[ds_v1_seed0/living_room_contemp_v60] feature 184x320  mirror_frac=0.37936480978260867  feat_left=True
rank  signal              AUC    pol  sep     mean_in     mean_out
  1  feat_left_l2        0.553   -  0.0623   16.545243   16.889999
  2  feat_left_pc2      0.5421   +  0.0809    2.235958    1.992178
  3  pre_conf           0.5323   -  0.0553      0.3654    0.388254
  4  feat_left_pc1      0.5282   -  0.0253    2.054993     2.14346
  5  post_conf          0.5255   -  0.0354    0.696295    0.704645
  6  delta_conf         0.5199   +  0.0314    0.330896    0.316391
  7  feat_left_pc3      0.5105   +  0.0373    1.705121    1.581917
  8  post_entropy       0.5085   +  0.0073    0.664336    0.666655
  9  pre_entropy        0.5029   +  0.0463    2.013744     2.08887
 10  delta_entropy      0.5015   -  0.0449   -1.349408   -1.422215
 11  delta_argdisp      0.5001   -  0.0049   45.597126    45.28695
BEST: feat_left_l2 (AUC=0.553, polarity=-)
저장: D:\Users\dust\Documents\학교\2026년도1학기\컴퓨터비전\실습\FoundationStereo\experiments\ds_v1_seed0/living_room_contemp_v60\features\report.json / panels.png / mirror_signal.npy
[device] cuda
  [train] epoch 60/300  loss=0.4726
  [train] epoch 120/300  loss=0.3346
  [train] epoch 180/300  loss=0.2409
  [train] epoch 240/300  loss=0.1763
  [train] epoch 300/300  loss=0.1331

[VAL] scene=ds_v1_seed0/living_room_contemp_v60  (pixel 70/30 split)
  AUC      = 0.9887
  IoU@0.5  = 0.8764
  F1@0.5   = 0.9342
  accuracy = 0.9497  (prec=0.9282, rec=0.9401)
  tp=6299 fp=487 fn=401 tn=10477

[save] D:\Users\dust\Documents\학교\2026년도1학기\컴퓨터비전\실습\FoundationStereo\experiments\ds_v1_seed0/living_room_contemp_v60\submodel
  pred_mask.png, panel.png, metrics.json, head.pt
DONE: D:\Users\dust\Documents\학교\2026년도1학기\컴퓨터비전\실습\FoundationStereo\experiments\ds_v1_seed0/living_room_contemp_v60\submodel
[device] cuda
[load] D:\Users\dust\Documents\학교\2026년도1학기\컴퓨터비전\실습\FoundationStereo\experiments\_model\general_head.pt  (train_scenes=['archiviz_baseline080', 'bedroom_baseline080', 'blue_bathroom_baseline080', 'computer_room_baseline080', 'cozy_living_room_baseline080', 'flat-archiviz_baseline080', 'green_house_baseline080', 'gym_baseline080', 'livingroom_baseline080', 'minimal_interior_baseline080', 'scandinavian_baseline080', 'sunlight_baseline080'])

[APPLY] ds_v1_seed0/living_room_contemp_v60  (저장모델로 새 데이터 평가)
  AUC      = 0.9395
  IoU@0.5  = 0.5678
  F1@0.5   = 0.7243
  accuracy = 0.8321  (prec=0.9606, rec=0.5814)
  tp=12986 fp=533 fn=9351 tn=36010
[save] D:\Users\dust\Documents\학교\2026년도1학기\컴퓨터비전\실습\FoundationStereo\experiments\ds_v1_seed0/living_room_contemp_v60\submodel_applied  (pred_mask.png, panel.png, metrics.json)

============================================================
STEP: estimate_mirror_plane
============================================================

============================================================
STEP: viz_ransac_inliers
============================================================

============================================================
STEP: make_mirror_gt_from_depth
============================================================

============================================================
STEP: analyze_features
============================================================

============================================================
STEP: submodel_head
============================================================

============================================================
STEP: apply_submodel
============================================================

DONE: D:\Users\dust\Documents\학교\2026년도1학기\컴퓨터비전\실습\FoundationStereo\experiments\ds_v1_seed0/living_room_contemp_v60 (ok)

##### [128/132] ds_v1_seed0/living_room_contemp_v61  (done 34, fail 0, skip 93, elapsed 23m, ETA 3m) #####
[scene] ds_v1_seed0/living_room_contemp_v61  size=1280x720
[select] mirror 점 개수 = 349091  (mask=349091, valid&depth = 898720)
[conf] mirror 영역 평균 confidence = 0.6740

=== 평면 추정 결과 ===
  [PCA (closed form)]
      normal = [+0.1053, -0.9836, -0.1464]
      d = +1.4689   mirror_depth(perp) = 1.4689 m   view_z = 9.5158 m
      n_inliers = 349091/349091   rms_residual = 0.79309 m
  [RANSAC]
      normal = [+0.8723, +0.0488, -0.4865]
      d = +4.2834   mirror_depth(perp) = 4.2834 m   view_z = 9.5158 m
      n_inliers = 83984/349091   rms_residual = 0.02003 m
  [SVD robust (IRLS)]
      normal = [+0.1858, -0.9500, -0.2510]
      d = +2.4303   mirror_depth(perp) = 2.4303 m   view_z = 9.5158 m
      n_inliers = 28135/349091   rms_residual = 0.05905 m

[save] D:\Users\dust\Documents\학교\2026년도1학기\컴퓨터비전\실습\FoundationStereo\experiments\ds_v1_seed0/living_room_contemp_v61\mirror_geometry\result.json
[save] D:\Users\dust\Documents\학교\2026년도1학기\컴퓨터비전\실습\FoundationStereo\experiments\ds_v1_seed0/living_room_contemp_v61\mirror_geometry\plane.txt
[save] D:\Users\dust\Documents\학교\2026년도1학기\컴퓨터비전\실습\FoundationStereo\experiments\ds_v1_seed0/living_room_contemp_v61\mirror_geometry\viz.png

DONE: D:\Users\dust\Documents\학교\2026년도1학기\컴퓨터비전\실습\FoundationStereo\experiments\ds_v1_seed0/living_room_contemp_v61\mirror_geometry
[ds_v1_seed0/living_room_contemp_v61] 거울 점 349091개 중 inlier 83984 (24.1%) / outlier 265107
  normal=[ 0.872  0.049 -0.486] d=4.283  rms(inlier)=0.0200 m  thr≈0.102 m
[save] D:\Users\dust\Documents\학교\2026년도1학기\컴퓨터비전\실습\FoundationStereo\experiments\ds_v1_seed0/living_room_contemp_v61\mirror_geometry\ransac_inliers.png
[gt] living_room_contemp_v61      perp 5.67m planRMS 0.1372m  normal [-0.481, 0.011, -0.877]

생성 1, 건너뜀 0 (depth_gt/mask 없음 등)
[ds_v1_seed0/living_room_contemp_v61] feature 184x320  mirror_frac=0.37705502717391304  feat_left=True
rank  signal              AUC    pol  sep     mean_in     mean_out
  1  post_conf          0.5722   -   0.128    0.672698    0.701206
  2  post_entropy       0.5503   -  0.0441    0.678157     0.69003
  3  feat_left_l2       0.5467   +  0.0884   16.946805   16.415809
  4  feat_left_pc3      0.5381   +  0.0873    1.957153    1.676823
  5  delta_argdisp       0.536   -  0.0483   45.386649   48.498869
  6  pre_conf           0.5345   -  0.0527    0.375025    0.397223
  7  feat_left_pc1      0.5333   -  0.0225    2.050558    2.147581
  8  delta_entropy      0.5137   -  0.0267   -1.300374   -1.344289
  9  pre_entropy        0.5115   +  0.0339    1.978531    2.034318
 10  delta_conf         0.5054   -  0.0135    0.297673    0.303983
 11  feat_left_pc2       0.501   +  0.0225    2.160557    2.085236
BEST: post_conf (AUC=0.5722, polarity=-)
저장: D:\Users\dust\Documents\학교\2026년도1학기\컴퓨터비전\실습\FoundationStereo\experiments\ds_v1_seed0/living_room_contemp_v61\features\report.json / panels.png / mirror_signal.npy
[device] cuda
  [train] epoch 60/300  loss=0.4461
  [train] epoch 120/300  loss=0.3043
  [train] epoch 180/300  loss=0.2133
  [train] epoch 240/300  loss=0.1545
  [train] epoch 300/300  loss=0.1162

[VAL] scene=ds_v1_seed0/living_room_contemp_v61  (pixel 70/30 split)
  AUC      = 0.9922
  IoU@0.5  = 0.8994
  F1@0.5   = 0.9470
  accuracy = 0.9599  (prec=0.9428, rec=0.9513)
  tp=6331 fp=384 fn=324 tn=10625

[save] D:\Users\dust\Documents\학교\2026년도1학기\컴퓨터비전\실습\FoundationStereo\experiments\ds_v1_seed0/living_room_contemp_v61\submodel
  pred_mask.png, panel.png, metrics.json, head.pt
DONE: D:\Users\dust\Documents\학교\2026년도1학기\컴퓨터비전\실습\FoundationStereo\experiments\ds_v1_seed0/living_room_contemp_v61\submodel
[device] cuda
[load] D:\Users\dust\Documents\학교\2026년도1학기\컴퓨터비전\실습\FoundationStereo\experiments\_model\general_head.pt  (train_scenes=['archiviz_baseline080', 'bedroom_baseline080', 'blue_bathroom_baseline080', 'computer_room_baseline080', 'cozy_living_room_baseline080', 'flat-archiviz_baseline080', 'green_house_baseline080', 'gym_baseline080', 'livingroom_baseline080', 'minimal_interior_baseline080', 'scandinavian_baseline080', 'sunlight_baseline080'])

[APPLY] ds_v1_seed0/living_room_contemp_v61  (저장모델로 새 데이터 평가)
  AUC      = 0.9261
  IoU@0.5  = 0.5577
  F1@0.5   = 0.7160
  accuracy = 0.8303  (prec=0.9702, rec=0.5674)
  tp=12597 fp=387 fn=9604 tn=36292
[save] D:\Users\dust\Documents\학교\2026년도1학기\컴퓨터비전\실습\FoundationStereo\experiments\ds_v1_seed0/living_room_contemp_v61\submodel_applied  (pred_mask.png, panel.png, metrics.json)

============================================================
STEP: estimate_mirror_plane
============================================================

============================================================
STEP: viz_ransac_inliers
============================================================

============================================================
STEP: make_mirror_gt_from_depth
============================================================

============================================================
STEP: analyze_features
============================================================

============================================================
STEP: submodel_head
============================================================

============================================================
STEP: apply_submodel
============================================================

DONE: D:\Users\dust\Documents\학교\2026년도1학기\컴퓨터비전\실습\FoundationStereo\experiments\ds_v1_seed0/living_room_contemp_v61 (ok)

##### [129/132] ds_v1_seed0/living_room_contemp_v62  (done 35, fail 0, skip 93, elapsed 23m, ETA 3m) #####
[scene] ds_v1_seed0/living_room_contemp_v62  size=1280x720
[select] mirror 점 개수 = 60449  (mask=60449, valid&depth = 892580)
[conf] mirror 영역 평균 confidence = 0.6872

=== 평면 추정 결과 ===
  [PCA (closed form)]
      normal = [+0.2765, -0.8681, -0.4122]
      d = +1.4134   mirror_depth(perp) = 1.4134 m   view_z = 7.9815 m
      n_inliers = 60449/60449   rms_residual = 0.19251 m
  [RANSAC]
      normal = [+0.4496, -0.7367, -0.5051]
      d = +1.9502   mirror_depth(perp) = 1.9502 m   view_z = 7.9815 m
      n_inliers = 28152/60449   rms_residual = 0.04898 m
  [SVD robust (IRLS)]
      normal = [+0.3991, -0.7780, -0.4853]
      d = +1.8588   mirror_depth(perp) = 1.8588 m   view_z = 7.9815 m
      n_inliers = 27185/60449   rms_residual = 0.04911 m

[save] D:\Users\dust\Documents\학교\2026년도1학기\컴퓨터비전\실습\FoundationStereo\experiments\ds_v1_seed0/living_room_contemp_v62\mirror_geometry\result.json
[save] D:\Users\dust\Documents\학교\2026년도1학기\컴퓨터비전\실습\FoundationStereo\experiments\ds_v1_seed0/living_room_contemp_v62\mirror_geometry\plane.txt
[save] D:\Users\dust\Documents\학교\2026년도1학기\컴퓨터비전\실습\FoundationStereo\experiments\ds_v1_seed0/living_room_contemp_v62\mirror_geometry\viz.png

DONE: D:\Users\dust\Documents\학교\2026년도1학기\컴퓨터비전\실습\FoundationStereo\experiments\ds_v1_seed0/living_room_contemp_v62\mirror_geometry
[ds_v1_seed0/living_room_contemp_v62] 거울 점 60449개 중 inlier 28152 (46.6%) / outlier 32297
  normal=[ 0.45  -0.737 -0.505] d=1.950  rms(inlier)=0.0490 m  thr≈0.088 m
[save] D:\Users\dust\Documents\학교\2026년도1학기\컴퓨터비전\실습\FoundationStereo\experiments\ds_v1_seed0/living_room_contemp_v62\mirror_geometry\ransac_inliers.png
[gt] living_room_contemp_v62      perp 5.93m planRMS 0.3770m  normal [-0.66, 0.23, -0.716]

생성 1, 건너뜀 0 (depth_gt/mask 없음 등)
[ds_v1_seed0/living_room_contemp_v62] feature 184x320  mirror_frac=0.06610054347826087  feat_left=True
rank  signal              AUC    pol  sep     mean_in     mean_out
  1  feat_left_pc1      0.7573   -  0.4768    1.488805    2.721119
  2  feat_left_l2       0.6532   +  0.2508   17.824303   16.572865
  3  post_entropy       0.6187   +  0.2314    0.679505    0.613664
  4  feat_left_pc2      0.5807   +  0.1536    2.147062    1.668887
  5  post_conf          0.5737   -  0.1343     0.68617    0.717911
  6  pre_conf           0.5617   -  0.0603    0.422311    0.451891
  7  pre_entropy        0.5597   +  0.0574    1.907905    1.808221
  8  feat_left_pc3      0.5431   -  0.0526    1.516426    1.662928
  9  delta_entropy      0.5367   -  0.0194     -1.2284   -1.194556
 10  delta_argdisp      0.5243   -  0.0012   38.271583   38.345475
 11  delta_conf         0.5136   +   0.004    0.263859     0.26602
BEST: feat_left_pc1 (AUC=0.7573, polarity=-)
저장: D:\Users\dust\Documents\학교\2026년도1학기\컴퓨터비전\실습\FoundationStereo\experiments\ds_v1_seed0/living_room_contemp_v62\features\report.json / panels.png / mirror_signal.npy
[device] cuda
  [train] epoch 60/300  loss=0.5078
  [train] epoch 120/300  loss=0.3326
  [train] epoch 180/300  loss=0.2417
  [train] epoch 240/300  loss=0.1784
  [train] epoch 300/300  loss=0.1336

[VAL] scene=ds_v1_seed0/living_room_contemp_v62  (pixel 70/30 split)
  AUC      = 0.9911
  IoU@0.5  = 0.6123
  F1@0.5   = 0.7595
  accuracy = 0.9596  (prec=0.6266, rec=0.9640)
  tp=1126 fp=671 fn=42 tn=15825

[save] D:\Users\dust\Documents\학교\2026년도1학기\컴퓨터비전\실습\FoundationStereo\experiments\ds_v1_seed0/living_room_contemp_v62\submodel
  pred_mask.png, panel.png, metrics.json, head.pt
DONE: D:\Users\dust\Documents\학교\2026년도1학기\컴퓨터비전\실습\FoundationStereo\experiments\ds_v1_seed0/living_room_contemp_v62\submodel
[device] cuda
[load] D:\Users\dust\Documents\학교\2026년도1학기\컴퓨터비전\실습\FoundationStereo\experiments\_model\general_head.pt  (train_scenes=['archiviz_baseline080', 'bedroom_baseline080', 'blue_bathroom_baseline080', 'computer_room_baseline080', 'cozy_living_room_baseline080', 'flat-archiviz_baseline080', 'green_house_baseline080', 'gym_baseline080', 'livingroom_baseline080', 'minimal_interior_baseline080', 'scandinavian_baseline080', 'sunlight_baseline080'])

[APPLY] ds_v1_seed0/living_room_contemp_v62  (저장모델로 새 데이터 평가)
  AUC      = 0.9777
  IoU@0.5  = 0.5599
  F1@0.5   = 0.7179
  accuracy = 0.9636  (prec=0.7357, rec=0.7009)
  tp=2728 fp=980 fn=1164 tn=54008
[save] D:\Users\dust\Documents\학교\2026년도1학기\컴퓨터비전\실습\FoundationStereo\experiments\ds_v1_seed0/living_room_contemp_v62\submodel_applied  (pred_mask.png, panel.png, metrics.json)

============================================================
STEP: estimate_mirror_plane
============================================================

============================================================
STEP: viz_ransac_inliers
============================================================

============================================================
STEP: make_mirror_gt_from_depth
============================================================

============================================================
STEP: analyze_features
============================================================

============================================================
STEP: submodel_head
============================================================

============================================================
STEP: apply_submodel
============================================================

DONE: D:\Users\dust\Documents\학교\2026년도1학기\컴퓨터비전\실습\FoundationStereo\experiments\ds_v1_seed0/living_room_contemp_v62 (ok)

##### [130/132] ds_v1_seed0/living_room_contemp_v63  (done 36, fail 0, skip 93, elapsed 24m, ETA 2m) #####
[scene] ds_v1_seed0/living_room_contemp_v63  size=1280x720
[select] mirror 점 개수 = 196252  (mask=196252, valid&depth = 895818)
[conf] mirror 영역 평균 confidence = 0.6890

=== 평면 추정 결과 ===
  [PCA (closed form)]
      normal = [+0.4399, -0.7576, -0.4822]
      d = +2.8702   mirror_depth(perp) = 2.8702 m   view_z = 9.9143 m
      n_inliers = 196252/196252   rms_residual = 0.50143 m
  [RANSAC]
      normal = [+0.8570, +0.0946, -0.5066]
      d = +3.9035   mirror_depth(perp) = 3.9035 m   view_z = 9.9143 m
      n_inliers = 50335/196252   rms_residual = 0.02135 m
  [SVD robust (IRLS)]
      normal = [+0.4852, -0.7028, -0.5203]
      d = +3.2644   mirror_depth(perp) = 3.2644 m   view_z = 9.9143 m
      n_inliers = 32186/196252   rms_residual = 0.05832 m

[save] D:\Users\dust\Documents\학교\2026년도1학기\컴퓨터비전\실습\FoundationStereo\experiments\ds_v1_seed0/living_room_contemp_v63\mirror_geometry\result.json
[save] D:\Users\dust\Documents\학교\2026년도1학기\컴퓨터비전\실습\FoundationStereo\experiments\ds_v1_seed0/living_room_contemp_v63\mirror_geometry\plane.txt
[save] D:\Users\dust\Documents\학교\2026년도1학기\컴퓨터비전\실습\FoundationStereo\experiments\ds_v1_seed0/living_room_contemp_v63\mirror_geometry\viz.png

DONE: D:\Users\dust\Documents\학교\2026년도1학기\컴퓨터비전\실습\FoundationStereo\experiments\ds_v1_seed0/living_room_contemp_v63\mirror_geometry
[ds_v1_seed0/living_room_contemp_v63] 거울 점 196252개 중 inlier 50335 (25.6%) / outlier 145917
  normal=[ 0.857  0.095 -0.507] d=3.904  rms(inlier)=0.0213 m  thr≈0.099 m
[save] D:\Users\dust\Documents\학교\2026년도1학기\컴퓨터비전\실습\FoundationStereo\experiments\ds_v1_seed0/living_room_contemp_v63\mirror_geometry\ransac_inliers.png
[gt] living_room_contemp_v63      perp 5.95m planRMS 0.1817m  normal [-0.534, 0.138, -0.834]

생성 1, 건너뜀 0 (depth_gt/mask 없음 등)
[ds_v1_seed0/living_room_contemp_v63] feature 184x320  mirror_frac=0.2138756793478261  feat_left=True
rank  signal              AUC    pol  sep     mean_in     mean_out
  1  feat_left_pc1      0.6127   -  0.1698     1.93078    2.464432
  2  pre_conf           0.5705   -  0.1178    0.361703    0.411259
  3  feat_left_pc2      0.5666   +  0.1221    2.259747    1.896984
  4  pre_entropy        0.5499   +  0.0489      2.0403    1.963115
  5  delta_argdisp      0.5435   +  0.0863   47.064798   41.768834
  6  delta_entropy      0.5428   -  0.0414   -1.381798    -1.31603
  7  post_conf           0.541   -  0.0712    0.688635    0.704644
  8  delta_conf         0.5389   +  0.0708    0.326932    0.293385
  9  feat_left_pc3       0.534   -  0.0271    1.604458    1.680584
 10  feat_left_l2       0.5279   -   0.025   16.809094   16.934578
 11  post_entropy       0.5076   +  0.0481    0.658502    0.647085
BEST: feat_left_pc1 (AUC=0.6127, polarity=-)
저장: D:\Users\dust\Documents\학교\2026년도1학기\컴퓨터비전\실습\FoundationStereo\experiments\ds_v1_seed0/living_room_contemp_v63\features\report.json / panels.png / mirror_signal.npy
[device] cuda
  [train] epoch 60/300  loss=0.5487
  [train] epoch 120/300  loss=0.3745
  [train] epoch 180/300  loss=0.2640
  [train] epoch 240/300  loss=0.1884
  [train] epoch 300/300  loss=0.1382

[VAL] scene=ds_v1_seed0/living_room_contemp_v63  (pixel 70/30 split)
  AUC      = 0.9921
  IoU@0.5  = 0.8277
  F1@0.5   = 0.9057
  accuracy = 0.9581  (prec=0.8585, rec=0.9585)
  tp=3560 fp=587 fn=154 tn=13363

[save] D:\Users\dust\Documents\학교\2026년도1학기\컴퓨터비전\실습\FoundationStereo\experiments\ds_v1_seed0/living_room_contemp_v63\submodel
  pred_mask.png, panel.png, metrics.json, head.pt
DONE: D:\Users\dust\Documents\학교\2026년도1학기\컴퓨터비전\실습\FoundationStereo\experiments\ds_v1_seed0/living_room_contemp_v63\submodel
[device] cuda
[load] D:\Users\dust\Documents\학교\2026년도1학기\컴퓨터비전\실습\FoundationStereo\experiments\_model\general_head.pt  (train_scenes=['archiviz_baseline080', 'bedroom_baseline080', 'blue_bathroom_baseline080', 'computer_room_baseline080', 'cozy_living_room_baseline080', 'flat-archiviz_baseline080', 'green_house_baseline080', 'gym_baseline080', 'livingroom_baseline080', 'minimal_interior_baseline080', 'scandinavian_baseline080', 'sunlight_baseline080'])

[APPLY] ds_v1_seed0/living_room_contemp_v63  (저장모델로 새 데이터 평가)
  AUC      = 0.9720
  IoU@0.5  = 0.6552
  F1@0.5   = 0.7917
  accuracy = 0.9222  (prec=0.9259, rec=0.6915)
  tp=8708 fp=697 fn=3885 tn=45590
[save] D:\Users\dust\Documents\학교\2026년도1학기\컴퓨터비전\실습\FoundationStereo\experiments\ds_v1_seed0/living_room_contemp_v63\submodel_applied  (pred_mask.png, panel.png, metrics.json)

============================================================
STEP: estimate_mirror_plane
============================================================

============================================================
STEP: viz_ransac_inliers
============================================================

============================================================
STEP: make_mirror_gt_from_depth
============================================================

============================================================
STEP: analyze_features
============================================================

============================================================
STEP: submodel_head
============================================================

============================================================
STEP: apply_submodel
============================================================

DONE: D:\Users\dust\Documents\학교\2026년도1학기\컴퓨터비전\실습\FoundationStereo\experiments\ds_v1_seed0/living_room_contemp_v63 (ok)

##### [131/132] ds_v1_seed0/living_room_contemp_v64  (done 37, fail 0, skip 93, elapsed 24m, ETA 1m) #####
[scene] ds_v1_seed0/living_room_contemp_v64  size=1280x720
[select] mirror 점 개수 = 323930  (mask=323930, valid&depth = 898444)
[conf] mirror 영역 평균 confidence = 0.6834

=== 평면 추정 결과 ===
  [PCA (closed form)]
      normal = [+0.0996, -0.9833, -0.1524]
      d = +1.5082   mirror_depth(perp) = 1.5082 m   view_z = 9.7030 m
      n_inliers = 323930/323930   rms_residual = 0.79424 m
  [RANSAC]
      normal = [+0.8772, +0.0149, -0.4798]
      d = +4.1736   mirror_depth(perp) = 4.1736 m   view_z = 9.7030 m
      n_inliers = 77075/323930   rms_residual = 0.01942 m
  [SVD robust (IRLS)]
      normal = [+0.1796, -0.9494, -0.2577]
      d = +2.4851   mirror_depth(perp) = 2.4851 m   view_z = 9.7030 m
      n_inliers = 24564/323930   rms_residual = 0.05895 m

[save] D:\Users\dust\Documents\학교\2026년도1학기\컴퓨터비전\실습\FoundationStereo\experiments\ds_v1_seed0/living_room_contemp_v64\mirror_geometry\result.json
[save] D:\Users\dust\Documents\학교\2026년도1학기\컴퓨터비전\실습\FoundationStereo\experiments\ds_v1_seed0/living_room_contemp_v64\mirror_geometry\plane.txt
[save] D:\Users\dust\Documents\학교\2026년도1학기\컴퓨터비전\실습\FoundationStereo\experiments\ds_v1_seed0/living_room_contemp_v64\mirror_geometry\viz.png

DONE: D:\Users\dust\Documents\학교\2026년도1학기\컴퓨터비전\실습\FoundationStereo\experiments\ds_v1_seed0/living_room_contemp_v64\mirror_geometry
[ds_v1_seed0/living_room_contemp_v64] 거울 점 323930개 중 inlier 77075 (23.8%) / outlier 246855
  normal=[ 0.877  0.015 -0.48 ] d=4.174  rms(inlier)=0.0194 m  thr≈0.101 m
[save] D:\Users\dust\Documents\학교\2026년도1학기\컴퓨터비전\실습\FoundationStereo\experiments\ds_v1_seed0/living_room_contemp_v64\mirror_geometry\ransac_inliers.png
[gt] living_room_contemp_v64      perp 5.86m planRMS 0.1554m  normal [-0.479, 0.007, -0.878]

생성 1, 건너뜀 0 (depth_gt/mask 없음 등)
[ds_v1_seed0/living_room_contemp_v64] feature 184x320  mirror_frac=0.35016983695652176  feat_left=True
rank  signal              AUC    pol  sep     mean_in     mean_out
  1  post_entropy        0.549   -  0.0175    0.674222    0.678833
  2  feat_left_pc3      0.5377   +  0.0831    1.957259    1.688928
  3  pre_conf           0.5376   -  0.0655    0.370011    0.397814
  4  feat_left_pc1      0.5292   -  0.0114    2.012344    2.062673
  5  feat_left_l2       0.5267   +  0.0619   16.867477   16.486496
  6  post_conf          0.5251   -  0.0499    0.682312    0.693628
  7  delta_conf         0.5213   +  0.0349    0.312301    0.295814
  8  delta_argdisp      0.5204   -  0.0188   46.723252   47.928728
  9  delta_entropy      0.5134   -  0.0241    -1.32093   -1.360833
 10  pre_entropy        0.5131   +  0.0269    1.995151    2.039666
 11  feat_left_pc2      0.5075   -  0.0075    2.150127    2.125008
BEST: post_entropy (AUC=0.549, polarity=-)
저장: D:\Users\dust\Documents\학교\2026년도1학기\컴퓨터비전\실습\FoundationStereo\experiments\ds_v1_seed0/living_room_contemp_v64\features\report.json / panels.png / mirror_signal.npy
[device] cuda
  [train] epoch 60/300  loss=0.4508
  [train] epoch 120/300  loss=0.3070
  [train] epoch 180/300  loss=0.2163
  [train] epoch 240/300  loss=0.1590
  [train] epoch 300/300  loss=0.1217

[VAL] scene=ds_v1_seed0/living_room_contemp_v64  (pixel 70/30 split)
  AUC      = 0.9921
  IoU@0.5  = 0.8952
  F1@0.5   = 0.9447
  accuracy = 0.9608  (prec=0.9378, rec=0.9518)
  tp=5922 fp=393 fn=300 tn=11049

[save] D:\Users\dust\Documents\학교\2026년도1학기\컴퓨터비전\실습\FoundationStereo\experiments\ds_v1_seed0/living_room_contemp_v64\submodel
  pred_mask.png, panel.png, metrics.json, head.pt
DONE: D:\Users\dust\Documents\학교\2026년도1학기\컴퓨터비전\실습\FoundationStereo\experiments\ds_v1_seed0/living_room_contemp_v64\submodel
[device] cuda
[load] D:\Users\dust\Documents\학교\2026년도1학기\컴퓨터비전\실습\FoundationStereo\experiments\_model\general_head.pt  (train_scenes=['archiviz_baseline080', 'bedroom_baseline080', 'blue_bathroom_baseline080', 'computer_room_baseline080', 'cozy_living_room_baseline080', 'flat-archiviz_baseline080', 'green_house_baseline080', 'gym_baseline080', 'livingroom_baseline080', 'minimal_interior_baseline080', 'scandinavian_baseline080', 'sunlight_baseline080'])

[APPLY] ds_v1_seed0/living_room_contemp_v64  (저장모델로 새 데이터 평가)
  AUC      = 0.9393
  IoU@0.5  = 0.6112
  F1@0.5   = 0.7587
  accuracy = 0.8611  (prec=0.9683, rec=0.6237)
  tp=12860 fp=421 fn=7758 tn=37841
[save] D:\Users\dust\Documents\학교\2026년도1학기\컴퓨터비전\실습\FoundationStereo\experiments\ds_v1_seed0/living_room_contemp_v64\submodel_applied  (pred_mask.png, panel.png, metrics.json)

============================================================
STEP: estimate_mirror_plane
============================================================

============================================================
STEP: viz_ransac_inliers
============================================================

============================================================
STEP: make_mirror_gt_from_depth
============================================================

============================================================
STEP: analyze_features
============================================================

============================================================
STEP: submodel_head
============================================================

============================================================
STEP: apply_submodel
============================================================

DONE: D:\Users\dust\Documents\학교\2026년도1학기\컴퓨터비전\실습\FoundationStereo\experiments\ds_v1_seed0/living_room_contemp_v64 (ok)

##### [132/132] ds_v1_seed0/living_room_contemp_v65  (done 38, fail 0, skip 93, elapsed 25m, ETA 1m) #####
[scene] ds_v1_seed0/living_room_contemp_v65  size=1280x720
[select] mirror 점 개수 = 125412  (mask=125412, valid&depth = 893751)
[conf] mirror 영역 평균 confidence = 0.6896

=== 평면 추정 결과 ===
  [PCA (closed form)]
      normal = [+0.0515, -0.9483, -0.3131]
      d = +1.2743   mirror_depth(perp) = 1.2743 m   view_z = 8.6886 m
      n_inliers = 125412/125412   rms_residual = 0.26267 m
  [RANSAC]
      normal = [+0.4824, -0.7583, -0.4384]
      d = +2.1411   mirror_depth(perp) = 2.1411 m   view_z = 8.6886 m
      n_inliers = 39625/125412   rms_residual = 0.05350 m
  [SVD robust (IRLS)]
      normal = [+0.0760, -0.9401, -0.3322]
      d = +1.4083   mirror_depth(perp) = 1.4083 m   view_z = 8.6886 m
      n_inliers = 30032/125412   rms_residual = 0.05144 m

[save] D:\Users\dust\Documents\학교\2026년도1학기\컴퓨터비전\실습\FoundationStereo\experiments\ds_v1_seed0/living_room_contemp_v65\mirror_geometry\result.json
[save] D:\Users\dust\Documents\학교\2026년도1학기\컴퓨터비전\실습\FoundationStereo\experiments\ds_v1_seed0/living_room_contemp_v65\mirror_geometry\plane.txt
[save] D:\Users\dust\Documents\학교\2026년도1학기\컴퓨터비전\실습\FoundationStereo\experiments\ds_v1_seed0/living_room_contemp_v65\mirror_geometry\viz.png

DONE: D:\Users\dust\Documents\학교\2026년도1학기\컴퓨터비전\실습\FoundationStereo\experiments\ds_v1_seed0/living_room_contemp_v65\mirror_geometry
[ds_v1_seed0/living_room_contemp_v65] 거울 점 125412개 중 inlier 39625 (31.6%) / outlier 85787
  normal=[ 0.482 -0.758 -0.438] d=2.141  rms(inlier)=0.0535 m  thr≈0.096 m
[save] D:\Users\dust\Documents\학교\2026년도1학기\컴퓨터비전\실습\FoundationStereo\experiments\ds_v1_seed0/living_room_contemp_v65\mirror_geometry\ransac_inliers.png
[gt] living_room_contemp_v65      perp 5.94m planRMS 0.2296m  normal [-0.476, 0.269, -0.837]

생성 1, 건너뜀 0 (depth_gt/mask 없음 등)
[ds_v1_seed0/living_room_contemp_v65] feature 184x320  mirror_frac=0.13643002717391303  feat_left=True
rank  signal              AUC    pol  sep     mean_in     mean_out
  1  feat_left_pc1      0.6676   -  0.2903    1.727185    2.558042
  2  post_entropy       0.6051   +  0.2126    0.669624    0.610762
  3  post_conf          0.5711   -  0.1284    0.687611     0.71863
  4  pre_conf           0.5662   -  0.0841     0.38837    0.426973
  5  pre_entropy        0.5544   +  0.0495     1.99878    1.915239
  6  feat_left_l2       0.5461   +  0.0837   17.112624   16.715105
  7  delta_argdisp      0.5341   +  0.0825   41.802066   36.724664
  8  delta_entropy      0.5319   -  0.0147   -1.329156   -1.304477
  9  feat_left_pc3      0.5249   -  0.0305    1.592853    1.675892
 10  feat_left_pc2      0.5154   +  0.0537    1.861215    1.706057
 11  delta_conf         0.5136   +   0.015    0.299241    0.291657
BEST: feat_left_pc1 (AUC=0.6676, polarity=-)
저장: D:\Users\dust\Documents\학교\2026년도1학기\컴퓨터비전\실습\FoundationStereo\experiments\ds_v1_seed0/living_room_contemp_v65\features\report.json / panels.png / mirror_signal.npy
[device] cuda
  [train] epoch 60/300  loss=0.5872
  [train] epoch 120/300  loss=0.4222
  [train] epoch 180/300  loss=0.3088
  [train] epoch 240/300  loss=0.2268
  [train] epoch 300/300  loss=0.1691

[VAL] scene=ds_v1_seed0/living_room_contemp_v65  (pixel 70/30 split)
  AUC      = 0.9867
  IoU@0.5  = 0.6936
  F1@0.5   = 0.8191
  accuracy = 0.9437  (prec=0.7263, rec=0.9391)
  tp=2250 fp=848 fn=146 tn=14420

[save] D:\Users\dust\Documents\학교\2026년도1학기\컴퓨터비전\실습\FoundationStereo\experiments\ds_v1_seed0/living_room_contemp_v65\submodel
  pred_mask.png, panel.png, metrics.json, head.pt
DONE: D:\Users\dust\Documents\학교\2026년도1학기\컴퓨터비전\실습\FoundationStereo\experiments\ds_v1_seed0/living_room_contemp_v65\submodel
[device] cuda
[load] D:\Users\dust\Documents\학교\2026년도1학기\컴퓨터비전\실습\FoundationStereo\experiments\_model\general_head.pt  (train_scenes=['archiviz_baseline080', 'bedroom_baseline080', 'blue_bathroom_baseline080', 'computer_room_baseline080', 'cozy_living_room_baseline080', 'flat-archiviz_baseline080', 'green_house_baseline080', 'gym_baseline080', 'livingroom_baseline080', 'minimal_interior_baseline080', 'scandinavian_baseline080', 'sunlight_baseline080'])

[APPLY] ds_v1_seed0/living_room_contemp_v65  (저장모델로 새 데이터 평가)
  AUC      = 0.9683
  IoU@0.5  = 0.5567
  F1@0.5   = 0.7152
  accuracy = 0.9339  (prec=0.8676, rec=0.6084)
  tp=4887 fp=746 fn=3146 tn=50101
[save] D:\Users\dust\Documents\학교\2026년도1학기\컴퓨터비전\실습\FoundationStereo\experiments\ds_v1_seed0/living_room_contemp_v65\submodel_applied  (pred_mask.png, panel.png, metrics.json)

============================================================
STEP: estimate_mirror_plane
============================================================

============================================================
STEP: viz_ransac_inliers
============================================================

============================================================
STEP: make_mirror_gt_from_depth
============================================================

============================================================
STEP: analyze_features
============================================================

============================================================
STEP: submodel_head
============================================================

============================================================
STEP: apply_submodel
============================================================

DONE: D:\Users\dust\Documents\학교\2026년도1학기\컴퓨터비전\실습\FoundationStereo\experiments\ds_v1_seed0/living_room_contemp_v65 (ok)

[batch] 끝: done 39, fail 0, skip 93, 총 0.4h
