[batch] D:\Users\dust\Documents\학교\2026년도1학기\컴퓨터비전\실습\Archive\ds_v2_seed1 → experiments/ds_v2_seed1/  (2 scene, 132 views, post_only)

##### [34/132] ds_v2_seed1/sunlight_v33  (done 0, fail 0, skip 33, elapsed 0m, ETA 0m) #####
[scene] ds_v2_seed1/sunlight_v33  size=1280x720
[select] mirror 점 개수 = 162816  (mask=162816, valid&depth = 903934)
[conf] mirror 영역 평균 confidence = 0.7142

=== 평면 추정 결과 ===
  [PCA (closed form)]
      normal = [+0.3843, -0.7170, -0.5816]
      d = +3.8146   mirror_depth(perp) = 3.8146 m   view_z = 11.3011 m
      n_inliers = 162816/162816   rms_residual = 0.54198 m
  [RANSAC]
      normal = [+0.7186, +0.1555, -0.6778]
      d = +5.8796   mirror_depth(perp) = 5.8796 m   view_z = 11.3011 m
      n_inliers = 82879/162816   rms_residual = 0.03794 m
  [SVD robust (IRLS)]
      normal = [+0.4016, -0.7132, -0.5744]
      d = +3.6622   mirror_depth(perp) = 3.6622 m   view_z = 11.3011 m
      n_inliers = 25332/162816   rms_residual = 0.06526 m

[save] D:\Users\dust\Documents\학교\2026년도1학기\컴퓨터비전\실습\FoundationStereo\experiments\ds_v2_seed1/sunlight_v33\mirror_geometry\result.json
[save] D:\Users\dust\Documents\학교\2026년도1학기\컴퓨터비전\실습\FoundationStereo\experiments\ds_v2_seed1/sunlight_v33\mirror_geometry\plane.txt
[save] D:\Users\dust\Documents\학교\2026년도1학기\컴퓨터비전\실습\FoundationStereo\experiments\ds_v2_seed1/sunlight_v33\mirror_geometry\viz.png

DONE: D:\Users\dust\Documents\학교\2026년도1학기\컴퓨터비전\실습\FoundationStereo\experiments\ds_v2_seed1/sunlight_v33\mirror_geometry
[ds_v2_seed1/sunlight_v33] 거울 점 162816개 중 inlier 82879 (50.9%) / outlier 79937
  normal=[ 0.719  0.156 -0.678] d=5.880  rms(inlier)=0.0379 m  thr≈0.115 m
[save] D:\Users\dust\Documents\학교\2026년도1학기\컴퓨터비전\실습\FoundationStereo\experiments\ds_v2_seed1/sunlight_v33\mirror_geometry\ransac_inliers.png
[gt] sunlight_v33                 perp 7.62m planRMS 0.0672m  normal [-0.692, 0.197, -0.694]

생성 1, 건너뜀 0 (depth_gt/mask 없음 등)
[ds_v2_seed1/sunlight_v33] feature 184x320  mirror_frac=0.17722486413043478  feat_left=True
rank  signal              AUC    pol  sep     mean_in     mean_out
  1  pre_entropy        0.6054   +  0.1588    2.233545    1.975477
  2  pre_conf           0.6053   -  0.2124    0.332909    0.421956
  3  delta_entropy       0.592   -    0.14   -1.599135   -1.374062
  4  delta_conf         0.5796   +  0.1685    0.380677    0.301542
  5  post_entropy       0.5771   +   0.127    0.634409    0.601415
  6  feat_left_pc3       0.525   +  0.0451    1.976794    1.844197
  7  post_conf          0.5243   -  0.0403    0.713586    0.723499
  8  feat_left_pc2      0.5202   +  0.0298    1.948758    1.860443
  9  delta_argdisp      0.5201   +  0.0303   45.570963   43.654846
 10  feat_left_pc1      0.5124   -  0.0228    2.423312    2.494019
 11  feat_left_l2       0.5116   +  0.0028   17.045106    17.05614
BEST: pre_entropy (AUC=0.6054, polarity=+)
저장: D:\Users\dust\Documents\학교\2026년도1학기\컴퓨터비전\실습\FoundationStereo\experiments\ds_v2_seed1/sunlight_v33\features\report.json / panels.png / mirror_signal.npy
[device] cuda
  [train] epoch 60/300  loss=0.6123
  [train] epoch 120/300  loss=0.4026
  [train] epoch 180/300  loss=0.2816
  [train] epoch 240/300  loss=0.2043
  [train] epoch 300/300  loss=0.1526

[VAL] scene=ds_v2_seed1/sunlight_v33  (pixel 70/30 split)
  AUC      = 0.9900
  IoU@0.5  = 0.7748
  F1@0.5   = 0.8731
  accuracy = 0.9518  (prec=0.8142, rec=0.9412)
  tp=2931 fp=669 fn=183 tn=13881

[save] D:\Users\dust\Documents\학교\2026년도1학기\컴퓨터비전\실습\FoundationStereo\experiments\ds_v2_seed1/sunlight_v33\submodel
  pred_mask.png, panel.png, metrics.json, head.pt
DONE: D:\Users\dust\Documents\학교\2026년도1학기\컴퓨터비전\실습\FoundationStereo\experiments\ds_v2_seed1/sunlight_v33\submodel
[device] cuda
[load] D:\Users\dust\Documents\학교\2026년도1학기\컴퓨터비전\실습\FoundationStereo\experiments\_model\general_head.pt  (train_scenes=['archiviz_baseline080', 'bedroom_baseline080', 'blue_bathroom_baseline080', 'computer_room_baseline080', 'cozy_living_room_baseline080', 'flat-archiviz_baseline080', 'green_house_baseline080', 'gym_baseline080', 'livingroom_baseline080', 'minimal_interior_baseline080', 'scandinavian_baseline080', 'sunlight_baseline080'])

[APPLY] ds_v2_seed1/sunlight_v33  (저장모델로 새 데이터 평가)
  AUC      = 0.9477
  IoU@0.5  = 0.5596
  F1@0.5   = 0.7176
  accuracy = 0.8814  (prec=0.6209, rec=0.8499)
  tp=8869 fp=5415 fn=1566 tn=43030
[save] D:\Users\dust\Documents\학교\2026년도1학기\컴퓨터비전\실습\FoundationStereo\experiments\ds_v2_seed1/sunlight_v33\submodel_applied  (pred_mask.png, panel.png, metrics.json)

============================================================
STEP: estimate_mirror_plane
============================================================

============================================================
STEP: viz_ransac_inliers
============================================================

============================================================
STEP: make_mirror_gt_from_depth
============================================================

============================================================
STEP: analyze_features
============================================================

============================================================
STEP: submodel_head
============================================================

============================================================
STEP: apply_submodel
============================================================

DONE: D:\Users\dust\Documents\학교\2026년도1학기\컴퓨터비전\실습\FoundationStereo\experiments\ds_v2_seed1/sunlight_v33 (ok)

##### [35/132] ds_v2_seed1/sunlight_v34  (done 1, fail 0, skip 33, elapsed 1m, ETA 79m) #####
[scene] ds_v2_seed1/sunlight_v34  size=1280x720
[select] mirror 점 개수 = 152574  (mask=152574, valid&depth = 902591)
[conf] mirror 영역 평균 confidence = 0.7005

=== 평면 추정 결과 ===
  [PCA (closed form)]
      normal = [+0.2688, -0.8515, -0.4502]
      d = +3.2104   mirror_depth(perp) = 3.2104 m   view_z = 11.6561 m
      n_inliers = 152574/152574   rms_residual = 0.52868 m
  [RANSAC]
      normal = [+0.8872, +0.1524, -0.4355]
      d = +5.5544   mirror_depth(perp) = 5.5544 m   view_z = 11.6561 m
      n_inliers = 60782/152574   rms_residual = 0.03613 m
  [SVD robust (IRLS)]
      normal = [+0.2894, -0.8484, -0.4432]
      d = +3.0964   mirror_depth(perp) = 3.0964 m   view_z = 11.6561 m
      n_inliers = 25770/152574   rms_residual = 0.06809 m

[save] D:\Users\dust\Documents\학교\2026년도1학기\컴퓨터비전\실습\FoundationStereo\experiments\ds_v2_seed1/sunlight_v34\mirror_geometry\result.json
[save] D:\Users\dust\Documents\학교\2026년도1학기\컴퓨터비전\실습\FoundationStereo\experiments\ds_v2_seed1/sunlight_v34\mirror_geometry\plane.txt
[save] D:\Users\dust\Documents\학교\2026년도1학기\컴퓨터비전\실습\FoundationStereo\experiments\ds_v2_seed1/sunlight_v34\mirror_geometry\viz.png

DONE: D:\Users\dust\Documents\학교\2026년도1학기\컴퓨터비전\실습\FoundationStereo\experiments\ds_v2_seed1/sunlight_v34\mirror_geometry
[ds_v2_seed1/sunlight_v34] 거울 점 152574개 중 inlier 60782 (39.8%) / outlier 91792
  normal=[ 0.887  0.152 -0.436] d=5.554  rms(inlier)=0.0361 m  thr≈0.116 m
[save] D:\Users\dust\Documents\학교\2026년도1학기\컴퓨터비전\실습\FoundationStereo\experiments\ds_v2_seed1/sunlight_v34\mirror_geometry\ransac_inliers.png
[gt] sunlight_v34                 perp 7.54m planRMS 0.0731m  normal [-0.465, 0.229, -0.855]

생성 1, 건너뜀 0 (depth_gt/mask 없음 등)
[ds_v2_seed1/sunlight_v34] feature 184x320  mirror_frac=0.1669327445652174  feat_left=True
rank  signal              AUC    pol  sep     mean_in     mean_out
  1  feat_left_l2       0.6208   +  0.1876   17.826669   17.034214
  2  pre_entropy        0.5978   +  0.1381     2.18886    1.964021
  3  delta_entropy      0.5951   -  0.1329   -1.537451   -1.322568
  4  pre_conf           0.5862   -  0.1724    0.344584    0.417054
  5  delta_conf         0.5736   +  0.1447    0.355692    0.288303
  6  feat_left_pc1      0.5646   -  0.0992    2.344439    2.650353
  7  post_entropy       0.5637   +  0.0352    0.651409    0.641453
  8  feat_left_pc3      0.5364   +  0.0642     2.00636    1.814116
  9  delta_argdisp      0.5357   +  0.0612   48.178452   44.352939
 10  feat_left_pc2      0.5219   -  0.0369    1.838092    1.940015
 11  post_conf          0.5146   -   0.021    0.700276    0.705357
BEST: feat_left_l2 (AUC=0.6208, polarity=+)
저장: D:\Users\dust\Documents\학교\2026년도1학기\컴퓨터비전\실습\FoundationStereo\experiments\ds_v2_seed1/sunlight_v34\features\report.json / panels.png / mirror_signal.npy
[device] cuda
  [train] epoch 60/300  loss=0.5743
  [train] epoch 120/300  loss=0.3795
  [train] epoch 180/300  loss=0.2691
  [train] epoch 240/300  loss=0.1954
  [train] epoch 300/300  loss=0.1442

[VAL] scene=ds_v2_seed1/sunlight_v34  (pixel 70/30 split)
  AUC      = 0.9918
  IoU@0.5  = 0.7795
  F1@0.5   = 0.8761
  accuracy = 0.9553  (prec=0.8119, rec=0.9513)
  tp=2793 fp=647 fn=143 tn=14081

[save] D:\Users\dust\Documents\학교\2026년도1학기\컴퓨터비전\실습\FoundationStereo\experiments\ds_v2_seed1/sunlight_v34\submodel
  pred_mask.png, panel.png, metrics.json, head.pt
DONE: D:\Users\dust\Documents\학교\2026년도1학기\컴퓨터비전\실습\FoundationStereo\experiments\ds_v2_seed1/sunlight_v34\submodel
[device] cuda
[load] D:\Users\dust\Documents\학교\2026년도1학기\컴퓨터비전\실습\FoundationStereo\experiments\_model\general_head.pt  (train_scenes=['archiviz_baseline080', 'bedroom_baseline080', 'blue_bathroom_baseline080', 'computer_room_baseline080', 'cozy_living_room_baseline080', 'flat-archiviz_baseline080', 'green_house_baseline080', 'gym_baseline080', 'livingroom_baseline080', 'minimal_interior_baseline080', 'scandinavian_baseline080', 'sunlight_baseline080'])

[APPLY] ds_v2_seed1/sunlight_v34  (저장모델로 새 데이터 평가)
  AUC      = 0.9483
  IoU@0.5  = 0.5245
  F1@0.5   = 0.6881
  accuracy = 0.8659  (prec=0.5625, rec=0.8857)
  tp=8706 fp=6771 fn=1123 tn=42280
[save] D:\Users\dust\Documents\학교\2026년도1학기\컴퓨터비전\실습\FoundationStereo\experiments\ds_v2_seed1/sunlight_v34\submodel_applied  (pred_mask.png, panel.png, metrics.json)

============================================================
STEP: estimate_mirror_plane
============================================================

============================================================
STEP: viz_ransac_inliers
============================================================

============================================================
STEP: make_mirror_gt_from_depth
============================================================

============================================================
STEP: analyze_features
============================================================

============================================================
STEP: submodel_head
============================================================

============================================================
STEP: apply_submodel
============================================================

DONE: D:\Users\dust\Documents\학교\2026년도1학기\컴퓨터비전\실습\FoundationStereo\experiments\ds_v2_seed1/sunlight_v34 (ok)

##### [36/132] ds_v2_seed1/sunlight_v35  (done 2, fail 0, skip 33, elapsed 1m, ETA 68m) #####
[scene] ds_v2_seed1/sunlight_v35  size=1280x720
[select] mirror 점 개수 = 110588  (mask=110588, valid&depth = 904421)
[conf] mirror 영역 평균 confidence = 0.7324

=== 평면 추정 결과 ===
  [PCA (closed form)]
      normal = [+0.5263, -0.4456, -0.7242]
      d = +4.6865   mirror_depth(perp) = 4.6865 m   view_z = 10.3687 m
      n_inliers = 110588/110588   rms_residual = 0.40407 m
  [RANSAC]
      normal = [+0.6338, +0.1505, -0.7587]
      d = +6.0200   mirror_depth(perp) = 6.0200 m   view_z = 10.3687 m
      n_inliers = 67563/110588   rms_residual = 0.02605 m
  [SVD robust (IRLS)]
      normal = [+0.6055, -0.2362, -0.7600]
      d = +5.1868   mirror_depth(perp) = 5.1868 m   view_z = 10.3687 m
      n_inliers = 29503/110588   rms_residual = 0.05283 m

[save] D:\Users\dust\Documents\학교\2026년도1학기\컴퓨터비전\실습\FoundationStereo\experiments\ds_v2_seed1/sunlight_v35\mirror_geometry\result.json
[save] D:\Users\dust\Documents\학교\2026년도1학기\컴퓨터비전\실습\FoundationStereo\experiments\ds_v2_seed1/sunlight_v35\mirror_geometry\plane.txt
[save] D:\Users\dust\Documents\학교\2026년도1학기\컴퓨터비전\실습\FoundationStereo\experiments\ds_v2_seed1/sunlight_v35\mirror_geometry\viz.png

DONE: D:\Users\dust\Documents\학교\2026년도1학기\컴퓨터비전\실습\FoundationStereo\experiments\ds_v2_seed1/sunlight_v35\mirror_geometry
[ds_v2_seed1/sunlight_v35] 거울 점 110588개 중 inlier 67563 (61.1%) / outlier 43025
  normal=[ 0.634  0.15  -0.759] d=6.020  rms(inlier)=0.0261 m  thr≈0.093 m
[save] D:\Users\dust\Documents\학교\2026년도1학기\컴퓨터비전\실습\FoundationStereo\experiments\ds_v2_seed1/sunlight_v35\mirror_geometry\ransac_inliers.png
[gt] sunlight_v35                 perp 7.50m planRMS 0.0800m  normal [-0.76, 0.211, -0.614]

생성 1, 건너뜀 0 (depth_gt/mask 없음 등)
[ds_v2_seed1/sunlight_v35] feature 184x320  mirror_frac=0.12014266304347826  feat_left=True
rank  signal              AUC    pol  sep     mean_in     mean_out
  1  pre_entropy        0.6538   +  0.2537    2.319904    1.921263
  2  delta_entropy      0.6488   -  0.2488   -1.707917   -1.318407
  3  pre_conf           0.6394   -  0.2711    0.317545    0.427829
  4  delta_conf         0.6325   +   0.261    0.414252    0.293586
  5  feat_left_pc1      0.5975   -  0.1795    2.048731    2.581477
  6  delta_argdisp      0.5491   +    0.07   45.419706   41.117457
  7  feat_left_l2       0.5377   +  0.0304   17.156992   17.036782
  8  feat_left_pc3      0.5287   +  0.0489    2.004008    1.861279
  9  post_entropy       0.5219   +  0.0391    0.611987    0.602856
 10  post_conf          0.5203   +  0.0444    0.731797    0.721415
 11  feat_left_pc2      0.5139   +  0.0227    1.930983    1.863471
BEST: pre_entropy (AUC=0.6538, polarity=+)
저장: D:\Users\dust\Documents\학교\2026년도1학기\컴퓨터비전\실습\FoundationStereo\experiments\ds_v2_seed1/sunlight_v35\features\report.json / panels.png / mirror_signal.npy
[device] cuda
  [train] epoch 60/300  loss=0.5943
  [train] epoch 120/300  loss=0.3925
  [train] epoch 180/300  loss=0.2740
  [train] epoch 240/300  loss=0.1946
  [train] epoch 300/300  loss=0.1422

[VAL] scene=ds_v2_seed1/sunlight_v35  (pixel 70/30 split)
  AUC      = 0.9922
  IoU@0.5  = 0.7357
  F1@0.5   = 0.8477
  accuracy = 0.9592  (prec=0.7617, rec=0.9557)
  tp=2004 fp=627 fn=93 tn=14940

[save] D:\Users\dust\Documents\학교\2026년도1학기\컴퓨터비전\실습\FoundationStereo\experiments\ds_v2_seed1/sunlight_v35\submodel
  pred_mask.png, panel.png, metrics.json, head.pt
DONE: D:\Users\dust\Documents\학교\2026년도1학기\컴퓨터비전\실습\FoundationStereo\experiments\ds_v2_seed1/sunlight_v35\submodel
[device] cuda
[load] D:\Users\dust\Documents\학교\2026년도1학기\컴퓨터비전\실습\FoundationStereo\experiments\_model\general_head.pt  (train_scenes=['archiviz_baseline080', 'bedroom_baseline080', 'blue_bathroom_baseline080', 'computer_room_baseline080', 'cozy_living_room_baseline080', 'flat-archiviz_baseline080', 'green_house_baseline080', 'gym_baseline080', 'livingroom_baseline080', 'minimal_interior_baseline080', 'scandinavian_baseline080', 'sunlight_baseline080'])

[APPLY] ds_v2_seed1/sunlight_v35  (저장모델로 새 데이터 평가)
  AUC      = 0.9527
  IoU@0.5  = 0.4771
  F1@0.5   = 0.6460
  accuracy = 0.8837  (prec=0.5092, rec=0.8835)
  tp=6250 fp=6025 fn=824 tn=45781
[save] D:\Users\dust\Documents\학교\2026년도1학기\컴퓨터비전\실습\FoundationStereo\experiments\ds_v2_seed1/sunlight_v35\submodel_applied  (pred_mask.png, panel.png, metrics.json)

============================================================
STEP: estimate_mirror_plane
============================================================

============================================================
STEP: viz_ransac_inliers
============================================================

============================================================
STEP: make_mirror_gt_from_depth
============================================================

============================================================
STEP: analyze_features
============================================================

============================================================
STEP: submodel_head
============================================================

============================================================
STEP: apply_submodel
============================================================

DONE: D:\Users\dust\Documents\학교\2026년도1학기\컴퓨터비전\실습\FoundationStereo\experiments\ds_v2_seed1/sunlight_v35 (ok)

##### [37/132] ds_v2_seed1/sunlight_v36  (done 3, fail 0, skip 33, elapsed 2m, ETA 59m) #####
[scene] ds_v2_seed1/sunlight_v36  size=1280x720
[select] mirror 점 개수 = 104110  (mask=104110, valid&depth = 901908)
[conf] mirror 영역 평균 confidence = 0.6859

=== 평면 추정 결과 ===
  [PCA (closed form)]
      normal = [+0.1302, -0.8864, -0.4443]
      d = +2.5241   mirror_depth(perp) = 2.5241 m   view_z = 10.6904 m
      n_inliers = 104110/104110   rms_residual = 0.30673 m
  [RANSAC]
      normal = [+0.0133, -0.9140, -0.4055]
      d = +2.5476   mirror_depth(perp) = 2.5476 m   view_z = 10.6904 m
      n_inliers = 35286/104110   rms_residual = 0.04306 m
  [SVD robust (IRLS)]
      normal = [+0.1313, -0.8802, -0.4561]
      d = +2.6750   mirror_depth(perp) = 2.6750 m   view_z = 10.6904 m
      n_inliers = 22049/104110   rms_residual = 0.05520 m

[save] D:\Users\dust\Documents\학교\2026년도1학기\컴퓨터비전\실습\FoundationStereo\experiments\ds_v2_seed1/sunlight_v36\mirror_geometry\result.json
[save] D:\Users\dust\Documents\학교\2026년도1학기\컴퓨터비전\실습\FoundationStereo\experiments\ds_v2_seed1/sunlight_v36\mirror_geometry\plane.txt
[save] D:\Users\dust\Documents\학교\2026년도1학기\컴퓨터비전\실습\FoundationStereo\experiments\ds_v2_seed1/sunlight_v36\mirror_geometry\viz.png

DONE: D:\Users\dust\Documents\학교\2026년도1학기\컴퓨터비전\실습\FoundationStereo\experiments\ds_v2_seed1/sunlight_v36\mirror_geometry
[ds_v2_seed1/sunlight_v36] 거울 점 104110개 중 inlier 35286 (33.9%) / outlier 68824
  normal=[ 0.013 -0.914 -0.405] d=2.548  rms(inlier)=0.0431 m  thr≈0.098 m
[save] D:\Users\dust\Documents\학교\2026년도1학기\컴퓨터비전\실습\FoundationStereo\experiments\ds_v2_seed1/sunlight_v36\mirror_geometry\ransac_inliers.png
[gt] sunlight_v36                 perp 7.48m planRMS 0.0835m  normal [-0.544, 0.299, -0.784]

생성 1, 건너뜀 0 (depth_gt/mask 없음 등)
[ds_v2_seed1/sunlight_v36] feature 184x320  mirror_frac=0.1140625  feat_left=True
rank  signal              AUC    pol  sep     mean_in     mean_out
  1  feat_left_l2       0.6394   +  0.2099   17.907069   17.067568
  2  feat_left_pc1      0.6186   -  0.2256    1.974552    2.622151
  3  post_entropy       0.6032   +  0.1328    0.654242    0.621661
  4  pre_entropy        0.5892   +  0.1217    2.216176     2.01947
  5  pre_conf           0.5816   -  0.1717    0.338045     0.40922
  6  delta_entropy      0.5776   -  0.1024   -1.561934   -1.397808
  7  post_conf          0.5751   -    0.13    0.685644    0.716228
  8  delta_argdisp      0.5434   +  0.0686   47.202055   42.957174
  9  delta_conf         0.5388   +  0.0868    0.347599    0.307007
 10  feat_left_pc2      0.5299   +  0.0557    1.986505    1.818862
 11  feat_left_pc3      0.5166   +  0.0318    1.933495      1.8442
BEST: feat_left_l2 (AUC=0.6394, polarity=+)
저장: D:\Users\dust\Documents\학교\2026년도1학기\컴퓨터비전\실습\FoundationStereo\experiments\ds_v2_seed1/sunlight_v36\features\report.json / panels.png / mirror_signal.npy
[device] cuda
  [train] epoch 60/300  loss=0.6069
  [train] epoch 120/300  loss=0.4173
  [train] epoch 180/300  loss=0.3024
  [train] epoch 240/300  loss=0.2207
  [train] epoch 300/300  loss=0.1640

[VAL] scene=ds_v2_seed1/sunlight_v36  (pixel 70/30 split)
  AUC      = 0.9883
  IoU@0.5  = 0.6744
  F1@0.5   = 0.8056
  accuracy = 0.9478  (prec=0.7035, rec=0.9423)
  tp=1910 fp=805 fn=117 tn=14832

[save] D:\Users\dust\Documents\학교\2026년도1학기\컴퓨터비전\실습\FoundationStereo\experiments\ds_v2_seed1/sunlight_v36\submodel
  pred_mask.png, panel.png, metrics.json, head.pt
DONE: D:\Users\dust\Documents\학교\2026년도1학기\컴퓨터비전\실습\FoundationStereo\experiments\ds_v2_seed1/sunlight_v36\submodel
[device] cuda
[load] D:\Users\dust\Documents\학교\2026년도1학기\컴퓨터비전\실습\FoundationStereo\experiments\_model\general_head.pt  (train_scenes=['archiviz_baseline080', 'bedroom_baseline080', 'blue_bathroom_baseline080', 'computer_room_baseline080', 'cozy_living_room_baseline080', 'flat-archiviz_baseline080', 'green_house_baseline080', 'gym_baseline080', 'livingroom_baseline080', 'minimal_interior_baseline080', 'scandinavian_baseline080', 'sunlight_baseline080'])

[APPLY] ds_v2_seed1/sunlight_v36  (저장모델로 새 데이터 평가)
  AUC      = 0.9458
  IoU@0.5  = 0.4083
  F1@0.5   = 0.5798
  accuracy = 0.8502  (prec=0.4263, rec=0.9059)
  tp=6084 fp=8186 fn=632 tn=43978
[save] D:\Users\dust\Documents\학교\2026년도1학기\컴퓨터비전\실습\FoundationStereo\experiments\ds_v2_seed1/sunlight_v36\submodel_applied  (pred_mask.png, panel.png, metrics.json)

============================================================
STEP: estimate_mirror_plane
============================================================

============================================================
STEP: viz_ransac_inliers
============================================================

============================================================
STEP: make_mirror_gt_from_depth
============================================================

============================================================
STEP: analyze_features
============================================================

============================================================
STEP: submodel_head
============================================================

============================================================
STEP: apply_submodel
============================================================

DONE: D:\Users\dust\Documents\학교\2026년도1학기\컴퓨터비전\실습\FoundationStereo\experiments\ds_v2_seed1/sunlight_v36 (ok)

##### [38/132] ds_v2_seed1/sunlight_v37  (done 4, fail 0, skip 33, elapsed 2m, ETA 55m) #####
[scene] ds_v2_seed1/sunlight_v37  size=1280x720
[select] mirror 점 개수 = 102355  (mask=102355, valid&depth = 903823)
[conf] mirror 영역 평균 confidence = 0.7289

=== 평면 추정 결과 ===
  [PCA (closed form)]
      normal = [+0.6446, -0.1100, -0.7566]
      d = +4.7756   mirror_depth(perp) = 4.7756 m   view_z = 9.8450 m
      n_inliers = 102355/102355   rms_residual = 0.28873 m
  [RANSAC]
      normal = [+0.6221, +0.0972, -0.7769]
      d = +5.5281   mirror_depth(perp) = 5.5281 m   view_z = 9.8450 m
      n_inliers = 74984/102355   rms_residual = 0.03170 m
  [SVD robust (IRLS)]
      normal = [+0.6239, +0.0161, -0.7814]
      d = +5.3862   mirror_depth(perp) = 5.3862 m   view_z = 9.8450 m
      n_inliers = 59822/102355   rms_residual = 0.04070 m

[save] D:\Users\dust\Documents\학교\2026년도1학기\컴퓨터비전\실습\FoundationStereo\experiments\ds_v2_seed1/sunlight_v37\mirror_geometry\result.json
[save] D:\Users\dust\Documents\학교\2026년도1학기\컴퓨터비전\실습\FoundationStereo\experiments\ds_v2_seed1/sunlight_v37\mirror_geometry\plane.txt
[save] D:\Users\dust\Documents\학교\2026년도1학기\컴퓨터비전\실습\FoundationStereo\experiments\ds_v2_seed1/sunlight_v37\mirror_geometry\viz.png

DONE: D:\Users\dust\Documents\학교\2026년도1학기\컴퓨터비전\실습\FoundationStereo\experiments\ds_v2_seed1/sunlight_v37\mirror_geometry
[ds_v2_seed1/sunlight_v37] 거울 점 102355개 중 inlier 74984 (73.3%) / outlier 27371
  normal=[ 0.622  0.097 -0.777] d=5.528  rms(inlier)=0.0317 m  thr≈0.076 m
[save] D:\Users\dust\Documents\학교\2026년도1학기\컴퓨터비전\실습\FoundationStereo\experiments\ds_v2_seed1/sunlight_v37\mirror_geometry\ransac_inliers.png
[gt] sunlight_v37                 perp 7.37m planRMS 0.0877m  normal [-0.791, 0.161, -0.59]

생성 1, 건너뜀 0 (depth_gt/mask 없음 등)
[ds_v2_seed1/sunlight_v37] feature 184x320  mirror_frac=0.11110733695652174  feat_left=True
rank  signal              AUC    pol  sep     mean_in     mean_out
  1  pre_entropy        0.6593   +  0.2632    2.313805    1.902618
  2  delta_entropy      0.6536   -  0.2555   -1.705998   -1.306799
  3  pre_conf            0.644   -  0.2707    0.321687    0.431992
  4  delta_conf         0.6279   +  0.2357    0.406696    0.295123
  5  delta_argdisp       0.576   +  0.1136   45.696117   38.825557
  6  feat_left_pc3      0.5425   +  0.0711    2.088588    1.879482
  7  feat_left_pc1      0.5396   -  0.0606    2.393132    2.585474
  8  post_entropy       0.5332   +  0.0488    0.607808    0.595819
  9  feat_left_l2       0.5297   +  0.0243   17.108689   17.012121
 10  feat_left_pc2      0.5258   +   0.048    2.023513     1.87622
 11  post_conf           0.501   +  0.0051    0.728384    0.727115
BEST: pre_entropy (AUC=0.6593, polarity=+)
저장: D:\Users\dust\Documents\학교\2026년도1학기\컴퓨터비전\실습\FoundationStereo\experiments\ds_v2_seed1/sunlight_v37\features\report.json / panels.png / mirror_signal.npy
[device] cuda
  [train] epoch 60/300  loss=0.6194
  [train] epoch 120/300  loss=0.3887
  [train] epoch 180/300  loss=0.2540
  [train] epoch 240/300  loss=0.1725
  [train] epoch 300/300  loss=0.1226

[VAL] scene=ds_v2_seed1/sunlight_v37  (pixel 70/30 split)
  AUC      = 0.9946
  IoU@0.5  = 0.7581
  F1@0.5   = 0.8624
  accuracy = 0.9657  (prec=0.7761, rec=0.9704)
  tp=1899 fp=548 fn=58 tn=15159

[save] D:\Users\dust\Documents\학교\2026년도1학기\컴퓨터비전\실습\FoundationStereo\experiments\ds_v2_seed1/sunlight_v37\submodel
  pred_mask.png, panel.png, metrics.json, head.pt
DONE: D:\Users\dust\Documents\학교\2026년도1학기\컴퓨터비전\실습\FoundationStereo\experiments\ds_v2_seed1/sunlight_v37\submodel
[device] cuda
[load] D:\Users\dust\Documents\학교\2026년도1학기\컴퓨터비전\실습\FoundationStereo\experiments\_model\general_head.pt  (train_scenes=['archiviz_baseline080', 'bedroom_baseline080', 'blue_bathroom_baseline080', 'computer_room_baseline080', 'cozy_living_room_baseline080', 'flat-archiviz_baseline080', 'green_house_baseline080', 'gym_baseline080', 'livingroom_baseline080', 'minimal_interior_baseline080', 'scandinavian_baseline080', 'sunlight_baseline080'])

[APPLY] ds_v2_seed1/sunlight_v37  (저장모델로 새 데이터 평가)
  AUC      = 0.9440
  IoU@0.5  = 0.4492
  F1@0.5   = 0.6199
  accuracy = 0.8861  (prec=0.4925, rec=0.8363)
  tp=5471 fp=5638 fn=1071 tn=46700
[save] D:\Users\dust\Documents\학교\2026년도1학기\컴퓨터비전\실습\FoundationStereo\experiments\ds_v2_seed1/sunlight_v37\submodel_applied  (pred_mask.png, panel.png, metrics.json)

============================================================
STEP: estimate_mirror_plane
============================================================

============================================================
STEP: viz_ransac_inliers
============================================================

============================================================
STEP: make_mirror_gt_from_depth
============================================================

============================================================
STEP: analyze_features
============================================================

============================================================
STEP: submodel_head
============================================================

============================================================
STEP: apply_submodel
============================================================

DONE: D:\Users\dust\Documents\학교\2026년도1학기\컴퓨터비전\실습\FoundationStereo\experiments\ds_v2_seed1/sunlight_v37 (ok)

##### [39/132] ds_v2_seed1/sunlight_v38  (done 5, fail 0, skip 33, elapsed 3m, ETA 52m) #####
[scene] ds_v2_seed1/sunlight_v38  size=1280x720
[select] mirror 점 개수 = 151519  (mask=151519, valid&depth = 903429)
[conf] mirror 영역 평균 confidence = 0.7116

=== 평면 추정 결과 ===
  [PCA (closed form)]
      normal = [+0.6479, -0.3262, -0.6884]
      d = +4.3567   mirror_depth(perp) = 4.3567 m   view_z = 10.6991 m
      n_inliers = 151519/151519   rms_residual = 0.45497 m
  [RANSAC]
      normal = [+0.7043, +0.1317, -0.6976]
      d = +5.2483   mirror_depth(perp) = 5.2483 m   view_z = 10.6991 m
      n_inliers = 106523/151519   rms_residual = 0.03331 m
  [SVD robust (IRLS)]
      normal = [+0.6984, -0.1210, -0.7054]
      d = +4.7636   mirror_depth(perp) = 4.7636 m   view_z = 10.6991 m
      n_inliers = 45263/151519   rms_residual = 0.06577 m

[save] D:\Users\dust\Documents\학교\2026년도1학기\컴퓨터비전\실습\FoundationStereo\experiments\ds_v2_seed1/sunlight_v38\mirror_geometry\result.json
[save] D:\Users\dust\Documents\학교\2026년도1학기\컴퓨터비전\실습\FoundationStereo\experiments\ds_v2_seed1/sunlight_v38\mirror_geometry\plane.txt
[save] D:\Users\dust\Documents\학교\2026년도1학기\컴퓨터비전\실습\FoundationStereo\experiments\ds_v2_seed1/sunlight_v38\mirror_geometry\viz.png

DONE: D:\Users\dust\Documents\학교\2026년도1학기\컴퓨터비전\실습\FoundationStereo\experiments\ds_v2_seed1/sunlight_v38\mirror_geometry
[ds_v2_seed1/sunlight_v38] 거울 점 151519개 중 inlier 106523 (70.3%) / outlier 44996
  normal=[ 0.704  0.132 -0.698] d=5.248  rms(inlier)=0.0333 m  thr≈0.114 m
[save] D:\Users\dust\Documents\학교\2026년도1학기\컴퓨터비전\실습\FoundationStereo\experiments\ds_v2_seed1/sunlight_v38\mirror_geometry\ransac_inliers.png
[gt] sunlight_v38                 perp 7.51m planRMS 0.0775m  normal [-0.711, 0.173, -0.682]

생성 1, 건너뜀 0 (depth_gt/mask 없음 등)
[ds_v2_seed1/sunlight_v38] feature 184x320  mirror_frac=0.16448709239130435  feat_left=True
rank  signal              AUC    pol  sep     mean_in     mean_out
  1  pre_entropy        0.6616   +  0.2723    2.314308    1.887603
  2  pre_conf           0.6517   -  0.2959     0.31826    0.439177
  3  delta_entropy      0.6408   -  0.2356   -1.668828   -1.300731
  4  post_entropy       0.6206   +  0.2278     0.64548    0.586871
  5  delta_conf         0.5969   +  0.1972    0.392467    0.300798
  6  post_conf          0.5684   -  0.1225    0.710727    0.739976
  7  delta_argdisp      0.5586   +  0.0894   45.278575    39.71739
  8  feat_left_pc1      0.5425   -   0.076     2.35913    2.592917
  9  feat_left_l2       0.5175   -   0.055   16.832151   17.050595
 10  feat_left_pc3      0.5162   +  0.0262    1.956898      1.8805
 11  feat_left_pc2      0.5139   +  0.0194    1.938959      1.8806
BEST: pre_entropy (AUC=0.6616, polarity=+)
저장: D:\Users\dust\Documents\학교\2026년도1학기\컴퓨터비전\실습\FoundationStereo\experiments\ds_v2_seed1/sunlight_v38\features\report.json / panels.png / mirror_signal.npy
[device] cuda
  [train] epoch 60/300  loss=0.5593
  [train] epoch 120/300  loss=0.3516
  [train] epoch 180/300  loss=0.2320
  [train] epoch 240/300  loss=0.1608
  [train] epoch 300/300  loss=0.1165

[VAL] scene=ds_v2_seed1/sunlight_v38  (pixel 70/30 split)
  AUC      = 0.9943
  IoU@0.5  = 0.8275
  F1@0.5   = 0.9056
  accuracy = 0.9669  (prec=0.8576, rec=0.9593)
  tp=2806 fp=466 fn=119 tn=14273

[save] D:\Users\dust\Documents\학교\2026년도1학기\컴퓨터비전\실습\FoundationStereo\experiments\ds_v2_seed1/sunlight_v38\submodel
  pred_mask.png, panel.png, metrics.json, head.pt
DONE: D:\Users\dust\Documents\학교\2026년도1학기\컴퓨터비전\실습\FoundationStereo\experiments\ds_v2_seed1/sunlight_v38\submodel
[device] cuda
[load] D:\Users\dust\Documents\학교\2026년도1학기\컴퓨터비전\실습\FoundationStereo\experiments\_model\general_head.pt  (train_scenes=['archiviz_baseline080', 'bedroom_baseline080', 'blue_bathroom_baseline080', 'computer_room_baseline080', 'cozy_living_room_baseline080', 'flat-archiviz_baseline080', 'green_house_baseline080', 'gym_baseline080', 'livingroom_baseline080', 'minimal_interior_baseline080', 'scandinavian_baseline080', 'sunlight_baseline080'])

[APPLY] ds_v2_seed1/sunlight_v38  (저장모델로 새 데이터 평가)
  AUC      = 0.9571
  IoU@0.5  = 0.5795
  F1@0.5   = 0.7338
  accuracy = 0.8963  (prec=0.6352, rec=0.8686)
  tp=8412 fp=4831 fn=1273 tn=44364
[save] D:\Users\dust\Documents\학교\2026년도1학기\컴퓨터비전\실습\FoundationStereo\experiments\ds_v2_seed1/sunlight_v38\submodel_applied  (pred_mask.png, panel.png, metrics.json)

============================================================
STEP: estimate_mirror_plane
============================================================

============================================================
STEP: viz_ransac_inliers
============================================================

============================================================
STEP: make_mirror_gt_from_depth
============================================================

============================================================
STEP: analyze_features
============================================================

============================================================
STEP: submodel_head
============================================================

============================================================
STEP: apply_submodel
============================================================

DONE: D:\Users\dust\Documents\학교\2026년도1학기\컴퓨터비전\실습\FoundationStereo\experiments\ds_v2_seed1/sunlight_v38 (ok)

##### [40/132] ds_v2_seed1/sunlight_v39  (done 6, fail 0, skip 33, elapsed 3m, ETA 53m) #####
[scene] ds_v2_seed1/sunlight_v39  size=1280x720
[select] mirror 점 개수 = 145607  (mask=145607, valid&depth = 904159)
[conf] mirror 영역 평균 confidence = 0.7209

=== 평면 추정 결과 ===
  [PCA (closed form)]
      normal = [+0.4928, -0.6038, -0.6265]
      d = +4.0137   mirror_depth(perp) = 4.0137 m   view_z = 11.2637 m
      n_inliers = 145607/145607   rms_residual = 0.52221 m
  [RANSAC]
      normal = [+0.7129, +0.1470, -0.6857]
      d = +5.6464   mirror_depth(perp) = 5.6464 m   view_z = 11.2637 m
      n_inliers = 88612/145607   rms_residual = 0.04322 m
  [SVD robust (IRLS)]
      normal = [+0.5734, -0.4793, -0.6644]
      d = +4.3665   mirror_depth(perp) = 4.3665 m   view_z = 11.2637 m
      n_inliers = 24215/145607   rms_residual = 0.06808 m

[save] D:\Users\dust\Documents\학교\2026년도1학기\컴퓨터비전\실습\FoundationStereo\experiments\ds_v2_seed1/sunlight_v39\mirror_geometry\result.json
[save] D:\Users\dust\Documents\학교\2026년도1학기\컴퓨터비전\실습\FoundationStereo\experiments\ds_v2_seed1/sunlight_v39\mirror_geometry\plane.txt
[save] D:\Users\dust\Documents\학교\2026년도1학기\컴퓨터비전\실습\FoundationStereo\experiments\ds_v2_seed1/sunlight_v39\mirror_geometry\viz.png

DONE: D:\Users\dust\Documents\학교\2026년도1학기\컴퓨터비전\실습\FoundationStereo\experiments\ds_v2_seed1/sunlight_v39\mirror_geometry
[ds_v2_seed1/sunlight_v39] 거울 점 145607개 중 inlier 88612 (60.9%) / outlier 56995
  normal=[ 0.713  0.147 -0.686] d=5.646  rms(inlier)=0.0432 m  thr≈0.118 m
[save] D:\Users\dust\Documents\학교\2026년도1학기\컴퓨터비전\실습\FoundationStereo\experiments\ds_v2_seed1/sunlight_v39\mirror_geometry\ransac_inliers.png
[gt] sunlight_v39                 perp 7.78m planRMS 0.0727m  normal [-0.701, 0.189, -0.688]

생성 1, 건너뜀 0 (depth_gt/mask 없음 등)
[ds_v2_seed1/sunlight_v39] feature 184x320  mirror_frac=0.15830502717391304  feat_left=True
rank  signal              AUC    pol  sep     mean_in     mean_out
  1  pre_entropy         0.623   +   0.191    2.261973    1.956703
  2  pre_conf           0.6156   -  0.2257    0.328791    0.422757
  3  delta_entropy      0.6124   -  0.1777   -1.634786   -1.353926
  4  delta_conf         0.5999   +  0.2027    0.391491    0.297102
  5  post_entropy        0.565   +  0.0988    0.627187    0.602777
  6  feat_left_pc1      0.5398   -  0.0757    2.286721    2.515875
  7  delta_argdisp      0.5271   +  0.0419   45.345135   42.708993
  8  feat_left_pc3      0.5222   +  0.0351     1.95237    1.850534
  9  feat_left_pc2      0.5198   +  0.0307    1.947203    1.855126
 10  feat_left_l2        0.513   +  0.0116   16.990489   17.036166
 11  post_conf          0.5011   -  0.0017    0.720282     0.71986
BEST: pre_entropy (AUC=0.623, polarity=+)
저장: D:\Users\dust\Documents\학교\2026년도1학기\컴퓨터비전\실습\FoundationStereo\experiments\ds_v2_seed1/sunlight_v39\features\report.json / panels.png / mirror_signal.npy
[device] cuda
  [train] epoch 60/300  loss=0.6034
  [train] epoch 120/300  loss=0.3928
  [train] epoch 180/300  loss=0.2699
  [train] epoch 240/300  loss=0.1931
  [train] epoch 300/300  loss=0.1432

[VAL] scene=ds_v2_seed1/sunlight_v39  (pixel 70/30 split)
  AUC      = 0.9913
  IoU@0.5  = 0.7696
  F1@0.5   = 0.8698
  accuracy = 0.9560  (prec=0.8019, rec=0.9503)
  tp=2599 fp=642 fn=136 tn=14287

[save] D:\Users\dust\Documents\학교\2026년도1학기\컴퓨터비전\실습\FoundationStereo\experiments\ds_v2_seed1/sunlight_v39\submodel
  pred_mask.png, panel.png, metrics.json, head.pt
DONE: D:\Users\dust\Documents\학교\2026년도1학기\컴퓨터비전\실습\FoundationStereo\experiments\ds_v2_seed1/sunlight_v39\submodel
[device] cuda
[load] D:\Users\dust\Documents\학교\2026년도1학기\컴퓨터비전\실습\FoundationStereo\experiments\_model\general_head.pt  (train_scenes=['archiviz_baseline080', 'bedroom_baseline080', 'blue_bathroom_baseline080', 'computer_room_baseline080', 'cozy_living_room_baseline080', 'flat-archiviz_baseline080', 'green_house_baseline080', 'gym_baseline080', 'livingroom_baseline080', 'minimal_interior_baseline080', 'scandinavian_baseline080', 'sunlight_baseline080'])

[APPLY] ds_v2_seed1/sunlight_v39  (저장모델로 새 데이터 평가)
  AUC      = 0.9515
  IoU@0.5  = 0.5457
  F1@0.5   = 0.7061
  accuracy = 0.8852  (prec=0.5937, rec=0.8709)
  tp=8118 fp=5555 fn=1203 tn=44004
[save] D:\Users\dust\Documents\학교\2026년도1학기\컴퓨터비전\실습\FoundationStereo\experiments\ds_v2_seed1/sunlight_v39\submodel_applied  (pred_mask.png, panel.png, metrics.json)

============================================================
STEP: estimate_mirror_plane
============================================================

============================================================
STEP: viz_ransac_inliers
============================================================

============================================================
STEP: make_mirror_gt_from_depth
============================================================

============================================================
STEP: analyze_features
============================================================

============================================================
STEP: submodel_head
============================================================

============================================================
STEP: apply_submodel
============================================================

DONE: D:\Users\dust\Documents\학교\2026년도1학기\컴퓨터비전\실습\FoundationStereo\experiments\ds_v2_seed1/sunlight_v39 (ok)

##### [41/132] ds_v2_seed1/sunlight_v40  (done 7, fail 0, skip 33, elapsed 4m, ETA 53m) #####
[scene] ds_v2_seed1/sunlight_v40  size=1280x720
[select] mirror 점 개수 = 195904  (mask=195904, valid&depth = 902350)
[conf] mirror 영역 평균 confidence = 0.7192

=== 평면 추정 결과 ===
  [PCA (closed form)]
      normal = [+0.4182, -0.7078, -0.5693]
      d = +4.3396   mirror_depth(perp) = 4.3396 m   view_z = 11.9538 m
      n_inliers = 195904/195904   rms_residual = 0.61404 m
  [RANSAC]
      normal = [+0.7896, +0.0721, -0.6094]
      d = +5.9827   mirror_depth(perp) = 5.9827 m   view_z = 11.9538 m
      n_inliers = 76643/195904   rms_residual = 0.07167 m
  [SVD robust (IRLS)]
      normal = [+0.4561, -0.6778, -0.5768]
      d = +4.3756   mirror_depth(perp) = 4.3756 m   view_z = 11.9538 m
      n_inliers = 28346/195904   rms_residual = 0.07306 m

[save] D:\Users\dust\Documents\학교\2026년도1학기\컴퓨터비전\실습\FoundationStereo\experiments\ds_v2_seed1/sunlight_v40\mirror_geometry\result.json
[save] D:\Users\dust\Documents\학교\2026년도1학기\컴퓨터비전\실습\FoundationStereo\experiments\ds_v2_seed1/sunlight_v40\mirror_geometry\plane.txt
[save] D:\Users\dust\Documents\학교\2026년도1학기\컴퓨터비전\실습\FoundationStereo\experiments\ds_v2_seed1/sunlight_v40\mirror_geometry\viz.png

DONE: D:\Users\dust\Documents\학교\2026년도1학기\컴퓨터비전\실습\FoundationStereo\experiments\ds_v2_seed1/sunlight_v40\mirror_geometry
[ds_v2_seed1/sunlight_v40] 거울 점 195904개 중 inlier 76643 (39.1%) / outlier 119261
  normal=[ 0.79   0.072 -0.609] d=5.983  rms(inlier)=0.0717 m  thr≈0.129 m
[save] D:\Users\dust\Documents\학교\2026년도1학기\컴퓨터비전\실습\FoundationStereo\experiments\ds_v2_seed1/sunlight_v40\mirror_geometry\ransac_inliers.png
[gt] sunlight_v40                 perp 7.67m planRMS 0.0628m  normal [-0.562, 0.175, -0.809]

생성 1, 건너뜀 0 (depth_gt/mask 없음 등)
[ds_v2_seed1/sunlight_v40] feature 184x320  mirror_frac=0.21362092391304346  feat_left=True
rank  signal              AUC    pol  sep     mean_in     mean_out
  1  delta_conf         0.5746   +  0.1536    0.367839    0.296146
  2  pre_entropy        0.5708   +  0.0862    2.172697    2.028136
  3  pre_conf           0.5654   -  0.1406    0.351003     0.41105
  4  post_entropy        0.565   +  0.1029    0.652876    0.624334
  5  delta_entropy      0.5595   -  0.0702   -1.519822   -1.403803
  6  feat_left_l2       0.5344   +  0.0529   17.232559     17.0106
  7  delta_argdisp      0.5295   +  0.0475   46.239386   43.213231
  8  post_conf          0.5259   +  0.0492    0.718842    0.707195
  9  feat_left_pc2      0.5247   +  0.0412    1.952917    1.831287
 10  feat_left_pc1      0.5233   +  0.0558    2.633512    2.452975
 11  feat_left_pc3      0.5122   +  0.0192    1.910864    1.856181
BEST: delta_conf (AUC=0.5746, polarity=+)
저장: D:\Users\dust\Documents\학교\2026년도1학기\컴퓨터비전\실습\FoundationStereo\experiments\ds_v2_seed1/sunlight_v40\features\report.json / panels.png / mirror_signal.npy
[device] cuda
  [train] epoch 60/300  loss=0.5766
  [train] epoch 120/300  loss=0.3694
  [train] epoch 180/300  loss=0.2518
  [train] epoch 240/300  loss=0.1785
  [train] epoch 300/300  loss=0.1308

[VAL] scene=ds_v2_seed1/sunlight_v40  (pixel 70/30 split)
  AUC      = 0.9929
  IoU@0.5  = 0.8382
  F1@0.5   = 0.9120
  accuracy = 0.9614  (prec=0.8728, rec=0.9548)
  tp=3528 fp=514 fn=167 tn=13455

[save] D:\Users\dust\Documents\학교\2026년도1학기\컴퓨터비전\실습\FoundationStereo\experiments\ds_v2_seed1/sunlight_v40\submodel
  pred_mask.png, panel.png, metrics.json, head.pt
DONE: D:\Users\dust\Documents\학교\2026년도1학기\컴퓨터비전\실습\FoundationStereo\experiments\ds_v2_seed1/sunlight_v40\submodel
[device] cuda
[load] D:\Users\dust\Documents\학교\2026년도1학기\컴퓨터비전\실습\FoundationStereo\experiments\_model\general_head.pt  (train_scenes=['archiviz_baseline080', 'bedroom_baseline080', 'blue_bathroom_baseline080', 'computer_room_baseline080', 'cozy_living_room_baseline080', 'flat-archiviz_baseline080', 'green_house_baseline080', 'gym_baseline080', 'livingroom_baseline080', 'minimal_interior_baseline080', 'scandinavian_baseline080', 'sunlight_baseline080'])

[APPLY] ds_v2_seed1/sunlight_v40  (저장모델로 새 데이터 평가)
  AUC      = 0.9491
  IoU@0.5  = 0.6049
  F1@0.5   = 0.7538
  accuracy = 0.8800  (prec=0.6709, rec=0.8602)
  tp=10820 fp=5308 fn=1758 tn=40994
[save] D:\Users\dust\Documents\학교\2026년도1학기\컴퓨터비전\실습\FoundationStereo\experiments\ds_v2_seed1/sunlight_v40\submodel_applied  (pred_mask.png, panel.png, metrics.json)

============================================================
STEP: estimate_mirror_plane
============================================================

============================================================
STEP: viz_ransac_inliers
============================================================

============================================================
STEP: make_mirror_gt_from_depth
============================================================

============================================================
STEP: analyze_features
============================================================

============================================================
STEP: submodel_head
============================================================

============================================================
STEP: apply_submodel
============================================================

DONE: D:\Users\dust\Documents\학교\2026년도1학기\컴퓨터비전\실습\FoundationStereo\experiments\ds_v2_seed1/sunlight_v40 (ok)

##### [42/132] ds_v2_seed1/sunlight_v41  (done 8, fail 0, skip 33, elapsed 5m, ETA 53m) #####
[scene] ds_v2_seed1/sunlight_v41  size=1280x720
[select] mirror 점 개수 = 150967  (mask=150967, valid&depth = 902682)
[conf] mirror 영역 평균 confidence = 0.6983

=== 평면 추정 결과 ===
  [PCA (closed form)]
      normal = [+0.2486, -0.8308, -0.4979]
      d = +3.6130   mirror_depth(perp) = 3.6130 m   view_z = 11.0784 m
      n_inliers = 150967/150967   rms_residual = 0.46423 m
  [RANSAC]
      normal = [+0.3952, +0.2149, -0.8931]
      d = +11.5545   mirror_depth(perp) = 11.5545 m   view_z = 11.0784 m
      n_inliers = 41964/150967   rms_residual = 0.03300 m
  [SVD robust (IRLS)]
      normal = [+0.2610, -0.8357, -0.4832]
      d = +3.3938   mirror_depth(perp) = 3.3938 m   view_z = 11.0784 m
      n_inliers = 24518/150967   rms_residual = 0.05778 m

[save] D:\Users\dust\Documents\학교\2026년도1학기\컴퓨터비전\실습\FoundationStereo\experiments\ds_v2_seed1/sunlight_v41\mirror_geometry\result.json
[save] D:\Users\dust\Documents\학교\2026년도1학기\컴퓨터비전\실습\FoundationStereo\experiments\ds_v2_seed1/sunlight_v41\mirror_geometry\plane.txt
[save] D:\Users\dust\Documents\학교\2026년도1학기\컴퓨터비전\실습\FoundationStereo\experiments\ds_v2_seed1/sunlight_v41\mirror_geometry\viz.png

DONE: D:\Users\dust\Documents\학교\2026년도1학기\컴퓨터비전\실습\FoundationStereo\experiments\ds_v2_seed1/sunlight_v41\mirror_geometry
[ds_v2_seed1/sunlight_v41] 거울 점 150967개 중 inlier 41964 (27.8%) / outlier 109003
  normal=[ 0.395  0.215 -0.893] d=11.554  rms(inlier)=0.0330 m  thr≈0.099 m
[save] D:\Users\dust\Documents\학교\2026년도1학기\컴퓨터비전\실습\FoundationStereo\experiments\ds_v2_seed1/sunlight_v41\mirror_geometry\ransac_inliers.png
[gt] sunlight_v41                 perp 7.49m planRMS 0.0742m  normal [-0.447, 0.256, -0.857]

생성 1, 건너뜀 0 (depth_gt/mask 없음 등)
[ds_v2_seed1/sunlight_v41] feature 184x320  mirror_frac=0.16496263586956522  feat_left=True
rank  signal              AUC    pol  sep     mean_in     mean_out
  1  feat_left_l2       0.6371   +  0.2245   17.983299   16.992619
  2  pre_entropy        0.6018   +  0.1467    2.183333    1.942464
  3  delta_entropy      0.5959   -  0.1342   -1.533285   -1.313953
  4  pre_conf           0.5917   -  0.1795    0.348069    0.424418
  5  feat_left_pc1      0.5791   -  0.1143    2.311226     2.66444
  6  post_entropy       0.5778   +  0.0801    0.650048    0.628511
  7  delta_conf         0.5613   +  0.1195    0.349761    0.293234
  8  post_conf          0.5499   -  0.0835     0.69783    0.717652
  9  feat_left_pc3      0.5324   +  0.0617    2.004499     1.82023
 10  delta_argdisp      0.5321   +  0.0523   46.988572   43.761161
 11  feat_left_pc2      0.5221   -  0.0374    1.843288    1.947501
BEST: feat_left_l2 (AUC=0.6371, polarity=+)
저장: D:\Users\dust\Documents\학교\2026년도1학기\컴퓨터비전\실습\FoundationStereo\experiments\ds_v2_seed1/sunlight_v41\features\report.json / panels.png / mirror_signal.npy
[device] cuda
  [train] epoch 60/300  loss=0.5610
  [train] epoch 120/300  loss=0.3639
  [train] epoch 180/300  loss=0.2552
  [train] epoch 240/300  loss=0.1835
  [train] epoch 300/300  loss=0.1346

[VAL] scene=ds_v2_seed1/sunlight_v41  (pixel 70/30 split)
  AUC      = 0.9941
  IoU@0.5  = 0.8073
  F1@0.5   = 0.8934
  accuracy = 0.9620  (prec=0.8273, rec=0.9710)
  tp=2816 fp=588 fn=84 tn=14176

[save] D:\Users\dust\Documents\학교\2026년도1학기\컴퓨터비전\실습\FoundationStereo\experiments\ds_v2_seed1/sunlight_v41\submodel
  pred_mask.png, panel.png, metrics.json, head.pt
DONE: D:\Users\dust\Documents\학교\2026년도1학기\컴퓨터비전\실습\FoundationStereo\experiments\ds_v2_seed1/sunlight_v41\submodel
[device] cuda
[load] D:\Users\dust\Documents\학교\2026년도1학기\컴퓨터비전\실습\FoundationStereo\experiments\_model\general_head.pt  (train_scenes=['archiviz_baseline080', 'bedroom_baseline080', 'blue_bathroom_baseline080', 'computer_room_baseline080', 'cozy_living_room_baseline080', 'flat-archiviz_baseline080', 'green_house_baseline080', 'gym_baseline080', 'livingroom_baseline080', 'minimal_interior_baseline080', 'scandinavian_baseline080', 'sunlight_baseline080'])

[APPLY] ds_v2_seed1/sunlight_v41  (저장모델로 새 데이터 평가)
  AUC      = 0.9480
  IoU@0.5  = 0.5176
  F1@0.5   = 0.6821
  accuracy = 0.8639  (prec=0.5549, rec=0.8851)
  tp=8597 fp=6896 fn=1116 tn=42271
[save] D:\Users\dust\Documents\학교\2026년도1학기\컴퓨터비전\실습\FoundationStereo\experiments\ds_v2_seed1/sunlight_v41\submodel_applied  (pred_mask.png, panel.png, metrics.json)

============================================================
STEP: estimate_mirror_plane
============================================================

============================================================
STEP: viz_ransac_inliers
============================================================

============================================================
STEP: make_mirror_gt_from_depth
============================================================

============================================================
STEP: analyze_features
============================================================

============================================================
STEP: submodel_head
============================================================

============================================================
STEP: apply_submodel
============================================================

DONE: D:\Users\dust\Documents\학교\2026년도1학기\컴퓨터비전\실습\FoundationStereo\experiments\ds_v2_seed1/sunlight_v41 (ok)

##### [43/132] ds_v2_seed1/sunlight_v42  (done 9, fail 0, skip 33, elapsed 5m, ETA 53m) #####
[scene] ds_v2_seed1/sunlight_v42  size=1280x720
[select] mirror 점 개수 = 163846  (mask=163846, valid&depth = 902290)
[conf] mirror 영역 평균 confidence = 0.7040

=== 평면 추정 결과 ===
  [PCA (closed form)]
      normal = [+0.2320, -0.8445, -0.4826]
      d = +3.1110   mirror_depth(perp) = 3.1110 m   view_z = 11.4196 m
      n_inliers = 163846/163846   rms_residual = 0.46728 m
  [RANSAC]
      normal = [+0.8093, +0.1199, -0.5750]
      d = +5.5431   mirror_depth(perp) = 5.5431 m   view_z = 11.4196 m
      n_inliers = 59931/163846   rms_residual = 0.04248 m
  [SVD robust (IRLS)]
      normal = [+0.2385, -0.8468, -0.4754]
      d = +2.9795   mirror_depth(perp) = 2.9795 m   view_z = 11.4196 m
      n_inliers = 34076/163846   rms_residual = 0.07118 m

[save] D:\Users\dust\Documents\학교\2026년도1학기\컴퓨터비전\실습\FoundationStereo\experiments\ds_v2_seed1/sunlight_v42\mirror_geometry\result.json
[save] D:\Users\dust\Documents\학교\2026년도1학기\컴퓨터비전\실습\FoundationStereo\experiments\ds_v2_seed1/sunlight_v42\mirror_geometry\plane.txt
[save] D:\Users\dust\Documents\학교\2026년도1학기\컴퓨터비전\실습\FoundationStereo\experiments\ds_v2_seed1/sunlight_v42\mirror_geometry\viz.png

DONE: D:\Users\dust\Documents\학교\2026년도1학기\컴퓨터비전\실습\FoundationStereo\experiments\ds_v2_seed1/sunlight_v42\mirror_geometry
[ds_v2_seed1/sunlight_v42] 거울 점 163846개 중 inlier 59931 (36.6%) / outlier 103915
  normal=[ 0.809  0.12  -0.575] d=5.543  rms(inlier)=0.0425 m  thr≈0.122 m
[save] D:\Users\dust\Documents\학교\2026년도1학기\컴퓨터비전\실습\FoundationStereo\experiments\ds_v2_seed1/sunlight_v42\mirror_geometry\ransac_inliers.png
[gt] sunlight_v42                 perp 7.53m planRMS 0.0715m  normal [-0.579, 0.245, -0.778]

생성 1, 건너뜀 0 (depth_gt/mask 없음 등)
[ds_v2_seed1/sunlight_v42] feature 184x320  mirror_frac=0.17895720108695654  feat_left=True
rank  signal              AUC    pol  sep     mean_in     mean_out
  1  pre_entropy        0.5797   +  0.1021    2.176217    2.007836
  2  pre_conf           0.5769   -   0.162    0.345202    0.413063
  3  post_entropy       0.5756   +  0.1134    0.639988    0.612665
  4  feat_left_l2       0.5709   +  0.1036   17.431648   17.006087
  5  delta_entropy      0.5685   -  0.0864   -1.536229   -1.395171
  6  delta_conf         0.5556   +  0.1211    0.358275    0.301376
  7  feat_left_pc1      0.5357   -  0.0436    2.387257    2.527954
  8  delta_argdisp      0.5302   +  0.0457   46.144443   43.279668
  9  post_conf          0.5271   -  0.0452    0.703477    0.714439
 10  feat_left_pc2      0.5254   +  0.0417    1.955365    1.832076
 11  feat_left_pc3      0.5164   +  0.0281    1.915538    1.835504
BEST: pre_entropy (AUC=0.5797, polarity=+)
저장: D:\Users\dust\Documents\학교\2026년도1학기\컴퓨터비전\실습\FoundationStereo\experiments\ds_v2_seed1/sunlight_v42\features\report.json / panels.png / mirror_signal.npy
[device] cuda
  [train] epoch 60/300  loss=0.5891
  [train] epoch 120/300  loss=0.3842
  [train] epoch 180/300  loss=0.2653
  [train] epoch 240/300  loss=0.1893
  [train] epoch 300/300  loss=0.1404

[VAL] scene=ds_v2_seed1/sunlight_v42  (pixel 70/30 split)
  AUC      = 0.9914
  IoU@0.5  = 0.7864
  F1@0.5   = 0.8805
  accuracy = 0.9544  (prec=0.8197, rec=0.9510)
  tp=2968 fp=653 fn=153 tn=13890

[save] D:\Users\dust\Documents\학교\2026년도1학기\컴퓨터비전\실습\FoundationStereo\experiments\ds_v2_seed1/sunlight_v42\submodel
  pred_mask.png, panel.png, metrics.json, head.pt
DONE: D:\Users\dust\Documents\학교\2026년도1학기\컴퓨터비전\실습\FoundationStereo\experiments\ds_v2_seed1/sunlight_v42\submodel
[device] cuda
[load] D:\Users\dust\Documents\학교\2026년도1학기\컴퓨터비전\실습\FoundationStereo\experiments\_model\general_head.pt  (train_scenes=['archiviz_baseline080', 'bedroom_baseline080', 'blue_bathroom_baseline080', 'computer_room_baseline080', 'cozy_living_room_baseline080', 'flat-archiviz_baseline080', 'green_house_baseline080', 'gym_baseline080', 'livingroom_baseline080', 'minimal_interior_baseline080', 'scandinavian_baseline080', 'sunlight_baseline080'])

[APPLY] ds_v2_seed1/sunlight_v42  (저장모델로 새 데이터 평가)
  AUC      = 0.9558
  IoU@0.5  = 0.5817
  F1@0.5   = 0.7355
  accuracy = 0.8878  (prec=0.6361, rec=0.8717)
  tp=9185 fp=5254 fn=1352 tn=43089
[save] D:\Users\dust\Documents\학교\2026년도1학기\컴퓨터비전\실습\FoundationStereo\experiments\ds_v2_seed1/sunlight_v42\submodel_applied  (pred_mask.png, panel.png, metrics.json)

============================================================
STEP: estimate_mirror_plane
============================================================

============================================================
STEP: viz_ransac_inliers
============================================================

============================================================
STEP: make_mirror_gt_from_depth
============================================================

============================================================
STEP: analyze_features
============================================================

============================================================
STEP: submodel_head
============================================================

============================================================
STEP: apply_submodel
============================================================

DONE: D:\Users\dust\Documents\학교\2026년도1학기\컴퓨터비전\실습\FoundationStereo\experiments\ds_v2_seed1/sunlight_v42 (ok)

##### [44/132] ds_v2_seed1/sunlight_v43  (done 10, fail 0, skip 33, elapsed 6m, ETA 52m) #####
[scene] ds_v2_seed1/sunlight_v43  size=1280x720
[select] mirror 점 개수 = 246549  (mask=246549, valid&depth = 905119)
[conf] mirror 영역 평균 confidence = 0.6981

=== 평면 추정 결과 ===
  [PCA (closed form)]
      normal = [+0.4177, -0.8066, -0.4183]
      d = +3.3746   mirror_depth(perp) = 3.3746 m   view_z = 11.2973 m
      n_inliers = 246549/246549   rms_residual = 0.93318 m
  [RANSAC]
      normal = [+0.8155, +0.0424, -0.5772]
      d = +5.4679   mirror_depth(perp) = 5.4679 m   view_z = 11.2973 m
      n_inliers = 102727/246549   rms_residual = 0.04911 m
  [SVD robust (IRLS)]
      normal = [+0.4240, -0.7944, -0.4350]
      d = +3.6222   mirror_depth(perp) = 3.6222 m   view_z = 11.2973 m
      n_inliers = 23742/246549   rms_residual = 0.06708 m

[save] D:\Users\dust\Documents\학교\2026년도1학기\컴퓨터비전\실습\FoundationStereo\experiments\ds_v2_seed1/sunlight_v43\mirror_geometry\result.json
[save] D:\Users\dust\Documents\학교\2026년도1학기\컴퓨터비전\실습\FoundationStereo\experiments\ds_v2_seed1/sunlight_v43\mirror_geometry\plane.txt
[save] D:\Users\dust\Documents\학교\2026년도1학기\컴퓨터비전\실습\FoundationStereo\experiments\ds_v2_seed1/sunlight_v43\mirror_geometry\viz.png

DONE: D:\Users\dust\Documents\학교\2026년도1학기\컴퓨터비전\실습\FoundationStereo\experiments\ds_v2_seed1/sunlight_v43\mirror_geometry
[ds_v2_seed1/sunlight_v43] 거울 점 246549개 중 inlier 102727 (41.7%) / outlier 143822
  normal=[ 0.815  0.042 -0.577] d=5.468  rms(inlier)=0.0491 m  thr≈0.116 m
[save] D:\Users\dust\Documents\학교\2026년도1학기\컴퓨터비전\실습\FoundationStereo\experiments\ds_v2_seed1/sunlight_v43\mirror_geometry\ransac_inliers.png
[gt] sunlight_v43                 perp 7.35m planRMS 0.0574m  normal [-0.581, 0.078, -0.81]

생성 1, 건너뜀 0 (depth_gt/mask 없음 등)
[ds_v2_seed1/sunlight_v43] feature 184x320  mirror_frac=0.2671875  feat_left=True
rank  signal              AUC    pol  sep     mean_in     mean_out
  1  delta_argdisp      0.5652   +  0.1084   45.893084   39.168351
  2  delta_conf          0.551   +  0.1065    0.342487    0.292689
  3  pre_conf           0.5482   -  0.1141    0.354879    0.402337
  4  delta_entropy      0.5436   -  0.0513   -1.477469   -1.395352
  5  pre_entropy        0.5432   +  0.0501    2.131381    2.051334
  6  feat_left_l2       0.5233   +  0.0229   17.152459   17.054017
  7  feat_left_pc2      0.5077   +  0.0133    1.946387    1.906346
  8  post_entropy       0.5068   +  0.0078    0.653912    0.655983
  9  post_conf           0.506   +  0.0098    0.697366    0.695026
 10  feat_left_pc3      0.5048   +  0.0046    1.886127    1.872723
 11  feat_left_pc1      0.5047   -  0.0047    2.545187    2.560157
BEST: delta_argdisp (AUC=0.5652, polarity=+)
저장: D:\Users\dust\Documents\학교\2026년도1학기\컴퓨터비전\실습\FoundationStereo\experiments\ds_v2_seed1/sunlight_v43\features\report.json / panels.png / mirror_signal.npy
[device] cuda
  [train] epoch 60/300  loss=0.5771
  [train] epoch 120/300  loss=0.3609
  [train] epoch 180/300  loss=0.2426
  [train] epoch 240/300  loss=0.1722
  [train] epoch 300/300  loss=0.1286

[VAL] scene=ds_v2_seed1/sunlight_v43  (pixel 70/30 split)
  AUC      = 0.9914
  IoU@0.5  = 0.8516
  F1@0.5   = 0.9199
  accuracy = 0.9561  (prec=0.8868, rec=0.9555)
  tp=4448 fp=568 fn=207 tn=12441

[save] D:\Users\dust\Documents\학교\2026년도1학기\컴퓨터비전\실습\FoundationStereo\experiments\ds_v2_seed1/sunlight_v43\submodel
  pred_mask.png, panel.png, metrics.json, head.pt
DONE: D:\Users\dust\Documents\학교\2026년도1학기\컴퓨터비전\실습\FoundationStereo\experiments\ds_v2_seed1/sunlight_v43\submodel
[device] cuda
[load] D:\Users\dust\Documents\학교\2026년도1학기\컴퓨터비전\실습\FoundationStereo\experiments\_model\general_head.pt  (train_scenes=['archiviz_baseline080', 'bedroom_baseline080', 'blue_bathroom_baseline080', 'computer_room_baseline080', 'cozy_living_room_baseline080', 'flat-archiviz_baseline080', 'green_house_baseline080', 'gym_baseline080', 'livingroom_baseline080', 'minimal_interior_baseline080', 'scandinavian_baseline080', 'sunlight_baseline080'])

[APPLY] ds_v2_seed1/sunlight_v43  (저장모델로 새 데이터 평가)
  AUC      = 0.9274
  IoU@0.5  = 0.6035
  F1@0.5   = 0.7527
  accuracy = 0.8643  (prec=0.7333, rec=0.7732)
  tp=12164 fp=4424 fn=3568 tn=38724
[save] D:\Users\dust\Documents\학교\2026년도1학기\컴퓨터비전\실습\FoundationStereo\experiments\ds_v2_seed1/sunlight_v43\submodel_applied  (pred_mask.png, panel.png, metrics.json)

============================================================
STEP: estimate_mirror_plane
============================================================

============================================================
STEP: viz_ransac_inliers
============================================================

============================================================
STEP: make_mirror_gt_from_depth
============================================================

============================================================
STEP: analyze_features
============================================================

============================================================
STEP: submodel_head
============================================================

============================================================
STEP: apply_submodel
============================================================

DONE: D:\Users\dust\Documents\학교\2026년도1학기\컴퓨터비전\실습\FoundationStereo\experiments\ds_v2_seed1/sunlight_v43 (ok)

##### [45/132] ds_v2_seed1/sunlight_v44  (done 11, fail 0, skip 33, elapsed 7m, ETA 53m) #####
[scene] ds_v2_seed1/sunlight_v44  size=1280x720
[select] mirror 점 개수 = 241468  (mask=241468, valid&depth = 905251)
[conf] mirror 영역 평균 confidence = 0.7193

=== 평면 추정 결과 ===
  [PCA (closed form)]
      normal = [+0.5034, -0.7527, -0.4243]
      d = +3.1129   mirror_depth(perp) = 3.1129 m   view_z = 11.6999 m
      n_inliers = 241468/241468   rms_residual = 0.97881 m
  [RANSAC]
      normal = [+0.8513, +0.1096, -0.5131]
      d = +5.3793   mirror_depth(perp) = 5.3793 m   view_z = 11.6999 m
      n_inliers = 105085/241468   rms_residual = 0.02681 m
  [SVD robust (IRLS)]
      normal = [+0.5146, -0.7349, -0.4418]
      d = +3.3840   mirror_depth(perp) = 3.3840 m   view_z = 11.6999 m
      n_inliers = 23814/241468   rms_residual = 0.07269 m

[save] D:\Users\dust\Documents\학교\2026년도1학기\컴퓨터비전\실습\FoundationStereo\experiments\ds_v2_seed1/sunlight_v44\mirror_geometry\result.json
[save] D:\Users\dust\Documents\학교\2026년도1학기\컴퓨터비전\실습\FoundationStereo\experiments\ds_v2_seed1/sunlight_v44\mirror_geometry\plane.txt
[save] D:\Users\dust\Documents\학교\2026년도1학기\컴퓨터비전\실습\FoundationStereo\experiments\ds_v2_seed1/sunlight_v44\mirror_geometry\viz.png

DONE: D:\Users\dust\Documents\학교\2026년도1학기\컴퓨터비전\실습\FoundationStereo\experiments\ds_v2_seed1/sunlight_v44\mirror_geometry
[ds_v2_seed1/sunlight_v44] 거울 점 241468개 중 inlier 105085 (43.5%) / outlier 136383
  normal=[ 0.851  0.11  -0.513] d=5.379  rms(inlier)=0.0268 m  thr≈0.126 m
[save] D:\Users\dust\Documents\학교\2026년도1학기\컴퓨터비전\실습\FoundationStereo\experiments\ds_v2_seed1/sunlight_v44\mirror_geometry\ransac_inliers.png
[gt] sunlight_v44                 perp 7.35m planRMS 0.0547m  normal [-0.537, 0.116, -0.835]

생성 1, 건너뜀 0 (depth_gt/mask 없음 등)
[ds_v2_seed1/sunlight_v44] feature 184x320  mirror_frac=0.26212635869565215  feat_left=True
rank  signal              AUC    pol  sep     mean_in     mean_out
  1  feat_left_l2       0.5599   +  0.0957   17.424755   17.006871
  2  delta_conf         0.5504   +   0.104    0.356708    0.308193
  3  delta_argdisp      0.5503   +  0.0794    45.51082   40.593518
  4  pre_conf           0.5423   -  0.1022     0.36214    0.405291
  5  pre_entropy        0.5402   +  0.0412    2.098167    2.031392
  6  delta_entropy      0.5361   -  0.0332   -1.453319   -1.399695
  7  post_entropy       0.5309   +  0.0494    0.644848    0.631697
  8  feat_left_pc3      0.5175   +  0.0306    1.929405    1.840302
  9  feat_left_pc1      0.5109   +  0.0298    2.586471    2.491853
 10  post_conf          0.5102   +  0.0225    0.718847    0.713484
 11  feat_left_pc2      0.5065   -  0.0048    1.918071    1.931869
BEST: feat_left_l2 (AUC=0.5599, polarity=+)
저장: D:\Users\dust\Documents\학교\2026년도1학기\컴퓨터비전\실습\FoundationStereo\experiments\ds_v2_seed1/sunlight_v44\features\report.json / panels.png / mirror_signal.npy
[device] cuda
  [train] epoch 60/300  loss=0.5318
  [train] epoch 120/300  loss=0.3310
  [train] epoch 180/300  loss=0.2262
  [train] epoch 240/300  loss=0.1617
  [train] epoch 300/300  loss=0.1206

[VAL] scene=ds_v2_seed1/sunlight_v44  (pixel 70/30 split)
  AUC      = 0.9932
  IoU@0.5  = 0.8642
  F1@0.5   = 0.9272
  accuracy = 0.9602  (prec=0.8959, rec=0.9607)
  tp=4474 fp=520 fn=183 tn=12487

[save] D:\Users\dust\Documents\학교\2026년도1학기\컴퓨터비전\실습\FoundationStereo\experiments\ds_v2_seed1/sunlight_v44\submodel
  pred_mask.png, panel.png, metrics.json, head.pt
DONE: D:\Users\dust\Documents\학교\2026년도1학기\컴퓨터비전\실습\FoundationStereo\experiments\ds_v2_seed1/sunlight_v44\submodel
[device] cuda
[load] D:\Users\dust\Documents\학교\2026년도1학기\컴퓨터비전\실습\FoundationStereo\experiments\_model\general_head.pt  (train_scenes=['archiviz_baseline080', 'bedroom_baseline080', 'blue_bathroom_baseline080', 'computer_room_baseline080', 'cozy_living_room_baseline080', 'flat-archiviz_baseline080', 'green_house_baseline080', 'gym_baseline080', 'livingroom_baseline080', 'minimal_interior_baseline080', 'scandinavian_baseline080', 'sunlight_baseline080'])

[APPLY] ds_v2_seed1/sunlight_v44  (저장모델로 새 데이터 평가)
  AUC      = 0.9349
  IoU@0.5  = 0.6177
  F1@0.5   = 0.7637
  accuracy = 0.8699  (prec=0.7289, rec=0.8021)
  tp=12379 fp=4605 fn=3055 tn=38841
[save] D:\Users\dust\Documents\학교\2026년도1학기\컴퓨터비전\실습\FoundationStereo\experiments\ds_v2_seed1/sunlight_v44\submodel_applied  (pred_mask.png, panel.png, metrics.json)

============================================================
STEP: estimate_mirror_plane
============================================================

============================================================
STEP: viz_ransac_inliers
============================================================

============================================================
STEP: make_mirror_gt_from_depth
============================================================

============================================================
STEP: analyze_features
============================================================

============================================================
STEP: submodel_head
============================================================

============================================================
STEP: apply_submodel
============================================================

DONE: D:\Users\dust\Documents\학교\2026년도1학기\컴퓨터비전\실습\FoundationStereo\experiments\ds_v2_seed1/sunlight_v44 (ok)

##### [46/132] ds_v2_seed1/sunlight_v45  (done 12, fail 0, skip 33, elapsed 7m, ETA 53m) #####
[scene] ds_v2_seed1/sunlight_v45  size=1280x720
[select] mirror 점 개수 = 237361  (mask=237361, valid&depth = 903562)
[conf] mirror 영역 평균 confidence = 0.7195

=== 평면 추정 결과 ===
  [PCA (closed form)]
      normal = [+0.4508, -0.7937, -0.4085]
      d = +2.8895   mirror_depth(perp) = 2.8895 m   view_z = 11.8752 m
      n_inliers = 237361/237361   rms_residual = 0.99766 m
  [RANSAC]
      normal = [+0.8503, +0.0936, -0.5180]
      d = +5.2760   mirror_depth(perp) = 5.2760 m   view_z = 11.8752 m
      n_inliers = 98297/237361   rms_residual = 0.03094 m
  [SVD robust (IRLS)]
      normal = [+0.4846, -0.7556, -0.4407]
      d = +3.3134   mirror_depth(perp) = 3.3134 m   view_z = 11.8752 m
      n_inliers = 23831/237361   rms_residual = 0.07356 m

[save] D:\Users\dust\Documents\학교\2026년도1학기\컴퓨터비전\실습\FoundationStereo\experiments\ds_v2_seed1/sunlight_v45\mirror_geometry\result.json
[save] D:\Users\dust\Documents\학교\2026년도1학기\컴퓨터비전\실습\FoundationStereo\experiments\ds_v2_seed1/sunlight_v45\mirror_geometry\plane.txt
[save] D:\Users\dust\Documents\학교\2026년도1학기\컴퓨터비전\실습\FoundationStereo\experiments\ds_v2_seed1/sunlight_v45\mirror_geometry\viz.png

DONE: D:\Users\dust\Documents\학교\2026년도1학기\컴퓨터비전\실습\FoundationStereo\experiments\ds_v2_seed1/sunlight_v45\mirror_geometry
[ds_v2_seed1/sunlight_v45] 거울 점 237361개 중 inlier 98297 (41.4%) / outlier 139064
  normal=[ 0.85   0.094 -0.518] d=5.276  rms(inlier)=0.0309 m  thr≈0.127 m
[save] D:\Users\dust\Documents\학교\2026년도1학기\컴퓨터비전\실습\FoundationStereo\experiments\ds_v2_seed1/sunlight_v45\mirror_geometry\ransac_inliers.png
[gt] sunlight_v45                 perp 7.61m planRMS 0.0582m  normal [-0.529, 0.106, -0.842]

생성 1, 건너뜀 0 (depth_gt/mask 없음 등)
[ds_v2_seed1/sunlight_v45] feature 184x320  mirror_frac=0.2576086956521739  feat_left=True
rank  signal              AUC    pol  sep     mean_in     mean_out
  1  delta_conf         0.5762   +  0.1548    0.361164    0.288271
  2  feat_left_l2       0.5591   +  0.0917   17.402434   17.008005
  3  delta_argdisp      0.5546   +  0.0904   46.588014   40.939994
  4  pre_conf           0.5529   -  0.1257    0.358478    0.411646
  5  pre_entropy        0.5483   +  0.0563    2.109619    2.017306
  6  delta_entropy      0.5469   -  0.0549   -1.464214    -1.37433
  7  post_conf          0.5443   +  0.0819    0.719642    0.699917
  8  feat_left_pc1      0.5249   +  0.0599    2.632495    2.439483
  9  post_entropy       0.5235   +  0.0088    0.645405    0.642975
 10  feat_left_pc2      0.5158   +  0.0358    1.973303    1.866349
 11  feat_left_pc3      0.5075   +  0.0178    1.914963    1.862854
BEST: delta_conf (AUC=0.5762, polarity=+)
저장: D:\Users\dust\Documents\학교\2026년도1학기\컴퓨터비전\실습\FoundationStereo\experiments\ds_v2_seed1/sunlight_v45\features\report.json / panels.png / mirror_signal.npy
[device] cuda
  [train] epoch 60/300  loss=0.5319
  [train] epoch 120/300  loss=0.3303
  [train] epoch 180/300  loss=0.2226
  [train] epoch 240/300  loss=0.1571
  [train] epoch 300/300  loss=0.1159

[VAL] scene=ds_v2_seed1/sunlight_v45  (pixel 70/30 split)
  AUC      = 0.9944
  IoU@0.5  = 0.8683
  F1@0.5   = 0.9295
  accuracy = 0.9625  (prec=0.8961, rec=0.9655)
  tp=4365 fp=506 fn=156 tn=12637

[save] D:\Users\dust\Documents\학교\2026년도1학기\컴퓨터비전\실습\FoundationStereo\experiments\ds_v2_seed1/sunlight_v45\submodel
  pred_mask.png, panel.png, metrics.json, head.pt
DONE: D:\Users\dust\Documents\학교\2026년도1학기\컴퓨터비전\실습\FoundationStereo\experiments\ds_v2_seed1/sunlight_v45\submodel
[device] cuda
[load] D:\Users\dust\Documents\학교\2026년도1학기\컴퓨터비전\실습\FoundationStereo\experiments\_model\general_head.pt  (train_scenes=['archiviz_baseline080', 'bedroom_baseline080', 'blue_bathroom_baseline080', 'computer_room_baseline080', 'cozy_living_room_baseline080', 'flat-archiviz_baseline080', 'green_house_baseline080', 'gym_baseline080', 'livingroom_baseline080', 'minimal_interior_baseline080', 'scandinavian_baseline080', 'sunlight_baseline080'])

[APPLY] ds_v2_seed1/sunlight_v45  (저장모델로 새 데이터 평가)
  AUC      = 0.9339
  IoU@0.5  = 0.6093
  F1@0.5   = 0.7572
  accuracy = 0.8646  (prec=0.7036, rec=0.8197)
  tp=12433 fp=5238 fn=2735 tn=38474
[save] D:\Users\dust\Documents\학교\2026년도1학기\컴퓨터비전\실습\FoundationStereo\experiments\ds_v2_seed1/sunlight_v45\submodel_applied  (pred_mask.png, panel.png, metrics.json)

============================================================
STEP: estimate_mirror_plane
============================================================

============================================================
STEP: viz_ransac_inliers
============================================================

============================================================
STEP: make_mirror_gt_from_depth
============================================================

============================================================
STEP: analyze_features
============================================================

============================================================
STEP: submodel_head
============================================================

============================================================
STEP: apply_submodel
============================================================

DONE: D:\Users\dust\Documents\학교\2026년도1학기\컴퓨터비전\실습\FoundationStereo\experiments\ds_v2_seed1/sunlight_v45 (ok)

##### [47/132] ds_v2_seed1/sunlight_v46  (done 13, fail 0, skip 33, elapsed 8m, ETA 53m) #####
[scene] ds_v2_seed1/sunlight_v46  size=1280x720
[select] mirror 점 개수 = 169304  (mask=169304, valid&depth = 903035)
[conf] mirror 영역 평균 confidence = 0.7034

=== 평면 추정 결과 ===
  [PCA (closed form)]
      normal = [+0.2922, -0.8096, -0.5091]
      d = +3.5874   mirror_depth(perp) = 3.5874 m   view_z = 11.7186 m
      n_inliers = 169304/169304   rms_residual = 0.53238 m
  [RANSAC]
      normal = [+0.8052, +0.1322, -0.5780]
      d = +5.8655   mirror_depth(perp) = 5.8655 m   view_z = 11.7186 m
      n_inliers = 72612/169304   rms_residual = 0.03323 m
  [SVD robust (IRLS)]
      normal = [+0.2907, -0.8192, -0.4943]
      d = +3.3722   mirror_depth(perp) = 3.3722 m   view_z = 11.7186 m
      n_inliers = 29221/169304   rms_residual = 0.06781 m

[save] D:\Users\dust\Documents\학교\2026년도1학기\컴퓨터비전\실습\FoundationStereo\experiments\ds_v2_seed1/sunlight_v46\mirror_geometry\result.json
[save] D:\Users\dust\Documents\학교\2026년도1학기\컴퓨터비전\실습\FoundationStereo\experiments\ds_v2_seed1/sunlight_v46\mirror_geometry\plane.txt
[save] D:\Users\dust\Documents\학교\2026년도1학기\컴퓨터비전\실습\FoundationStereo\experiments\ds_v2_seed1/sunlight_v46\mirror_geometry\viz.png

DONE: D:\Users\dust\Documents\학교\2026년도1학기\컴퓨터비전\실습\FoundationStereo\experiments\ds_v2_seed1/sunlight_v46\mirror_geometry
[ds_v2_seed1/sunlight_v46] 거울 점 169304개 중 inlier 72612 (42.9%) / outlier 96692
  normal=[ 0.805  0.132 -0.578] d=5.866  rms(inlier)=0.0332 m  thr≈0.117 m
[save] D:\Users\dust\Documents\학교\2026년도1학기\컴퓨터비전\실습\FoundationStereo\experiments\ds_v2_seed1/sunlight_v46\mirror_geometry\ransac_inliers.png
[gt] sunlight_v46                 perp 7.61m planRMS 0.0675m  normal [-0.579, 0.226, -0.783]

생성 1, 건너뜀 0 (depth_gt/mask 없음 등)
[ds_v2_seed1/sunlight_v46] feature 184x320  mirror_frac=0.1848335597826087  feat_left=True
rank  signal              AUC    pol  sep     mean_in     mean_out
  1  pre_entropy        0.5924   +  0.1256     2.21772    2.006497
  2  pre_conf           0.5851   -  0.1766    0.339771    0.415178
  3  post_entropy        0.584   +  0.1045    0.648602     0.61936
  4  delta_entropy      0.5827   -  0.1093   -1.569118   -1.387137
  5  delta_conf         0.5679   +  0.1394    0.363644    0.298341
  6  delta_argdisp      0.5365   +  0.0594   47.837545   44.101131
  7  feat_left_pc1      0.5358   -  0.0586    2.380067    2.562057
  8  feat_left_l2       0.5313   +  0.0343   17.252816   17.114252
  9  post_conf          0.5242   -  0.0404    0.703414    0.713519
 10  feat_left_pc3      0.5093   +  0.0128    1.895075    1.858776
 11  feat_left_pc2      0.5039   +  0.0041    1.861946    1.849837
BEST: pre_entropy (AUC=0.5924, polarity=+)
저장: D:\Users\dust\Documents\학교\2026년도1학기\컴퓨터비전\실습\FoundationStereo\experiments\ds_v2_seed1/sunlight_v46\features\report.json / panels.png / mirror_signal.npy
[device] cuda
  [train] epoch 60/300  loss=0.5865
  [train] epoch 120/300  loss=0.3808
  [train] epoch 180/300  loss=0.2654
  [train] epoch 240/300  loss=0.1909
  [train] epoch 300/300  loss=0.1417

[VAL] scene=ds_v2_seed1/sunlight_v46  (pixel 70/30 split)
  AUC      = 0.9913
  IoU@0.5  = 0.7941
  F1@0.5   = 0.8852
  accuracy = 0.9543  (prec=0.8263, rec=0.9532)
  tp=3116 fp=655 fn=153 tn=13740

[save] D:\Users\dust\Documents\학교\2026년도1학기\컴퓨터비전\실습\FoundationStereo\experiments\ds_v2_seed1/sunlight_v46\submodel
  pred_mask.png, panel.png, metrics.json, head.pt
DONE: D:\Users\dust\Documents\학교\2026년도1학기\컴퓨터비전\실습\FoundationStereo\experiments\ds_v2_seed1/sunlight_v46\submodel
[device] cuda
[load] D:\Users\dust\Documents\학교\2026년도1학기\컴퓨터비전\실습\FoundationStereo\experiments\_model\general_head.pt  (train_scenes=['archiviz_baseline080', 'bedroom_baseline080', 'blue_bathroom_baseline080', 'computer_room_baseline080', 'cozy_living_room_baseline080', 'flat-archiviz_baseline080', 'green_house_baseline080', 'gym_baseline080', 'livingroom_baseline080', 'minimal_interior_baseline080', 'scandinavian_baseline080', 'sunlight_baseline080'])

[APPLY] ds_v2_seed1/sunlight_v46  (저장모델로 새 데이터 평가)
  AUC      = 0.9456
  IoU@0.5  = 0.5514
  F1@0.5   = 0.7108
  accuracy = 0.8703  (prec=0.6044, rec=0.8627)
  tp=9389 fp=6145 fn=1494 tn=41852
[save] D:\Users\dust\Documents\학교\2026년도1학기\컴퓨터비전\실습\FoundationStereo\experiments\ds_v2_seed1/sunlight_v46\submodel_applied  (pred_mask.png, panel.png, metrics.json)

============================================================
STEP: estimate_mirror_plane
============================================================

============================================================
STEP: viz_ransac_inliers
============================================================

============================================================
STEP: make_mirror_gt_from_depth
============================================================

============================================================
STEP: analyze_features
============================================================

============================================================
STEP: submodel_head
============================================================

============================================================
STEP: apply_submodel
============================================================

DONE: D:\Users\dust\Documents\학교\2026년도1학기\컴퓨터비전\실습\FoundationStereo\experiments\ds_v2_seed1/sunlight_v46 (ok)

##### [48/132] ds_v2_seed1/sunlight_v47  (done 14, fail 0, skip 33, elapsed 9m, ETA 53m) #####
[scene] ds_v2_seed1/sunlight_v47  size=1280x720
[select] mirror 점 개수 = 70946  (mask=70946, valid&depth = 902804)
[conf] mirror 영역 평균 confidence = 0.6996

=== 평면 추정 결과 ===
  [PCA (closed form)]
      normal = [+0.4320, -0.5699, -0.6990]
      d = +4.0170   mirror_depth(perp) = 4.0170 m   view_z = 9.6227 m
      n_inliers = 70946/70946   rms_residual = 0.34368 m
  [RANSAC]
      normal = [+0.6187, +0.1518, -0.7708]
      d = +5.7882   mirror_depth(perp) = 5.7882 m   view_z = 9.6227 m
      n_inliers = 33321/70946   rms_residual = 0.03584 m
  [SVD robust (IRLS)]
      normal = [+0.5095, -0.4347, -0.7426]
      d = +4.4210   mirror_depth(perp) = 4.4210 m   view_z = 9.6227 m
      n_inliers = 13926/70946   rms_residual = 0.04313 m

[save] D:\Users\dust\Documents\학교\2026년도1학기\컴퓨터비전\실습\FoundationStereo\experiments\ds_v2_seed1/sunlight_v47\mirror_geometry\result.json
[save] D:\Users\dust\Documents\학교\2026년도1학기\컴퓨터비전\실습\FoundationStereo\experiments\ds_v2_seed1/sunlight_v47\mirror_geometry\plane.txt
[save] D:\Users\dust\Documents\학교\2026년도1학기\컴퓨터비전\실습\FoundationStereo\experiments\ds_v2_seed1/sunlight_v47\mirror_geometry\viz.png

DONE: D:\Users\dust\Documents\학교\2026년도1학기\컴퓨터비전\실습\FoundationStereo\experiments\ds_v2_seed1/sunlight_v47\mirror_geometry
[ds_v2_seed1/sunlight_v47] 거울 점 70946개 중 inlier 33321 (47.0%) / outlier 37625
  normal=[ 0.619  0.152 -0.771] d=5.788  rms(inlier)=0.0358 m  thr≈0.075 m
[save] D:\Users\dust\Documents\학교\2026년도1학기\컴퓨터비전\실습\FoundationStereo\experiments\ds_v2_seed1/sunlight_v47\mirror_geometry\ransac_inliers.png
[gt] sunlight_v47                 perp 7.29m planRMS 0.1060m  normal [-0.769, 0.244, -0.591]

생성 1, 건너뜀 0 (depth_gt/mask 없음 등)
[ds_v2_seed1/sunlight_v47] feature 184x320  mirror_frac=0.07742866847826087  feat_left=True
rank  signal              AUC    pol  sep     mean_in     mean_out
  1  pre_entropy        0.6736   +  0.2873    2.366582    1.905296
  2  feat_left_pc1      0.6664   -  0.3415    1.658416    2.588234
  3  delta_entropy      0.6625   -  0.2694   -1.731899   -1.298817
  4  pre_conf           0.6558   -   0.288    0.311862    0.431979
  5  delta_conf          0.605   +  0.1952    0.386893    0.291974
  6  feat_left_l2       0.5903   +   0.126   17.546966     17.0616
  7  post_entropy       0.5755   +  0.1165    0.634683     0.60648
  8  post_conf          0.5622   -  0.1019    0.698755    0.723953
  9  delta_argdisp      0.5492   +  0.0638   44.354025   40.469413
 10  feat_left_pc3      0.5286   +  0.0522    1.997262    1.845454
 11  feat_left_pc2      0.5194   +  0.0356    1.957971    1.852162
BEST: pre_entropy (AUC=0.6736, polarity=+)
저장: D:\Users\dust\Documents\학교\2026년도1학기\컴퓨터비전\실습\FoundationStereo\experiments\ds_v2_seed1/sunlight_v47\features\report.json / panels.png / mirror_signal.npy
[device] cuda
  [train] epoch 60/300  loss=0.5605
  [train] epoch 120/300  loss=0.3690
  [train] epoch 180/300  loss=0.2613
  [train] epoch 240/300  loss=0.1881
  [train] epoch 300/300  loss=0.1388

[VAL] scene=ds_v2_seed1/sunlight_v47  (pixel 70/30 split)
  AUC      = 0.9901
  IoU@0.5  = 0.6326
  F1@0.5   = 0.7750
  accuracy = 0.9573  (prec=0.6513, rec=0.9566)
  tp=1300 fp=696 fn=59 tn=15609

[save] D:\Users\dust\Documents\학교\2026년도1학기\컴퓨터비전\실습\FoundationStereo\experiments\ds_v2_seed1/sunlight_v47\submodel
  pred_mask.png, panel.png, metrics.json, head.pt
DONE: D:\Users\dust\Documents\학교\2026년도1학기\컴퓨터비전\실습\FoundationStereo\experiments\ds_v2_seed1/sunlight_v47\submodel
[device] cuda
[load] D:\Users\dust\Documents\학교\2026년도1학기\컴퓨터비전\실습\FoundationStereo\experiments\_model\general_head.pt  (train_scenes=['archiviz_baseline080', 'bedroom_baseline080', 'blue_bathroom_baseline080', 'computer_room_baseline080', 'cozy_living_room_baseline080', 'flat-archiviz_baseline080', 'green_house_baseline080', 'gym_baseline080', 'livingroom_baseline080', 'minimal_interior_baseline080', 'scandinavian_baseline080', 'sunlight_baseline080'])

[APPLY] ds_v2_seed1/sunlight_v47  (저장모델로 새 데이터 평가)
  AUC      = 0.9588
  IoU@0.5  = 0.3856
  F1@0.5   = 0.5566
  accuracy = 0.8886  (prec=0.4023, rec=0.9028)
  tp=4116 fp=6114 fn=443 tn=48207
[save] D:\Users\dust\Documents\학교\2026년도1학기\컴퓨터비전\실습\FoundationStereo\experiments\ds_v2_seed1/sunlight_v47\submodel_applied  (pred_mask.png, panel.png, metrics.json)

============================================================
STEP: estimate_mirror_plane
============================================================

============================================================
STEP: viz_ransac_inliers
============================================================

============================================================
STEP: make_mirror_gt_from_depth
============================================================

============================================================
STEP: analyze_features
============================================================

============================================================
STEP: submodel_head
============================================================

============================================================
STEP: apply_submodel
============================================================

DONE: D:\Users\dust\Documents\학교\2026년도1학기\컴퓨터비전\실습\FoundationStereo\experiments\ds_v2_seed1/sunlight_v47 (ok)

##### [49/132] ds_v2_seed1/sunlight_v48  (done 15, fail 0, skip 33, elapsed 9m, ETA 51m) #####
[scene] ds_v2_seed1/sunlight_v48  size=1280x720
[select] mirror 점 개수 = 202650  (mask=202650, valid&depth = 906765)
[conf] mirror 영역 평균 confidence = 0.7297

=== 평면 추정 결과 ===
  [PCA (closed form)]
      normal = [+0.5903, -0.7085, -0.3866]
      d = +3.7175   mirror_depth(perp) = 3.7175 m   view_z = 12.2074 m
      n_inliers = 202650/202650   rms_residual = 0.92639 m
  [RANSAC]
      normal = [+0.8836, +0.0589, -0.4645]
      d = +5.7419   mirror_depth(perp) = 5.7419 m   view_z = 12.2074 m
      n_inliers = 93496/202650   rms_residual = 0.04693 m
  [SVD robust (IRLS)]
      normal = [+0.6120, -0.6740, -0.4138]
      d = +4.1477   mirror_depth(perp) = 4.1477 m   view_z = 12.2074 m
      n_inliers = 19701/202650   rms_residual = 0.06800 m

[save] D:\Users\dust\Documents\학교\2026년도1학기\컴퓨터비전\실습\FoundationStereo\experiments\ds_v2_seed1/sunlight_v48\mirror_geometry\result.json
[save] D:\Users\dust\Documents\학교\2026년도1학기\컴퓨터비전\실습\FoundationStereo\experiments\ds_v2_seed1/sunlight_v48\mirror_geometry\plane.txt
[save] D:\Users\dust\Documents\학교\2026년도1학기\컴퓨터비전\실습\FoundationStereo\experiments\ds_v2_seed1/sunlight_v48\mirror_geometry\viz.png

DONE: D:\Users\dust\Documents\학교\2026년도1학기\컴퓨터비전\실습\FoundationStereo\experiments\ds_v2_seed1/sunlight_v48\mirror_geometry
[ds_v2_seed1/sunlight_v48] 거울 점 202650개 중 inlier 93496 (46.1%) / outlier 109154
  normal=[ 0.884  0.059 -0.464] d=5.742  rms(inlier)=0.0469 m  thr≈0.117 m
[save] D:\Users\dust\Documents\학교\2026년도1학기\컴퓨터비전\실습\FoundationStereo\experiments\ds_v2_seed1/sunlight_v48\mirror_geometry\ransac_inliers.png
[gt] sunlight_v48                 perp 7.80m planRMS 0.0594m  normal [-0.471, 0.074, -0.879]

생성 1, 건너뜀 0 (depth_gt/mask 없음 등)
[ds_v2_seed1/sunlight_v48] feature 184x320  mirror_frac=0.21956521739130436  feat_left=True
rank  signal              AUC    pol  sep     mean_in     mean_out
  1  delta_conf          0.593   +   0.169    0.370572    0.291348
  2  post_conf          0.5921   +  0.1648    0.730188    0.690831
  3  post_entropy       0.5886   -  0.2138    0.630343    0.696969
  4  delta_entropy      0.5725   -  0.0894   -1.477504   -1.333541
  5  feat_left_pc1      0.5601   -  0.1203     2.27704    2.642853
  6  feat_left_l2       0.5495   +  0.0738   17.443839   17.119617
  7  pre_entropy        0.5444   +  0.0483    2.107847    2.030509
  8  delta_argdisp      0.5431   +  0.0762   48.235149   43.519303
  9  pre_conf           0.5409   -  0.0954    0.359616    0.399483
 10  feat_left_pc2      0.5316   -  0.0479    1.853016      1.9886
 11  feat_left_pc3      0.5018   -  0.0008    1.890902    1.893208
BEST: delta_conf (AUC=0.593, polarity=+)
저장: D:\Users\dust\Documents\학교\2026년도1학기\컴퓨터비전\실습\FoundationStereo\experiments\ds_v2_seed1/sunlight_v48\features\report.json / panels.png / mirror_signal.npy
[device] cuda
  [train] epoch 60/300  loss=0.5463
  [train] epoch 120/300  loss=0.3308
  [train] epoch 180/300  loss=0.2143
  [train] epoch 240/300  loss=0.1457
  [train] epoch 300/300  loss=0.1046

[VAL] scene=ds_v2_seed1/sunlight_v48  (pixel 70/30 split)
  AUC      = 0.9961
  IoU@0.5  = 0.8786
  F1@0.5   = 0.9354
  accuracy = 0.9710  (prec=0.8995, rec=0.9743)
  tp=3714 fp=415 fn=98 tn=13437

[save] D:\Users\dust\Documents\학교\2026년도1학기\컴퓨터비전\실습\FoundationStereo\experiments\ds_v2_seed1/sunlight_v48\submodel
  pred_mask.png, panel.png, metrics.json, head.pt
DONE: D:\Users\dust\Documents\학교\2026년도1학기\컴퓨터비전\실습\FoundationStereo\experiments\ds_v2_seed1/sunlight_v48\submodel
[device] cuda
[load] D:\Users\dust\Documents\학교\2026년도1학기\컴퓨터비전\실습\FoundationStereo\experiments\_model\general_head.pt  (train_scenes=['archiviz_baseline080', 'bedroom_baseline080', 'blue_bathroom_baseline080', 'computer_room_baseline080', 'cozy_living_room_baseline080', 'flat-archiviz_baseline080', 'green_house_baseline080', 'gym_baseline080', 'livingroom_baseline080', 'minimal_interior_baseline080', 'scandinavian_baseline080', 'sunlight_baseline080'])

[APPLY] ds_v2_seed1/sunlight_v48  (저장모델로 새 데이터 평가)
  AUC      = 0.9442
  IoU@0.5  = 0.6051
  F1@0.5   = 0.7540
  accuracy = 0.8758  (prec=0.6673, rec=0.8665)
  tp=11202 fp=5585 fn=1726 tn=40367
[save] D:\Users\dust\Documents\학교\2026년도1학기\컴퓨터비전\실습\FoundationStereo\experiments\ds_v2_seed1/sunlight_v48\submodel_applied  (pred_mask.png, panel.png, metrics.json)

============================================================
STEP: estimate_mirror_plane
============================================================

============================================================
STEP: viz_ransac_inliers
============================================================

============================================================
STEP: make_mirror_gt_from_depth
============================================================

============================================================
STEP: analyze_features
============================================================

============================================================
STEP: submodel_head
============================================================

============================================================
STEP: apply_submodel
============================================================

DONE: D:\Users\dust\Documents\학교\2026년도1학기\컴퓨터비전\실습\FoundationStereo\experiments\ds_v2_seed1/sunlight_v48 (ok)

##### [50/132] ds_v2_seed1/sunlight_v49  (done 16, fail 0, skip 33, elapsed 10m, ETA 50m) #####
[scene] ds_v2_seed1/sunlight_v49  size=1280x720
[select] mirror 점 개수 = 220736  (mask=220736, valid&depth = 905117)
[conf] mirror 영역 평균 confidence = 0.7159

=== 평면 추정 결과 ===
  [PCA (closed form)]
      normal = [+0.5812, -0.5700, -0.5808]
      d = +4.0237   mirror_depth(perp) = 4.0237 m   view_z = 11.3756 m
      n_inliers = 220736/220736   rms_residual = 0.82218 m
  [RANSAC]
      normal = [+0.7339, +0.0656, -0.6761]
      d = +5.7213   mirror_depth(perp) = 5.7213 m   view_z = 11.3756 m
      n_inliers = 105390/220736   rms_residual = 0.04324 m
  [SVD robust (IRLS)]
      normal = [+0.6155, -0.4667, -0.6351]
      d = +4.7403   mirror_depth(perp) = 4.7403 m   view_z = 11.3756 m
      n_inliers = 31225/220736   rms_residual = 0.06918 m

[save] D:\Users\dust\Documents\학교\2026년도1학기\컴퓨터비전\실습\FoundationStereo\experiments\ds_v2_seed1/sunlight_v49\mirror_geometry\result.json
[save] D:\Users\dust\Documents\학교\2026년도1학기\컴퓨터비전\실습\FoundationStereo\experiments\ds_v2_seed1/sunlight_v49\mirror_geometry\plane.txt
[save] D:\Users\dust\Documents\학교\2026년도1학기\컴퓨터비전\실습\FoundationStereo\experiments\ds_v2_seed1/sunlight_v49\mirror_geometry\viz.png

DONE: D:\Users\dust\Documents\학교\2026년도1학기\컴퓨터비전\실습\FoundationStereo\experiments\ds_v2_seed1/sunlight_v49\mirror_geometry
[ds_v2_seed1/sunlight_v49] 거울 점 220736개 중 inlier 105390 (47.7%) / outlier 115346
  normal=[ 0.734  0.066 -0.676] d=5.721  rms(inlier)=0.0432 m  thr≈0.120 m
[save] D:\Users\dust\Documents\학교\2026년도1학기\컴퓨터비전\실습\FoundationStereo\experiments\ds_v2_seed1/sunlight_v49\mirror_geometry\ransac_inliers.png
[gt] sunlight_v49                 perp 7.56m planRMS 0.0565m  normal [-0.681, 0.111, -0.724]

생성 1, 건너뜀 0 (depth_gt/mask 없음 등)
[ds_v2_seed1/sunlight_v49] feature 184x320  mirror_frac=0.2383491847826087  feat_left=True
rank  signal              AUC    pol  sep     mean_in     mean_out
  1  delta_conf         0.5788   +    0.16     0.36859    0.294588
  2  pre_conf           0.5729   -  0.1524    0.347165    0.409998
  3  pre_entropy        0.5694   +  0.0922    2.177924     2.03124
  4  delta_entropy      0.5642   -  0.0896   -1.543331   -1.401665
  5  delta_argdisp      0.5502   +  0.0887   46.673222   41.059314
  6  post_entropy       0.5332   +  0.0194    0.634593    0.629574
  7  post_conf          0.5242   +   0.046    0.715755    0.704586
  8  feat_left_pc2      0.5069   +  0.0057    1.918623    1.901357
  9  feat_left_pc1      0.5058   -  0.0154     2.47645    2.525129
 10  feat_left_pc3      0.5007   +  0.0046    1.879687    1.892961
 11  feat_left_l2       0.5004   -  0.0142    16.96178   17.020851
BEST: delta_conf (AUC=0.5788, polarity=+)
저장: D:\Users\dust\Documents\학교\2026년도1학기\컴퓨터비전\실습\FoundationStereo\experiments\ds_v2_seed1/sunlight_v49\features\report.json / panels.png / mirror_signal.npy
[device] cuda
  [train] epoch 60/300  loss=0.5779
  [train] epoch 120/300  loss=0.3679
  [train] epoch 180/300  loss=0.2488
  [train] epoch 240/300  loss=0.1792
  [train] epoch 300/300  loss=0.1354

[VAL] scene=ds_v2_seed1/sunlight_v49  (pixel 70/30 split)
  AUC      = 0.9901
  IoU@0.5  = 0.8289
  F1@0.5   = 0.9064
  accuracy = 0.9541  (prec=0.8710, rec=0.9449)
  tp=3928 fp=582 fn=229 tn=12925

[save] D:\Users\dust\Documents\학교\2026년도1학기\컴퓨터비전\실습\FoundationStereo\experiments\ds_v2_seed1/sunlight_v49\submodel
  pred_mask.png, panel.png, metrics.json, head.pt
DONE: D:\Users\dust\Documents\학교\2026년도1학기\컴퓨터비전\실습\FoundationStereo\experiments\ds_v2_seed1/sunlight_v49\submodel
[device] cuda
[load] D:\Users\dust\Documents\학교\2026년도1학기\컴퓨터비전\실습\FoundationStereo\experiments\_model\general_head.pt  (train_scenes=['archiviz_baseline080', 'bedroom_baseline080', 'blue_bathroom_baseline080', 'computer_room_baseline080', 'cozy_living_room_baseline080', 'flat-archiviz_baseline080', 'green_house_baseline080', 'gym_baseline080', 'livingroom_baseline080', 'minimal_interior_baseline080', 'scandinavian_baseline080', 'sunlight_baseline080'])

[APPLY] ds_v2_seed1/sunlight_v49  (저장모델로 새 데이터 평가)
  AUC      = 0.9398
  IoU@0.5  = 0.6115
  F1@0.5   = 0.7589
  accuracy = 0.8756  (prec=0.7055, rec=0.8211)
  tp=11523 fp=4811 fn=2511 tn=40035
[save] D:\Users\dust\Documents\학교\2026년도1학기\컴퓨터비전\실습\FoundationStereo\experiments\ds_v2_seed1/sunlight_v49\submodel_applied  (pred_mask.png, panel.png, metrics.json)

============================================================
STEP: estimate_mirror_plane
============================================================

============================================================
STEP: viz_ransac_inliers
============================================================

============================================================
STEP: make_mirror_gt_from_depth
============================================================

============================================================
STEP: analyze_features
============================================================

============================================================
STEP: submodel_head
============================================================

============================================================
STEP: apply_submodel
============================================================

DONE: D:\Users\dust\Documents\학교\2026년도1학기\컴퓨터비전\실습\FoundationStereo\experiments\ds_v2_seed1/sunlight_v49 (ok)

##### [51/132] ds_v2_seed1/sunlight_v50  (done 17, fail 0, skip 33, elapsed 10m, ETA 50m) #####
[scene] ds_v2_seed1/sunlight_v50  size=1280x720
[select] mirror 점 개수 = 149106  (mask=149106, valid&depth = 903359)
[conf] mirror 영역 평균 confidence = 0.7010

=== 평면 추정 결과 ===
  [PCA (closed form)]
      normal = [+0.3056, -0.8303, -0.4660]
      d = +3.4188   mirror_depth(perp) = 3.4188 m   view_z = 11.9363 m
      n_inliers = 149106/149106   rms_residual = 0.51348 m
  [RANSAC]
      normal = [+0.8745, +0.1294, -0.4675]
      d = +5.7735   mirror_depth(perp) = 5.7735 m   view_z = 11.9363 m
      n_inliers = 61443/149106   rms_residual = 0.02979 m
  [SVD robust (IRLS)]
      normal = [+0.3136, -0.8337, -0.4545]
      d = +3.2395   mirror_depth(perp) = 3.2395 m   view_z = 11.9363 m
      n_inliers = 28078/149106   rms_residual = 0.06693 m

[save] D:\Users\dust\Documents\학교\2026년도1학기\컴퓨터비전\실습\FoundationStereo\experiments\ds_v2_seed1/sunlight_v50\mirror_geometry\result.json
[save] D:\Users\dust\Documents\학교\2026년도1학기\컴퓨터비전\실습\FoundationStereo\experiments\ds_v2_seed1/sunlight_v50\mirror_geometry\plane.txt
[save] D:\Users\dust\Documents\학교\2026년도1학기\컴퓨터비전\실습\FoundationStereo\experiments\ds_v2_seed1/sunlight_v50\mirror_geometry\viz.png

DONE: D:\Users\dust\Documents\학교\2026년도1학기\컴퓨터비전\실습\FoundationStereo\experiments\ds_v2_seed1/sunlight_v50\mirror_geometry
[ds_v2_seed1/sunlight_v50] 거울 점 149106개 중 inlier 61443 (41.2%) / outlier 87663
  normal=[ 0.874  0.129 -0.468] d=5.774  rms(inlier)=0.0298 m  thr≈0.115 m
[save] D:\Users\dust\Documents\학교\2026년도1학기\컴퓨터비전\실습\FoundationStereo\experiments\ds_v2_seed1/sunlight_v50\mirror_geometry\ransac_inliers.png
[gt] sunlight_v50                 perp 7.77m planRMS 0.0743m  normal [-0.474, 0.237, -0.848]

생성 1, 건너뜀 0 (depth_gt/mask 없음 등)
[ds_v2_seed1/sunlight_v50] feature 184x320  mirror_frac=0.16338315217391305  feat_left=True
rank  signal              AUC    pol  sep     mean_in     mean_out
  1  feat_left_l2       0.6218   +   0.183   17.799874   17.033157
  2  post_entropy       0.5768   +  0.0642    0.650356    0.632327
  3  pre_entropy        0.5728   +  0.0908    2.160995    2.012588
  4  feat_left_pc1       0.571   -  0.1192     2.25708      2.6164
  5  pre_conf           0.5701   -  0.1465     0.34772    0.409179
  6  delta_entropy      0.5684   -    0.08   -1.510639   -1.380261
  7  delta_conf         0.5469   +  0.0951    0.353417    0.308695
  8  post_conf          0.5425   -  0.0703    0.701137    0.717874
  9  feat_left_pc3      0.5395   +  0.0702    2.006243     1.79657
 10  delta_argdisp      0.5369   +  0.0624   47.732848   43.852111
 11  feat_left_pc2       0.502   -  0.0029     1.92597    1.917731
BEST: feat_left_l2 (AUC=0.6218, polarity=+)
저장: D:\Users\dust\Documents\학교\2026년도1학기\컴퓨터비전\실습\FoundationStereo\experiments\ds_v2_seed1/sunlight_v50\features\report.json / panels.png / mirror_signal.npy
[device] cuda
  [train] epoch 60/300  loss=0.5842
  [train] epoch 120/300  loss=0.3872
  [train] epoch 180/300  loss=0.2737
  [train] epoch 240/300  loss=0.1971
  [train] epoch 300/300  loss=0.1451

[VAL] scene=ds_v2_seed1/sunlight_v50  (pixel 70/30 split)
  AUC      = 0.9924
  IoU@0.5  = 0.7902
  F1@0.5   = 0.8828
  accuracy = 0.9584  (prec=0.8168, rec=0.9604)
  tp=2768 fp=621 fn=114 tn=14161

[save] D:\Users\dust\Documents\학교\2026년도1학기\컴퓨터비전\실습\FoundationStereo\experiments\ds_v2_seed1/sunlight_v50\submodel
  pred_mask.png, panel.png, metrics.json, head.pt
DONE: D:\Users\dust\Documents\학교\2026년도1학기\컴퓨터비전\실습\FoundationStereo\experiments\ds_v2_seed1/sunlight_v50\submodel
[device] cuda
[load] D:\Users\dust\Documents\학교\2026년도1학기\컴퓨터비전\실습\FoundationStereo\experiments\_model\general_head.pt  (train_scenes=['archiviz_baseline080', 'bedroom_baseline080', 'blue_bathroom_baseline080', 'computer_room_baseline080', 'cozy_living_room_baseline080', 'flat-archiviz_baseline080', 'green_house_baseline080', 'gym_baseline080', 'livingroom_baseline080', 'minimal_interior_baseline080', 'scandinavian_baseline080', 'sunlight_baseline080'])

[APPLY] ds_v2_seed1/sunlight_v50  (저장모델로 새 데이터 평가)
  AUC      = 0.9429
  IoU@0.5  = 0.4940
  F1@0.5   = 0.6613
  accuracy = 0.8516  (prec=0.5273, rec=0.8865)
  tp=8528 fp=7644 fn=1092 tn=41616
[save] D:\Users\dust\Documents\학교\2026년도1학기\컴퓨터비전\실습\FoundationStereo\experiments\ds_v2_seed1/sunlight_v50\submodel_applied  (pred_mask.png, panel.png, metrics.json)

============================================================
STEP: estimate_mirror_plane
============================================================

============================================================
STEP: viz_ransac_inliers
============================================================

============================================================
STEP: make_mirror_gt_from_depth
============================================================

============================================================
STEP: analyze_features
============================================================

============================================================
STEP: submodel_head
============================================================

============================================================
STEP: apply_submodel
============================================================

DONE: D:\Users\dust\Documents\학교\2026년도1학기\컴퓨터비전\실습\FoundationStereo\experiments\ds_v2_seed1/sunlight_v50 (ok)

##### [52/132] ds_v2_seed1/sunlight_v51  (done 18, fail 0, skip 33, elapsed 11m, ETA 49m) #####
[scene] ds_v2_seed1/sunlight_v51  size=1280x720
[select] mirror 점 개수 = 169028  (mask=169028, valid&depth = 902194)
[conf] mirror 영역 평균 confidence = 0.7009

=== 평면 추정 결과 ===
  [PCA (closed form)]
      normal = [+0.1807, -0.8556, -0.4850]
      d = +3.0978   mirror_depth(perp) = 3.0978 m   view_z = 10.8921 m
      n_inliers = 169028/169028   rms_residual = 0.49972 m
  [RANSAC]
      normal = [+0.7751, +0.1475, -0.6144]
      d = +5.7080   mirror_depth(perp) = 5.7080 m   view_z = 10.8921 m
      n_inliers = 65980/169028   rms_residual = 0.03730 m
  [SVD robust (IRLS)]
      normal = [+0.2010, -0.8506, -0.4859]
      d = +3.0362   mirror_depth(perp) = 3.0362 m   view_z = 10.8921 m
      n_inliers = 28937/169028   rms_residual = 0.06266 m

[save] D:\Users\dust\Documents\학교\2026년도1학기\컴퓨터비전\실습\FoundationStereo\experiments\ds_v2_seed1/sunlight_v51\mirror_geometry\result.json
[save] D:\Users\dust\Documents\학교\2026년도1학기\컴퓨터비전\실습\FoundationStereo\experiments\ds_v2_seed1/sunlight_v51\mirror_geometry\plane.txt
[save] D:\Users\dust\Documents\학교\2026년도1학기\컴퓨터비전\실습\FoundationStereo\experiments\ds_v2_seed1/sunlight_v51\mirror_geometry\viz.png

DONE: D:\Users\dust\Documents\학교\2026년도1학기\컴퓨터비전\실습\FoundationStereo\experiments\ds_v2_seed1/sunlight_v51\mirror_geometry
[ds_v2_seed1/sunlight_v51] 거울 점 169028개 중 inlier 65980 (39.0%) / outlier 103048
  normal=[ 0.775  0.147 -0.614] d=5.708  rms(inlier)=0.0373 m  thr≈0.108 m
[save] D:\Users\dust\Documents\학교\2026년도1학기\컴퓨터비전\실습\FoundationStereo\experiments\ds_v2_seed1/sunlight_v51\mirror_geometry\ransac_inliers.png
[gt] sunlight_v51                 perp 7.29m planRMS 0.0684m  normal [-0.624, 0.227, -0.748]

생성 1, 건너뜀 0 (depth_gt/mask 없음 등)
[ds_v2_seed1/sunlight_v51] feature 184x320  mirror_frac=0.18464673913043478  feat_left=True
rank  signal              AUC    pol  sep     mean_in     mean_out
  1  post_entropy       0.6164   +  0.1805    0.645966    0.601895
  2  pre_entropy        0.5824   +  0.1068    2.174901    1.997938
  3  pre_conf            0.577   -  0.1621    0.348218    0.416645
  4  delta_entropy      0.5641   -  0.0809   -1.528936   -1.396043
  5  post_conf          0.5539   -  0.0911    0.700658    0.722351
  6  feat_left_l2       0.5527   +  0.0787   17.272994   16.948363
  7  delta_conf         0.5403   +  0.0986    0.352439    0.305706
  8  delta_argdisp      0.5294   +  0.0461   46.511221   43.612752
  9  feat_left_pc3      0.5232   +  0.0367    1.927643    1.822795
 10  feat_left_pc2      0.5214   +  0.0328    1.932706    1.836422
 11  feat_left_pc1      0.5198   -  0.0203    2.459932    2.525772
BEST: post_entropy (AUC=0.6164, polarity=+)
저장: D:\Users\dust\Documents\학교\2026년도1학기\컴퓨터비전\실습\FoundationStereo\experiments\ds_v2_seed1/sunlight_v51\features\report.json / panels.png / mirror_signal.npy
[device] cuda
  [train] epoch 60/300  loss=0.6088
  [train] epoch 120/300  loss=0.4135
  [train] epoch 180/300  loss=0.2937
  [train] epoch 240/300  loss=0.2136
  [train] epoch 300/300  loss=0.1601

[VAL] scene=ds_v2_seed1/sunlight_v51  (pixel 70/30 split)
  AUC      = 0.9885
  IoU@0.5  = 0.7684
  F1@0.5   = 0.8690
  accuracy = 0.9476  (prec=0.8027, rec=0.9473)
  tp=3072 fp=755 fn=171 tn=13666

[save] D:\Users\dust\Documents\학교\2026년도1학기\컴퓨터비전\실습\FoundationStereo\experiments\ds_v2_seed1/sunlight_v51\submodel
  pred_mask.png, panel.png, metrics.json, head.pt
DONE: D:\Users\dust\Documents\학교\2026년도1학기\컴퓨터비전\실습\FoundationStereo\experiments\ds_v2_seed1/sunlight_v51\submodel
[device] cuda
[load] D:\Users\dust\Documents\학교\2026년도1학기\컴퓨터비전\실습\FoundationStereo\experiments\_model\general_head.pt  (train_scenes=['archiviz_baseline080', 'bedroom_baseline080', 'blue_bathroom_baseline080', 'computer_room_baseline080', 'cozy_living_room_baseline080', 'flat-archiviz_baseline080', 'green_house_baseline080', 'gym_baseline080', 'livingroom_baseline080', 'minimal_interior_baseline080', 'scandinavian_baseline080', 'sunlight_baseline080'])

[APPLY] ds_v2_seed1/sunlight_v51  (저장모델로 새 데이터 평가)
  AUC      = 0.9518
  IoU@0.5  = 0.5849
  F1@0.5   = 0.7381
  accuracy = 0.8883  (prec=0.6510, rec=0.8522)
  tp=9265 fp=4968 fn=1607 tn=43040
[save] D:\Users\dust\Documents\학교\2026년도1학기\컴퓨터비전\실습\FoundationStereo\experiments\ds_v2_seed1/sunlight_v51\submodel_applied  (pred_mask.png, panel.png, metrics.json)

============================================================
STEP: estimate_mirror_plane
============================================================

============================================================
STEP: viz_ransac_inliers
============================================================

============================================================
STEP: make_mirror_gt_from_depth
============================================================

============================================================
STEP: analyze_features
============================================================

============================================================
STEP: submodel_head
============================================================

============================================================
STEP: apply_submodel
============================================================

DONE: D:\Users\dust\Documents\학교\2026년도1학기\컴퓨터비전\실습\FoundationStereo\experiments\ds_v2_seed1/sunlight_v51 (ok)

##### [53/132] ds_v2_seed1/sunlight_v52  (done 19, fail 0, skip 33, elapsed 12m, ETA 49m) #####
[scene] ds_v2_seed1/sunlight_v52  size=1280x720
[select] mirror 점 개수 = 108495  (mask=108495, valid&depth = 903733)
[conf] mirror 영역 평균 confidence = 0.7107

=== 평면 추정 결과 ===
  [PCA (closed form)]
      normal = [+0.1965, -0.8468, -0.4943]
      d = +2.7691   mirror_depth(perp) = 2.7691 m   view_z = 10.7438 m
      n_inliers = 108495/108495   rms_residual = 0.35657 m
  [RANSAC]
      normal = [+0.7053, +0.1485, -0.6932]
      d = +5.9886   mirror_depth(perp) = 5.9886 m   view_z = 10.7438 m
      n_inliers = 44589/108495   rms_residual = 0.03598 m
  [SVD robust (IRLS)]
      normal = [+0.2266, -0.8366, -0.4988]
      d = +2.6875   mirror_depth(perp) = 2.6875 m   view_z = 10.7438 m
      n_inliers = 27366/108495   rms_residual = 0.06059 m

[save] D:\Users\dust\Documents\학교\2026년도1학기\컴퓨터비전\실습\FoundationStereo\experiments\ds_v2_seed1/sunlight_v52\mirror_geometry\result.json
[save] D:\Users\dust\Documents\학교\2026년도1학기\컴퓨터비전\실습\FoundationStereo\experiments\ds_v2_seed1/sunlight_v52\mirror_geometry\plane.txt
[save] D:\Users\dust\Documents\학교\2026년도1학기\컴퓨터비전\실습\FoundationStereo\experiments\ds_v2_seed1/sunlight_v52\mirror_geometry\viz.png

DONE: D:\Users\dust\Documents\학교\2026년도1학기\컴퓨터비전\실습\FoundationStereo\experiments\ds_v2_seed1/sunlight_v52\mirror_geometry
[ds_v2_seed1/sunlight_v52] 거울 점 108495개 중 inlier 44589 (41.1%) / outlier 63906
  normal=[ 0.705  0.149 -0.693] d=5.989  rms(inlier)=0.0360 m  thr≈0.108 m
[save] D:\Users\dust\Documents\학교\2026년도1학기\컴퓨터비전\실습\FoundationStereo\experiments\ds_v2_seed1/sunlight_v52\mirror_geometry\ransac_inliers.png
[gt] sunlight_v52                 perp 7.69m planRMS 0.0847m  normal [-0.7, 0.262, -0.665]

생성 1, 건너뜀 0 (depth_gt/mask 없음 등)
[ds_v2_seed1/sunlight_v52] feature 184x320  mirror_frac=0.11817255434782609  feat_left=True
rank  signal              AUC    pol  sep     mean_in     mean_out
  1  pre_entropy        0.6266   +  0.1993    2.299543    1.984424
  2  pre_conf           0.6181   -  0.2368    0.320287    0.416182
  3  delta_entropy      0.6162   -  0.1834    -1.66753   -1.378611
  4  delta_conf         0.5857   +  0.1739     0.39036    0.309949
  5  feat_left_pc1      0.5724   -  0.1313    2.070792    2.467604
  6  post_entropy       0.5719   +  0.1147    0.632013    0.605812
  7  feat_left_l2       0.5685   +  0.0846   17.316133   16.984767
  8  post_conf          0.5398   -  0.0664    0.710647    0.726131
  9  feat_left_pc3      0.5265   +  0.0492    1.958168    1.815903
 10  delta_argdisp      0.5164   +  0.0139   43.976286   43.111802
 11  feat_left_pc2      0.5145   +  0.0267    1.896338    1.816943
BEST: pre_entropy (AUC=0.6266, polarity=+)
저장: D:\Users\dust\Documents\학교\2026년도1학기\컴퓨터비전\실습\FoundationStereo\experiments\ds_v2_seed1/sunlight_v52\features\report.json / panels.png / mirror_signal.npy
[device] cuda
  [train] epoch 60/300  loss=0.6251
  [train] epoch 120/300  loss=0.4313
  [train] epoch 180/300  loss=0.3102
  [train] epoch 240/300  loss=0.2284
  [train] epoch 300/300  loss=0.1729

[VAL] scene=ds_v2_seed1/sunlight_v52  (pixel 70/30 split)
  AUC      = 0.9883
  IoU@0.5  = 0.6825
  F1@0.5   = 0.8113
  accuracy = 0.9482  (prec=0.7109, rec=0.9448)
  tp=1967 fp=800 fn=115 tn=14782

[save] D:\Users\dust\Documents\학교\2026년도1학기\컴퓨터비전\실습\FoundationStereo\experiments\ds_v2_seed1/sunlight_v52\submodel
  pred_mask.png, panel.png, metrics.json, head.pt
DONE: D:\Users\dust\Documents\학교\2026년도1학기\컴퓨터비전\실습\FoundationStereo\experiments\ds_v2_seed1/sunlight_v52\submodel
[device] cuda
[load] D:\Users\dust\Documents\학교\2026년도1학기\컴퓨터비전\실습\FoundationStereo\experiments\_model\general_head.pt  (train_scenes=['archiviz_baseline080', 'bedroom_baseline080', 'blue_bathroom_baseline080', 'computer_room_baseline080', 'cozy_living_room_baseline080', 'flat-archiviz_baseline080', 'green_house_baseline080', 'gym_baseline080', 'livingroom_baseline080', 'minimal_interior_baseline080', 'scandinavian_baseline080', 'sunlight_baseline080'])

[APPLY] ds_v2_seed1/sunlight_v52  (저장모델로 새 데이터 평가)
  AUC      = 0.9506
  IoU@0.5  = 0.4549
  F1@0.5   = 0.6253
  accuracy = 0.8753  (prec=0.4847, rec=0.8809)
  tp=6129 fp=6516 fn=829 tn=45406
[save] D:\Users\dust\Documents\학교\2026년도1학기\컴퓨터비전\실습\FoundationStereo\experiments\ds_v2_seed1/sunlight_v52\submodel_applied  (pred_mask.png, panel.png, metrics.json)

============================================================
STEP: estimate_mirror_plane
============================================================

============================================================
STEP: viz_ransac_inliers
============================================================

============================================================
STEP: make_mirror_gt_from_depth
============================================================

============================================================
STEP: analyze_features
============================================================

============================================================
STEP: submodel_head
============================================================

============================================================
STEP: apply_submodel
============================================================

DONE: D:\Users\dust\Documents\학교\2026년도1학기\컴퓨터비전\실습\FoundationStereo\experiments\ds_v2_seed1/sunlight_v52 (ok)

##### [54/132] ds_v2_seed1/sunlight_v53  (done 20, fail 0, skip 33, elapsed 12m, ETA 48m) #####
[scene] ds_v2_seed1/sunlight_v53  size=1280x720
[select] mirror 점 개수 = 212528  (mask=212528, valid&depth = 905081)
[conf] mirror 영역 평균 confidence = 0.7189

=== 평면 추정 결과 ===
  [PCA (closed form)]
      normal = [+0.4721, -0.7738, -0.4222]
      d = +4.1450   mirror_depth(perp) = 4.1450 m   view_z = 12.0292 m
      n_inliers = 212528/212528   rms_residual = 0.87533 m
  [RANSAC]
      normal = [+0.8247, +0.0465, -0.5637]
      d = +5.8584   mirror_depth(perp) = 5.8584 m   view_z = 12.0292 m
      n_inliers = 89521/212528   rms_residual = 0.05541 m
  [SVD robust (IRLS)]
      normal = [+0.4707, -0.7736, -0.4242]
      d = +4.2249   mirror_depth(perp) = 4.2249 m   view_z = 12.0292 m
      n_inliers = 21016/212528   rms_residual = 0.06812 m

[save] D:\Users\dust\Documents\학교\2026년도1학기\컴퓨터비전\실습\FoundationStereo\experiments\ds_v2_seed1/sunlight_v53\mirror_geometry\result.json
[save] D:\Users\dust\Documents\학교\2026년도1학기\컴퓨터비전\실습\FoundationStereo\experiments\ds_v2_seed1/sunlight_v53\mirror_geometry\plane.txt
[save] D:\Users\dust\Documents\학교\2026년도1학기\컴퓨터비전\실습\FoundationStereo\experiments\ds_v2_seed1/sunlight_v53\mirror_geometry\viz.png

DONE: D:\Users\dust\Documents\학교\2026년도1학기\컴퓨터비전\실습\FoundationStereo\experiments\ds_v2_seed1/sunlight_v53\mirror_geometry
[ds_v2_seed1/sunlight_v53] 거울 점 212528개 중 inlier 89521 (42.1%) / outlier 123007
  normal=[ 0.825  0.047 -0.564] d=5.858  rms(inlier)=0.0554 m  thr≈0.119 m
[save] D:\Users\dust\Documents\학교\2026년도1학기\컴퓨터비전\실습\FoundationStereo\experiments\ds_v2_seed1/sunlight_v53\mirror_geometry\ransac_inliers.png
[gt] sunlight_v53                 perp 7.92m planRMS 0.0631m  normal [-0.539, 0.047, -0.841]

생성 1, 건너뜀 0 (depth_gt/mask 없음 등)
[ds_v2_seed1/sunlight_v53] feature 184x320  mirror_frac=0.23055366847826086  feat_left=True
rank  signal              AUC    pol  sep     mean_in     mean_out
  1  post_entropy       0.6211   -  0.3084    0.638016    0.754331
  2  delta_conf         0.6174   +  0.2149    0.362783     0.26102
  3  post_conf          0.6051   +  0.2064    0.719044    0.666775
  4  delta_entropy         0.6   -  0.1441   -1.489969   -1.257301
  5  feat_left_pc1      0.5837   -   0.148    2.293552    2.754998
  6  delta_argdisp      0.5694   +  0.1219   47.671676   40.123783
  7  feat_left_l2       0.5682   +  0.0957   17.442818     17.0352
  8  pre_entropy         0.562   +  0.0736    2.127985    2.011631
  9  pre_conf           0.5598   -  0.1202    0.356261    0.405755
 10  feat_left_pc3      0.5181   +    0.03    1.928917    1.841808
 11  feat_left_pc2      0.5024   -  0.0018    1.927612    1.932908
BEST: post_entropy (AUC=0.6211, polarity=-)
저장: D:\Users\dust\Documents\학교\2026년도1학기\컴퓨터비전\실습\FoundationStereo\experiments\ds_v2_seed1/sunlight_v53\features\report.json / panels.png / mirror_signal.npy
[device] cuda
  [train] epoch 60/300  loss=0.5874
  [train] epoch 120/300  loss=0.3786
  [train] epoch 180/300  loss=0.2530
  [train] epoch 240/300  loss=0.1758
  [train] epoch 300/300  loss=0.1280

[VAL] scene=ds_v2_seed1/sunlight_v53  (pixel 70/30 split)
  AUC      = 0.9923
  IoU@0.5  = 0.8384
  F1@0.5   = 0.9121
  accuracy = 0.9577  (prec=0.8713, rec=0.9568)
  tp=3880 fp=573 fn=175 tn=13036

[save] D:\Users\dust\Documents\학교\2026년도1학기\컴퓨터비전\실습\FoundationStereo\experiments\ds_v2_seed1/sunlight_v53\submodel
  pred_mask.png, panel.png, metrics.json, head.pt
DONE: D:\Users\dust\Documents\학교\2026년도1학기\컴퓨터비전\실습\FoundationStereo\experiments\ds_v2_seed1/sunlight_v53\submodel
[device] cuda
[load] D:\Users\dust\Documents\학교\2026년도1학기\컴퓨터비전\실습\FoundationStereo\experiments\_model\general_head.pt  (train_scenes=['archiviz_baseline080', 'bedroom_baseline080', 'blue_bathroom_baseline080', 'computer_room_baseline080', 'cozy_living_room_baseline080', 'flat-archiviz_baseline080', 'green_house_baseline080', 'gym_baseline080', 'livingroom_baseline080', 'minimal_interior_baseline080', 'scandinavian_baseline080', 'sunlight_baseline080'])

[APPLY] ds_v2_seed1/sunlight_v53  (저장모델로 새 데이터 평가)
  AUC      = 0.9420
  IoU@0.5  = 0.5965
  F1@0.5   = 0.7472
  accuracy = 0.8631  (prec=0.6506, rec=0.8776)
  tp=11913 fp=6397 fn=1662 tn=38908
[save] D:\Users\dust\Documents\학교\2026년도1학기\컴퓨터비전\실습\FoundationStereo\experiments\ds_v2_seed1/sunlight_v53\submodel_applied  (pred_mask.png, panel.png, metrics.json)

============================================================
STEP: estimate_mirror_plane
============================================================

============================================================
STEP: viz_ransac_inliers
============================================================

============================================================
STEP: make_mirror_gt_from_depth
============================================================

============================================================
STEP: analyze_features
============================================================

============================================================
STEP: submodel_head
============================================================

============================================================
STEP: apply_submodel
============================================================

DONE: D:\Users\dust\Documents\학교\2026년도1학기\컴퓨터비전\실습\FoundationStereo\experiments\ds_v2_seed1/sunlight_v53 (ok)

##### [55/132] ds_v2_seed1/sunlight_v54  (done 21, fail 0, skip 33, elapsed 13m, ETA 47m) #####
[scene] ds_v2_seed1/sunlight_v54  size=1280x720
[select] mirror 점 개수 = 214008  (mask=214008, valid&depth = 904665)
[conf] mirror 영역 평균 confidence = 0.7043

=== 평면 추정 결과 ===
  [PCA (closed form)]
      normal = [+0.5066, -0.7330, -0.4539]
      d = +3.5481   mirror_depth(perp) = 3.5481 m   view_z = 11.9212 m
      n_inliers = 214008/214008   rms_residual = 0.94111 m
  [RANSAC]
      normal = [+0.8322, +0.0743, -0.5494]
      d = +5.8239   mirror_depth(perp) = 5.8239 m   view_z = 11.9212 m
      n_inliers = 96337/214008   rms_residual = 0.02872 m
  [SVD robust (IRLS)]
      normal = [+0.5251, -0.7034, -0.4791]
      d = +3.9302   mirror_depth(perp) = 3.9302 m   view_z = 11.9212 m
      n_inliers = 21202/214008   rms_residual = 0.06787 m

[save] D:\Users\dust\Documents\학교\2026년도1학기\컴퓨터비전\실습\FoundationStereo\experiments\ds_v2_seed1/sunlight_v54\mirror_geometry\result.json
[save] D:\Users\dust\Documents\학교\2026년도1학기\컴퓨터비전\실습\FoundationStereo\experiments\ds_v2_seed1/sunlight_v54\mirror_geometry\plane.txt
[save] D:\Users\dust\Documents\학교\2026년도1학기\컴퓨터비전\실습\FoundationStereo\experiments\ds_v2_seed1/sunlight_v54\mirror_geometry\viz.png

DONE: D:\Users\dust\Documents\학교\2026년도1학기\컴퓨터비전\실습\FoundationStereo\experiments\ds_v2_seed1/sunlight_v54\mirror_geometry
[ds_v2_seed1/sunlight_v54] 거울 점 214008개 중 inlier 96337 (45.0%) / outlier 117671
  normal=[ 0.832  0.074 -0.549] d=5.824  rms(inlier)=0.0287 m  thr≈0.117 m
[save] D:\Users\dust\Documents\학교\2026년도1학기\컴퓨터비전\실습\FoundationStereo\experiments\ds_v2_seed1/sunlight_v54\mirror_geometry\ransac_inliers.png
[gt] sunlight_v54                 perp 7.80m planRMS 0.0583m  normal [-0.54, 0.111, -0.834]

생성 1, 건너뜀 0 (depth_gt/mask 없음 등)
[ds_v2_seed1/sunlight_v54] feature 184x320  mirror_frac=0.23211616847826086  feat_left=True
rank  signal              AUC    pol  sep     mean_in     mean_out
  1  post_entropy        0.566   +  0.0578    0.659733    0.643021
  2  pre_conf           0.5472   -  0.1146    0.360775     0.40963
  3  pre_entropy        0.5458   +  0.0512    2.103808      2.0202
  4  delta_entropy      0.5431   -   0.041   -1.444075    -1.37718
  5  delta_conf         0.5428   +  0.0873    0.343468    0.302595
  6  delta_argdisp      0.5393   +  0.0638   45.494915   41.539867
  7  feat_left_l2       0.5254   +  0.0337   17.242223   17.099651
  8  post_conf          0.5226   -  0.0342    0.704243    0.712225
  9  feat_left_pc1      0.5213   -  0.0422    2.405163    2.534688
 10  feat_left_pc2      0.5017   -  0.0001    1.899075     1.89872
 11  feat_left_pc3      0.5015   +  0.0006    1.863713    1.861945
BEST: post_entropy (AUC=0.566, polarity=+)
저장: D:\Users\dust\Documents\학교\2026년도1학기\컴퓨터비전\실습\FoundationStereo\experiments\ds_v2_seed1/sunlight_v54\features\report.json / panels.png / mirror_signal.npy
[device] cuda
  [train] epoch 60/300  loss=0.5475
  [train] epoch 120/300  loss=0.3359
  [train] epoch 180/300  loss=0.2244
  [train] epoch 240/300  loss=0.1571
  [train] epoch 300/300  loss=0.1153

[VAL] scene=ds_v2_seed1/sunlight_v54  (pixel 70/30 split)
  AUC      = 0.9944
  IoU@0.5  = 0.8689
  F1@0.5   = 0.9298
  accuracy = 0.9659  (prec=0.8946, rec=0.9680)
  tp=3996 fp=471 fn=132 tn=13065

[save] D:\Users\dust\Documents\학교\2026년도1학기\컴퓨터비전\실습\FoundationStereo\experiments\ds_v2_seed1/sunlight_v54\submodel
  pred_mask.png, panel.png, metrics.json, head.pt
DONE: D:\Users\dust\Documents\학교\2026년도1학기\컴퓨터비전\실습\FoundationStereo\experiments\ds_v2_seed1/sunlight_v54\submodel
[device] cuda
[load] D:\Users\dust\Documents\학교\2026년도1학기\컴퓨터비전\실습\FoundationStereo\experiments\_model\general_head.pt  (train_scenes=['archiviz_baseline080', 'bedroom_baseline080', 'blue_bathroom_baseline080', 'computer_room_baseline080', 'cozy_living_room_baseline080', 'flat-archiviz_baseline080', 'green_house_baseline080', 'gym_baseline080', 'livingroom_baseline080', 'minimal_interior_baseline080', 'scandinavian_baseline080', 'sunlight_baseline080'])

[APPLY] ds_v2_seed1/sunlight_v54  (저장모델로 새 데이터 평가)
  AUC      = 0.9370
  IoU@0.5  = 0.5823
  F1@0.5   = 0.7360
  accuracy = 0.8593  (prec=0.6518, rec=0.8452)
  tp=11552 fp=6172 fn=2115 tn=39041
[save] D:\Users\dust\Documents\학교\2026년도1학기\컴퓨터비전\실습\FoundationStereo\experiments\ds_v2_seed1/sunlight_v54\submodel_applied  (pred_mask.png, panel.png, metrics.json)

============================================================
STEP: estimate_mirror_plane
============================================================

============================================================
STEP: viz_ransac_inliers
============================================================

============================================================
STEP: make_mirror_gt_from_depth
============================================================

============================================================
STEP: analyze_features
============================================================

============================================================
STEP: submodel_head
============================================================

============================================================
STEP: apply_submodel
============================================================

DONE: D:\Users\dust\Documents\학교\2026년도1학기\컴퓨터비전\실습\FoundationStereo\experiments\ds_v2_seed1/sunlight_v54 (ok)

##### [56/132] ds_v2_seed1/sunlight_v55  (done 22, fail 0, skip 33, elapsed 13m, ETA 47m) #####
[scene] ds_v2_seed1/sunlight_v55  size=1280x720
[select] mirror 점 개수 = 98756  (mask=98756, valid&depth = 902849)
[conf] mirror 영역 평균 confidence = 0.7489

=== 평면 추정 결과 ===
  [PCA (closed form)]
      normal = [+0.6641, -0.1134, -0.7390]
      d = +4.4446   mirror_depth(perp) = 4.4446 m   view_z = 9.8063 m
      n_inliers = 98756/98756   rms_residual = 0.27550 m
  [RANSAC]
      normal = [+0.6248, +0.0244, -0.7804]
      d = +5.2228   mirror_depth(perp) = 5.2228 m   view_z = 9.8063 m
      n_inliers = 71482/98756   rms_residual = 0.02996 m
  [SVD robust (IRLS)]
      normal = [+0.6284, -0.0370, -0.7770]
      d = +5.1014   mirror_depth(perp) = 5.1014 m   view_z = 9.8063 m
      n_inliers = 55720/98756   rms_residual = 0.03731 m

[save] D:\Users\dust\Documents\학교\2026년도1학기\컴퓨터비전\실습\FoundationStereo\experiments\ds_v2_seed1/sunlight_v55\mirror_geometry\result.json
[save] D:\Users\dust\Documents\학교\2026년도1학기\컴퓨터비전\실습\FoundationStereo\experiments\ds_v2_seed1/sunlight_v55\mirror_geometry\plane.txt
[save] D:\Users\dust\Documents\학교\2026년도1학기\컴퓨터비전\실습\FoundationStereo\experiments\ds_v2_seed1/sunlight_v55\mirror_geometry\viz.png

DONE: D:\Users\dust\Documents\학교\2026년도1학기\컴퓨터비전\실습\FoundationStereo\experiments\ds_v2_seed1/sunlight_v55\mirror_geometry
[ds_v2_seed1/sunlight_v55] 거울 점 98756개 중 inlier 71482 (72.4%) / outlier 27274
  normal=[ 0.625  0.024 -0.78 ] d=5.223  rms(inlier)=0.0300 m  thr≈0.070 m
[save] D:\Users\dust\Documents\학교\2026년도1학기\컴퓨터비전\실습\FoundationStereo\experiments\ds_v2_seed1/sunlight_v55\mirror_geometry\ransac_inliers.png
[gt] sunlight_v55                 perp 7.78m planRMS 0.0962m  normal [-0.793, 0.098, -0.601]

생성 1, 건너뜀 0 (depth_gt/mask 없음 등)
[ds_v2_seed1/sunlight_v55] feature 184x320  mirror_frac=0.10647078804347826  feat_left=True
rank  signal              AUC    pol  sep     mean_in     mean_out
  1  delta_conf         0.6509   +  0.2789    0.406132    0.274659
  2  delta_entropy      0.6427   -  0.2412    -1.62715   -1.252496
  3  pre_entropy        0.6212   +  0.1986     2.20632    1.900983
  4  pre_conf           0.6167   -  0.2238    0.343481    0.434763
  5  post_entropy       0.6062   -   0.235    0.579169    0.648487
  6  post_conf          0.5917   +  0.1614    0.749613    0.709423
  7  feat_left_pc1      0.5761   -  0.1384    2.385673    2.812191
  8  delta_argdisp      0.5734   +  0.1046   42.373106   36.079546
  9  feat_left_pc2      0.5218   -  0.0335    1.861792    1.962927
 10  feat_left_l2       0.5202   +  0.0104   17.097169    17.05266
 11  feat_left_pc3      0.5046   +  0.0078    1.945475    1.922625
BEST: delta_conf (AUC=0.6509, polarity=+)
저장: D:\Users\dust\Documents\학교\2026년도1학기\컴퓨터비전\실습\FoundationStereo\experiments\ds_v2_seed1/sunlight_v55\features\report.json / panels.png / mirror_signal.npy
[device] cuda
  [train] epoch 60/300  loss=0.5979
  [train] epoch 120/300  loss=0.3811
  [train] epoch 180/300  loss=0.2506
  [train] epoch 240/300  loss=0.1683
  [train] epoch 300/300  loss=0.1178

[VAL] scene=ds_v2_seed1/sunlight_v55  (pixel 70/30 split)
  AUC      = 0.9940
  IoU@0.5  = 0.7481
  F1@0.5   = 0.8559
  accuracy = 0.9659  (prec=0.7733, rec=0.9583)
  tp=1791 fp=525 fn=78 tn=15270

[save] D:\Users\dust\Documents\학교\2026년도1학기\컴퓨터비전\실습\FoundationStereo\experiments\ds_v2_seed1/sunlight_v55\submodel
  pred_mask.png, panel.png, metrics.json, head.pt
DONE: D:\Users\dust\Documents\학교\2026년도1학기\컴퓨터비전\실습\FoundationStereo\experiments\ds_v2_seed1/sunlight_v55\submodel
[device] cuda
[load] D:\Users\dust\Documents\학교\2026년도1학기\컴퓨터비전\실습\FoundationStereo\experiments\_model\general_head.pt  (train_scenes=['archiviz_baseline080', 'bedroom_baseline080', 'blue_bathroom_baseline080', 'computer_room_baseline080', 'cozy_living_room_baseline080', 'flat-archiviz_baseline080', 'green_house_baseline080', 'gym_baseline080', 'livingroom_baseline080', 'minimal_interior_baseline080', 'scandinavian_baseline080', 'sunlight_baseline080'])

[APPLY] ds_v2_seed1/sunlight_v55  (저장모델로 새 데이터 평가)
  AUC      = 0.9444
  IoU@0.5  = 0.4341
  F1@0.5   = 0.6054
  accuracy = 0.8813  (prec=0.4685, rec=0.8552)
  tp=5361 fp=6081 fn=908 tn=46530
[save] D:\Users\dust\Documents\학교\2026년도1학기\컴퓨터비전\실습\FoundationStereo\experiments\ds_v2_seed1/sunlight_v55\submodel_applied  (pred_mask.png, panel.png, metrics.json)

============================================================
STEP: estimate_mirror_plane
============================================================

============================================================
STEP: viz_ransac_inliers
============================================================

============================================================
STEP: make_mirror_gt_from_depth
============================================================

============================================================
STEP: analyze_features
============================================================

============================================================
STEP: submodel_head
============================================================

============================================================
STEP: apply_submodel
============================================================

DONE: D:\Users\dust\Documents\학교\2026년도1학기\컴퓨터비전\실습\FoundationStereo\experiments\ds_v2_seed1/sunlight_v55 (ok)

##### [57/132] ds_v2_seed1/sunlight_v56  (done 23, fail 0, skip 33, elapsed 14m, ETA 46m) #####
[scene] ds_v2_seed1/sunlight_v56  size=1280x720
[select] mirror 점 개수 = 220087  (mask=220087, valid&depth = 904992)
[conf] mirror 영역 평균 confidence = 0.7195

=== 평면 추정 결과 ===
  [PCA (closed form)]
      normal = [+0.5030, -0.7596, -0.4123]
      d = +3.1387   mirror_depth(perp) = 3.1387 m   view_z = 11.9595 m
      n_inliers = 220087/220087   rms_residual = 0.96430 m
  [RANSAC]
      normal = [+0.8785, +0.0916, -0.4690]
      d = +5.4773   mirror_depth(perp) = 5.4773 m   view_z = 11.9595 m
      n_inliers = 96910/220087   rms_residual = 0.02753 m
  [SVD robust (IRLS)]
      normal = [+0.5345, -0.7222, -0.4390]
      d = +3.5521   mirror_depth(perp) = 3.5521 m   view_z = 11.9595 m
      n_inliers = 21242/220087   rms_residual = 0.06965 m

[save] D:\Users\dust\Documents\학교\2026년도1학기\컴퓨터비전\실습\FoundationStereo\experiments\ds_v2_seed1/sunlight_v56\mirror_geometry\result.json
[save] D:\Users\dust\Documents\학교\2026년도1학기\컴퓨터비전\실습\FoundationStereo\experiments\ds_v2_seed1/sunlight_v56\mirror_geometry\plane.txt
[save] D:\Users\dust\Documents\학교\2026년도1학기\컴퓨터비전\실습\FoundationStereo\experiments\ds_v2_seed1/sunlight_v56\mirror_geometry\viz.png

DONE: D:\Users\dust\Documents\학교\2026년도1학기\컴퓨터비전\실습\FoundationStereo\experiments\ds_v2_seed1/sunlight_v56\mirror_geometry
[ds_v2_seed1/sunlight_v56] 거울 점 220087개 중 inlier 96910 (44.0%) / outlier 123177
  normal=[ 0.878  0.092 -0.469] d=5.477  rms(inlier)=0.0275 m  thr≈0.120 m
[save] D:\Users\dust\Documents\학교\2026년도1학기\컴퓨터비전\실습\FoundationStereo\experiments\ds_v2_seed1/sunlight_v56\mirror_geometry\ransac_inliers.png
[gt] sunlight_v56                 perp 7.71m planRMS 0.0569m  normal [-0.482, 0.133, -0.866]

생성 1, 건너뜀 0 (depth_gt/mask 없음 등)
[ds_v2_seed1/sunlight_v56] feature 184x320  mirror_frac=0.23879076086956522  feat_left=True
rank  signal              AUC    pol  sep     mean_in     mean_out
  1  feat_left_l2       0.5708   +  0.1142   17.537537   17.023131
  2  delta_conf         0.5446   +  0.0895    0.349453    0.306969
  3  feat_left_pc1        0.54   -  0.0583    2.429219    2.608791
  4  delta_entropy      0.5353   -  0.0291   -1.425622   -1.378188
  5  pre_entropy        0.5329   +    0.03    2.071943    2.022986
  6  delta_argdisp      0.5325   +  0.0576   46.934851   43.349621
  7  feat_left_pc2      0.5322   -  0.0496    1.858847    1.998061
  8  pre_conf           0.5277   -  0.0809    0.370293    0.405052
  9  post_entropy       0.5272   +  0.0051    0.646321    0.644798
 10  feat_left_pc3      0.5248   +  0.0434    1.957982    1.830999
 11  post_conf          0.5156   +  0.0327    0.719746    0.712021
BEST: feat_left_l2 (AUC=0.5708, polarity=+)
저장: D:\Users\dust\Documents\학교\2026년도1학기\컴퓨터비전\실습\FoundationStereo\experiments\ds_v2_seed1/sunlight_v56\features\report.json / panels.png / mirror_signal.npy
[device] cuda
  [train] epoch 60/300  loss=0.5253
  [train] epoch 120/300  loss=0.3188
  [train] epoch 180/300  loss=0.2144
  [train] epoch 240/300  loss=0.1512
  [train] epoch 300/300  loss=0.1108

[VAL] scene=ds_v2_seed1/sunlight_v56  (pixel 70/30 split)
  AUC      = 0.9944
  IoU@0.5  = 0.8664
  F1@0.5   = 0.9284
  accuracy = 0.9648  (prec=0.8956, rec=0.9637)
  tp=4032 fp=470 fn=152 tn=13010

[save] D:\Users\dust\Documents\학교\2026년도1학기\컴퓨터비전\실습\FoundationStereo\experiments\ds_v2_seed1/sunlight_v56\submodel
  pred_mask.png, panel.png, metrics.json, head.pt
DONE: D:\Users\dust\Documents\학교\2026년도1학기\컴퓨터비전\실습\FoundationStereo\experiments\ds_v2_seed1/sunlight_v56\submodel
[device] cuda
[load] D:\Users\dust\Documents\학교\2026년도1학기\컴퓨터비전\실습\FoundationStereo\experiments\_model\general_head.pt  (train_scenes=['archiviz_baseline080', 'bedroom_baseline080', 'blue_bathroom_baseline080', 'computer_room_baseline080', 'cozy_living_room_baseline080', 'flat-archiviz_baseline080', 'green_house_baseline080', 'gym_baseline080', 'livingroom_baseline080', 'minimal_interior_baseline080', 'scandinavian_baseline080', 'sunlight_baseline080'])

[APPLY] ds_v2_seed1/sunlight_v56  (저장모델로 새 데이터 평가)
  AUC      = 0.9391
  IoU@0.5  = 0.6010
  F1@0.5   = 0.7508
  accuracy = 0.8667  (prec=0.6781, rec=0.8409)
  tp=11823 fp=5613 fn=2237 tn=39207
[save] D:\Users\dust\Documents\학교\2026년도1학기\컴퓨터비전\실습\FoundationStereo\experiments\ds_v2_seed1/sunlight_v56\submodel_applied  (pred_mask.png, panel.png, metrics.json)

============================================================
STEP: estimate_mirror_plane
============================================================

============================================================
STEP: viz_ransac_inliers
============================================================

============================================================
STEP: make_mirror_gt_from_depth
============================================================

============================================================
STEP: analyze_features
============================================================

============================================================
STEP: submodel_head
============================================================

============================================================
STEP: apply_submodel
============================================================

DONE: D:\Users\dust\Documents\학교\2026년도1학기\컴퓨터비전\실습\FoundationStereo\experiments\ds_v2_seed1/sunlight_v56 (ok)

##### [58/132] ds_v2_seed1/sunlight_v57  (done 24, fail 0, skip 33, elapsed 15m, ETA 46m) #####
[scene] ds_v2_seed1/sunlight_v57  size=1280x720
[select] mirror 점 개수 = 219721  (mask=219721, valid&depth = 901993)
[conf] mirror 영역 평균 confidence = 0.7100

=== 평면 추정 결과 ===
  [PCA (closed form)]
      normal = [+0.3717, -0.7718, -0.5160]
      d = +3.7298   mirror_depth(perp) = 3.7298 m   view_z = 11.7910 m
      n_inliers = 219721/219721   rms_residual = 0.79886 m
  [RANSAC]
      normal = [+0.8255, +0.1073, -0.5541]
      d = +5.2910   mirror_depth(perp) = 5.2910 m   view_z = 11.7910 m
      n_inliers = 96348/219721   rms_residual = 0.03502 m
  [SVD robust (IRLS)]
      normal = [+0.3839, -0.7707, -0.5085]
      d = +3.6233   mirror_depth(perp) = 3.6233 m   view_z = 11.7910 m
      n_inliers = 23993/219721   rms_residual = 0.07139 m

[save] D:\Users\dust\Documents\학교\2026년도1학기\컴퓨터비전\실습\FoundationStereo\experiments\ds_v2_seed1/sunlight_v57\mirror_geometry\result.json
[save] D:\Users\dust\Documents\학교\2026년도1학기\컴퓨터비전\실습\FoundationStereo\experiments\ds_v2_seed1/sunlight_v57\mirror_geometry\plane.txt
[save] D:\Users\dust\Documents\학교\2026년도1학기\컴퓨터비전\실습\FoundationStereo\experiments\ds_v2_seed1/sunlight_v57\mirror_geometry\viz.png

DONE: D:\Users\dust\Documents\학교\2026년도1학기\컴퓨터비전\실습\FoundationStereo\experiments\ds_v2_seed1/sunlight_v57\mirror_geometry
[ds_v2_seed1/sunlight_v57] 거울 점 219721개 중 inlier 96348 (43.9%) / outlier 123373
  normal=[ 0.826  0.107 -0.554] d=5.291  rms(inlier)=0.0350 m  thr≈0.122 m
[save] D:\Users\dust\Documents\학교\2026년도1학기\컴퓨터비전\실습\FoundationStereo\experiments\ds_v2_seed1/sunlight_v57\mirror_geometry\ransac_inliers.png
[gt] sunlight_v57                 perp 7.61m planRMS 0.0593m  normal [-0.562, 0.15, -0.814]

생성 1, 건너뜀 0 (depth_gt/mask 없음 등)
[ds_v2_seed1/sunlight_v57] feature 184x320  mirror_frac=0.23975883152173913  feat_left=True
rank  signal              AUC    pol  sep     mean_in     mean_out
  1  post_entropy       0.5817   +  0.1269    0.651856    0.618722
  2  pre_entropy         0.569   +  0.0839    2.164667    2.023705
  3  pre_conf           0.5641   -  0.1391    0.351676    0.411076
  4  delta_conf         0.5641   +   0.132    0.357717    0.294473
  5  delta_entropy      0.5549   -  0.0645   -1.512811   -1.404982
  6  feat_left_l2       0.5467   +  0.0753   17.254909   16.938216
  7  feat_left_pc2      0.5252   +  0.0446    1.987229     1.85655
  8  feat_left_pc1      0.5241   +    0.06    2.644081    2.448526
  9  feat_left_pc3      0.5226   +  0.0437    1.974355    1.844788
 10  delta_argdisp      0.5109   +  0.0163   44.530991   43.494538
 11  post_conf          0.5071   +  0.0158    0.709393    0.705548
BEST: post_entropy (AUC=0.5817, polarity=+)
저장: D:\Users\dust\Documents\학교\2026년도1학기\컴퓨터비전\실습\FoundationStereo\experiments\ds_v2_seed1/sunlight_v57\features\report.json / panels.png / mirror_signal.npy
[device] cuda
  [train] epoch 60/300  loss=0.5652
  [train] epoch 120/300  loss=0.3601
  [train] epoch 180/300  loss=0.2438
  [train] epoch 240/300  loss=0.1725
  [train] epoch 300/300  loss=0.1276

[VAL] scene=ds_v2_seed1/sunlight_v57  (pixel 70/30 split)
  AUC      = 0.9928
  IoU@0.5  = 0.8443
  F1@0.5   = 0.9156
  accuracy = 0.9584  (prec=0.8801, rec=0.9540)
  tp=3985 fp=543 fn=192 tn=12944

[save] D:\Users\dust\Documents\학교\2026년도1학기\컴퓨터비전\실습\FoundationStereo\experiments\ds_v2_seed1/sunlight_v57\submodel
  pred_mask.png, panel.png, metrics.json, head.pt
DONE: D:\Users\dust\Documents\학교\2026년도1학기\컴퓨터비전\실습\FoundationStereo\experiments\ds_v2_seed1/sunlight_v57\submodel
[device] cuda
[load] D:\Users\dust\Documents\학교\2026년도1학기\컴퓨터비전\실습\FoundationStereo\experiments\_model\general_head.pt  (train_scenes=['archiviz_baseline080', 'bedroom_baseline080', 'blue_bathroom_baseline080', 'computer_room_baseline080', 'cozy_living_room_baseline080', 'flat-archiviz_baseline080', 'green_house_baseline080', 'gym_baseline080', 'livingroom_baseline080', 'minimal_interior_baseline080', 'scandinavian_baseline080', 'sunlight_baseline080'])

[APPLY] ds_v2_seed1/sunlight_v57  (저장모델로 새 데이터 평가)
  AUC      = 0.9522
  IoU@0.5  = 0.6431
  F1@0.5   = 0.7828
  accuracy = 0.8879  (prec=0.7308, rec=0.8427)
  tp=11896 fp=4382 fn=2221 tn=40381
[save] D:\Users\dust\Documents\학교\2026년도1학기\컴퓨터비전\실습\FoundationStereo\experiments\ds_v2_seed1/sunlight_v57\submodel_applied  (pred_mask.png, panel.png, metrics.json)

============================================================
STEP: estimate_mirror_plane
============================================================

============================================================
STEP: viz_ransac_inliers
============================================================

============================================================
STEP: make_mirror_gt_from_depth
============================================================

============================================================
STEP: analyze_features
============================================================

============================================================
STEP: submodel_head
============================================================

============================================================
STEP: apply_submodel
============================================================

DONE: D:\Users\dust\Documents\학교\2026년도1학기\컴퓨터비전\실습\FoundationStereo\experiments\ds_v2_seed1/sunlight_v57 (ok)

##### [59/132] ds_v2_seed1/sunlight_v58  (done 25, fail 0, skip 33, elapsed 15m, ETA 46m) #####
[scene] ds_v2_seed1/sunlight_v58  size=1280x720
[select] mirror 점 개수 = 120011  (mask=120011, valid&depth = 903893)
[conf] mirror 영역 평균 confidence = 0.7586

=== 평면 추정 결과 ===
  [PCA (closed form)]
      normal = [+0.6786, -0.1022, -0.7273]
      d = +4.7309   mirror_depth(perp) = 4.7309 m   view_z = 10.4014 m
      n_inliers = 120011/120011   rms_residual = 0.37716 m
  [RANSAC]
      normal = [+0.6334, +0.0103, -0.7737]
      d = +5.6519   mirror_depth(perp) = 5.6519 m   view_z = 10.4014 m
      n_inliers = 82927/120011   rms_residual = 0.01999 m
  [SVD robust (IRLS)]
      normal = [+0.6357, -0.0529, -0.7701]
      d = +5.5237   mirror_depth(perp) = 5.5237 m   view_z = 10.4014 m
      n_inliers = 66603/120011   rms_residual = 0.04387 m

[save] D:\Users\dust\Documents\학교\2026년도1학기\컴퓨터비전\실습\FoundationStereo\experiments\ds_v2_seed1/sunlight_v58\mirror_geometry\result.json
[save] D:\Users\dust\Documents\학교\2026년도1학기\컴퓨터비전\실습\FoundationStereo\experiments\ds_v2_seed1/sunlight_v58\mirror_geometry\plane.txt
[save] D:\Users\dust\Documents\학교\2026년도1학기\컴퓨터비전\실습\FoundationStereo\experiments\ds_v2_seed1/sunlight_v58\mirror_geometry\viz.png

DONE: D:\Users\dust\Documents\학교\2026년도1학기\컴퓨터비전\실습\FoundationStereo\experiments\ds_v2_seed1/sunlight_v58\mirror_geometry
[ds_v2_seed1/sunlight_v58] 거울 점 120011개 중 inlier 82927 (69.1%) / outlier 37084
  normal=[ 0.633  0.01  -0.774] d=5.652  rms(inlier)=0.0200 m  thr≈0.083 m
[save] D:\Users\dust\Documents\학교\2026년도1학기\컴퓨터비전\실습\FoundationStereo\experiments\ds_v2_seed1/sunlight_v58\mirror_geometry\ransac_inliers.png
[gt] sunlight_v58                 perp 7.82m planRMS 0.0810m  normal [-0.777, 0.084, -0.624]

생성 1, 건너뜀 0 (depth_gt/mask 없음 등)
[ds_v2_seed1/sunlight_v58] feature 184x320  mirror_frac=0.12958559782608695  feat_left=True
rank  signal              AUC    pol  sep     mean_in     mean_out
  1  delta_conf         0.6702   +  0.3096    0.420947    0.278344
  2  post_conf           0.638   +  0.2507    0.757538    0.698642
  3  delta_entropy      0.6352   -  0.2205   -1.644138   -1.301768
  4  post_entropy       0.6271   -  0.2599    0.583729    0.656408
  5  pre_conf           0.6132   -  0.2041    0.336591    0.420298
  6  pre_entropy        0.6127   +  0.1734    2.227867    1.958177
  7  feat_left_pc1       0.566   -  0.1116    2.370098    2.723936
  8  delta_argdisp      0.5647   +  0.0961   42.387287   36.650244
  9  feat_left_l2       0.5256   +  0.0237   17.150839   17.048925
 10  feat_left_pc3      0.5097   +  0.0122    1.965901    1.929975
 11  feat_left_pc2      0.5009   -   0.001    1.967459    1.964498
BEST: delta_conf (AUC=0.6702, polarity=+)
저장: D:\Users\dust\Documents\학교\2026년도1학기\컴퓨터비전\실습\FoundationStereo\experiments\ds_v2_seed1/sunlight_v58\features\report.json / panels.png / mirror_signal.npy
[device] cuda
  [train] epoch 60/300  loss=0.6086
  [train] epoch 120/300  loss=0.3863
  [train] epoch 180/300  loss=0.2496
  [train] epoch 240/300  loss=0.1665
  [train] epoch 300/300  loss=0.1166

[VAL] scene=ds_v2_seed1/sunlight_v58  (pixel 70/30 split)
  AUC      = 0.9941
  IoU@0.5  = 0.7850
  F1@0.5   = 0.8796
  accuracy = 0.9664  (prec=0.8099, rec=0.9623)
  tp=2169 fp=509 fn=85 tn=14901

[save] D:\Users\dust\Documents\학교\2026년도1학기\컴퓨터비전\실습\FoundationStereo\experiments\ds_v2_seed1/sunlight_v58\submodel
  pred_mask.png, panel.png, metrics.json, head.pt
DONE: D:\Users\dust\Documents\학교\2026년도1학기\컴퓨터비전\실습\FoundationStereo\experiments\ds_v2_seed1/sunlight_v58\submodel
[device] cuda
[load] D:\Users\dust\Documents\학교\2026년도1학기\컴퓨터비전\실습\FoundationStereo\experiments\_model\general_head.pt  (train_scenes=['archiviz_baseline080', 'bedroom_baseline080', 'blue_bathroom_baseline080', 'computer_room_baseline080', 'cozy_living_room_baseline080', 'flat-archiviz_baseline080', 'green_house_baseline080', 'gym_baseline080', 'livingroom_baseline080', 'minimal_interior_baseline080', 'scandinavian_baseline080', 'sunlight_baseline080'])

[APPLY] ds_v2_seed1/sunlight_v58  (저장모델로 새 데이터 평가)
  AUC      = 0.9402
  IoU@0.5  = 0.4718
  F1@0.5   = 0.6411
  accuracy = 0.8770  (prec=0.5153, rec=0.8481)
  tp=6471 fp=6086 fn=1159 tn=45164
[save] D:\Users\dust\Documents\학교\2026년도1학기\컴퓨터비전\실습\FoundationStereo\experiments\ds_v2_seed1/sunlight_v58\submodel_applied  (pred_mask.png, panel.png, metrics.json)

============================================================
STEP: estimate_mirror_plane
============================================================

============================================================
STEP: viz_ransac_inliers
============================================================

============================================================
STEP: make_mirror_gt_from_depth
============================================================

============================================================
STEP: analyze_features
============================================================

============================================================
STEP: submodel_head
============================================================

============================================================
STEP: apply_submodel
============================================================

DONE: D:\Users\dust\Documents\학교\2026년도1학기\컴퓨터비전\실습\FoundationStereo\experiments\ds_v2_seed1/sunlight_v58 (ok)

##### [60/132] ds_v2_seed1/sunlight_v59  (done 26, fail 0, skip 33, elapsed 16m, ETA 45m) #####
[scene] ds_v2_seed1/sunlight_v59  size=1280x720
[select] mirror 점 개수 = 223022  (mask=223022, valid&depth = 905519)
[conf] mirror 영역 평균 confidence = 0.7036

=== 평면 추정 결과 ===
  [PCA (closed form)]
      normal = [+0.5487, -0.6474, -0.5290]
      d = +3.8472   mirror_depth(perp) = 3.8472 m   view_z = 11.4982 m
      n_inliers = 223022/223022   rms_residual = 0.89780 m
  [RANSAC]
      normal = [+0.7303, +0.0066, -0.6831]
      d = +5.9186   mirror_depth(perp) = 5.9186 m   view_z = 11.4982 m
      n_inliers = 106590/223022   rms_residual = 0.04423 m
  [SVD robust (IRLS)]
      normal = [+0.5515, -0.6133, -0.5654]
      d = +4.3892   mirror_depth(perp) = 4.3892 m   view_z = 11.4982 m
      n_inliers = 23853/223022   rms_residual = 0.06784 m

[save] D:\Users\dust\Documents\학교\2026년도1학기\컴퓨터비전\실습\FoundationStereo\experiments\ds_v2_seed1/sunlight_v59\mirror_geometry\result.json
[save] D:\Users\dust\Documents\학교\2026년도1학기\컴퓨터비전\실습\FoundationStereo\experiments\ds_v2_seed1/sunlight_v59\mirror_geometry\plane.txt
[save] D:\Users\dust\Documents\학교\2026년도1학기\컴퓨터비전\실습\FoundationStereo\experiments\ds_v2_seed1/sunlight_v59\mirror_geometry\viz.png

DONE: D:\Users\dust\Documents\학교\2026년도1학기\컴퓨터비전\실습\FoundationStereo\experiments\ds_v2_seed1/sunlight_v59\mirror_geometry
[ds_v2_seed1/sunlight_v59] 거울 점 223022개 중 inlier 106590 (47.8%) / outlier 116432
  normal=[ 0.73   0.007 -0.683] d=5.919  rms(inlier)=0.0442 m  thr≈0.117 m
[save] D:\Users\dust\Documents\학교\2026년도1학기\컴퓨터비전\실습\FoundationStereo\experiments\ds_v2_seed1/sunlight_v59\mirror_geometry\ransac_inliers.png
[gt] sunlight_v59                 perp 7.58m planRMS 0.0563m  normal [-0.681, 0.066, -0.729]

생성 1, 건너뜀 0 (depth_gt/mask 없음 등)
[ds_v2_seed1/sunlight_v59] feature 184x320  mirror_frac=0.2410835597826087  feat_left=True
rank  signal              AUC    pol  sep     mean_in     mean_out
  1  pre_conf           0.5761   -  0.1539    0.351132    0.414498
  2  delta_conf         0.5731   +  0.1481    0.352039    0.283134
  3  delta_entropy      0.5721   -  0.1016   -1.499037   -1.338924
  4  pre_entropy        0.5676   +  0.0888    2.140809    2.000603
  5  delta_argdisp       0.537   +  0.0573   43.811342   40.228802
  6  feat_left_pc1      0.5185   -  0.0366    2.498405    2.615527
  7  feat_left_pc3       0.511   +  0.0186    1.944113    1.889097
  8  post_conf          0.5099   +  0.0223    0.703171    0.697632
  9  post_entropy       0.5062   +  0.0682    0.641772    0.661679
 10  feat_left_pc2      0.5015   -  0.0051    1.901531    1.917034
 11  feat_left_l2       0.5009   +  0.0179   17.012212    17.08557
BEST: pre_conf (AUC=0.5761, polarity=-)
저장: D:\Users\dust\Documents\학교\2026년도1학기\컴퓨터비전\실습\FoundationStereo\experiments\ds_v2_seed1/sunlight_v59\features\report.json / panels.png / mirror_signal.npy
[device] cuda
  [train] epoch 60/300  loss=0.5863
  [train] epoch 120/300  loss=0.3706
  [train] epoch 180/300  loss=0.2477
  [train] epoch 240/300  loss=0.1765
  [train] epoch 300/300  loss=0.1328

[VAL] scene=ds_v2_seed1/sunlight_v59  (pixel 70/30 split)
  AUC      = 0.9909
  IoU@0.5  = 0.8355
  F1@0.5   = 0.9104
  accuracy = 0.9557  (prec=0.8797, rec=0.9433)
  tp=3978 fp=544 fn=239 tn=12903

[save] D:\Users\dust\Documents\학교\2026년도1학기\컴퓨터비전\실습\FoundationStereo\experiments\ds_v2_seed1/sunlight_v59\submodel
  pred_mask.png, panel.png, metrics.json, head.pt
DONE: D:\Users\dust\Documents\학교\2026년도1학기\컴퓨터비전\실습\FoundationStereo\experiments\ds_v2_seed1/sunlight_v59\submodel
[device] cuda
[load] D:\Users\dust\Documents\학교\2026년도1학기\컴퓨터비전\실습\FoundationStereo\experiments\_model\general_head.pt  (train_scenes=['archiviz_baseline080', 'bedroom_baseline080', 'blue_bathroom_baseline080', 'computer_room_baseline080', 'cozy_living_room_baseline080', 'flat-archiviz_baseline080', 'green_house_baseline080', 'gym_baseline080', 'livingroom_baseline080', 'minimal_interior_baseline080', 'scandinavian_baseline080', 'sunlight_baseline080'])

[APPLY] ds_v2_seed1/sunlight_v59  (저장모델로 새 데이터 평가)
  AUC      = 0.9377
  IoU@0.5  = 0.6103
  F1@0.5   = 0.7580
  accuracy = 0.8723  (prec=0.6978, rec=0.8295)
  tp=11775 fp=5100 fn=2420 tn=39585
[save] D:\Users\dust\Documents\학교\2026년도1학기\컴퓨터비전\실습\FoundationStereo\experiments\ds_v2_seed1/sunlight_v59\submodel_applied  (pred_mask.png, panel.png, metrics.json)

============================================================
STEP: estimate_mirror_plane
============================================================

============================================================
STEP: viz_ransac_inliers
============================================================

============================================================
STEP: make_mirror_gt_from_depth
============================================================

============================================================
STEP: analyze_features
============================================================

============================================================
STEP: submodel_head
============================================================

============================================================
STEP: apply_submodel
============================================================

DONE: D:\Users\dust\Documents\학교\2026년도1학기\컴퓨터비전\실습\FoundationStereo\experiments\ds_v2_seed1/sunlight_v59 (ok)

##### [61/132] ds_v2_seed1/sunlight_v60  (done 27, fail 0, skip 33, elapsed 17m, ETA 45m) #####
[scene] ds_v2_seed1/sunlight_v60  size=1280x720
[select] mirror 점 개수 = 219726  (mask=219726, valid&depth = 904485)
[conf] mirror 영역 평균 confidence = 0.7259

=== 평면 추정 결과 ===
  [PCA (closed form)]
      normal = [+0.4763, -0.7179, -0.5077]
      d = +3.8322   mirror_depth(perp) = 3.8322 m   view_z = 11.8918 m
      n_inliers = 219726/219726   rms_residual = 0.81210 m
  [RANSAC]
      normal = [+0.8313, +0.1217, -0.5423]
      d = +5.6521   mirror_depth(perp) = 5.6521 m   view_z = 11.8918 m
      n_inliers = 102410/219726   rms_residual = 0.04878 m
  [SVD robust (IRLS)]
      normal = [+0.4916, -0.7031, -0.5138]
      d = +3.9283   mirror_depth(perp) = 3.9283 m   view_z = 11.8918 m
      n_inliers = 24090/219726   rms_residual = 0.07205 m

[save] D:\Users\dust\Documents\학교\2026년도1학기\컴퓨터비전\실습\FoundationStereo\experiments\ds_v2_seed1/sunlight_v60\mirror_geometry\result.json
[save] D:\Users\dust\Documents\학교\2026년도1학기\컴퓨터비전\실습\FoundationStereo\experiments\ds_v2_seed1/sunlight_v60\mirror_geometry\plane.txt
[save] D:\Users\dust\Documents\학교\2026년도1학기\컴퓨터비전\실습\FoundationStereo\experiments\ds_v2_seed1/sunlight_v60\mirror_geometry\viz.png

DONE: D:\Users\dust\Documents\학교\2026년도1학기\컴퓨터비전\실습\FoundationStereo\experiments\ds_v2_seed1/sunlight_v60\mirror_geometry
[ds_v2_seed1/sunlight_v60] 거울 점 219726개 중 inlier 102410 (46.6%) / outlier 117316
  normal=[ 0.831  0.122 -0.542] d=5.652  rms(inlier)=0.0488 m  thr≈0.125 m
[save] D:\Users\dust\Documents\학교\2026년도1학기\컴퓨터비전\실습\FoundationStereo\experiments\ds_v2_seed1/sunlight_v60\mirror_geometry\ransac_inliers.png
[gt] sunlight_v60                 perp 7.52m planRMS 0.0610m  normal [-0.547, 0.164, -0.821]

생성 1, 건너뜀 0 (depth_gt/mask 없음 등)
[ds_v2_seed1/sunlight_v60] feature 184x320  mirror_frac=0.23955502717391305  feat_left=True
rank  signal              AUC    pol  sep     mean_in     mean_out
  1  delta_conf         0.5743   +  0.1469    0.369057    0.299246
  2  pre_entropy        0.5666   +  0.0845    2.130297    1.990865
  3  delta_entropy      0.5658   -  0.0844   -1.503161   -1.364749
  4  pre_conf           0.5654   -  0.1399    0.356191    0.416083
  5  delta_argdisp      0.5403   +   0.066   46.495002   42.360983
  6  feat_left_l2       0.5322   +  0.0455   17.285219   17.094941
  7  post_entropy       0.5269   +  0.0038    0.627136    0.626116
  8  feat_left_pc3       0.522   +  0.0384    1.938296    1.824836
  9  post_conf          0.5209   +  0.0412    0.725248    0.715329
 10  feat_left_pc1      0.5115   -  0.0178    2.511262    2.566342
 11  feat_left_pc2      0.5025   +  0.0049     1.92811    1.914169
BEST: delta_conf (AUC=0.5743, polarity=+)
저장: D:\Users\dust\Documents\학교\2026년도1학기\컴퓨터비전\실습\FoundationStereo\experiments\ds_v2_seed1/sunlight_v60\features\report.json / panels.png / mirror_signal.npy
[device] cuda
  [train] epoch 60/300  loss=0.5532
  [train] epoch 120/300  loss=0.3416
  [train] epoch 180/300  loss=0.2297
  [train] epoch 240/300  loss=0.1607
  [train] epoch 300/300  loss=0.1170

[VAL] scene=ds_v2_seed1/sunlight_v60  (pixel 70/30 split)
  AUC      = 0.9936
  IoU@0.5  = 0.8593
  F1@0.5   = 0.9243
  accuracy = 0.9621  (prec=0.8956, rec=0.9549)
  tp=4085 fp=476 fn=193 tn=12910

[save] D:\Users\dust\Documents\학교\2026년도1학기\컴퓨터비전\실습\FoundationStereo\experiments\ds_v2_seed1/sunlight_v60\submodel
  pred_mask.png, panel.png, metrics.json, head.pt
DONE: D:\Users\dust\Documents\학교\2026년도1학기\컴퓨터비전\실습\FoundationStereo\experiments\ds_v2_seed1/sunlight_v60\submodel
[device] cuda
[load] D:\Users\dust\Documents\학교\2026년도1학기\컴퓨터비전\실습\FoundationStereo\experiments\_model\general_head.pt  (train_scenes=['archiviz_baseline080', 'bedroom_baseline080', 'blue_bathroom_baseline080', 'computer_room_baseline080', 'cozy_living_room_baseline080', 'flat-archiviz_baseline080', 'green_house_baseline080', 'gym_baseline080', 'livingroom_baseline080', 'minimal_interior_baseline080', 'scandinavian_baseline080', 'sunlight_baseline080'])

[APPLY] ds_v2_seed1/sunlight_v60  (저장모델로 새 데이터 평가)
  AUC      = 0.9377
  IoU@0.5  = 0.6038
  F1@0.5   = 0.7530
  accuracy = 0.8706  (prec=0.6936, rec=0.8235)
  tp=11616 fp=5132 fn=2489 tn=39643
[save] D:\Users\dust\Documents\학교\2026년도1학기\컴퓨터비전\실습\FoundationStereo\experiments\ds_v2_seed1/sunlight_v60\submodel_applied  (pred_mask.png, panel.png, metrics.json)

============================================================
STEP: estimate_mirror_plane
============================================================

============================================================
STEP: viz_ransac_inliers
============================================================

============================================================
STEP: make_mirror_gt_from_depth
============================================================

============================================================
STEP: analyze_features
============================================================

============================================================
STEP: submodel_head
============================================================

============================================================
STEP: apply_submodel
============================================================

DONE: D:\Users\dust\Documents\학교\2026년도1학기\컴퓨터비전\실습\FoundationStereo\experiments\ds_v2_seed1/sunlight_v60 (ok)

##### [62/132] ds_v2_seed1/sunlight_v61  (done 28, fail 0, skip 33, elapsed 17m, ETA 44m) #####
[scene] ds_v2_seed1/sunlight_v61  size=1280x720
[select] mirror 점 개수 = 212261  (mask=212261, valid&depth = 905339)
[conf] mirror 영역 평균 confidence = 0.7264

=== 평면 추정 결과 ===
  [PCA (closed form)]
      normal = [+0.4983, -0.7707, -0.3972]
      d = +3.4967   mirror_depth(perp) = 3.4967 m   view_z = 12.0720 m
      n_inliers = 212261/212261   rms_residual = 0.94402 m
  [RANSAC]
      normal = [+0.8283, +0.0489, -0.5582]
      d = +5.7030   mirror_depth(perp) = 5.7030 m   view_z = 12.0720 m
      n_inliers = 91873/212261   rms_residual = 0.03503 m
  [SVD robust (IRLS)]
      normal = [+0.5067, -0.7564, -0.4138]
      d = +3.7591   mirror_depth(perp) = 3.7591 m   view_z = 12.0720 m
      n_inliers = 19781/212261   rms_residual = 0.07051 m

[save] D:\Users\dust\Documents\학교\2026년도1학기\컴퓨터비전\실습\FoundationStereo\experiments\ds_v2_seed1/sunlight_v61\mirror_geometry\result.json
[save] D:\Users\dust\Documents\학교\2026년도1학기\컴퓨터비전\실습\FoundationStereo\experiments\ds_v2_seed1/sunlight_v61\mirror_geometry\plane.txt
[save] D:\Users\dust\Documents\학교\2026년도1학기\컴퓨터비전\실습\FoundationStereo\experiments\ds_v2_seed1/sunlight_v61\mirror_geometry\viz.png

DONE: D:\Users\dust\Documents\학교\2026년도1학기\컴퓨터비전\실습\FoundationStereo\experiments\ds_v2_seed1/sunlight_v61\mirror_geometry
[ds_v2_seed1/sunlight_v61] 거울 점 212261개 중 inlier 91873 (43.3%) / outlier 120388
  normal=[ 0.828  0.049 -0.558] d=5.703  rms(inlier)=0.0350 m  thr≈0.120 m
[save] D:\Users\dust\Documents\학교\2026년도1학기\컴퓨터비전\실습\FoundationStereo\experiments\ds_v2_seed1/sunlight_v61\mirror_geometry\ransac_inliers.png
[gt] sunlight_v61                 perp 7.87m planRMS 0.0598m  normal [-0.556, 0.05, -0.83]

생성 1, 건너뜀 0 (depth_gt/mask 없음 등)
[ds_v2_seed1/sunlight_v61] feature 184x320  mirror_frac=0.23009510869565217  feat_left=True
rank  signal              AUC    pol  sep     mean_in     mean_out
  1  delta_conf         0.5793   +  0.1394     0.35879    0.293956
  2  post_entropy       0.5747   -  0.1847    0.631092     0.68682
  3  post_conf          0.5614   +  0.1097    0.726496    0.700344
  4  delta_entropy      0.5596   -  0.0703    -1.44283   -1.330387
  5  delta_argdisp      0.5557   +  0.0949   45.997269   40.049634
  6  feat_left_pc1      0.5435   -  0.0792    2.397357    2.645532
  7  pre_conf           0.5411   -  0.0918    0.367706    0.406389
  8  pre_entropy        0.5372   +  0.0355    2.073922    2.017207
  9  feat_left_l2       0.5345   +  0.0493   17.265347   17.050847
 10  feat_left_pc3      0.5047   +   0.005    1.874095    1.859865
 11  feat_left_pc2      0.5014   -  0.0028    1.900931     1.90927
BEST: delta_conf (AUC=0.5793, polarity=+)
저장: D:\Users\dust\Documents\학교\2026년도1학기\컴퓨터비전\실습\FoundationStereo\experiments\ds_v2_seed1/sunlight_v61\features\report.json / panels.png / mirror_signal.npy
[device] cuda
  [train] epoch 60/300  loss=0.5705
  [train] epoch 120/300  loss=0.3581
  [train] epoch 180/300  loss=0.2383
  [train] epoch 240/300  loss=0.1663
  [train] epoch 300/300  loss=0.1224

[VAL] scene=ds_v2_seed1/sunlight_v61  (pixel 70/30 split)
  AUC      = 0.9933
  IoU@0.5  = 0.8509
  F1@0.5   = 0.9195
  accuracy = 0.9616  (prec=0.8807, rec=0.9617)
  tp=3870 fp=524 fn=154 tn=13116

[save] D:\Users\dust\Documents\학교\2026년도1학기\컴퓨터비전\실습\FoundationStereo\experiments\ds_v2_seed1/sunlight_v61\submodel
  pred_mask.png, panel.png, metrics.json, head.pt
DONE: D:\Users\dust\Documents\학교\2026년도1학기\컴퓨터비전\실습\FoundationStereo\experiments\ds_v2_seed1/sunlight_v61\submodel
[device] cuda
[load] D:\Users\dust\Documents\학교\2026년도1학기\컴퓨터비전\실습\FoundationStereo\experiments\_model\general_head.pt  (train_scenes=['archiviz_baseline080', 'bedroom_baseline080', 'blue_bathroom_baseline080', 'computer_room_baseline080', 'cozy_living_room_baseline080', 'flat-archiviz_baseline080', 'green_house_baseline080', 'gym_baseline080', 'livingroom_baseline080', 'minimal_interior_baseline080', 'scandinavian_baseline080', 'sunlight_baseline080'])

[APPLY] ds_v2_seed1/sunlight_v61  (저장모델로 새 데이터 평가)
  AUC      = 0.9351
  IoU@0.5  = 0.5783
  F1@0.5   = 0.7328
  accuracy = 0.8580  (prec=0.6461, rec=0.8464)
  tp=11467 fp=6281 fn=2081 tn=39051
[save] D:\Users\dust\Documents\학교\2026년도1학기\컴퓨터비전\실습\FoundationStereo\experiments\ds_v2_seed1/sunlight_v61\submodel_applied  (pred_mask.png, panel.png, metrics.json)

============================================================
STEP: estimate_mirror_plane
============================================================

============================================================
STEP: viz_ransac_inliers
============================================================

============================================================
STEP: make_mirror_gt_from_depth
============================================================

============================================================
STEP: analyze_features
============================================================

============================================================
STEP: submodel_head
============================================================

============================================================
STEP: apply_submodel
============================================================

DONE: D:\Users\dust\Documents\학교\2026년도1학기\컴퓨터비전\실습\FoundationStereo\experiments\ds_v2_seed1/sunlight_v61 (ok)

##### [63/132] ds_v2_seed1/sunlight_v62  (done 29, fail 0, skip 33, elapsed 18m, ETA 44m) #####
[scene] ds_v2_seed1/sunlight_v62  size=1280x720
[select] mirror 점 개수 = 84129  (mask=84129, valid&depth = 903541)
[conf] mirror 영역 평균 confidence = 0.7324

=== 평면 추정 결과 ===
  [PCA (closed form)]
      normal = [+0.6447, -0.1404, -0.7515]
      d = +4.5458   mirror_depth(perp) = 4.5458 m   view_z = 9.7307 m
      n_inliers = 84129/84129   rms_residual = 0.29071 m
  [RANSAC]
      normal = [+0.6304, +0.1754, -0.7562]
      d = +5.3660   mirror_depth(perp) = 5.3660 m   view_z = 9.7307 m
      n_inliers = 54660/84129   rms_residual = 0.03658 m
  [SVD robust (IRLS)]
      normal = [+0.6316, -0.0333, -0.7745]
      d = +5.0652   mirror_depth(perp) = 5.0652 m   view_z = 9.7307 m
      n_inliers = 27969/84129   rms_residual = 0.04109 m

[save] D:\Users\dust\Documents\학교\2026년도1학기\컴퓨터비전\실습\FoundationStereo\experiments\ds_v2_seed1/sunlight_v62\mirror_geometry\result.json
[save] D:\Users\dust\Documents\학교\2026년도1학기\컴퓨터비전\실습\FoundationStereo\experiments\ds_v2_seed1/sunlight_v62\mirror_geometry\plane.txt
[save] D:\Users\dust\Documents\학교\2026년도1학기\컴퓨터비전\실습\FoundationStereo\experiments\ds_v2_seed1/sunlight_v62\mirror_geometry\viz.png

DONE: D:\Users\dust\Documents\학교\2026년도1학기\컴퓨터비전\실습\FoundationStereo\experiments\ds_v2_seed1/sunlight_v62\mirror_geometry
[ds_v2_seed1/sunlight_v62] 거울 점 84129개 중 inlier 54660 (65.0%) / outlier 29469
  normal=[ 0.63   0.175 -0.756] d=5.366  rms(inlier)=0.0366 m  thr≈0.071 m
[save] D:\Users\dust\Documents\학교\2026년도1학기\컴퓨터비전\실습\FoundationStereo\experiments\ds_v2_seed1/sunlight_v62\mirror_geometry\ransac_inliers.png
[gt] sunlight_v62                 perp 7.56m planRMS 0.1012m  normal [-0.785, 0.195, -0.588]

생성 1, 건너뜀 0 (depth_gt/mask 없음 등)
[ds_v2_seed1/sunlight_v62] feature 184x320  mirror_frac=0.09152513586956522  feat_left=True
rank  signal              AUC    pol  sep     mean_in     mean_out
  1  pre_entropy        0.6459   +  0.2441    2.252054    1.876033
  2  delta_entropy      0.6417   -  0.2382   -1.648516   -1.281489
  3  pre_conf           0.6337   -    0.26    0.332337    0.437759
  4  delta_conf         0.6168   +  0.2216    0.399298    0.294859
  5  delta_argdisp      0.5888   +  0.1374   45.539618   37.337833
  6  feat_left_pc1      0.5819   -  0.1471    2.175579    2.613917
  7  feat_left_pc3      0.5345   +  0.0603    2.035649    1.857846
  8  feat_left_l2       0.5305   +  0.0162   17.047479   16.982264
  9  feat_left_pc2      0.5269   +  0.0432    1.994743    1.866002
 10  post_entropy       0.5193   +  0.0369    0.603538    0.594544
 11  post_conf          0.5005   -   0.004    0.731635    0.732619
BEST: pre_entropy (AUC=0.6459, polarity=+)
저장: D:\Users\dust\Documents\학교\2026년도1학기\컴퓨터비전\실습\FoundationStereo\experiments\ds_v2_seed1/sunlight_v62\features\report.json / panels.png / mirror_signal.npy
[device] cuda
  [train] epoch 60/300  loss=0.6077
  [train] epoch 120/300  loss=0.3830
  [train] epoch 180/300  loss=0.2535
  [train] epoch 240/300  loss=0.1733
  [train] epoch 300/300  loss=0.1234

[VAL] scene=ds_v2_seed1/sunlight_v62  (pixel 70/30 split)
  AUC      = 0.9935
  IoU@0.5  = 0.7106
  F1@0.5   = 0.8308
  accuracy = 0.9648  (prec=0.7314, rec=0.9615)
  tp=1525 fp=560 fn=61 tn=15518

[save] D:\Users\dust\Documents\학교\2026년도1학기\컴퓨터비전\실습\FoundationStereo\experiments\ds_v2_seed1/sunlight_v62\submodel
  pred_mask.png, panel.png, metrics.json, head.pt
DONE: D:\Users\dust\Documents\학교\2026년도1학기\컴퓨터비전\실습\FoundationStereo\experiments\ds_v2_seed1/sunlight_v62\submodel
[device] cuda
[load] D:\Users\dust\Documents\학교\2026년도1학기\컴퓨터비전\실습\FoundationStereo\experiments\_model\general_head.pt  (train_scenes=['archiviz_baseline080', 'bedroom_baseline080', 'blue_bathroom_baseline080', 'computer_room_baseline080', 'cozy_living_room_baseline080', 'flat-archiviz_baseline080', 'green_house_baseline080', 'gym_baseline080', 'livingroom_baseline080', 'minimal_interior_baseline080', 'scandinavian_baseline080', 'sunlight_baseline080'])

[APPLY] ds_v2_seed1/sunlight_v62  (저장모델로 새 데이터 평가)
  AUC      = 0.9514
  IoU@0.5  = 0.4198
  F1@0.5   = 0.5913
  accuracy = 0.8901  (prec=0.4482, rec=0.8688)
  tp=4682 fp=5765 fn=707 tn=47726
[save] D:\Users\dust\Documents\학교\2026년도1학기\컴퓨터비전\실습\FoundationStereo\experiments\ds_v2_seed1/sunlight_v62\submodel_applied  (pred_mask.png, panel.png, metrics.json)

============================================================
STEP: estimate_mirror_plane
============================================================

============================================================
STEP: viz_ransac_inliers
============================================================

============================================================
STEP: make_mirror_gt_from_depth
============================================================

============================================================
STEP: analyze_features
============================================================

============================================================
STEP: submodel_head
============================================================

============================================================
STEP: apply_submodel
============================================================

DONE: D:\Users\dust\Documents\학교\2026년도1학기\컴퓨터비전\실습\FoundationStereo\experiments\ds_v2_seed1/sunlight_v62 (ok)

##### [64/132] ds_v2_seed1/sunlight_v63  (done 30, fail 0, skip 33, elapsed 19m, ETA 43m) #####
[scene] ds_v2_seed1/sunlight_v63  size=1280x720
[select] mirror 점 개수 = 134041  (mask=134041, valid&depth = 903996)
[conf] mirror 영역 평균 confidence = 0.7494

=== 평면 추정 결과 ===
  [PCA (closed form)]
      normal = [+0.6907, -0.1226, -0.7126]
      d = +4.5992   mirror_depth(perp) = 4.5992 m   view_z = 10.4918 m
      n_inliers = 134041/134041   rms_residual = 0.43649 m
  [RANSAC]
      normal = [+0.6511, +0.0176, -0.7588]
      d = +5.5814   mirror_depth(perp) = 5.5814 m   view_z = 10.4918 m
      n_inliers = 89473/134041   rms_residual = 0.03242 m
  [SVD robust (IRLS)]
      normal = [+0.6522, -0.0718, -0.7547]
      d = +5.3948   mirror_depth(perp) = 5.3948 m   view_z = 10.4918 m
      n_inliers = 66252/134041   rms_residual = 0.04568 m

[save] D:\Users\dust\Documents\학교\2026년도1학기\컴퓨터비전\실습\FoundationStereo\experiments\ds_v2_seed1/sunlight_v63\mirror_geometry\result.json
[save] D:\Users\dust\Documents\학교\2026년도1학기\컴퓨터비전\실습\FoundationStereo\experiments\ds_v2_seed1/sunlight_v63\mirror_geometry\plane.txt
[save] D:\Users\dust\Documents\학교\2026년도1학기\컴퓨터비전\실습\FoundationStereo\experiments\ds_v2_seed1/sunlight_v63\mirror_geometry\viz.png

DONE: D:\Users\dust\Documents\학교\2026년도1학기\컴퓨터비전\실습\FoundationStereo\experiments\ds_v2_seed1/sunlight_v63\mirror_geometry
[ds_v2_seed1/sunlight_v63] 거울 점 134041개 중 inlier 89473 (66.8%) / outlier 44568
  normal=[ 0.651  0.018 -0.759] d=5.581  rms(inlier)=0.0324 m  thr≈0.089 m
[save] D:\Users\dust\Documents\학교\2026년도1학기\컴퓨터비전\실습\FoundationStereo\experiments\ds_v2_seed1/sunlight_v63\mirror_geometry\ransac_inliers.png
[gt] sunlight_v63                 perp 7.77m planRMS 0.0781m  normal [-0.757, 0.095, -0.647]

생성 1, 건너뜀 0 (depth_gt/mask 없음 등)
[ds_v2_seed1/sunlight_v63] feature 184x320  mirror_frac=0.14509171195652174  feat_left=True
rank  signal              AUC    pol  sep     mean_in     mean_out
  1  delta_conf         0.6376   +  0.2526    0.407136    0.293139
  2  delta_entropy      0.6082   -  0.1697   -1.606839   -1.345108
  3  pre_conf           0.5984   -  0.1823    0.341378    0.416243
  4  pre_entropy        0.5981   +  0.1467    2.206068    1.977554
  5  post_conf          0.5913   +  0.1704    0.748515    0.709382
  6  post_entropy       0.5672   -  0.1288     0.59923    0.632447
  7  delta_argdisp      0.5671   +  0.1084   44.079129   37.472098
  8  feat_left_pc1      0.5426   -  0.0699    2.415799    2.638331
  9  feat_left_l2       0.5217   +  0.0122   17.082054   17.031206
 10  feat_left_pc3      0.5138   +  0.0221    1.984183    1.918427
 11  feat_left_pc2       0.511   -   0.015    1.910879    1.956787
BEST: delta_conf (AUC=0.6376, polarity=+)
저장: D:\Users\dust\Documents\학교\2026년도1학기\컴퓨터비전\실습\FoundationStereo\experiments\ds_v2_seed1/sunlight_v63\features\report.json / panels.png / mirror_signal.npy
[device] cuda
  [train] epoch 60/300  loss=0.6471
  [train] epoch 120/300  loss=0.4031
  [train] epoch 180/300  loss=0.2553
  [train] epoch 240/300  loss=0.1694
  [train] epoch 300/300  loss=0.1182

[VAL] scene=ds_v2_seed1/sunlight_v63  (pixel 70/30 split)
  AUC      = 0.9936
  IoU@0.5  = 0.7962
  F1@0.5   = 0.8866
  accuracy = 0.9644  (prec=0.8238, rec=0.9597)
  tp=2454 fp=525 fn=103 tn=14582

[save] D:\Users\dust\Documents\학교\2026년도1학기\컴퓨터비전\실습\FoundationStereo\experiments\ds_v2_seed1/sunlight_v63\submodel
  pred_mask.png, panel.png, metrics.json, head.pt
DONE: D:\Users\dust\Documents\학교\2026년도1학기\컴퓨터비전\실습\FoundationStereo\experiments\ds_v2_seed1/sunlight_v63\submodel
[device] cuda
[load] D:\Users\dust\Documents\학교\2026년도1학기\컴퓨터비전\실습\FoundationStereo\experiments\_model\general_head.pt  (train_scenes=['archiviz_baseline080', 'bedroom_baseline080', 'blue_bathroom_baseline080', 'computer_room_baseline080', 'cozy_living_room_baseline080', 'flat-archiviz_baseline080', 'green_house_baseline080', 'gym_baseline080', 'livingroom_baseline080', 'minimal_interior_baseline080', 'scandinavian_baseline080', 'sunlight_baseline080'])

[APPLY] ds_v2_seed1/sunlight_v63  (저장모델로 새 데이터 평가)
  AUC      = 0.9380
  IoU@0.5  = 0.4933
  F1@0.5   = 0.6607
  accuracy = 0.8758  (prec=0.5472, rec=0.8337)
  tp=7122 fp=5894 fn=1421 tn=44443
[save] D:\Users\dust\Documents\학교\2026년도1학기\컴퓨터비전\실습\FoundationStereo\experiments\ds_v2_seed1/sunlight_v63\submodel_applied  (pred_mask.png, panel.png, metrics.json)

============================================================
STEP: estimate_mirror_plane
============================================================

============================================================
STEP: viz_ransac_inliers
============================================================

============================================================
STEP: make_mirror_gt_from_depth
============================================================

============================================================
STEP: analyze_features
============================================================

============================================================
STEP: submodel_head
============================================================

============================================================
STEP: apply_submodel
============================================================

DONE: D:\Users\dust\Documents\학교\2026년도1학기\컴퓨터비전\실습\FoundationStereo\experiments\ds_v2_seed1/sunlight_v63 (ok)

##### [65/132] ds_v2_seed1/sunlight_v64  (done 31, fail 0, skip 33, elapsed 19m, ETA 42m) #####
[scene] ds_v2_seed1/sunlight_v64  size=1280x720
[select] mirror 점 개수 = 196882  (mask=196882, valid&depth = 904304)
[conf] mirror 영역 평균 confidence = 0.7114

=== 평면 추정 결과 ===
  [PCA (closed form)]
      normal = [+0.5099, -0.5928, -0.6233]
      d = +4.2487   mirror_depth(perp) = 4.2487 m   view_z = 11.3026 m
      n_inliers = 196882/196882   rms_residual = 0.70115 m
  [RANSAC]
      normal = [+0.7481, +0.1036, -0.6554]
      d = +5.4378   mirror_depth(perp) = 5.4378 m   view_z = 11.3026 m
      n_inliers = 104747/196882   rms_residual = 0.02742 m
  [SVD robust (IRLS)]
      normal = [+0.5514, -0.5247, -0.6486]
      d = +4.5253   mirror_depth(perp) = 4.5253 m   view_z = 11.3026 m
      n_inliers = 26545/196882   rms_residual = 0.06640 m

[save] D:\Users\dust\Documents\학교\2026년도1학기\컴퓨터비전\실습\FoundationStereo\experiments\ds_v2_seed1/sunlight_v64\mirror_geometry\result.json
[save] D:\Users\dust\Documents\학교\2026년도1학기\컴퓨터비전\실습\FoundationStereo\experiments\ds_v2_seed1/sunlight_v64\mirror_geometry\plane.txt
[save] D:\Users\dust\Documents\학교\2026년도1학기\컴퓨터비전\실습\FoundationStereo\experiments\ds_v2_seed1/sunlight_v64\mirror_geometry\viz.png

DONE: D:\Users\dust\Documents\학교\2026년도1학기\컴퓨터비전\실습\FoundationStereo\experiments\ds_v2_seed1/sunlight_v64\mirror_geometry
[ds_v2_seed1/sunlight_v64] 거울 점 196882개 중 inlier 104747 (53.2%) / outlier 92135
  normal=[ 0.748  0.104 -0.655] d=5.438  rms(inlier)=0.0274 m  thr≈0.114 m
[save] D:\Users\dust\Documents\학교\2026년도1학기\컴퓨터비전\실습\FoundationStereo\experiments\ds_v2_seed1/sunlight_v64\mirror_geometry\ransac_inliers.png
[gt] sunlight_v64                 perp 7.67m planRMS 0.0659m  normal [-0.668, 0.153, -0.728]

생성 1, 건너뜀 0 (depth_gt/mask 없음 등)
[ds_v2_seed1/sunlight_v64] feature 184x320  mirror_frac=0.21372282608695653  feat_left=True
rank  signal              AUC    pol  sep     mean_in     mean_out
  1  post_entropy       0.6041   +  0.1681    0.639046    0.597612
  2  pre_entropy        0.5974   +  0.1436    2.193032    1.960449
  3  pre_conf           0.5948   -  0.1915    0.345431    0.426305
  4  delta_entropy      0.5808   -  0.1182   -1.553986   -1.362837
  5  delta_conf          0.567   +  0.1389    0.365532    0.299033
  6  delta_argdisp      0.5393   +  0.0657   46.237365   42.040047
  7  post_conf          0.5358   -  0.0597    0.710963    0.725339
  8  feat_left_pc2      0.5196   +   0.034    1.972938    1.869467
  9  feat_left_pc3       0.516   +  0.0271    1.964857    1.884577
 10  feat_left_l2       0.5065   +  0.0081   17.062483   17.094934
 11  feat_left_pc1      0.5018   +   0.009    2.575883     2.54742
BEST: post_entropy (AUC=0.6041, polarity=+)
저장: D:\Users\dust\Documents\학교\2026년도1학기\컴퓨터비전\실습\FoundationStereo\experiments\ds_v2_seed1/sunlight_v64\features\report.json / panels.png / mirror_signal.npy
[device] cuda
  [train] epoch 60/300  loss=0.5873
  [train] epoch 120/300  loss=0.3752
  [train] epoch 180/300  loss=0.2536
  [train] epoch 240/300  loss=0.1798
  [train] epoch 300/300  loss=0.1327

[VAL] scene=ds_v2_seed1/sunlight_v64  (pixel 70/30 split)
  AUC      = 0.9920
  IoU@0.5  = 0.8280
  F1@0.5   = 0.9059
  accuracy = 0.9578  (prec=0.8634, rec=0.9528)
  tp=3591 fp=568 fn=178 tn=13327

[save] D:\Users\dust\Documents\학교\2026년도1학기\컴퓨터비전\실습\FoundationStereo\experiments\ds_v2_seed1/sunlight_v64\submodel
  pred_mask.png, panel.png, metrics.json, head.pt
DONE: D:\Users\dust\Documents\학교\2026년도1학기\컴퓨터비전\실습\FoundationStereo\experiments\ds_v2_seed1/sunlight_v64\submodel
[device] cuda
[load] D:\Users\dust\Documents\학교\2026년도1학기\컴퓨터비전\실습\FoundationStereo\experiments\_model\general_head.pt  (train_scenes=['archiviz_baseline080', 'bedroom_baseline080', 'blue_bathroom_baseline080', 'computer_room_baseline080', 'cozy_living_room_baseline080', 'flat-archiviz_baseline080', 'green_house_baseline080', 'gym_baseline080', 'livingroom_baseline080', 'minimal_interior_baseline080', 'scandinavian_baseline080', 'sunlight_baseline080'])

[APPLY] ds_v2_seed1/sunlight_v64  (저장모델로 새 데이터 평가)
  AUC      = 0.9473
  IoU@0.5  = 0.6053
  F1@0.5   = 0.7541
  accuracy = 0.8843  (prec=0.6910, rec=0.8299)
  tp=10444 fp=4670 fn=2140 tn=41626
[save] D:\Users\dust\Documents\학교\2026년도1학기\컴퓨터비전\실습\FoundationStereo\experiments\ds_v2_seed1/sunlight_v64\submodel_applied  (pred_mask.png, panel.png, metrics.json)

============================================================
STEP: estimate_mirror_plane
============================================================

============================================================
STEP: viz_ransac_inliers
============================================================

============================================================
STEP: make_mirror_gt_from_depth
============================================================

============================================================
STEP: analyze_features
============================================================

============================================================
STEP: submodel_head
============================================================

============================================================
STEP: apply_submodel
============================================================

DONE: D:\Users\dust\Documents\학교\2026년도1학기\컴퓨터비전\실습\FoundationStereo\experiments\ds_v2_seed1/sunlight_v64 (ok)

##### [66/132] ds_v2_seed1/sunlight_v65  (done 32, fail 0, skip 33, elapsed 20m, ETA 42m) #####
[scene] ds_v2_seed1/sunlight_v65  size=1280x720
[select] mirror 점 개수 = 191850  (mask=191850, valid&depth = 904343)
[conf] mirror 영역 평균 confidence = 0.7345

=== 평면 추정 결과 ===
  [PCA (closed form)]
      normal = [+0.4781, -0.7311, -0.4868]
      d = +4.0675   mirror_depth(perp) = 4.0675 m   view_z = 12.2393 m
      n_inliers = 191850/191850   rms_residual = 0.79092 m
  [RANSAC]
      normal = [+0.8796, +0.1134, -0.4620]
      d = +5.6373   mirror_depth(perp) = 5.6373 m   view_z = 12.2393 m
      n_inliers = 89953/191850   rms_residual = 0.04585 m
  [SVD robust (IRLS)]
      normal = [+0.4960, -0.7223, -0.4820]
      d = +4.0267   mirror_depth(perp) = 4.0267 m   view_z = 12.2393 m
      n_inliers = 20195/191850   rms_residual = 0.06856 m

[save] D:\Users\dust\Documents\학교\2026년도1학기\컴퓨터비전\실습\FoundationStereo\experiments\ds_v2_seed1/sunlight_v65\mirror_geometry\result.json
[save] D:\Users\dust\Documents\학교\2026년도1학기\컴퓨터비전\실습\FoundationStereo\experiments\ds_v2_seed1/sunlight_v65\mirror_geometry\plane.txt
[save] D:\Users\dust\Documents\학교\2026년도1학기\컴퓨터비전\실습\FoundationStereo\experiments\ds_v2_seed1/sunlight_v65\mirror_geometry\viz.png

DONE: D:\Users\dust\Documents\학교\2026년도1학기\컴퓨터비전\실습\FoundationStereo\experiments\ds_v2_seed1/sunlight_v65\mirror_geometry
[ds_v2_seed1/sunlight_v65] 거울 점 191850개 중 inlier 89953 (46.9%) / outlier 101897
  normal=[ 0.88   0.113 -0.462] d=5.637  rms(inlier)=0.0459 m  thr≈0.119 m
[save] D:\Users\dust\Documents\학교\2026년도1학기\컴퓨터비전\실습\FoundationStereo\experiments\ds_v2_seed1/sunlight_v65\mirror_geometry\ransac_inliers.png
[gt] sunlight_v65                 perp 7.84m planRMS 0.0640m  normal [-0.47, 0.161, -0.868]

생성 1, 건너뜀 0 (depth_gt/mask 없음 등)
[ds_v2_seed1/sunlight_v65] feature 184x320  mirror_frac=0.2092561141304348  feat_left=True
rank  signal              AUC    pol  sep     mean_in     mean_out
  1  delta_conf         0.5924   +  0.1758    0.386793    0.305854
  2  feat_left_l2       0.5891   +  0.1355   17.609384    17.01346
  3  delta_entropy      0.5888   -  0.1211   -1.555169    -1.35999
  4  pre_entropy        0.5788   +  0.1066    2.176663    2.002798
  5  pre_conf           0.5658   -  0.1439    0.347875     0.40864
  6  feat_left_pc1      0.5483   -  0.0766     2.38469    2.618971
  7  post_conf          0.5437   +   0.084    0.734667    0.714494
  8  feat_left_pc3      0.5398   +  0.0713    2.022057    1.806718
  9  delta_argdisp      0.5329   +  0.0556   47.154371   43.729225
 10  feat_left_pc2      0.5276   -  0.0492    1.847283    1.983788
 11  post_entropy       0.5109   -  0.0739    0.621494    0.642808
BEST: delta_conf (AUC=0.5924, polarity=+)
저장: D:\Users\dust\Documents\학교\2026년도1학기\컴퓨터비전\실습\FoundationStereo\experiments\ds_v2_seed1/sunlight_v65\features\report.json / panels.png / mirror_signal.npy
[device] cuda
  [train] epoch 60/300  loss=0.5505
  [train] epoch 120/300  loss=0.3548
  [train] epoch 180/300  loss=0.2433
  [train] epoch 240/300  loss=0.1705
  [train] epoch 300/300  loss=0.1227

[VAL] scene=ds_v2_seed1/sunlight_v65  (pixel 70/30 split)
  AUC      = 0.9946
  IoU@0.5  = 0.8558
  F1@0.5   = 0.9223
  accuracy = 0.9660  (prec=0.8819, rec=0.9666)
  tp=3561 fp=477 fn=123 tn=13503

[save] D:\Users\dust\Documents\학교\2026년도1학기\컴퓨터비전\실습\FoundationStereo\experiments\ds_v2_seed1/sunlight_v65\submodel
  pred_mask.png, panel.png, metrics.json, head.pt
DONE: D:\Users\dust\Documents\학교\2026년도1학기\컴퓨터비전\실습\FoundationStereo\experiments\ds_v2_seed1/sunlight_v65\submodel
[device] cuda
[load] D:\Users\dust\Documents\학교\2026년도1학기\컴퓨터비전\실습\FoundationStereo\experiments\_model\general_head.pt  (train_scenes=['archiviz_baseline080', 'bedroom_baseline080', 'blue_bathroom_baseline080', 'computer_room_baseline080', 'cozy_living_room_baseline080', 'flat-archiviz_baseline080', 'green_house_baseline080', 'gym_baseline080', 'livingroom_baseline080', 'minimal_interior_baseline080', 'scandinavian_baseline080', 'sunlight_baseline080'])

[APPLY] ds_v2_seed1/sunlight_v65  (저장모델로 새 데이터 평가)
  AUC      = 0.9421
  IoU@0.5  = 0.5671
  F1@0.5   = 0.7237
  accuracy = 0.8606  (prec=0.6183, rec=0.8724)
  tp=10749 fp=6635 fn=1572 tn=39924
[save] D:\Users\dust\Documents\학교\2026년도1학기\컴퓨터비전\실습\FoundationStereo\experiments\ds_v2_seed1/sunlight_v65\submodel_applied  (pred_mask.png, panel.png, metrics.json)

============================================================
STEP: estimate_mirror_plane
============================================================

============================================================
STEP: viz_ransac_inliers
============================================================

============================================================
STEP: make_mirror_gt_from_depth
============================================================

============================================================
STEP: analyze_features
============================================================

============================================================
STEP: submodel_head
============================================================

============================================================
STEP: apply_submodel
============================================================

DONE: D:\Users\dust\Documents\학교\2026년도1학기\컴퓨터비전\실습\FoundationStereo\experiments\ds_v2_seed1/sunlight_v65 (ok)

##### [119/132] ds_v2_seed1/terrazzo_v52  (done 33, fail 0, skip 85, elapsed 21m, ETA 9m) #####
[scene] ds_v2_seed1/terrazzo_v52  size=1280x720
[select] mirror 점 개수 = 315218  (mask=331313, valid&depth = 904515)
[conf] mirror 영역 평균 confidence = 0.7227

=== 평면 추정 결과 ===
  [PCA (closed form)]
      normal = [-0.5378, -0.5599, -0.6303]
      d = +4.0537   mirror_depth(perp) = 4.0537 m   view_z = 8.2138 m
      n_inliers = 315218/315218   rms_residual = 0.46804 m
  [RANSAC]
      normal = [-0.6686, +0.1129, -0.7350]
      d = +5.1381   mirror_depth(perp) = 5.1381 m   view_z = 8.2138 m
      n_inliers = 173904/315218   rms_residual = 0.01156 m
  [SVD robust (IRLS)]
      normal = [-0.4834, -0.5743, -0.6607]
      d = +4.5013   mirror_depth(perp) = 4.5013 m   view_z = 8.2138 m
      n_inliers = 44402/315218   rms_residual = 0.05094 m

[save] D:\Users\dust\Documents\학교\2026년도1학기\컴퓨터비전\실습\FoundationStereo\experiments\ds_v2_seed1/terrazzo_v52\mirror_geometry\result.json
[save] D:\Users\dust\Documents\학교\2026년도1학기\컴퓨터비전\실습\FoundationStereo\experiments\ds_v2_seed1/terrazzo_v52\mirror_geometry\plane.txt
[save] D:\Users\dust\Documents\학교\2026년도1학기\컴퓨터비전\실습\FoundationStereo\experiments\ds_v2_seed1/terrazzo_v52\mirror_geometry\viz.png

DONE: D:\Users\dust\Documents\학교\2026년도1학기\컴퓨터비전\실습\FoundationStereo\experiments\ds_v2_seed1/terrazzo_v52\mirror_geometry
[ds_v2_seed1/terrazzo_v52] 거울 점 315218개 중 inlier 173904 (55.2%) / outlier 141314
  normal=[-0.669  0.113 -0.735] d=5.138  rms(inlier)=0.0116 m  thr≈0.084 m
[save] D:\Users\dust\Documents\학교\2026년도1학기\컴퓨터비전\실습\FoundationStereo\experiments\ds_v2_seed1/terrazzo_v52\mirror_geometry\ransac_inliers.png
[gt] terrazzo_v52                 perp 4.69m planRMS 0.0000m  normal [0.743, 0.133, -0.656]

생성 1, 건너뜀 0 (depth_gt/mask 없음 등)
[ds_v2_seed1/terrazzo_v52] feature 184x320  mirror_frac=0.36171875  feat_left=True
rank  signal              AUC    pol  sep     mean_in     mean_out
  1  feat_left_pc1      0.5867   +  0.1447    2.449627    1.906985
  2  post_conf          0.5478   +  0.0844    0.716789    0.696447
  3  feat_left_pc3      0.5399   -  0.0147    1.778042    1.823223
  4  post_entropy       0.5391   -  0.0769    0.616644    0.635986
  5  feat_left_l2       0.5373   -  0.0427   16.584605   16.801766
  6  delta_argdisp      0.5319   +  0.0888   39.148324   33.408839
  7  pre_conf           0.5205   +  0.0538     0.43573    0.410054
  8  pre_entropy        0.5147   -  0.0191    1.964761    1.929461
  9  feat_left_pc2      0.5078   -  0.0201    2.126733    2.183749
 10  delta_conf         0.5062   +  0.0102    0.281059    0.286393
 11  delta_entropy      0.5056   +  0.0297   -1.348117   -1.293475
BEST: feat_left_pc1 (AUC=0.5867, polarity=+)
저장: D:\Users\dust\Documents\학교\2026년도1학기\컴퓨터비전\실습\FoundationStereo\experiments\ds_v2_seed1/terrazzo_v52\features\report.json / panels.png / mirror_signal.npy
[device] cuda
  [train] epoch 60/300  loss=0.5171
  [train] epoch 120/300  loss=0.3760
  [train] epoch 180/300  loss=0.2837
  [train] epoch 240/300  loss=0.2154
  [train] epoch 300/300  loss=0.1656

[VAL] scene=ds_v2_seed1/terrazzo_v52  (pixel 70/30 split)
  AUC      = 0.9858
  IoU@0.5  = 0.8442
  F1@0.5   = 0.9155
  accuracy = 0.9375  (prec=0.8882, rec=0.9446)
  tp=5982 fp=753 fn=351 tn=10578

[save] D:\Users\dust\Documents\학교\2026년도1학기\컴퓨터비전\실습\FoundationStereo\experiments\ds_v2_seed1/terrazzo_v52\submodel
  pred_mask.png, panel.png, metrics.json, head.pt
DONE: D:\Users\dust\Documents\학교\2026년도1학기\컴퓨터비전\실습\FoundationStereo\experiments\ds_v2_seed1/terrazzo_v52\submodel
[device] cuda
[load] D:\Users\dust\Documents\학교\2026년도1학기\컴퓨터비전\실습\FoundationStereo\experiments\_model\general_head.pt  (train_scenes=['archiviz_baseline080', 'bedroom_baseline080', 'blue_bathroom_baseline080', 'computer_room_baseline080', 'cozy_living_room_baseline080', 'flat-archiviz_baseline080', 'green_house_baseline080', 'gym_baseline080', 'livingroom_baseline080', 'minimal_interior_baseline080', 'scandinavian_baseline080', 'sunlight_baseline080'])

[APPLY] ds_v2_seed1/terrazzo_v52  (저장모델로 새 데이터 평가)
  AUC      = 0.8998
  IoU@0.5  = 0.1963
  F1@0.5   = 0.3282
  accuracy = 0.7061  (prec=0.9471, rec=0.1985)
  tp=4228 fp=236 fn=17070 tn=37346
[save] D:\Users\dust\Documents\학교\2026년도1학기\컴퓨터비전\실습\FoundationStereo\experiments\ds_v2_seed1/terrazzo_v52\submodel_applied  (pred_mask.png, panel.png, metrics.json)

============================================================
STEP: estimate_mirror_plane
============================================================

============================================================
STEP: viz_ransac_inliers
============================================================

============================================================
STEP: make_mirror_gt_from_depth
============================================================

============================================================
STEP: analyze_features
============================================================

============================================================
STEP: submodel_head
============================================================

============================================================
STEP: apply_submodel
============================================================

DONE: D:\Users\dust\Documents\학교\2026년도1학기\컴퓨터비전\실습\FoundationStereo\experiments\ds_v2_seed1/terrazzo_v52 (ok)

##### [120/132] ds_v2_seed1/terrazzo_v53  (done 34, fail 0, skip 85, elapsed 21m, ETA 8m) #####
[scene] ds_v2_seed1/terrazzo_v53  size=1280x720
[select] mirror 점 개수 = 676161  (mask=691110, valid&depth = 906651)
[conf] mirror 영역 평균 confidence = 0.7022

=== 평면 추정 결과 ===
  [PCA (closed form)]
      normal = [-0.2129, -0.8989, -0.3829]
      d = +2.8203   mirror_depth(perp) = 2.8203 m   view_z = 8.8220 m
      n_inliers = 676161/676161   rms_residual = 0.43005 m
  [RANSAC]
      normal = [-0.0539, -0.9719, -0.2290]
      d = +2.1361   mirror_depth(perp) = 2.1361 m   view_z = 8.8220 m
      n_inliers = 227293/676161   rms_residual = 0.03465 m
  [SVD robust (IRLS)]
      normal = [-0.2325, -0.8937, -0.3837]
      d = +2.8343   mirror_depth(perp) = 2.8343 m   view_z = 8.8220 m
      n_inliers = 171723/676161   rms_residual = 0.07532 m

[save] D:\Users\dust\Documents\학교\2026년도1학기\컴퓨터비전\실습\FoundationStereo\experiments\ds_v2_seed1/terrazzo_v53\mirror_geometry\result.json
[save] D:\Users\dust\Documents\학교\2026년도1학기\컴퓨터비전\실습\FoundationStereo\experiments\ds_v2_seed1/terrazzo_v53\mirror_geometry\plane.txt
[save] D:\Users\dust\Documents\학교\2026년도1학기\컴퓨터비전\실습\FoundationStereo\experiments\ds_v2_seed1/terrazzo_v53\mirror_geometry\viz.png

DONE: D:\Users\dust\Documents\학교\2026년도1학기\컴퓨터비전\실습\FoundationStereo\experiments\ds_v2_seed1/terrazzo_v53\mirror_geometry
[ds_v2_seed1/terrazzo_v53] 거울 점 676161개 중 inlier 227293 (33.6%) / outlier 448868
  normal=[-0.054 -0.972 -0.229] d=2.136  rms(inlier)=0.0346 m  thr≈0.133 m
[save] D:\Users\dust\Documents\학교\2026년도1학기\컴퓨터비전\실습\FoundationStereo\experiments\ds_v2_seed1/terrazzo_v53\mirror_geometry\ransac_inliers.png
[gt] terrazzo_v53                 perp 4.67m planRMS 0.0000m  normal [0.488, 0.171, -0.856]

생성 1, 건너뜀 0 (depth_gt/mask 없음 등)
[ds_v2_seed1/terrazzo_v53] feature 184x320  mirror_frac=0.7532438858695653  feat_left=True
rank  signal              AUC    pol  sep     mean_in     mean_out
  1  feat_left_l2       0.5995   -  0.1584   16.600372   17.366962
  2  feat_left_pc1      0.5921   +  0.1598    2.455252    1.977592
  3  delta_argdisp      0.5916   +  0.2102   39.987193   27.178195
  4  feat_left_pc3      0.5575   -  0.0667    1.655895    1.841426
  5  post_entropy       0.5502   -  0.0965    0.621808    0.649011
  6  delta_entropy      0.5375   -  0.0837   -1.307695   -1.163041
  7  pre_entropy        0.5275   +  0.0673    1.929503    1.812052
  8  feat_left_pc2      0.5234   -  0.0537    2.052519    2.211122
  9  delta_conf         0.5141   +  0.0158    0.268445    0.260344
 10  pre_conf           0.5111   -  0.0082    0.432591     0.43644
 11  post_conf          0.5096   +  0.0171    0.701036    0.696785
BEST: feat_left_l2 (AUC=0.5995, polarity=-)
저장: D:\Users\dust\Documents\학교\2026년도1학기\컴퓨터비전\실습\FoundationStereo\experiments\ds_v2_seed1/terrazzo_v53\features\report.json / panels.png / mirror_signal.npy
[device] cuda
  [train] epoch 60/300  loss=0.1481
  [train] epoch 120/300  loss=0.0921
  [train] epoch 180/300  loss=0.0630
  [train] epoch 240/300  loss=0.0459
  [train] epoch 300/300  loss=0.0347

[VAL] scene=ds_v2_seed1/terrazzo_v53  (pixel 70/30 split)
  AUC      = 0.9953
  IoU@0.5  = 0.9556
  F1@0.5   = 0.9773
  accuracy = 0.9663  (prec=0.9862, rec=0.9686)
  tp=12817 fp=180 fn=416 tn=4251

[save] D:\Users\dust\Documents\학교\2026년도1학기\컴퓨터비전\실습\FoundationStereo\experiments\ds_v2_seed1/terrazzo_v53\submodel
  pred_mask.png, panel.png, metrics.json, head.pt
DONE: D:\Users\dust\Documents\학교\2026년도1학기\컴퓨터비전\실습\FoundationStereo\experiments\ds_v2_seed1/terrazzo_v53\submodel
[device] cuda
[load] D:\Users\dust\Documents\학교\2026년도1학기\컴퓨터비전\실습\FoundationStereo\experiments\_model\general_head.pt  (train_scenes=['archiviz_baseline080', 'bedroom_baseline080', 'blue_bathroom_baseline080', 'computer_room_baseline080', 'cozy_living_room_baseline080', 'flat-archiviz_baseline080', 'green_house_baseline080', 'gym_baseline080', 'livingroom_baseline080', 'minimal_interior_baseline080', 'scandinavian_baseline080', 'sunlight_baseline080'])

[APPLY] ds_v2_seed1/terrazzo_v53  (저장모델로 새 데이터 평가)
  AUC      = 0.9464
  IoU@0.5  = 0.1941
  F1@0.5   = 0.3250
  accuracy = 0.3929  (prec=0.9999, rec=0.1941)
  tp=8607 fp=1 fn=35744 tn=14528
[save] D:\Users\dust\Documents\학교\2026년도1학기\컴퓨터비전\실습\FoundationStereo\experiments\ds_v2_seed1/terrazzo_v53\submodel_applied  (pred_mask.png, panel.png, metrics.json)

============================================================
STEP: estimate_mirror_plane
============================================================

============================================================
STEP: viz_ransac_inliers
============================================================

============================================================
STEP: make_mirror_gt_from_depth
============================================================

============================================================
STEP: analyze_features
============================================================

============================================================
STEP: submodel_head
============================================================

============================================================
STEP: apply_submodel
============================================================

DONE: D:\Users\dust\Documents\학교\2026년도1학기\컴퓨터비전\실습\FoundationStereo\experiments\ds_v2_seed1/terrazzo_v53 (ok)

##### [121/132] ds_v2_seed1/terrazzo_v54  (done 35, fail 0, skip 85, elapsed 23m, ETA 8m) #####
[scene] ds_v2_seed1/terrazzo_v54  size=1280x720
[select] mirror 점 개수 = 780797  (mask=791890, valid&depth = 910507)
[conf] mirror 영역 평균 confidence = 0.7041

=== 평면 추정 결과 ===
  [PCA (closed form)]
      normal = [-0.4489, -0.7636, -0.4640]
      d = +4.1983   mirror_depth(perp) = 4.1983 m   view_z = 10.0051 m
      n_inliers = 780797/780797   rms_residual = 0.79581 m
  [RANSAC]
      normal = [-0.8578, +0.0508, -0.5114]
      d = +5.2669   mirror_depth(perp) = 5.2669 m   view_z = 10.0051 m
      n_inliers = 284193/780797   rms_residual = 0.02678 m
  [SVD robust (IRLS)]
      normal = [-0.4546, -0.7779, -0.4338]
      d = +3.8476   mirror_depth(perp) = 3.8476 m   view_z = 10.0051 m
      n_inliers = 86618/780797   rms_residual = 0.07839 m

[save] D:\Users\dust\Documents\학교\2026년도1학기\컴퓨터비전\실습\FoundationStereo\experiments\ds_v2_seed1/terrazzo_v54\mirror_geometry\result.json
[save] D:\Users\dust\Documents\학교\2026년도1학기\컴퓨터비전\실습\FoundationStereo\experiments\ds_v2_seed1/terrazzo_v54\mirror_geometry\plane.txt
[save] D:\Users\dust\Documents\학교\2026년도1학기\컴퓨터비전\실습\FoundationStereo\experiments\ds_v2_seed1/terrazzo_v54\mirror_geometry\viz.png

DONE: D:\Users\dust\Documents\학교\2026년도1학기\컴퓨터비전\실습\FoundationStereo\experiments\ds_v2_seed1/terrazzo_v54\mirror_geometry
[ds_v2_seed1/terrazzo_v54] 거울 점 780797개 중 inlier 284193 (36.4%) / outlier 496604
  normal=[-0.858  0.051 -0.511] d=5.267  rms(inlier)=0.0268 m  thr≈0.135 m
[save] D:\Users\dust\Documents\학교\2026년도1학기\컴퓨터비전\실습\FoundationStereo\experiments\ds_v2_seed1/terrazzo_v54\mirror_geometry\ransac_inliers.png
[gt] terrazzo_v54                 perp 4.76m planRMS 0.0000m  normal [0.527, 0.037, -0.849]

생성 1, 건너뜀 0 (depth_gt/mask 없음 등)
[ds_v2_seed1/terrazzo_v54] feature 184x320  mirror_frac=0.8610224184782609  feat_left=True
rank  signal              AUC    pol  sep     mean_in     mean_out
  1  delta_argdisp      0.6461   +  0.3075   44.492948   26.149578
  2  feat_left_l2       0.6015   -  0.1786   16.622242   17.704743
  3  feat_left_pc1      0.5747   +   0.154     2.76109    2.290994
  4  post_conf          0.5362   +  0.0649    0.701857    0.686088
  5  feat_left_pc3      0.5362   -  0.0536    1.627295    1.780037
  6  delta_conf         0.5104   +  0.0026    0.273262    0.271966
  7  pre_conf           0.5079   +  0.0327    0.428595    0.414122
  8  feat_left_pc2      0.5076   +  0.0391    2.288949    2.423538
  9  delta_entropy       0.502   +  0.0062   -1.276581   -1.266543
 10  pre_entropy        0.5014   -  0.0089     1.90653    1.892202
 11  post_entropy       0.5006   -  0.0182    0.629949    0.625658
BEST: delta_argdisp (AUC=0.6461, polarity=+)
저장: D:\Users\dust\Documents\학교\2026년도1학기\컴퓨터비전\실습\FoundationStereo\experiments\ds_v2_seed1/terrazzo_v54\features\report.json / panels.png / mirror_signal.npy
[device] cuda
  [train] epoch 60/300  loss=0.0692
  [train] epoch 120/300  loss=0.0373
  [train] epoch 180/300  loss=0.0236
  [train] epoch 240/300  loss=0.0162
  [train] epoch 300/300  loss=0.0117

[VAL] scene=ds_v2_seed1/terrazzo_v54  (pixel 70/30 split)
  AUC      = 0.9979
  IoU@0.5  = 0.9806
  F1@0.5   = 0.9902
  accuracy = 0.9833  (prec=0.9965, rec=0.9841)
  tp=14938 fp=53 fn=242 tn=2431

[save] D:\Users\dust\Documents\학교\2026년도1학기\컴퓨터비전\실습\FoundationStereo\experiments\ds_v2_seed1/terrazzo_v54\submodel
  pred_mask.png, panel.png, metrics.json, head.pt
DONE: D:\Users\dust\Documents\학교\2026년도1학기\컴퓨터비전\실습\FoundationStereo\experiments\ds_v2_seed1/terrazzo_v54\submodel
[device] cuda
[load] D:\Users\dust\Documents\학교\2026년도1학기\컴퓨터비전\실습\FoundationStereo\experiments\_model\general_head.pt  (train_scenes=['archiviz_baseline080', 'bedroom_baseline080', 'blue_bathroom_baseline080', 'computer_room_baseline080', 'cozy_living_room_baseline080', 'flat-archiviz_baseline080', 'green_house_baseline080', 'gym_baseline080', 'livingroom_baseline080', 'minimal_interior_baseline080', 'scandinavian_baseline080', 'sunlight_baseline080'])

[APPLY] ds_v2_seed1/terrazzo_v54  (저장모델로 새 데이터 평가)
  AUC      = 0.9529
  IoU@0.5  = 0.1930
  F1@0.5   = 0.3236
  accuracy = 0.3051  (prec=0.9998, rec=0.1930)
  tp=9786 fp=2 fn=40911 tn=8181
[save] D:\Users\dust\Documents\학교\2026년도1학기\컴퓨터비전\실습\FoundationStereo\experiments\ds_v2_seed1/terrazzo_v54\submodel_applied  (pred_mask.png, panel.png, metrics.json)

============================================================
STEP: estimate_mirror_plane
============================================================

============================================================
STEP: viz_ransac_inliers
============================================================

============================================================
STEP: make_mirror_gt_from_depth
============================================================

============================================================
STEP: analyze_features
============================================================

============================================================
STEP: submodel_head
============================================================

============================================================
STEP: apply_submodel
============================================================

DONE: D:\Users\dust\Documents\학교\2026년도1학기\컴퓨터비전\실습\FoundationStereo\experiments\ds_v2_seed1/terrazzo_v54 (ok)

##### [122/132] ds_v2_seed1/terrazzo_v55  (done 36, fail 0, skip 85, elapsed 24m, ETA 7m) #####
[scene] ds_v2_seed1/terrazzo_v55  size=1280x720
[select] mirror 점 개수 = 536705  (mask=551951, valid&depth = 906354)
[conf] mirror 영역 평균 confidence = 0.7051

=== 평면 추정 결과 ===
  [PCA (closed form)]
      normal = [-0.2385, -0.8774, -0.4163]
      d = +3.0284   mirror_depth(perp) = 3.0284 m   view_z = 8.6929 m
      n_inliers = 536705/536705   rms_residual = 0.53558 m
  [RANSAC]
      normal = [-0.7813, +0.0958, -0.6168]
      d = +5.2370   mirror_depth(perp) = 5.2370 m   view_z = 8.6929 m
      n_inliers = 187250/536705   rms_residual = 0.02644 m
  [SVD robust (IRLS)]
      normal = [-0.2145, -0.8801, -0.4236]
      d = +3.1411   mirror_depth(perp) = 3.1411 m   view_z = 8.6929 m
      n_inliers = 92047/536705   rms_residual = 0.07315 m

[save] D:\Users\dust\Documents\학교\2026년도1학기\컴퓨터비전\실습\FoundationStereo\experiments\ds_v2_seed1/terrazzo_v55\mirror_geometry\result.json
[save] D:\Users\dust\Documents\학교\2026년도1학기\컴퓨터비전\실습\FoundationStereo\experiments\ds_v2_seed1/terrazzo_v55\mirror_geometry\plane.txt
[save] D:\Users\dust\Documents\학교\2026년도1학기\컴퓨터비전\실습\FoundationStereo\experiments\ds_v2_seed1/terrazzo_v55\mirror_geometry\viz.png

DONE: D:\Users\dust\Documents\학교\2026년도1학기\컴퓨터비전\실습\FoundationStereo\experiments\ds_v2_seed1/terrazzo_v55\mirror_geometry
[ds_v2_seed1/terrazzo_v55] 거울 점 536705개 중 inlier 187250 (34.9%) / outlier 349455
  normal=[-0.781  0.096 -0.617] d=5.237  rms(inlier)=0.0264 m  thr≈0.124 m
[save] D:\Users\dust\Documents\학교\2026년도1학기\컴퓨터비전\실습\FoundationStereo\experiments\ds_v2_seed1/terrazzo_v55\mirror_geometry\ransac_inliers.png
[gt] terrazzo_v55                 perp 4.67m planRMS 0.0000m  normal [0.632, 0.119, -0.766]

생성 1, 건너뜀 0 (depth_gt/mask 없음 등)
[ds_v2_seed1/terrazzo_v55] feature 184x320  mirror_frac=0.6013756793478261  feat_left=True
rank  signal              AUC    pol  sep     mean_in     mean_out
  1  feat_left_l2       0.5839   -  0.1328   16.530414   17.204907
  2  delta_argdisp      0.5826   +  0.1883   42.763845   30.976056
  3  feat_left_pc1      0.5785   +  0.1322    2.428222    2.006947
  4  post_entropy       0.5417   -  0.0637    0.628015    0.643019
  5  delta_entropy      0.5405   -  0.0979   -1.408301   -1.237304
  6  post_conf          0.5399   +  0.0691    0.703356    0.687136
  7  feat_left_pc3      0.5393   -  0.0432    1.653677    1.776543
  8  pre_entropy        0.5342   +  0.0891    2.036316    1.880323
  9  delta_conf         0.5318   +  0.0399    0.290983    0.270582
 10  pre_conf           0.5181   -   0.009    0.412373    0.416554
 11  feat_left_pc2      0.5148   -  0.0446    2.138913    2.270787
BEST: feat_left_l2 (AUC=0.5839, polarity=-)
저장: D:\Users\dust\Documents\학교\2026년도1학기\컴퓨터비전\실습\FoundationStereo\experiments\ds_v2_seed1/terrazzo_v55\features\report.json / panels.png / mirror_signal.npy
[device] cuda
  [train] epoch 60/300  loss=0.3108
  [train] epoch 120/300  loss=0.2301
  [train] epoch 180/300  loss=0.1777
  [train] epoch 240/300  loss=0.1385
  [train] epoch 300/300  loss=0.1092

[VAL] scene=ds_v2_seed1/terrazzo_v55  (pixel 70/30 split)
  AUC      = 0.9832
  IoU@0.5  = 0.8990
  F1@0.5   = 0.9468
  accuracy = 0.9361  (prec=0.9461, rec=0.9475)
  tp=10038 fp=572 fn=556 tn=6498

[save] D:\Users\dust\Documents\학교\2026년도1학기\컴퓨터비전\실습\FoundationStereo\experiments\ds_v2_seed1/terrazzo_v55\submodel
  pred_mask.png, panel.png, metrics.json, head.pt
DONE: D:\Users\dust\Documents\학교\2026년도1학기\컴퓨터비전\실습\FoundationStereo\experiments\ds_v2_seed1/terrazzo_v55\submodel
[device] cuda
[load] D:\Users\dust\Documents\학교\2026년도1학기\컴퓨터비전\실습\FoundationStereo\experiments\_model\general_head.pt  (train_scenes=['archiviz_baseline080', 'bedroom_baseline080', 'blue_bathroom_baseline080', 'computer_room_baseline080', 'cozy_living_room_baseline080', 'flat-archiviz_baseline080', 'green_house_baseline080', 'gym_baseline080', 'livingroom_baseline080', 'minimal_interior_baseline080', 'scandinavian_baseline080', 'sunlight_baseline080'])

[APPLY] ds_v2_seed1/terrazzo_v55  (저장모델로 새 데이터 평가)
  AUC      = 0.8943
  IoU@0.5  = 0.2104
  F1@0.5   = 0.3476
  accuracy = 0.5242  (prec=0.9910, rec=0.2108)
  tp=7464 fp=68 fn=27945 tn=23403
[save] D:\Users\dust\Documents\학교\2026년도1학기\컴퓨터비전\실습\FoundationStereo\experiments\ds_v2_seed1/terrazzo_v55\submodel_applied  (pred_mask.png, panel.png, metrics.json)

============================================================
STEP: estimate_mirror_plane
============================================================

============================================================
STEP: viz_ransac_inliers
============================================================

============================================================
STEP: make_mirror_gt_from_depth
============================================================

============================================================
STEP: analyze_features
============================================================

============================================================
STEP: submodel_head
============================================================

============================================================
STEP: apply_submodel
============================================================

DONE: D:\Users\dust\Documents\학교\2026년도1학기\컴퓨터비전\실습\FoundationStereo\experiments\ds_v2_seed1/terrazzo_v55 (ok)

##### [123/132] ds_v2_seed1/terrazzo_v56  (done 37, fail 0, skip 85, elapsed 25m, ETA 7m) #####
[scene] ds_v2_seed1/terrazzo_v56  size=1280x720
[select] mirror 점 개수 = 206365  (mask=219301, valid&depth = 904523)
[conf] mirror 영역 평균 confidence = 0.7467

=== 평면 추정 결과 ===
  [PCA (closed form)]
      normal = [-0.6129, -0.3643, -0.7012]
      d = +4.4155   mirror_depth(perp) = 4.4155 m   view_z = 8.3399 m
      n_inliers = 206365/206365   rms_residual = 0.32298 m
  [RANSAC]
      normal = [-0.6064, +0.1076, -0.7878]
      d = +5.3853   mirror_depth(perp) = 5.3853 m   view_z = 8.3399 m
      n_inliers = 110169/206365   rms_residual = 0.01438 m
  [SVD robust (IRLS)]
      normal = [-0.5813, -0.2952, -0.7583]
      d = +5.0875   mirror_depth(perp) = 5.0875 m   view_z = 8.3399 m
      n_inliers = 46172/206365   rms_residual = 0.04009 m

[save] D:\Users\dust\Documents\학교\2026년도1학기\컴퓨터비전\실습\FoundationStereo\experiments\ds_v2_seed1/terrazzo_v56\mirror_geometry\result.json
[save] D:\Users\dust\Documents\학교\2026년도1학기\컴퓨터비전\실습\FoundationStereo\experiments\ds_v2_seed1/terrazzo_v56\mirror_geometry\plane.txt
[save] D:\Users\dust\Documents\학교\2026년도1학기\컴퓨터비전\실습\FoundationStereo\experiments\ds_v2_seed1/terrazzo_v56\mirror_geometry\viz.png

DONE: D:\Users\dust\Documents\학교\2026년도1학기\컴퓨터비전\실습\FoundationStereo\experiments\ds_v2_seed1/terrazzo_v56\mirror_geometry
[ds_v2_seed1/terrazzo_v56] 거울 점 206365개 중 inlier 110169 (53.4%) / outlier 96196
  normal=[-0.606  0.108 -0.788] d=5.385  rms(inlier)=0.0144 m  thr≈0.068 m
[save] D:\Users\dust\Documents\학교\2026년도1학기\컴퓨터비전\실습\FoundationStereo\experiments\ds_v2_seed1/terrazzo_v56\mirror_geometry\ransac_inliers.png
[gt] terrazzo_v56                 perp 4.78m planRMS 0.0000m  normal [0.799, 0.132, -0.586]

생성 1, 건너뜀 0 (depth_gt/mask 없음 등)
[ds_v2_seed1/terrazzo_v56] feature 184x320  mirror_frac=0.23984375  feat_left=True
rank  signal              AUC    pol  sep     mean_in     mean_out
  1  post_conf          0.5647   +  0.1117    0.739692    0.713297
  2  feat_left_pc1      0.5573   +  0.1106    2.360698    1.890181
  3  post_entropy       0.5534   -   0.115    0.601114    0.633436
  4  pre_conf           0.5478   +  0.1132    0.459419    0.403112
  5  pre_entropy        0.5358   -   0.025    1.916914    1.965722
  6  delta_conf         0.5278   -  0.0556    0.280273    0.310185
  7  delta_entropy      0.5274   +  0.0084     -1.3158   -1.332287
  8  feat_left_l2       0.5097   -  0.0142   16.737861   16.663697
  9  feat_left_pc2      0.5076   -  0.0013    2.097367    2.101161
 10  feat_left_pc3      0.5057   +  0.0539    1.984217    1.805461
 11  delta_argdisp      0.5012   +  0.0565   37.693528   33.964319
BEST: post_conf (AUC=0.5647, polarity=+)
저장: D:\Users\dust\Documents\학교\2026년도1학기\컴퓨터비전\실습\FoundationStereo\experiments\ds_v2_seed1/terrazzo_v56\features\report.json / panels.png / mirror_signal.npy
[device] cuda
  [train] epoch 60/300  loss=0.5985
  [train] epoch 120/300  loss=0.4362
  [train] epoch 180/300  loss=0.3323
  [train] epoch 240/300  loss=0.2533
  [train] epoch 300/300  loss=0.1944

[VAL] scene=ds_v2_seed1/terrazzo_v56  (pixel 70/30 split)
  AUC      = 0.9821
  IoU@0.5  = 0.7552
  F1@0.5   = 0.8605
  accuracy = 0.9283  (prec=0.7999, rec=0.9311)
  tp=3906 fp=977 fn=289 tn=12492

[save] D:\Users\dust\Documents\학교\2026년도1학기\컴퓨터비전\실습\FoundationStereo\experiments\ds_v2_seed1/terrazzo_v56\submodel
  pred_mask.png, panel.png, metrics.json, head.pt
DONE: D:\Users\dust\Documents\학교\2026년도1학기\컴퓨터비전\실습\FoundationStereo\experiments\ds_v2_seed1/terrazzo_v56\submodel
[device] cuda
[load] D:\Users\dust\Documents\학교\2026년도1학기\컴퓨터비전\실습\FoundationStereo\experiments\_model\general_head.pt  (train_scenes=['archiviz_baseline080', 'bedroom_baseline080', 'blue_bathroom_baseline080', 'computer_room_baseline080', 'cozy_living_room_baseline080', 'flat-archiviz_baseline080', 'green_house_baseline080', 'gym_baseline080', 'livingroom_baseline080', 'minimal_interior_baseline080', 'scandinavian_baseline080', 'sunlight_baseline080'])

[APPLY] ds_v2_seed1/terrazzo_v56  (저장모델로 새 데이터 평가)
  AUC      = 0.9114
  IoU@0.5  = 0.2752
  F1@0.5   = 0.4317
  accuracy = 0.8164  (prec=0.8376, rec=0.2908)
  tp=4106 fp=796 fn=10016 tn=43962
[save] D:\Users\dust\Documents\학교\2026년도1학기\컴퓨터비전\실습\FoundationStereo\experiments\ds_v2_seed1/terrazzo_v56\submodel_applied  (pred_mask.png, panel.png, metrics.json)

============================================================
STEP: estimate_mirror_plane
============================================================

============================================================
STEP: viz_ransac_inliers
============================================================

============================================================
STEP: make_mirror_gt_from_depth
============================================================

============================================================
STEP: analyze_features
============================================================

============================================================
STEP: submodel_head
============================================================

============================================================
STEP: apply_submodel
============================================================

DONE: D:\Users\dust\Documents\학교\2026년도1학기\컴퓨터비전\실습\FoundationStereo\experiments\ds_v2_seed1/terrazzo_v56 (ok)

##### [124/132] ds_v2_seed1/terrazzo_v57  (done 38, fail 0, skip 85, elapsed 25m, ETA 6m) #####
[scene] ds_v2_seed1/terrazzo_v57  size=1280x720
[select] mirror 점 개수 = 431112  (mask=446230, valid&depth = 906482)
[conf] mirror 영역 평균 confidence = 0.7212

=== 평면 추정 결과 ===
  [PCA (closed form)]
      normal = [-0.6028, -0.5246, -0.6011]
      d = +4.0594   mirror_depth(perp) = 4.0594 m   view_z = 8.4637 m
      n_inliers = 431112/431112   rms_residual = 0.55248 m
  [RANSAC]
      normal = [-0.6784, +0.0615, -0.7321]
      d = +5.3888   mirror_depth(perp) = 5.3888 m   view_z = 8.4637 m
      n_inliers = 237438/431112   rms_residual = 0.01269 m
  [SVD robust (IRLS)]
      normal = [-0.7328, -0.1656, -0.6599]
      d = +4.5486   mirror_depth(perp) = 4.5486 m   view_z = 8.4637 m
      n_inliers = 92071/431112   rms_residual = 0.05506 m

[save] D:\Users\dust\Documents\학교\2026년도1학기\컴퓨터비전\실습\FoundationStereo\experiments\ds_v2_seed1/terrazzo_v57\mirror_geometry\result.json
[save] D:\Users\dust\Documents\학교\2026년도1학기\컴퓨터비전\실습\FoundationStereo\experiments\ds_v2_seed1/terrazzo_v57\mirror_geometry\plane.txt
[save] D:\Users\dust\Documents\학교\2026년도1학기\컴퓨터비전\실습\FoundationStereo\experiments\ds_v2_seed1/terrazzo_v57\mirror_geometry\viz.png

DONE: D:\Users\dust\Documents\학교\2026년도1학기\컴퓨터비전\실습\FoundationStereo\experiments\ds_v2_seed1/terrazzo_v57\mirror_geometry
[ds_v2_seed1/terrazzo_v57] 거울 점 431112개 중 inlier 237438 (55.1%) / outlier 193674
  normal=[-0.678  0.062 -0.732] d=5.389  rms(inlier)=0.0127 m  thr≈0.098 m
[save] D:\Users\dust\Documents\학교\2026년도1학기\컴퓨터비전\실습\FoundationStereo\experiments\ds_v2_seed1/terrazzo_v57\mirror_geometry\ransac_inliers.png
[gt] terrazzo_v57                 perp 4.56m planRMS 0.0000m  normal [0.733, 0.08, -0.676]

생성 1, 건너뜀 0 (depth_gt/mask 없음 등)
[ds_v2_seed1/terrazzo_v57] feature 184x320  mirror_frac=0.4861413043478261  feat_left=True
rank  signal              AUC    pol  sep     mean_in     mean_out
  1  delta_argdisp       0.611   +  0.2207    46.26111   32.229806
  2  feat_left_l2       0.5836   -  0.1235   16.348001   17.015063
  3  post_conf          0.5771   +  0.1364    0.719929      0.6884
  4  feat_left_pc1      0.5743   +  0.1109    2.441407     2.02427
  5  delta_conf         0.5702   +  0.1107    0.330125    0.274849
  6  feat_left_pc3      0.5607   -  0.0637    1.618516    1.815491
  7  delta_entropy      0.5606   -  0.1483   -1.512102   -1.251658
  8  post_entropy       0.5553   -  0.1056    0.621467    0.647917
  9  pre_entropy        0.5491   +  0.1329    2.133569    1.899576
 10  pre_conf           0.5354   -  0.0527    0.389804    0.413551
 11  feat_left_pc2      0.5104   +  0.0022    2.209555    2.202996
BEST: delta_argdisp (AUC=0.611, polarity=+)
저장: D:\Users\dust\Documents\학교\2026년도1학기\컴퓨터비전\실습\FoundationStereo\experiments\ds_v2_seed1/terrazzo_v57\features\report.json / panels.png / mirror_signal.npy
[device] cuda
  [train] epoch 60/300  loss=0.4353
  [train] epoch 120/300  loss=0.3197
  [train] epoch 180/300  loss=0.2410
  [train] epoch 240/300  loss=0.1836
  [train] epoch 300/300  loss=0.1415

[VAL] scene=ds_v2_seed1/terrazzo_v57  (pixel 70/30 split)
  AUC      = 0.9828
  IoU@0.5  = 0.8705
  F1@0.5   = 0.9307
  accuracy = 0.9322  (prec=0.9246, rec=0.9370)
  tp=8044 fp=656 fn=541 tn=8423

[save] D:\Users\dust\Documents\학교\2026년도1학기\컴퓨터비전\실습\FoundationStereo\experiments\ds_v2_seed1/terrazzo_v57\submodel
  pred_mask.png, panel.png, metrics.json, head.pt
DONE: D:\Users\dust\Documents\학교\2026년도1학기\컴퓨터비전\실습\FoundationStereo\experiments\ds_v2_seed1/terrazzo_v57\submodel
[device] cuda
[load] D:\Users\dust\Documents\학교\2026년도1학기\컴퓨터비전\실습\FoundationStereo\experiments\_model\general_head.pt  (train_scenes=['archiviz_baseline080', 'bedroom_baseline080', 'blue_bathroom_baseline080', 'computer_room_baseline080', 'cozy_living_room_baseline080', 'flat-archiviz_baseline080', 'green_house_baseline080', 'gym_baseline080', 'livingroom_baseline080', 'minimal_interior_baseline080', 'scandinavian_baseline080', 'sunlight_baseline080'])

[APPLY] ds_v2_seed1/terrazzo_v57  (저장모델로 새 데이터 평가)
  AUC      = 0.8731
  IoU@0.5  = 0.1932
  F1@0.5   = 0.3238
  accuracy = 0.6051  (prec=0.9660, rec=0.1945)
  tp=5567 fp=196 fn=23057 tn=30060
[save] D:\Users\dust\Documents\학교\2026년도1학기\컴퓨터비전\실습\FoundationStereo\experiments\ds_v2_seed1/terrazzo_v57\submodel_applied  (pred_mask.png, panel.png, metrics.json)

============================================================
STEP: estimate_mirror_plane
============================================================

============================================================
STEP: viz_ransac_inliers
============================================================

============================================================
STEP: make_mirror_gt_from_depth
============================================================

============================================================
STEP: analyze_features
============================================================

============================================================
STEP: submodel_head
============================================================

============================================================
STEP: apply_submodel
============================================================

DONE: D:\Users\dust\Documents\학교\2026년도1학기\컴퓨터비전\실습\FoundationStereo\experiments\ds_v2_seed1/terrazzo_v57 (ok)

##### [125/132] ds_v2_seed1/terrazzo_v58  (done 39, fail 0, skip 85, elapsed 26m, ETA 5m) #####
[scene] ds_v2_seed1/terrazzo_v58  size=1280x720
[select] mirror 점 개수 = 534860  (mask=549149, valid&depth = 907311)
[conf] mirror 영역 평균 confidence = 0.7082

=== 평면 추정 결과 ===
  [PCA (closed form)]
      normal = [-0.6410, -0.5638, -0.5208]
      d = +3.8269   mirror_depth(perp) = 3.8269 m   view_z = 9.2166 m
      n_inliers = 534860/534860   rms_residual = 0.72815 m
  [RANSAC]
      normal = [-0.7647, +0.0612, -0.6415]
      d = +5.1808   mirror_depth(perp) = 5.1808 m   view_z = 9.2166 m
      n_inliers = 265300/534860   rms_residual = 0.02814 m
  [SVD robust (IRLS)]
      normal = [-0.8032, -0.1078, -0.5858]
      d = +4.5205   mirror_depth(perp) = 4.5205 m   view_z = 9.2166 m
      n_inliers = 149743/534860   rms_residual = 0.06803 m

[save] D:\Users\dust\Documents\학교\2026년도1학기\컴퓨터비전\실습\FoundationStereo\experiments\ds_v2_seed1/terrazzo_v58\mirror_geometry\result.json
[save] D:\Users\dust\Documents\학교\2026년도1학기\컴퓨터비전\실습\FoundationStereo\experiments\ds_v2_seed1/terrazzo_v58\mirror_geometry\plane.txt
[save] D:\Users\dust\Documents\학교\2026년도1학기\컴퓨터비전\실습\FoundationStereo\experiments\ds_v2_seed1/terrazzo_v58\mirror_geometry\viz.png

DONE: D:\Users\dust\Documents\학교\2026년도1학기\컴퓨터비전\실습\FoundationStereo\experiments\ds_v2_seed1/terrazzo_v58\mirror_geometry
[ds_v2_seed1/terrazzo_v58] 거울 점 534860개 중 inlier 265300 (49.6%) / outlier 269560
  normal=[-0.765  0.061 -0.642] d=5.181  rms(inlier)=0.0281 m  thr≈0.125 m
[save] D:\Users\dust\Documents\학교\2026년도1학기\컴퓨터비전\실습\FoundationStereo\experiments\ds_v2_seed1/terrazzo_v58\mirror_geometry\ransac_inliers.png
[gt] terrazzo_v58                 perp 4.87m planRMS 0.0000m  normal [0.66, 0.073, -0.747]

생성 1, 건너뜀 0 (depth_gt/mask 없음 등)
[ds_v2_seed1/terrazzo_v58] feature 184x320  mirror_frac=0.5975883152173913  feat_left=True
rank  signal              AUC    pol  sep     mean_in     mean_out
  1  delta_argdisp      0.6029   +  0.2183   46.000341   32.295433
  2  delta_entropy      0.5615   -  0.1392   -1.450527   -1.213383
  3  feat_left_l2       0.5609   -  0.1003   16.525214   17.093349
  4  pre_entropy        0.5567   +  0.1324    2.075723      1.8487
  5  pre_conf           0.5399   -   0.053     0.39963    0.423657
  6  delta_conf         0.5365   +  0.0533    0.307313    0.280874
  7  feat_left_pc3      0.5321   -  0.0514     1.64253     1.78761
  8  feat_left_pc1      0.5209   +  0.0302    2.508083     2.40255
  9  feat_left_pc2      0.5159   +  0.0033    2.261139    2.250732
 10  post_entropy       0.5074   -  0.0414    0.625196    0.635317
 11  post_conf          0.5059   +  0.0104    0.706943     0.70453
BEST: delta_argdisp (AUC=0.6029, polarity=+)
저장: D:\Users\dust\Documents\학교\2026년도1학기\컴퓨터비전\실습\FoundationStereo\experiments\ds_v2_seed1/terrazzo_v58\features\report.json / panels.png / mirror_signal.npy
[device] cuda
  [train] epoch 60/300  loss=0.3413
  [train] epoch 120/300  loss=0.2443
  [train] epoch 180/300  loss=0.1823
  [train] epoch 240/300  loss=0.1387
  [train] epoch 300/300  loss=0.1076

[VAL] scene=ds_v2_seed1/terrazzo_v58  (pixel 70/30 split)
  AUC      = 0.9816
  IoU@0.5  = 0.8916
  F1@0.5   = 0.9427
  accuracy = 0.9318  (prec=0.9474, rec=0.9381)
  tp=9907 fp=550 fn=654 tn=6553

[save] D:\Users\dust\Documents\학교\2026년도1학기\컴퓨터비전\실습\FoundationStereo\experiments\ds_v2_seed1/terrazzo_v58\submodel
  pred_mask.png, panel.png, metrics.json, head.pt
DONE: D:\Users\dust\Documents\학교\2026년도1학기\컴퓨터비전\실습\FoundationStereo\experiments\ds_v2_seed1/terrazzo_v58\submodel
[device] cuda
[load] D:\Users\dust\Documents\학교\2026년도1학기\컴퓨터비전\실습\FoundationStereo\experiments\_model\general_head.pt  (train_scenes=['archiviz_baseline080', 'bedroom_baseline080', 'blue_bathroom_baseline080', 'computer_room_baseline080', 'cozy_living_room_baseline080', 'flat-archiviz_baseline080', 'green_house_baseline080', 'gym_baseline080', 'livingroom_baseline080', 'minimal_interior_baseline080', 'scandinavian_baseline080', 'sunlight_baseline080'])

[APPLY] ds_v2_seed1/terrazzo_v58  (저장모델로 새 데이터 평가)
  AUC      = 0.8746
  IoU@0.5  = 0.2288
  F1@0.5   = 0.3723
  accuracy = 0.5378  (prec=0.9878, rec=0.2294)
  tp=8072 fp=100 fn=27114 tn=23594
[save] D:\Users\dust\Documents\학교\2026년도1학기\컴퓨터비전\실습\FoundationStereo\experiments\ds_v2_seed1/terrazzo_v58\submodel_applied  (pred_mask.png, panel.png, metrics.json)

============================================================
STEP: estimate_mirror_plane
============================================================

============================================================
STEP: viz_ransac_inliers
============================================================

============================================================
STEP: make_mirror_gt_from_depth
============================================================

============================================================
STEP: analyze_features
============================================================

============================================================
STEP: submodel_head
============================================================

============================================================
STEP: apply_submodel
============================================================

DONE: D:\Users\dust\Documents\학교\2026년도1학기\컴퓨터비전\실습\FoundationStereo\experiments\ds_v2_seed1/terrazzo_v58 (ok)

##### [126/132] ds_v2_seed1/terrazzo_v59  (done 40, fail 0, skip 85, elapsed 26m, ETA 5m) #####
[scene] ds_v2_seed1/terrazzo_v59  size=1280x720
[select] mirror 점 개수 = 503429  (mask=517347, valid&depth = 907682)
[conf] mirror 영역 평균 confidence = 0.7096

=== 평면 추정 결과 ===
  [PCA (closed form)]
      normal = [-0.7537, -0.3905, -0.5286]
      d = +3.7759   mirror_depth(perp) = 3.7759 m   view_z = 9.4595 m
      n_inliers = 503429/503429   rms_residual = 0.70134 m
  [RANSAC]
      normal = [-0.7693, +0.0382, -0.6378]
      d = +5.0764   mirror_depth(perp) = 5.0764 m   view_z = 9.4595 m
      n_inliers = 259164/503429   rms_residual = 0.02883 m
  [SVD robust (IRLS)]
      normal = [-0.8131, -0.0219, -0.5818]
      d = +4.5099   mirror_depth(perp) = 4.5099 m   view_z = 9.4595 m
      n_inliers = 192130/503429   rms_residual = 0.07502 m

[save] D:\Users\dust\Documents\학교\2026년도1학기\컴퓨터비전\실습\FoundationStereo\experiments\ds_v2_seed1/terrazzo_v59\mirror_geometry\result.json
[save] D:\Users\dust\Documents\학교\2026년도1학기\컴퓨터비전\실습\FoundationStereo\experiments\ds_v2_seed1/terrazzo_v59\mirror_geometry\plane.txt
[save] D:\Users\dust\Documents\학교\2026년도1학기\컴퓨터비전\실습\FoundationStereo\experiments\ds_v2_seed1/terrazzo_v59\mirror_geometry\viz.png

DONE: D:\Users\dust\Documents\학교\2026년도1학기\컴퓨터비전\실습\FoundationStereo\experiments\ds_v2_seed1/terrazzo_v59\mirror_geometry
[ds_v2_seed1/terrazzo_v59] 거울 점 503429개 중 inlier 259164 (51.5%) / outlier 244265
  normal=[-0.769  0.038 -0.638] d=5.076  rms(inlier)=0.0288 m  thr≈0.127 m
[save] D:\Users\dust\Documents\학교\2026년도1학기\컴퓨터비전\실습\FoundationStereo\experiments\ds_v2_seed1/terrazzo_v59\mirror_geometry\ransac_inliers.png
[gt] terrazzo_v59                 perp 5.04m planRMS 0.0043m  normal [0.656, 0.043, -0.754]

생성 1, 건너뜀 0 (depth_gt/mask 없음 등)
[ds_v2_seed1/terrazzo_v59] feature 184x320  mirror_frac=0.5636548913043479  feat_left=True
rank  signal              AUC    pol  sep     mean_in     mean_out
  1  delta_argdisp      0.6192   +  0.2377   48.329487   33.121361
  2  delta_entropy      0.5787   -  0.1721   -1.498179   -1.201813
  3  pre_entropy        0.5739   +  0.1654    2.121155    1.834951
  4  pre_conf           0.5567   -  0.0836    0.389897    0.427822
  5  feat_left_l2       0.5514   -  0.0783   16.523291   16.973683
  6  delta_conf         0.5469   +  0.0735    0.318264    0.282086
  7  feat_left_pc3      0.5189   -  0.0174    1.651096    1.700971
  8  feat_left_pc1      0.5157   +  0.0317     2.48175    2.367663
  9  feat_left_pc2      0.5125   +  0.0044     2.26541    2.251482
 10  post_entropy       0.5084   -   0.042    0.622977    0.633137
 11  post_conf          0.5032   -  0.0076    0.708161    0.709908
BEST: delta_argdisp (AUC=0.6192, polarity=+)
저장: D:\Users\dust\Documents\학교\2026년도1학기\컴퓨터비전\실습\FoundationStereo\experiments\ds_v2_seed1/terrazzo_v59\features\report.json / panels.png / mirror_signal.npy
[device] cuda
  [train] epoch 60/300  loss=0.3627
  [train] epoch 120/300  loss=0.2562
  [train] epoch 180/300  loss=0.1887
  [train] epoch 240/300  loss=0.1415
  [train] epoch 300/300  loss=0.1084

[VAL] scene=ds_v2_seed1/terrazzo_v59  (pixel 70/30 split)
  AUC      = 0.9843
  IoU@0.5  = 0.8945
  F1@0.5   = 0.9443
  accuracy = 0.9376  (prec=0.9511, rec=0.9377)
  tp=9347 fp=481 fn=621 tn=7215

[save] D:\Users\dust\Documents\학교\2026년도1학기\컴퓨터비전\실습\FoundationStereo\experiments\ds_v2_seed1/terrazzo_v59\submodel
  pred_mask.png, panel.png, metrics.json, head.pt
DONE: D:\Users\dust\Documents\학교\2026년도1학기\컴퓨터비전\실습\FoundationStereo\experiments\ds_v2_seed1/terrazzo_v59\submodel
[device] cuda
[load] D:\Users\dust\Documents\학교\2026년도1학기\컴퓨터비전\실습\FoundationStereo\experiments\_model\general_head.pt  (train_scenes=['archiviz_baseline080', 'bedroom_baseline080', 'blue_bathroom_baseline080', 'computer_room_baseline080', 'cozy_living_room_baseline080', 'flat-archiviz_baseline080', 'green_house_baseline080', 'gym_baseline080', 'livingroom_baseline080', 'minimal_interior_baseline080', 'scandinavian_baseline080', 'sunlight_baseline080'])

[APPLY] ds_v2_seed1/terrazzo_v59  (저장모델로 새 데이터 평가)
  AUC      = 0.8857
  IoU@0.5  = 0.2617
  F1@0.5   = 0.4148
  accuracy = 0.5826  (prec=0.9892, rec=0.2624)
  tp=8709 fp=95 fn=24479 tn=25597
[save] D:\Users\dust\Documents\학교\2026년도1학기\컴퓨터비전\실습\FoundationStereo\experiments\ds_v2_seed1/terrazzo_v59\submodel_applied  (pred_mask.png, panel.png, metrics.json)

============================================================
STEP: estimate_mirror_plane
============================================================

============================================================
STEP: viz_ransac_inliers
============================================================

============================================================
STEP: make_mirror_gt_from_depth
============================================================

============================================================
STEP: analyze_features
============================================================

============================================================
STEP: submodel_head
============================================================

============================================================
STEP: apply_submodel
============================================================

DONE: D:\Users\dust\Documents\학교\2026년도1학기\컴퓨터비전\실습\FoundationStereo\experiments\ds_v2_seed1/terrazzo_v59 (ok)

##### [127/132] ds_v2_seed1/terrazzo_v60  (done 41, fail 0, skip 85, elapsed 27m, ETA 4m) #####
[scene] ds_v2_seed1/terrazzo_v60  size=1280x720
[select] mirror 점 개수 = 460745  (mask=473111, valid&depth = 902746)
[conf] mirror 영역 평균 confidence = 0.7291

=== 평면 추정 결과 ===
  [PCA (closed form)]
      normal = [-0.1398, -0.9127, -0.3841]
      d = +2.3188   mirror_depth(perp) = 2.3188 m   view_z = 8.0478 m
      n_inliers = 460745/460745   rms_residual = 0.32532 m
  [RANSAC]
      normal = [-0.0533, -0.9407, -0.3349]
      d = +2.2388   mirror_depth(perp) = 2.2388 m   view_z = 8.0478 m
      n_inliers = 235746/460745   rms_residual = 0.03314 m
  [SVD robust (IRLS)]
      normal = [-0.1593, -0.9076, -0.3883]
      d = +2.4097   mirror_depth(perp) = 2.4097 m   view_z = 8.0478 m
      n_inliers = 178891/460745   rms_residual = 0.06863 m

[save] D:\Users\dust\Documents\학교\2026년도1학기\컴퓨터비전\실습\FoundationStereo\experiments\ds_v2_seed1/terrazzo_v60\mirror_geometry\result.json
[save] D:\Users\dust\Documents\학교\2026년도1학기\컴퓨터비전\실습\FoundationStereo\experiments\ds_v2_seed1/terrazzo_v60\mirror_geometry\plane.txt
[save] D:\Users\dust\Documents\학교\2026년도1학기\컴퓨터비전\실습\FoundationStereo\experiments\ds_v2_seed1/terrazzo_v60\mirror_geometry\viz.png

DONE: D:\Users\dust\Documents\학교\2026년도1학기\컴퓨터비전\실습\FoundationStereo\experiments\ds_v2_seed1/terrazzo_v60\mirror_geometry
[ds_v2_seed1/terrazzo_v60] 거울 점 460745개 중 inlier 235746 (51.2%) / outlier 224999
  normal=[-0.053 -0.941 -0.335] d=2.239  rms(inlier)=0.0331 m  thr≈0.127 m
[save] D:\Users\dust\Documents\학교\2026년도1학기\컴퓨터비전\실습\FoundationStereo\experiments\ds_v2_seed1/terrazzo_v60\mirror_geometry\ransac_inliers.png
[gt] terrazzo_v60                 perp 4.80m planRMS 0.0000m  normal [0.501, 0.265, -0.824]

생성 1, 건너뜀 0 (depth_gt/mask 없음 등)
[ds_v2_seed1/terrazzo_v60] feature 184x320  mirror_frac=0.516796875  feat_left=True
rank  signal              AUC    pol  sep     mean_in     mean_out
  1  feat_left_pc1      0.5401   +  0.0853    2.308376    2.052481
  2  feat_left_pc2      0.5299   +  0.0588    1.998029    1.824255
  3  feat_left_pc3       0.526   -  0.0017     1.75358    1.758371
  4  delta_argdisp      0.5248   +  0.0705    36.63239   32.095849
  5  pre_conf           0.5166   +  0.0409    0.444682    0.424617
  6  feat_left_l2       0.5161   -  0.0097   16.797316   16.842573
  7  post_conf          0.5143   +  0.0259    0.727256    0.720971
  8  pre_entropy        0.5129   -  0.0071     1.91175    1.925103
  9  post_entropy       0.5127   -  0.0302    0.599559    0.607476
 10  delta_entropy      0.5092   +  0.0029   -1.312192   -1.317628
 11  delta_conf         0.5077   -  0.0262    0.282574    0.296354
BEST: feat_left_pc1 (AUC=0.5401, polarity=+)
저장: D:\Users\dust\Documents\학교\2026년도1학기\컴퓨터비전\실습\FoundationStereo\experiments\ds_v2_seed1/terrazzo_v60\features\report.json / panels.png / mirror_signal.npy
[device] cuda
  [train] epoch 60/300  loss=0.3247
  [train] epoch 120/300  loss=0.2093
  [train] epoch 180/300  loss=0.1462
  [train] epoch 240/300  loss=0.1059
  [train] epoch 300/300  loss=0.0789

[VAL] scene=ds_v2_seed1/terrazzo_v60  (pixel 70/30 split)
  AUC      = 0.9951
  IoU@0.5  = 0.9336
  F1@0.5   = 0.9657
  accuracy = 0.9648  (prec=0.9652, rec=0.9661)
  tp=8748 fp=315 fn=307 tn=8294

[save] D:\Users\dust\Documents\학교\2026년도1학기\컴퓨터비전\실습\FoundationStereo\experiments\ds_v2_seed1/terrazzo_v60\submodel
  pred_mask.png, panel.png, metrics.json, head.pt
DONE: D:\Users\dust\Documents\학교\2026년도1학기\컴퓨터비전\실습\FoundationStereo\experiments\ds_v2_seed1/terrazzo_v60\submodel
[device] cuda
[load] D:\Users\dust\Documents\학교\2026년도1학기\컴퓨터비전\실습\FoundationStereo\experiments\_model\general_head.pt  (train_scenes=['archiviz_baseline080', 'bedroom_baseline080', 'blue_bathroom_baseline080', 'computer_room_baseline080', 'cozy_living_room_baseline080', 'flat-archiviz_baseline080', 'green_house_baseline080', 'gym_baseline080', 'livingroom_baseline080', 'minimal_interior_baseline080', 'scandinavian_baseline080', 'sunlight_baseline080'])

[APPLY] ds_v2_seed1/terrazzo_v60  (저장모델로 새 데이터 평가)
  AUC      = 0.9569
  IoU@0.5  = 0.1990
  F1@0.5   = 0.3319
  accuracy = 0.5854  (prec=0.9930, rec=0.1993)
  tp=6063 fp=43 fn=24366 tn=28408
[save] D:\Users\dust\Documents\학교\2026년도1학기\컴퓨터비전\실습\FoundationStereo\experiments\ds_v2_seed1/terrazzo_v60\submodel_applied  (pred_mask.png, panel.png, metrics.json)

============================================================
STEP: estimate_mirror_plane
============================================================

============================================================
STEP: viz_ransac_inliers
============================================================

============================================================
STEP: make_mirror_gt_from_depth
============================================================

============================================================
STEP: analyze_features
============================================================

============================================================
STEP: submodel_head
============================================================

============================================================
STEP: apply_submodel
============================================================

DONE: D:\Users\dust\Documents\학교\2026년도1학기\컴퓨터비전\실습\FoundationStereo\experiments\ds_v2_seed1/terrazzo_v60 (ok)

##### [128/132] ds_v2_seed1/terrazzo_v61  (done 42, fail 0, skip 85, elapsed 28m, ETA 3m) #####
[scene] ds_v2_seed1/terrazzo_v61  size=1280x720
[select] mirror 점 개수 = 243394  (mask=255768, valid&depth = 900973)
[conf] mirror 영역 평균 confidence = 0.7261

=== 평면 추정 결과 ===
  [PCA (closed form)]
      normal = [-0.1137, -0.8997, -0.4215]
      d = +2.5364   mirror_depth(perp) = 2.5364 m   view_z = 8.1711 m
      n_inliers = 243394/243394   rms_residual = 0.35027 m
  [RANSAC]
      normal = [-0.7578, +0.1462, -0.6359]
      d = +4.9589   mirror_depth(perp) = 4.9589 m   view_z = 8.1711 m
      n_inliers = 96920/243394   rms_residual = 0.04225 m
  [SVD robust (IRLS)]
      normal = [-0.2085, -0.8640, -0.4583]
      d = +2.7145   mirror_depth(perp) = 2.7145 m   view_z = 8.1711 m
      n_inliers = 55530/243394   rms_residual = 0.06171 m

[save] D:\Users\dust\Documents\학교\2026년도1학기\컴퓨터비전\실습\FoundationStereo\experiments\ds_v2_seed1/terrazzo_v61\mirror_geometry\result.json
[save] D:\Users\dust\Documents\학교\2026년도1학기\컴퓨터비전\실습\FoundationStereo\experiments\ds_v2_seed1/terrazzo_v61\mirror_geometry\plane.txt
[save] D:\Users\dust\Documents\학교\2026년도1학기\컴퓨터비전\실습\FoundationStereo\experiments\ds_v2_seed1/terrazzo_v61\mirror_geometry\viz.png

DONE: D:\Users\dust\Documents\학교\2026년도1학기\컴퓨터비전\실습\FoundationStereo\experiments\ds_v2_seed1/terrazzo_v61\mirror_geometry
[ds_v2_seed1/terrazzo_v61] 거울 점 243394개 중 inlier 96920 (39.8%) / outlier 146474
  normal=[-0.758  0.146 -0.636] d=4.959  rms(inlier)=0.0422 m  thr≈0.106 m
[save] D:\Users\dust\Documents\학교\2026년도1학기\컴퓨터비전\실습\FoundationStereo\experiments\ds_v2_seed1/terrazzo_v61\mirror_geometry\ransac_inliers.png
[gt] terrazzo_v61                 perp 4.96m planRMS 0.0000m  normal [0.685, 0.218, -0.695]

생성 1, 건너뜀 0 (depth_gt/mask 없음 등)
[ds_v2_seed1/terrazzo_v61] feature 184x320  mirror_frac=0.279976222826087  feat_left=True
rank  signal              AUC    pol  sep     mean_in     mean_out
  1  feat_left_pc1      0.5467   +  0.1069    2.297031    1.899221
  2  delta_argdisp       0.541   +  0.1098   38.841735    31.81545
  3  feat_left_l2       0.5188   -  0.0014    16.70458   16.711591
  4  post_conf          0.5169   +  0.0325    0.720553    0.712654
  5  post_entropy       0.5144   -  0.0687     0.61317    0.632646
  6  delta_entropy      0.5127   -  0.0495   -1.418762   -1.321148
  7  feat_left_pc2      0.5093   -  0.0097    1.970407    1.997455
  8  feat_left_pc3       0.507   -  0.0362    1.845579    1.733372
  9  pre_entropy        0.5048   +  0.0396    2.031932    1.953793
 10  pre_conf           0.5038   +  0.0288     0.42589    0.411597
 11  delta_conf          0.503   +  0.0119    0.294663    0.301057
BEST: feat_left_pc1 (AUC=0.5467, polarity=+)
저장: D:\Users\dust\Documents\학교\2026년도1학기\컴퓨터비전\실습\FoundationStereo\experiments\ds_v2_seed1/terrazzo_v61\features\report.json / panels.png / mirror_signal.npy
[device] cuda
  [train] epoch 60/300  loss=0.5320
  [train] epoch 120/300  loss=0.3849
  [train] epoch 180/300  loss=0.2928
  [train] epoch 240/300  loss=0.2262
  [train] epoch 300/300  loss=0.1772

[VAL] scene=ds_v2_seed1/terrazzo_v61  (pixel 70/30 split)
  AUC      = 0.9851
  IoU@0.5  = 0.7980
  F1@0.5   = 0.8876
  accuracy = 0.9336  (prec=0.8355, rec=0.9467)
  tp=4633 fp=912 fn=261 tn=11858

[save] D:\Users\dust\Documents\학교\2026년도1학기\컴퓨터비전\실습\FoundationStereo\experiments\ds_v2_seed1/terrazzo_v61\submodel
  pred_mask.png, panel.png, metrics.json, head.pt
DONE: D:\Users\dust\Documents\학교\2026년도1학기\컴퓨터비전\실습\FoundationStereo\experiments\ds_v2_seed1/terrazzo_v61\submodel
[device] cuda
[load] D:\Users\dust\Documents\학교\2026년도1학기\컴퓨터비전\실습\FoundationStereo\experiments\_model\general_head.pt  (train_scenes=['archiviz_baseline080', 'bedroom_baseline080', 'blue_bathroom_baseline080', 'computer_room_baseline080', 'cozy_living_room_baseline080', 'flat-archiviz_baseline080', 'green_house_baseline080', 'gym_baseline080', 'livingroom_baseline080', 'minimal_interior_baseline080', 'scandinavian_baseline080', 'sunlight_baseline080'])

[APPLY] ds_v2_seed1/terrazzo_v61  (저장모델로 새 데이터 평가)
  AUC      = 0.9328
  IoU@0.5  = 0.2917
  F1@0.5   = 0.4517
  accuracy = 0.7946  (prec=0.8938, rec=0.3022)
  tp=4982 fp=592 fn=11503 tn=41803
[save] D:\Users\dust\Documents\학교\2026년도1학기\컴퓨터비전\실습\FoundationStereo\experiments\ds_v2_seed1/terrazzo_v61\submodel_applied  (pred_mask.png, panel.png, metrics.json)

============================================================
STEP: estimate_mirror_plane
============================================================

============================================================
STEP: viz_ransac_inliers
============================================================

============================================================
STEP: make_mirror_gt_from_depth
============================================================

============================================================
STEP: analyze_features
============================================================

============================================================
STEP: submodel_head
============================================================

============================================================
STEP: apply_submodel
============================================================

DONE: D:\Users\dust\Documents\학교\2026년도1학기\컴퓨터비전\실습\FoundationStereo\experiments\ds_v2_seed1/terrazzo_v61 (ok)

##### [129/132] ds_v2_seed1/terrazzo_v62  (done 43, fail 0, skip 85, elapsed 28m, ETA 3m) #####
[scene] ds_v2_seed1/terrazzo_v62  size=1280x720
[select] mirror 점 개수 = 589879  (mask=604190, valid&depth = 907252)
[conf] mirror 영역 평균 confidence = 0.7101

=== 평면 추정 결과 ===
  [PCA (closed form)]
      normal = [-0.2229, -0.8947, -0.3872]
      d = +2.8387   mirror_depth(perp) = 2.8387 m   view_z = 8.9863 m
      n_inliers = 589879/589879   rms_residual = 0.46271 m
  [RANSAC]
      normal = [-0.2722, -0.9163, -0.2939]
      d = +2.2116   mirror_depth(perp) = 2.2116 m   view_z = 8.9863 m
      n_inliers = 161134/589879   rms_residual = 0.07547 m
  [SVD robust (IRLS)]
      normal = [-0.2390, -0.8871, -0.3949]
      d = +2.9106   mirror_depth(perp) = 2.9106 m   view_z = 8.9863 m
      n_inliers = 142313/589879   rms_residual = 0.07891 m

[save] D:\Users\dust\Documents\학교\2026년도1학기\컴퓨터비전\실습\FoundationStereo\experiments\ds_v2_seed1/terrazzo_v62\mirror_geometry\result.json
[save] D:\Users\dust\Documents\학교\2026년도1학기\컴퓨터비전\실습\FoundationStereo\experiments\ds_v2_seed1/terrazzo_v62\mirror_geometry\plane.txt
[save] D:\Users\dust\Documents\학교\2026년도1학기\컴퓨터비전\실습\FoundationStereo\experiments\ds_v2_seed1/terrazzo_v62\mirror_geometry\viz.png

DONE: D:\Users\dust\Documents\학교\2026년도1학기\컴퓨터비전\실습\FoundationStereo\experiments\ds_v2_seed1/terrazzo_v62\mirror_geometry
[ds_v2_seed1/terrazzo_v62] 거울 점 589879개 중 inlier 161134 (27.3%) / outlier 428745
  normal=[-0.272 -0.916 -0.294] d=2.212  rms(inlier)=0.0755 m  thr≈0.138 m
[save] D:\Users\dust\Documents\학교\2026년도1학기\컴퓨터비전\실습\FoundationStereo\experiments\ds_v2_seed1/terrazzo_v62\mirror_geometry\ransac_inliers.png
[gt] terrazzo_v62                 perp 4.84m planRMS 0.0000m  normal [0.525, 0.154, -0.837]

생성 1, 건너뜀 0 (depth_gt/mask 없음 등)
[ds_v2_seed1/terrazzo_v62] feature 184x320  mirror_frac=0.6590183423913043  feat_left=True
rank  signal              AUC    pol  sep     mean_in     mean_out
  1  feat_left_l2       0.5843   -   0.137   16.606806   17.277045
  2  feat_left_pc1      0.5809   +  0.1411    2.488078     2.05916
  3  delta_argdisp      0.5605   +  0.1629   40.139551   30.217662
  4  feat_left_pc3      0.5389   -   0.048    1.679479    1.812289
  5  post_entropy       0.5337   -  0.0805    0.614887    0.636738
  6  pre_conf           0.5175   +  0.0523    0.428896    0.404941
  7  delta_conf         0.5156   -  0.0406    0.279227    0.299566
  8  feat_left_pc2       0.513   -  0.0387    2.052019    2.166401
  9  post_conf          0.5075   +  0.0149    0.708123    0.704506
 10  pre_entropy         0.507   -  0.0104    1.945851      1.9282
 11  delta_entropy      0.5008   -  0.0233   -1.330964   -1.291462
BEST: feat_left_l2 (AUC=0.5843, polarity=-)
저장: D:\Users\dust\Documents\학교\2026년도1학기\컴퓨터비전\실습\FoundationStereo\experiments\ds_v2_seed1/terrazzo_v62\features\report.json / panels.png / mirror_signal.npy
[device] cuda
  [train] epoch 60/300  loss=0.2207
  [train] epoch 120/300  loss=0.1486
  [train] epoch 180/300  loss=0.1070
  [train] epoch 240/300  loss=0.0799
  [train] epoch 300/300  loss=0.0613

[VAL] scene=ds_v2_seed1/terrazzo_v62  (pixel 70/30 split)
  AUC      = 0.9936
  IoU@0.5  = 0.9411
  F1@0.5   = 0.9696
  accuracy = 0.9602  (prec=0.9746, rec=0.9647)
  tp=11225 fp=292 fn=411 tn=5736

[save] D:\Users\dust\Documents\학교\2026년도1학기\컴퓨터비전\실습\FoundationStereo\experiments\ds_v2_seed1/terrazzo_v62\submodel
  pred_mask.png, panel.png, metrics.json, head.pt
DONE: D:\Users\dust\Documents\학교\2026년도1학기\컴퓨터비전\실습\FoundationStereo\experiments\ds_v2_seed1/terrazzo_v62\submodel
[device] cuda
[load] D:\Users\dust\Documents\학교\2026년도1학기\컴퓨터비전\실습\FoundationStereo\experiments\_model\general_head.pt  (train_scenes=['archiviz_baseline080', 'bedroom_baseline080', 'blue_bathroom_baseline080', 'computer_room_baseline080', 'cozy_living_room_baseline080', 'flat-archiviz_baseline080', 'green_house_baseline080', 'gym_baseline080', 'livingroom_baseline080', 'minimal_interior_baseline080', 'scandinavian_baseline080', 'sunlight_baseline080'])

[APPLY] ds_v2_seed1/terrazzo_v62  (저장모델로 새 데이터 평가)
  AUC      = 0.9451
  IoU@0.5  = 0.2317
  F1@0.5   = 0.3762
  accuracy = 0.4935  (prec=0.9984, rec=0.2318)
  tp=8994 fp=14 fn=29809 tn=20063
[save] D:\Users\dust\Documents\학교\2026년도1학기\컴퓨터비전\실습\FoundationStereo\experiments\ds_v2_seed1/terrazzo_v62\submodel_applied  (pred_mask.png, panel.png, metrics.json)

============================================================
STEP: estimate_mirror_plane
============================================================

============================================================
STEP: viz_ransac_inliers
============================================================

============================================================
STEP: make_mirror_gt_from_depth
============================================================

============================================================
STEP: analyze_features
============================================================

============================================================
STEP: submodel_head
============================================================

============================================================
STEP: apply_submodel
============================================================

DONE: D:\Users\dust\Documents\학교\2026년도1학기\컴퓨터비전\실습\FoundationStereo\experiments\ds_v2_seed1/terrazzo_v62 (ok)

##### [130/132] ds_v2_seed1/terrazzo_v63  (done 44, fail 0, skip 85, elapsed 29m, ETA 2m) #####
[scene] ds_v2_seed1/terrazzo_v63  size=1280x720
[select] mirror 점 개수 = 199014  (mask=213334, valid&depth = 905495)
[conf] mirror 영역 평균 confidence = 0.7330

=== 평면 추정 결과 ===
  [PCA (closed form)]
      normal = [-0.7118, -0.1232, -0.6915]
      d = +4.1316   mirror_depth(perp) = 4.1316 m   view_z = 8.1957 m
      n_inliers = 199014/199014   rms_residual = 0.29054 m
  [RANSAC]
      normal = [-0.5922, +0.0972, -0.7999]
      d = +5.2595   mirror_depth(perp) = 5.2595 m   view_z = 8.1957 m
      n_inliers = 115374/199014   rms_residual = 0.01337 m
  [SVD robust (IRLS)]
      normal = [-0.6705, +0.0193, -0.7417]
      d = +4.6529   mirror_depth(perp) = 4.6529 m   view_z = 8.1957 m
      n_inliers = 69525/199014   rms_residual = 0.03777 m

[save] D:\Users\dust\Documents\학교\2026년도1학기\컴퓨터비전\실습\FoundationStereo\experiments\ds_v2_seed1/terrazzo_v63\mirror_geometry\result.json
[save] D:\Users\dust\Documents\학교\2026년도1학기\컴퓨터비전\실습\FoundationStereo\experiments\ds_v2_seed1/terrazzo_v63\mirror_geometry\plane.txt
[save] D:\Users\dust\Documents\학교\2026년도1학기\컴퓨터비전\실습\FoundationStereo\experiments\ds_v2_seed1/terrazzo_v63\mirror_geometry\viz.png

DONE: D:\Users\dust\Documents\학교\2026년도1학기\컴퓨터비전\실습\FoundationStereo\experiments\ds_v2_seed1/terrazzo_v63\mirror_geometry
[ds_v2_seed1/terrazzo_v63] 거울 점 199014개 중 inlier 115374 (58.0%) / outlier 83640
  normal=[-0.592  0.097 -0.8  ] d=5.259  rms(inlier)=0.0134 m  thr≈0.068 m
[save] D:\Users\dust\Documents\학교\2026년도1학기\컴퓨터비전\실습\FoundationStereo\experiments\ds_v2_seed1/terrazzo_v63\mirror_geometry\ransac_inliers.png
[gt] terrazzo_v63                 perp 4.82m planRMS 0.0000m  normal [0.813, 0.116, -0.571]

생성 1, 건너뜀 0 (depth_gt/mask 없음 등)
[ds_v2_seed1/terrazzo_v63] feature 184x320  mirror_frac=0.23332201086956522  feat_left=True
rank  signal              AUC    pol  sep     mean_in     mean_out
  1  post_conf          0.5553   +   0.092    0.731655    0.710257
  2  post_entropy       0.5497   -  0.1183    0.608574    0.640067
  3  pre_conf            0.549   +  0.1086    0.460375    0.405979
  4  feat_left_pc1      0.5453   +   0.097    2.433016    2.018218
  5  pre_entropy        0.5365   -  0.0152    1.929672    1.960066
  6  delta_conf         0.5313   -  0.0603     0.27128    0.304278
  7  delta_entropy      0.5287   +  0.0006   -1.321098   -1.319999
  8  feat_left_pc3      0.5169   -  0.0457    1.951372    1.792789
  9  feat_left_pc2      0.5155   -  0.0245    2.135912    2.204742
 10  feat_left_l2       0.5082   +  0.0463    16.83085    16.57316
 11  delta_argdisp      0.5013   +  0.0489   37.864536   34.571818
BEST: post_conf (AUC=0.5553, polarity=+)
저장: D:\Users\dust\Documents\학교\2026년도1학기\컴퓨터비전\실습\FoundationStereo\experiments\ds_v2_seed1/terrazzo_v63\features\report.json / panels.png / mirror_signal.npy
[device] cuda
  [train] epoch 60/300  loss=0.6100
  [train] epoch 120/300  loss=0.4293
  [train] epoch 180/300  loss=0.3231
  [train] epoch 240/300  loss=0.2469
  [train] epoch 300/300  loss=0.1901

[VAL] scene=ds_v2_seed1/terrazzo_v63  (pixel 70/30 split)
  AUC      = 0.9825
  IoU@0.5  = 0.7610
  F1@0.5   = 0.8643
  accuracy = 0.9323  (prec=0.8084, rec=0.9285)
  tp=3805 fp=902 fn=293 tn=12664

[save] D:\Users\dust\Documents\학교\2026년도1학기\컴퓨터비전\실습\FoundationStereo\experiments\ds_v2_seed1/terrazzo_v63\submodel
  pred_mask.png, panel.png, metrics.json, head.pt
DONE: D:\Users\dust\Documents\학교\2026년도1학기\컴퓨터비전\실습\FoundationStereo\experiments\ds_v2_seed1/terrazzo_v63\submodel
[device] cuda
[load] D:\Users\dust\Documents\학교\2026년도1학기\컴퓨터비전\실습\FoundationStereo\experiments\_model\general_head.pt  (train_scenes=['archiviz_baseline080', 'bedroom_baseline080', 'blue_bathroom_baseline080', 'computer_room_baseline080', 'cozy_living_room_baseline080', 'flat-archiviz_baseline080', 'green_house_baseline080', 'gym_baseline080', 'livingroom_baseline080', 'minimal_interior_baseline080', 'scandinavian_baseline080', 'sunlight_baseline080'])

[APPLY] ds_v2_seed1/terrazzo_v63  (저장모델로 새 데이터 평가)
  AUC      = 0.9027
  IoU@0.5  = 0.2361
  F1@0.5   = 0.3820
  accuracy = 0.8130  (prec=0.8345, rec=0.2477)
  tp=3403 fp=675 fn=10335 tn=44467
[save] D:\Users\dust\Documents\학교\2026년도1학기\컴퓨터비전\실습\FoundationStereo\experiments\ds_v2_seed1/terrazzo_v63\submodel_applied  (pred_mask.png, panel.png, metrics.json)

============================================================
STEP: estimate_mirror_plane
============================================================

============================================================
STEP: viz_ransac_inliers
============================================================

============================================================
STEP: make_mirror_gt_from_depth
============================================================

============================================================
STEP: analyze_features
============================================================

============================================================
STEP: submodel_head
============================================================

============================================================
STEP: apply_submodel
============================================================

DONE: D:\Users\dust\Documents\학교\2026년도1학기\컴퓨터비전\실습\FoundationStereo\experiments\ds_v2_seed1/terrazzo_v63 (ok)

##### [131/132] ds_v2_seed1/terrazzo_v64  (done 45, fail 0, skip 85, elapsed 29m, ETA 1m) #####
[scene] ds_v2_seed1/terrazzo_v64  size=1280x720
[select] mirror 점 개수 = 224536  (mask=236420, valid&depth = 900459)
[conf] mirror 영역 평균 confidence = 0.7272

=== 평면 추정 결과 ===
  [PCA (closed form)]
      normal = [-0.0748, -0.8999, -0.4296]
      d = +2.6014   mirror_depth(perp) = 2.6014 m   view_z = 8.0896 m
      n_inliers = 224536/224536   rms_residual = 0.34118 m
  [RANSAC]
      normal = [-0.7114, +0.2180, -0.6681]
      d = +5.3038   mirror_depth(perp) = 5.3038 m   view_z = 8.0896 m
      n_inliers = 94807/224536   rms_residual = 0.01682 m
  [SVD robust (IRLS)]
      normal = [-0.1448, -0.8698, -0.4717]
      d = +2.8696   mirror_depth(perp) = 2.8696 m   view_z = 8.0896 m
      n_inliers = 41402/224536   rms_residual = 0.05243 m

[save] D:\Users\dust\Documents\학교\2026년도1학기\컴퓨터비전\실습\FoundationStereo\experiments\ds_v2_seed1/terrazzo_v64\mirror_geometry\result.json
[save] D:\Users\dust\Documents\학교\2026년도1학기\컴퓨터비전\실습\FoundationStereo\experiments\ds_v2_seed1/terrazzo_v64\mirror_geometry\plane.txt
[save] D:\Users\dust\Documents\학교\2026년도1학기\컴퓨터비전\실습\FoundationStereo\experiments\ds_v2_seed1/terrazzo_v64\mirror_geometry\viz.png

DONE: D:\Users\dust\Documents\학교\2026년도1학기\컴퓨터비전\실습\FoundationStereo\experiments\ds_v2_seed1/terrazzo_v64\mirror_geometry
[ds_v2_seed1/terrazzo_v64] 거울 점 224536개 중 inlier 94807 (42.2%) / outlier 129729
  normal=[-0.711  0.218 -0.668] d=5.304  rms(inlier)=0.0168 m  thr≈0.091 m
[save] D:\Users\dust\Documents\학교\2026년도1학기\컴퓨터비전\실습\FoundationStereo\experiments\ds_v2_seed1/terrazzo_v64\mirror_geometry\ransac_inliers.png
[gt] terrazzo_v64                 perp 4.89m planRMS 0.0000m  normal [0.711, 0.219, -0.668]

생성 1, 건너뜀 0 (depth_gt/mask 없음 등)
[ds_v2_seed1/terrazzo_v64] feature 184x320  mirror_frac=0.25855978260869567  feat_left=True
rank  signal              AUC    pol  sep     mean_in     mean_out
  1  feat_left_pc1      0.5566   +  0.1214    2.409364    1.971642
  2  post_entropy       0.5355   -   0.114    0.610308    0.644424
  3  delta_argdisp      0.5327   +  0.1016   38.375788   31.882101
  4  post_conf          0.5319   +  0.0613     0.72148     0.70633
  5  pre_conf           0.5103   +  0.0441    0.430237    0.408514
  6  delta_entropy      0.5099   -  0.0425   -1.395811   -1.311685
  7  feat_left_l2       0.5062   -  0.0305   16.854596   16.698616
  8  delta_conf         0.5054   +  0.0121    0.291243    0.297816
  9  feat_left_pc3      0.5033   -   0.072     1.92304    1.688123
 10  pre_entropy        0.5024   -  0.0254    2.006119    1.956109
 11  feat_left_pc2      0.5004   +  0.0013    2.005385    2.008904
BEST: feat_left_pc1 (AUC=0.5566, polarity=+)
저장: D:\Users\dust\Documents\학교\2026년도1학기\컴퓨터비전\실습\FoundationStereo\experiments\ds_v2_seed1/terrazzo_v64\features\report.json / panels.png / mirror_signal.npy
[device] cuda
  [train] epoch 60/300  loss=0.5310
  [train] epoch 120/300  loss=0.3787
  [train] epoch 180/300  loss=0.2864
  [train] epoch 240/300  loss=0.2199
  [train] epoch 300/300  loss=0.1716

[VAL] scene=ds_v2_seed1/terrazzo_v64  (pixel 70/30 split)
  AUC      = 0.9859
  IoU@0.5  = 0.7820
  F1@0.5   = 0.8777
  accuracy = 0.9322  (prec=0.8149, rec=0.9509)
  tp=4297 fp=976 fn=222 tn=12169

[save] D:\Users\dust\Documents\학교\2026년도1학기\컴퓨터비전\실습\FoundationStereo\experiments\ds_v2_seed1/terrazzo_v64\submodel
  pred_mask.png, panel.png, metrics.json, head.pt
DONE: D:\Users\dust\Documents\학교\2026년도1학기\컴퓨터비전\실습\FoundationStereo\experiments\ds_v2_seed1/terrazzo_v64\submodel
[device] cuda
[load] D:\Users\dust\Documents\학교\2026년도1학기\컴퓨터비전\실습\FoundationStereo\experiments\_model\general_head.pt  (train_scenes=['archiviz_baseline080', 'bedroom_baseline080', 'blue_bathroom_baseline080', 'computer_room_baseline080', 'cozy_living_room_baseline080', 'flat-archiviz_baseline080', 'green_house_baseline080', 'gym_baseline080', 'livingroom_baseline080', 'minimal_interior_baseline080', 'scandinavian_baseline080', 'sunlight_baseline080'])

[APPLY] ds_v2_seed1/terrazzo_v64  (저장모델로 새 데이터 평가)
  AUC      = 0.9337
  IoU@0.5  = 0.2787
  F1@0.5   = 0.4359
  accuracy = 0.8050  (prec=0.8650, rec=0.2913)
  tp=4435 fp=692 fn=10789 tn=42964
[save] D:\Users\dust\Documents\학교\2026년도1학기\컴퓨터비전\실습\FoundationStereo\experiments\ds_v2_seed1/terrazzo_v64\submodel_applied  (pred_mask.png, panel.png, metrics.json)

============================================================
STEP: estimate_mirror_plane
============================================================

============================================================
STEP: viz_ransac_inliers
============================================================

============================================================
STEP: make_mirror_gt_from_depth
============================================================

============================================================
STEP: analyze_features
============================================================

============================================================
STEP: submodel_head
============================================================

============================================================
STEP: apply_submodel
============================================================

DONE: D:\Users\dust\Documents\학교\2026년도1학기\컴퓨터비전\실습\FoundationStereo\experiments\ds_v2_seed1/terrazzo_v64 (ok)

##### [132/132] ds_v2_seed1/terrazzo_v65  (done 46, fail 0, skip 85, elapsed 30m, ETA 1m) #####
[scene] ds_v2_seed1/terrazzo_v65  size=1280x720
[select] mirror 점 개수 = 362854  (mask=378344, valid&depth = 902247)
[conf] mirror 영역 평균 confidence = 0.7192

=== 평면 추정 결과 ===
  [PCA (closed form)]
      normal = [-0.1922, -0.8830, -0.4282]
      d = +2.7175   mirror_depth(perp) = 2.7175 m   view_z = 8.1466 m
      n_inliers = 362854/362854   rms_residual = 0.40429 m
  [RANSAC]
      normal = [-0.7125, +0.1137, -0.6925]
      d = +5.3465   mirror_depth(perp) = 5.3465 m   view_z = 8.1466 m
      n_inliers = 125503/362854   rms_residual = 0.02242 m
  [SVD robust (IRLS)]
      normal = [-0.2123, -0.8706, -0.4438]
      d = +2.8200   mirror_depth(perp) = 2.8200 m   view_z = 8.1466 m
      n_inliers = 88745/362854   rms_residual = 0.06268 m

[save] D:\Users\dust\Documents\학교\2026년도1학기\컴퓨터비전\실습\FoundationStereo\experiments\ds_v2_seed1/terrazzo_v65\mirror_geometry\result.json
[save] D:\Users\dust\Documents\학교\2026년도1학기\컴퓨터비전\실습\FoundationStereo\experiments\ds_v2_seed1/terrazzo_v65\mirror_geometry\plane.txt
[save] D:\Users\dust\Documents\학교\2026년도1학기\컴퓨터비전\실습\FoundationStereo\experiments\ds_v2_seed1/terrazzo_v65\mirror_geometry\viz.png

DONE: D:\Users\dust\Documents\학교\2026년도1학기\컴퓨터비전\실습\FoundationStereo\experiments\ds_v2_seed1/terrazzo_v65\mirror_geometry
[ds_v2_seed1/terrazzo_v65] 거울 점 362854개 중 inlier 125503 (34.6%) / outlier 237351
  normal=[-0.712  0.114 -0.692] d=5.346  rms(inlier)=0.0224 m  thr≈0.115 m
[save] D:\Users\dust\Documents\학교\2026년도1학기\컴퓨터비전\실습\FoundationStereo\experiments\ds_v2_seed1/terrazzo_v65\mirror_geometry\ransac_inliers.png
[gt] terrazzo_v65                 perp 4.49m planRMS 0.0000m  normal [0.697, 0.163, -0.698]

생성 1, 건너뜀 0 (depth_gt/mask 없음 등)
[ds_v2_seed1/terrazzo_v65] feature 184x320  mirror_frac=0.4130944293478261  feat_left=True
rank  signal              AUC    pol  sep     mean_in     mean_out
  1  feat_left_pc1      0.5707   +  0.1357    2.358601    1.889671
  2  delta_argdisp      0.5644   +  0.1559   42.314106   32.336256
  3  feat_left_l2       0.5565   -  0.0716   16.506544   16.855742
  4  post_conf          0.5458   +  0.0797    0.718995    0.699374
  5  post_entropy       0.5383   -  0.0469     0.61986    0.633118
  6  feat_left_pc3      0.5241   -  0.0116    1.799682    1.765197
  7  delta_conf         0.5236   +  0.0302    0.307303    0.291766
  8  delta_entropy      0.5211   -  0.0661   -1.432796    -1.31036
  9  pre_entropy        0.5157   +  0.0583    2.052656    1.943478
 10  feat_left_pc2      0.5044   +  0.0038    2.038042    2.027545
 11  pre_conf           0.5041   -  0.0086    0.411692    0.407608
BEST: feat_left_pc1 (AUC=0.5707, polarity=+)
저장: D:\Users\dust\Documents\학교\2026년도1학기\컴퓨터비전\실습\FoundationStereo\experiments\ds_v2_seed1/terrazzo_v65\features\report.json / panels.png / mirror_signal.npy
[device] cuda
  [train] epoch 60/300  loss=0.4479
  [train] epoch 120/300  loss=0.3288
  [train] epoch 180/300  loss=0.2550
  [train] epoch 240/300  loss=0.2010
  [train] epoch 300/300  loss=0.1598

[VAL] scene=ds_v2_seed1/terrazzo_v65  (pixel 70/30 split)
  AUC      = 0.9840
  IoU@0.5  = 0.8475
  F1@0.5   = 0.9175
  accuracy = 0.9303  (prec=0.8922, rec=0.9442)
  tp=6847 fp=827 fn=405 tn=9585

[save] D:\Users\dust\Documents\학교\2026년도1학기\컴퓨터비전\실습\FoundationStereo\experiments\ds_v2_seed1/terrazzo_v65\submodel
  pred_mask.png, panel.png, metrics.json, head.pt
DONE: D:\Users\dust\Documents\학교\2026년도1학기\컴퓨터비전\실습\FoundationStereo\experiments\ds_v2_seed1/terrazzo_v65\submodel
[device] cuda
[load] D:\Users\dust\Documents\학교\2026년도1학기\컴퓨터비전\실습\FoundationStereo\experiments\_model\general_head.pt  (train_scenes=['archiviz_baseline080', 'bedroom_baseline080', 'blue_bathroom_baseline080', 'computer_room_baseline080', 'cozy_living_room_baseline080', 'flat-archiviz_baseline080', 'green_house_baseline080', 'gym_baseline080', 'livingroom_baseline080', 'minimal_interior_baseline080', 'scandinavian_baseline080', 'sunlight_baseline080'])

[APPLY] ds_v2_seed1/terrazzo_v65  (저장모델로 새 데이터 평가)
  AUC      = 0.9087
  IoU@0.5  = 0.2115
  F1@0.5   = 0.3492
  accuracy = 0.6722  (prec=0.9702, rec=0.2129)
  tp=5179 fp=159 fn=19144 tn=34398
[save] D:\Users\dust\Documents\학교\2026년도1학기\컴퓨터비전\실습\FoundationStereo\experiments\ds_v2_seed1/terrazzo_v65\submodel_applied  (pred_mask.png, panel.png, metrics.json)

============================================================
STEP: estimate_mirror_plane
============================================================

============================================================
STEP: viz_ransac_inliers
============================================================

============================================================
STEP: make_mirror_gt_from_depth
============================================================

============================================================
STEP: analyze_features
============================================================

============================================================
STEP: submodel_head
============================================================

============================================================
STEP: apply_submodel
============================================================

DONE: D:\Users\dust\Documents\학교\2026년도1학기\컴퓨터비전\실습\FoundationStereo\experiments\ds_v2_seed1/terrazzo_v65 (ok)

[batch] 끝: done 47, fail 0, skip 85, 총 0.5h
