[batch] D:\Users\dust\Documents\학교\2026년도1학기\컴퓨터비전\실습\Archive\ds_v2_seed1 → experiments/ds_v2_seed1/  (2 scene, 131 views, post_only)

##### [61/131] ds_v2_seed1/minimal_interior_v60  (done 0, fail 0, skip 60, elapsed 0m, ETA 0m) #####
[scene] ds_v2_seed1/minimal_interior_v60  size=1280x720
[select] mirror 점 개수 = 101124  (mask=101124, valid&depth = 899946)
[conf] mirror 영역 평균 confidence = 0.7075

=== 평면 추정 결과 ===
  [PCA (closed form)]
      normal = [-0.8961, -0.3106, -0.3171]
      d = +2.4372   mirror_depth(perp) = 2.4372 m   view_z = 10.3202 m
      n_inliers = 101124/101124   rms_residual = 0.19370 m
  [RANSAC]
      normal = [-0.9510, +0.0655, -0.3022]
      d = +2.5157   mirror_depth(perp) = 2.5157 m   view_z = 10.3202 m
      n_inliers = 46369/101124   rms_residual = 0.01302 m
  [SVD robust (IRLS)]
      normal = [-0.9063, -0.2819, -0.3148]
      d = +2.4138   mirror_depth(perp) = 2.4138 m   view_z = 10.3202 m
      n_inliers = 26866/101124   rms_residual = 0.03411 m

[save] D:\Users\dust\Documents\학교\2026년도1학기\컴퓨터비전\실습\FoundationStereo\experiments\ds_v2_seed1/minimal_interior_v60\mirror_geometry\result.json
[save] D:\Users\dust\Documents\학교\2026년도1학기\컴퓨터비전\실습\FoundationStereo\experiments\ds_v2_seed1/minimal_interior_v60\mirror_geometry\plane.txt
[save] D:\Users\dust\Documents\학교\2026년도1학기\컴퓨터비전\실습\FoundationStereo\experiments\ds_v2_seed1/minimal_interior_v60\mirror_geometry\viz.png

DONE: D:\Users\dust\Documents\학교\2026년도1학기\컴퓨터비전\실습\FoundationStereo\experiments\ds_v2_seed1/minimal_interior_v60\mirror_geometry
[ds_v2_seed1/minimal_interior_v60] 거울 점 101124개 중 inlier 46369 (45.9%) / outlier 54755
  normal=[-0.951  0.065 -0.302] d=2.516  rms(inlier)=0.0130 m  thr≈0.061 m
[save] D:\Users\dust\Documents\학교\2026년도1학기\컴퓨터비전\실습\FoundationStereo\experiments\ds_v2_seed1/minimal_interior_v60\mirror_geometry\ransac_inliers.png
[gt] minimal_interior_v60         perp 6.98m planRMS 0.0000m  normal [0.507, 0.048, -0.861]

생성 1, 건너뜀 0 (depth_gt/mask 없음 등)
[ds_v2_seed1/minimal_interior_v60] feature 184x320  mirror_frac=0.10979959239130435  feat_left=True
rank  signal              AUC    pol  sep     mean_in     mean_out
  1  delta_argdisp      0.6251   -  0.2036   35.881671   48.856587
  2  feat_left_l2         0.62   +  0.2029   17.729162   16.540349
  3  feat_left_pc1      0.6093   -  0.1361    2.176976    2.709874
  4  post_entropy       0.5759   -  0.1081    0.646582    0.674737
  5  pre_conf           0.5562   +  0.1098    0.447323    0.399404
  6  pre_entropy        0.5524   -  0.1394    1.754711    1.976521
  7  delta_entropy      0.5428   +    0.12   -1.108129   -1.301783
  8  delta_conf         0.5385   -  0.0817    0.259341    0.299652
  9  feat_left_pc2      0.5198   -  0.0055    2.082156    2.062784
 10  post_conf          0.5185   +  0.0338    0.706664    0.699056
 11  feat_left_pc3      0.5014   +  0.0455    1.824979    1.668981
BEST: delta_argdisp (AUC=0.6251, polarity=-)
저장: D:\Users\dust\Documents\학교\2026년도1학기\컴퓨터비전\실습\FoundationStereo\experiments\ds_v2_seed1/minimal_interior_v60\features\report.json / panels.png / mirror_signal.npy
[device] cuda
  [train] epoch 60/300  loss=0.6286
  [train] epoch 120/300  loss=0.3529
  [train] epoch 180/300  loss=0.2080
  [train] epoch 240/300  loss=0.1325
  [train] epoch 300/300  loss=0.0913

[VAL] scene=ds_v2_seed1/minimal_interior_v60  (pixel 70/30 split)
  AUC      = 0.9968
  IoU@0.5  = 0.8392
  F1@0.5   = 0.9125
  accuracy = 0.9805  (prec=0.8691, rec=0.9605)
  tp=1800 fp=271 fn=74 tn=15519

[save] D:\Users\dust\Documents\학교\2026년도1학기\컴퓨터비전\실습\FoundationStereo\experiments\ds_v2_seed1/minimal_interior_v60\submodel
  pred_mask.png, panel.png, metrics.json, head.pt
DONE: D:\Users\dust\Documents\학교\2026년도1학기\컴퓨터비전\실습\FoundationStereo\experiments\ds_v2_seed1/minimal_interior_v60\submodel
[device] cuda
[load] D:\Users\dust\Documents\학교\2026년도1학기\컴퓨터비전\실습\FoundationStereo\experiments\_model\general_head.pt  (train_scenes=['archiviz_baseline080', 'bedroom_baseline080', 'blue_bathroom_baseline080', 'computer_room_baseline080', 'cozy_living_room_baseline080', 'flat-archiviz_baseline080', 'green_house_baseline080', 'gym_baseline080', 'livingroom_baseline080', 'minimal_interior_baseline080', 'scandinavian_baseline080', 'sunlight_baseline080'])

[APPLY] ds_v2_seed1/minimal_interior_v60  (저장모델로 새 데이터 평가)
  AUC      = 0.9296
  IoU@0.5  = 0.2609
  F1@0.5   = 0.4138
  accuracy = 0.9128  (prec=0.7889, rec=0.2804)
  tp=1813 fp=485 fn=4652 tn=51930
[save] D:\Users\dust\Documents\학교\2026년도1학기\컴퓨터비전\실습\FoundationStereo\experiments\ds_v2_seed1/minimal_interior_v60\submodel_applied  (pred_mask.png, panel.png, metrics.json)

============================================================
STEP: estimate_mirror_plane
============================================================

============================================================
STEP: viz_ransac_inliers
============================================================

============================================================
STEP: make_mirror_gt_from_depth
============================================================

============================================================
STEP: analyze_features
============================================================

============================================================
STEP: submodel_head
============================================================

============================================================
STEP: apply_submodel
============================================================

DONE: D:\Users\dust\Documents\학교\2026년도1학기\컴퓨터비전\실습\FoundationStereo\experiments\ds_v2_seed1/minimal_interior_v60 (ok)

##### [62/131] ds_v2_seed1/minimal_interior_v61  (done 1, fail 0, skip 60, elapsed 1m, ETA 49m) #####
[scene] ds_v2_seed1/minimal_interior_v61  size=1280x720
[select] mirror 점 개수 = 8747  (mask=19734, valid&depth = 902087)
[conf] mirror 영역 평균 confidence = 0.6827

=== 평면 추정 결과 ===
  [PCA (closed form)]
      normal = [-0.9586, +0.0229, -0.2840]
      d = +0.1103   mirror_depth(perp) = 0.1103 m   view_z = 8.7551 m
      n_inliers = 8747/8747   rms_residual = 0.02427 m
  [RANSAC]
      normal = [-0.9561, +0.0396, -0.2904]
      d = +0.1922   mirror_depth(perp) = 0.1922 m   view_z = 8.7551 m
      n_inliers = 5369/8747   rms_residual = 0.01233 m
  [SVD robust (IRLS)]
      normal = [-0.9574, +0.0232, -0.2878]
      d = +0.1473   mirror_depth(perp) = 0.1473 m   view_z = 8.7551 m
      n_inliers = 5126/8747   rms_residual = 0.01289 m

[save] D:\Users\dust\Documents\학교\2026년도1학기\컴퓨터비전\실습\FoundationStereo\experiments\ds_v2_seed1/minimal_interior_v61\mirror_geometry\result.json
[save] D:\Users\dust\Documents\학교\2026년도1학기\컴퓨터비전\실습\FoundationStereo\experiments\ds_v2_seed1/minimal_interior_v61\mirror_geometry\plane.txt
[save] D:\Users\dust\Documents\학교\2026년도1학기\컴퓨터비전\실습\FoundationStereo\experiments\ds_v2_seed1/minimal_interior_v61\mirror_geometry\viz.png

DONE: D:\Users\dust\Documents\학교\2026년도1학기\컴퓨터비전\실습\FoundationStereo\experiments\ds_v2_seed1/minimal_interior_v61\mirror_geometry
[ds_v2_seed1/minimal_interior_v61] 거울 점 8747개 중 inlier 5369 (61.4%) / outlier 3378
  normal=[-0.956  0.04  -0.29 ] d=0.192  rms(inlier)=0.0123 m  thr≈0.023 m
[save] D:\Users\dust\Documents\학교\2026년도1학기\컴퓨터비전\실습\FoundationStereo\experiments\ds_v2_seed1/minimal_interior_v61\mirror_geometry\ransac_inliers.png
[gt] minimal_interior_v61         perp 7.11m planRMS 0.0000m  normal [0.702, 0.063, -0.71]

생성 1, 건너뜀 0 (depth_gt/mask 없음 등)
[ds_v2_seed1/minimal_interior_v61] feature 184x320  mirror_frac=0.02209578804347826  feat_left=True
rank  signal              AUC    pol  sep     mean_in     mean_out
  1  post_entropy       0.7594   +  0.4976    0.779526    0.653983
  2  feat_left_pc1      0.6709   -  0.3401    1.538808    2.580918
  3  pre_entropy        0.6596   +  0.3714    2.871616    1.926579
  4  feat_left_l2       0.6576   +  0.2436   17.919834   16.645914
  5  delta_entropy      0.6477   -  0.3241    -2.09209   -1.272597
  6  pre_conf           0.6184   -  0.1126      0.3473    0.410387
  7  post_conf          0.5951   -  0.1801    0.674206    0.710888
  8  delta_conf         0.5649   +  0.0461    0.326906      0.3005
  9  delta_argdisp      0.5444   -  0.0386   41.386626   44.274545
 10  feat_left_pc3      0.5223   +  0.0289    1.831584    1.749288
 11  feat_left_pc2      0.5159   -  0.0424    1.895413    2.028016
BEST: post_entropy (AUC=0.7594, polarity=+)
저장: D:\Users\dust\Documents\학교\2026년도1학기\컴퓨터비전\실습\FoundationStereo\experiments\ds_v2_seed1/minimal_interior_v61\features\report.json / panels.png / mirror_signal.npy
[device] cuda
  [train] epoch 60/300  loss=0.5027
  [train] epoch 120/300  loss=0.2217
  [train] epoch 180/300  loss=0.1252
  [train] epoch 240/300  loss=0.0829
  [train] epoch 300/300  loss=0.0604

[VAL] scene=ds_v2_seed1/minimal_interior_v61  (pixel 70/30 split)
  AUC      = 0.9970
  IoU@0.5  = 0.5831
  F1@0.5   = 0.7366
  accuracy = 0.9858  (prec=0.5980, rec=0.9590)
  tp=351 fp=236 fn=15 tn=17062

[save] D:\Users\dust\Documents\학교\2026년도1학기\컴퓨터비전\실습\FoundationStereo\experiments\ds_v2_seed1/minimal_interior_v61\submodel
  pred_mask.png, panel.png, metrics.json, head.pt
DONE: D:\Users\dust\Documents\학교\2026년도1학기\컴퓨터비전\실습\FoundationStereo\experiments\ds_v2_seed1/minimal_interior_v61\submodel
[device] cuda
[load] D:\Users\dust\Documents\학교\2026년도1학기\컴퓨터비전\실습\FoundationStereo\experiments\_model\general_head.pt  (train_scenes=['archiviz_baseline080', 'bedroom_baseline080', 'blue_bathroom_baseline080', 'computer_room_baseline080', 'cozy_living_room_baseline080', 'flat-archiviz_baseline080', 'green_house_baseline080', 'gym_baseline080', 'livingroom_baseline080', 'minimal_interior_baseline080', 'scandinavian_baseline080', 'sunlight_baseline080'])

[APPLY] ds_v2_seed1/minimal_interior_v61  (저장모델로 새 데이터 평가)
  AUC      = 0.9304
  IoU@0.5  = 0.1484
  F1@0.5   = 0.2585
  accuracy = 0.9704  (prec=0.2892, rec=0.2337)
  tp=304 fp=747 fn=997 tn=56832
[save] D:\Users\dust\Documents\학교\2026년도1학기\컴퓨터비전\실습\FoundationStereo\experiments\ds_v2_seed1/minimal_interior_v61\submodel_applied  (pred_mask.png, panel.png, metrics.json)

============================================================
STEP: estimate_mirror_plane
============================================================

============================================================
STEP: viz_ransac_inliers
============================================================

============================================================
STEP: make_mirror_gt_from_depth
============================================================

============================================================
STEP: analyze_features
============================================================

============================================================
STEP: submodel_head
============================================================

============================================================
STEP: apply_submodel
============================================================

DONE: D:\Users\dust\Documents\학교\2026년도1학기\컴퓨터비전\실습\FoundationStereo\experiments\ds_v2_seed1/minimal_interior_v61 (ok)

##### [63/131] ds_v2_seed1/minimal_interior_v62  (done 2, fail 0, skip 60, elapsed 1m, ETA 38m) #####
[scene] ds_v2_seed1/minimal_interior_v62  size=1280x720
[select] mirror 점 개수 = 108084  (mask=108084, valid&depth = 903430)
[conf] mirror 영역 평균 confidence = 0.7088

=== 평면 추정 결과 ===
  [PCA (closed form)]
      normal = [-0.8756, -0.2767, -0.3958]
      d = +2.2031   mirror_depth(perp) = 2.2031 m   view_z = 10.0878 m
      n_inliers = 108084/108084   rms_residual = 0.18620 m
  [RANSAC]
      normal = [-0.9010, +0.0424, -0.4317]
      d = +2.5854   mirror_depth(perp) = 2.5854 m   view_z = 10.0878 m
      n_inliers = 61914/108084   rms_residual = 0.01432 m
  [SVD robust (IRLS)]
      normal = [-0.8828, -0.2498, -0.3978]
      d = +2.2038   mirror_depth(perp) = 2.2038 m   view_z = 10.0878 m
      n_inliers = 36652/108084   rms_residual = 0.04072 m

[save] D:\Users\dust\Documents\학교\2026년도1학기\컴퓨터비전\실습\FoundationStereo\experiments\ds_v2_seed1/minimal_interior_v62\mirror_geometry\result.json
[save] D:\Users\dust\Documents\학교\2026년도1학기\컴퓨터비전\실습\FoundationStereo\experiments\ds_v2_seed1/minimal_interior_v62\mirror_geometry\plane.txt
[save] D:\Users\dust\Documents\학교\2026년도1학기\컴퓨터비전\실습\FoundationStereo\experiments\ds_v2_seed1/minimal_interior_v62\mirror_geometry\viz.png

DONE: D:\Users\dust\Documents\학교\2026년도1학기\컴퓨터비전\실습\FoundationStereo\experiments\ds_v2_seed1/minimal_interior_v62\mirror_geometry
[ds_v2_seed1/minimal_interior_v62] 거울 점 108084개 중 inlier 61914 (57.3%) / outlier 46170
  normal=[-0.901  0.042 -0.432] d=2.585  rms(inlier)=0.0143 m  thr≈0.071 m
[save] D:\Users\dust\Documents\학교\2026년도1학기\컴퓨터비전\실습\FoundationStereo\experiments\ds_v2_seed1/minimal_interior_v62\mirror_geometry\ransac_inliers.png
[gt] minimal_interior_v62         perp 6.87m planRMS 0.0000m  normal [0.622, 0.002, -0.783]

생성 1, 건너뜀 0 (depth_gt/mask 없음 등)
[ds_v2_seed1/minimal_interior_v62] feature 184x320  mirror_frac=0.11689877717391305  feat_left=True
rank  signal              AUC    pol  sep     mean_in     mean_out
  1  feat_left_pc1       0.636   -  0.2031    1.996711    2.726249
  2  feat_left_l2       0.6044   +  0.1693   17.562207   16.636315
  3  delta_entropy      0.5523   -  0.1169   -1.451611   -1.225513
  4  post_entropy       0.5502   -  0.0759     0.64432    0.666748
  5  pre_entropy        0.5478   +  0.1047    2.095931    1.892261
  6  feat_left_pc2      0.5332   -  0.0335    1.986912    2.097173
  7  feat_left_pc3      0.5317   -  0.0349     1.54774    1.653345
  8  delta_argdisp      0.5282   +   0.035   47.355804   44.811797
  9  post_conf          0.5189   +  0.0368    0.709777    0.701424
 10  delta_conf         0.5113   +  0.0078    0.287405    0.283336
 11  pre_conf           0.5074   -  0.0088    0.422372    0.418088
BEST: feat_left_pc1 (AUC=0.636, polarity=-)
저장: D:\Users\dust\Documents\학교\2026년도1학기\컴퓨터비전\실습\FoundationStereo\experiments\ds_v2_seed1/minimal_interior_v62\features\report.json / panels.png / mirror_signal.npy
[device] cuda
  [train] epoch 60/300  loss=0.5817
  [train] epoch 120/300  loss=0.3183
  [train] epoch 180/300  loss=0.1949
  [train] epoch 240/300  loss=0.1282
  [train] epoch 300/300  loss=0.0897

[VAL] scene=ds_v2_seed1/minimal_interior_v62  (pixel 70/30 split)
  AUC      = 0.9972
  IoU@0.5  = 0.8326
  F1@0.5   = 0.9086
  accuracy = 0.9774  (prec=0.8533, rec=0.9716)
  tp=1984 fp=341 fn=58 tn=15281

[save] D:\Users\dust\Documents\학교\2026년도1학기\컴퓨터비전\실습\FoundationStereo\experiments\ds_v2_seed1/minimal_interior_v62\submodel
  pred_mask.png, panel.png, metrics.json, head.pt
DONE: D:\Users\dust\Documents\학교\2026년도1학기\컴퓨터비전\실습\FoundationStereo\experiments\ds_v2_seed1/minimal_interior_v62\submodel
[device] cuda
[load] D:\Users\dust\Documents\학교\2026년도1학기\컴퓨터비전\실습\FoundationStereo\experiments\_model\general_head.pt  (train_scenes=['archiviz_baseline080', 'bedroom_baseline080', 'blue_bathroom_baseline080', 'computer_room_baseline080', 'cozy_living_room_baseline080', 'flat-archiviz_baseline080', 'green_house_baseline080', 'gym_baseline080', 'livingroom_baseline080', 'minimal_interior_baseline080', 'scandinavian_baseline080', 'sunlight_baseline080'])

[APPLY] ds_v2_seed1/minimal_interior_v62  (저장모델로 새 데이터 평가)
  AUC      = 0.8959
  IoU@0.5  = 0.1774
  F1@0.5   = 0.3014
  accuracy = 0.8866  (prec=0.5389, rec=0.2092)
  tp=1440 fp=1232 fn=5443 tn=50765
[save] D:\Users\dust\Documents\학교\2026년도1학기\컴퓨터비전\실습\FoundationStereo\experiments\ds_v2_seed1/minimal_interior_v62\submodel_applied  (pred_mask.png, panel.png, metrics.json)

============================================================
STEP: estimate_mirror_plane
============================================================

============================================================
STEP: viz_ransac_inliers
============================================================

============================================================
STEP: make_mirror_gt_from_depth
============================================================

============================================================
STEP: analyze_features
============================================================

============================================================
STEP: submodel_head
============================================================

============================================================
STEP: apply_submodel
============================================================

DONE: D:\Users\dust\Documents\학교\2026년도1학기\컴퓨터비전\실습\FoundationStereo\experiments\ds_v2_seed1/minimal_interior_v62 (ok)

##### [64/131] ds_v2_seed1/minimal_interior_v63  (done 3, fail 0, skip 60, elapsed 2m, ETA 36m) #####
[scene] ds_v2_seed1/minimal_interior_v63  size=1280x720
[select] mirror 점 개수 = 91900  (mask=91900, valid&depth = 900513)
[conf] mirror 영역 평균 confidence = 0.6937

=== 평면 추정 결과 ===
  [PCA (closed form)]
      normal = [-0.8752, -0.3543, -0.3294]
      d = +2.4783   mirror_depth(perp) = 2.4783 m   view_z = 10.5244 m
      n_inliers = 91900/91900   rms_residual = 0.19631 m
  [RANSAC]
      normal = [-0.9385, +0.0586, -0.3403]
      d = +2.4590   mirror_depth(perp) = 2.4590 m   view_z = 10.5244 m
      n_inliers = 39471/91900   rms_residual = 0.01204 m
  [SVD robust (IRLS)]
      normal = [-0.8887, -0.3185, -0.3299]
      d = +2.4522   mirror_depth(perp) = 2.4522 m   view_z = 10.5244 m
      n_inliers = 24164/91900   rms_residual = 0.03372 m

[save] D:\Users\dust\Documents\학교\2026년도1학기\컴퓨터비전\실습\FoundationStereo\experiments\ds_v2_seed1/minimal_interior_v63\mirror_geometry\result.json
[save] D:\Users\dust\Documents\학교\2026년도1학기\컴퓨터비전\실습\FoundationStereo\experiments\ds_v2_seed1/minimal_interior_v63\mirror_geometry\plane.txt
[save] D:\Users\dust\Documents\학교\2026년도1학기\컴퓨터비전\실습\FoundationStereo\experiments\ds_v2_seed1/minimal_interior_v63\mirror_geometry\viz.png

DONE: D:\Users\dust\Documents\학교\2026년도1학기\컴퓨터비전\실습\FoundationStereo\experiments\ds_v2_seed1/minimal_interior_v63\mirror_geometry
[ds_v2_seed1/minimal_interior_v63] 거울 점 91900개 중 inlier 39471 (42.9%) / outlier 52429
  normal=[-0.938  0.059 -0.34 ] d=2.459  rms(inlier)=0.0120 m  thr≈0.059 m
[save] D:\Users\dust\Documents\학교\2026년도1학기\컴퓨터비전\실습\FoundationStereo\experiments\ds_v2_seed1/minimal_interior_v63\mirror_geometry\ransac_inliers.png
[gt] minimal_interior_v63         perp 7.20m planRMS 0.0000m  normal [0.539, -0.004, -0.842]

생성 1, 건너뜀 0 (depth_gt/mask 없음 등)
[ds_v2_seed1/minimal_interior_v63] feature 184x320  mirror_frac=0.09932065217391305  feat_left=True
rank  signal              AUC    pol  sep     mean_in     mean_out
  1  feat_left_l2       0.7209   +  0.3752   18.691242    16.39426
  2  feat_left_pc1      0.6551   -  0.1845    2.192662    2.909193
  3  delta_argdisp      0.5974   -  0.1703   38.245212   49.218415
  4  post_entropy       0.5684   -  0.1216    0.659405    0.702167
  5  pre_conf            0.546   +  0.0872    0.448301      0.4086
  6  pre_entropy        0.5308   -  0.0863    1.790091     1.93172
  7  feat_left_pc2      0.5277   +  0.0792    2.490126    2.201545
  8  feat_left_pc3      0.5272   +  0.0786    1.769401     1.50269
  9  delta_conf         0.5262   -  0.0613    0.244857    0.277816
 10  delta_entropy      0.5167   +  0.0584   -1.130685   -1.229553
 11  post_conf           0.512   +  0.0267    0.693158    0.686417
BEST: feat_left_l2 (AUC=0.7209, polarity=+)
저장: D:\Users\dust\Documents\학교\2026년도1학기\컴퓨터비전\실습\FoundationStereo\experiments\ds_v2_seed1/minimal_interior_v63\features\report.json / panels.png / mirror_signal.npy
[device] cuda
  [train] epoch 60/300  loss=0.5731
  [train] epoch 120/300  loss=0.3177
  [train] epoch 180/300  loss=0.1970
  [train] epoch 240/300  loss=0.1323
  [train] epoch 300/300  loss=0.0949

[VAL] scene=ds_v2_seed1/minimal_interior_v63  (pixel 70/30 split)
  AUC      = 0.9973
  IoU@0.5  = 0.8077
  F1@0.5   = 0.8936
  accuracy = 0.9767  (prec=0.8251, rec=0.9747)
  tp=1731 fp=367 fn=45 tn=15521

[save] D:\Users\dust\Documents\학교\2026년도1학기\컴퓨터비전\실습\FoundationStereo\experiments\ds_v2_seed1/minimal_interior_v63\submodel
  pred_mask.png, panel.png, metrics.json, head.pt
DONE: D:\Users\dust\Documents\학교\2026년도1학기\컴퓨터비전\실습\FoundationStereo\experiments\ds_v2_seed1/minimal_interior_v63\submodel
[device] cuda
[load] D:\Users\dust\Documents\학교\2026년도1학기\컴퓨터비전\실습\FoundationStereo\experiments\_model\general_head.pt  (train_scenes=['archiviz_baseline080', 'bedroom_baseline080', 'blue_bathroom_baseline080', 'computer_room_baseline080', 'cozy_living_room_baseline080', 'flat-archiviz_baseline080', 'green_house_baseline080', 'gym_baseline080', 'livingroom_baseline080', 'minimal_interior_baseline080', 'scandinavian_baseline080', 'sunlight_baseline080'])

[APPLY] ds_v2_seed1/minimal_interior_v63  (저장모델로 새 데이터 평가)
  AUC      = 0.8986
  IoU@0.5  = 0.2667
  F1@0.5   = 0.4212
  accuracy = 0.9085  (prec=0.5670, rec=0.3350)
  tp=1959 fp=1496 fn=3889 tn=51536
[save] D:\Users\dust\Documents\학교\2026년도1학기\컴퓨터비전\실습\FoundationStereo\experiments\ds_v2_seed1/minimal_interior_v63\submodel_applied  (pred_mask.png, panel.png, metrics.json)

============================================================
STEP: estimate_mirror_plane
============================================================

============================================================
STEP: viz_ransac_inliers
============================================================

============================================================
STEP: make_mirror_gt_from_depth
============================================================

============================================================
STEP: analyze_features
============================================================

============================================================
STEP: submodel_head
============================================================

============================================================
STEP: apply_submodel
============================================================

DONE: D:\Users\dust\Documents\학교\2026년도1학기\컴퓨터비전\실습\FoundationStereo\experiments\ds_v2_seed1/minimal_interior_v63 (ok)

##### [65/131] ds_v2_seed1/minimal_interior_v64  (done 4, fail 0, skip 60, elapsed 2m, ETA 34m) #####
[scene] ds_v2_seed1/minimal_interior_v64  size=1280x720
[select] mirror 점 개수 = 60003  (mask=60003, valid&depth = 899306)
[conf] mirror 영역 평균 confidence = 0.7042

=== 평면 추정 결과 ===
  [PCA (closed form)]
      normal = [-0.9677, -0.1648, -0.1910]
      d = +2.5686   mirror_depth(perp) = 2.5686 m   view_z = 10.9380 m
      n_inliers = 60003/60003   rms_residual = 0.14272 m
  [RANSAC]
      normal = [-0.9749, +0.0605, -0.2142]
      d = +2.6500   mirror_depth(perp) = 2.6500 m   view_z = 10.9380 m
      n_inliers = 43669/60003   rms_residual = 0.01047 m
  [SVD robust (IRLS)]
      normal = [-0.9771, -0.0066, -0.2127]
      d = +2.6838   mirror_depth(perp) = 2.6838 m   view_z = 10.9380 m
      n_inliers = 41258/60003   rms_residual = 0.02819 m

[save] D:\Users\dust\Documents\학교\2026년도1학기\컴퓨터비전\실습\FoundationStereo\experiments\ds_v2_seed1/minimal_interior_v64\mirror_geometry\result.json
[save] D:\Users\dust\Documents\학교\2026년도1학기\컴퓨터비전\실습\FoundationStereo\experiments\ds_v2_seed1/minimal_interior_v64\mirror_geometry\plane.txt
[save] D:\Users\dust\Documents\학교\2026년도1학기\컴퓨터비전\실습\FoundationStereo\experiments\ds_v2_seed1/minimal_interior_v64\mirror_geometry\viz.png

DONE: D:\Users\dust\Documents\학교\2026년도1학기\컴퓨터비전\실습\FoundationStereo\experiments\ds_v2_seed1/minimal_interior_v64\mirror_geometry
[ds_v2_seed1/minimal_interior_v64] 거울 점 60003개 중 inlier 43669 (72.8%) / outlier 16334
  normal=[-0.975  0.06  -0.214] d=2.650  rms(inlier)=0.0105 m  thr≈0.058 m
[save] D:\Users\dust\Documents\학교\2026년도1학기\컴퓨터비전\실습\FoundationStereo\experiments\ds_v2_seed1/minimal_interior_v64\mirror_geometry\ransac_inliers.png
[gt] minimal_interior_v64         perp 7.07m planRMS 0.0000m  normal [0.422, -0.064, -0.905]

생성 1, 건너뜀 0 (depth_gt/mask 없음 등)
[ds_v2_seed1/minimal_interior_v64] feature 184x320  mirror_frac=0.06465692934782609  feat_left=True
rank  signal              AUC    pol  sep     mean_in     mean_out
  1  post_entropy       0.8185   -  0.5803    0.631212    0.977883
  2  feat_left_l2       0.8044   +  0.5239   19.784816   16.061497
  3  feat_left_pc1      0.7398   -  0.4225    2.025622    3.493058
  4  post_conf          0.7059   +  0.4052    0.704356    0.588172
  5  delta_argdisp      0.7022   -  0.3471    36.91647   58.123581
  6  delta_entropy      0.6253   -  0.2336   -1.137105   -0.736458
  7  delta_conf         0.6132   +  0.2032    0.256718    0.139902
  8  feat_left_pc2      0.6043   +  0.1515    3.056903     2.40598
  9  pre_entropy        0.5366   +  0.0355    1.768317    1.714341
 10  feat_left_pc3      0.5351   -  0.1097    1.490123    1.784218
 11  pre_conf           0.5071   -  0.0014    0.447638     0.44827
BEST: post_entropy (AUC=0.8185, polarity=-)
저장: D:\Users\dust\Documents\학교\2026년도1학기\컴퓨터비전\실습\FoundationStereo\experiments\ds_v2_seed1/minimal_interior_v64\features\report.json / panels.png / mirror_signal.npy
[device] cuda
  [train] epoch 60/300  loss=0.4941
  [train] epoch 120/300  loss=0.2805
  [train] epoch 180/300  loss=0.1756
  [train] epoch 240/300  loss=0.1148
  [train] epoch 300/300  loss=0.0790

[VAL] scene=ds_v2_seed1/minimal_interior_v64  (pixel 70/30 split)
  AUC      = 0.9981
  IoU@0.5  = 0.7584
  F1@0.5   = 0.8626
  accuracy = 0.9801  (prec=0.7711, rec=0.9787)
  tp=1105 fp=328 fn=24 tn=16207

[save] D:\Users\dust\Documents\학교\2026년도1학기\컴퓨터비전\실습\FoundationStereo\experiments\ds_v2_seed1/minimal_interior_v64\submodel
  pred_mask.png, panel.png, metrics.json, head.pt
DONE: D:\Users\dust\Documents\학교\2026년도1학기\컴퓨터비전\실습\FoundationStereo\experiments\ds_v2_seed1/minimal_interior_v64\submodel
[device] cuda
[load] D:\Users\dust\Documents\학교\2026년도1학기\컴퓨터비전\실습\FoundationStereo\experiments\_model\general_head.pt  (train_scenes=['archiviz_baseline080', 'bedroom_baseline080', 'blue_bathroom_baseline080', 'computer_room_baseline080', 'cozy_living_room_baseline080', 'flat-archiviz_baseline080', 'green_house_baseline080', 'gym_baseline080', 'livingroom_baseline080', 'minimal_interior_baseline080', 'scandinavian_baseline080', 'sunlight_baseline080'])

[APPLY] ds_v2_seed1/minimal_interior_v64  (저장모델로 새 데이터 평가)
  AUC      = 0.8705
  IoU@0.5  = 0.2223
  F1@0.5   = 0.3637
  accuracy = 0.9245  (prec=0.3994, rec=0.3339)
  tp=1271 fp=1911 fn=2536 tn=53162
[save] D:\Users\dust\Documents\학교\2026년도1학기\컴퓨터비전\실습\FoundationStereo\experiments\ds_v2_seed1/minimal_interior_v64\submodel_applied  (pred_mask.png, panel.png, metrics.json)

============================================================
STEP: estimate_mirror_plane
============================================================

============================================================
STEP: viz_ransac_inliers
============================================================

============================================================
STEP: make_mirror_gt_from_depth
============================================================

============================================================
STEP: analyze_features
============================================================

============================================================
STEP: submodel_head
============================================================

============================================================
STEP: apply_submodel
============================================================

DONE: D:\Users\dust\Documents\학교\2026년도1학기\컴퓨터비전\실습\FoundationStereo\experiments\ds_v2_seed1/minimal_interior_v64 (ok)

##### [90/131] ds_v2_seed1/scandinavian_v24  (done 5, fail 0, skip 84, elapsed 2m, ETA 21m) #####
[scene] ds_v2_seed1/scandinavian_v24  size=1280x720
[select] mirror 점 개수 = 202024  (mask=202024, valid&depth = 908165)
[conf] mirror 영역 평균 confidence = 0.6548

=== 평면 추정 결과 ===
  [PCA (closed form)]
      normal = [-0.1755, -0.9338, -0.3118]
      d = +2.3851   mirror_depth(perp) = 2.3851 m   view_z = 6.7544 m
      n_inliers = 202024/202024   rms_residual = 0.56470 m
  [RANSAC]
      normal = [-0.4001, +0.0161, -0.9163]
      d = +8.0654   mirror_depth(perp) = 8.0654 m   view_z = 6.7544 m
      n_inliers = 93255/202024   rms_residual = 0.03279 m
  [SVD robust (IRLS)]
      normal = [-0.2325, -0.9264, -0.2963]
      d = +2.3534   mirror_depth(perp) = 2.3534 m   view_z = 6.7544 m
      n_inliers = 21342/202024   rms_residual = 0.05304 m

[save] D:\Users\dust\Documents\학교\2026년도1학기\컴퓨터비전\실습\FoundationStereo\experiments\ds_v2_seed1/scandinavian_v24\mirror_geometry\result.json
[save] D:\Users\dust\Documents\학교\2026년도1학기\컴퓨터비전\실습\FoundationStereo\experiments\ds_v2_seed1/scandinavian_v24\mirror_geometry\plane.txt
[save] D:\Users\dust\Documents\학교\2026년도1학기\컴퓨터비전\실습\FoundationStereo\experiments\ds_v2_seed1/scandinavian_v24\mirror_geometry\viz.png

DONE: D:\Users\dust\Documents\학교\2026년도1학기\컴퓨터비전\실습\FoundationStereo\experiments\ds_v2_seed1/scandinavian_v24\mirror_geometry
[ds_v2_seed1/scandinavian_v24] 거울 점 202024개 중 inlier 93255 (46.2%) / outlier 108769
  normal=[-0.4    0.016 -0.916] d=8.065  rms(inlier)=0.0328 m  thr≈0.093 m
[save] D:\Users\dust\Documents\학교\2026년도1학기\컴퓨터비전\실습\FoundationStereo\experiments\ds_v2_seed1/scandinavian_v24\mirror_geometry\ransac_inliers.png
[gt] scandinavian_v24             perp 3.69m planRMS 0.1788m  normal [-0.488, 0.13, -0.863]

생성 1, 건너뜀 0 (depth_gt/mask 없음 등)
[ds_v2_seed1/scandinavian_v24] feature 184x320  mirror_frac=0.21915760869565218  feat_left=True
rank  signal              AUC    pol  sep     mean_in     mean_out
  1  feat_left_l2       0.7448   +  0.4108   18.983313   15.873858
  2  delta_argdisp      0.6514   -  0.2551   39.994033   56.308683
  3  post_entropy       0.5728   -  0.1721    0.746573    0.818455
  4  delta_entropy      0.5606   -  0.0727    -1.07258   -0.953976
  5  delta_conf         0.5578   +  0.1028    0.241479    0.189216
  6  pre_conf           0.5536   -  0.0816    0.412398     0.44833
  7  feat_left_pc1      0.5532   -  0.0333    2.620371     2.78595
  8  pre_entropy        0.5402   +  0.0301    1.819153    1.772431
  9  post_conf          0.5289   +  0.0668    0.653877    0.637545
 10  feat_left_pc3      0.5066   -  0.0573    2.038555    1.848184
 11  feat_left_pc2       0.505   -  0.0379    2.492181    2.328851
BEST: feat_left_l2 (AUC=0.7448, polarity=+)
저장: D:\Users\dust\Documents\학교\2026년도1학기\컴퓨터비전\실습\FoundationStereo\experiments\ds_v2_seed1/scandinavian_v24\features\report.json / panels.png / mirror_signal.npy
[device] cuda
  [train] epoch 60/300  loss=0.5115
  [train] epoch 120/300  loss=0.3486
  [train] epoch 180/300  loss=0.2640
  [train] epoch 240/300  loss=0.2070
  [train] epoch 300/300  loss=0.1667

[VAL] scene=ds_v2_seed1/scandinavian_v24  (pixel 70/30 split)
  AUC      = 0.9890
  IoU@0.5  = 0.7815
  F1@0.5   = 0.8773
  accuracy = 0.9424  (prec=0.8071, rec=0.9609)
  tp=3637 fp=869 fn=148 tn=13010

[save] D:\Users\dust\Documents\학교\2026년도1학기\컴퓨터비전\실습\FoundationStereo\experiments\ds_v2_seed1/scandinavian_v24\submodel
  pred_mask.png, panel.png, metrics.json, head.pt
DONE: D:\Users\dust\Documents\학교\2026년도1학기\컴퓨터비전\실습\FoundationStereo\experiments\ds_v2_seed1/scandinavian_v24\submodel
[device] cuda
[load] D:\Users\dust\Documents\학교\2026년도1학기\컴퓨터비전\실습\FoundationStereo\experiments\_model\general_head.pt  (train_scenes=['archiviz_baseline080', 'bedroom_baseline080', 'blue_bathroom_baseline080', 'computer_room_baseline080', 'cozy_living_room_baseline080', 'flat-archiviz_baseline080', 'green_house_baseline080', 'gym_baseline080', 'livingroom_baseline080', 'minimal_interior_baseline080', 'scandinavian_baseline080', 'sunlight_baseline080'])

[APPLY] ds_v2_seed1/scandinavian_v24  (저장모델로 새 데이터 평가)
  AUC      = 0.8717
  IoU@0.5  = 0.3698
  F1@0.5   = 0.5399
  accuracy = 0.8460  (prec=0.7815, rec=0.4124)
  tp=5322 fp=1488 fn=7582 tn=44488
[save] D:\Users\dust\Documents\학교\2026년도1학기\컴퓨터비전\실습\FoundationStereo\experiments\ds_v2_seed1/scandinavian_v24\submodel_applied  (pred_mask.png, panel.png, metrics.json)

============================================================
STEP: estimate_mirror_plane
============================================================

============================================================
STEP: viz_ransac_inliers
============================================================

============================================================
STEP: make_mirror_gt_from_depth
============================================================

============================================================
STEP: analyze_features
============================================================

============================================================
STEP: submodel_head
============================================================

============================================================
STEP: apply_submodel
============================================================

DONE: D:\Users\dust\Documents\학교\2026년도1학기\컴퓨터비전\실습\FoundationStereo\experiments\ds_v2_seed1/scandinavian_v24 (ok)

##### [91/131] ds_v2_seed1/scandinavian_v25  (done 6, fail 0, skip 84, elapsed 3m, ETA 21m) #####
[scene] ds_v2_seed1/scandinavian_v25  size=1280x720
[select] mirror 점 개수 = 136487  (mask=136487, valid&depth = 896635)
[conf] mirror 영역 평균 confidence = 0.6446

=== 평면 추정 결과 ===
  [PCA (closed form)]
      normal = [+0.0293, -0.9107, -0.4120]
      d = +1.4677   mirror_depth(perp) = 1.4677 m   view_z = 6.6543 m
      n_inliers = 136487/136487   rms_residual = 0.41906 m
  [RANSAC]
      normal = [-0.0888, +0.4595, -0.8837]
      d = +7.9588   mirror_depth(perp) = 7.9588 m   view_z = 6.6543 m
      n_inliers = 51772/136487   rms_residual = 0.02717 m
  [SVD robust (IRLS)]
      normal = [-0.0144, -0.9073, -0.4202]
      d = +1.4224   mirror_depth(perp) = 1.4224 m   view_z = 6.6543 m
      n_inliers = 18947/136487   rms_residual = 0.04839 m

[save] D:\Users\dust\Documents\학교\2026년도1학기\컴퓨터비전\실습\FoundationStereo\experiments\ds_v2_seed1/scandinavian_v25\mirror_geometry\result.json
[save] D:\Users\dust\Documents\학교\2026년도1학기\컴퓨터비전\실습\FoundationStereo\experiments\ds_v2_seed1/scandinavian_v25\mirror_geometry\plane.txt
[save] D:\Users\dust\Documents\학교\2026년도1학기\컴퓨터비전\실습\FoundationStereo\experiments\ds_v2_seed1/scandinavian_v25\mirror_geometry\viz.png

DONE: D:\Users\dust\Documents\학교\2026년도1학기\컴퓨터비전\실습\FoundationStereo\experiments\ds_v2_seed1/scandinavian_v25\mirror_geometry
[ds_v2_seed1/scandinavian_v25] 거울 점 136487개 중 inlier 51772 (37.9%) / outlier 84715
  normal=[-0.089  0.459 -0.884] d=7.959  rms(inlier)=0.0272 m  thr≈0.081 m
[save] D:\Users\dust\Documents\학교\2026년도1학기\컴퓨터비전\실습\FoundationStereo\experiments\ds_v2_seed1/scandinavian_v25\mirror_geometry\ransac_inliers.png
[gt] scandinavian_v25             perp 3.82m planRMS 0.2640m  normal [-0.169, 0.358, -0.918]

생성 1, 건너뜀 0 (depth_gt/mask 없음 등)
[ds_v2_seed1/scandinavian_v25] feature 184x320  mirror_frac=0.14909986413043477  feat_left=True
rank  signal              AUC    pol  sep     mean_in     mean_out
  1  feat_left_l2       0.6919   +  0.3503   18.712998   16.606866
  2  delta_argdisp      0.5976   -   0.163   39.290808   49.286561
  3  post_entropy        0.576   +  0.0254    0.744586    0.734554
  4  delta_conf         0.5626   -  0.1192    0.215066     0.27216
  5  feat_left_pc1       0.562   -  0.1241    2.248273    2.690743
  6  post_conf          0.5615   -  0.1085    0.644508    0.671378
  7  feat_left_pc2      0.5535   -  0.0841    2.092731    2.378502
  8  delta_entropy      0.5518   +  0.1208   -1.028705   -1.219795
  9  feat_left_pc3      0.5504   +  0.1192    2.073041    1.718385
 10  pre_entropy        0.5471   -  0.1163    1.773291    1.954349
 11  pre_conf           0.5328   +  0.0694    0.429443    0.399218
BEST: feat_left_l2 (AUC=0.6919, polarity=+)
저장: D:\Users\dust\Documents\학교\2026년도1학기\컴퓨터비전\실습\FoundationStereo\experiments\ds_v2_seed1/scandinavian_v25\features\report.json / panels.png / mirror_signal.npy
[device] cuda
  [train] epoch 60/300  loss=0.4712
  [train] epoch 120/300  loss=0.2681
  [train] epoch 180/300  loss=0.1735
  [train] epoch 240/300  loss=0.1195
  [train] epoch 300/300  loss=0.0868

[VAL] scene=ds_v2_seed1/scandinavian_v25  (pixel 70/30 split)
  AUC      = 0.9960
  IoU@0.5  = 0.8579
  F1@0.5   = 0.9235
  accuracy = 0.9758  (prec=0.8756, rec=0.9769)
  tp=2577 fp=366 fn=61 tn=14660

[save] D:\Users\dust\Documents\학교\2026년도1학기\컴퓨터비전\실습\FoundationStereo\experiments\ds_v2_seed1/scandinavian_v25\submodel
  pred_mask.png, panel.png, metrics.json, head.pt
DONE: D:\Users\dust\Documents\학교\2026년도1학기\컴퓨터비전\실습\FoundationStereo\experiments\ds_v2_seed1/scandinavian_v25\submodel
[device] cuda
[load] D:\Users\dust\Documents\학교\2026년도1학기\컴퓨터비전\실습\FoundationStereo\experiments\_model\general_head.pt  (train_scenes=['archiviz_baseline080', 'bedroom_baseline080', 'blue_bathroom_baseline080', 'computer_room_baseline080', 'cozy_living_room_baseline080', 'flat-archiviz_baseline080', 'green_house_baseline080', 'gym_baseline080', 'livingroom_baseline080', 'minimal_interior_baseline080', 'scandinavian_baseline080', 'sunlight_baseline080'])

[APPLY] ds_v2_seed1/scandinavian_v25  (저장모델로 새 데이터 평가)
  AUC      = 0.9639
  IoU@0.5  = 0.5863
  F1@0.5   = 0.7392
  accuracy = 0.9364  (prec=0.9509, rec=0.6046)
  tp=5308 fp=274 fn=3471 tn=49827
[save] D:\Users\dust\Documents\학교\2026년도1학기\컴퓨터비전\실습\FoundationStereo\experiments\ds_v2_seed1/scandinavian_v25\submodel_applied  (pred_mask.png, panel.png, metrics.json)

============================================================
STEP: estimate_mirror_plane
============================================================

============================================================
STEP: viz_ransac_inliers
============================================================

============================================================
STEP: make_mirror_gt_from_depth
============================================================

============================================================
STEP: analyze_features
============================================================

============================================================
STEP: submodel_head
============================================================

============================================================
STEP: apply_submodel
============================================================

DONE: D:\Users\dust\Documents\학교\2026년도1학기\컴퓨터비전\실습\FoundationStereo\experiments\ds_v2_seed1/scandinavian_v25 (ok)

##### [92/131] ds_v2_seed1/scandinavian_v26  (done 7, fail 0, skip 84, elapsed 4m, ETA 21m) #####
[scene] ds_v2_seed1/scandinavian_v26  size=1280x720
[select] mirror 점 개수 = 152570  (mask=152570, valid&depth = 900342)
[conf] mirror 영역 평균 confidence = 0.6631

=== 평면 추정 결과 ===
  [PCA (closed form)]
      normal = [+0.0542, -0.9400, -0.3368]
      d = +2.0191   mirror_depth(perp) = 2.0191 m   view_z = 7.2940 m
      n_inliers = 152570/152570   rms_residual = 0.55851 m
  [RANSAC]
      normal = [-0.0454, +0.1731, -0.9839]
      d = +8.3999   mirror_depth(perp) = 8.3999 m   view_z = 7.2940 m
      n_inliers = 74798/152570   rms_residual = 0.03400 m
  [SVD robust (IRLS)]
      normal = [+0.0076, -0.9409, -0.3385]
      d = +1.9886   mirror_depth(perp) = 1.9886 m   view_z = 7.2940 m
      n_inliers = 26728/152570   rms_residual = 0.05493 m

[save] D:\Users\dust\Documents\학교\2026년도1학기\컴퓨터비전\실습\FoundationStereo\experiments\ds_v2_seed1/scandinavian_v26\mirror_geometry\result.json
[save] D:\Users\dust\Documents\학교\2026년도1학기\컴퓨터비전\실습\FoundationStereo\experiments\ds_v2_seed1/scandinavian_v26\mirror_geometry\plane.txt
[save] D:\Users\dust\Documents\학교\2026년도1학기\컴퓨터비전\실습\FoundationStereo\experiments\ds_v2_seed1/scandinavian_v26\mirror_geometry\viz.png

DONE: D:\Users\dust\Documents\학교\2026년도1학기\컴퓨터비전\실습\FoundationStereo\experiments\ds_v2_seed1/scandinavian_v26\mirror_geometry
[ds_v2_seed1/scandinavian_v26] 거울 점 152570개 중 inlier 74798 (49.0%) / outlier 77772
  normal=[-0.045  0.173 -0.984] d=8.400  rms(inlier)=0.0340 m  thr≈0.095 m
[save] D:\Users\dust\Documents\학교\2026년도1학기\컴퓨터비전\실습\FoundationStereo\experiments\ds_v2_seed1/scandinavian_v26\mirror_geometry\ransac_inliers.png
[gt] scandinavian_v26             perp 4.08m planRMS 0.2515m  normal [-0.182, 0.177, -0.967]

생성 1, 건너뜀 0 (depth_gt/mask 없음 등)
[ds_v2_seed1/scandinavian_v26] feature 184x320  mirror_frac=0.16560801630434782  feat_left=True
rank  signal              AUC    pol  sep     mean_in     mean_out
  1  feat_left_l2       0.7611   +  0.4394   19.308977   15.921972
  2  delta_argdisp      0.6613   -  0.2807    39.85704   56.725376
  3  post_entropy        0.601   -  0.2006    0.745079    0.825901
  4  post_conf           0.568   +  0.1213    0.662439    0.633889
  5  pre_entropy        0.5484   -  0.1222    1.747103    1.939282
  6  pre_conf           0.5376   +  0.0686    0.429746    0.399695
  7  delta_entropy       0.519   +  0.0679   -1.002024   -1.113381
  8  feat_left_pc3      0.5176   -  0.0097    1.889819    1.857985
  9  feat_left_pc2      0.5174   -  0.0086    2.509665    2.542474
 10  feat_left_pc1      0.5067   -  0.0321    2.834328    2.663856
 11  delta_conf         0.5053   +   0.003    0.232693    0.234194
BEST: feat_left_l2 (AUC=0.7611, polarity=+)
저장: D:\Users\dust\Documents\학교\2026년도1학기\컴퓨터비전\실습\FoundationStereo\experiments\ds_v2_seed1/scandinavian_v26\features\report.json / panels.png / mirror_signal.npy
[device] cuda
  [train] epoch 60/300  loss=0.4490
  [train] epoch 120/300  loss=0.2730
  [train] epoch 180/300  loss=0.1925
  [train] epoch 240/300  loss=0.1415
  [train] epoch 300/300  loss=0.1073

[VAL] scene=ds_v2_seed1/scandinavian_v26  (pixel 70/30 split)
  AUC      = 0.9958
  IoU@0.5  = 0.8371
  F1@0.5   = 0.9113
  accuracy = 0.9690  (prec=0.8559, rec=0.9744)
  tp=2816 fp=474 fn=74 tn=14300

[save] D:\Users\dust\Documents\학교\2026년도1학기\컴퓨터비전\실습\FoundationStereo\experiments\ds_v2_seed1/scandinavian_v26\submodel
  pred_mask.png, panel.png, metrics.json, head.pt
DONE: D:\Users\dust\Documents\학교\2026년도1학기\컴퓨터비전\실습\FoundationStereo\experiments\ds_v2_seed1/scandinavian_v26\submodel
[device] cuda
[load] D:\Users\dust\Documents\학교\2026년도1학기\컴퓨터비전\실습\FoundationStereo\experiments\_model\general_head.pt  (train_scenes=['archiviz_baseline080', 'bedroom_baseline080', 'blue_bathroom_baseline080', 'computer_room_baseline080', 'cozy_living_room_baseline080', 'flat-archiviz_baseline080', 'green_house_baseline080', 'gym_baseline080', 'livingroom_baseline080', 'minimal_interior_baseline080', 'scandinavian_baseline080', 'sunlight_baseline080'])

[APPLY] ds_v2_seed1/scandinavian_v26  (저장모델로 새 데이터 평가)
  AUC      = 0.9234
  IoU@0.5  = 0.5344
  F1@0.5   = 0.6966
  accuracy = 0.9184  (prec=0.9061, rec=0.5658)
  tp=5517 fp=572 fn=4234 tn=48557
[save] D:\Users\dust\Documents\학교\2026년도1학기\컴퓨터비전\실습\FoundationStereo\experiments\ds_v2_seed1/scandinavian_v26\submodel_applied  (pred_mask.png, panel.png, metrics.json)

============================================================
STEP: estimate_mirror_plane
============================================================

============================================================
STEP: viz_ransac_inliers
============================================================

============================================================
STEP: make_mirror_gt_from_depth
============================================================

============================================================
STEP: analyze_features
============================================================

============================================================
STEP: submodel_head
============================================================

============================================================
STEP: apply_submodel
============================================================

DONE: D:\Users\dust\Documents\학교\2026년도1학기\컴퓨터비전\실습\FoundationStereo\experiments\ds_v2_seed1/scandinavian_v26 (ok)

##### [93/131] ds_v2_seed1/scandinavian_v27  (done 8, fail 0, skip 84, elapsed 4m, ETA 21m) #####
[scene] ds_v2_seed1/scandinavian_v27  size=1280x720
[select] mirror 점 개수 = 114555  (mask=114555, valid&depth = 902788)
[conf] mirror 영역 평균 confidence = 0.6506

=== 평면 추정 결과 ===
  [PCA (closed form)]
      normal = [+0.0490, -0.9228, -0.3823]
      d = +1.1940   mirror_depth(perp) = 1.1940 m   view_z = 7.0488 m
      n_inliers = 114555/114555   rms_residual = 0.44172 m
  [RANSAC]
      normal = [-0.3102, +0.3064, -0.9000]
      d = +8.4380   mirror_depth(perp) = 8.4380 m   view_z = 7.0488 m
      n_inliers = 53963/114555   rms_residual = 0.02301 m
  [SVD robust (IRLS)]
      normal = [-0.0087, -0.9210, -0.3894]
      d = +1.2395   mirror_depth(perp) = 1.2395 m   view_z = 7.0488 m
      n_inliers = 22384/114555   rms_residual = 0.05147 m

[save] D:\Users\dust\Documents\학교\2026년도1학기\컴퓨터비전\실습\FoundationStereo\experiments\ds_v2_seed1/scandinavian_v27\mirror_geometry\result.json
[save] D:\Users\dust\Documents\학교\2026년도1학기\컴퓨터비전\실습\FoundationStereo\experiments\ds_v2_seed1/scandinavian_v27\mirror_geometry\plane.txt
[save] D:\Users\dust\Documents\학교\2026년도1학기\컴퓨터비전\실습\FoundationStereo\experiments\ds_v2_seed1/scandinavian_v27\mirror_geometry\viz.png

DONE: D:\Users\dust\Documents\학교\2026년도1학기\컴퓨터비전\실습\FoundationStereo\experiments\ds_v2_seed1/scandinavian_v27\mirror_geometry
[ds_v2_seed1/scandinavian_v27] 거울 점 114555개 중 inlier 53963 (47.1%) / outlier 60592
  normal=[-0.31   0.306 -0.9  ] d=8.438  rms(inlier)=0.0230 m  thr≈0.091 m
[save] D:\Users\dust\Documents\학교\2026년도1학기\컴퓨터비전\실습\FoundationStereo\experiments\ds_v2_seed1/scandinavian_v27\mirror_geometry\ransac_inliers.png
[gt] scandinavian_v27             perp 4.11m planRMS 0.3070m  normal [-0.372, 0.307, -0.876]

생성 1, 건너뜀 0 (depth_gt/mask 없음 등)
[ds_v2_seed1/scandinavian_v27] feature 184x320  mirror_frac=0.12520380434782608  feat_left=True
rank  signal              AUC    pol  sep     mean_in     mean_out
  1  feat_left_l2       0.6568   +  0.2825   18.347555   16.541708
  2  post_entropy       0.6182   +  0.1866    0.769842    0.704672
  3  post_conf          0.5756   -  0.1465    0.649211    0.682415
  4  feat_left_pc3      0.5676   +  0.1506    2.190407    1.710909
  5  feat_left_pc1      0.5406   -  0.0574    2.352778    2.568038
  6  delta_argdisp      0.5404   -  0.0551   43.440043   46.964297
  7  delta_entropy      0.5386   +  0.0984   -1.069868   -1.221825
  8  delta_conf         0.5369   -  0.0674     0.24117    0.272771
  9  feat_left_pc2      0.5357   -  0.0393     2.07102    2.206929
 10  pre_entropy        0.5159   -  0.0571     1.83971    1.926498
 11  pre_conf           0.5032   -  0.0038    0.408041    0.409644
BEST: feat_left_l2 (AUC=0.6568, polarity=+)
저장: D:\Users\dust\Documents\학교\2026년도1학기\컴퓨터비전\실습\FoundationStereo\experiments\ds_v2_seed1/scandinavian_v27\features\report.json / panels.png / mirror_signal.npy
[device] cuda
  [train] epoch 60/300  loss=0.5184
  [train] epoch 120/300  loss=0.3049
  [train] epoch 180/300  loss=0.2062
  [train] epoch 240/300  loss=0.1483
  [train] epoch 300/300  loss=0.1111

[VAL] scene=ds_v2_seed1/scandinavian_v27  (pixel 70/30 split)
  AUC      = 0.9945
  IoU@0.5  = 0.7920
  F1@0.5   = 0.8839
  accuracy = 0.9683  (prec=0.8197, rec=0.9591)
  tp=2132 fp=469 fn=91 tn=14972

[save] D:\Users\dust\Documents\학교\2026년도1학기\컴퓨터비전\실습\FoundationStereo\experiments\ds_v2_seed1/scandinavian_v27\submodel
  pred_mask.png, panel.png, metrics.json, head.pt
DONE: D:\Users\dust\Documents\학교\2026년도1학기\컴퓨터비전\실습\FoundationStereo\experiments\ds_v2_seed1/scandinavian_v27\submodel
[device] cuda
[load] D:\Users\dust\Documents\학교\2026년도1학기\컴퓨터비전\실습\FoundationStereo\experiments\_model\general_head.pt  (train_scenes=['archiviz_baseline080', 'bedroom_baseline080', 'blue_bathroom_baseline080', 'computer_room_baseline080', 'cozy_living_room_baseline080', 'flat-archiviz_baseline080', 'green_house_baseline080', 'gym_baseline080', 'livingroom_baseline080', 'minimal_interior_baseline080', 'scandinavian_baseline080', 'sunlight_baseline080'])

[APPLY] ds_v2_seed1/scandinavian_v27  (저장모델로 새 데이터 평가)
  AUC      = 0.9634
  IoU@0.5  = 0.6519
  F1@0.5   = 0.7893
  accuracy = 0.9507  (prec=0.8489, rec=0.7375)
  tp=5437 fp=968 fn=1935 tn=50540
[save] D:\Users\dust\Documents\학교\2026년도1학기\컴퓨터비전\실습\FoundationStereo\experiments\ds_v2_seed1/scandinavian_v27\submodel_applied  (pred_mask.png, panel.png, metrics.json)

============================================================
STEP: estimate_mirror_plane
============================================================

============================================================
STEP: viz_ransac_inliers
============================================================

============================================================
STEP: make_mirror_gt_from_depth
============================================================

============================================================
STEP: analyze_features
============================================================

============================================================
STEP: submodel_head
============================================================

============================================================
STEP: apply_submodel
============================================================

DONE: D:\Users\dust\Documents\학교\2026년도1학기\컴퓨터비전\실습\FoundationStereo\experiments\ds_v2_seed1/scandinavian_v27 (ok)

##### [94/131] ds_v2_seed1/scandinavian_v28  (done 9, fail 0, skip 84, elapsed 5m, ETA 20m) #####
[scene] ds_v2_seed1/scandinavian_v28  size=1280x720
[select] mirror 점 개수 = 166628  (mask=166628, valid&depth = 899985)
[conf] mirror 영역 평균 confidence = 0.6669

=== 평면 추정 결과 ===
  [PCA (closed form)]
      normal = [-0.0034, -0.9119, -0.4105]
      d = +2.1470   mirror_depth(perp) = 2.1470 m   view_z = 7.1885 m
      n_inliers = 166628/166628   rms_residual = 0.57307 m
  [RANSAC]
      normal = [-0.1519, +0.1234, -0.9807]
      d = +8.2775   mirror_depth(perp) = 8.2775 m   view_z = 7.1885 m
      n_inliers = 79010/166628   rms_residual = 0.03243 m
  [SVD robust (IRLS)]
      normal = [-0.0267, -0.9138, -0.4053]
      d = +2.0761   mirror_depth(perp) = 2.0761 m   view_z = 7.1885 m
      n_inliers = 21011/166628   rms_residual = 0.04889 m

[save] D:\Users\dust\Documents\학교\2026년도1학기\컴퓨터비전\실습\FoundationStereo\experiments\ds_v2_seed1/scandinavian_v28\mirror_geometry\result.json
[save] D:\Users\dust\Documents\학교\2026년도1학기\컴퓨터비전\실습\FoundationStereo\experiments\ds_v2_seed1/scandinavian_v28\mirror_geometry\plane.txt
[save] D:\Users\dust\Documents\학교\2026년도1학기\컴퓨터비전\실습\FoundationStereo\experiments\ds_v2_seed1/scandinavian_v28\mirror_geometry\viz.png

DONE: D:\Users\dust\Documents\학교\2026년도1학기\컴퓨터비전\실습\FoundationStereo\experiments\ds_v2_seed1/scandinavian_v28\mirror_geometry
[ds_v2_seed1/scandinavian_v28] 거울 점 166628개 중 inlier 79010 (47.4%) / outlier 87618
  normal=[-0.152  0.123 -0.981] d=8.278  rms(inlier)=0.0324 m  thr≈0.083 m
[save] D:\Users\dust\Documents\학교\2026년도1학기\컴퓨터비전\실습\FoundationStereo\experiments\ds_v2_seed1/scandinavian_v28\mirror_geometry\ransac_inliers.png
[gt] scandinavian_v28             perp 3.93m planRMS 0.2399m  normal [-0.28, 0.222, -0.934]

생성 1, 건너뜀 0 (depth_gt/mask 없음 등)
[ds_v2_seed1/scandinavian_v28] feature 184x320  mirror_frac=0.18057065217391305  feat_left=True
rank  signal              AUC    pol  sep     mean_in     mean_out
  1  feat_left_l2       0.6911   +  0.3266    18.54169   16.225037
  2  delta_argdisp      0.6126   -  0.1885   41.818567   53.426857
  3  post_conf          0.5627   +  0.1051    0.666108    0.640102
  4  pre_entropy        0.5576   -  0.1385    1.782169    1.993317
  5  post_entropy       0.5572   -  0.1459    0.742967    0.804351
  6  pre_conf           0.5367   +  0.0699    0.419839    0.390532
  7  delta_entropy       0.536   +  0.0945   -1.039202   -1.188966
  8  feat_left_pc3      0.5104   -  0.0323    1.989605    1.886861
  9  feat_left_pc1      0.5039   -  0.0014    2.566419     2.55994
 10  feat_left_pc2      0.5024   -  0.0109    2.338508    2.379196
 11  delta_conf         0.5008   -  0.0067    0.246269     0.24957
BEST: feat_left_l2 (AUC=0.6911, polarity=+)
저장: D:\Users\dust\Documents\학교\2026년도1학기\컴퓨터비전\실습\FoundationStereo\experiments\ds_v2_seed1/scandinavian_v28\features\report.json / panels.png / mirror_signal.npy
[device] cuda
  [train] epoch 60/300  loss=0.4749
  [train] epoch 120/300  loss=0.2889
  [train] epoch 180/300  loss=0.1975
  [train] epoch 240/300  loss=0.1413
  [train] epoch 300/300  loss=0.1040

[VAL] scene=ds_v2_seed1/scandinavian_v28  (pixel 70/30 split)
  AUC      = 0.9965
  IoU@0.5  = 0.8743
  F1@0.5   = 0.9330
  accuracy = 0.9747  (prec=0.8934, rec=0.9761)
  tp=3110 fp=371 fn=76 tn=14107

[save] D:\Users\dust\Documents\학교\2026년도1학기\컴퓨터비전\실습\FoundationStereo\experiments\ds_v2_seed1/scandinavian_v28\submodel
  pred_mask.png, panel.png, metrics.json, head.pt
DONE: D:\Users\dust\Documents\학교\2026년도1학기\컴퓨터비전\실습\FoundationStereo\experiments\ds_v2_seed1/scandinavian_v28\submodel
[device] cuda
[load] D:\Users\dust\Documents\학교\2026년도1학기\컴퓨터비전\실습\FoundationStereo\experiments\_model\general_head.pt  (train_scenes=['archiviz_baseline080', 'bedroom_baseline080', 'blue_bathroom_baseline080', 'computer_room_baseline080', 'cozy_living_room_baseline080', 'flat-archiviz_baseline080', 'green_house_baseline080', 'gym_baseline080', 'livingroom_baseline080', 'minimal_interior_baseline080', 'scandinavian_baseline080', 'sunlight_baseline080'])

[APPLY] ds_v2_seed1/scandinavian_v28  (저장모델로 새 데이터 평가)
  AUC      = 0.9434
  IoU@0.5  = 0.5576
  F1@0.5   = 0.7160
  accuracy = 0.9160  (prec=0.9187, rec=0.5865)
  tp=6236 fp=552 fn=4396 tn=47696
[save] D:\Users\dust\Documents\학교\2026년도1학기\컴퓨터비전\실습\FoundationStereo\experiments\ds_v2_seed1/scandinavian_v28\submodel_applied  (pred_mask.png, panel.png, metrics.json)

============================================================
STEP: estimate_mirror_plane
============================================================

============================================================
STEP: viz_ransac_inliers
============================================================

============================================================
STEP: make_mirror_gt_from_depth
============================================================

============================================================
STEP: analyze_features
============================================================

============================================================
STEP: submodel_head
============================================================

============================================================
STEP: apply_submodel
============================================================

DONE: D:\Users\dust\Documents\학교\2026년도1학기\컴퓨터비전\실습\FoundationStereo\experiments\ds_v2_seed1/scandinavian_v28 (ok)

##### [95/131] ds_v2_seed1/scandinavian_v29  (done 10, fail 0, skip 84, elapsed 5m, ETA 20m) #####
[scene] ds_v2_seed1/scandinavian_v29  size=1280x720
[select] mirror 점 개수 = 120166  (mask=120166, valid&depth = 897564)
[conf] mirror 영역 평균 confidence = 0.6381

=== 평면 추정 결과 ===
  [PCA (closed form)]
      normal = [+0.0450, -0.9194, -0.3909]
      d = +1.2980   mirror_depth(perp) = 1.2980 m   view_z = 6.9630 m
      n_inliers = 120166/120166   rms_residual = 0.43032 m
  [RANSAC]
      normal = [-0.1411, +0.2572, -0.9560]
      d = +8.3486   mirror_depth(perp) = 8.3486 m   view_z = 6.9630 m
      n_inliers = 54079/120166   rms_residual = 0.02825 m
  [SVD robust (IRLS)]
      normal = [-0.0010, -0.9150, -0.4034]
      d = +1.3319   mirror_depth(perp) = 1.3319 m   view_z = 6.9630 m
      n_inliers = 23229/120166   rms_residual = 0.04967 m

[save] D:\Users\dust\Documents\학교\2026년도1학기\컴퓨터비전\실습\FoundationStereo\experiments\ds_v2_seed1/scandinavian_v29\mirror_geometry\result.json
[save] D:\Users\dust\Documents\학교\2026년도1학기\컴퓨터비전\실습\FoundationStereo\experiments\ds_v2_seed1/scandinavian_v29\mirror_geometry\plane.txt
[save] D:\Users\dust\Documents\학교\2026년도1학기\컴퓨터비전\실습\FoundationStereo\experiments\ds_v2_seed1/scandinavian_v29\mirror_geometry\viz.png

DONE: D:\Users\dust\Documents\학교\2026년도1학기\컴퓨터비전\실습\FoundationStereo\experiments\ds_v2_seed1/scandinavian_v29\mirror_geometry
[ds_v2_seed1/scandinavian_v29] 거울 점 120166개 중 inlier 54079 (45.0%) / outlier 66087
  normal=[-0.141  0.257 -0.956] d=8.349  rms(inlier)=0.0282 m  thr≈0.082 m
[save] D:\Users\dust\Documents\학교\2026년도1학기\컴퓨터비전\실습\FoundationStereo\experiments\ds_v2_seed1/scandinavian_v29\mirror_geometry\ransac_inliers.png
[gt] scandinavian_v29             perp 4.02m planRMS 0.3091m  normal [-0.218, 0.33, -0.918]

생성 1, 건너뜀 0 (depth_gt/mask 없음 등)
[ds_v2_seed1/scandinavian_v29] feature 184x320  mirror_frac=0.13133491847826087  feat_left=True
rank  signal              AUC    pol  sep     mean_in     mean_out
  1  feat_left_l2       0.6861   +  0.3336   18.694848   16.505053
  2  post_entropy       0.5958   +  0.1231    0.764993     0.71939
  3  post_conf          0.5871   -  0.1669    0.637725    0.676711
  4  delta_argdisp      0.5759   -  0.1303   40.358464   48.308542
  5  delta_conf         0.5731   -  0.1386    0.225655    0.291468
  6  delta_entropy      0.5649   +  0.1536   -1.062572    -1.30569
  7  feat_left_pc3      0.5572   +  0.1433    2.161035    1.700777
  8  pre_entropy        0.5512   -  0.1276    1.827565    2.025079
  9  pre_conf           0.5309   +  0.0638    0.412071    0.385243
 10  feat_left_pc2      0.5225   -  0.0296    2.166834    2.272548
 11  feat_left_pc1       0.514   -  0.0251    2.394586    2.495927
BEST: feat_left_l2 (AUC=0.6861, polarity=+)
저장: D:\Users\dust\Documents\학교\2026년도1학기\컴퓨터비전\실습\FoundationStereo\experiments\ds_v2_seed1/scandinavian_v29\features\report.json / panels.png / mirror_signal.npy
[device] cuda
  [train] epoch 60/300  loss=0.4792
  [train] epoch 120/300  loss=0.2735
  [train] epoch 180/300  loss=0.1786
  [train] epoch 240/300  loss=0.1244
  [train] epoch 300/300  loss=0.0906

[VAL] scene=ds_v2_seed1/scandinavian_v29  (pixel 70/30 split)
  AUC      = 0.9965
  IoU@0.5  = 0.8466
  F1@0.5   = 0.9170
  accuracy = 0.9770  (prec=0.8656, rec=0.9748)
  tp=2247 fp=349 fn=58 tn=15010

[save] D:\Users\dust\Documents\학교\2026년도1학기\컴퓨터비전\실습\FoundationStereo\experiments\ds_v2_seed1/scandinavian_v29\submodel
  pred_mask.png, panel.png, metrics.json, head.pt
DONE: D:\Users\dust\Documents\학교\2026년도1학기\컴퓨터비전\실습\FoundationStereo\experiments\ds_v2_seed1/scandinavian_v29\submodel
[device] cuda
[load] D:\Users\dust\Documents\학교\2026년도1학기\컴퓨터비전\실습\FoundationStereo\experiments\_model\general_head.pt  (train_scenes=['archiviz_baseline080', 'bedroom_baseline080', 'blue_bathroom_baseline080', 'computer_room_baseline080', 'cozy_living_room_baseline080', 'flat-archiviz_baseline080', 'green_house_baseline080', 'gym_baseline080', 'livingroom_baseline080', 'minimal_interior_baseline080', 'scandinavian_baseline080', 'sunlight_baseline080'])

[APPLY] ds_v2_seed1/scandinavian_v29  (저장모델로 새 데이터 평가)
  AUC      = 0.9669
  IoU@0.5  = 0.7013
  F1@0.5   = 0.8244
  accuracy = 0.9588  (prec=0.9361, rec=0.7366)
  tp=5696 fp=389 fn=2037 tn=50758
[save] D:\Users\dust\Documents\학교\2026년도1학기\컴퓨터비전\실습\FoundationStereo\experiments\ds_v2_seed1/scandinavian_v29\submodel_applied  (pred_mask.png, panel.png, metrics.json)

============================================================
STEP: estimate_mirror_plane
============================================================

============================================================
STEP: viz_ransac_inliers
============================================================

============================================================
STEP: make_mirror_gt_from_depth
============================================================

============================================================
STEP: analyze_features
============================================================

============================================================
STEP: submodel_head
============================================================

============================================================
STEP: apply_submodel
============================================================

DONE: D:\Users\dust\Documents\학교\2026년도1학기\컴퓨터비전\실습\FoundationStereo\experiments\ds_v2_seed1/scandinavian_v29 (ok)

##### [96/131] ds_v2_seed1/scandinavian_v30  (done 11, fail 0, skip 84, elapsed 6m, ETA 20m) #####
[scene] ds_v2_seed1/scandinavian_v30  size=1280x720
[select] mirror 점 개수 = 156439  (mask=156439, valid&depth = 907294)
[conf] mirror 영역 평균 confidence = 0.6734

=== 평면 추정 결과 ===
  [PCA (closed form)]
      normal = [-0.0689, -0.9426, -0.3268]
      d = +2.2938   mirror_depth(perp) = 2.2938 m   view_z = 7.2743 m
      n_inliers = 156439/156439   rms_residual = 0.58485 m
  [RANSAC]
      normal = [-0.1526, -0.0184, -0.9881]
      d = +8.3410   mirror_depth(perp) = 8.3410 m   view_z = 7.2743 m
      n_inliers = 73187/156439   rms_residual = 0.04107 m
  [SVD robust (IRLS)]
      normal = [-0.1827, -0.9321, -0.3128]
      d = +2.2366   mirror_depth(perp) = 2.2366 m   view_z = 7.2743 m
      n_inliers = 27738/156439   rms_residual = 0.07067 m

[save] D:\Users\dust\Documents\학교\2026년도1학기\컴퓨터비전\실습\FoundationStereo\experiments\ds_v2_seed1/scandinavian_v30\mirror_geometry\result.json
[save] D:\Users\dust\Documents\학교\2026년도1학기\컴퓨터비전\실습\FoundationStereo\experiments\ds_v2_seed1/scandinavian_v30\mirror_geometry\plane.txt
[save] D:\Users\dust\Documents\학교\2026년도1학기\컴퓨터비전\실습\FoundationStereo\experiments\ds_v2_seed1/scandinavian_v30\mirror_geometry\viz.png

DONE: D:\Users\dust\Documents\학교\2026년도1학기\컴퓨터비전\실습\FoundationStereo\experiments\ds_v2_seed1/scandinavian_v30\mirror_geometry
[ds_v2_seed1/scandinavian_v30] 거울 점 156439개 중 inlier 73187 (46.8%) / outlier 83252
  normal=[-0.153 -0.018 -0.988] d=8.341  rms(inlier)=0.0411 m  thr≈0.120 m
[save] D:\Users\dust\Documents\학교\2026년도1학기\컴퓨터비전\실습\FoundationStereo\experiments\ds_v2_seed1/scandinavian_v30\mirror_geometry\ransac_inliers.png
[gt] scandinavian_v30             perp 3.94m planRMS 0.1785m  normal [-0.407, 0.125, -0.905]

생성 1, 건너뜀 0 (depth_gt/mask 없음 등)
[ds_v2_seed1/scandinavian_v30] feature 184x320  mirror_frac=0.16976902173913044  feat_left=True
rank  signal              AUC    pol  sep     mean_in     mean_out
  1  feat_left_l2       0.7659   +  0.4234   19.305966   15.787402
  2  delta_argdisp      0.6334   -  0.2176   42.316427   56.028312
  3  post_entropy       0.6139   -  0.2316    0.725472    0.812126
  4  post_conf          0.5451   +  0.0887    0.672961    0.652173
  5  feat_left_pc2      0.5301   -  0.0145     2.51327    2.571541
  6  delta_conf         0.5271   +  0.0565    0.248702    0.219743
  7  delta_entropy      0.5183   -  0.0068   -1.035909   -1.024863
  8  feat_left_pc1      0.5155   -  0.0274    2.834232    2.677579
  9  pre_entropy        0.5095   -  0.0483    1.761381    1.836989
 10  pre_conf           0.5087   -  0.0184     0.42426    0.432431
 11  feat_left_pc3      0.5072   +  0.0592    1.993795    1.788632
BEST: feat_left_l2 (AUC=0.7659, polarity=+)
저장: D:\Users\dust\Documents\학교\2026년도1학기\컴퓨터비전\실습\FoundationStereo\experiments\ds_v2_seed1/scandinavian_v30\features\report.json / panels.png / mirror_signal.npy
[device] cuda
  [train] epoch 60/300  loss=0.4652
  [train] epoch 120/300  loss=0.2899
  [train] epoch 180/300  loss=0.2083
  [train] epoch 240/300  loss=0.1571
  [train] epoch 300/300  loss=0.1225

[VAL] scene=ds_v2_seed1/scandinavian_v30  (pixel 70/30 split)
  AUC      = 0.9945
  IoU@0.5  = 0.8060
  F1@0.5   = 0.8926
  accuracy = 0.9603  (prec=0.8222, rec=0.9762)
  tp=2917 fp=631 fn=71 tn=14045

[save] D:\Users\dust\Documents\학교\2026년도1학기\컴퓨터비전\실습\FoundationStereo\experiments\ds_v2_seed1/scandinavian_v30\submodel
  pred_mask.png, panel.png, metrics.json, head.pt
DONE: D:\Users\dust\Documents\학교\2026년도1학기\컴퓨터비전\실습\FoundationStereo\experiments\ds_v2_seed1/scandinavian_v30\submodel
[device] cuda
[load] D:\Users\dust\Documents\학교\2026년도1학기\컴퓨터비전\실습\FoundationStereo\experiments\_model\general_head.pt  (train_scenes=['archiviz_baseline080', 'bedroom_baseline080', 'blue_bathroom_baseline080', 'computer_room_baseline080', 'cozy_living_room_baseline080', 'flat-archiviz_baseline080', 'green_house_baseline080', 'gym_baseline080', 'livingroom_baseline080', 'minimal_interior_baseline080', 'scandinavian_baseline080', 'sunlight_baseline080'])

[APPLY] ds_v2_seed1/scandinavian_v30  (저장모델로 새 데이터 평가)
  AUC      = 0.9112
  IoU@0.5  = 0.4612
  F1@0.5   = 0.6313
  accuracy = 0.8951  (prec=0.7825, rec=0.5290)
  tp=5288 fp=1470 fn=4708 tn=47414
[save] D:\Users\dust\Documents\학교\2026년도1학기\컴퓨터비전\실습\FoundationStereo\experiments\ds_v2_seed1/scandinavian_v30\submodel_applied  (pred_mask.png, panel.png, metrics.json)

============================================================
STEP: estimate_mirror_plane
============================================================

============================================================
STEP: viz_ransac_inliers
============================================================

============================================================
STEP: make_mirror_gt_from_depth
============================================================

============================================================
STEP: analyze_features
============================================================

============================================================
STEP: submodel_head
============================================================

============================================================
STEP: apply_submodel
============================================================

DONE: D:\Users\dust\Documents\학교\2026년도1학기\컴퓨터비전\실습\FoundationStereo\experiments\ds_v2_seed1/scandinavian_v30 (ok)

##### [97/131] ds_v2_seed1/scandinavian_v31  (done 12, fail 0, skip 84, elapsed 7m, ETA 19m) #####
[scene] ds_v2_seed1/scandinavian_v31  size=1280x720
[select] mirror 점 개수 = 114650  (mask=114650, valid&depth = 903651)
[conf] mirror 영역 평균 confidence = 0.6333

=== 평면 추정 결과 ===
  [PCA (closed form)]
      normal = [+0.0486, -0.9223, -0.3835]
      d = +1.0895   mirror_depth(perp) = 1.0895 m   view_z = 6.8467 m
      n_inliers = 114650/114650   rms_residual = 0.42066 m
  [RANSAC]
      normal = [-0.3927, +0.2034, -0.8969]
      d = +8.4815   mirror_depth(perp) = 8.4815 m   view_z = 6.8467 m
      n_inliers = 48971/114650   rms_residual = 0.03028 m
  [SVD robust (IRLS)]
      normal = [-0.0107, -0.9218, -0.3876]
      d = +1.1698   mirror_depth(perp) = 1.1698 m   view_z = 6.8467 m
      n_inliers = 23476/114650   rms_residual = 0.04642 m

[save] D:\Users\dust\Documents\학교\2026년도1학기\컴퓨터비전\실습\FoundationStereo\experiments\ds_v2_seed1/scandinavian_v31\mirror_geometry\result.json
[save] D:\Users\dust\Documents\학교\2026년도1학기\컴퓨터비전\실습\FoundationStereo\experiments\ds_v2_seed1/scandinavian_v31\mirror_geometry\plane.txt
[save] D:\Users\dust\Documents\학교\2026년도1학기\컴퓨터비전\실습\FoundationStereo\experiments\ds_v2_seed1/scandinavian_v31\mirror_geometry\viz.png

DONE: D:\Users\dust\Documents\학교\2026년도1학기\컴퓨터비전\실습\FoundationStereo\experiments\ds_v2_seed1/scandinavian_v31\mirror_geometry
[ds_v2_seed1/scandinavian_v31] 거울 점 114650개 중 inlier 48971 (42.7%) / outlier 65679
  normal=[-0.393  0.203 -0.897] d=8.482  rms(inlier)=0.0303 m  thr≈0.088 m
[save] D:\Users\dust\Documents\학교\2026년도1학기\컴퓨터비전\실습\FoundationStereo\experiments\ds_v2_seed1/scandinavian_v31\mirror_geometry\ransac_inliers.png
[gt] scandinavian_v31             perp 4.18m planRMS 0.3126m  normal [-0.455, 0.305, -0.836]

생성 1, 건너뜀 0 (depth_gt/mask 없음 등)
[ds_v2_seed1/scandinavian_v31] feature 184x320  mirror_frac=0.1251188858695652  feat_left=True
rank  signal              AUC    pol  sep     mean_in     mean_out
  1  post_entropy       0.6718   +  0.2431    0.782185    0.696301
  2  post_conf          0.6546   -  0.2753    0.631826    0.695193
  3  feat_left_l2       0.6457   +  0.2716   18.233078   16.571871
  4  feat_left_pc1      0.5871   -  0.1086    2.221749    2.613769
  5  delta_argdisp      0.5581   -  0.0931    40.97991   46.919593
  6  feat_left_pc3      0.5502   +   0.143    2.145675    1.665299
  7  delta_conf         0.5457   -  0.0734    0.230031    0.265896
  8  pre_conf            0.541   -  0.0642    0.401795    0.429298
  9  delta_entropy      0.5186   +  0.0567   -1.082786     -1.1728
 10  pre_entropy        0.5158   +  0.0027    1.864971    1.869101
 11  feat_left_pc2       0.502   -  0.0084    2.074223    2.047536
BEST: post_entropy (AUC=0.6718, polarity=+)
저장: D:\Users\dust\Documents\학교\2026년도1학기\컴퓨터비전\실습\FoundationStereo\experiments\ds_v2_seed1/scandinavian_v31\features\report.json / panels.png / mirror_signal.npy
[device] cuda
  [train] epoch 60/300  loss=0.5041
  [train] epoch 120/300  loss=0.3019
  [train] epoch 180/300  loss=0.2071
  [train] epoch 240/300  loss=0.1506
  [train] epoch 300/300  loss=0.1139

[VAL] scene=ds_v2_seed1/scandinavian_v31  (pixel 70/30 split)
  AUC      = 0.9948
  IoU@0.5  = 0.7920
  F1@0.5   = 0.8839
  accuracy = 0.9681  (prec=0.8130, rec=0.9684)
  tp=2144 fp=493 fn=70 tn=14957

[save] D:\Users\dust\Documents\학교\2026년도1학기\컴퓨터비전\실습\FoundationStereo\experiments\ds_v2_seed1/scandinavian_v31\submodel
  pred_mask.png, panel.png, metrics.json, head.pt
DONE: D:\Users\dust\Documents\학교\2026년도1학기\컴퓨터비전\실습\FoundationStereo\experiments\ds_v2_seed1/scandinavian_v31\submodel
[device] cuda
[load] D:\Users\dust\Documents\학교\2026년도1학기\컴퓨터비전\실습\FoundationStereo\experiments\_model\general_head.pt  (train_scenes=['archiviz_baseline080', 'bedroom_baseline080', 'blue_bathroom_baseline080', 'computer_room_baseline080', 'cozy_living_room_baseline080', 'flat-archiviz_baseline080', 'green_house_baseline080', 'gym_baseline080', 'livingroom_baseline080', 'minimal_interior_baseline080', 'scandinavian_baseline080', 'sunlight_baseline080'])

[APPLY] ds_v2_seed1/scandinavian_v31  (저장모델로 새 데이터 평가)
  AUC      = 0.9457
  IoU@0.5  = 0.5672
  F1@0.5   = 0.7238
  accuracy = 0.9290  (prec=0.7048, rec=0.7439)
  tp=5480 fp=2295 fn=1887 tn=49218
[save] D:\Users\dust\Documents\학교\2026년도1학기\컴퓨터비전\실습\FoundationStereo\experiments\ds_v2_seed1/scandinavian_v31\submodel_applied  (pred_mask.png, panel.png, metrics.json)

============================================================
STEP: estimate_mirror_plane
============================================================

============================================================
STEP: viz_ransac_inliers
============================================================

============================================================
STEP: make_mirror_gt_from_depth
============================================================

============================================================
STEP: analyze_features
============================================================

============================================================
STEP: submodel_head
============================================================

============================================================
STEP: apply_submodel
============================================================

DONE: D:\Users\dust\Documents\학교\2026년도1학기\컴퓨터비전\실습\FoundationStereo\experiments\ds_v2_seed1/scandinavian_v31 (ok)

##### [98/131] ds_v2_seed1/scandinavian_v32  (done 13, fail 0, skip 84, elapsed 7m, ETA 19m) #####
[scene] ds_v2_seed1/scandinavian_v32  size=1280x720
[select] mirror 점 개수 = 171121  (mask=171121, valid&depth = 901149)
[conf] mirror 영역 평균 confidence = 0.6521

=== 평면 추정 결과 ===
  [PCA (closed form)]
      normal = [+0.0232, -0.9744, -0.2237]
      d = +1.8542   mirror_depth(perp) = 1.8542 m   view_z = 7.0014 m
      n_inliers = 171121/171121   rms_residual = 0.60400 m
  [RANSAC]
      normal = [-0.0326, +0.0048, -0.9995]
      d = +8.1766   mirror_depth(perp) = 8.1766 m   view_z = 7.0014 m
      n_inliers = 89203/171121   rms_residual = 0.09072 m
  [SVD robust (IRLS)]
      normal = [-0.0369, -0.9635, -0.2652]
      d = +2.1276   mirror_depth(perp) = 2.1276 m   view_z = 7.0014 m
      n_inliers = 67914/171121   rms_residual = 0.17927 m

[save] D:\Users\dust\Documents\학교\2026년도1학기\컴퓨터비전\실습\FoundationStereo\experiments\ds_v2_seed1/scandinavian_v32\mirror_geometry\result.json
[save] D:\Users\dust\Documents\학교\2026년도1학기\컴퓨터비전\실습\FoundationStereo\experiments\ds_v2_seed1/scandinavian_v32\mirror_geometry\plane.txt
[save] D:\Users\dust\Documents\학교\2026년도1학기\컴퓨터비전\실습\FoundationStereo\experiments\ds_v2_seed1/scandinavian_v32\mirror_geometry\viz.png

DONE: D:\Users\dust\Documents\학교\2026년도1학기\컴퓨터비전\실습\FoundationStereo\experiments\ds_v2_seed1/scandinavian_v32\mirror_geometry
[ds_v2_seed1/scandinavian_v32] 거울 점 171121개 중 inlier 89203 (52.1%) / outlier 81918
  normal=[-0.033  0.005 -0.999] d=8.177  rms(inlier)=0.0907 m  thr≈0.323 m
[save] D:\Users\dust\Documents\학교\2026년도1학기\컴퓨터비전\실습\FoundationStereo\experiments\ds_v2_seed1/scandinavian_v32\mirror_geometry\ransac_inliers.png
[gt] scandinavian_v32             perp 3.80m planRMS 0.1991m  normal [-0.233, 0.071, -0.97]

생성 1, 건너뜀 0 (depth_gt/mask 없음 등)
[ds_v2_seed1/scandinavian_v32] feature 184x320  mirror_frac=0.18559782608695652  feat_left=True
rank  signal              AUC    pol  sep     mean_in     mean_out
  1  feat_left_l2       0.8279   +  0.5694   19.919837    15.38033
  2  post_entropy        0.711   -  0.4312    0.749969    0.934955
  3  delta_argdisp      0.6632   -  0.2718   42.395772   59.362821
  4  post_conf          0.6065   +  0.2147    0.651891    0.600544
  5  feat_left_pc3      0.5845   +  0.1664    2.292843    1.744146
  6  delta_entropy      0.5488   -    0.07   -0.952262   -0.832819
  7  delta_conf         0.5485   +  0.1077    0.212649    0.155227
  8  feat_left_pc2      0.5395   -  0.0112     2.62882    2.672928
  9  feat_left_pc1      0.5222   +  0.0979    3.275438    2.708979
 10  pre_entropy        0.5064   -  0.0408    1.702232    1.767774
 11  pre_conf           0.5042   +  0.0131    0.439242    0.445317
BEST: feat_left_l2 (AUC=0.8279, polarity=+)
저장: D:\Users\dust\Documents\학교\2026년도1학기\컴퓨터비전\실습\FoundationStereo\experiments\ds_v2_seed1/scandinavian_v32\features\report.json / panels.png / mirror_signal.npy
[device] cuda
  [train] epoch 60/300  loss=0.3784
  [train] epoch 120/300  loss=0.2161
  [train] epoch 180/300  loss=0.1514
  [train] epoch 240/300  loss=0.1143
  [train] epoch 300/300  loss=0.0896

[VAL] scene=ds_v2_seed1/scandinavian_v32  (pixel 70/30 split)
  AUC      = 0.9972
  IoU@0.5  = 0.8784
  F1@0.5   = 0.9353
  accuracy = 0.9748  (prec=0.8910, rec=0.9841)
  tp=3214 fp=393 fn=52 tn=14005

[save] D:\Users\dust\Documents\학교\2026년도1학기\컴퓨터비전\실습\FoundationStereo\experiments\ds_v2_seed1/scandinavian_v32\submodel
  pred_mask.png, panel.png, metrics.json, head.pt
DONE: D:\Users\dust\Documents\학교\2026년도1학기\컴퓨터비전\실습\FoundationStereo\experiments\ds_v2_seed1/scandinavian_v32\submodel
[device] cuda
[load] D:\Users\dust\Documents\학교\2026년도1학기\컴퓨터비전\실습\FoundationStereo\experiments\_model\general_head.pt  (train_scenes=['archiviz_baseline080', 'bedroom_baseline080', 'blue_bathroom_baseline080', 'computer_room_baseline080', 'cozy_living_room_baseline080', 'flat-archiviz_baseline080', 'green_house_baseline080', 'gym_baseline080', 'livingroom_baseline080', 'minimal_interior_baseline080', 'scandinavian_baseline080', 'sunlight_baseline080'])

[APPLY] ds_v2_seed1/scandinavian_v32  (저장모델로 새 데이터 평가)
  AUC      = 0.9079
  IoU@0.5  = 0.4430
  F1@0.5   = 0.6140
  accuracy = 0.8910  (prec=0.8953, rec=0.4672)
  tp=5106 fp=597 fn=5822 tn=47355
[save] D:\Users\dust\Documents\학교\2026년도1학기\컴퓨터비전\실습\FoundationStereo\experiments\ds_v2_seed1/scandinavian_v32\submodel_applied  (pred_mask.png, panel.png, metrics.json)

============================================================
STEP: estimate_mirror_plane
============================================================

============================================================
STEP: viz_ransac_inliers
============================================================

============================================================
STEP: make_mirror_gt_from_depth
============================================================

============================================================
STEP: analyze_features
============================================================

============================================================
STEP: submodel_head
============================================================

============================================================
STEP: apply_submodel
============================================================

DONE: D:\Users\dust\Documents\학교\2026년도1학기\컴퓨터비전\실습\FoundationStereo\experiments\ds_v2_seed1/scandinavian_v32 (ok)

##### [99/131] ds_v2_seed1/scandinavian_v33  (done 14, fail 0, skip 84, elapsed 8m, ETA 18m) #####
[scene] ds_v2_seed1/scandinavian_v33  size=1280x720
[select] mirror 점 개수 = 163836  (mask=163846, valid&depth = 905598)
[conf] mirror 영역 평균 confidence = 0.6781

=== 평면 추정 결과 ===
  [PCA (closed form)]
      normal = [-0.0266, -0.9013, -0.4324]
      d = +2.0738   mirror_depth(perp) = 2.0738 m   view_z = 7.0542 m
      n_inliers = 163836/163836   rms_residual = 0.58669 m
  [RANSAC]
      normal = [-0.1026, +0.1662, -0.9807]
      d = +8.2447   mirror_depth(perp) = 8.2447 m   view_z = 7.0542 m
      n_inliers = 91052/163836   rms_residual = 0.12241 m
  [SVD robust (IRLS)]
      normal = [-0.1067, -0.8855, -0.4523]
      d = +2.3185   mirror_depth(perp) = 2.3185 m   view_z = 7.0542 m
      n_inliers = 80480/163836   rms_residual = 0.22085 m

[save] D:\Users\dust\Documents\학교\2026년도1학기\컴퓨터비전\실습\FoundationStereo\experiments\ds_v2_seed1/scandinavian_v33\mirror_geometry\result.json
[save] D:\Users\dust\Documents\학교\2026년도1학기\컴퓨터비전\실습\FoundationStereo\experiments\ds_v2_seed1/scandinavian_v33\mirror_geometry\plane.txt
[save] D:\Users\dust\Documents\학교\2026년도1학기\컴퓨터비전\실습\FoundationStereo\experiments\ds_v2_seed1/scandinavian_v33\mirror_geometry\viz.png

DONE: D:\Users\dust\Documents\학교\2026년도1학기\컴퓨터비전\실습\FoundationStereo\experiments\ds_v2_seed1/scandinavian_v33\mirror_geometry
[ds_v2_seed1/scandinavian_v33] 거울 점 163836개 중 inlier 91052 (55.6%) / outlier 72784
  normal=[-0.103  0.166 -0.981] d=8.245  rms(inlier)=0.1224 m  thr≈0.411 m
[save] D:\Users\dust\Documents\학교\2026년도1학기\컴퓨터비전\실습\FoundationStereo\experiments\ds_v2_seed1/scandinavian_v33\mirror_geometry\ransac_inliers.png
[gt] scandinavian_v33             perp 3.95m planRMS 0.1852m  normal [-0.425, 0.243, -0.872]

생성 1, 건너뜀 0 (depth_gt/mask 없음 등)
[ds_v2_seed1/scandinavian_v33] feature 184x320  mirror_frac=0.17775135869565217  feat_left=True
rank  signal              AUC    pol  sep     mean_in     mean_out
  1  feat_left_l2       0.6564   +  0.2848   18.309615   16.406965
  2  delta_argdisp      0.5885   -  0.1386   42.284063   51.138596
  3  post_entropy       0.5421   +   0.045    0.724928    0.710197
  4  feat_left_pc3      0.5346   +  0.1165    2.142108    1.755927
  5  post_conf           0.527   -  0.0496    0.676822    0.688316
  6  delta_entropy      0.5204   +  0.0713   -1.102511   -1.214865
  7  feat_left_pc2      0.5182   -  0.0277    2.213466    2.313626
  8  pre_entropy        0.5166   -  0.0628    1.827439    1.925062
  9  feat_left_pc1      0.5103   -  0.0116     2.53339    2.581896
 10  pre_conf           0.5058   -  0.0016    0.412485    0.413162
 11  delta_conf         0.5046   -  0.0222    0.264337    0.275155
BEST: feat_left_l2 (AUC=0.6564, polarity=+)
저장: D:\Users\dust\Documents\학교\2026년도1학기\컴퓨터비전\실습\FoundationStereo\experiments\ds_v2_seed1/scandinavian_v33\features\report.json / panels.png / mirror_signal.npy
[device] cuda
  [train] epoch 60/300  loss=0.5281
  [train] epoch 120/300  loss=0.3302
  [train] epoch 180/300  loss=0.2281
  [train] epoch 240/300  loss=0.1666
  [train] epoch 300/300  loss=0.1275

[VAL] scene=ds_v2_seed1/scandinavian_v33  (pixel 70/30 split)
  AUC      = 0.9936
  IoU@0.5  = 0.8162
  F1@0.5   = 0.8988
  accuracy = 0.9613  (prec=0.8390, rec=0.9678)
  tp=3032 fp=582 fn=101 tn=13949

[save] D:\Users\dust\Documents\학교\2026년도1학기\컴퓨터비전\실습\FoundationStereo\experiments\ds_v2_seed1/scandinavian_v33\submodel
  pred_mask.png, panel.png, metrics.json, head.pt
DONE: D:\Users\dust\Documents\학교\2026년도1학기\컴퓨터비전\실습\FoundationStereo\experiments\ds_v2_seed1/scandinavian_v33\submodel
[device] cuda
[load] D:\Users\dust\Documents\학교\2026년도1학기\컴퓨터비전\실습\FoundationStereo\experiments\_model\general_head.pt  (train_scenes=['archiviz_baseline080', 'bedroom_baseline080', 'blue_bathroom_baseline080', 'computer_room_baseline080', 'cozy_living_room_baseline080', 'flat-archiviz_baseline080', 'green_house_baseline080', 'gym_baseline080', 'livingroom_baseline080', 'minimal_interior_baseline080', 'scandinavian_baseline080', 'sunlight_baseline080'])

[APPLY] ds_v2_seed1/scandinavian_v33  (저장모델로 새 데이터 평가)
  AUC      = 0.9277
  IoU@0.5  = 0.4680
  F1@0.5   = 0.6376
  accuracy = 0.8938  (prec=0.8105, rec=0.5255)
  tp=5500 fp=1286 fn=4966 tn=47128
[save] D:\Users\dust\Documents\학교\2026년도1학기\컴퓨터비전\실습\FoundationStereo\experiments\ds_v2_seed1/scandinavian_v33\submodel_applied  (pred_mask.png, panel.png, metrics.json)

============================================================
STEP: estimate_mirror_plane
============================================================

============================================================
STEP: viz_ransac_inliers
============================================================

============================================================
STEP: make_mirror_gt_from_depth
============================================================

============================================================
STEP: analyze_features
============================================================

============================================================
STEP: submodel_head
============================================================

============================================================
STEP: apply_submodel
============================================================

DONE: D:\Users\dust\Documents\학교\2026년도1학기\컴퓨터비전\실습\FoundationStereo\experiments\ds_v2_seed1/scandinavian_v33 (ok)

##### [100/131] ds_v2_seed1/scandinavian_v34  (done 15, fail 0, skip 84, elapsed 8m, ETA 18m) #####
[scene] ds_v2_seed1/scandinavian_v34  size=1280x720
[select] mirror 점 개수 = 154946  (mask=154946, valid&depth = 896364)
[conf] mirror 영역 평균 confidence = 0.6384

=== 평면 추정 결과 ===
  [PCA (closed form)]
      normal = [+0.0551, -0.9114, -0.4079]
      d = +1.6647   mirror_depth(perp) = 1.6647 m   view_z = 6.9575 m
      n_inliers = 154946/154946   rms_residual = 0.51554 m
  [RANSAC]
      normal = [-0.0207, +0.2984, -0.9542]
      d = +8.1306   mirror_depth(perp) = 8.1306 m   view_z = 6.9575 m
      n_inliers = 80689/154946   rms_residual = 0.02646 m
  [SVD robust (IRLS)]
      normal = [-0.0113, -0.9020, -0.4316]
      d = +1.7345   mirror_depth(perp) = 1.7345 m   view_z = 6.9575 m
      n_inliers = 25639/154946   rms_residual = 0.05119 m

[save] D:\Users\dust\Documents\학교\2026년도1학기\컴퓨터비전\실습\FoundationStereo\experiments\ds_v2_seed1/scandinavian_v34\mirror_geometry\result.json
[save] D:\Users\dust\Documents\학교\2026년도1학기\컴퓨터비전\실습\FoundationStereo\experiments\ds_v2_seed1/scandinavian_v34\mirror_geometry\plane.txt
[save] D:\Users\dust\Documents\학교\2026년도1학기\컴퓨터비전\실습\FoundationStereo\experiments\ds_v2_seed1/scandinavian_v34\mirror_geometry\viz.png

DONE: D:\Users\dust\Documents\학교\2026년도1학기\컴퓨터비전\실습\FoundationStereo\experiments\ds_v2_seed1/scandinavian_v34\mirror_geometry
[ds_v2_seed1/scandinavian_v34] 거울 점 154946개 중 inlier 80689 (52.1%) / outlier 74257
  normal=[-0.021  0.298 -0.954] d=8.131  rms(inlier)=0.0265 m  thr≈0.086 m
[save] D:\Users\dust\Documents\학교\2026년도1학기\컴퓨터비전\실습\FoundationStereo\experiments\ds_v2_seed1/scandinavian_v34\mirror_geometry\ransac_inliers.png
[gt] scandinavian_v34             perp 3.81m planRMS 0.2450m  normal [-0.158, 0.275, -0.948]

생성 1, 건너뜀 0 (depth_gt/mask 없음 등)
[ds_v2_seed1/scandinavian_v34] feature 184x320  mirror_frac=0.16898777173913043  feat_left=True
rank  signal              AUC    pol  sep     mean_in     mean_out
  1  feat_left_l2       0.7087   +  0.3765   18.841283   16.263961
  2  post_entropy       0.5858   +  0.0725    0.783496    0.753535
  3  post_conf           0.584   -  0.1433    0.637997    0.672072
  4  delta_conf         0.5807   -  0.1416    0.223098    0.290855
  5  delta_entropy      0.5733   +  0.1568    -1.01936   -1.271053
  6  delta_argdisp      0.5651   -   0.101   46.267538   52.478071
  7  pre_entropy        0.5648   -  0.1445    1.802856    2.024588
  8  feat_left_pc3      0.5577   +  0.1477    2.193803    1.716637
  9  pre_conf           0.5474   +  0.0804    0.414899    0.381217
 10  feat_left_pc1       0.523   +  0.0403    2.686977    2.503214
 11  feat_left_pc2      0.5154   +  0.0187    2.401522    2.332095
BEST: feat_left_l2 (AUC=0.7087, polarity=+)
저장: D:\Users\dust\Documents\학교\2026년도1학기\컴퓨터비전\실습\FoundationStereo\experiments\ds_v2_seed1/scandinavian_v34\features\report.json / panels.png / mirror_signal.npy
[device] cuda
  [train] epoch 60/300  loss=0.4449
  [train] epoch 120/300  loss=0.2574
  [train] epoch 180/300  loss=0.1645
  [train] epoch 240/300  loss=0.1126
  [train] epoch 300/300  loss=0.0819

[VAL] scene=ds_v2_seed1/scandinavian_v34  (pixel 70/30 split)
  AUC      = 0.9964
  IoU@0.5  = 0.8796
  F1@0.5   = 0.9359
  accuracy = 0.9774  (prec=0.9030, rec=0.9713)
  tp=2914 fp=313 fn=86 tn=14351

[save] D:\Users\dust\Documents\학교\2026년도1학기\컴퓨터비전\실습\FoundationStereo\experiments\ds_v2_seed1/scandinavian_v34\submodel
  pred_mask.png, panel.png, metrics.json, head.pt
DONE: D:\Users\dust\Documents\학교\2026년도1학기\컴퓨터비전\실습\FoundationStereo\experiments\ds_v2_seed1/scandinavian_v34\submodel
[device] cuda
[load] D:\Users\dust\Documents\학교\2026년도1학기\컴퓨터비전\실습\FoundationStereo\experiments\_model\general_head.pt  (train_scenes=['archiviz_baseline080', 'bedroom_baseline080', 'blue_bathroom_baseline080', 'computer_room_baseline080', 'cozy_living_room_baseline080', 'flat-archiviz_baseline080', 'green_house_baseline080', 'gym_baseline080', 'livingroom_baseline080', 'minimal_interior_baseline080', 'scandinavian_baseline080', 'sunlight_baseline080'])

[APPLY] ds_v2_seed1/scandinavian_v34  (저장모델로 새 데이터 평가)
  AUC      = 0.9594
  IoU@0.5  = 0.5991
  F1@0.5   = 0.7493
  accuracy = 0.9312  (prec=0.9753, rec=0.6083)
  tp=6053 fp=153 fn=3897 tn=48777
[save] D:\Users\dust\Documents\학교\2026년도1학기\컴퓨터비전\실습\FoundationStereo\experiments\ds_v2_seed1/scandinavian_v34\submodel_applied  (pred_mask.png, panel.png, metrics.json)

============================================================
STEP: estimate_mirror_plane
============================================================

============================================================
STEP: viz_ransac_inliers
============================================================

============================================================
STEP: make_mirror_gt_from_depth
============================================================

============================================================
STEP: analyze_features
============================================================

============================================================
STEP: submodel_head
============================================================

============================================================
STEP: apply_submodel
============================================================

DONE: D:\Users\dust\Documents\학교\2026년도1학기\컴퓨터비전\실습\FoundationStereo\experiments\ds_v2_seed1/scandinavian_v34 (ok)

##### [101/131] ds_v2_seed1/scandinavian_v35  (done 16, fail 0, skip 84, elapsed 9m, ETA 17m) #####
[scene] ds_v2_seed1/scandinavian_v35  size=1280x720
[select] mirror 점 개수 = 177279  (mask=177279, valid&depth = 906664)
[conf] mirror 영역 평균 confidence = 0.6777

=== 평면 추정 결과 ===
  [PCA (closed form)]
      normal = [-0.2612, -0.8616, -0.4353]
      d = +2.4972   mirror_depth(perp) = 2.4972 m   view_z = 6.9139 m
      n_inliers = 177279/177279   rms_residual = 0.54280 m
  [RANSAC]
      normal = [-0.3858, +0.3231, -0.8641]
      d = +8.1311   mirror_depth(perp) = 8.1311 m   view_z = 6.9139 m
      n_inliers = 78583/177279   rms_residual = 0.03577 m
  [SVD robust (IRLS)]
      normal = [-0.3504, -0.8467, -0.4005]
      d = +2.3895   mirror_depth(perp) = 2.3895 m   view_z = 6.9139 m
      n_inliers = 22992/177279   rms_residual = 0.05829 m

[save] D:\Users\dust\Documents\학교\2026년도1학기\컴퓨터비전\실습\FoundationStereo\experiments\ds_v2_seed1/scandinavian_v35\mirror_geometry\result.json
[save] D:\Users\dust\Documents\학교\2026년도1학기\컴퓨터비전\실습\FoundationStereo\experiments\ds_v2_seed1/scandinavian_v35\mirror_geometry\plane.txt
[save] D:\Users\dust\Documents\학교\2026년도1학기\컴퓨터비전\실습\FoundationStereo\experiments\ds_v2_seed1/scandinavian_v35\mirror_geometry\viz.png

DONE: D:\Users\dust\Documents\학교\2026년도1학기\컴퓨터비전\실습\FoundationStereo\experiments\ds_v2_seed1/scandinavian_v35\mirror_geometry
[ds_v2_seed1/scandinavian_v35] 거울 점 177279개 중 inlier 78583 (44.3%) / outlier 98696
  normal=[-0.386  0.323 -0.864] d=8.131  rms(inlier)=0.0358 m  thr≈0.100 m
[save] D:\Users\dust\Documents\학교\2026년도1학기\컴퓨터비전\실습\FoundationStereo\experiments\ds_v2_seed1/scandinavian_v35\mirror_geometry\ransac_inliers.png
[gt] scandinavian_v35             perp 3.85m planRMS 0.1532m  normal [-0.513, 0.264, -0.817]

생성 1, 건너뜀 0 (depth_gt/mask 없음 등)
[ds_v2_seed1/scandinavian_v35] feature 184x320  mirror_frac=0.19288383152173913  feat_left=True
rank  signal              AUC    pol  sep     mean_in     mean_out
  1  feat_left_l2       0.6429   +  0.2594   18.110126   16.413304
  2  delta_argdisp      0.5727   -   0.103   43.272343   50.032658
  3  post_entropy       0.5588   +  0.0907    0.715642    0.688363
  4  feat_left_pc1      0.5547   -  0.0616    2.446833    2.691156
  5  feat_left_pc2      0.5346   -   0.026    2.135451    2.228646
  6  post_conf          0.5335   -  0.0625    0.677676    0.691932
  7  pre_conf           0.5236   -  0.0327    0.421651    0.436206
  8  delta_entropy      0.5089   +   0.043   -1.071517   -1.139258
  9  delta_conf         0.5071   +  0.0006    0.256025    0.255727
 10  feat_left_pc3      0.5053   +  0.0744     2.02215    1.775058
 11  pre_entropy        0.5004   +  0.0259    1.787159    1.827621
BEST: feat_left_l2 (AUC=0.6429, polarity=+)
저장: D:\Users\dust\Documents\학교\2026년도1학기\컴퓨터비전\실습\FoundationStereo\experiments\ds_v2_seed1/scandinavian_v35\features\report.json / panels.png / mirror_signal.npy
[device] cuda
  [train] epoch 60/300  loss=0.5849
  [train] epoch 120/300  loss=0.3885
  [train] epoch 180/300  loss=0.2755
  [train] epoch 240/300  loss=0.2058
  [train] epoch 300/300  loss=0.1606

[VAL] scene=ds_v2_seed1/scandinavian_v35  (pixel 70/30 split)
  AUC      = 0.9895
  IoU@0.5  = 0.7833
  F1@0.5   = 0.8785
  accuracy = 0.9489  (prec=0.8140, rec=0.9541)
  tp=3264 fp=746 fn=157 tn=13497

[save] D:\Users\dust\Documents\학교\2026년도1학기\컴퓨터비전\실습\FoundationStereo\experiments\ds_v2_seed1/scandinavian_v35\submodel
  pred_mask.png, panel.png, metrics.json, head.pt
DONE: D:\Users\dust\Documents\학교\2026년도1학기\컴퓨터비전\실습\FoundationStereo\experiments\ds_v2_seed1/scandinavian_v35\submodel
[device] cuda
[load] D:\Users\dust\Documents\학교\2026년도1학기\컴퓨터비전\실습\FoundationStereo\experiments\_model\general_head.pt  (train_scenes=['archiviz_baseline080', 'bedroom_baseline080', 'blue_bathroom_baseline080', 'computer_room_baseline080', 'cozy_living_room_baseline080', 'flat-archiviz_baseline080', 'green_house_baseline080', 'gym_baseline080', 'livingroom_baseline080', 'minimal_interior_baseline080', 'scandinavian_baseline080', 'sunlight_baseline080'])

[APPLY] ds_v2_seed1/scandinavian_v35  (저장모델로 새 데이터 평가)
  AUC      = 0.9099
  IoU@0.5  = 0.4343
  F1@0.5   = 0.6056
  accuracy = 0.8745  (prec=0.7692, rec=0.4993)
  tp=5671 fp=1702 fn=5686 tn=45821
[save] D:\Users\dust\Documents\학교\2026년도1학기\컴퓨터비전\실습\FoundationStereo\experiments\ds_v2_seed1/scandinavian_v35\submodel_applied  (pred_mask.png, panel.png, metrics.json)

============================================================
STEP: estimate_mirror_plane
============================================================

============================================================
STEP: viz_ransac_inliers
============================================================

============================================================
STEP: make_mirror_gt_from_depth
============================================================

============================================================
STEP: analyze_features
============================================================

============================================================
STEP: submodel_head
============================================================

============================================================
STEP: apply_submodel
============================================================

DONE: D:\Users\dust\Documents\학교\2026년도1학기\컴퓨터비전\실습\FoundationStereo\experiments\ds_v2_seed1/scandinavian_v35 (ok)

##### [102/131] ds_v2_seed1/scandinavian_v36  (done 17, fail 0, skip 84, elapsed 10m, ETA 17m) #####
[scene] ds_v2_seed1/scandinavian_v36  size=1280x720
[select] mirror 점 개수 = 128190  (mask=128190, valid&depth = 897894)
[conf] mirror 영역 평균 confidence = 0.6540

=== 평면 추정 결과 ===
  [PCA (closed form)]
      normal = [-0.0172, -0.9012, -0.4330]
      d = +1.6263   mirror_depth(perp) = 1.6263 m   view_z = 6.7939 m
      n_inliers = 128190/128190   rms_residual = 0.41406 m
  [RANSAC]
      normal = [-0.1576, +0.3895, -0.9075]
      d = +8.0929   mirror_depth(perp) = 8.0929 m   view_z = 6.7939 m
      n_inliers = 45056/128190   rms_residual = 0.02415 m
  [SVD robust (IRLS)]
      normal = [-0.1112, -0.8863, -0.4496]
      d = +1.6221   mirror_depth(perp) = 1.6221 m   view_z = 6.7939 m
      n_inliers = 19393/128190   rms_residual = 0.04957 m

[save] D:\Users\dust\Documents\학교\2026년도1학기\컴퓨터비전\실습\FoundationStereo\experiments\ds_v2_seed1/scandinavian_v36\mirror_geometry\result.json
[save] D:\Users\dust\Documents\학교\2026년도1학기\컴퓨터비전\실습\FoundationStereo\experiments\ds_v2_seed1/scandinavian_v36\mirror_geometry\plane.txt
[save] D:\Users\dust\Documents\학교\2026년도1학기\컴퓨터비전\실습\FoundationStereo\experiments\ds_v2_seed1/scandinavian_v36\mirror_geometry\viz.png

DONE: D:\Users\dust\Documents\학교\2026년도1학기\컴퓨터비전\실습\FoundationStereo\experiments\ds_v2_seed1/scandinavian_v36\mirror_geometry
[ds_v2_seed1/scandinavian_v36] 거울 점 128190개 중 inlier 45056 (35.1%) / outlier 83134
  normal=[-0.158  0.389 -0.907] d=8.093  rms(inlier)=0.0242 m  thr≈0.085 m
[save] D:\Users\dust\Documents\학교\2026년도1학기\컴퓨터비전\실습\FoundationStereo\experiments\ds_v2_seed1/scandinavian_v36\mirror_geometry\ransac_inliers.png
[gt] scandinavian_v36             perp 3.81m planRMS 0.1967m  normal [-0.248, 0.357, -0.9]

생성 1, 건너뜀 0 (depth_gt/mask 없음 등)
[ds_v2_seed1/scandinavian_v36] feature 184x320  mirror_frac=0.14014945652173913  feat_left=True
rank  signal              AUC    pol  sep     mean_in     mean_out
  1  feat_left_l2       0.6877   +  0.3399   18.601376   16.619641
  2  post_entropy       0.5786   +  0.0182    0.742823    0.735343
  3  post_conf          0.5569   -  0.0897     0.65404    0.676138
  4  feat_left_pc2      0.5565   -  0.1016    2.014685    2.357053
  5  delta_argdisp      0.5527   -  0.0698    44.01127   48.431046
  6  delta_conf         0.5467   -  0.0835    0.227751    0.269142
  7  feat_left_pc1      0.5426   -  0.1237    2.192102    2.609746
  8  feat_left_pc3      0.5355   +  0.0938    1.965859     1.68891
  9  delta_entropy      0.5346   +  0.0884   -1.052284   -1.196779
 10  pre_entropy        0.5307   -  0.0867    1.795107    1.932123
 11  pre_conf           0.5198   +  0.0439    0.426288    0.406996
BEST: feat_left_l2 (AUC=0.6877, polarity=+)
저장: D:\Users\dust\Documents\학교\2026년도1학기\컴퓨터비전\실습\FoundationStereo\experiments\ds_v2_seed1/scandinavian_v36\features\report.json / panels.png / mirror_signal.npy
[device] cuda
  [train] epoch 60/300  loss=0.4814
  [train] epoch 120/300  loss=0.2791
  [train] epoch 180/300  loss=0.1814
  [train] epoch 240/300  loss=0.1237
  [train] epoch 300/300  loss=0.0876

[VAL] scene=ds_v2_seed1/scandinavian_v36  (pixel 70/30 split)
  AUC      = 0.9975
  IoU@0.5  = 0.8545
  F1@0.5   = 0.9216
  accuracy = 0.9766  (prec=0.8639, rec=0.9874)
  tp=2432 fp=383 fn=31 tn=14818

[save] D:\Users\dust\Documents\학교\2026년도1학기\컴퓨터비전\실습\FoundationStereo\experiments\ds_v2_seed1/scandinavian_v36\submodel
  pred_mask.png, panel.png, metrics.json, head.pt
DONE: D:\Users\dust\Documents\학교\2026년도1학기\컴퓨터비전\실습\FoundationStereo\experiments\ds_v2_seed1/scandinavian_v36\submodel
[device] cuda
[load] D:\Users\dust\Documents\학교\2026년도1학기\컴퓨터비전\실습\FoundationStereo\experiments\_model\general_head.pt  (train_scenes=['archiviz_baseline080', 'bedroom_baseline080', 'blue_bathroom_baseline080', 'computer_room_baseline080', 'cozy_living_room_baseline080', 'flat-archiviz_baseline080', 'green_house_baseline080', 'gym_baseline080', 'livingroom_baseline080', 'minimal_interior_baseline080', 'scandinavian_baseline080', 'sunlight_baseline080'])

[APPLY] ds_v2_seed1/scandinavian_v36  (저장모델로 새 데이터 평가)
  AUC      = 0.9673
  IoU@0.5  = 0.5800
  F1@0.5   = 0.7342
  accuracy = 0.9387  (prec=0.9348, rec=0.6045)
  tp=4988 fp=348 fn=3264 tn=50280
[save] D:\Users\dust\Documents\학교\2026년도1학기\컴퓨터비전\실습\FoundationStereo\experiments\ds_v2_seed1/scandinavian_v36\submodel_applied  (pred_mask.png, panel.png, metrics.json)

============================================================
STEP: estimate_mirror_plane
============================================================

============================================================
STEP: viz_ransac_inliers
============================================================

============================================================
STEP: make_mirror_gt_from_depth
============================================================

============================================================
STEP: analyze_features
============================================================

============================================================
STEP: submodel_head
============================================================

============================================================
STEP: apply_submodel
============================================================

DONE: D:\Users\dust\Documents\학교\2026년도1학기\컴퓨터비전\실습\FoundationStereo\experiments\ds_v2_seed1/scandinavian_v36 (ok)

##### [103/131] ds_v2_seed1/scandinavian_v37  (done 18, fail 0, skip 84, elapsed 10m, ETA 16m) #####
[scene] ds_v2_seed1/scandinavian_v37  size=1280x720
[select] mirror 점 개수 = 201091  (mask=201091, valid&depth = 907118)
[conf] mirror 영역 평균 confidence = 0.6613

=== 평면 추정 결과 ===
  [PCA (closed form)]
      normal = [-0.1127, -0.9132, -0.3917]
      d = +1.9286   mirror_depth(perp) = 1.9286 m   view_z = 6.8435 m
      n_inliers = 201091/201091   rms_residual = 0.62947 m
  [RANSAC]
      normal = [-0.5058, +0.2820, -0.8153]
      d = +7.8945   mirror_depth(perp) = 7.8945 m   view_z = 6.8435 m
      n_inliers = 108786/201091   rms_residual = 0.03503 m
  [SVD robust (IRLS)]
      normal = [-0.1898, -0.9065, -0.3770]
      d = +1.9498   mirror_depth(perp) = 1.9498 m   view_z = 6.8435 m
      n_inliers = 35062/201091   rms_residual = 0.06965 m

[save] D:\Users\dust\Documents\학교\2026년도1학기\컴퓨터비전\실습\FoundationStereo\experiments\ds_v2_seed1/scandinavian_v37\mirror_geometry\result.json
[save] D:\Users\dust\Documents\학교\2026년도1학기\컴퓨터비전\실습\FoundationStereo\experiments\ds_v2_seed1/scandinavian_v37\mirror_geometry\plane.txt
[save] D:\Users\dust\Documents\학교\2026년도1학기\컴퓨터비전\실습\FoundationStereo\experiments\ds_v2_seed1/scandinavian_v37\mirror_geometry\viz.png

DONE: D:\Users\dust\Documents\학교\2026년도1학기\컴퓨터비전\실습\FoundationStereo\experiments\ds_v2_seed1/scandinavian_v37\mirror_geometry
[ds_v2_seed1/scandinavian_v37] 거울 점 201091개 중 inlier 108786 (54.1%) / outlier 92305
  normal=[-0.506  0.282 -0.815] d=7.894  rms(inlier)=0.0350 m  thr≈0.123 m
[save] D:\Users\dust\Documents\학교\2026년도1학기\컴퓨터비전\실습\FoundationStereo\experiments\ds_v2_seed1/scandinavian_v37\mirror_geometry\ransac_inliers.png
[gt] scandinavian_v37             perp 3.67m planRMS 0.1714m  normal [-0.554, 0.197, -0.809]

생성 1, 건너뜀 0 (depth_gt/mask 없음 등)
[ds_v2_seed1/scandinavian_v37] feature 184x320  mirror_frac=0.21864809782608696  feat_left=True
rank  signal              AUC    pol  sep     mean_in     mean_out
  1  post_entropy       0.6292   +  0.2039    0.750742     0.68996
  2  feat_left_l2       0.6214   +  0.2596   18.080111   16.274374
  3  post_conf          0.5644   -  0.1236    0.660555    0.687741
  4  delta_argdisp      0.5603   -  0.0906   45.337269   51.252402
  5  feat_left_pc2      0.5484   +  0.1421     2.54421    1.964677
  6  pre_conf           0.5418   -   0.076    0.398821     0.43107
  7  feat_left_pc1      0.5218   -  0.0398     2.75017    2.576517
  8  pre_entropy        0.5183   +  0.0063    1.861044    1.851526
  9  feat_left_pc3      0.5174   +  0.1253    2.313336    1.903467
 10  delta_conf         0.5079   +  0.0107    0.261735    0.256671
 11  delta_entropy       0.505   +  0.0333   -1.110302   -1.161566
BEST: post_entropy (AUC=0.6292, polarity=+)
저장: D:\Users\dust\Documents\학교\2026년도1학기\컴퓨터비전\실습\FoundationStereo\experiments\ds_v2_seed1/scandinavian_v37\features\report.json / panels.png / mirror_signal.npy
[device] cuda
  [train] epoch 60/300  loss=0.5517
  [train] epoch 120/300  loss=0.3690
  [train] epoch 180/300  loss=0.2696
  [train] epoch 240/300  loss=0.2065
  [train] epoch 300/300  loss=0.1638

[VAL] scene=ds_v2_seed1/scandinavian_v37  (pixel 70/30 split)
  AUC      = 0.9882
  IoU@0.5  = 0.7960
  F1@0.5   = 0.8864
  accuracy = 0.9476  (prec=0.8327, rec=0.9476)
  tp=3614 fp=726 fn=200 tn=13124

[save] D:\Users\dust\Documents\학교\2026년도1학기\컴퓨터비전\실습\FoundationStereo\experiments\ds_v2_seed1/scandinavian_v37\submodel
  pred_mask.png, panel.png, metrics.json, head.pt
DONE: D:\Users\dust\Documents\학교\2026년도1학기\컴퓨터비전\실습\FoundationStereo\experiments\ds_v2_seed1/scandinavian_v37\submodel
[device] cuda
[load] D:\Users\dust\Documents\학교\2026년도1학기\컴퓨터비전\실습\FoundationStereo\experiments\_model\general_head.pt  (train_scenes=['archiviz_baseline080', 'bedroom_baseline080', 'blue_bathroom_baseline080', 'computer_room_baseline080', 'cozy_living_room_baseline080', 'flat-archiviz_baseline080', 'green_house_baseline080', 'gym_baseline080', 'livingroom_baseline080', 'minimal_interior_baseline080', 'scandinavian_baseline080', 'sunlight_baseline080'])

[APPLY] ds_v2_seed1/scandinavian_v37  (저장모델로 새 데이터 평가)
  AUC      = 0.9051
  IoU@0.5  = 0.4171
  F1@0.5   = 0.5887
  accuracy = 0.8534  (prec=0.7616, rec=0.4798)
  tp=6177 fp=1934 fn=6697 tn=44072
[save] D:\Users\dust\Documents\학교\2026년도1학기\컴퓨터비전\실습\FoundationStereo\experiments\ds_v2_seed1/scandinavian_v37\submodel_applied  (pred_mask.png, panel.png, metrics.json)

============================================================
STEP: estimate_mirror_plane
============================================================

============================================================
STEP: viz_ransac_inliers
============================================================

============================================================
STEP: make_mirror_gt_from_depth
============================================================

============================================================
STEP: analyze_features
============================================================

============================================================
STEP: submodel_head
============================================================

============================================================
STEP: apply_submodel
============================================================

DONE: D:\Users\dust\Documents\학교\2026년도1학기\컴퓨터비전\실습\FoundationStereo\experiments\ds_v2_seed1/scandinavian_v37 (ok)

##### [104/131] ds_v2_seed1/scandinavian_v38  (done 19, fail 0, skip 84, elapsed 11m, ETA 16m) #####
[scene] ds_v2_seed1/scandinavian_v38  size=1280x720
[select] mirror 점 개수 = 214306  (mask=214306, valid&depth = 906135)
[conf] mirror 영역 평균 confidence = 0.6582

=== 평면 추정 결과 ===
  [PCA (closed form)]
      normal = [-0.0964, -0.9089, -0.4057]
      d = +2.1975   mirror_depth(perp) = 2.1975 m   view_z = 6.6031 m
      n_inliers = 214306/214306   rms_residual = 0.58204 m
  [RANSAC]
      normal = [-0.3701, +0.1709, -0.9131]
      d = +7.9177   mirror_depth(perp) = 7.9177 m   view_z = 6.6031 m
      n_inliers = 99192/214306   rms_residual = 0.03678 m
  [SVD robust (IRLS)]
      normal = [-0.1076, -0.9100, -0.4004]
      d = +2.1428   mirror_depth(perp) = 2.1428 m   view_z = 6.6031 m
      n_inliers = 24470/214306   rms_residual = 0.04977 m

[save] D:\Users\dust\Documents\학교\2026년도1학기\컴퓨터비전\실습\FoundationStereo\experiments\ds_v2_seed1/scandinavian_v38\mirror_geometry\result.json
[save] D:\Users\dust\Documents\학교\2026년도1학기\컴퓨터비전\실습\FoundationStereo\experiments\ds_v2_seed1/scandinavian_v38\mirror_geometry\plane.txt
[save] D:\Users\dust\Documents\학교\2026년도1학기\컴퓨터비전\실습\FoundationStereo\experiments\ds_v2_seed1/scandinavian_v38\mirror_geometry\viz.png

DONE: D:\Users\dust\Documents\학교\2026년도1학기\컴퓨터비전\실습\FoundationStereo\experiments\ds_v2_seed1/scandinavian_v38\mirror_geometry
[ds_v2_seed1/scandinavian_v38] 거울 점 214306개 중 inlier 99192 (46.3%) / outlier 115114
  normal=[-0.37   0.171 -0.913] d=7.918  rms(inlier)=0.0368 m  thr≈0.085 m
[save] D:\Users\dust\Documents\학교\2026년도1학기\컴퓨터비전\실습\FoundationStereo\experiments\ds_v2_seed1/scandinavian_v38\mirror_geometry\ransac_inliers.png
[gt] scandinavian_v38             perp 3.68m planRMS 0.2255m  normal [-0.449, 0.212, -0.868]

생성 1, 건너뜀 0 (depth_gt/mask 없음 등)
[ds_v2_seed1/scandinavian_v38] feature 184x320  mirror_frac=0.232421875  feat_left=True
rank  signal              AUC    pol  sep     mean_in     mean_out
  1  feat_left_l2       0.6579   +  0.2878   18.205306   16.260753
  2  delta_argdisp      0.6158   -  0.1887   41.249763   53.506361
  3  feat_left_pc1      0.5502   -  0.0311    2.530819    2.667282
  4  post_entropy       0.5479   +  0.0676    0.751747    0.728428
  5  feat_left_pc3      0.5371   -  0.0279    2.030803    1.939045
  6  pre_conf           0.5368   -  0.0543    0.409683    0.433053
  7  post_conf          0.5354   -  0.0706    0.657335    0.673571
  8  delta_conf         0.5112   +  0.0147    0.247652    0.240518
  9  pre_entropy        0.5081   +  0.0219    1.811733    1.845404
 10  feat_left_pc2      0.5081   -  0.0317    2.293779    2.174066
 11  delta_entropy      0.5024   +   0.036   -1.059986   -1.116976
BEST: feat_left_l2 (AUC=0.6579, polarity=+)
저장: D:\Users\dust\Documents\학교\2026년도1학기\컴퓨터비전\실습\FoundationStereo\experiments\ds_v2_seed1/scandinavian_v38\features\report.json / panels.png / mirror_signal.npy
[device] cuda
  [train] epoch 60/300  loss=0.5358
  [train] epoch 120/300  loss=0.3595
  [train] epoch 180/300  loss=0.2673
  [train] epoch 240/300  loss=0.2091
  [train] epoch 300/300  loss=0.1692

[VAL] scene=ds_v2_seed1/scandinavian_v38  (pixel 70/30 split)
  AUC      = 0.9883
  IoU@0.5  = 0.7931
  F1@0.5   = 0.8846
  accuracy = 0.9433  (prec=0.8238, rec=0.9552)
  tp=3838 fp=821 fn=180 tn=12825

[save] D:\Users\dust\Documents\학교\2026년도1학기\컴퓨터비전\실습\FoundationStereo\experiments\ds_v2_seed1/scandinavian_v38\submodel
  pred_mask.png, panel.png, metrics.json, head.pt
DONE: D:\Users\dust\Documents\학교\2026년도1학기\컴퓨터비전\실습\FoundationStereo\experiments\ds_v2_seed1/scandinavian_v38\submodel
[device] cuda
[load] D:\Users\dust\Documents\학교\2026년도1학기\컴퓨터비전\실습\FoundationStereo\experiments\_model\general_head.pt  (train_scenes=['archiviz_baseline080', 'bedroom_baseline080', 'blue_bathroom_baseline080', 'computer_room_baseline080', 'cozy_living_room_baseline080', 'flat-archiviz_baseline080', 'green_house_baseline080', 'gym_baseline080', 'livingroom_baseline080', 'minimal_interior_baseline080', 'scandinavian_baseline080', 'sunlight_baseline080'])

[APPLY] ds_v2_seed1/scandinavian_v38  (저장모델로 새 데이터 평가)
  AUC      = 0.8935
  IoU@0.5  = 0.3888
  F1@0.5   = 0.5599
  accuracy = 0.8471  (prec=0.8457, rec=0.4185)
  tp=5727 fp=1045 fn=7958 tn=44150
[save] D:\Users\dust\Documents\학교\2026년도1학기\컴퓨터비전\실습\FoundationStereo\experiments\ds_v2_seed1/scandinavian_v38\submodel_applied  (pred_mask.png, panel.png, metrics.json)

============================================================
STEP: estimate_mirror_plane
============================================================

============================================================
STEP: viz_ransac_inliers
============================================================

============================================================
STEP: make_mirror_gt_from_depth
============================================================

============================================================
STEP: analyze_features
============================================================

============================================================
STEP: submodel_head
============================================================

============================================================
STEP: apply_submodel
============================================================

DONE: D:\Users\dust\Documents\학교\2026년도1학기\컴퓨터비전\실습\FoundationStereo\experiments\ds_v2_seed1/scandinavian_v38 (ok)

##### [105/131] ds_v2_seed1/scandinavian_v39  (done 20, fail 0, skip 84, elapsed 11m, ETA 15m) #####
[scene] ds_v2_seed1/scandinavian_v39  size=1280x720
[select] mirror 점 개수 = 165121  (mask=165121, valid&depth = 905818)
[conf] mirror 영역 평균 confidence = 0.6652

=== 평면 추정 결과 ===
  [PCA (closed form)]
      normal = [-0.0777, -0.9150, -0.3959]
      d = +1.8921   mirror_depth(perp) = 1.8921 m   view_z = 7.2453 m
      n_inliers = 165121/165121   rms_residual = 0.60205 m
  [RANSAC]
      normal = [-0.4387, +0.2629, -0.8593]
      d = +8.2224   mirror_depth(perp) = 8.2224 m   view_z = 7.2453 m
      n_inliers = 89731/165121   rms_residual = 0.03447 m
  [SVD robust (IRLS)]
      normal = [-0.1234, -0.9094, -0.3972]
      d = +1.9449   mirror_depth(perp) = 1.9449 m   view_z = 7.2453 m
      n_inliers = 25211/165121   rms_residual = 0.05785 m

[save] D:\Users\dust\Documents\학교\2026년도1학기\컴퓨터비전\실습\FoundationStereo\experiments\ds_v2_seed1/scandinavian_v39\mirror_geometry\result.json
[save] D:\Users\dust\Documents\학교\2026년도1학기\컴퓨터비전\실습\FoundationStereo\experiments\ds_v2_seed1/scandinavian_v39\mirror_geometry\plane.txt
[save] D:\Users\dust\Documents\학교\2026년도1학기\컴퓨터비전\실습\FoundationStereo\experiments\ds_v2_seed1/scandinavian_v39\mirror_geometry\viz.png

DONE: D:\Users\dust\Documents\학교\2026년도1학기\컴퓨터비전\실습\FoundationStereo\experiments\ds_v2_seed1/scandinavian_v39\mirror_geometry
[ds_v2_seed1/scandinavian_v39] 거울 점 165121개 중 inlier 89731 (54.3%) / outlier 75390
  normal=[-0.439  0.263 -0.859] d=8.222  rms(inlier)=0.0345 m  thr≈0.101 m
[save] D:\Users\dust\Documents\학교\2026년도1학기\컴퓨터비전\실습\FoundationStereo\experiments\ds_v2_seed1/scandinavian_v39\mirror_geometry\ransac_inliers.png
[gt] scandinavian_v39             perp 4.06m planRMS 0.2396m  normal [-0.436, 0.233, -0.869]

생성 1, 건너뜀 0 (depth_gt/mask 없음 등)
[ds_v2_seed1/scandinavian_v39] feature 184x320  mirror_frac=0.17933084239130434  feat_left=True
rank  signal              AUC    pol  sep     mean_in     mean_out
  1  feat_left_l2       0.6648   +    0.31   18.479365   16.390056
  2  delta_argdisp      0.5839   -  0.1333   43.411971   52.004801
  3  post_entropy       0.5656   +  0.0083    0.741831    0.738601
  4  post_conf          0.5459   -  0.0604    0.663861    0.678502
  5  feat_left_pc3      0.5387   +  0.1394    2.232407    1.750602
  6  pre_conf           0.5272   -  0.0393     0.40306    0.419782
  7  feat_left_pc1      0.5218   -  0.0017    2.638759     2.64582
  8  feat_left_pc2      0.5181   -  0.0007     2.26854    2.271141
  9  delta_entropy      0.5096   +   0.036   -1.099732   -1.156684
 10  pre_entropy        0.5036   -   0.035    1.841562    1.895285
 11  delta_conf         0.5012   +  0.0042    0.260801     0.25872
BEST: feat_left_l2 (AUC=0.6648, polarity=+)
저장: D:\Users\dust\Documents\학교\2026년도1학기\컴퓨터비전\실습\FoundationStereo\experiments\ds_v2_seed1/scandinavian_v39\features\report.json / panels.png / mirror_signal.npy
[device] cuda
  [train] epoch 60/300  loss=0.5559
  [train] epoch 120/300  loss=0.3569
  [train] epoch 180/300  loss=0.2492
  [train] epoch 240/300  loss=0.1837
  [train] epoch 300/300  loss=0.1417

[VAL] scene=ds_v2_seed1/scandinavian_v39  (pixel 70/30 split)
  AUC      = 0.9922
  IoU@0.5  = 0.8004
  F1@0.5   = 0.8892
  accuracy = 0.9573  (prec=0.8319, rec=0.9548)
  tp=3024 fp=611 fn=143 tn=13886

[save] D:\Users\dust\Documents\학교\2026년도1학기\컴퓨터비전\실습\FoundationStereo\experiments\ds_v2_seed1/scandinavian_v39\submodel
  pred_mask.png, panel.png, metrics.json, head.pt
DONE: D:\Users\dust\Documents\학교\2026년도1학기\컴퓨터비전\실습\FoundationStereo\experiments\ds_v2_seed1/scandinavian_v39\submodel
[device] cuda
[load] D:\Users\dust\Documents\학교\2026년도1학기\컴퓨터비전\실습\FoundationStereo\experiments\_model\general_head.pt  (train_scenes=['archiviz_baseline080', 'bedroom_baseline080', 'blue_bathroom_baseline080', 'computer_room_baseline080', 'cozy_living_room_baseline080', 'flat-archiviz_baseline080', 'green_house_baseline080', 'gym_baseline080', 'livingroom_baseline080', 'minimal_interior_baseline080', 'scandinavian_baseline080', 'sunlight_baseline080'])

[APPLY] ds_v2_seed1/scandinavian_v39  (저장모델로 새 데이터 평가)
  AUC      = 0.9114
  IoU@0.5  = 0.4665
  F1@0.5   = 0.6362
  accuracy = 0.8922  (prec=0.8058, rec=0.5255)
  tp=5549 fp=1337 fn=5010 tn=46984
[save] D:\Users\dust\Documents\학교\2026년도1학기\컴퓨터비전\실습\FoundationStereo\experiments\ds_v2_seed1/scandinavian_v39\submodel_applied  (pred_mask.png, panel.png, metrics.json)

============================================================
STEP: estimate_mirror_plane
============================================================

============================================================
STEP: viz_ransac_inliers
============================================================

============================================================
STEP: make_mirror_gt_from_depth
============================================================

============================================================
STEP: analyze_features
============================================================

============================================================
STEP: submodel_head
============================================================

============================================================
STEP: apply_submodel
============================================================

DONE: D:\Users\dust\Documents\학교\2026년도1학기\컴퓨터비전\실습\FoundationStereo\experiments\ds_v2_seed1/scandinavian_v39 (ok)

##### [106/131] ds_v2_seed1/scandinavian_v40  (done 21, fail 0, skip 84, elapsed 12m, ETA 15m) #####
[scene] ds_v2_seed1/scandinavian_v40  size=1280x720
[select] mirror 점 개수 = 169685  (mask=169685, valid&depth = 898110)
[conf] mirror 영역 평균 confidence = 0.6515

=== 평면 추정 결과 ===
  [PCA (closed form)]
      normal = [+0.0586, -0.9159, -0.3972]
      d = +1.7004   mirror_depth(perp) = 1.7004 m   view_z = 7.2430 m
      n_inliers = 169685/169685   rms_residual = 0.61413 m
  [RANSAC]
      normal = [-0.2030, +0.1448, -0.9684]
      d = +8.2185   mirror_depth(perp) = 8.2185 m   view_z = 7.2430 m
      n_inliers = 99231/169685   rms_residual = 0.03401 m
  [SVD robust (IRLS)]
      normal = [+0.0117, -0.9056, -0.4240]
      d = +1.9003   mirror_depth(perp) = 1.9003 m   view_z = 7.2430 m
      n_inliers = 29086/169685   rms_residual = 0.05594 m

[save] D:\Users\dust\Documents\학교\2026년도1학기\컴퓨터비전\실습\FoundationStereo\experiments\ds_v2_seed1/scandinavian_v40\mirror_geometry\result.json
[save] D:\Users\dust\Documents\학교\2026년도1학기\컴퓨터비전\실습\FoundationStereo\experiments\ds_v2_seed1/scandinavian_v40\mirror_geometry\plane.txt
[save] D:\Users\dust\Documents\학교\2026년도1학기\컴퓨터비전\실습\FoundationStereo\experiments\ds_v2_seed1/scandinavian_v40\mirror_geometry\viz.png

DONE: D:\Users\dust\Documents\학교\2026년도1학기\컴퓨터비전\실습\FoundationStereo\experiments\ds_v2_seed1/scandinavian_v40\mirror_geometry
[ds_v2_seed1/scandinavian_v40] 거울 점 169685개 중 inlier 99231 (58.5%) / outlier 70454
  normal=[-0.203  0.145 -0.968] d=8.219  rms(inlier)=0.0340 m  thr≈0.104 m
[save] D:\Users\dust\Documents\학교\2026년도1학기\컴퓨터비전\실습\FoundationStereo\experiments\ds_v2_seed1/scandinavian_v40\mirror_geometry\ransac_inliers.png
[gt] scandinavian_v40             perp 3.88m planRMS 0.2778m  normal [-0.268, 0.215, -0.939]

생성 1, 건너뜀 0 (depth_gt/mask 없음 등)
[ds_v2_seed1/scandinavian_v40] feature 184x320  mirror_frac=0.18517323369565217  feat_left=True
rank  signal              AUC    pol  sep     mean_in     mean_out
  1  feat_left_l2       0.6817   +  0.3389   18.708001   16.208087
  2  delta_entropy      0.5667   +  0.1573   -1.049678   -1.288546
  3  delta_argdisp      0.5665   -  0.1001    45.94873   52.171916
  4  pre_entropy        0.5639   -  0.1542    1.811507    2.041622
  5  delta_conf         0.5571   -  0.1045    0.243192    0.290727
  6  post_entropy       0.5521   +   0.024    0.761829    0.753076
  7  feat_left_pc3      0.5507   +  0.1798    2.384805    1.764891
  8  post_conf          0.5499   -  0.0867     0.65099    0.670562
  9  pre_conf           0.5319   +  0.0693    0.407799    0.379835
 10  feat_left_pc1      0.5316   +  0.0979    2.920578    2.424791
 11  feat_left_pc2      0.5253   +   0.057     2.50754    2.285036
BEST: feat_left_l2 (AUC=0.6817, polarity=+)
저장: D:\Users\dust\Documents\학교\2026년도1학기\컴퓨터비전\실습\FoundationStereo\experiments\ds_v2_seed1/scandinavian_v40\features\report.json / panels.png / mirror_signal.npy
[device] cuda
  [train] epoch 60/300  loss=0.4626
  [train] epoch 120/300  loss=0.2716
  [train] epoch 180/300  loss=0.1807
  [train] epoch 240/300  loss=0.1278
  [train] epoch 300/300  loss=0.0944

[VAL] scene=ds_v2_seed1/scandinavian_v40  (pixel 70/30 split)
  AUC      = 0.9968
  IoU@0.5  = 0.8813
  F1@0.5   = 0.9369
  accuracy = 0.9757  (prec=0.9008, rec=0.9761)
  tp=3186 fp=351 fn=78 tn=14049

[save] D:\Users\dust\Documents\학교\2026년도1학기\컴퓨터비전\실습\FoundationStereo\experiments\ds_v2_seed1/scandinavian_v40\submodel
  pred_mask.png, panel.png, metrics.json, head.pt
DONE: D:\Users\dust\Documents\학교\2026년도1학기\컴퓨터비전\실습\FoundationStereo\experiments\ds_v2_seed1/scandinavian_v40\submodel
[device] cuda
[load] D:\Users\dust\Documents\학교\2026년도1학기\컴퓨터비전\실습\FoundationStereo\experiments\_model\general_head.pt  (train_scenes=['archiviz_baseline080', 'bedroom_baseline080', 'blue_bathroom_baseline080', 'computer_room_baseline080', 'cozy_living_room_baseline080', 'flat-archiviz_baseline080', 'green_house_baseline080', 'gym_baseline080', 'livingroom_baseline080', 'minimal_interior_baseline080', 'scandinavian_baseline080', 'sunlight_baseline080'])

[APPLY] ds_v2_seed1/scandinavian_v40  (저장모델로 새 데이터 평가)
  AUC      = 0.9510
  IoU@0.5  = 0.5767
  F1@0.5   = 0.7315
  accuracy = 0.9182  (prec=0.9320, rec=0.6020)
  tp=6564 fp=479 fn=4339 tn=47498
[save] D:\Users\dust\Documents\학교\2026년도1학기\컴퓨터비전\실습\FoundationStereo\experiments\ds_v2_seed1/scandinavian_v40\submodel_applied  (pred_mask.png, panel.png, metrics.json)

============================================================
STEP: estimate_mirror_plane
============================================================

============================================================
STEP: viz_ransac_inliers
============================================================

============================================================
STEP: make_mirror_gt_from_depth
============================================================

============================================================
STEP: analyze_features
============================================================

============================================================
STEP: submodel_head
============================================================

============================================================
STEP: apply_submodel
============================================================

DONE: D:\Users\dust\Documents\학교\2026년도1학기\컴퓨터비전\실습\FoundationStereo\experiments\ds_v2_seed1/scandinavian_v40 (ok)

##### [107/131] ds_v2_seed1/scandinavian_v41  (done 22, fail 0, skip 84, elapsed 13m, ETA 14m) #####
[scene] ds_v2_seed1/scandinavian_v41  size=1280x720
[select] mirror 점 개수 = 173321  (mask=173321, valid&depth = 895420)
[conf] mirror 영역 평균 confidence = 0.6736

=== 평면 추정 결과 ===
  [PCA (closed form)]
      normal = [+0.0433, -0.8928, -0.4483]
      d = +1.9546   mirror_depth(perp) = 1.9546 m   view_z = 6.7102 m
      n_inliers = 173321/173321   rms_residual = 0.48241 m
  [RANSAC]
      normal = [+0.0333, +0.1948, -0.9803]
      d = +8.0510   mirror_depth(perp) = 8.0510 m   view_z = 6.7102 m
      n_inliers = 81634/173321   rms_residual = 0.02249 m
  [SVD robust (IRLS)]
      normal = [+0.0079, -0.8887, -0.4584]
      d = +1.9519   mirror_depth(perp) = 1.9519 m   view_z = 6.7102 m
      n_inliers = 19224/173321   rms_residual = 0.04575 m

[save] D:\Users\dust\Documents\학교\2026년도1학기\컴퓨터비전\실습\FoundationStereo\experiments\ds_v2_seed1/scandinavian_v41\mirror_geometry\result.json
[save] D:\Users\dust\Documents\학교\2026년도1학기\컴퓨터비전\실습\FoundationStereo\experiments\ds_v2_seed1/scandinavian_v41\mirror_geometry\plane.txt
[save] D:\Users\dust\Documents\학교\2026년도1학기\컴퓨터비전\실습\FoundationStereo\experiments\ds_v2_seed1/scandinavian_v41\mirror_geometry\viz.png

DONE: D:\Users\dust\Documents\학교\2026년도1학기\컴퓨터비전\실습\FoundationStereo\experiments\ds_v2_seed1/scandinavian_v41\mirror_geometry
[ds_v2_seed1/scandinavian_v41] 거울 점 173321개 중 inlier 81634 (47.1%) / outlier 91687
  normal=[ 0.033  0.195 -0.98 ] d=8.051  rms(inlier)=0.0225 m  thr≈0.079 m
[save] D:\Users\dust\Documents\학교\2026년도1학기\컴퓨터비전\실습\FoundationStereo\experiments\ds_v2_seed1/scandinavian_v41\mirror_geometry\ransac_inliers.png
[gt] scandinavian_v41             perp 3.69m planRMS 0.2352m  normal [-0.139, 0.304, -0.942]

생성 1, 건너뜀 0 (depth_gt/mask 없음 등)
[ds_v2_seed1/scandinavian_v41] feature 184x320  mirror_frac=0.1891304347826087  feat_left=True
rank  signal              AUC    pol  sep     mean_in     mean_out
  1  feat_left_l2       0.6895   +   0.337   18.619645   16.277834
  2  delta_argdisp      0.6117   -   0.185   41.583513   52.901621
  3  pre_entropy        0.5554   -  0.1264     1.78139    1.978164
  4  delta_entropy      0.5454   +   0.103   -1.048214   -1.214762
  5  pre_conf           0.5416   +  0.0741    0.423557    0.391489
  6  delta_conf         0.5271   -  0.0451     0.25006     0.27239
  7  feat_left_pc3      0.5221   +  0.0906    2.049908    1.760377
  8  post_conf           0.518   +  0.0387    0.673617    0.663879
  9  feat_left_pc1      0.5161   -  0.0214    2.532617    2.628165
 10  feat_left_pc2       0.512   -  0.0203    2.299059    2.375123
 11  post_entropy       0.5052   -  0.0717    0.733176    0.763402
BEST: feat_left_l2 (AUC=0.6895, polarity=+)
저장: D:\Users\dust\Documents\학교\2026년도1학기\컴퓨터비전\실습\FoundationStereo\experiments\ds_v2_seed1/scandinavian_v41\features\report.json / panels.png / mirror_signal.npy
[device] cuda
  [train] epoch 60/300  loss=0.4506
  [train] epoch 120/300  loss=0.2716
  [train] epoch 180/300  loss=0.1877
  [train] epoch 240/300  loss=0.1368
  [train] epoch 300/300  loss=0.1033

[VAL] scene=ds_v2_seed1/scandinavian_v41  (pixel 70/30 split)
  AUC      = 0.9956
  IoU@0.5  = 0.8713
  F1@0.5   = 0.9312
  accuracy = 0.9730  (prec=0.8908, rec=0.9755)
  tp=3230 fp=396 fn=81 tn=13957

[save] D:\Users\dust\Documents\학교\2026년도1학기\컴퓨터비전\실습\FoundationStereo\experiments\ds_v2_seed1/scandinavian_v41\submodel
  pred_mask.png, panel.png, metrics.json, head.pt
DONE: D:\Users\dust\Documents\학교\2026년도1학기\컴퓨터비전\실습\FoundationStereo\experiments\ds_v2_seed1/scandinavian_v41\submodel
[device] cuda
[load] D:\Users\dust\Documents\학교\2026년도1학기\컴퓨터비전\실습\FoundationStereo\experiments\_model\general_head.pt  (train_scenes=['archiviz_baseline080', 'bedroom_baseline080', 'blue_bathroom_baseline080', 'computer_room_baseline080', 'cozy_living_room_baseline080', 'flat-archiviz_baseline080', 'green_house_baseline080', 'gym_baseline080', 'livingroom_baseline080', 'minimal_interior_baseline080', 'scandinavian_baseline080', 'sunlight_baseline080'])

[APPLY] ds_v2_seed1/scandinavian_v41  (저장모델로 새 데이터 평가)
  AUC      = 0.9642
  IoU@0.5  = 0.6223
  F1@0.5   = 0.7672
  accuracy = 0.9266  (prec=0.9598, rec=0.6389)
  tp=7115 fp=298 fn=4021 tn=47446
[save] D:\Users\dust\Documents\학교\2026년도1학기\컴퓨터비전\실습\FoundationStereo\experiments\ds_v2_seed1/scandinavian_v41\submodel_applied  (pred_mask.png, panel.png, metrics.json)

============================================================
STEP: estimate_mirror_plane
============================================================

============================================================
STEP: viz_ransac_inliers
============================================================

============================================================
STEP: make_mirror_gt_from_depth
============================================================

============================================================
STEP: analyze_features
============================================================

============================================================
STEP: submodel_head
============================================================

============================================================
STEP: apply_submodel
============================================================

DONE: D:\Users\dust\Documents\학교\2026년도1학기\컴퓨터비전\실습\FoundationStereo\experiments\ds_v2_seed1/scandinavian_v41 (ok)

##### [108/131] ds_v2_seed1/scandinavian_v42  (done 23, fail 0, skip 84, elapsed 13m, ETA 14m) #####
[scene] ds_v2_seed1/scandinavian_v42  size=1280x720
[select] mirror 점 개수 = 174685  (mask=174685, valid&depth = 898464)
[conf] mirror 영역 평균 confidence = 0.6539

=== 평면 추정 결과 ===
  [PCA (closed form)]
      normal = [-0.0358, -0.8858, -0.4626]
      d = +2.1394   mirror_depth(perp) = 2.1394 m   view_z = 6.8656 m
      n_inliers = 174685/174685   rms_residual = 0.51656 m
  [RANSAC]
      normal = [-0.2019, +0.2830, -0.9376]
      d = +8.0616   mirror_depth(perp) = 8.0616 m   view_z = 6.8656 m
      n_inliers = 84035/174685   rms_residual = 0.02230 m
  [SVD robust (IRLS)]
      normal = [-0.0644, -0.8903, -0.4507]
      d = +2.0000   mirror_depth(perp) = 2.0000 m   view_z = 6.8656 m
      n_inliers = 19707/174685   rms_residual = 0.04889 m

[save] D:\Users\dust\Documents\학교\2026년도1학기\컴퓨터비전\실습\FoundationStereo\experiments\ds_v2_seed1/scandinavian_v42\mirror_geometry\result.json
[save] D:\Users\dust\Documents\학교\2026년도1학기\컴퓨터비전\실습\FoundationStereo\experiments\ds_v2_seed1/scandinavian_v42\mirror_geometry\plane.txt
[save] D:\Users\dust\Documents\학교\2026년도1학기\컴퓨터비전\실습\FoundationStereo\experiments\ds_v2_seed1/scandinavian_v42\mirror_geometry\viz.png

DONE: D:\Users\dust\Documents\학교\2026년도1학기\컴퓨터비전\실습\FoundationStereo\experiments\ds_v2_seed1/scandinavian_v42\mirror_geometry
[ds_v2_seed1/scandinavian_v42] 거울 점 174685개 중 inlier 84035 (48.1%) / outlier 90650
  normal=[-0.202  0.283 -0.938] d=8.062  rms(inlier)=0.0223 m  thr≈0.084 m
[save] D:\Users\dust\Documents\학교\2026년도1학기\컴퓨터비전\실습\FoundationStereo\experiments\ds_v2_seed1/scandinavian_v42\mirror_geometry\ransac_inliers.png
[gt] scandinavian_v42             perp 3.74m planRMS 0.2103m  normal [-0.288, 0.298, -0.91]

생성 1, 건너뜀 0 (depth_gt/mask 없음 등)
[ds_v2_seed1/scandinavian_v42] feature 184x320  mirror_frac=0.1904891304347826  feat_left=True
rank  signal              AUC    pol  sep     mean_in     mean_out
  1  feat_left_l2       0.6744   +  0.3078   18.469916   16.276212
  2  delta_argdisp      0.6071   -  0.1806   39.814372   50.983887
  3  pre_entropy        0.5576   -  0.1394     1.81474    2.030184
  4  delta_entropy      0.5487   +  0.1231   -1.073489   -1.266176
  5  delta_conf         0.5352   -  0.0742    0.236827    0.271579
  6  pre_conf           0.5347   +  0.0734    0.417087    0.386223
  7  feat_left_pc2      0.5166   -  0.0244    2.243749    2.337619
  8  feat_left_pc1      0.5119   -  0.0083    2.520998    2.559521
  9  feat_left_pc3      0.5093   -  0.0592    1.992486    1.797229
 10  post_conf          0.5091   -  0.0158    0.653914    0.657802
 11  post_entropy       0.5026   -  0.0577    0.741251    0.764008
BEST: feat_left_l2 (AUC=0.6744, polarity=+)
저장: D:\Users\dust\Documents\학교\2026년도1학기\컴퓨터비전\실습\FoundationStereo\experiments\ds_v2_seed1/scandinavian_v42\features\report.json / panels.png / mirror_signal.npy
[device] cuda
  [train] epoch 60/300  loss=0.4765
  [train] epoch 120/300  loss=0.2885
  [train] epoch 180/300  loss=0.1978
  [train] epoch 240/300  loss=0.1426
  [train] epoch 300/300  loss=0.1069

[VAL] scene=ds_v2_seed1/scandinavian_v42  (pixel 70/30 split)
  AUC      = 0.9952
  IoU@0.5  = 0.8632
  F1@0.5   = 0.9266
  accuracy = 0.9705  (prec=0.8824, rec=0.9754)
  tp=3287 fp=438 fn=83 tn=13856

[save] D:\Users\dust\Documents\학교\2026년도1학기\컴퓨터비전\실습\FoundationStereo\experiments\ds_v2_seed1/scandinavian_v42\submodel
  pred_mask.png, panel.png, metrics.json, head.pt
DONE: D:\Users\dust\Documents\학교\2026년도1학기\컴퓨터비전\실습\FoundationStereo\experiments\ds_v2_seed1/scandinavian_v42\submodel
[device] cuda
[load] D:\Users\dust\Documents\학교\2026년도1학기\컴퓨터비전\실습\FoundationStereo\experiments\_model\general_head.pt  (train_scenes=['archiviz_baseline080', 'bedroom_baseline080', 'blue_bathroom_baseline080', 'computer_room_baseline080', 'cozy_living_room_baseline080', 'flat-archiviz_baseline080', 'green_house_baseline080', 'gym_baseline080', 'livingroom_baseline080', 'minimal_interior_baseline080', 'scandinavian_baseline080', 'sunlight_baseline080'])

[APPLY] ds_v2_seed1/scandinavian_v42  (저장모델로 새 데이터 평가)
  AUC      = 0.9642
  IoU@0.5  = 0.5941
  F1@0.5   = 0.7454
  accuracy = 0.9199  (prec=0.9451, rec=0.6154)
  tp=6902 fp=401 fn=4314 tn=47263
[save] D:\Users\dust\Documents\학교\2026년도1학기\컴퓨터비전\실습\FoundationStereo\experiments\ds_v2_seed1/scandinavian_v42\submodel_applied  (pred_mask.png, panel.png, metrics.json)

============================================================
STEP: estimate_mirror_plane
============================================================

============================================================
STEP: viz_ransac_inliers
============================================================

============================================================
STEP: make_mirror_gt_from_depth
============================================================

============================================================
STEP: analyze_features
============================================================

============================================================
STEP: submodel_head
============================================================

============================================================
STEP: apply_submodel
============================================================

DONE: D:\Users\dust\Documents\학교\2026년도1학기\컴퓨터비전\실습\FoundationStereo\experiments\ds_v2_seed1/scandinavian_v42 (ok)

##### [109/131] ds_v2_seed1/scandinavian_v43  (done 24, fail 0, skip 84, elapsed 14m, ETA 13m) #####
[scene] ds_v2_seed1/scandinavian_v43  size=1280x720
[select] mirror 점 개수 = 192146  (mask=192146, valid&depth = 900023)
[conf] mirror 영역 평균 confidence = 0.6578

=== 평면 추정 결과 ===
  [PCA (closed form)]
      normal = [-0.0383, -0.9440, -0.3277]
      d = +2.3553   mirror_depth(perp) = 2.3553 m   view_z = 6.8373 m
      n_inliers = 192146/192146   rms_residual = 0.57884 m
  [RANSAC]
      normal = [-0.0232, +0.0765, -0.9968]
      d = +7.9775   mirror_depth(perp) = 7.9775 m   view_z = 6.8373 m
      n_inliers = 91458/192146   rms_residual = 0.04110 m
  [SVD robust (IRLS)]
      normal = [-0.0936, -0.9376, -0.3350]
      d = +2.3922   mirror_depth(perp) = 2.3922 m   view_z = 6.8373 m
      n_inliers = 24572/192146   rms_residual = 0.06814 m

[save] D:\Users\dust\Documents\학교\2026년도1학기\컴퓨터비전\실습\FoundationStereo\experiments\ds_v2_seed1/scandinavian_v43\mirror_geometry\result.json
[save] D:\Users\dust\Documents\학교\2026년도1학기\컴퓨터비전\실습\FoundationStereo\experiments\ds_v2_seed1/scandinavian_v43\mirror_geometry\plane.txt
[save] D:\Users\dust\Documents\학교\2026년도1학기\컴퓨터비전\실습\FoundationStereo\experiments\ds_v2_seed1/scandinavian_v43\mirror_geometry\viz.png

DONE: D:\Users\dust\Documents\학교\2026년도1학기\컴퓨터비전\실습\FoundationStereo\experiments\ds_v2_seed1/scandinavian_v43\mirror_geometry
[ds_v2_seed1/scandinavian_v43] 거울 점 192146개 중 inlier 91458 (47.6%) / outlier 100688
  normal=[-0.023  0.076 -0.997] d=7.977  rms(inlier)=0.0411 m  thr≈0.118 m
[save] D:\Users\dust\Documents\학교\2026년도1학기\컴퓨터비전\실습\FoundationStereo\experiments\ds_v2_seed1/scandinavian_v43\mirror_geometry\ransac_inliers.png
[gt] scandinavian_v43             perp 3.60m planRMS 0.1844m  normal [-0.29, 0.101, -0.952]

생성 1, 건너뜀 0 (depth_gt/mask 없음 등)
[ds_v2_seed1/scandinavian_v43] feature 184x320  mirror_frac=0.20837296195652175  feat_left=True
rank  signal              AUC    pol  sep     mean_in     mean_out
  1  feat_left_l2       0.8069   +  0.5141   19.493321    15.56205
  2  post_entropy       0.7294   -  0.4122    0.746009     0.92117
  3  delta_argdisp      0.6568   -   0.258   42.067732   58.013516
  4  post_conf          0.6453   +  0.2701    0.657494    0.593554
  5  feat_left_pc3      0.5769   +  0.1481    2.192415    1.712271
  6  delta_conf         0.5444   +  0.0859    0.221055    0.177069
  7  pre_entropy        0.5395   -  0.1021    1.719524    1.880196
  8  feat_left_pc2      0.5352   -  0.0267    2.512605    2.616475
  9  pre_conf           0.5297   +   0.045    0.436438    0.416484
 10  delta_entropy      0.5171   -  0.0087   -0.973516   -0.959026
 11  feat_left_pc1      0.5039   -  0.0359    2.917585    2.724231
BEST: feat_left_l2 (AUC=0.8069, polarity=+)
저장: D:\Users\dust\Documents\학교\2026년도1학기\컴퓨터비전\실습\FoundationStereo\experiments\ds_v2_seed1/scandinavian_v43\features\report.json / panels.png / mirror_signal.npy
[device] cuda
  [train] epoch 60/300  loss=0.3973
  [train] epoch 120/300  loss=0.2390
  [train] epoch 180/300  loss=0.1693
  [train] epoch 240/300  loss=0.1278
  [train] epoch 300/300  loss=0.0996

[VAL] scene=ds_v2_seed1/scandinavian_v43  (pixel 70/30 split)
  AUC      = 0.9961
  IoU@0.5  = 0.8694
  F1@0.5   = 0.9301
  accuracy = 0.9695  (prec=0.8895, rec=0.9747)
  tp=3582 fp=445 fn=93 tn=13544

[save] D:\Users\dust\Documents\학교\2026년도1학기\컴퓨터비전\실습\FoundationStereo\experiments\ds_v2_seed1/scandinavian_v43\submodel
  pred_mask.png, panel.png, metrics.json, head.pt
DONE: D:\Users\dust\Documents\학교\2026년도1학기\컴퓨터비전\실습\FoundationStereo\experiments\ds_v2_seed1/scandinavian_v43\submodel
[device] cuda
[load] D:\Users\dust\Documents\학교\2026년도1학기\컴퓨터비전\실습\FoundationStereo\experiments\_model\general_head.pt  (train_scenes=['archiviz_baseline080', 'bedroom_baseline080', 'blue_bathroom_baseline080', 'computer_room_baseline080', 'cozy_living_room_baseline080', 'flat-archiviz_baseline080', 'green_house_baseline080', 'gym_baseline080', 'livingroom_baseline080', 'minimal_interior_baseline080', 'scandinavian_baseline080', 'sunlight_baseline080'])

[APPLY] ds_v2_seed1/scandinavian_v43  (저장모델로 새 데이터 평가)
  AUC      = 0.9154
  IoU@0.5  = 0.4396
  F1@0.5   = 0.6108
  accuracy = 0.8772  (prec=0.8988, rec=0.4625)
  tp=5675 fp=639 fn=6594 tn=45972
[save] D:\Users\dust\Documents\학교\2026년도1학기\컴퓨터비전\실습\FoundationStereo\experiments\ds_v2_seed1/scandinavian_v43\submodel_applied  (pred_mask.png, panel.png, metrics.json)

============================================================
STEP: estimate_mirror_plane
============================================================

============================================================
STEP: viz_ransac_inliers
============================================================

============================================================
STEP: make_mirror_gt_from_depth
============================================================

============================================================
STEP: analyze_features
============================================================

============================================================
STEP: submodel_head
============================================================

============================================================
STEP: apply_submodel
============================================================

DONE: D:\Users\dust\Documents\학교\2026년도1학기\컴퓨터비전\실습\FoundationStereo\experiments\ds_v2_seed1/scandinavian_v43 (ok)

##### [110/131] ds_v2_seed1/scandinavian_v44  (done 25, fail 0, skip 84, elapsed 15m, ETA 13m) #####
[scene] ds_v2_seed1/scandinavian_v44  size=1280x720
[select] mirror 점 개수 = 192150  (mask=192150, valid&depth = 896675)
[conf] mirror 영역 평균 confidence = 0.6506

=== 평면 추정 결과 ===
  [PCA (closed form)]
      normal = [-0.0164, -0.9246, -0.3806]
      d = +2.1905   mirror_depth(perp) = 2.1905 m   view_z = 6.9518 m
      n_inliers = 192150/192150   rms_residual = 0.60755 m
  [RANSAC]
      normal = [-0.1380, +0.1970, -0.9706]
      d = +7.8521   mirror_depth(perp) = 7.8521 m   view_z = 6.9518 m
      n_inliers = 101668/192150   rms_residual = 0.04152 m
  [SVD robust (IRLS)]
      normal = [-0.0712, -0.9221, -0.3804]
      d = +2.1307   mirror_depth(perp) = 2.1307 m   view_z = 6.9518 m
      n_inliers = 34654/192150   rms_residual = 0.07057 m

[save] D:\Users\dust\Documents\학교\2026년도1학기\컴퓨터비전\실습\FoundationStereo\experiments\ds_v2_seed1/scandinavian_v44\mirror_geometry\result.json
[save] D:\Users\dust\Documents\학교\2026년도1학기\컴퓨터비전\실습\FoundationStereo\experiments\ds_v2_seed1/scandinavian_v44\mirror_geometry\plane.txt
[save] D:\Users\dust\Documents\학교\2026년도1학기\컴퓨터비전\실습\FoundationStereo\experiments\ds_v2_seed1/scandinavian_v44\mirror_geometry\viz.png

DONE: D:\Users\dust\Documents\학교\2026년도1학기\컴퓨터비전\실습\FoundationStereo\experiments\ds_v2_seed1/scandinavian_v44\mirror_geometry
[ds_v2_seed1/scandinavian_v44] 거울 점 192150개 중 inlier 101668 (52.9%) / outlier 90482
  normal=[-0.138  0.197 -0.971] d=7.852  rms(inlier)=0.0415 m  thr≈0.121 m
[save] D:\Users\dust\Documents\학교\2026년도1학기\컴퓨터비전\실습\FoundationStereo\experiments\ds_v2_seed1/scandinavian_v44\mirror_geometry\ransac_inliers.png
[gt] scandinavian_v44             perp 3.60m planRMS 0.2063m  normal [-0.24, 0.147, -0.96]

생성 1, 건너뜀 0 (depth_gt/mask 없음 등)
[ds_v2_seed1/scandinavian_v44] feature 184x320  mirror_frac=0.20835597826086957  feat_left=True
rank  signal              AUC    pol  sep     mean_in     mean_out
  1  feat_left_l2         0.76   +  0.4339   19.093101   15.777788
  2  post_entropy       0.6265   -  0.2834    0.763691    0.890899
  3  delta_argdisp      0.6096   -   0.172    45.00644   55.602677
  4  post_conf          0.5927   +  0.1751    0.649957     0.60666
  5  pre_entropy        0.5746   -  0.1629    1.726206     1.97634
  6  pre_conf            0.558   +  0.1018    0.431567    0.387964
  7  delta_entropy      0.5301   +  0.0765   -0.962515   -1.085441
  8  feat_left_pc2      0.5139   -  0.0083    2.576046    2.543548
  9  feat_left_pc1      0.5133   +  0.0712    2.969322    2.574417
 10  feat_left_pc3      0.5125   -  0.0357    2.013063    1.897865
 11  delta_conf          0.501   +  0.0006    0.218391    0.218695
BEST: feat_left_l2 (AUC=0.76, polarity=+)
저장: D:\Users\dust\Documents\학교\2026년도1학기\컴퓨터비전\실습\FoundationStereo\experiments\ds_v2_seed1/scandinavian_v44\features\report.json / panels.png / mirror_signal.npy
[device] cuda
  [train] epoch 60/300  loss=0.4236
  [train] epoch 120/300  loss=0.2621
  [train] epoch 180/300  loss=0.1879
  [train] epoch 240/300  loss=0.1412
  [train] epoch 300/300  loss=0.1093

[VAL] scene=ds_v2_seed1/scandinavian_v44  (pixel 70/30 split)
  AUC      = 0.9956
  IoU@0.5  = 0.8600
  F1@0.5   = 0.9248
  accuracy = 0.9673  (prec=0.8810, rec=0.9732)
  tp=3552 fp=480 fn=98 tn=13534

[save] D:\Users\dust\Documents\학교\2026년도1학기\컴퓨터비전\실습\FoundationStereo\experiments\ds_v2_seed1/scandinavian_v44\submodel
  pred_mask.png, panel.png, metrics.json, head.pt
DONE: D:\Users\dust\Documents\학교\2026년도1학기\컴퓨터비전\실습\FoundationStereo\experiments\ds_v2_seed1/scandinavian_v44\submodel
[device] cuda
[load] D:\Users\dust\Documents\학교\2026년도1학기\컴퓨터비전\실습\FoundationStereo\experiments\_model\general_head.pt  (train_scenes=['archiviz_baseline080', 'bedroom_baseline080', 'blue_bathroom_baseline080', 'computer_room_baseline080', 'cozy_living_room_baseline080', 'flat-archiviz_baseline080', 'green_house_baseline080', 'gym_baseline080', 'livingroom_baseline080', 'minimal_interior_baseline080', 'scandinavian_baseline080', 'sunlight_baseline080'])

[APPLY] ds_v2_seed1/scandinavian_v44  (저장모델로 새 데이터 평가)
  AUC      = 0.9281
  IoU@0.5  = 0.4645
  F1@0.5   = 0.6344
  accuracy = 0.8822  (prec=0.8983, rec=0.4903)
  tp=6015 fp=681 fn=6253 tn=45931
[save] D:\Users\dust\Documents\학교\2026년도1학기\컴퓨터비전\실습\FoundationStereo\experiments\ds_v2_seed1/scandinavian_v44\submodel_applied  (pred_mask.png, panel.png, metrics.json)

============================================================
STEP: estimate_mirror_plane
============================================================

============================================================
STEP: viz_ransac_inliers
============================================================

============================================================
STEP: make_mirror_gt_from_depth
============================================================

============================================================
STEP: analyze_features
============================================================

============================================================
STEP: submodel_head
============================================================

============================================================
STEP: apply_submodel
============================================================

DONE: D:\Users\dust\Documents\학교\2026년도1학기\컴퓨터비전\실습\FoundationStereo\experiments\ds_v2_seed1/scandinavian_v44 (ok)

##### [111/131] ds_v2_seed1/scandinavian_v45  (done 26, fail 0, skip 84, elapsed 15m, ETA 12m) #####
[scene] ds_v2_seed1/scandinavian_v45  size=1280x720
[select] mirror 점 개수 = 176794  (mask=176794, valid&depth = 897528)
[conf] mirror 영역 평균 confidence = 0.6458

=== 평면 추정 결과 ===
  [PCA (closed form)]
      normal = [+0.0425, -0.9446, -0.3256]
      d = +1.7033   mirror_depth(perp) = 1.7033 m   view_z = 7.1528 m
      n_inliers = 176794/176794   rms_residual = 0.62417 m
  [RANSAC]
      normal = [-0.1790, +0.1401, -0.9738]
      d = +8.0670   mirror_depth(perp) = 8.0670 m   view_z = 7.1528 m
      n_inliers = 99375/176794   rms_residual = 0.03829 m
  [SVD robust (IRLS)]
      normal = [+0.0092, -0.9351, -0.3543]
      d = +1.9107   mirror_depth(perp) = 1.9107 m   view_z = 7.1528 m
      n_inliers = 29782/176794   rms_residual = 0.06008 m

[save] D:\Users\dust\Documents\학교\2026년도1학기\컴퓨터비전\실습\FoundationStereo\experiments\ds_v2_seed1/scandinavian_v45\mirror_geometry\result.json
[save] D:\Users\dust\Documents\학교\2026년도1학기\컴퓨터비전\실습\FoundationStereo\experiments\ds_v2_seed1/scandinavian_v45\mirror_geometry\plane.txt
[save] D:\Users\dust\Documents\학교\2026년도1학기\컴퓨터비전\실습\FoundationStereo\experiments\ds_v2_seed1/scandinavian_v45\mirror_geometry\viz.png

DONE: D:\Users\dust\Documents\학교\2026년도1학기\컴퓨터비전\실습\FoundationStereo\experiments\ds_v2_seed1/scandinavian_v45\mirror_geometry
[ds_v2_seed1/scandinavian_v45] 거울 점 176794개 중 inlier 99375 (56.2%) / outlier 77419
  normal=[-0.179  0.14  -0.974] d=8.067  rms(inlier)=0.0383 m  thr≈0.111 m
[save] D:\Users\dust\Documents\학교\2026년도1학기\컴퓨터비전\실습\FoundationStereo\experiments\ds_v2_seed1/scandinavian_v45\mirror_geometry\ransac_inliers.png
[gt] scandinavian_v45             perp 3.78m planRMS 0.2829m  normal [-0.23, 0.137, -0.964]

생성 1, 건너뜀 0 (depth_gt/mask 없음 등)
[ds_v2_seed1/scandinavian_v45] feature 184x320  mirror_frac=0.19137228260869565  feat_left=True
rank  signal              AUC    pol  sep     mean_in     mean_out
  1  feat_left_l2       0.7245   +  0.3977   19.075283    15.95472
  2  delta_argdisp      0.6117   -  0.1831   43.039315   54.288961
  3  pre_entropy        0.5691   -  0.1572    1.771621    2.008861
  4  delta_entropy      0.5589   +  0.1302   -1.000737   -1.205025
  5  delta_conf         0.5442   -  0.0765    0.230258    0.266593
  6  pre_conf           0.5427   +  0.0828    0.415974    0.381591
  7  feat_left_pc1      0.5254   +  0.1063    3.083539    2.473356
  8  post_entropy       0.5226   -  0.0818    0.770885    0.803837
  9  feat_left_pc3      0.5205   -  0.0553    2.136452    1.949562
 10  post_conf          0.5069   -  0.0083    0.646232    0.648185
 11  feat_left_pc2      0.5064   +  0.0551    2.666809    2.440105
BEST: feat_left_l2 (AUC=0.7245, polarity=+)
저장: D:\Users\dust\Documents\학교\2026년도1학기\컴퓨터비전\실습\FoundationStereo\experiments\ds_v2_seed1/scandinavian_v45\features\report.json / panels.png / mirror_signal.npy
[device] cuda
  [train] epoch 60/300  loss=0.4690
  [train] epoch 120/300  loss=0.2840
  [train] epoch 180/300  loss=0.1965
  [train] epoch 240/300  loss=0.1448
  [train] epoch 300/300  loss=0.1106

[VAL] scene=ds_v2_seed1/scandinavian_v45  (pixel 70/30 split)
  AUC      = 0.9959
  IoU@0.5  = 0.8591
  F1@0.5   = 0.9242
  accuracy = 0.9698  (prec=0.8793, rec=0.9740)
  tp=3255 fp=447 fn=87 tn=13875

[save] D:\Users\dust\Documents\학교\2026년도1학기\컴퓨터비전\실습\FoundationStereo\experiments\ds_v2_seed1/scandinavian_v45\submodel
  pred_mask.png, panel.png, metrics.json, head.pt
DONE: D:\Users\dust\Documents\학교\2026년도1학기\컴퓨터비전\실습\FoundationStereo\experiments\ds_v2_seed1/scandinavian_v45\submodel
[device] cuda
[load] D:\Users\dust\Documents\학교\2026년도1학기\컴퓨터비전\실습\FoundationStereo\experiments\_model\general_head.pt  (train_scenes=['archiviz_baseline080', 'bedroom_baseline080', 'blue_bathroom_baseline080', 'computer_room_baseline080', 'cozy_living_room_baseline080', 'flat-archiviz_baseline080', 'green_house_baseline080', 'gym_baseline080', 'livingroom_baseline080', 'minimal_interior_baseline080', 'scandinavian_baseline080', 'sunlight_baseline080'])

[APPLY] ds_v2_seed1/scandinavian_v45  (저장모델로 새 데이터 평가)
  AUC      = 0.9214
  IoU@0.5  = 0.4600
  F1@0.5   = 0.6301
  accuracy = 0.8937  (prec=0.9434, rec=0.4730)
  tp=5330 fp=320 fn=5938 tn=47292
[save] D:\Users\dust\Documents\학교\2026년도1학기\컴퓨터비전\실습\FoundationStereo\experiments\ds_v2_seed1/scandinavian_v45\submodel_applied  (pred_mask.png, panel.png, metrics.json)

============================================================
STEP: estimate_mirror_plane
============================================================

============================================================
STEP: viz_ransac_inliers
============================================================

============================================================
STEP: make_mirror_gt_from_depth
============================================================

============================================================
STEP: analyze_features
============================================================

============================================================
STEP: submodel_head
============================================================

============================================================
STEP: apply_submodel
============================================================

DONE: D:\Users\dust\Documents\학교\2026년도1학기\컴퓨터비전\실습\FoundationStereo\experiments\ds_v2_seed1/scandinavian_v45 (ok)

##### [112/131] ds_v2_seed1/scandinavian_v46  (done 27, fail 0, skip 84, elapsed 16m, ETA 12m) #####
[scene] ds_v2_seed1/scandinavian_v46  size=1280x720
[select] mirror 점 개수 = 165732  (mask=165732, valid&depth = 898924)
[conf] mirror 영역 평균 confidence = 0.6687

=== 평면 추정 결과 ===
  [PCA (closed form)]
      normal = [-0.0678, -0.8815, -0.4672]
      d = +2.2933   mirror_depth(perp) = 2.2933 m   view_z = 7.1170 m
      n_inliers = 165732/165732   rms_residual = 0.56387 m
  [RANSAC]
      normal = [-0.1085, +0.2811, -0.9535]
      d = +8.2762   mirror_depth(perp) = 8.2762 m   view_z = 7.1170 m
      n_inliers = 74907/165732   rms_residual = 0.03309 m
  [SVD robust (IRLS)]
      normal = [-0.1185, -0.8810, -0.4580]
      d = +2.1972   mirror_depth(perp) = 2.1972 m   view_z = 7.1170 m
      n_inliers = 18869/165732   rms_residual = 0.04725 m

[save] D:\Users\dust\Documents\학교\2026년도1학기\컴퓨터비전\실습\FoundationStereo\experiments\ds_v2_seed1/scandinavian_v46\mirror_geometry\result.json
[save] D:\Users\dust\Documents\학교\2026년도1학기\컴퓨터비전\실습\FoundationStereo\experiments\ds_v2_seed1/scandinavian_v46\mirror_geometry\plane.txt
[save] D:\Users\dust\Documents\학교\2026년도1학기\컴퓨터비전\실습\FoundationStereo\experiments\ds_v2_seed1/scandinavian_v46\mirror_geometry\viz.png

DONE: D:\Users\dust\Documents\학교\2026년도1학기\컴퓨터비전\실습\FoundationStereo\experiments\ds_v2_seed1/scandinavian_v46\mirror_geometry
[ds_v2_seed1/scandinavian_v46] 거울 점 165732개 중 inlier 74907 (45.2%) / outlier 90825
  normal=[-0.108  0.281 -0.954] d=8.276  rms(inlier)=0.0331 m  thr≈0.082 m
[save] D:\Users\dust\Documents\학교\2026년도1학기\컴퓨터비전\실습\FoundationStereo\experiments\ds_v2_seed1/scandinavian_v46\mirror_geometry\ransac_inliers.png
[gt] scandinavian_v46             perp 3.90m planRMS 0.1907m  normal [-0.288, 0.275, -0.917]

생성 1, 건너뜀 0 (depth_gt/mask 없음 등)
[ds_v2_seed1/scandinavian_v46] feature 184x320  mirror_frac=0.1806046195652174  feat_left=True
rank  signal              AUC    pol  sep     mean_in     mean_out
  1  feat_left_l2       0.6839   +  0.3255   18.499049   16.441386
  2  delta_argdisp      0.6007   -  0.1607   41.162686   51.335199
  3  pre_entropy        0.5646   -   0.153    1.769613    2.006758
  4  delta_entropy      0.5579   +  0.1396   -1.023612   -1.243817
  5  pre_conf           0.5458   +  0.0971    0.429035    0.387824
  6  feat_left_pc2      0.5363   -   0.084    2.097714    2.390255
  7  delta_conf         0.5359   -  0.0825    0.238758    0.277985
  8  post_entropy       0.5268   +  0.0427       0.746    0.762942
  9  feat_left_pc1      0.5209   -  0.0711    2.364757    2.642079
 10  feat_left_pc3      0.5016   +   0.044    1.921083    1.792622
 11  post_conf          0.5013   +  0.0083    0.667793    0.665809
BEST: feat_left_l2 (AUC=0.6839, polarity=+)
저장: D:\Users\dust\Documents\학교\2026년도1학기\컴퓨터비전\실습\FoundationStereo\experiments\ds_v2_seed1/scandinavian_v46\features\report.json / panels.png / mirror_signal.npy
[device] cuda
  [train] epoch 60/300  loss=0.4772
  [train] epoch 120/300  loss=0.2886
  [train] epoch 180/300  loss=0.1932
  [train] epoch 240/300  loss=0.1369
  [train] epoch 300/300  loss=0.1017

[VAL] scene=ds_v2_seed1/scandinavian_v46  (pixel 70/30 split)
  AUC      = 0.9960
  IoU@0.5  = 0.8783
  F1@0.5   = 0.9352
  accuracy = 0.9755  (prec=0.8965, rec=0.9774)
  tp=3119 fp=360 fn=72 tn=14113

[save] D:\Users\dust\Documents\학교\2026년도1학기\컴퓨터비전\실습\FoundationStereo\experiments\ds_v2_seed1/scandinavian_v46\submodel
  pred_mask.png, panel.png, metrics.json, head.pt
DONE: D:\Users\dust\Documents\학교\2026년도1학기\컴퓨터비전\실습\FoundationStereo\experiments\ds_v2_seed1/scandinavian_v46\submodel
[device] cuda
[load] D:\Users\dust\Documents\학교\2026년도1학기\컴퓨터비전\실습\FoundationStereo\experiments\_model\general_head.pt  (train_scenes=['archiviz_baseline080', 'bedroom_baseline080', 'blue_bathroom_baseline080', 'computer_room_baseline080', 'cozy_living_room_baseline080', 'flat-archiviz_baseline080', 'green_house_baseline080', 'gym_baseline080', 'livingroom_baseline080', 'minimal_interior_baseline080', 'scandinavian_baseline080', 'sunlight_baseline080'])

[APPLY] ds_v2_seed1/scandinavian_v46  (저장모델로 새 데이터 평가)
  AUC      = 0.9507
  IoU@0.5  = 0.5447
  F1@0.5   = 0.7052
  accuracy = 0.9111  (prec=0.8786, rec=0.5890)
  tp=6263 fp=865 fn=4371 tn=47381
[save] D:\Users\dust\Documents\학교\2026년도1학기\컴퓨터비전\실습\FoundationStereo\experiments\ds_v2_seed1/scandinavian_v46\submodel_applied  (pred_mask.png, panel.png, metrics.json)

============================================================
STEP: estimate_mirror_plane
============================================================

============================================================
STEP: viz_ransac_inliers
============================================================

============================================================
STEP: make_mirror_gt_from_depth
============================================================

============================================================
STEP: analyze_features
============================================================

============================================================
STEP: submodel_head
============================================================

============================================================
STEP: apply_submodel
============================================================

DONE: D:\Users\dust\Documents\학교\2026년도1학기\컴퓨터비전\실습\FoundationStereo\experiments\ds_v2_seed1/scandinavian_v46 (ok)

##### [113/131] ds_v2_seed1/scandinavian_v47  (done 28, fail 0, skip 84, elapsed 17m, ETA 11m) #####
[scene] ds_v2_seed1/scandinavian_v47  size=1280x720
[select] mirror 점 개수 = 165810  (mask=165810, valid&depth = 904405)
[conf] mirror 영역 평균 confidence = 0.6692

=== 평면 추정 결과 ===
  [PCA (closed form)]
      normal = [-0.0577, -0.9001, -0.4319]
      d = +1.7161   mirror_depth(perp) = 1.7161 m   view_z = 6.3526 m
      n_inliers = 165810/165810   rms_residual = 0.43538 m
  [RANSAC]
      normal = [-0.3438, +0.3786, -0.8593]
      d = +7.8784   mirror_depth(perp) = 7.8784 m   view_z = 6.3526 m
      n_inliers = 64117/165810   rms_residual = 0.02581 m
  [SVD robust (IRLS)]
      normal = [-0.1302, -0.9018, -0.4122]
      d = +1.6280   mirror_depth(perp) = 1.6280 m   view_z = 6.3526 m
      n_inliers = 21157/165810   rms_residual = 0.04859 m

[save] D:\Users\dust\Documents\학교\2026년도1학기\컴퓨터비전\실습\FoundationStereo\experiments\ds_v2_seed1/scandinavian_v47\mirror_geometry\result.json
[save] D:\Users\dust\Documents\학교\2026년도1학기\컴퓨터비전\실습\FoundationStereo\experiments\ds_v2_seed1/scandinavian_v47\mirror_geometry\plane.txt
[save] D:\Users\dust\Documents\학교\2026년도1학기\컴퓨터비전\실습\FoundationStereo\experiments\ds_v2_seed1/scandinavian_v47\mirror_geometry\viz.png

DONE: D:\Users\dust\Documents\학교\2026년도1학기\컴퓨터비전\실습\FoundationStereo\experiments\ds_v2_seed1/scandinavian_v47\mirror_geometry
[ds_v2_seed1/scandinavian_v47] 거울 점 165810개 중 inlier 64117 (38.7%) / outlier 101693
  normal=[-0.344  0.379 -0.859] d=7.878  rms(inlier)=0.0258 m  thr≈0.084 m
[save] D:\Users\dust\Documents\학교\2026년도1학기\컴퓨터비전\실습\FoundationStereo\experiments\ds_v2_seed1/scandinavian_v47\mirror_geometry\ransac_inliers.png
[gt] scandinavian_v47             perp 3.57m planRMS 0.1817m  normal [-0.525, 0.307, -0.794]

생성 1, 건너뜀 0 (depth_gt/mask 없음 등)
[ds_v2_seed1/scandinavian_v47] feature 184x320  mirror_frac=0.18104619565217392  feat_left=True
rank  signal              AUC    pol  sep     mean_in     mean_out
  1  post_entropy       0.6558   +  0.2318    0.741346     0.66786
  2  feat_left_l2        0.591   +  0.2015   17.790466   16.520116
  3  post_conf          0.5648   -  0.1224    0.669096     0.69647
  4  feat_left_pc1      0.5638   -  0.0677    2.374137    2.620591
  5  pre_conf           0.5387   -  0.0648    0.407658    0.435929
  6  delta_argdisp      0.5349   -  0.0482    43.09212   46.213335
  7  feat_left_pc3      0.5252   +  0.1128    2.110734     1.72322
  8  pre_entropy        0.5198   +  0.0074    1.852042    1.840465
  9  feat_left_pc2      0.5171   +  0.0596    2.205997    2.010031
 10  delta_entropy      0.5079   +  0.0389   -1.110696   -1.172604
 11  delta_conf         0.5011   +  0.0018    0.261438    0.260541
BEST: post_entropy (AUC=0.6558, polarity=+)
저장: D:\Users\dust\Documents\학교\2026년도1학기\컴퓨터비전\실습\FoundationStereo\experiments\ds_v2_seed1/scandinavian_v47\features\report.json / panels.png / mirror_signal.npy
[device] cuda
  [train] epoch 60/300  loss=0.5832
  [train] epoch 120/300  loss=0.3647
  [train] epoch 180/300  loss=0.2532
  [train] epoch 240/300  loss=0.1840
  [train] epoch 300/300  loss=0.1386

[VAL] scene=ds_v2_seed1/scandinavian_v47  (pixel 70/30 split)
  AUC      = 0.9912
  IoU@0.5  = 0.7965
  F1@0.5   = 0.8867
  accuracy = 0.9563  (prec=0.8268, rec=0.9560)
  tp=3022 fp=633 fn=139 tn=13870

[save] D:\Users\dust\Documents\학교\2026년도1학기\컴퓨터비전\실습\FoundationStereo\experiments\ds_v2_seed1/scandinavian_v47\submodel
  pred_mask.png, panel.png, metrics.json, head.pt
DONE: D:\Users\dust\Documents\학교\2026년도1학기\컴퓨터비전\실습\FoundationStereo\experiments\ds_v2_seed1/scandinavian_v47\submodel
[device] cuda
[load] D:\Users\dust\Documents\학교\2026년도1학기\컴퓨터비전\실습\FoundationStereo\experiments\_model\general_head.pt  (train_scenes=['archiviz_baseline080', 'bedroom_baseline080', 'blue_bathroom_baseline080', 'computer_room_baseline080', 'cozy_living_room_baseline080', 'flat-archiviz_baseline080', 'green_house_baseline080', 'gym_baseline080', 'livingroom_baseline080', 'minimal_interior_baseline080', 'scandinavian_baseline080', 'sunlight_baseline080'])

[APPLY] ds_v2_seed1/scandinavian_v47  (저장모델로 새 데이터 평가)
  AUC      = 0.9318
  IoU@0.5  = 0.4448
  F1@0.5   = 0.6157
  accuracy = 0.8855  (prec=0.7847, rec=0.5067)
  tp=5401 fp=1482 fn=5259 tn=46738
[save] D:\Users\dust\Documents\학교\2026년도1학기\컴퓨터비전\실습\FoundationStereo\experiments\ds_v2_seed1/scandinavian_v47\submodel_applied  (pred_mask.png, panel.png, metrics.json)

============================================================
STEP: estimate_mirror_plane
============================================================

============================================================
STEP: viz_ransac_inliers
============================================================

============================================================
STEP: make_mirror_gt_from_depth
============================================================

============================================================
STEP: analyze_features
============================================================

============================================================
STEP: submodel_head
============================================================

============================================================
STEP: apply_submodel
============================================================

DONE: D:\Users\dust\Documents\학교\2026년도1학기\컴퓨터비전\실습\FoundationStereo\experiments\ds_v2_seed1/scandinavian_v47 (ok)

##### [114/131] ds_v2_seed1/scandinavian_v48  (done 29, fail 0, skip 84, elapsed 17m, ETA 11m) #####
[scene] ds_v2_seed1/scandinavian_v48  size=1280x720
[select] mirror 점 개수 = 145035  (mask=145035, valid&depth = 900838)
[conf] mirror 영역 평균 confidence = 0.6689

=== 평면 추정 결과 ===
  [PCA (closed form)]
      normal = [+0.0872, -0.9662, -0.2424]
      d = +1.6287   mirror_depth(perp) = 1.6287 m   view_z = 7.5167 m
      n_inliers = 145035/145035   rms_residual = 0.64457 m
  [RANSAC]
      normal = [-0.0341, +0.0538, -0.9980]
      d = +8.4953   mirror_depth(perp) = 8.4953 m   view_z = 7.5167 m
      n_inliers = 60594/145035   rms_residual = 0.04693 m
  [SVD robust (IRLS)]
      normal = [+0.0772, -0.9584, -0.2749]
      d = +1.8274   mirror_depth(perp) = 1.8274 m   view_z = 7.5167 m
      n_inliers = 25169/145035   rms_residual = 0.06265 m

[save] D:\Users\dust\Documents\학교\2026년도1학기\컴퓨터비전\실습\FoundationStereo\experiments\ds_v2_seed1/scandinavian_v48\mirror_geometry\result.json
[save] D:\Users\dust\Documents\학교\2026년도1학기\컴퓨터비전\실습\FoundationStereo\experiments\ds_v2_seed1/scandinavian_v48\mirror_geometry\plane.txt
[save] D:\Users\dust\Documents\학교\2026년도1학기\컴퓨터비전\실습\FoundationStereo\experiments\ds_v2_seed1/scandinavian_v48\mirror_geometry\viz.png

DONE: D:\Users\dust\Documents\학교\2026년도1학기\컴퓨터비전\실습\FoundationStereo\experiments\ds_v2_seed1/scandinavian_v48\mirror_geometry
[ds_v2_seed1/scandinavian_v48] 거울 점 145035개 중 inlier 60594 (41.8%) / outlier 84441
  normal=[-0.034  0.054 -0.998] d=8.495  rms(inlier)=0.0469 m  thr≈0.113 m
[save] D:\Users\dust\Documents\학교\2026년도1학기\컴퓨터비전\실습\FoundationStereo\experiments\ds_v2_seed1/scandinavian_v48\mirror_geometry\ransac_inliers.png
[gt] scandinavian_v48             perp 4.12m planRMS 0.2483m  normal [-0.165, 0.103, -0.981]

생성 1, 건너뜀 0 (depth_gt/mask 없음 등)
[ds_v2_seed1/scandinavian_v48] feature 184x320  mirror_frac=0.15752377717391305  feat_left=True
rank  signal              AUC    pol  sep     mean_in     mean_out
  1  feat_left_l2       0.7917   +  0.5056   19.901902   15.758167
  2  post_entropy       0.6302   -  0.2253    0.743405     0.82271
  3  delta_argdisp      0.6024   -  0.1671   46.805067   57.170205
  4  post_conf          0.6007   +  0.1688    0.668258    0.630504
  5  pre_entropy        0.5576   -  0.1218    1.755102    1.947439
  6  feat_left_pc3      0.5476   +   0.073    2.098286    1.889257
  7  pre_conf           0.5457   +  0.0523    0.421307    0.398056
  8  feat_left_pc1      0.5363   +  0.1263    3.384917    2.639004
  9  delta_entropy      0.5308   +  0.0696   -1.011697   -1.124729
 10  delta_conf         0.5078   +  0.0288    0.246951    0.232448
 11  feat_left_pc2      0.5011   -  0.0471    2.793678       2.601
BEST: feat_left_l2 (AUC=0.7917, polarity=+)
저장: D:\Users\dust\Documents\학교\2026년도1학기\컴퓨터비전\실습\FoundationStereo\experiments\ds_v2_seed1/scandinavian_v48\features\report.json / panels.png / mirror_signal.npy
[device] cuda
  [train] epoch 60/300  loss=0.4499
  [train] epoch 120/300  loss=0.2721
  [train] epoch 180/300  loss=0.1880
  [train] epoch 240/300  loss=0.1370
  [train] epoch 300/300  loss=0.1044

[VAL] scene=ds_v2_seed1/scandinavian_v48  (pixel 70/30 split)
  AUC      = 0.9957
  IoU@0.5  = 0.8351
  F1@0.5   = 0.9101
  accuracy = 0.9693  (prec=0.8516, rec=0.9772)
  tp=2749 fp=479 fn=64 tn=14372

[save] D:\Users\dust\Documents\학교\2026년도1학기\컴퓨터비전\실습\FoundationStereo\experiments\ds_v2_seed1/scandinavian_v48\submodel
  pred_mask.png, panel.png, metrics.json, head.pt
DONE: D:\Users\dust\Documents\학교\2026년도1학기\컴퓨터비전\실습\FoundationStereo\experiments\ds_v2_seed1/scandinavian_v48\submodel
[device] cuda
[load] D:\Users\dust\Documents\학교\2026년도1학기\컴퓨터비전\실습\FoundationStereo\experiments\_model\general_head.pt  (train_scenes=['archiviz_baseline080', 'bedroom_baseline080', 'blue_bathroom_baseline080', 'computer_room_baseline080', 'cozy_living_room_baseline080', 'flat-archiviz_baseline080', 'green_house_baseline080', 'gym_baseline080', 'livingroom_baseline080', 'minimal_interior_baseline080', 'scandinavian_baseline080', 'sunlight_baseline080'])

[APPLY] ds_v2_seed1/scandinavian_v48  (저장모델로 새 데이터 평가)
  AUC      = 0.9092
  IoU@0.5  = 0.4801
  F1@0.5   = 0.6488
  accuracy = 0.9140  (prec=0.9091, rec=0.5044)
  tp=4678 fp=468 fn=4597 tn=49137
[save] D:\Users\dust\Documents\학교\2026년도1학기\컴퓨터비전\실습\FoundationStereo\experiments\ds_v2_seed1/scandinavian_v48\submodel_applied  (pred_mask.png, panel.png, metrics.json)

============================================================
STEP: estimate_mirror_plane
============================================================

============================================================
STEP: viz_ransac_inliers
============================================================

============================================================
STEP: make_mirror_gt_from_depth
============================================================

============================================================
STEP: analyze_features
============================================================

============================================================
STEP: submodel_head
============================================================

============================================================
STEP: apply_submodel
============================================================

DONE: D:\Users\dust\Documents\학교\2026년도1학기\컴퓨터비전\실습\FoundationStereo\experiments\ds_v2_seed1/scandinavian_v48 (ok)

##### [115/131] ds_v2_seed1/scandinavian_v49  (done 30, fail 0, skip 84, elapsed 18m, ETA 10m) #####
[scene] ds_v2_seed1/scandinavian_v49  size=1280x720
[select] mirror 점 개수 = 165177  (mask=165177, valid&depth = 907073)
[conf] mirror 영역 평균 confidence = 0.6602

=== 평면 추정 결과 ===
  [PCA (closed form)]
      normal = [-0.1335, -0.9392, -0.3164]
      d = +2.3247   mirror_depth(perp) = 2.3247 m   view_z = 7.0926 m
      n_inliers = 165177/165177   rms_residual = 0.57123 m
  [RANSAC]
      normal = [-0.2270, +0.1696, -0.9590]
      d = +8.2200   mirror_depth(perp) = 8.2200 m   view_z = 7.0926 m
      n_inliers = 73214/165177   rms_residual = 0.03380 m
  [SVD robust (IRLS)]
      normal = [-0.2162, -0.9311, -0.2939]
      d = +2.1990   mirror_depth(perp) = 2.1990 m   view_z = 7.0926 m
      n_inliers = 20351/165177   rms_residual = 0.05085 m

[save] D:\Users\dust\Documents\학교\2026년도1학기\컴퓨터비전\실습\FoundationStereo\experiments\ds_v2_seed1/scandinavian_v49\mirror_geometry\result.json
[save] D:\Users\dust\Documents\학교\2026년도1학기\컴퓨터비전\실습\FoundationStereo\experiments\ds_v2_seed1/scandinavian_v49\mirror_geometry\plane.txt
[save] D:\Users\dust\Documents\학교\2026년도1학기\컴퓨터비전\실습\FoundationStereo\experiments\ds_v2_seed1/scandinavian_v49\mirror_geometry\viz.png

DONE: D:\Users\dust\Documents\학교\2026년도1학기\컴퓨터비전\실습\FoundationStereo\experiments\ds_v2_seed1/scandinavian_v49\mirror_geometry
[ds_v2_seed1/scandinavian_v49] 거울 점 165177개 중 inlier 73214 (44.3%) / outlier 91963
  normal=[-0.227  0.17  -0.959] d=8.220  rms(inlier)=0.0338 m  thr≈0.088 m
[save] D:\Users\dust\Documents\학교\2026년도1학기\컴퓨터비전\실습\FoundationStereo\experiments\ds_v2_seed1/scandinavian_v49\mirror_geometry\ransac_inliers.png
[gt] scandinavian_v49             perp 3.88m planRMS 0.1797m  normal [-0.411, 0.135, -0.902]

생성 1, 건너뜀 0 (depth_gt/mask 없음 등)
[ds_v2_seed1/scandinavian_v49] feature 184x320  mirror_frac=0.17939877717391303  feat_left=True
rank  signal              AUC    pol  sep     mean_in     mean_out
  1  feat_left_l2       0.7831   +  0.4659   19.363743   15.822929
  2  delta_argdisp      0.6257   -   0.202    42.75187   55.703334
  3  post_entropy       0.6079   -  0.2479    0.741475    0.843097
  4  post_conf          0.5484   +   0.103     0.65938    0.634495
  5  delta_conf         0.5233   +  0.0503    0.228093    0.202075
  6  feat_left_pc2      0.5216   -  0.0207    2.468518    2.549549
  7  feat_left_pc1      0.5206   -  0.0109    2.682837    2.738472
  8  pre_entropy        0.5168   -  0.0581    1.747416    1.838469
  9  feat_left_pc3      0.5167   +  0.0485    1.948216    1.790777
 10  delta_entropy      0.5153   -  0.0064   -1.005941   -0.995371
 11  pre_conf            0.501   +  0.0025    0.431287    0.432421
BEST: feat_left_l2 (AUC=0.7831, polarity=+)
저장: D:\Users\dust\Documents\학교\2026년도1학기\컴퓨터비전\실습\FoundationStereo\experiments\ds_v2_seed1/scandinavian_v49\features\report.json / panels.png / mirror_signal.npy
[device] cuda
  [train] epoch 60/300  loss=0.4544
  [train] epoch 120/300  loss=0.2851
  [train] epoch 180/300  loss=0.2067
  [train] epoch 240/300  loss=0.1562
  [train] epoch 300/300  loss=0.1220

[VAL] scene=ds_v2_seed1/scandinavian_v49  (pixel 70/30 split)
  AUC      = 0.9939
  IoU@0.5  = 0.8145
  F1@0.5   = 0.8978
  accuracy = 0.9604  (prec=0.8324, rec=0.9743)
  tp=3074 fp=619 fn=81 tn=13890

[save] D:\Users\dust\Documents\학교\2026년도1학기\컴퓨터비전\실습\FoundationStereo\experiments\ds_v2_seed1/scandinavian_v49\submodel
  pred_mask.png, panel.png, metrics.json, head.pt
DONE: D:\Users\dust\Documents\학교\2026년도1학기\컴퓨터비전\실습\FoundationStereo\experiments\ds_v2_seed1/scandinavian_v49\submodel
[device] cuda
[load] D:\Users\dust\Documents\학교\2026년도1학기\컴퓨터비전\실습\FoundationStereo\experiments\_model\general_head.pt  (train_scenes=['archiviz_baseline080', 'bedroom_baseline080', 'blue_bathroom_baseline080', 'computer_room_baseline080', 'cozy_living_room_baseline080', 'flat-archiviz_baseline080', 'green_house_baseline080', 'gym_baseline080', 'livingroom_baseline080', 'minimal_interior_baseline080', 'scandinavian_baseline080', 'sunlight_baseline080'])

[APPLY] ds_v2_seed1/scandinavian_v49  (저장모델로 새 데이터 평가)
  AUC      = 0.8973
  IoU@0.5  = 0.4312
  F1@0.5   = 0.6026
  accuracy = 0.8815  (prec=0.7562, rec=0.5009)
  tp=5291 fp=1706 fn=5272 tn=46611
[save] D:\Users\dust\Documents\학교\2026년도1학기\컴퓨터비전\실습\FoundationStereo\experiments\ds_v2_seed1/scandinavian_v49\submodel_applied  (pred_mask.png, panel.png, metrics.json)

============================================================
STEP: estimate_mirror_plane
============================================================

============================================================
STEP: viz_ransac_inliers
============================================================

============================================================
STEP: make_mirror_gt_from_depth
============================================================

============================================================
STEP: analyze_features
============================================================

============================================================
STEP: submodel_head
============================================================

============================================================
STEP: apply_submodel
============================================================

DONE: D:\Users\dust\Documents\학교\2026년도1학기\컴퓨터비전\실습\FoundationStereo\experiments\ds_v2_seed1/scandinavian_v49 (ok)

##### [116/131] ds_v2_seed1/scandinavian_v50  (done 31, fail 0, skip 84, elapsed 18m, ETA 10m) #####
[scene] ds_v2_seed1/scandinavian_v50  size=1280x720
[select] mirror 점 개수 = 149636  (mask=149636, valid&depth = 898912)
[conf] mirror 영역 평균 confidence = 0.6503

=== 평면 추정 결과 ===
  [PCA (closed form)]
      normal = [+0.0399, -0.9044, -0.4249]
      d = +1.8787   mirror_depth(perp) = 1.8787 m   view_z = 7.2102 m
      n_inliers = 149636/149636   rms_residual = 0.53278 m
  [RANSAC]
      normal = [+0.0031, +0.1988, -0.9800]
      d = +8.4426   mirror_depth(perp) = 8.4426 m   view_z = 7.2102 m
      n_inliers = 75720/149636   rms_residual = 0.02769 m
  [SVD robust (IRLS)]
      normal = [+0.0062, -0.9011, -0.4336]
      d = +1.8772   mirror_depth(perp) = 1.8772 m   view_z = 7.2102 m
      n_inliers = 18673/149636   rms_residual = 0.04705 m

[save] D:\Users\dust\Documents\학교\2026년도1학기\컴퓨터비전\실습\FoundationStereo\experiments\ds_v2_seed1/scandinavian_v50\mirror_geometry\result.json
[save] D:\Users\dust\Documents\학교\2026년도1학기\컴퓨터비전\실습\FoundationStereo\experiments\ds_v2_seed1/scandinavian_v50\mirror_geometry\plane.txt
[save] D:\Users\dust\Documents\학교\2026년도1학기\컴퓨터비전\실습\FoundationStereo\experiments\ds_v2_seed1/scandinavian_v50\mirror_geometry\viz.png

DONE: D:\Users\dust\Documents\학교\2026년도1학기\컴퓨터비전\실습\FoundationStereo\experiments\ds_v2_seed1/scandinavian_v50\mirror_geometry
[ds_v2_seed1/scandinavian_v50] 거울 점 149636개 중 inlier 75720 (50.6%) / outlier 73916
  normal=[ 0.003  0.199 -0.98 ] d=8.443  rms(inlier)=0.0277 m  thr≈0.081 m
[save] D:\Users\dust\Documents\학교\2026년도1학기\컴퓨터비전\실습\FoundationStereo\experiments\ds_v2_seed1/scandinavian_v50\mirror_geometry\ransac_inliers.png
[gt] scandinavian_v50             perp 4.04m planRMS 0.2519m  normal [-0.169, 0.284, -0.944]

생성 1, 건너뜀 0 (depth_gt/mask 없음 등)
[ds_v2_seed1/scandinavian_v50] feature 184x320  mirror_frac=0.16331521739130433  feat_left=True
rank  signal              AUC    pol  sep     mean_in     mean_out
  1  feat_left_l2       0.7079   +  0.3655   18.907203   16.316766
  2  delta_argdisp      0.6111   -  0.1866   41.853681   53.263377
  3  pre_entropy        0.5461   -  0.1136    1.770681    1.944769
  4  delta_entropy      0.5425   +  0.1003     -0.9992   -1.160986
  5  post_entropy       0.5331   +  0.0276     0.77148    0.783783
  6  pre_conf           0.5297   +   0.053    0.424158      0.4016
  7  delta_conf         0.5199   -  0.0383      0.2253    0.244323
  8  feat_left_pc3      0.5173   +  0.0852    2.006105    1.737864
  9  post_conf          0.5095   +  0.0142    0.649458    0.645923
 10  feat_left_pc1      0.5036   +  0.0002    2.575896    2.576585
 11  feat_left_pc2       0.501   -  0.0092    2.343818    2.378402
BEST: feat_left_l2 (AUC=0.7079, polarity=+)
저장: D:\Users\dust\Documents\학교\2026년도1학기\컴퓨터비전\실습\FoundationStereo\experiments\ds_v2_seed1/scandinavian_v50\features\report.json / panels.png / mirror_signal.npy
[device] cuda
  [train] epoch 60/300  loss=0.4643
  [train] epoch 120/300  loss=0.2662
  [train] epoch 180/300  loss=0.1763
  [train] epoch 240/300  loss=0.1257
  [train] epoch 300/300  loss=0.0938

[VAL] scene=ds_v2_seed1/scandinavian_v50  (pixel 70/30 split)
  AUC      = 0.9958
  IoU@0.5  = 0.8551
  F1@0.5   = 0.9219
  accuracy = 0.9731  (prec=0.8694, rec=0.9811)
  tp=2803 fp=421 fn=54 tn=14386

[save] D:\Users\dust\Documents\학교\2026년도1학기\컴퓨터비전\실습\FoundationStereo\experiments\ds_v2_seed1/scandinavian_v50\submodel
  pred_mask.png, panel.png, metrics.json, head.pt
DONE: D:\Users\dust\Documents\학교\2026년도1학기\컴퓨터비전\실습\FoundationStereo\experiments\ds_v2_seed1/scandinavian_v50\submodel
[device] cuda
[load] D:\Users\dust\Documents\학교\2026년도1학기\컴퓨터비전\실습\FoundationStereo\experiments\_model\general_head.pt  (train_scenes=['archiviz_baseline080', 'bedroom_baseline080', 'blue_bathroom_baseline080', 'computer_room_baseline080', 'cozy_living_room_baseline080', 'flat-archiviz_baseline080', 'green_house_baseline080', 'gym_baseline080', 'livingroom_baseline080', 'minimal_interior_baseline080', 'scandinavian_baseline080', 'sunlight_baseline080'])

[APPLY] ds_v2_seed1/scandinavian_v50  (저장모델로 새 데이터 평가)
  AUC      = 0.9582
  IoU@0.5  = 0.6076
  F1@0.5   = 0.7559
  accuracy = 0.9329  (prec=0.9303, rec=0.6366)
  tp=6122 fp=459 fn=3494 tn=48805
[save] D:\Users\dust\Documents\학교\2026년도1학기\컴퓨터비전\실습\FoundationStereo\experiments\ds_v2_seed1/scandinavian_v50\submodel_applied  (pred_mask.png, panel.png, metrics.json)

============================================================
STEP: estimate_mirror_plane
============================================================

============================================================
STEP: viz_ransac_inliers
============================================================

============================================================
STEP: make_mirror_gt_from_depth
============================================================

============================================================
STEP: analyze_features
============================================================

============================================================
STEP: submodel_head
============================================================

============================================================
STEP: apply_submodel
============================================================

DONE: D:\Users\dust\Documents\학교\2026년도1학기\컴퓨터비전\실습\FoundationStereo\experiments\ds_v2_seed1/scandinavian_v50 (ok)

##### [117/131] ds_v2_seed1/scandinavian_v51  (done 32, fail 0, skip 84, elapsed 19m, ETA 9m) #####
[scene] ds_v2_seed1/scandinavian_v51  size=1280x720
[select] mirror 점 개수 = 172956  (mask=172956, valid&depth = 897600)
[conf] mirror 영역 평균 confidence = 0.6479

=== 평면 추정 결과 ===
  [PCA (closed form)]
      normal = [-0.0462, -0.8768, -0.4786]
      d = +2.1881   mirror_depth(perp) = 2.1881 m   view_z = 6.7910 m
      n_inliers = 172956/172956   rms_residual = 0.48827 m
  [RANSAC]
      normal = [-0.1155, +0.1258, -0.9853]
      d = +7.9721   mirror_depth(perp) = 7.9721 m   view_z = 6.7910 m
      n_inliers = 82136/172956   rms_residual = 0.03075 m
  [SVD robust (IRLS)]
      normal = [-0.1168, -0.8733, -0.4729]
      d = +2.1123   mirror_depth(perp) = 2.1123 m   view_z = 6.7910 m
      n_inliers = 20732/172956   rms_residual = 0.04864 m

[save] D:\Users\dust\Documents\학교\2026년도1학기\컴퓨터비전\실습\FoundationStereo\experiments\ds_v2_seed1/scandinavian_v51\mirror_geometry\result.json
[save] D:\Users\dust\Documents\학교\2026년도1학기\컴퓨터비전\실습\FoundationStereo\experiments\ds_v2_seed1/scandinavian_v51\mirror_geometry\plane.txt
[save] D:\Users\dust\Documents\학교\2026년도1학기\컴퓨터비전\실습\FoundationStereo\experiments\ds_v2_seed1/scandinavian_v51\mirror_geometry\viz.png

DONE: D:\Users\dust\Documents\학교\2026년도1학기\컴퓨터비전\실습\FoundationStereo\experiments\ds_v2_seed1/scandinavian_v51\mirror_geometry
[ds_v2_seed1/scandinavian_v51] 거울 점 172956개 중 inlier 82136 (47.5%) / outlier 90820
  normal=[-0.115  0.126 -0.985] d=7.972  rms(inlier)=0.0308 m  thr≈0.085 m
[save] D:\Users\dust\Documents\학교\2026년도1학기\컴퓨터비전\실습\FoundationStereo\experiments\ds_v2_seed1/scandinavian_v51\mirror_geometry\ransac_inliers.png
[gt] scandinavian_v51             perp 3.58m planRMS 0.1757m  normal [-0.342, 0.278, -0.898]

생성 1, 건너뜀 0 (depth_gt/mask 없음 등)
[ds_v2_seed1/scandinavian_v51] feature 184x320  mirror_frac=0.1887398097826087  feat_left=True
rank  signal              AUC    pol  sep     mean_in     mean_out
  1  feat_left_l2       0.6991   +  0.3567   18.749131   16.193611
  2  feat_left_pc3      0.5702   +   0.184    2.280601    1.674159
  3  delta_entropy      0.5611   +  0.1422   -1.050069   -1.270927
  4  pre_entropy         0.555   -  0.1329    1.807331    2.011624
  5  post_entropy       0.5491   +   0.046    0.757263    0.740696
  6  delta_conf         0.5447   -  0.0932    0.231369    0.274844
  7  delta_argdisp      0.5398   -  0.0473   46.488617    49.44805
  8  post_conf          0.5338   -  0.0706    0.647894    0.664332
  9  pre_conf           0.5294   +  0.0644    0.416525    0.389488
 10  feat_left_pc1      0.5189   +  0.0431    2.699355    2.499325
 11  feat_left_pc2      0.5056   +  0.0126    2.363492    2.314885
BEST: feat_left_l2 (AUC=0.6991, polarity=+)
저장: D:\Users\dust\Documents\학교\2026년도1학기\컴퓨터비전\실습\FoundationStereo\experiments\ds_v2_seed1/scandinavian_v51\features\report.json / panels.png / mirror_signal.npy
[device] cuda
  [train] epoch 60/300  loss=0.4611
  [train] epoch 120/300  loss=0.2801
  [train] epoch 180/300  loss=0.1907
  [train] epoch 240/300  loss=0.1358
  [train] epoch 300/300  loss=0.1004

[VAL] scene=ds_v2_seed1/scandinavian_v51  (pixel 70/30 split)
  AUC      = 0.9959
  IoU@0.5  = 0.8628
  F1@0.5   = 0.9263
  accuracy = 0.9708  (prec=0.8830, rec=0.9741)
  tp=3238 fp=429 fn=86 tn=13911

[save] D:\Users\dust\Documents\학교\2026년도1학기\컴퓨터비전\실습\FoundationStereo\experiments\ds_v2_seed1/scandinavian_v51\submodel
  pred_mask.png, panel.png, metrics.json, head.pt
DONE: D:\Users\dust\Documents\학교\2026년도1학기\컴퓨터비전\실습\FoundationStereo\experiments\ds_v2_seed1/scandinavian_v51\submodel
[device] cuda
[load] D:\Users\dust\Documents\학교\2026년도1학기\컴퓨터비전\실습\FoundationStereo\experiments\_model\general_head.pt  (train_scenes=['archiviz_baseline080', 'bedroom_baseline080', 'blue_bathroom_baseline080', 'computer_room_baseline080', 'cozy_living_room_baseline080', 'flat-archiviz_baseline080', 'green_house_baseline080', 'gym_baseline080', 'livingroom_baseline080', 'minimal_interior_baseline080', 'scandinavian_baseline080', 'sunlight_baseline080'])

[APPLY] ds_v2_seed1/scandinavian_v51  (저장모델로 새 데이터 평가)
  AUC      = 0.9715
  IoU@0.5  = 0.5743
  F1@0.5   = 0.7296
  accuracy = 0.9177  (prec=0.9612, rec=0.5880)
  tp=6534 fp=264 fn=4579 tn=47503
[save] D:\Users\dust\Documents\학교\2026년도1학기\컴퓨터비전\실습\FoundationStereo\experiments\ds_v2_seed1/scandinavian_v51\submodel_applied  (pred_mask.png, panel.png, metrics.json)

============================================================
STEP: estimate_mirror_plane
============================================================

============================================================
STEP: viz_ransac_inliers
============================================================

============================================================
STEP: make_mirror_gt_from_depth
============================================================

============================================================
STEP: analyze_features
============================================================

============================================================
STEP: submodel_head
============================================================

============================================================
STEP: apply_submodel
============================================================

DONE: D:\Users\dust\Documents\학교\2026년도1학기\컴퓨터비전\실습\FoundationStereo\experiments\ds_v2_seed1/scandinavian_v51 (ok)

##### [118/131] ds_v2_seed1/scandinavian_v52  (done 33, fail 0, skip 84, elapsed 20m, ETA 8m) #####
[scene] ds_v2_seed1/scandinavian_v52  size=1280x720
[select] mirror 점 개수 = 134971  (mask=134971, valid&depth = 904802)
[conf] mirror 영역 평균 confidence = 0.6681

=== 평면 추정 결과 ===
  [PCA (closed form)]
      normal = [-0.0469, -0.8845, -0.4642]
      d = +2.0694   mirror_depth(perp) = 2.0694 m   view_z = 6.9951 m
      n_inliers = 134971/134971   rms_residual = 0.43992 m
  [RANSAC]
      normal = [-0.1590, +0.3104, -0.9372]
      d = +8.4429   mirror_depth(perp) = 8.4429 m   view_z = 6.9951 m
      n_inliers = 54871/134971   rms_residual = 0.02996 m
  [SVD robust (IRLS)]
      normal = [-0.1201, -0.8859, -0.4480]
      d = +1.9612   mirror_depth(perp) = 1.9612 m   view_z = 6.9951 m
      n_inliers = 18864/134971   rms_residual = 0.05054 m

[save] D:\Users\dust\Documents\학교\2026년도1학기\컴퓨터비전\실습\FoundationStereo\experiments\ds_v2_seed1/scandinavian_v52\mirror_geometry\result.json
[save] D:\Users\dust\Documents\학교\2026년도1학기\컴퓨터비전\실습\FoundationStereo\experiments\ds_v2_seed1/scandinavian_v52\mirror_geometry\plane.txt
[save] D:\Users\dust\Documents\학교\2026년도1학기\컴퓨터비전\실습\FoundationStereo\experiments\ds_v2_seed1/scandinavian_v52\mirror_geometry\viz.png

DONE: D:\Users\dust\Documents\학교\2026년도1학기\컴퓨터비전\실습\FoundationStereo\experiments\ds_v2_seed1/scandinavian_v52\mirror_geometry
[ds_v2_seed1/scandinavian_v52] 거울 점 134971개 중 inlier 54871 (40.7%) / outlier 80100
  normal=[-0.159  0.31  -0.937] d=8.443  rms(inlier)=0.0300 m  thr≈0.088 m
[save] D:\Users\dust\Documents\학교\2026년도1학기\컴퓨터비전\실습\FoundationStereo\experiments\ds_v2_seed1/scandinavian_v52\mirror_geometry\ransac_inliers.png
[gt] scandinavian_v52             perp 4.04m planRMS 0.1906m  normal [-0.435, 0.325, -0.84]

생성 1, 건너뜀 0 (depth_gt/mask 없음 등)
[ds_v2_seed1/scandinavian_v52] feature 184x320  mirror_frac=0.14729959239130436  feat_left=True
rank  signal              AUC    pol  sep     mean_in     mean_out
  1  feat_left_l2       0.6375   +    0.25   18.165667   16.665611
  2  post_entropy       0.6038   +  0.1465    0.741986    0.693341
  3  feat_left_pc2      0.5751   -  0.1115    1.950443    2.321532
  4  delta_argdisp      0.5616   -  0.0873   42.305431   47.954548
  5  feat_left_pc1      0.5554   -  0.1086    2.332192    2.707874
  6  post_conf          0.5492   -  0.0866      0.6682    0.688093
  7  pre_conf           0.5281   -  0.0363    0.406461    0.422316
  8  feat_left_pc3      0.5277   +  0.0847    1.962149    1.710952
  9  pre_entropy        0.5154   +  0.0064    1.878125    1.888126
 10  delta_entropy      0.5028   +  0.0368   -1.136139   -1.194785
 11  delta_conf         0.5001   +  0.0083    0.261739    0.265776
BEST: feat_left_l2 (AUC=0.6375, polarity=+)
저장: D:\Users\dust\Documents\학교\2026년도1학기\컴퓨터비전\실습\FoundationStereo\experiments\ds_v2_seed1/scandinavian_v52\features\report.json / panels.png / mirror_signal.npy
[device] cuda
  [train] epoch 60/300  loss=0.5492
  [train] epoch 120/300  loss=0.3377
  [train] epoch 180/300  loss=0.2318
  [train] epoch 240/300  loss=0.1662
  [train] epoch 300/300  loss=0.1235

[VAL] scene=ds_v2_seed1/scandinavian_v52  (pixel 70/30 split)
  AUC      = 0.9939
  IoU@0.5  = 0.7952
  F1@0.5   = 0.8859
  accuracy = 0.9635  (prec=0.8192, rec=0.9645)
  tp=2501 fp=552 fn=92 tn=14519

[save] D:\Users\dust\Documents\학교\2026년도1학기\컴퓨터비전\실습\FoundationStereo\experiments\ds_v2_seed1/scandinavian_v52\submodel
  pred_mask.png, panel.png, metrics.json, head.pt
DONE: D:\Users\dust\Documents\학교\2026년도1학기\컴퓨터비전\실습\FoundationStereo\experiments\ds_v2_seed1/scandinavian_v52\submodel
[device] cuda
[load] D:\Users\dust\Documents\학교\2026년도1학기\컴퓨터비전\실습\FoundationStereo\experiments\_model\general_head.pt  (train_scenes=['archiviz_baseline080', 'bedroom_baseline080', 'blue_bathroom_baseline080', 'computer_room_baseline080', 'cozy_living_room_baseline080', 'flat-archiviz_baseline080', 'green_house_baseline080', 'gym_baseline080', 'livingroom_baseline080', 'minimal_interior_baseline080', 'scandinavian_baseline080', 'sunlight_baseline080'])

[APPLY] ds_v2_seed1/scandinavian_v52  (저장모델로 새 데이터 평가)
  AUC      = 0.9285
  IoU@0.5  = 0.4436
  F1@0.5   = 0.6146
  accuracy = 0.9025  (prec=0.7356, rec=0.5277)
  tp=4577 fp=1645 fn=4096 tn=48562
[save] D:\Users\dust\Documents\학교\2026년도1학기\컴퓨터비전\실습\FoundationStereo\experiments\ds_v2_seed1/scandinavian_v52\submodel_applied  (pred_mask.png, panel.png, metrics.json)

============================================================
STEP: estimate_mirror_plane
============================================================

============================================================
STEP: viz_ransac_inliers
============================================================

============================================================
STEP: make_mirror_gt_from_depth
============================================================

============================================================
STEP: analyze_features
============================================================

============================================================
STEP: submodel_head
============================================================

============================================================
STEP: apply_submodel
============================================================

DONE: D:\Users\dust\Documents\학교\2026년도1학기\컴퓨터비전\실습\FoundationStereo\experiments\ds_v2_seed1/scandinavian_v52 (ok)

##### [119/131] ds_v2_seed1/scandinavian_v53  (done 34, fail 0, skip 84, elapsed 20m, ETA 8m) #####
[scene] ds_v2_seed1/scandinavian_v53  size=1280x720
[select] mirror 점 개수 = 145526  (mask=145526, valid&depth = 903953)
[conf] mirror 영역 평균 confidence = 0.6772

=== 평면 추정 결과 ===
  [PCA (closed form)]
      normal = [-0.0474, -0.9764, -0.2109]
      d = +2.0437   mirror_depth(perp) = 2.0437 m   view_z = 7.3412 m
      n_inliers = 145526/145526   rms_residual = 0.55695 m
  [RANSAC]
      normal = [-0.1047, +0.0105, -0.9944]
      d = +8.5323   mirror_depth(perp) = 8.5323 m   view_z = 7.3412 m
      n_inliers = 62712/145526   rms_residual = 0.03218 m
  [SVD robust (IRLS)]
      normal = [-0.0640, -0.9755, -0.2105]
      d = +2.0002   mirror_depth(perp) = 2.0002 m   view_z = 7.3412 m
      n_inliers = 21916/145526   rms_residual = 0.04737 m

[save] D:\Users\dust\Documents\학교\2026년도1학기\컴퓨터비전\실습\FoundationStereo\experiments\ds_v2_seed1/scandinavian_v53\mirror_geometry\result.json
[save] D:\Users\dust\Documents\학교\2026년도1학기\컴퓨터비전\실습\FoundationStereo\experiments\ds_v2_seed1/scandinavian_v53\mirror_geometry\plane.txt
[save] D:\Users\dust\Documents\학교\2026년도1학기\컴퓨터비전\실습\FoundationStereo\experiments\ds_v2_seed1/scandinavian_v53\mirror_geometry\viz.png

DONE: D:\Users\dust\Documents\학교\2026년도1학기\컴퓨터비전\실습\FoundationStereo\experiments\ds_v2_seed1/scandinavian_v53\mirror_geometry
[ds_v2_seed1/scandinavian_v53] 거울 점 145526개 중 inlier 62712 (43.1%) / outlier 82814
  normal=[-0.105  0.01  -0.994] d=8.532  rms(inlier)=0.0322 m  thr≈0.082 m
[save] D:\Users\dust\Documents\학교\2026년도1학기\컴퓨터비전\실습\FoundationStereo\experiments\ds_v2_seed1/scandinavian_v53\mirror_geometry\ransac_inliers.png
[gt] scandinavian_v53             perp 4.16m planRMS 0.2479m  normal [-0.242, 0.068, -0.968]

생성 1, 건너뜀 0 (depth_gt/mask 없음 등)
[ds_v2_seed1/scandinavian_v53] feature 184x320  mirror_frac=0.15803328804347827  feat_left=True
rank  signal              AUC    pol  sep     mean_in     mean_out
  1  feat_left_l2       0.8385   +   0.572   20.289013    15.48811
  2  post_entropy       0.7768   -  0.5183    0.724311    0.949412
  3  delta_argdisp      0.7067   -  0.3682   37.727028   59.914776
  4  post_conf          0.7011   +  0.3789     0.67638    0.586434
  5  delta_conf         0.5943   +  0.1676    0.239169        0.15
  6  delta_entropy      0.5608   -  0.0929   -0.997043   -0.843605
  7  feat_left_pc3      0.5559   +  0.1159    2.223679    1.833591
  8  feat_left_pc1      0.5316   +  0.0839    3.197414    2.701612
  9  feat_left_pc2      0.5209   -  0.0041     2.66375    2.646875
 10  pre_entropy        0.5138   -  0.0457    1.721355    1.793017
 11  pre_conf           0.5065   +  0.0017    0.437212    0.436435
BEST: feat_left_l2 (AUC=0.8385, polarity=+)
저장: D:\Users\dust\Documents\학교\2026년도1학기\컴퓨터비전\실습\FoundationStereo\experiments\ds_v2_seed1/scandinavian_v53\features\report.json / panels.png / mirror_signal.npy
[device] cuda
  [train] epoch 60/300  loss=0.3787
  [train] epoch 120/300  loss=0.2279
  [train] epoch 180/300  loss=0.1582
  [train] epoch 240/300  loss=0.1172
  [train] epoch 300/300  loss=0.0903

[VAL] scene=ds_v2_seed1/scandinavian_v53  (pixel 70/30 split)
  AUC      = 0.9973
  IoU@0.5  = 0.8657
  F1@0.5   = 0.9280
  accuracy = 0.9761  (prec=0.8752, rec=0.9877)
  tp=2727 fp=389 fn=34 tn=14514

[save] D:\Users\dust\Documents\학교\2026년도1학기\컴퓨터비전\실습\FoundationStereo\experiments\ds_v2_seed1/scandinavian_v53\submodel
  pred_mask.png, panel.png, metrics.json, head.pt
DONE: D:\Users\dust\Documents\학교\2026년도1학기\컴퓨터비전\실습\FoundationStereo\experiments\ds_v2_seed1/scandinavian_v53\submodel
[device] cuda
[load] D:\Users\dust\Documents\학교\2026년도1학기\컴퓨터비전\실습\FoundationStereo\experiments\_model\general_head.pt  (train_scenes=['archiviz_baseline080', 'bedroom_baseline080', 'blue_bathroom_baseline080', 'computer_room_baseline080', 'cozy_living_room_baseline080', 'flat-archiviz_baseline080', 'green_house_baseline080', 'gym_baseline080', 'livingroom_baseline080', 'minimal_interior_baseline080', 'scandinavian_baseline080', 'sunlight_baseline080'])

[APPLY] ds_v2_seed1/scandinavian_v53  (저장모델로 새 데이터 평가)
  AUC      = 0.8977
  IoU@0.5  = 0.4552
  F1@0.5   = 0.6257
  accuracy = 0.9071  (prec=0.8610, rec=0.4913)
  tp=4572 fp=738 fn=4733 tn=48837
[save] D:\Users\dust\Documents\학교\2026년도1학기\컴퓨터비전\실습\FoundationStereo\experiments\ds_v2_seed1/scandinavian_v53\submodel_applied  (pred_mask.png, panel.png, metrics.json)

============================================================
STEP: estimate_mirror_plane
============================================================

============================================================
STEP: viz_ransac_inliers
============================================================

============================================================
STEP: make_mirror_gt_from_depth
============================================================

============================================================
STEP: analyze_features
============================================================

============================================================
STEP: submodel_head
============================================================

============================================================
STEP: apply_submodel
============================================================

DONE: D:\Users\dust\Documents\학교\2026년도1학기\컴퓨터비전\실습\FoundationStereo\experiments\ds_v2_seed1/scandinavian_v53 (ok)

##### [120/131] ds_v2_seed1/scandinavian_v54  (done 35, fail 0, skip 84, elapsed 21m, ETA 7m) #####
[scene] ds_v2_seed1/scandinavian_v54  size=1280x720
[select] mirror 점 개수 = 147368  (mask=147368, valid&depth = 900352)
[conf] mirror 영역 평균 confidence = 0.6695

=== 평면 추정 결과 ===
  [PCA (closed form)]
      normal = [+0.1748, -0.9584, -0.2255]
      d = +1.1286   mirror_depth(perp) = 1.1286 m   view_z = 7.2929 m
      n_inliers = 147368/147368   rms_residual = 0.61378 m
  [RANSAC]
      normal = [-0.1381, +0.1322, -0.9816]
      d = +8.3903   mirror_depth(perp) = 8.3903 m   view_z = 7.2929 m
      n_inliers = 64085/147368   rms_residual = 0.04133 m
  [SVD robust (IRLS)]
      normal = [+0.1165, -0.9539, -0.2764]
      d = +1.5083   mirror_depth(perp) = 1.5083 m   view_z = 7.2929 m
      n_inliers = 21527/147368   rms_residual = 0.05702 m

[save] D:\Users\dust\Documents\학교\2026년도1학기\컴퓨터비전\실습\FoundationStereo\experiments\ds_v2_seed1/scandinavian_v54\mirror_geometry\result.json
[save] D:\Users\dust\Documents\학교\2026년도1학기\컴퓨터비전\실습\FoundationStereo\experiments\ds_v2_seed1/scandinavian_v54\mirror_geometry\plane.txt
[save] D:\Users\dust\Documents\학교\2026년도1학기\컴퓨터비전\실습\FoundationStereo\experiments\ds_v2_seed1/scandinavian_v54\mirror_geometry\viz.png

DONE: D:\Users\dust\Documents\학교\2026년도1학기\컴퓨터비전\실습\FoundationStereo\experiments\ds_v2_seed1/scandinavian_v54\mirror_geometry
[ds_v2_seed1/scandinavian_v54] 거울 점 147368개 중 inlier 64085 (43.5%) / outlier 83283
  normal=[-0.138  0.132 -0.982] d=8.390  rms(inlier)=0.0413 m  thr≈0.103 m
[save] D:\Users\dust\Documents\학교\2026년도1학기\컴퓨터비전\실습\FoundationStereo\experiments\ds_v2_seed1/scandinavian_v54\mirror_geometry\ransac_inliers.png
[gt] scandinavian_v54             perp 4.09m planRMS 0.2587m  normal [-0.243, 0.142, -0.96]

생성 1, 건너뜀 0 (depth_gt/mask 없음 등)
[ds_v2_seed1/scandinavian_v54] feature 184x320  mirror_frac=0.1600883152173913  feat_left=True
rank  signal              AUC    pol  sep     mean_in     mean_out
  1  feat_left_l2       0.7421   +  0.4166   19.196056   16.027274
  2  delta_argdisp      0.6264   -  0.2093   43.299385   56.251506
  3  post_entropy       0.5898   -  0.1977    0.734837    0.811096
  4  pre_entropy        0.5596   -  0.1382    1.752923    1.966272
  5  post_conf          0.5564   +  0.1033    0.668828    0.644497
  6  pre_conf           0.5367   +  0.0611    0.420529    0.394432
  7  delta_entropy      0.5304   +  0.0854   -1.018086   -1.155176
  8  feat_left_pc2      0.5278   +  0.0646    2.677828    2.423922
  9  feat_left_pc3      0.5253   +  0.0824    2.131498    1.868451
 10  feat_left_pc1      0.5213   +  0.0727    2.965123     2.58057
 11  delta_conf          0.502   +  0.0036      0.2483    0.250064
BEST: feat_left_l2 (AUC=0.7421, polarity=+)
저장: D:\Users\dust\Documents\학교\2026년도1학기\컴퓨터비전\실습\FoundationStereo\experiments\ds_v2_seed1/scandinavian_v54\features\report.json / panels.png / mirror_signal.npy
[device] cuda
  [train] epoch 60/300  loss=0.4873
  [train] epoch 120/300  loss=0.2954
  [train] epoch 180/300  loss=0.1982
  [train] epoch 240/300  loss=0.1396
  [train] epoch 300/300  loss=0.1022

[VAL] scene=ds_v2_seed1/scandinavian_v54  (pixel 70/30 split)
  AUC      = 0.9970
  IoU@0.5  = 0.8742
  F1@0.5   = 0.9329
  accuracy = 0.9776  (prec=0.8898, rec=0.9804)
  tp=2752 fp=341 fn=55 tn=14516

[save] D:\Users\dust\Documents\학교\2026년도1학기\컴퓨터비전\실습\FoundationStereo\experiments\ds_v2_seed1/scandinavian_v54\submodel
  pred_mask.png, panel.png, metrics.json, head.pt
DONE: D:\Users\dust\Documents\학교\2026년도1학기\컴퓨터비전\실습\FoundationStereo\experiments\ds_v2_seed1/scandinavian_v54\submodel
[device] cuda
[load] D:\Users\dust\Documents\학교\2026년도1학기\컴퓨터비전\실습\FoundationStereo\experiments\_model\general_head.pt  (train_scenes=['archiviz_baseline080', 'bedroom_baseline080', 'blue_bathroom_baseline080', 'computer_room_baseline080', 'cozy_living_room_baseline080', 'flat-archiviz_baseline080', 'green_house_baseline080', 'gym_baseline080', 'livingroom_baseline080', 'minimal_interior_baseline080', 'scandinavian_baseline080', 'sunlight_baseline080'])

[APPLY] ds_v2_seed1/scandinavian_v54  (저장모델로 새 데이터 평가)
  AUC      = 0.9216
  IoU@0.5  = 0.4897
  F1@0.5   = 0.6575
  accuracy = 0.9136  (prec=0.9002, rec=0.5178)
  tp=4881 fp=541 fn=4545 tn=48913
[save] D:\Users\dust\Documents\학교\2026년도1학기\컴퓨터비전\실습\FoundationStereo\experiments\ds_v2_seed1/scandinavian_v54\submodel_applied  (pred_mask.png, panel.png, metrics.json)

============================================================
STEP: estimate_mirror_plane
============================================================

============================================================
STEP: viz_ransac_inliers
============================================================

============================================================
STEP: make_mirror_gt_from_depth
============================================================

============================================================
STEP: analyze_features
============================================================

============================================================
STEP: submodel_head
============================================================

============================================================
STEP: apply_submodel
============================================================

DONE: D:\Users\dust\Documents\학교\2026년도1학기\컴퓨터비전\실습\FoundationStereo\experiments\ds_v2_seed1/scandinavian_v54 (ok)

##### [121/131] ds_v2_seed1/scandinavian_v55  (done 36, fail 0, skip 84, elapsed 22m, ETA 7m) #####
[scene] ds_v2_seed1/scandinavian_v55  size=1280x720
[select] mirror 점 개수 = 169504  (mask=169504, valid&depth = 911433)
[conf] mirror 영역 평균 confidence = 0.6632

=== 평면 추정 결과 ===
  [PCA (closed form)]
      normal = [-0.1657, -0.9629, -0.2132]
      d = +2.0567   mirror_depth(perp) = 2.0567 m   view_z = 6.6939 m
      n_inliers = 169504/169504   rms_residual = 0.55611 m
  [RANSAC]
      normal = [-0.5009, +0.0471, -0.8642]
      d = +8.2531   mirror_depth(perp) = 8.2531 m   view_z = 6.6939 m
      n_inliers = 79036/169504   rms_residual = 0.02681 m
  [SVD robust (IRLS)]
      normal = [-0.2511, -0.9516, -0.1773]
      d = +1.9937   mirror_depth(perp) = 1.9937 m   view_z = 6.6939 m
      n_inliers = 25662/169504   rms_residual = 0.04565 m

[save] D:\Users\dust\Documents\학교\2026년도1학기\컴퓨터비전\실습\FoundationStereo\experiments\ds_v2_seed1/scandinavian_v55\mirror_geometry\result.json
[save] D:\Users\dust\Documents\학교\2026년도1학기\컴퓨터비전\실습\FoundationStereo\experiments\ds_v2_seed1/scandinavian_v55\mirror_geometry\plane.txt
[save] D:\Users\dust\Documents\학교\2026년도1학기\컴퓨터비전\실습\FoundationStereo\experiments\ds_v2_seed1/scandinavian_v55\mirror_geometry\viz.png

DONE: D:\Users\dust\Documents\학교\2026년도1학기\컴퓨터비전\실습\FoundationStereo\experiments\ds_v2_seed1/scandinavian_v55\mirror_geometry
[ds_v2_seed1/scandinavian_v55] 거울 점 169504개 중 inlier 79036 (46.6%) / outlier 90468
  normal=[-0.501  0.047 -0.864] d=8.253  rms(inlier)=0.0268 m  thr≈0.083 m
[save] D:\Users\dust\Documents\학교\2026년도1학기\컴퓨터비전\실습\FoundationStereo\experiments\ds_v2_seed1/scandinavian_v55\mirror_geometry\ransac_inliers.png
[gt] scandinavian_v55             perp 3.99m planRMS 0.2508m  normal [-0.558, 0.11, -0.823]

생성 1, 건너뜀 0 (depth_gt/mask 없음 등)
[ds_v2_seed1/scandinavian_v55] feature 184x320  mirror_frac=0.18316915760869565  feat_left=True
rank  signal              AUC    pol  sep     mean_in     mean_out
  1  feat_left_l2       0.7407   +  0.3959   19.123802   15.904948
  2  delta_argdisp      0.6652   -  0.2923   38.043764   55.697994
  3  post_entropy       0.6287   -  0.3033    0.728774    0.860135
  4  post_conf          0.5764   +  0.1511    0.662418    0.624637
  5  feat_left_pc1      0.5598   -   0.042    2.665305    2.892062
  6  feat_left_pc3       0.551   +  0.1151    2.169165     1.78261
  7  delta_entropy      0.5485   -  0.0451   -1.033568   -0.962485
  8  delta_conf         0.5456   +   0.071    0.237627    0.203286
  9  feat_left_pc2      0.5062   -  0.0348    2.576417    2.415013
 10  pre_conf           0.5061   -  0.0081    0.424791    0.421351
 11  pre_entropy        0.5002   +  0.0401    1.762342     1.82262
BEST: feat_left_l2 (AUC=0.7407, polarity=+)
저장: D:\Users\dust\Documents\학교\2026년도1학기\컴퓨터비전\실습\FoundationStereo\experiments\ds_v2_seed1/scandinavian_v55\features\report.json / panels.png / mirror_signal.npy
[device] cuda
  [train] epoch 60/300  loss=0.5325
  [train] epoch 120/300  loss=0.3647
  [train] epoch 180/300  loss=0.2748
  [train] epoch 240/300  loss=0.2158
  [train] epoch 300/300  loss=0.1738

[VAL] scene=ds_v2_seed1/scandinavian_v55  (pixel 70/30 split)
  AUC      = 0.9884
  IoU@0.5  = 0.7567
  F1@0.5   = 0.8615
  accuracy = 0.9441  (prec=0.7877, rec=0.9505)
  tp=3072 fp=828 fn=160 tn=13604

[save] D:\Users\dust\Documents\학교\2026년도1학기\컴퓨터비전\실습\FoundationStereo\experiments\ds_v2_seed1/scandinavian_v55\submodel
  pred_mask.png, panel.png, metrics.json, head.pt
DONE: D:\Users\dust\Documents\학교\2026년도1학기\컴퓨터비전\실습\FoundationStereo\experiments\ds_v2_seed1/scandinavian_v55\submodel
[device] cuda
[load] D:\Users\dust\Documents\학교\2026년도1학기\컴퓨터비전\실습\FoundationStereo\experiments\_model\general_head.pt  (train_scenes=['archiviz_baseline080', 'bedroom_baseline080', 'blue_bathroom_baseline080', 'computer_room_baseline080', 'cozy_living_room_baseline080', 'flat-archiviz_baseline080', 'green_house_baseline080', 'gym_baseline080', 'livingroom_baseline080', 'minimal_interior_baseline080', 'scandinavian_baseline080', 'sunlight_baseline080'])

[APPLY] ds_v2_seed1/scandinavian_v55  (저장모델로 새 데이터 평가)
  AUC      = 0.8220
  IoU@0.5  = 0.3289
  F1@0.5   = 0.4950
  accuracy = 0.8322  (prec=0.5517, rec=0.4490)
  tp=4842 fp=3935 fn=5943 tn=44160
[save] D:\Users\dust\Documents\학교\2026년도1학기\컴퓨터비전\실습\FoundationStereo\experiments\ds_v2_seed1/scandinavian_v55\submodel_applied  (pred_mask.png, panel.png, metrics.json)

============================================================
STEP: estimate_mirror_plane
============================================================

============================================================
STEP: viz_ransac_inliers
============================================================

============================================================
STEP: make_mirror_gt_from_depth
============================================================

============================================================
STEP: analyze_features
============================================================

============================================================
STEP: submodel_head
============================================================

============================================================
STEP: apply_submodel
============================================================

DONE: D:\Users\dust\Documents\학교\2026년도1학기\컴퓨터비전\실습\FoundationStereo\experiments\ds_v2_seed1/scandinavian_v55 (ok)

##### [122/131] ds_v2_seed1/scandinavian_v56  (done 37, fail 0, skip 84, elapsed 22m, ETA 6m) #####
[scene] ds_v2_seed1/scandinavian_v56  size=1280x720
[select] mirror 점 개수 = 162160  (mask=162160, valid&depth = 899367)
[conf] mirror 영역 평균 confidence = 0.6540

=== 평면 추정 결과 ===
  [PCA (closed form)]
      normal = [+0.1205, -0.9312, -0.3439]
      d = +1.8364   mirror_depth(perp) = 1.8364 m   view_z = 7.2562 m
      n_inliers = 162160/162160   rms_residual = 0.60557 m
  [RANSAC]
      normal = [+0.0525, +0.1532, -0.9868]
      d = +8.2683   mirror_depth(perp) = 8.2683 m   view_z = 7.2562 m
      n_inliers = 88949/162160   rms_residual = 0.03646 m
  [SVD robust (IRLS)]
      normal = [+0.0796, -0.9265, -0.3679]
      d = +1.9726   mirror_depth(perp) = 1.9726 m   view_z = 7.2562 m
      n_inliers = 28076/162160   rms_residual = 0.05987 m

[save] D:\Users\dust\Documents\학교\2026년도1학기\컴퓨터비전\실습\FoundationStereo\experiments\ds_v2_seed1/scandinavian_v56\mirror_geometry\result.json
[save] D:\Users\dust\Documents\학교\2026년도1학기\컴퓨터비전\실습\FoundationStereo\experiments\ds_v2_seed1/scandinavian_v56\mirror_geometry\plane.txt
[save] D:\Users\dust\Documents\학교\2026년도1학기\컴퓨터비전\실습\FoundationStereo\experiments\ds_v2_seed1/scandinavian_v56\mirror_geometry\viz.png

DONE: D:\Users\dust\Documents\학교\2026년도1학기\컴퓨터비전\실습\FoundationStereo\experiments\ds_v2_seed1/scandinavian_v56\mirror_geometry
[ds_v2_seed1/scandinavian_v56] 거울 점 162160개 중 inlier 88949 (54.9%) / outlier 73211
  normal=[ 0.053  0.153 -0.987] d=8.268  rms(inlier)=0.0365 m  thr≈0.108 m
[save] D:\Users\dust\Documents\학교\2026년도1학기\컴퓨터비전\실습\FoundationStereo\experiments\ds_v2_seed1/scandinavian_v56\mirror_geometry\ransac_inliers.png
[gt] scandinavian_v56             perp 3.95m planRMS 0.2702m  normal [-0.177, 0.168, -0.97]

생성 1, 건너뜀 0 (depth_gt/mask 없음 등)
[ds_v2_seed1/scandinavian_v56] feature 184x320  mirror_frac=0.1761039402173913  feat_left=True
rank  signal              AUC    pol  sep     mean_in     mean_out
  1  feat_left_l2       0.7333   +  0.4089   19.112332   16.062671
  2  delta_argdisp      0.6084   -  0.1774   45.261067   56.011729
  3  pre_entropy        0.5622   -  0.1433    1.758195    1.972471
  4  delta_entropy      0.5434   +  0.1081   -0.991215   -1.158767
  5  pre_conf           0.5412   +  0.0695    0.418643    0.389834
  6  post_conf          0.5367   +  0.0536    0.653275    0.640643
  7  feat_left_pc3      0.5309   +  0.1183    2.221866    1.821287
  8  post_entropy       0.5294   -  0.1144    0.766979    0.813704
  9  feat_left_pc1      0.5192   +  0.0733     2.95497    2.571674
 10  delta_conf         0.5176   -   0.034    0.234632    0.250809
 11  feat_left_pc2      0.5153   +  0.0486    2.609078    2.416798
BEST: feat_left_l2 (AUC=0.7333, polarity=+)
저장: D:\Users\dust\Documents\학교\2026년도1학기\컴퓨터비전\실습\FoundationStereo\experiments\ds_v2_seed1/scandinavian_v56\features\report.json / panels.png / mirror_signal.npy
[device] cuda
  [train] epoch 60/300  loss=0.4679
  [train] epoch 120/300  loss=0.2784
  [train] epoch 180/300  loss=0.1854
  [train] epoch 240/300  loss=0.1303
  [train] epoch 300/300  loss=0.0955

[VAL] scene=ds_v2_seed1/scandinavian_v56  (pixel 70/30 split)
  AUC      = 0.9975
  IoU@0.5  = 0.8796
  F1@0.5   = 0.9360
  accuracy = 0.9767  (prec=0.8962, rec=0.9795)
  tp=3003 fp=348 fn=63 tn=14250

[save] D:\Users\dust\Documents\학교\2026년도1학기\컴퓨터비전\실습\FoundationStereo\experiments\ds_v2_seed1/scandinavian_v56\submodel
  pred_mask.png, panel.png, metrics.json, head.pt
DONE: D:\Users\dust\Documents\학교\2026년도1학기\컴퓨터비전\실습\FoundationStereo\experiments\ds_v2_seed1/scandinavian_v56\submodel
[device] cuda
[load] D:\Users\dust\Documents\학교\2026년도1학기\컴퓨터비전\실습\FoundationStereo\experiments\_model\general_head.pt  (train_scenes=['archiviz_baseline080', 'bedroom_baseline080', 'blue_bathroom_baseline080', 'computer_room_baseline080', 'cozy_living_room_baseline080', 'flat-archiviz_baseline080', 'green_house_baseline080', 'gym_baseline080', 'livingroom_baseline080', 'minimal_interior_baseline080', 'scandinavian_baseline080', 'sunlight_baseline080'])

[APPLY] ds_v2_seed1/scandinavian_v56  (저장모델로 새 데이터 평가)
  AUC      = 0.9334
  IoU@0.5  = 0.4956
  F1@0.5   = 0.6627
  accuracy = 0.9084  (prec=0.9419, rec=0.5112)
  tp=5301 fp=327 fn=5068 tn=48184
[save] D:\Users\dust\Documents\학교\2026년도1학기\컴퓨터비전\실습\FoundationStereo\experiments\ds_v2_seed1/scandinavian_v56\submodel_applied  (pred_mask.png, panel.png, metrics.json)

============================================================
STEP: estimate_mirror_plane
============================================================

============================================================
STEP: viz_ransac_inliers
============================================================

============================================================
STEP: make_mirror_gt_from_depth
============================================================

============================================================
STEP: analyze_features
============================================================

============================================================
STEP: submodel_head
============================================================

============================================================
STEP: apply_submodel
============================================================

DONE: D:\Users\dust\Documents\학교\2026년도1학기\컴퓨터비전\실습\FoundationStereo\experiments\ds_v2_seed1/scandinavian_v56 (ok)

##### [123/131] ds_v2_seed1/scandinavian_v57  (done 38, fail 0, skip 84, elapsed 23m, ETA 5m) #####
[scene] ds_v2_seed1/scandinavian_v57  size=1280x720
[select] mirror 점 개수 = 182429  (mask=182429, valid&depth = 896668)
[conf] mirror 영역 평균 confidence = 0.6574

=== 평면 추정 결과 ===
  [PCA (closed form)]
      normal = [+0.0638, -0.9155, -0.3972]
      d = +1.7128   mirror_depth(perp) = 1.7128 m   view_z = 7.0731 m
      n_inliers = 182429/182429   rms_residual = 0.61510 m
  [RANSAC]
      normal = [-0.1157, +0.1632, -0.9798]
      d = +8.1424   mirror_depth(perp) = 8.1424 m   view_z = 7.0731 m
      n_inliers = 111612/182429   rms_residual = 0.04466 m
  [SVD robust (IRLS)]
      normal = [+0.0399, -0.9043, -0.4250]
      d = +1.9289   mirror_depth(perp) = 1.9289 m   view_z = 7.0731 m
      n_inliers = 31311/182429   rms_residual = 0.06783 m

[save] D:\Users\dust\Documents\학교\2026년도1학기\컴퓨터비전\실습\FoundationStereo\experiments\ds_v2_seed1/scandinavian_v57\mirror_geometry\result.json
[save] D:\Users\dust\Documents\학교\2026년도1학기\컴퓨터비전\실습\FoundationStereo\experiments\ds_v2_seed1/scandinavian_v57\mirror_geometry\plane.txt
[save] D:\Users\dust\Documents\학교\2026년도1학기\컴퓨터비전\실습\FoundationStereo\experiments\ds_v2_seed1/scandinavian_v57\mirror_geometry\viz.png

DONE: D:\Users\dust\Documents\학교\2026년도1학기\컴퓨터비전\실습\FoundationStereo\experiments\ds_v2_seed1/scandinavian_v57\mirror_geometry
[ds_v2_seed1/scandinavian_v57] 거울 점 182429개 중 inlier 111612 (61.2%) / outlier 70817
  normal=[-0.116  0.163 -0.98 ] d=8.142  rms(inlier)=0.0447 m  thr≈0.118 m
[save] D:\Users\dust\Documents\학교\2026년도1학기\컴퓨터비전\실습\FoundationStereo\experiments\ds_v2_seed1/scandinavian_v57\mirror_geometry\ransac_inliers.png
[gt] scandinavian_v57             perp 3.76m planRMS 0.2864m  normal [-0.268, 0.186, -0.945]

생성 1, 건너뜀 0 (depth_gt/mask 없음 등)
[ds_v2_seed1/scandinavian_v57] feature 184x320  mirror_frac=0.19762228260869566  feat_left=True
rank  signal              AUC    pol  sep     mean_in     mean_out
  1  feat_left_l2       0.6715   +  0.3263   18.603434   16.167358
  2  pre_entropy         0.574   -  0.1698    1.803749    2.056815
  3  delta_entropy      0.5699   +  0.1609   -1.039775   -1.285221
  4  delta_argdisp      0.5674   -  0.1001   44.578979   50.862099
  5  pre_conf           0.5416   +  0.0858    0.410628    0.375933
  6  delta_conf         0.5382   -  0.0791    0.247078    0.283612
  7  feat_left_pc1      0.5323   +  0.1036    2.950802    2.417154
  8  feat_left_pc2      0.5246   +   0.064    2.552663    2.299697
  9  post_entropy       0.5198   +  0.0192    0.763974    0.771593
 10  feat_left_pc3      0.5161   +  0.1353    2.301762    1.824492
 11  post_conf          0.5044   -  0.0077    0.657706    0.659544
BEST: feat_left_l2 (AUC=0.6715, polarity=+)
저장: D:\Users\dust\Documents\학교\2026년도1학기\컴퓨터비전\실습\FoundationStereo\experiments\ds_v2_seed1/scandinavian_v57\features\report.json / panels.png / mirror_signal.npy
[device] cuda
  [train] epoch 60/300  loss=0.4505
  [train] epoch 120/300  loss=0.2701
  [train] epoch 180/300  loss=0.1863
  [train] epoch 240/300  loss=0.1353
  [train] epoch 300/300  loss=0.1017

[VAL] scene=ds_v2_seed1/scandinavian_v57  (pixel 70/30 split)
  AUC      = 0.9969
  IoU@0.5  = 0.8910
  F1@0.5   = 0.9423
  accuracy = 0.9766  (prec=0.9080, rec=0.9794)
  tp=3375 fp=342 fn=71 tn=13876

[save] D:\Users\dust\Documents\학교\2026년도1학기\컴퓨터비전\실습\FoundationStereo\experiments\ds_v2_seed1/scandinavian_v57\submodel
  pred_mask.png, panel.png, metrics.json, head.pt
DONE: D:\Users\dust\Documents\학교\2026년도1학기\컴퓨터비전\실습\FoundationStereo\experiments\ds_v2_seed1/scandinavian_v57\submodel
[device] cuda
[load] D:\Users\dust\Documents\학교\2026년도1학기\컴퓨터비전\실습\FoundationStereo\experiments\_model\general_head.pt  (train_scenes=['archiviz_baseline080', 'bedroom_baseline080', 'blue_bathroom_baseline080', 'computer_room_baseline080', 'cozy_living_room_baseline080', 'flat-archiviz_baseline080', 'green_house_baseline080', 'gym_baseline080', 'livingroom_baseline080', 'minimal_interior_baseline080', 'scandinavian_baseline080', 'sunlight_baseline080'])

[APPLY] ds_v2_seed1/scandinavian_v57  (저장모델로 새 데이터 평가)
  AUC      = 0.9467
  IoU@0.5  = 0.5221
  F1@0.5   = 0.6860
  accuracy = 0.9032  (prec=0.9548, rec=0.5353)
  tp=6229 fp=295 fn=5407 tn=46949
[save] D:\Users\dust\Documents\학교\2026년도1학기\컴퓨터비전\실습\FoundationStereo\experiments\ds_v2_seed1/scandinavian_v57\submodel_applied  (pred_mask.png, panel.png, metrics.json)

============================================================
STEP: estimate_mirror_plane
============================================================

============================================================
STEP: viz_ransac_inliers
============================================================

============================================================
STEP: make_mirror_gt_from_depth
============================================================

============================================================
STEP: analyze_features
============================================================

============================================================
STEP: submodel_head
============================================================

============================================================
STEP: apply_submodel
============================================================

DONE: D:\Users\dust\Documents\학교\2026년도1학기\컴퓨터비전\실습\FoundationStereo\experiments\ds_v2_seed1/scandinavian_v57 (ok)

##### [124/131] ds_v2_seed1/scandinavian_v58  (done 39, fail 0, skip 84, elapsed 23m, ETA 5m) #####
[scene] ds_v2_seed1/scandinavian_v58  size=1280x720
[select] mirror 점 개수 = 168059  (mask=168059, valid&depth = 910393)
[conf] mirror 영역 평균 confidence = 0.6584

=== 평면 추정 결과 ===
  [PCA (closed form)]
      normal = [-0.1053, -0.9651, -0.2400]
      d = +1.9944   mirror_depth(perp) = 1.9944 m   view_z = 7.1092 m
      n_inliers = 168059/168059   rms_residual = 0.58803 m
  [RANSAC]
      normal = [-0.4867, +0.0747, -0.8704]
      d = +8.3714   mirror_depth(perp) = 8.3714 m   view_z = 7.1092 m
      n_inliers = 85010/168059   rms_residual = 0.03849 m
  [SVD robust (IRLS)]
      normal = [-0.1611, -0.9596, -0.2306]
      d = +2.0274   mirror_depth(perp) = 2.0274 m   view_z = 7.1092 m
      n_inliers = 27509/168059   rms_residual = 0.05748 m

[save] D:\Users\dust\Documents\학교\2026년도1학기\컴퓨터비전\실습\FoundationStereo\experiments\ds_v2_seed1/scandinavian_v58\mirror_geometry\result.json
[save] D:\Users\dust\Documents\학교\2026년도1학기\컴퓨터비전\실습\FoundationStereo\experiments\ds_v2_seed1/scandinavian_v58\mirror_geometry\plane.txt
[save] D:\Users\dust\Documents\학교\2026년도1학기\컴퓨터비전\실습\FoundationStereo\experiments\ds_v2_seed1/scandinavian_v58\mirror_geometry\viz.png

DONE: D:\Users\dust\Documents\학교\2026년도1학기\컴퓨터비전\실습\FoundationStereo\experiments\ds_v2_seed1/scandinavian_v58\mirror_geometry
[ds_v2_seed1/scandinavian_v58] 거울 점 168059개 중 inlier 85010 (50.6%) / outlier 83049
  normal=[-0.487  0.075 -0.87 ] d=8.371  rms(inlier)=0.0385 m  thr≈0.101 m
[save] D:\Users\dust\Documents\학교\2026년도1학기\컴퓨터비전\실습\FoundationStereo\experiments\ds_v2_seed1/scandinavian_v58\mirror_geometry\ransac_inliers.png
[gt] scandinavian_v58             perp 4.12m planRMS 0.2262m  normal [-0.535, 0.092, -0.84]

생성 1, 건너뜀 0 (depth_gt/mask 없음 등)
[ds_v2_seed1/scandinavian_v58] feature 184x320  mirror_frac=0.18243885869565218  feat_left=True
rank  signal              AUC    pol  sep     mean_in     mean_out
  1  feat_left_l2       0.7465   +  0.4332   19.336529   15.877037
  2  delta_argdisp      0.6419   -  0.2434   40.889685   56.023516
  3  post_entropy       0.6093   -  0.2277    0.731999    0.812099
  4  post_conf          0.5539   +  0.0908    0.658047    0.637356
  5  delta_entropy      0.5509   -  0.0511   -1.050599   -0.970397
  6  delta_conf         0.5505   +  0.0789    0.239057    0.200033
  7  feat_left_pc3      0.5447   +  0.1443    2.337398    1.841532
  8  pre_conf           0.5343   -  0.0422    0.418989    0.437323
  9  feat_left_pc1      0.5257   -  0.0352    2.931133    2.736126
 10  pre_entropy        0.5232   +  0.0001    1.782598    1.782497
 11  feat_left_pc2      0.5226   +  0.0924    2.764909    2.344524
BEST: feat_left_l2 (AUC=0.7465, polarity=+)
저장: D:\Users\dust\Documents\학교\2026년도1학기\컴퓨터비전\실습\FoundationStereo\experiments\ds_v2_seed1/scandinavian_v58\features\report.json / panels.png / mirror_signal.npy
[device] cuda
  [train] epoch 60/300  loss=0.5428
  [train] epoch 120/300  loss=0.3639
  [train] epoch 180/300  loss=0.2714
  [train] epoch 240/300  loss=0.2135
  [train] epoch 300/300  loss=0.1729

[VAL] scene=ds_v2_seed1/scandinavian_v58  (pixel 70/30 split)
  AUC      = 0.9881
  IoU@0.5  = 0.7533
  F1@0.5   = 0.8593
  accuracy = 0.9438  (prec=0.7847, rec=0.9495)
  tp=3029 fp=831 fn=161 tn=13643

[save] D:\Users\dust\Documents\학교\2026년도1학기\컴퓨터비전\실습\FoundationStereo\experiments\ds_v2_seed1/scandinavian_v58\submodel
  pred_mask.png, panel.png, metrics.json, head.pt
DONE: D:\Users\dust\Documents\학교\2026년도1학기\컴퓨터비전\실습\FoundationStereo\experiments\ds_v2_seed1/scandinavian_v58\submodel
[device] cuda
[load] D:\Users\dust\Documents\학교\2026년도1학기\컴퓨터비전\실습\FoundationStereo\experiments\_model\general_head.pt  (train_scenes=['archiviz_baseline080', 'bedroom_baseline080', 'blue_bathroom_baseline080', 'computer_room_baseline080', 'cozy_living_room_baseline080', 'flat-archiviz_baseline080', 'green_house_baseline080', 'gym_baseline080', 'livingroom_baseline080', 'minimal_interior_baseline080', 'scandinavian_baseline080', 'sunlight_baseline080'])

[APPLY] ds_v2_seed1/scandinavian_v58  (저장모델로 새 데이터 평가)
  AUC      = 0.8269
  IoU@0.5  = 0.3331
  F1@0.5   = 0.4997
  accuracy = 0.8362  (prec=0.5642, rec=0.4484)
  tp=4817 fp=3721 fn=5925 tn=44417
[save] D:\Users\dust\Documents\학교\2026년도1학기\컴퓨터비전\실습\FoundationStereo\experiments\ds_v2_seed1/scandinavian_v58\submodel_applied  (pred_mask.png, panel.png, metrics.json)

============================================================
STEP: estimate_mirror_plane
============================================================

============================================================
STEP: viz_ransac_inliers
============================================================

============================================================
STEP: make_mirror_gt_from_depth
============================================================

============================================================
STEP: analyze_features
============================================================

============================================================
STEP: submodel_head
============================================================

============================================================
STEP: apply_submodel
============================================================

DONE: D:\Users\dust\Documents\학교\2026년도1학기\컴퓨터비전\실습\FoundationStereo\experiments\ds_v2_seed1/scandinavian_v58 (ok)

##### [125/131] ds_v2_seed1/scandinavian_v59  (done 40, fail 0, skip 84, elapsed 24m, ETA 4m) #####
[scene] ds_v2_seed1/scandinavian_v59  size=1280x720
[select] mirror 점 개수 = 153122  (mask=153122, valid&depth = 907727)
[conf] mirror 영역 평균 confidence = 0.6734

=== 평면 추정 결과 ===
  [PCA (closed form)]
      normal = [+0.0600, -0.9737, -0.2196]
      d = +1.5386   mirror_depth(perp) = 1.5386 m   view_z = 7.1511 m
      n_inliers = 153122/153122   rms_residual = 0.61292 m
  [RANSAC]
      normal = [-0.1946, -0.0466, -0.9798]
      d = +8.2813   mirror_depth(perp) = 8.2813 m   view_z = 7.1511 m
      n_inliers = 62683/153122   rms_residual = 0.04405 m
  [SVD robust (IRLS)]
      normal = [-0.0958, -0.9620, -0.2556]
      d = +1.9219   mirror_depth(perp) = 1.9219 m   view_z = 7.1511 m
      n_inliers = 24426/153122   rms_residual = 0.04921 m

[save] D:\Users\dust\Documents\학교\2026년도1학기\컴퓨터비전\실습\FoundationStereo\experiments\ds_v2_seed1/scandinavian_v59\mirror_geometry\result.json
[save] D:\Users\dust\Documents\학교\2026년도1학기\컴퓨터비전\실습\FoundationStereo\experiments\ds_v2_seed1/scandinavian_v59\mirror_geometry\plane.txt
[save] D:\Users\dust\Documents\학교\2026년도1학기\컴퓨터비전\실습\FoundationStereo\experiments\ds_v2_seed1/scandinavian_v59\mirror_geometry\viz.png

DONE: D:\Users\dust\Documents\학교\2026년도1학기\컴퓨터비전\실습\FoundationStereo\experiments\ds_v2_seed1/scandinavian_v59\mirror_geometry
[ds_v2_seed1/scandinavian_v59] 거울 점 153122개 중 inlier 62683 (40.9%) / outlier 90439
  normal=[-0.195 -0.047 -0.98 ] d=8.281  rms(inlier)=0.0441 m  thr≈0.092 m
[save] D:\Users\dust\Documents\학교\2026년도1학기\컴퓨터비전\실습\FoundationStereo\experiments\ds_v2_seed1/scandinavian_v59\mirror_geometry\ransac_inliers.png
[gt] scandinavian_v59             perp 3.95m planRMS 0.1721m  normal [-0.412, 0.079, -0.908]

생성 1, 건너뜀 0 (depth_gt/mask 없음 등)
[ds_v2_seed1/scandinavian_v59] feature 184x320  mirror_frac=0.16610054347826086  feat_left=True
rank  signal              AUC    pol  sep     mean_in     mean_out
  1  feat_left_l2       0.7806   +  0.4688   19.588879   15.704077
  2  delta_argdisp      0.6202   -  0.1908   44.052147   56.112912
  3  post_entropy       0.5963   -  0.2156    0.728091    0.805905
  4  feat_left_pc3      0.5618   +  0.1542    2.289086     1.75719
  5  pre_entropy        0.5225   -  0.0682    1.766338     1.87179
  6  feat_left_pc1      0.5178   +  0.1058    3.243909     2.60155
  7  post_conf           0.515   +  0.0465    0.672334    0.661747
  8  feat_left_pc2      0.5128   -  0.0298    2.707056    2.585695
  9  delta_entropy      0.5025   -  0.0172   -1.038248   -1.065885
 10  pre_conf           0.5024   +  0.0031    0.420816    0.422196
 11  delta_conf         0.5019   +  0.0238    0.251518    0.239551
BEST: feat_left_l2 (AUC=0.7806, polarity=+)
저장: D:\Users\dust\Documents\학교\2026년도1학기\컴퓨터비전\실습\FoundationStereo\experiments\ds_v2_seed1/scandinavian_v59\features\report.json / panels.png / mirror_signal.npy
[device] cuda
  [train] epoch 60/300  loss=0.4600
  [train] epoch 120/300  loss=0.2847
  [train] epoch 180/300  loss=0.2071
  [train] epoch 240/300  loss=0.1574
  [train] epoch 300/300  loss=0.1229

[VAL] scene=ds_v2_seed1/scandinavian_v59  (pixel 70/30 split)
  AUC      = 0.9943
  IoU@0.5  = 0.8054
  F1@0.5   = 0.8922
  accuracy = 0.9608  (prec=0.8239, rec=0.9728)
  tp=2864 fp=612 fn=80 tn=14108

[save] D:\Users\dust\Documents\학교\2026년도1학기\컴퓨터비전\실습\FoundationStereo\experiments\ds_v2_seed1/scandinavian_v59\submodel
  pred_mask.png, panel.png, metrics.json, head.pt
DONE: D:\Users\dust\Documents\학교\2026년도1학기\컴퓨터비전\실습\FoundationStereo\experiments\ds_v2_seed1/scandinavian_v59\submodel
[device] cuda
[load] D:\Users\dust\Documents\학교\2026년도1학기\컴퓨터비전\실습\FoundationStereo\experiments\_model\general_head.pt  (train_scenes=['archiviz_baseline080', 'bedroom_baseline080', 'blue_bathroom_baseline080', 'computer_room_baseline080', 'cozy_living_room_baseline080', 'flat-archiviz_baseline080', 'green_house_baseline080', 'gym_baseline080', 'livingroom_baseline080', 'minimal_interior_baseline080', 'scandinavian_baseline080', 'sunlight_baseline080'])

[APPLY] ds_v2_seed1/scandinavian_v59  (저장모델로 새 데이터 평가)
  AUC      = 0.8934
  IoU@0.5  = 0.4192
  F1@0.5   = 0.5908
  accuracy = 0.8899  (prec=0.7723, rec=0.4783)
  tp=4678 fp=1379 fn=5102 tn=47721
[save] D:\Users\dust\Documents\학교\2026년도1학기\컴퓨터비전\실습\FoundationStereo\experiments\ds_v2_seed1/scandinavian_v59\submodel_applied  (pred_mask.png, panel.png, metrics.json)

============================================================
STEP: estimate_mirror_plane
============================================================

============================================================
STEP: viz_ransac_inliers
============================================================

============================================================
STEP: make_mirror_gt_from_depth
============================================================

============================================================
STEP: analyze_features
============================================================

============================================================
STEP: submodel_head
============================================================

============================================================
STEP: apply_submodel
============================================================

DONE: D:\Users\dust\Documents\학교\2026년도1학기\컴퓨터비전\실습\FoundationStereo\experiments\ds_v2_seed1/scandinavian_v59 (ok)

##### [126/131] ds_v2_seed1/scandinavian_v60  (done 41, fail 0, skip 84, elapsed 24m, ETA 4m) #####
[scene] ds_v2_seed1/scandinavian_v60  size=1280x720
[select] mirror 점 개수 = 176097  (mask=176097, valid&depth = 899609)
[conf] mirror 영역 평균 confidence = 0.6462

=== 평면 추정 결과 ===
  [PCA (closed form)]
      normal = [-0.0727, -0.9076, -0.4134]
      d = +2.2608   mirror_depth(perp) = 2.2608 m   view_z = 7.1437 m
      n_inliers = 176097/176097   rms_residual = 0.58809 m
  [RANSAC]
      normal = [-0.2038, +0.2018, -0.9580]
      d = +8.0361   mirror_depth(perp) = 8.0361 m   view_z = 7.1437 m
      n_inliers = 93334/176097   rms_residual = 0.03596 m
  [SVD robust (IRLS)]
      normal = [-0.1225, -0.9027, -0.4125]
      d = +2.2164   mirror_depth(perp) = 2.2164 m   view_z = 7.1437 m
      n_inliers = 23832/176097   rms_residual = 0.06632 m

[save] D:\Users\dust\Documents\학교\2026년도1학기\컴퓨터비전\실습\FoundationStereo\experiments\ds_v2_seed1/scandinavian_v60\mirror_geometry\result.json
[save] D:\Users\dust\Documents\학교\2026년도1학기\컴퓨터비전\실습\FoundationStereo\experiments\ds_v2_seed1/scandinavian_v60\mirror_geometry\plane.txt
[save] D:\Users\dust\Documents\학교\2026년도1학기\컴퓨터비전\실습\FoundationStereo\experiments\ds_v2_seed1/scandinavian_v60\mirror_geometry\viz.png

DONE: D:\Users\dust\Documents\학교\2026년도1학기\컴퓨터비전\실습\FoundationStereo\experiments\ds_v2_seed1/scandinavian_v60\mirror_geometry
[ds_v2_seed1/scandinavian_v60] 거울 점 176097개 중 inlier 93334 (53.0%) / outlier 82763
  normal=[-0.204  0.202 -0.958] d=8.036  rms(inlier)=0.0360 m  thr≈0.113 m
[save] D:\Users\dust\Documents\학교\2026년도1학기\컴퓨터비전\실습\FoundationStereo\experiments\ds_v2_seed1/scandinavian_v60\mirror_geometry\ransac_inliers.png
[gt] scandinavian_v60             perp 3.77m planRMS 0.1983m  normal [-0.251, 0.202, -0.947]

생성 1, 건너뜀 0 (depth_gt/mask 없음 등)
[ds_v2_seed1/scandinavian_v60] feature 184x320  mirror_frac=0.19099864130434782  feat_left=True
rank  signal              AUC    pol  sep     mean_in     mean_out
  1  feat_left_l2         0.73   +  0.3924   18.939819   16.024757
  2  delta_argdisp      0.6226   -  0.2036   42.494131   55.020616
  3  pre_entropy        0.5695   -  0.1607    1.754797    2.001138
  4  delta_entropy      0.5557   +  0.1329   -0.990964   -1.201861
  5  pre_conf           0.5505   +  0.0943    0.425652    0.385813
  6  delta_conf         0.5453   -  0.0867    0.219977    0.262304
  7  feat_left_pc3      0.5099   -   0.046    1.975805    1.824859
  8  post_entropy        0.508   -  0.0896    0.763833    0.799276
  9  post_conf          0.5075   -  0.0104    0.645629    0.648117
 10  feat_left_pc2      0.5028   -  0.0013    2.461979     2.45717
 11  feat_left_pc1      0.5007   +  0.0325    2.763088    2.597942
BEST: feat_left_l2 (AUC=0.73, polarity=+)
저장: D:\Users\dust\Documents\학교\2026년도1학기\컴퓨터비전\실습\FoundationStereo\experiments\ds_v2_seed1/scandinavian_v60\features\report.json / panels.png / mirror_signal.npy
[device] cuda
  [train] epoch 60/300  loss=0.4517
  [train] epoch 120/300  loss=0.2842
  [train] epoch 180/300  loss=0.2012
  [train] epoch 240/300  loss=0.1474
  [train] epoch 300/300  loss=0.1114

[VAL] scene=ds_v2_seed1/scandinavian_v60  (pixel 70/30 split)
  AUC      = 0.9963
  IoU@0.5  = 0.8602
  F1@0.5   = 0.9248
  accuracy = 0.9698  (prec=0.8751, rec=0.9806)
  tp=3285 fp=469 fn=65 tn=13845

[save] D:\Users\dust\Documents\학교\2026년도1학기\컴퓨터비전\실습\FoundationStereo\experiments\ds_v2_seed1/scandinavian_v60\submodel
  pred_mask.png, panel.png, metrics.json, head.pt
DONE: D:\Users\dust\Documents\학교\2026년도1학기\컴퓨터비전\실습\FoundationStereo\experiments\ds_v2_seed1/scandinavian_v60\submodel
[device] cuda
[load] D:\Users\dust\Documents\학교\2026년도1학기\컴퓨터비전\실습\FoundationStereo\experiments\_model\general_head.pt  (train_scenes=['archiviz_baseline080', 'bedroom_baseline080', 'blue_bathroom_baseline080', 'computer_room_baseline080', 'cozy_living_room_baseline080', 'flat-archiviz_baseline080', 'green_house_baseline080', 'gym_baseline080', 'livingroom_baseline080', 'minimal_interior_baseline080', 'scandinavian_baseline080', 'sunlight_baseline080'])

[APPLY] ds_v2_seed1/scandinavian_v60  (저장모델로 새 데이터 평가)
  AUC      = 0.9461
  IoU@0.5  = 0.5181
  F1@0.5   = 0.6826
  accuracy = 0.9040  (prec=0.9261, rec=0.5405)
  tp=6078 fp=485 fn=5168 tn=47149
[save] D:\Users\dust\Documents\학교\2026년도1학기\컴퓨터비전\실습\FoundationStereo\experiments\ds_v2_seed1/scandinavian_v60\submodel_applied  (pred_mask.png, panel.png, metrics.json)

============================================================
STEP: estimate_mirror_plane
============================================================

============================================================
STEP: viz_ransac_inliers
============================================================

============================================================
STEP: make_mirror_gt_from_depth
============================================================

============================================================
STEP: analyze_features
============================================================

============================================================
STEP: submodel_head
============================================================

============================================================
STEP: apply_submodel
============================================================

DONE: D:\Users\dust\Documents\학교\2026년도1학기\컴퓨터비전\실습\FoundationStereo\experiments\ds_v2_seed1/scandinavian_v60 (ok)

##### [127/131] ds_v2_seed1/scandinavian_v61  (done 42, fail 0, skip 84, elapsed 25m, ETA 3m) #####
[scene] ds_v2_seed1/scandinavian_v61  size=1280x720
[select] mirror 점 개수 = 143974  (mask=143974, valid&depth = 902370)
[conf] mirror 영역 평균 confidence = 0.6685

=== 평면 추정 결과 ===
  [PCA (closed form)]
      normal = [+0.1170, -0.9784, -0.1706]
      d = +1.3429   mirror_depth(perp) = 1.3429 m   view_z = 7.4210 m
      n_inliers = 143974/143974   rms_residual = 0.61374 m
  [RANSAC]
      normal = [-0.1711, +0.0281, -0.9848]
      d = +8.4503   mirror_depth(perp) = 8.4503 m   view_z = 7.4210 m
      n_inliers = 73138/143974   rms_residual = 0.03176 m
  [SVD robust (IRLS)]
      normal = [+0.0530, -0.9761, -0.2109]
      d = +1.6469   mirror_depth(perp) = 1.6469 m   view_z = 7.4210 m
      n_inliers = 23548/143974   rms_residual = 0.05716 m

[save] D:\Users\dust\Documents\학교\2026년도1학기\컴퓨터비전\실습\FoundationStereo\experiments\ds_v2_seed1/scandinavian_v61\mirror_geometry\result.json
[save] D:\Users\dust\Documents\학교\2026년도1학기\컴퓨터비전\실습\FoundationStereo\experiments\ds_v2_seed1/scandinavian_v61\mirror_geometry\plane.txt
[save] D:\Users\dust\Documents\학교\2026년도1학기\컴퓨터비전\실습\FoundationStereo\experiments\ds_v2_seed1/scandinavian_v61\mirror_geometry\viz.png

DONE: D:\Users\dust\Documents\학교\2026년도1학기\컴퓨터비전\실습\FoundationStereo\experiments\ds_v2_seed1/scandinavian_v61\mirror_geometry
[ds_v2_seed1/scandinavian_v61] 거울 점 143974개 중 inlier 73138 (50.8%) / outlier 70836
  normal=[-0.171  0.028 -0.985] d=8.450  rms(inlier)=0.0318 m  thr≈0.101 m
[save] D:\Users\dust\Documents\학교\2026년도1학기\컴퓨터비전\실습\FoundationStereo\experiments\ds_v2_seed1/scandinavian_v61\mirror_geometry\ransac_inliers.png
[gt] scandinavian_v61             perp 4.14m planRMS 0.2705m  normal [-0.261, 0.07, -0.963]

생성 1, 건너뜀 0 (depth_gt/mask 없음 등)
[ds_v2_seed1/scandinavian_v61] feature 184x320  mirror_frac=0.1563688858695652  feat_left=True
rank  signal              AUC    pol  sep     mean_in     mean_out
  1  feat_left_l2       0.8187   +    0.54   20.213235   15.609446
  2  delta_argdisp      0.6585   -   0.274   41.613772   58.290681
  3  post_entropy       0.6528   -  0.2955    0.755728    0.882205
  4  post_conf          0.6223   +  0.2205    0.667673    0.615085
  5  feat_left_pc3      0.5785   +  0.1707    2.339589    1.731825
  6  delta_conf         0.5393   +  0.0748    0.236631    0.197676
  7  feat_left_pc1       0.539   +  0.1302    3.442809    2.620684
  8  pre_entropy        0.5386   -  0.0937     1.72438    1.869129
  9  pre_conf           0.5234   +  0.0309    0.431042    0.417409
 10  feat_left_pc2      0.5138   -  0.0337    2.781677    2.641342
 11  delta_entropy       0.505   -  0.0112   -0.968652   -0.986924
BEST: feat_left_l2 (AUC=0.8187, polarity=+)
저장: D:\Users\dust\Documents\학교\2026년도1학기\컴퓨터비전\실습\FoundationStereo\experiments\ds_v2_seed1/scandinavian_v61\features\report.json / panels.png / mirror_signal.npy
[device] cuda
  [train] epoch 60/300  loss=0.4049
  [train] epoch 120/300  loss=0.2312
  [train] epoch 180/300  loss=0.1586
  [train] epoch 240/300  loss=0.1174
  [train] epoch 300/300  loss=0.0907

[VAL] scene=ds_v2_seed1/scandinavian_v61  (pixel 70/30 split)
  AUC      = 0.9969
  IoU@0.5  = 0.8559
  F1@0.5   = 0.9223
  accuracy = 0.9746  (prec=0.8718, rec=0.9791)
  tp=2666 fp=392 fn=57 tn=14549

[save] D:\Users\dust\Documents\학교\2026년도1학기\컴퓨터비전\실습\FoundationStereo\experiments\ds_v2_seed1/scandinavian_v61\submodel
  pred_mask.png, panel.png, metrics.json, head.pt
DONE: D:\Users\dust\Documents\학교\2026년도1학기\컴퓨터비전\실습\FoundationStereo\experiments\ds_v2_seed1/scandinavian_v61\submodel
[device] cuda
[load] D:\Users\dust\Documents\학교\2026년도1학기\컴퓨터비전\실습\FoundationStereo\experiments\_model\general_head.pt  (train_scenes=['archiviz_baseline080', 'bedroom_baseline080', 'blue_bathroom_baseline080', 'computer_room_baseline080', 'cozy_living_room_baseline080', 'flat-archiviz_baseline080', 'green_house_baseline080', 'gym_baseline080', 'livingroom_baseline080', 'minimal_interior_baseline080', 'scandinavian_baseline080', 'sunlight_baseline080'])

[APPLY] ds_v2_seed1/scandinavian_v61  (저장모델로 새 데이터 평가)
  AUC      = 0.9060
  IoU@0.5  = 0.4890
  F1@0.5   = 0.6569
  accuracy = 0.9125  (prec=0.8494, rec=0.5355)
  tp=4930 fp=874 fn=4277 tn=48799
[save] D:\Users\dust\Documents\학교\2026년도1학기\컴퓨터비전\실습\FoundationStereo\experiments\ds_v2_seed1/scandinavian_v61\submodel_applied  (pred_mask.png, panel.png, metrics.json)

============================================================
STEP: estimate_mirror_plane
============================================================

============================================================
STEP: viz_ransac_inliers
============================================================

============================================================
STEP: make_mirror_gt_from_depth
============================================================

============================================================
STEP: analyze_features
============================================================

============================================================
STEP: submodel_head
============================================================

============================================================
STEP: apply_submodel
============================================================

DONE: D:\Users\dust\Documents\학교\2026년도1학기\컴퓨터비전\실습\FoundationStereo\experiments\ds_v2_seed1/scandinavian_v61 (ok)

##### [128/131] ds_v2_seed1/scandinavian_v62  (done 43, fail 0, skip 84, elapsed 25m, ETA 2m) #####
[scene] ds_v2_seed1/scandinavian_v62  size=1280x720
[select] mirror 점 개수 = 202646  (mask=202646, valid&depth = 907240)
[conf] mirror 영역 평균 confidence = 0.6642

=== 평면 추정 결과 ===
  [PCA (closed form)]
      normal = [-0.0764, -0.9072, -0.4138]
      d = +1.9910   mirror_depth(perp) = 1.9910 m   view_z = 6.6577 m
      n_inliers = 202646/202646   rms_residual = 0.57289 m
  [RANSAC]
      normal = [-0.5052, +0.2658, -0.8211]
      d = +8.0292   mirror_depth(perp) = 8.0292 m   view_z = 6.6577 m
      n_inliers = 102717/202646   rms_residual = 0.02544 m
  [SVD robust (IRLS)]
      normal = [-0.1187, -0.9087, -0.4003]
      d = +1.9497   mirror_depth(perp) = 1.9497 m   view_z = 6.6577 m
      n_inliers = 27175/202646   rms_residual = 0.05247 m

[save] D:\Users\dust\Documents\학교\2026년도1학기\컴퓨터비전\실습\FoundationStereo\experiments\ds_v2_seed1/scandinavian_v62\mirror_geometry\result.json
[save] D:\Users\dust\Documents\학교\2026년도1학기\컴퓨터비전\실습\FoundationStereo\experiments\ds_v2_seed1/scandinavian_v62\mirror_geometry\plane.txt
[save] D:\Users\dust\Documents\학교\2026년도1학기\컴퓨터비전\실습\FoundationStereo\experiments\ds_v2_seed1/scandinavian_v62\mirror_geometry\viz.png

DONE: D:\Users\dust\Documents\학교\2026년도1학기\컴퓨터비전\실습\FoundationStereo\experiments\ds_v2_seed1/scandinavian_v62\mirror_geometry
[ds_v2_seed1/scandinavian_v62] 거울 점 202646개 중 inlier 102717 (50.7%) / outlier 99929
  normal=[-0.505  0.266 -0.821] d=8.029  rms(inlier)=0.0254 m  thr≈0.088 m
[save] D:\Users\dust\Documents\학교\2026년도1학기\컴퓨터비전\실습\FoundationStereo\experiments\ds_v2_seed1/scandinavian_v62\mirror_geometry\ransac_inliers.png
[gt] scandinavian_v62             perp 3.81m planRMS 0.2103m  normal [-0.546, 0.242, -0.802]

생성 1, 건너뜀 0 (depth_gt/mask 없음 등)
[ds_v2_seed1/scandinavian_v62] feature 184x320  mirror_frac=0.22026154891304348  feat_left=True
rank  signal              AUC    pol  sep     mean_in     mean_out
  1  feat_left_l2       0.6284   +  0.2516   17.989739   16.365791
  2  post_entropy       0.6014   +  0.1265    0.746235    0.703584
  3  delta_argdisp      0.5926   -  0.1531   41.447914   51.235216
  4  feat_left_pc1       0.558   -  0.0381    2.594745    2.747121
  5  post_conf          0.5463   -   0.086    0.663317    0.683099
  6  pre_conf           0.5457   -  0.0723    0.412292    0.443875
  7  feat_left_pc3      0.5253   +  0.1219    2.180082    1.762117
  8  pre_entropy        0.5244   +  0.0076    1.811641    1.799836
  9  delta_conf         0.5175   +  0.0244    0.251025    0.239224
 10  feat_left_pc2      0.5137   +  0.0494    2.276159     2.10647
 11  delta_entropy      0.5067   -  0.0195   -1.065406   -1.096252
BEST: feat_left_l2 (AUC=0.6284, polarity=+)
저장: D:\Users\dust\Documents\학교\2026년도1학기\컴퓨터비전\실습\FoundationStereo\experiments\ds_v2_seed1/scandinavian_v62\features\report.json / panels.png / mirror_signal.npy
[device] cuda
  [train] epoch 60/300  loss=0.5489
  [train] epoch 120/300  loss=0.3748
  [train] epoch 180/300  loss=0.2794
  [train] epoch 240/300  loss=0.2178
  [train] epoch 300/300  loss=0.1753

[VAL] scene=ds_v2_seed1/scandinavian_v62  (pixel 70/30 split)
  AUC      = 0.9858
  IoU@0.5  = 0.7840
  F1@0.5   = 0.8789
  accuracy = 0.9433  (prec=0.8232, rec=0.9427)
  tp=3633 fp=780 fn=221 tn=13030

[save] D:\Users\dust\Documents\학교\2026년도1학기\컴퓨터비전\실습\FoundationStereo\experiments\ds_v2_seed1/scandinavian_v62\submodel
  pred_mask.png, panel.png, metrics.json, head.pt
DONE: D:\Users\dust\Documents\학교\2026년도1학기\컴퓨터비전\실습\FoundationStereo\experiments\ds_v2_seed1/scandinavian_v62\submodel
[device] cuda
[load] D:\Users\dust\Documents\학교\2026년도1학기\컴퓨터비전\실습\FoundationStereo\experiments\_model\general_head.pt  (train_scenes=['archiviz_baseline080', 'bedroom_baseline080', 'blue_bathroom_baseline080', 'computer_room_baseline080', 'cozy_living_room_baseline080', 'flat-archiviz_baseline080', 'green_house_baseline080', 'gym_baseline080', 'livingroom_baseline080', 'minimal_interior_baseline080', 'scandinavian_baseline080', 'sunlight_baseline080'])

[APPLY] ds_v2_seed1/scandinavian_v62  (저장모델로 새 데이터 평가)
  AUC      = 0.9144
  IoU@0.5  = 0.4927
  F1@0.5   = 0.6602
  accuracy = 0.8725  (prec=0.7991, rec=0.5624)
  tp=7294 fp=1834 fn=5675 tn=44077
[save] D:\Users\dust\Documents\학교\2026년도1학기\컴퓨터비전\실습\FoundationStereo\experiments\ds_v2_seed1/scandinavian_v62\submodel_applied  (pred_mask.png, panel.png, metrics.json)

============================================================
STEP: estimate_mirror_plane
============================================================

============================================================
STEP: viz_ransac_inliers
============================================================

============================================================
STEP: make_mirror_gt_from_depth
============================================================

============================================================
STEP: analyze_features
============================================================

============================================================
STEP: submodel_head
============================================================

============================================================
STEP: apply_submodel
============================================================

DONE: D:\Users\dust\Documents\학교\2026년도1학기\컴퓨터비전\실습\FoundationStereo\experiments\ds_v2_seed1/scandinavian_v62 (ok)

##### [129/131] ds_v2_seed1/scandinavian_v63  (done 44, fail 0, skip 84, elapsed 26m, ETA 2m) #####
[scene] ds_v2_seed1/scandinavian_v63  size=1280x720
[select] mirror 점 개수 = 176865  (mask=176865, valid&depth = 909302)
[conf] mirror 영역 평균 confidence = 0.6579

=== 평면 추정 결과 ===
  [PCA (closed form)]
      normal = [-0.0601, -0.9603, -0.2724]
      d = +1.8935   mirror_depth(perp) = 1.8935 m   view_z = 7.0181 m
      n_inliers = 176865/176865   rms_residual = 0.60005 m
  [RANSAC]
      normal = [-0.4194, +0.1112, -0.9010]
      d = +8.3350   mirror_depth(perp) = 8.3350 m   view_z = 7.0181 m
      n_inliers = 86429/176865   rms_residual = 0.03606 m
  [SVD robust (IRLS)]
      normal = [-0.1161, -0.9575, -0.2641]
      d = +1.9329   mirror_depth(perp) = 1.9329 m   view_z = 7.0181 m
      n_inliers = 29951/176865   rms_residual = 0.05863 m

[save] D:\Users\dust\Documents\학교\2026년도1학기\컴퓨터비전\실습\FoundationStereo\experiments\ds_v2_seed1/scandinavian_v63\mirror_geometry\result.json
[save] D:\Users\dust\Documents\학교\2026년도1학기\컴퓨터비전\실습\FoundationStereo\experiments\ds_v2_seed1/scandinavian_v63\mirror_geometry\plane.txt
[save] D:\Users\dust\Documents\학교\2026년도1학기\컴퓨터비전\실습\FoundationStereo\experiments\ds_v2_seed1/scandinavian_v63\mirror_geometry\viz.png

DONE: D:\Users\dust\Documents\학교\2026년도1학기\컴퓨터비전\실습\FoundationStereo\experiments\ds_v2_seed1/scandinavian_v63\mirror_geometry
[ds_v2_seed1/scandinavian_v63] 거울 점 176865개 중 inlier 86429 (48.9%) / outlier 90436
  normal=[-0.419  0.111 -0.901] d=8.335  rms(inlier)=0.0361 m  thr≈0.105 m
[save] D:\Users\dust\Documents\학교\2026년도1학기\컴퓨터비전\실습\FoundationStereo\experiments\ds_v2_seed1/scandinavian_v63\mirror_geometry\ransac_inliers.png
[gt] scandinavian_v63             perp 4.02m planRMS 0.2471m  normal [-0.508, 0.11, -0.854]

생성 1, 건너뜀 0 (depth_gt/mask 없음 등)
[ds_v2_seed1/scandinavian_v63] feature 184x320  mirror_frac=0.1918648097826087  feat_left=True
rank  signal              AUC    pol  sep     mean_in     mean_out
  1  feat_left_l2       0.7382   +  0.4206   19.178801   15.983984
  2  delta_argdisp      0.6441   -  0.2433   41.996371   57.290461
  3  delta_conf         0.5636   +   0.106    0.256688    0.206293
  4  pre_conf           0.5607   -  0.0999    0.400939    0.442587
  5  delta_entropy      0.5593   -  0.0723   -1.086232   -0.975829
  6  post_entropy       0.5558   -  0.1375    0.747059    0.796667
  7  feat_left_pc1      0.5465   -  0.0005    2.797569    2.795071
  8  pre_entropy        0.5421   +  0.0416     1.83329    1.772496
  9  feat_left_pc2      0.5287   +  0.0992    2.695545    2.262527
 10  post_conf          0.5228   +  0.0384    0.657626     0.64888
 11  feat_left_pc3      0.5189   +  0.1042     2.23595    1.880515
BEST: feat_left_l2 (AUC=0.7382, polarity=+)
저장: D:\Users\dust\Documents\학교\2026년도1학기\컴퓨터비전\실습\FoundationStereo\experiments\ds_v2_seed1/scandinavian_v63\features\report.json / panels.png / mirror_signal.npy
[device] cuda
  [train] epoch 60/300  loss=0.5491
  [train] epoch 120/300  loss=0.3717
  [train] epoch 180/300  loss=0.2699
  [train] epoch 240/300  loss=0.2045
  [train] epoch 300/300  loss=0.1608

[VAL] scene=ds_v2_seed1/scandinavian_v63  (pixel 70/30 split)
  AUC      = 0.9904
  IoU@0.5  = 0.7841
  F1@0.5   = 0.8790
  accuracy = 0.9501  (prec=0.8128, rec=0.9569)
  tp=3199 fp=737 fn=144 tn=13584

[save] D:\Users\dust\Documents\학교\2026년도1학기\컴퓨터비전\실습\FoundationStereo\experiments\ds_v2_seed1/scandinavian_v63\submodel
  pred_mask.png, panel.png, metrics.json, head.pt
DONE: D:\Users\dust\Documents\학교\2026년도1학기\컴퓨터비전\실습\FoundationStereo\experiments\ds_v2_seed1/scandinavian_v63\submodel
[device] cuda
[load] D:\Users\dust\Documents\학교\2026년도1학기\컴퓨터비전\실습\FoundationStereo\experiments\_model\general_head.pt  (train_scenes=['archiviz_baseline080', 'bedroom_baseline080', 'blue_bathroom_baseline080', 'computer_room_baseline080', 'cozy_living_room_baseline080', 'flat-archiviz_baseline080', 'green_house_baseline080', 'gym_baseline080', 'livingroom_baseline080', 'minimal_interior_baseline080', 'scandinavian_baseline080', 'sunlight_baseline080'])

[APPLY] ds_v2_seed1/scandinavian_v63  (저장모델로 새 데이터 평가)
  AUC      = 0.8296
  IoU@0.5  = 0.3522
  F1@0.5   = 0.5209
  accuracy = 0.8486  (prec=0.6630, rec=0.4290)
  tp=4846 fp=2463 fn=6451 tn=45120
[save] D:\Users\dust\Documents\학교\2026년도1학기\컴퓨터비전\실습\FoundationStereo\experiments\ds_v2_seed1/scandinavian_v63\submodel_applied  (pred_mask.png, panel.png, metrics.json)

============================================================
STEP: estimate_mirror_plane
============================================================

============================================================
STEP: viz_ransac_inliers
============================================================

============================================================
STEP: make_mirror_gt_from_depth
============================================================

============================================================
STEP: analyze_features
============================================================

============================================================
STEP: submodel_head
============================================================

============================================================
STEP: apply_submodel
============================================================

DONE: D:\Users\dust\Documents\학교\2026년도1학기\컴퓨터비전\실습\FoundationStereo\experiments\ds_v2_seed1/scandinavian_v63 (ok)

##### [130/131] ds_v2_seed1/scandinavian_v64  (done 45, fail 0, skip 84, elapsed 26m, ETA 1m) #####
[scene] ds_v2_seed1/scandinavian_v64  size=1280x720
[select] mirror 점 개수 = 173745  (mask=173745, valid&depth = 905656)
[conf] mirror 영역 평균 confidence = 0.6495

=== 평면 추정 결과 ===
  [PCA (closed form)]
      normal = [-0.0530, -0.9302, -0.3631]
      d = +1.8665   mirror_depth(perp) = 1.8665 m   view_z = 7.1575 m
      n_inliers = 173745/173745   rms_residual = 0.61210 m
  [RANSAC]
      normal = [-0.4056, +0.1490, -0.9018]
      d = +8.0368   mirror_depth(perp) = 8.0368 m   view_z = 7.1575 m
      n_inliers = 102757/173745   rms_residual = 0.08222 m
  [SVD robust (IRLS)]
      normal = [-0.1146, -0.9185, -0.3783]
      d = +2.0448   mirror_depth(perp) = 2.0448 m   view_z = 7.1575 m
      n_inliers = 63170/173745   rms_residual = 0.15309 m

[save] D:\Users\dust\Documents\학교\2026년도1학기\컴퓨터비전\실습\FoundationStereo\experiments\ds_v2_seed1/scandinavian_v64\mirror_geometry\result.json
[save] D:\Users\dust\Documents\학교\2026년도1학기\컴퓨터비전\실습\FoundationStereo\experiments\ds_v2_seed1/scandinavian_v64\mirror_geometry\plane.txt
[save] D:\Users\dust\Documents\학교\2026년도1학기\컴퓨터비전\실습\FoundationStereo\experiments\ds_v2_seed1/scandinavian_v64\mirror_geometry\viz.png

DONE: D:\Users\dust\Documents\학교\2026년도1학기\컴퓨터비전\실습\FoundationStereo\experiments\ds_v2_seed1/scandinavian_v64\mirror_geometry
[ds_v2_seed1/scandinavian_v64] 거울 점 173745개 중 inlier 102757 (59.1%) / outlier 70988
  normal=[-0.406  0.149 -0.902] d=8.037  rms(inlier)=0.0822 m  thr≈0.288 m
[save] D:\Users\dust\Documents\학교\2026년도1학기\컴퓨터비전\실습\FoundationStereo\experiments\ds_v2_seed1/scandinavian_v64\mirror_geometry\ransac_inliers.png
[gt] scandinavian_v64             perp 3.91m planRMS 0.2498m  normal [-0.395, 0.188, -0.899]

생성 1, 건너뜀 0 (depth_gt/mask 없음 등)
[ds_v2_seed1/scandinavian_v64] feature 184x320  mirror_frac=0.18826426630434784  feat_left=True
rank  signal              AUC    pol  sep     mean_in     mean_out
  1  feat_left_l2       0.6717   +   0.316   18.552385   16.262451
  2  delta_argdisp      0.5874   -  0.1357   43.512945   52.167423
  3  post_entropy       0.5464   +  0.0472    0.766256    0.749385
  4  post_conf           0.546   -  0.0865     0.64862    0.668429
  5  feat_left_pc2      0.5234   +  0.0654    2.507403    2.243529
  6  delta_entropy      0.5222   +  0.0696   -1.084557   -1.194158
  7  pre_entropy        0.5154   -  0.0605    1.850813    1.943543
  8  delta_conf         0.5146   -  0.0289    0.249158    0.262933
  9  pre_conf           0.5112   -  0.0144    0.399463    0.405496
 10  feat_left_pc3      0.5109   -  0.0626    2.162703    1.952479
 11  feat_left_pc1      0.5098   -  0.0313     2.69547     2.53976
BEST: feat_left_l2 (AUC=0.6717, polarity=+)
저장: D:\Users\dust\Documents\학교\2026년도1학기\컴퓨터비전\실습\FoundationStereo\experiments\ds_v2_seed1/scandinavian_v64\features\report.json / panels.png / mirror_signal.npy
[device] cuda
  [train] epoch 60/300  loss=0.5565
  [train] epoch 120/300  loss=0.3466
  [train] epoch 180/300  loss=0.2372
  [train] epoch 240/300  loss=0.1711
  [train] epoch 300/300  loss=0.1292

[VAL] scene=ds_v2_seed1/scandinavian_v64  (pixel 70/30 split)
  AUC      = 0.9932
  IoU@0.5  = 0.8270
  F1@0.5   = 0.9053
  accuracy = 0.9620  (prec=0.8509, rec=0.9672)
  tp=3213 fp=563 fn=109 tn=13779

[save] D:\Users\dust\Documents\학교\2026년도1학기\컴퓨터비전\실습\FoundationStereo\experiments\ds_v2_seed1/scandinavian_v64\submodel
  pred_mask.png, panel.png, metrics.json, head.pt
DONE: D:\Users\dust\Documents\학교\2026년도1학기\컴퓨터비전\실습\FoundationStereo\experiments\ds_v2_seed1/scandinavian_v64\submodel
[device] cuda
[load] D:\Users\dust\Documents\학교\2026년도1학기\컴퓨터비전\실습\FoundationStereo\experiments\_model\general_head.pt  (train_scenes=['archiviz_baseline080', 'bedroom_baseline080', 'blue_bathroom_baseline080', 'computer_room_baseline080', 'cozy_living_room_baseline080', 'flat-archiviz_baseline080', 'green_house_baseline080', 'gym_baseline080', 'livingroom_baseline080', 'minimal_interior_baseline080', 'scandinavian_baseline080', 'sunlight_baseline080'])

[APPLY] ds_v2_seed1/scandinavian_v64  (저장모델로 새 데이터 평가)
  AUC      = 0.9017
  IoU@0.5  = 0.4197
  F1@0.5   = 0.5913
  accuracy = 0.8804  (prec=0.8295, rec=0.4594)
  tp=5092 fp=1047 fn=5993 tn=46748
[save] D:\Users\dust\Documents\학교\2026년도1학기\컴퓨터비전\실습\FoundationStereo\experiments\ds_v2_seed1/scandinavian_v64\submodel_applied  (pred_mask.png, panel.png, metrics.json)

============================================================
STEP: estimate_mirror_plane
============================================================

============================================================
STEP: viz_ransac_inliers
============================================================

============================================================
STEP: make_mirror_gt_from_depth
============================================================

============================================================
STEP: analyze_features
============================================================

============================================================
STEP: submodel_head
============================================================

============================================================
STEP: apply_submodel
============================================================

DONE: D:\Users\dust\Documents\학교\2026년도1학기\컴퓨터비전\실습\FoundationStereo\experiments\ds_v2_seed1/scandinavian_v64 (ok)

##### [131/131] ds_v2_seed1/scandinavian_v65  (done 46, fail 0, skip 84, elapsed 27m, ETA 1m) #####
[scene] ds_v2_seed1/scandinavian_v65  size=1280x720
[select] mirror 점 개수 = 152592  (mask=152592, valid&depth = 899877)
[conf] mirror 영역 평균 confidence = 0.6545

=== 평면 추정 결과 ===
  [PCA (closed form)]
      normal = [+0.1054, -0.9263, -0.3617]
      d = +1.6905   mirror_depth(perp) = 1.6905 m   view_z = 7.4539 m
      n_inliers = 152592/152592   rms_residual = 0.61015 m
  [RANSAC]
      normal = [-0.1336, +0.1834, -0.9739]
      d = +8.3438   mirror_depth(perp) = 8.3438 m   view_z = 7.4539 m
      n_inliers = 92802/152592   rms_residual = 0.03884 m
  [SVD robust (IRLS)]
      normal = [+0.0437, -0.9178, -0.3945]
      d = +1.8864   mirror_depth(perp) = 1.8864 m   view_z = 7.4539 m
      n_inliers = 32621/152592   rms_residual = 0.07565 m

[save] D:\Users\dust\Documents\학교\2026년도1학기\컴퓨터비전\실습\FoundationStereo\experiments\ds_v2_seed1/scandinavian_v65\mirror_geometry\result.json
[save] D:\Users\dust\Documents\학교\2026년도1학기\컴퓨터비전\실습\FoundationStereo\experiments\ds_v2_seed1/scandinavian_v65\mirror_geometry\plane.txt
[save] D:\Users\dust\Documents\학교\2026년도1학기\컴퓨터비전\실습\FoundationStereo\experiments\ds_v2_seed1/scandinavian_v65\mirror_geometry\viz.png

DONE: D:\Users\dust\Documents\학교\2026년도1학기\컴퓨터비전\실습\FoundationStereo\experiments\ds_v2_seed1/scandinavian_v65\mirror_geometry
[ds_v2_seed1/scandinavian_v65] 거울 점 152592개 중 inlier 92802 (60.8%) / outlier 59790
  normal=[-0.134  0.183 -0.974] d=8.344  rms(inlier)=0.0388 m  thr≈0.140 m
[save] D:\Users\dust\Documents\학교\2026년도1학기\컴퓨터비전\실습\FoundationStereo\experiments\ds_v2_seed1/scandinavian_v65\mirror_geometry\ransac_inliers.png
[gt] scandinavian_v65             perp 4.09m planRMS 0.2769m  normal [-0.164, 0.199, -0.966]

생성 1, 건너뜀 0 (depth_gt/mask 없음 등)
[ds_v2_seed1/scandinavian_v65] feature 184x320  mirror_frac=0.16559103260869565  feat_left=True
rank  signal              AUC    pol  sep     mean_in     mean_out
  1  feat_left_l2       0.7204   +  0.3956   19.129031   16.114018
  2  delta_argdisp      0.5895   -  0.1428   45.630872   54.414533
  3  pre_entropy        0.5659   -  0.1504    1.770467    1.995601
  4  delta_entropy      0.5595   +   0.139   -1.000101   -1.214283
  5  feat_left_pc3       0.559   +  0.1786    2.354411    1.733622
  6  pre_conf           0.5484   +  0.0859    0.420406    0.384998
  7  delta_conf         0.5288   -  0.0613    0.233283    0.262063
  8  post_conf          0.5249   +  0.0292    0.653689    0.647061
  9  feat_left_pc1       0.523   +  0.0876    2.981041    2.520773
 10  feat_left_pc2      0.5162   +  0.0466    2.590136    2.409655
 11  post_entropy       0.5026   +  0.0293    0.770367    0.781319
BEST: feat_left_l2 (AUC=0.7204, polarity=+)
저장: D:\Users\dust\Documents\학교\2026년도1학기\컴퓨터비전\실습\FoundationStereo\experiments\ds_v2_seed1/scandinavian_v65\features\report.json / panels.png / mirror_signal.npy
[device] cuda
  [train] epoch 60/300  loss=0.4775
  [train] epoch 120/300  loss=0.2821
  [train] epoch 180/300  loss=0.1900
  [train] epoch 240/300  loss=0.1366
  [train] epoch 300/300  loss=0.1024

[VAL] scene=ds_v2_seed1/scandinavian_v65  (pixel 70/30 split)
  AUC      = 0.9959
  IoU@0.5  = 0.8591
  F1@0.5   = 0.9242
  accuracy = 0.9735  (prec=0.8830, rec=0.9694)
  tp=2853 fp=378 fn=90 tn=14343

[save] D:\Users\dust\Documents\학교\2026년도1학기\컴퓨터비전\실습\FoundationStereo\experiments\ds_v2_seed1/scandinavian_v65\submodel
  pred_mask.png, panel.png, metrics.json, head.pt
DONE: D:\Users\dust\Documents\학교\2026년도1학기\컴퓨터비전\실습\FoundationStereo\experiments\ds_v2_seed1/scandinavian_v65\submodel
[device] cuda
[load] D:\Users\dust\Documents\학교\2026년도1학기\컴퓨터비전\실습\FoundationStereo\experiments\_model\general_head.pt  (train_scenes=['archiviz_baseline080', 'bedroom_baseline080', 'blue_bathroom_baseline080', 'computer_room_baseline080', 'cozy_living_room_baseline080', 'flat-archiviz_baseline080', 'green_house_baseline080', 'gym_baseline080', 'livingroom_baseline080', 'minimal_interior_baseline080', 'scandinavian_baseline080', 'sunlight_baseline080'])

[APPLY] ds_v2_seed1/scandinavian_v65  (저장모델로 새 데이터 평가)
  AUC      = 0.9418
  IoU@0.5  = 0.5016
  F1@0.5   = 0.6681
  accuracy = 0.9144  (prec=0.9331, rec=0.5203)
  tp=5073 fp=364 fn=4677 tn=48766
[save] D:\Users\dust\Documents\학교\2026년도1학기\컴퓨터비전\실습\FoundationStereo\experiments\ds_v2_seed1/scandinavian_v65\submodel_applied  (pred_mask.png, panel.png, metrics.json)

============================================================
STEP: estimate_mirror_plane
============================================================

============================================================
STEP: viz_ransac_inliers
============================================================

============================================================
STEP: make_mirror_gt_from_depth
============================================================

============================================================
STEP: analyze_features
============================================================

============================================================
STEP: submodel_head
============================================================

============================================================
STEP: apply_submodel
============================================================

DONE: D:\Users\dust\Documents\학교\2026년도1학기\컴퓨터비전\실습\FoundationStereo\experiments\ds_v2_seed1/scandinavian_v65 (ok)

[batch] 끝: done 47, fail 0, skip 84, 총 0.5h
