[batch] D:\Users\dust\Documents\학교\2026년도1학기\컴퓨터비전\실습\Archive\ds_v2_seed1 → experiments/ds_v2_seed1/  (2 scene, 130 views, post_only)

##### [39/130] ds_v2_seed1/computer_room_v38  (done 0, fail 0, skip 38, elapsed 0m, ETA 0m) #####
[scene] ds_v2_seed1/computer_room_v38  size=1280x720
[select] mirror 점 개수 = 374159  (mask=374159, valid&depth = 884483)
[conf] mirror 영역 평균 confidence = 0.7099

=== 평면 추정 결과 ===
  [PCA (closed form)]
      normal = [-0.1216, -0.8603, -0.4951]
      d = +1.7866   mirror_depth(perp) = 1.7866 m   view_z = 5.1722 m
      n_inliers = 374159/374159   rms_residual = 0.42440 m
  [RANSAC]
      normal = [+0.3642, +0.2565, -0.8953]
      d = +6.7137   mirror_depth(perp) = 6.7137 m   view_z = 5.1722 m
      n_inliers = 107675/374159   rms_residual = 0.01546 m
  [SVD robust (IRLS)]
      normal = [-0.1329, -0.8455, -0.5172]
      d = +1.8928   mirror_depth(perp) = 1.8928 m   view_z = 5.1722 m
      n_inliers = 46173/374159   rms_residual = 0.04053 m

[save] D:\Users\dust\Documents\학교\2026년도1학기\컴퓨터비전\실습\FoundationStereo\experiments\ds_v2_seed1/computer_room_v38\mirror_geometry\result.json
[save] D:\Users\dust\Documents\학교\2026년도1학기\컴퓨터비전\실습\FoundationStereo\experiments\ds_v2_seed1/computer_room_v38\mirror_geometry\plane.txt
[save] D:\Users\dust\Documents\학교\2026년도1학기\컴퓨터비전\실습\FoundationStereo\experiments\ds_v2_seed1/computer_room_v38\mirror_geometry\viz.png

DONE: D:\Users\dust\Documents\학교\2026년도1학기\컴퓨터비전\실습\FoundationStereo\experiments\ds_v2_seed1/computer_room_v38\mirror_geometry
[ds_v2_seed1/computer_room_v38] 거울 점 374159개 중 inlier 107675 (28.8%) / outlier 266484
  normal=[ 0.364  0.257 -0.895] d=6.714  rms(inlier)=0.0155 m  thr≈0.072 m
[save] D:\Users\dust\Documents\학교\2026년도1학기\컴퓨터비전\실습\FoundationStereo\experiments\ds_v2_seed1/computer_room_v38\mirror_geometry\ransac_inliers.png
[gt] computer_room_v38            perp 3.01m planRMS 0.0008m  normal [0.356, 0.237, -0.904]

생성 1, 건너뜀 0 (depth_gt/mask 없음 등)
[ds_v2_seed1/computer_room_v38] feature 184x320  mirror_frac=0.4079653532608696  feat_left=True
rank  signal              AUC    pol  sep     mean_in     mean_out
  1  post_entropy       0.7515   -  0.5011    0.661297    0.895059
  2  post_conf          0.6893   +  0.3729     0.70932    0.610744
  3  delta_conf         0.6391   +  0.2389    0.325249    0.207789
  4  delta_entropy      0.6261   -   0.214   -1.369026   -1.013919
  5  feat_left_l2       0.6006   +  0.1165   16.837591   16.139302
  6  feat_left_pc1      0.5988   -  0.1788    1.877044    2.607272
  7  pre_entropy        0.5635   +  0.0761    2.030323    1.908978
  8  pre_conf           0.5437   -  0.0469    0.384071    0.402955
  9  feat_left_pc2      0.5283   -  0.0703    1.939504    2.185524
 10  feat_left_pc3      0.5191   +  0.0231    1.764344    1.694547
 11  delta_argdisp      0.5046   +  0.0071   45.908705   45.462836
BEST: post_entropy (AUC=0.7515, polarity=-)
저장: D:\Users\dust\Documents\학교\2026년도1학기\컴퓨터비전\실습\FoundationStereo\experiments\ds_v2_seed1/computer_room_v38\features\report.json / panels.png / mirror_signal.npy
[device] cuda
  [train] epoch 60/300  loss=0.4364
  [train] epoch 120/300  loss=0.3217
  [train] epoch 180/300  loss=0.2390
  [train] epoch 240/300  loss=0.1760
  [train] epoch 300/300  loss=0.1302

[VAL] scene=ds_v2_seed1/computer_room_v38  (pixel 70/30 split)
  AUC      = 0.9909
  IoU@0.5  = 0.8897
  F1@0.5   = 0.9416
  accuracy = 0.9518  (prec=0.9268, rec=0.9569)
  tp=6862 fp=542 fn=309 tn=9951

[save] D:\Users\dust\Documents\학교\2026년도1학기\컴퓨터비전\실습\FoundationStereo\experiments\ds_v2_seed1/computer_room_v38\submodel
  pred_mask.png, panel.png, metrics.json, head.pt
DONE: D:\Users\dust\Documents\학교\2026년도1학기\컴퓨터비전\실습\FoundationStereo\experiments\ds_v2_seed1/computer_room_v38\submodel
[device] cuda
[load] D:\Users\dust\Documents\학교\2026년도1학기\컴퓨터비전\실습\FoundationStereo\experiments\_model\general_head.pt  (train_scenes=['archiviz_baseline080', 'bedroom_baseline080', 'blue_bathroom_baseline080', 'computer_room_baseline080', 'cozy_living_room_baseline080', 'flat-archiviz_baseline080', 'green_house_baseline080', 'gym_baseline080', 'livingroom_baseline080', 'minimal_interior_baseline080', 'scandinavian_baseline080', 'sunlight_baseline080'])

[APPLY] ds_v2_seed1/computer_room_v38  (저장모델로 새 데이터 평가)
  AUC      = 0.9814
  IoU@0.5  = 0.4638
  F1@0.5   = 0.6337
  accuracy = 0.7809  (prec=0.9963, rec=0.4646)
  tp=11160 fp=42 fn=12861 tn=34817
[save] D:\Users\dust\Documents\학교\2026년도1학기\컴퓨터비전\실습\FoundationStereo\experiments\ds_v2_seed1/computer_room_v38\submodel_applied  (pred_mask.png, panel.png, metrics.json)

============================================================
STEP: estimate_mirror_plane
============================================================

============================================================
STEP: viz_ransac_inliers
============================================================

============================================================
STEP: make_mirror_gt_from_depth
============================================================

============================================================
STEP: analyze_features
============================================================

============================================================
STEP: submodel_head
============================================================

============================================================
STEP: apply_submodel
============================================================

DONE: D:\Users\dust\Documents\학교\2026년도1학기\컴퓨터비전\실습\FoundationStereo\experiments\ds_v2_seed1/computer_room_v38 (ok)

##### [40/130] ds_v2_seed1/computer_room_v39  (done 1, fail 0, skip 38, elapsed 1m, ETA 96m) #####
[scene] ds_v2_seed1/computer_room_v39  size=1280x720
[select] mirror 점 개수 = 258905  (mask=258905, valid&depth = 881849)
[conf] mirror 영역 평균 confidence = 0.7418

=== 평면 추정 결과 ===
  [PCA (closed form)]
      normal = [-0.1045, -0.8731, -0.4762]
      d = +1.6597   mirror_depth(perp) = 1.6597 m   view_z = 5.6603 m
      n_inliers = 258905/258905   rms_residual = 0.39221 m
  [RANSAC]
      normal = [+0.3472, +0.2475, -0.9046]
      d = +7.1671   mirror_depth(perp) = 7.1671 m   view_z = 5.6603 m
      n_inliers = 79632/258905   rms_residual = 0.01988 m
  [SVD robust (IRLS)]
      normal = [-0.1145, -0.8634, -0.4914]
      d = +1.7072   mirror_depth(perp) = 1.7072 m   view_z = 5.6603 m
      n_inliers = 37925/258905   rms_residual = 0.04013 m

[save] D:\Users\dust\Documents\학교\2026년도1학기\컴퓨터비전\실습\FoundationStereo\experiments\ds_v2_seed1/computer_room_v39\mirror_geometry\result.json
[save] D:\Users\dust\Documents\학교\2026년도1학기\컴퓨터비전\실습\FoundationStereo\experiments\ds_v2_seed1/computer_room_v39\mirror_geometry\plane.txt
[save] D:\Users\dust\Documents\학교\2026년도1학기\컴퓨터비전\실습\FoundationStereo\experiments\ds_v2_seed1/computer_room_v39\mirror_geometry\viz.png

DONE: D:\Users\dust\Documents\학교\2026년도1학기\컴퓨터비전\실습\FoundationStereo\experiments\ds_v2_seed1/computer_room_v39\mirror_geometry
[ds_v2_seed1/computer_room_v39] 거울 점 258905개 중 inlier 79632 (30.8%) / outlier 179273
  normal=[ 0.347  0.247 -0.905] d=7.167  rms(inlier)=0.0199 m  thr≈0.071 m
[save] D:\Users\dust\Documents\학교\2026년도1학기\컴퓨터비전\실습\FoundationStereo\experiments\ds_v2_seed1/computer_room_v39\mirror_geometry\ransac_inliers.png
[gt] computer_room_v39            perp 3.47m planRMS 0.0010m  normal [0.369, 0.258, -0.893]

생성 1, 건너뜀 0 (depth_gt/mask 없음 등)
[ds_v2_seed1/computer_room_v39] feature 184x320  mirror_frac=0.28262567934782606  feat_left=True
rank  signal              AUC    pol  sep     mean_in     mean_out
  1  post_entropy       0.8015   -  0.5476    0.623627    1.000586
  2  post_conf          0.7734   +  0.5477    0.741191    0.581113
  3  delta_conf         0.6964   +  0.3676     0.35061    0.154688
  4  delta_entropy      0.6582   -  0.2912   -1.374534   -0.840875
  5  feat_left_pc1      0.6395   -  0.2224     1.87735    2.756915
  6  feat_left_l2       0.6331   +  0.2027   17.381492   16.173668
  7  pre_entropy        0.5758   +  0.0959     1.99816    1.841461
  8  pre_conf           0.5639   -  0.0839     0.39058    0.426425
  9  feat_left_pc3      0.5412   +  0.0807    1.808691    1.556462
 10  delta_argdisp      0.5203   -  0.0303   44.057388   45.955799
 11  feat_left_pc2      0.5098   -  0.0032    2.116836    2.105346
BEST: post_entropy (AUC=0.8015, polarity=-)
저장: D:\Users\dust\Documents\학교\2026년도1학기\컴퓨터비전\실습\FoundationStereo\experiments\ds_v2_seed1/computer_room_v39\features\report.json / panels.png / mirror_signal.npy
[device] cuda
  [train] epoch 60/300  loss=0.5381
  [train] epoch 120/300  loss=0.4323
  [train] epoch 180/300  loss=0.3488
  [train] epoch 240/300  loss=0.2724
  [train] epoch 300/300  loss=0.2085

[VAL] scene=ds_v2_seed1/computer_room_v39  (pixel 70/30 split)
  AUC      = 0.9837
  IoU@0.5  = 0.7800
  F1@0.5   = 0.8764
  accuracy = 0.9252  (prec=0.8129, rec=0.9507)
  tp=4688 fp=1079 fn=243 tn=11654

[save] D:\Users\dust\Documents\학교\2026년도1학기\컴퓨터비전\실습\FoundationStereo\experiments\ds_v2_seed1/computer_room_v39\submodel
  pred_mask.png, panel.png, metrics.json, head.pt
DONE: D:\Users\dust\Documents\학교\2026년도1학기\컴퓨터비전\실습\FoundationStereo\experiments\ds_v2_seed1/computer_room_v39\submodel
[device] cuda
[load] D:\Users\dust\Documents\학교\2026년도1학기\컴퓨터비전\실습\FoundationStereo\experiments\_model\general_head.pt  (train_scenes=['archiviz_baseline080', 'bedroom_baseline080', 'blue_bathroom_baseline080', 'computer_room_baseline080', 'cozy_living_room_baseline080', 'flat-archiviz_baseline080', 'green_house_baseline080', 'gym_baseline080', 'livingroom_baseline080', 'minimal_interior_baseline080', 'scandinavian_baseline080', 'sunlight_baseline080'])

[APPLY] ds_v2_seed1/computer_room_v39  (저장모델로 새 데이터 평가)
  AUC      = 0.9866
  IoU@0.5  = 0.6486
  F1@0.5   = 0.7868
  accuracy = 0.8988  (prec=0.9724, rec=0.6607)
  tp=10995 fp=312 fn=5646 tn=41927
[save] D:\Users\dust\Documents\학교\2026년도1학기\컴퓨터비전\실습\FoundationStereo\experiments\ds_v2_seed1/computer_room_v39\submodel_applied  (pred_mask.png, panel.png, metrics.json)

============================================================
STEP: estimate_mirror_plane
============================================================

============================================================
STEP: viz_ransac_inliers
============================================================

============================================================
STEP: make_mirror_gt_from_depth
============================================================

============================================================
STEP: analyze_features
============================================================

============================================================
STEP: submodel_head
============================================================

============================================================
STEP: apply_submodel
============================================================

DONE: D:\Users\dust\Documents\학교\2026년도1학기\컴퓨터비전\실습\FoundationStereo\experiments\ds_v2_seed1/computer_room_v39 (ok)

##### [41/130] ds_v2_seed1/computer_room_v40  (done 2, fail 0, skip 38, elapsed 2m, ETA 80m) #####
[scene] ds_v2_seed1/computer_room_v40  size=1280x720
[select] mirror 점 개수 = 229638  (mask=237761, valid&depth = 875309)
[conf] mirror 영역 평균 confidence = 0.7058

=== 평면 추정 결과 ===
  [PCA (closed form)]
      normal = [-0.1500, -0.8454, -0.5126]
      d = +1.6358   mirror_depth(perp) = 1.6358 m   view_z = 5.3346 m
      n_inliers = 229638/229638   rms_residual = 0.35358 m
  [RANSAC]
      normal = [+0.5360, +0.2247, -0.8138]
      d = +6.9162   mirror_depth(perp) = 6.9162 m   view_z = 5.3346 m
      n_inliers = 58452/229638   rms_residual = 0.01771 m
  [SVD robust (IRLS)]
      normal = [-0.1993, -0.7960, -0.5716]
      d = +1.9179   mirror_depth(perp) = 1.9179 m   view_z = 5.3346 m
      n_inliers = 37786/229638   rms_residual = 0.04027 m

[save] D:\Users\dust\Documents\학교\2026년도1학기\컴퓨터비전\실습\FoundationStereo\experiments\ds_v2_seed1/computer_room_v40\mirror_geometry\result.json
[save] D:\Users\dust\Documents\학교\2026년도1학기\컴퓨터비전\실습\FoundationStereo\experiments\ds_v2_seed1/computer_room_v40\mirror_geometry\plane.txt
[save] D:\Users\dust\Documents\학교\2026년도1학기\컴퓨터비전\실습\FoundationStereo\experiments\ds_v2_seed1/computer_room_v40\mirror_geometry\viz.png

DONE: D:\Users\dust\Documents\학교\2026년도1학기\컴퓨터비전\실습\FoundationStereo\experiments\ds_v2_seed1/computer_room_v40\mirror_geometry
[ds_v2_seed1/computer_room_v40] 거울 점 229638개 중 inlier 58452 (25.5%) / outlier 171186
  normal=[ 0.536  0.225 -0.814] d=6.916  rms(inlier)=0.0177 m  thr≈0.070 m
[save] D:\Users\dust\Documents\학교\2026년도1학기\컴퓨터비전\실습\FoundationStereo\experiments\ds_v2_seed1/computer_room_v40\mirror_geometry\ransac_inliers.png
[gt] computer_room_v40            perp 3.22m planRMS 0.0025m  normal [0.528, 0.239, -0.815]

생성 1, 건너뜀 0 (depth_gt/mask 없음 등)
[ds_v2_seed1/computer_room_v40] feature 184x320  mirror_frac=0.2602921195652174  feat_left=True
rank  signal              AUC    pol  sep     mean_in     mean_out
  1  post_entropy       0.7408   -  0.5183    0.662704    0.922449
  2  post_conf          0.6825   +  0.3697    0.700224    0.598044
  3  delta_entropy      0.6463   -  0.2806   -1.416776   -0.896635
  4  delta_conf         0.6389   +  0.2307    0.302196    0.175376
  5  feat_left_pc1      0.6307   -  0.2226    1.820572    2.686423
  6  feat_left_l2       0.6017   +  0.1485   17.155678   16.284197
  7  pre_entropy         0.584   +  0.1502     2.07948    1.819084
  8  pre_conf           0.5571   -  0.0552    0.398028    0.422668
  9  feat_left_pc3      0.5176   +  0.0354    1.787257    1.679892
 10  feat_left_pc2      0.5127   -  0.0112    1.997671    2.037339
 11  delta_argdisp      0.5005   +  0.0167   44.818217   43.771158
BEST: post_entropy (AUC=0.7408, polarity=-)
저장: D:\Users\dust\Documents\학교\2026년도1학기\컴퓨터비전\실습\FoundationStereo\experiments\ds_v2_seed1/computer_room_v40\features\report.json / panels.png / mirror_signal.npy
[device] cuda
  [train] epoch 60/300  loss=0.5816
  [train] epoch 120/300  loss=0.4529
  [train] epoch 180/300  loss=0.3566
  [train] epoch 240/300  loss=0.2775
  [train] epoch 300/300  loss=0.2143

[VAL] scene=ds_v2_seed1/computer_room_v40  (pixel 70/30 split)
  AUC      = 0.9808
  IoU@0.5  = 0.7556
  F1@0.5   = 0.8608
  accuracy = 0.9223  (prec=0.7957, rec=0.9375)
  tp=4242 fp=1089 fn=283 tn=12050

[save] D:\Users\dust\Documents\학교\2026년도1학기\컴퓨터비전\실습\FoundationStereo\experiments\ds_v2_seed1/computer_room_v40\submodel
  pred_mask.png, panel.png, metrics.json, head.pt
DONE: D:\Users\dust\Documents\학교\2026년도1학기\컴퓨터비전\실습\FoundationStereo\experiments\ds_v2_seed1/computer_room_v40\submodel
[device] cuda
[load] D:\Users\dust\Documents\학교\2026년도1학기\컴퓨터비전\실습\FoundationStereo\experiments\_model\general_head.pt  (train_scenes=['archiviz_baseline080', 'bedroom_baseline080', 'blue_bathroom_baseline080', 'computer_room_baseline080', 'cozy_living_room_baseline080', 'flat-archiviz_baseline080', 'green_house_baseline080', 'gym_baseline080', 'livingroom_baseline080', 'minimal_interior_baseline080', 'scandinavian_baseline080', 'sunlight_baseline080'])

[APPLY] ds_v2_seed1/computer_room_v40  (저장모델로 새 데이터 평가)
  AUC      = 0.9822
  IoU@0.5  = 0.5773
  F1@0.5   = 0.7320
  accuracy = 0.8886  (prec=0.9793, rec=0.5844)
  tp=8957 fp=189 fn=6369 tn=43365
[save] D:\Users\dust\Documents\학교\2026년도1학기\컴퓨터비전\실습\FoundationStereo\experiments\ds_v2_seed1/computer_room_v40\submodel_applied  (pred_mask.png, panel.png, metrics.json)

============================================================
STEP: estimate_mirror_plane
============================================================

============================================================
STEP: viz_ransac_inliers
============================================================

============================================================
STEP: make_mirror_gt_from_depth
============================================================

============================================================
STEP: analyze_features
============================================================

============================================================
STEP: submodel_head
============================================================

============================================================
STEP: apply_submodel
============================================================

DONE: D:\Users\dust\Documents\학교\2026년도1학기\컴퓨터비전\실습\FoundationStereo\experiments\ds_v2_seed1/computer_room_v40 (ok)

##### [42/130] ds_v2_seed1/computer_room_v41  (done 3, fail 0, skip 38, elapsed 2m, ETA 73m) #####
[scene] ds_v2_seed1/computer_room_v41  size=1280x720
[select] mirror 점 개수 = 165703  (mask=173916, valid&depth = 883727)
[conf] mirror 영역 평균 confidence = 0.6929

=== 평면 추정 결과 ===
  [PCA (closed form)]
      normal = [-0.2666, -0.7570, -0.5966]
      d = +1.6540   mirror_depth(perp) = 1.6540 m   view_z = 4.7293 m
      n_inliers = 165703/165703   rms_residual = 0.25829 m
  [RANSAC]
      normal = [+0.0489, -0.9282, -0.3689]
      d = +1.3092   mirror_depth(perp) = 1.3092 m   view_z = 4.7293 m
      n_inliers = 52617/165703   rms_residual = 0.01313 m
  [SVD robust (IRLS)]
      normal = [-0.3005, -0.7363, -0.6063]
      d = +1.6581   mirror_depth(perp) = 1.6581 m   view_z = 4.7293 m
      n_inliers = 32104/165703   rms_residual = 0.03401 m

[save] D:\Users\dust\Documents\학교\2026년도1학기\컴퓨터비전\실습\FoundationStereo\experiments\ds_v2_seed1/computer_room_v41\mirror_geometry\result.json
[save] D:\Users\dust\Documents\학교\2026년도1학기\컴퓨터비전\실습\FoundationStereo\experiments\ds_v2_seed1/computer_room_v41\mirror_geometry\plane.txt
[save] D:\Users\dust\Documents\학교\2026년도1학기\컴퓨터비전\실습\FoundationStereo\experiments\ds_v2_seed1/computer_room_v41\mirror_geometry\viz.png

DONE: D:\Users\dust\Documents\학교\2026년도1학기\컴퓨터비전\실습\FoundationStereo\experiments\ds_v2_seed1/computer_room_v41\mirror_geometry
[ds_v2_seed1/computer_room_v41] 거울 점 165703개 중 inlier 52617 (31.8%) / outlier 113086
  normal=[ 0.049 -0.928 -0.369] d=1.309  rms(inlier)=0.0131 m  thr≈0.060 m
[save] D:\Users\dust\Documents\학교\2026년도1학기\컴퓨터비전\실습\FoundationStereo\experiments\ds_v2_seed1/computer_room_v41\mirror_geometry\ransac_inliers.png
[gt] computer_room_v41            perp 3.09m planRMS 0.0000m  normal [0.633, 0.307, -0.71]

생성 1, 건너뜀 0 (depth_gt/mask 없음 등)
[ds_v2_seed1/computer_room_v41] feature 184x320  mirror_frac=0.190625  feat_left=True
rank  signal              AUC    pol  sep     mean_in     mean_out
  1  post_entropy       0.7158   -  0.4096    0.663541    0.844705
  2  feat_left_pc1      0.6542   -  0.2688    1.772822     2.73729
  3  feat_left_l2        0.622   +  0.1779   17.374057    16.36387
  4  post_conf          0.6117   +  0.2308    0.690571    0.630308
  5  delta_entropy      0.5742   -  0.1649   -1.386643   -1.076205
  6  delta_conf         0.5426   +  0.0607    0.266809     0.23495
  7  pre_entropy        0.5248   +  0.0708    2.050183     1.92091
  8  delta_argdisp      0.5213   -  0.0115   41.966411   41.207844
  9  feat_left_pc2      0.5174   +   0.035    2.124554    2.010314
 10  pre_conf           0.5092   +  0.0628    0.423762    0.395358
 11  feat_left_pc3      0.5003   +  0.0183    1.611564    1.665528
BEST: post_entropy (AUC=0.7158, polarity=-)
저장: D:\Users\dust\Documents\학교\2026년도1학기\컴퓨터비전\실습\FoundationStereo\experiments\ds_v2_seed1/computer_room_v41\features\report.json / panels.png / mirror_signal.npy
[device] cuda
  [train] epoch 60/300  loss=0.6102
  [train] epoch 120/300  loss=0.4417
  [train] epoch 180/300  loss=0.3298
  [train] epoch 240/300  loss=0.2458
  [train] epoch 300/300  loss=0.1841

[VAL] scene=ds_v2_seed1/computer_room_v41  (pixel 70/30 split)
  AUC      = 0.9873
  IoU@0.5  = 0.7487
  F1@0.5   = 0.8563
  accuracy = 0.9398  (prec=0.7814, rec=0.9471)
  tp=3170 fp=887 fn=177 tn=13430

[save] D:\Users\dust\Documents\학교\2026년도1학기\컴퓨터비전\실습\FoundationStereo\experiments\ds_v2_seed1/computer_room_v41\submodel
  pred_mask.png, panel.png, metrics.json, head.pt
DONE: D:\Users\dust\Documents\학교\2026년도1학기\컴퓨터비전\실습\FoundationStereo\experiments\ds_v2_seed1/computer_room_v41\submodel
[device] cuda
[load] D:\Users\dust\Documents\학교\2026년도1학기\컴퓨터비전\실습\FoundationStereo\experiments\_model\general_head.pt  (train_scenes=['archiviz_baseline080', 'bedroom_baseline080', 'blue_bathroom_baseline080', 'computer_room_baseline080', 'cozy_living_room_baseline080', 'flat-archiviz_baseline080', 'green_house_baseline080', 'gym_baseline080', 'livingroom_baseline080', 'minimal_interior_baseline080', 'scandinavian_baseline080', 'sunlight_baseline080'])

[APPLY] ds_v2_seed1/computer_room_v41  (저장모델로 새 데이터 평가)
  AUC      = 0.9730
  IoU@0.5  = 0.3883
  F1@0.5   = 0.5594
  accuracy = 0.8825  (prec=0.9810, rec=0.3912)
  tp=4391 fp=85 fn=6833 tn=47571
[save] D:\Users\dust\Documents\학교\2026년도1학기\컴퓨터비전\실습\FoundationStereo\experiments\ds_v2_seed1/computer_room_v41\submodel_applied  (pred_mask.png, panel.png, metrics.json)

============================================================
STEP: estimate_mirror_plane
============================================================

============================================================
STEP: viz_ransac_inliers
============================================================

============================================================
STEP: make_mirror_gt_from_depth
============================================================

============================================================
STEP: analyze_features
============================================================

============================================================
STEP: submodel_head
============================================================

============================================================
STEP: apply_submodel
============================================================

DONE: D:\Users\dust\Documents\학교\2026년도1학기\컴퓨터비전\실습\FoundationStereo\experiments\ds_v2_seed1/computer_room_v41 (ok)

##### [43/130] ds_v2_seed1/computer_room_v42  (done 4, fail 0, skip 38, elapsed 3m, ETA 67m) #####
[scene] ds_v2_seed1/computer_room_v42  size=1280x720
[select] mirror 점 개수 = 238393  (mask=248675, valid&depth = 883141)
[conf] mirror 영역 평균 confidence = 0.6921

=== 평면 추정 결과 ===
  [PCA (closed form)]
      normal = [-0.1359, -0.8495, -0.5098]
      d = +1.5402   mirror_depth(perp) = 1.5402 m   view_z = 4.9969 m
      n_inliers = 238393/238393   rms_residual = 0.30613 m
  [RANSAC]
      normal = [+0.0158, -0.9310, -0.3646]
      d = +1.3484   mirror_depth(perp) = 1.3484 m   view_z = 4.9969 m
      n_inliers = 69867/238393   rms_residual = 0.01511 m
  [SVD robust (IRLS)]
      normal = [-0.1603, -0.8188, -0.5513]
      d = +1.7256   mirror_depth(perp) = 1.7256 m   view_z = 4.9969 m
      n_inliers = 44881/238393   rms_residual = 0.03703 m

[save] D:\Users\dust\Documents\학교\2026년도1학기\컴퓨터비전\실습\FoundationStereo\experiments\ds_v2_seed1/computer_room_v42\mirror_geometry\result.json
[save] D:\Users\dust\Documents\학교\2026년도1학기\컴퓨터비전\실습\FoundationStereo\experiments\ds_v2_seed1/computer_room_v42\mirror_geometry\plane.txt
[save] D:\Users\dust\Documents\학교\2026년도1학기\컴퓨터비전\실습\FoundationStereo\experiments\ds_v2_seed1/computer_room_v42\mirror_geometry\viz.png

DONE: D:\Users\dust\Documents\학교\2026년도1학기\컴퓨터비전\실습\FoundationStereo\experiments\ds_v2_seed1/computer_room_v42\mirror_geometry
[ds_v2_seed1/computer_room_v42] 거울 점 238393개 중 inlier 69867 (29.3%) / outlier 168526
  normal=[ 0.016 -0.931 -0.365] d=1.348  rms(inlier)=0.0151 m  thr≈0.067 m
[save] D:\Users\dust\Documents\학교\2026년도1학기\컴퓨터비전\실습\FoundationStereo\experiments\ds_v2_seed1/computer_room_v42\mirror_geometry\ransac_inliers.png
[gt] computer_room_v42            perp 3.13m planRMS 0.0018m  normal [0.511, 0.313, -0.801]

생성 1, 건너뜀 0 (depth_gt/mask 없음 등)
[ds_v2_seed1/computer_room_v42] feature 184x320  mirror_frac=0.2721467391304348  feat_left=True
rank  signal              AUC    pol  sep     mean_in     mean_out
  1  post_entropy       0.6594   -  0.3747    0.690914    0.896181
  2  post_conf          0.6125   +  0.2522    0.687346    0.617668
  3  feat_left_pc1      0.6014   -  0.1828    1.909421      2.6217
  4  delta_entropy      0.6013   -  0.2011   -1.334975   -0.970789
  5  delta_conf           0.58   +   0.125    0.274894      0.2086
  6  feat_left_l2       0.5725   +   0.097   16.933972   16.374598
  7  pre_entropy        0.5471   +   0.093    2.025889     1.86697
  8  pre_conf           0.5198   -  0.0078    0.412452    0.409068
  9  feat_left_pc3      0.5172   +  0.0181    1.757804    1.704308
 10  feat_left_pc2      0.5153   -  0.0353    1.965194    2.080753
 11  delta_argdisp      0.5059   -  0.0055   44.230904   43.878663
BEST: post_entropy (AUC=0.6594, polarity=-)
저장: D:\Users\dust\Documents\학교\2026년도1학기\컴퓨터비전\실습\FoundationStereo\experiments\ds_v2_seed1/computer_room_v42\features\report.json / panels.png / mirror_signal.npy
[device] cuda
  [train] epoch 60/300  loss=0.5660
  [train] epoch 120/300  loss=0.4219
  [train] epoch 180/300  loss=0.3175
  [train] epoch 240/300  loss=0.2373
  [train] epoch 300/300  loss=0.1784

[VAL] scene=ds_v2_seed1/computer_room_v42  (pixel 70/30 split)
  AUC      = 0.9858
  IoU@0.5  = 0.7846
  F1@0.5   = 0.8793
  accuracy = 0.9308  (prec=0.8245, rec=0.9419)
  tp=4455 fp=948 fn=275 tn=11986

[save] D:\Users\dust\Documents\학교\2026년도1학기\컴퓨터비전\실습\FoundationStereo\experiments\ds_v2_seed1/computer_room_v42\submodel
  pred_mask.png, panel.png, metrics.json, head.pt
DONE: D:\Users\dust\Documents\학교\2026년도1학기\컴퓨터비전\실습\FoundationStereo\experiments\ds_v2_seed1/computer_room_v42\submodel
[device] cuda
[load] D:\Users\dust\Documents\학교\2026년도1학기\컴퓨터비전\실습\FoundationStereo\experiments\_model\general_head.pt  (train_scenes=['archiviz_baseline080', 'bedroom_baseline080', 'blue_bathroom_baseline080', 'computer_room_baseline080', 'cozy_living_room_baseline080', 'flat-archiviz_baseline080', 'green_house_baseline080', 'gym_baseline080', 'livingroom_baseline080', 'minimal_interior_baseline080', 'scandinavian_baseline080', 'sunlight_baseline080'])

[APPLY] ds_v2_seed1/computer_room_v42  (저장모델로 새 데이터 평가)
  AUC      = 0.9753
  IoU@0.5  = 0.4649
  F1@0.5   = 0.6347
  accuracy = 0.8532  (prec=0.9834, rec=0.4685)
  tp=7508 fp=127 fn=8516 tn=42729
[save] D:\Users\dust\Documents\학교\2026년도1학기\컴퓨터비전\실습\FoundationStereo\experiments\ds_v2_seed1/computer_room_v42\submodel_applied  (pred_mask.png, panel.png, metrics.json)

============================================================
STEP: estimate_mirror_plane
============================================================

============================================================
STEP: viz_ransac_inliers
============================================================

============================================================
STEP: make_mirror_gt_from_depth
============================================================

============================================================
STEP: analyze_features
============================================================

============================================================
STEP: submodel_head
============================================================

============================================================
STEP: apply_submodel
============================================================

DONE: D:\Users\dust\Documents\학교\2026년도1학기\컴퓨터비전\실습\FoundationStereo\experiments\ds_v2_seed1/computer_room_v42 (ok)

##### [44/130] ds_v2_seed1/computer_room_v43  (done 5, fail 0, skip 38, elapsed 4m, ETA 65m) #####
[scene] ds_v2_seed1/computer_room_v43  size=1280x720
[select] mirror 점 개수 = 367277  (mask=380955, valid&depth = 900628)
[conf] mirror 영역 평균 confidence = 0.7067

=== 평면 추정 결과 ===
  [PCA (closed form)]
      normal = [-0.3534, -0.6418, -0.6806]
      d = +2.7553   mirror_depth(perp) = 2.7553 m   view_z = 5.3647 m
      n_inliers = 367277/367277   rms_residual = 0.45482 m
  [RANSAC]
      normal = [+0.5165, +0.1274, -0.8467]
      d = +6.8720   mirror_depth(perp) = 6.8720 m   view_z = 5.3647 m
      n_inliers = 123604/367277   rms_residual = 0.01898 m
  [SVD robust (IRLS)]
      normal = [-0.3701, -0.6198, -0.6920]
      d = +2.8226   mirror_depth(perp) = 2.8226 m   view_z = 5.3647 m
      n_inliers = 47372/367277   rms_residual = 0.04021 m

[save] D:\Users\dust\Documents\학교\2026년도1학기\컴퓨터비전\실습\FoundationStereo\experiments\ds_v2_seed1/computer_room_v43\mirror_geometry\result.json
[save] D:\Users\dust\Documents\학교\2026년도1학기\컴퓨터비전\실습\FoundationStereo\experiments\ds_v2_seed1/computer_room_v43\mirror_geometry\plane.txt
[save] D:\Users\dust\Documents\학교\2026년도1학기\컴퓨터비전\실습\FoundationStereo\experiments\ds_v2_seed1/computer_room_v43\mirror_geometry\viz.png

DONE: D:\Users\dust\Documents\학교\2026년도1학기\컴퓨터비전\실습\FoundationStereo\experiments\ds_v2_seed1/computer_room_v43\mirror_geometry
[ds_v2_seed1/computer_room_v43] 거울 점 367277개 중 inlier 123604 (33.7%) / outlier 243673
  normal=[ 0.517  0.127 -0.847] d=6.872  rms(inlier)=0.0190 m  thr≈0.070 m
[save] D:\Users\dust\Documents\학교\2026년도1학기\컴퓨터비전\실습\FoundationStereo\experiments\ds_v2_seed1/computer_room_v43\mirror_geometry\ransac_inliers.png
[gt] computer_room_v43            perp 3.16m planRMS 0.0000m  normal [0.509, 0.138, -0.85]

생성 1, 건너뜀 0 (depth_gt/mask 없음 등)
[ds_v2_seed1/computer_room_v43] feature 184x320  mirror_frac=0.4159986413043478  feat_left=True
rank  signal              AUC    pol  sep     mean_in     mean_out
  1  post_entropy       0.6514   -  0.2686    0.677668    0.766262
  2  post_conf          0.6115   +  0.2017    0.702224    0.655658
  3  delta_conf         0.5716   +  0.0996    0.305643    0.258146
  4  delta_argdisp      0.5688   +  0.1226   49.952356   41.986099
  5  delta_entropy      0.5682   -  0.1439   -1.380895    -1.13509
  6  feat_left_pc2      0.5407   +  0.0759    2.286254    2.050337
  7  pre_entropy        0.5377   +   0.092    2.058563    1.901352
  8  pre_conf           0.5151   -  0.0022     0.39658    0.397513
  9  feat_left_pc1      0.5075   -  0.0045    2.362255    2.344102
 10  feat_left_l2       0.5057   +  0.0284   16.692747   16.525908
 11  feat_left_pc3      0.5046   +  0.0399    1.820345    1.683774
BEST: post_entropy (AUC=0.6514, polarity=-)
저장: D:\Users\dust\Documents\학교\2026년도1학기\컴퓨터비전\실습\FoundationStereo\experiments\ds_v2_seed1/computer_room_v43\features\report.json / panels.png / mirror_signal.npy
[device] cuda
  [train] epoch 60/300  loss=0.4227
  [train] epoch 120/300  loss=0.2821
  [train] epoch 180/300  loss=0.1992
  [train] epoch 240/300  loss=0.1444
  [train] epoch 300/300  loss=0.1073

[VAL] scene=ds_v2_seed1/computer_room_v43  (pixel 70/30 split)
  AUC      = 0.9936
  IoU@0.5  = 0.9027
  F1@0.5   = 0.9489
  accuracy = 0.9571  (prec=0.9393, rec=0.9586)
  tp=7022 fp=454 fn=303 tn=9885

[save] D:\Users\dust\Documents\학교\2026년도1학기\컴퓨터비전\실습\FoundationStereo\experiments\ds_v2_seed1/computer_room_v43\submodel
  pred_mask.png, panel.png, metrics.json, head.pt
DONE: D:\Users\dust\Documents\학교\2026년도1학기\컴퓨터비전\실습\FoundationStereo\experiments\ds_v2_seed1/computer_room_v43\submodel
[device] cuda
[load] D:\Users\dust\Documents\학교\2026년도1학기\컴퓨터비전\실습\FoundationStereo\experiments\_model\general_head.pt  (train_scenes=['archiviz_baseline080', 'bedroom_baseline080', 'blue_bathroom_baseline080', 'computer_room_baseline080', 'cozy_living_room_baseline080', 'flat-archiviz_baseline080', 'green_house_baseline080', 'gym_baseline080', 'livingroom_baseline080', 'minimal_interior_baseline080', 'scandinavian_baseline080', 'sunlight_baseline080'])

[APPLY] ds_v2_seed1/computer_room_v43  (저장모델로 새 데이터 평가)
  AUC      = 0.9698
  IoU@0.5  = 0.4510
  F1@0.5   = 0.6216
  accuracy = 0.7714  (prec=0.9977, rec=0.4515)
  tp=11058 fp=26 fn=13436 tn=34360
[save] D:\Users\dust\Documents\학교\2026년도1학기\컴퓨터비전\실습\FoundationStereo\experiments\ds_v2_seed1/computer_room_v43\submodel_applied  (pred_mask.png, panel.png, metrics.json)

============================================================
STEP: estimate_mirror_plane
============================================================

============================================================
STEP: viz_ransac_inliers
============================================================

============================================================
STEP: make_mirror_gt_from_depth
============================================================

============================================================
STEP: analyze_features
============================================================

============================================================
STEP: submodel_head
============================================================

============================================================
STEP: apply_submodel
============================================================

DONE: D:\Users\dust\Documents\학교\2026년도1학기\컴퓨터비전\실습\FoundationStereo\experiments\ds_v2_seed1/computer_room_v43 (ok)

##### [45/130] ds_v2_seed1/computer_room_v44  (done 6, fail 0, skip 38, elapsed 5m, ETA 66m) #####
[scene] ds_v2_seed1/computer_room_v44  size=1280x720
[select] mirror 점 개수 = 272931  (mask=283100, valid&depth = 894679)
[conf] mirror 영역 평균 confidence = 0.6961

=== 평면 추정 결과 ===
  [PCA (closed form)]
      normal = [-0.3923, -0.6376, -0.6630]
      d = +2.3653   mirror_depth(perp) = 2.3653 m   view_z = 5.2887 m
      n_inliers = 272931/272931   rms_residual = 0.39113 m
  [RANSAC]
      normal = [-0.8284, +0.0597, -0.5570]
      d = +2.3100   mirror_depth(perp) = 2.3100 m   view_z = 5.2887 m
      n_inliers = 84397/272931   rms_residual = 0.01359 m
  [SVD robust (IRLS)]
      normal = [-0.3852, -0.6339, -0.6707]
      d = +2.4051   mirror_depth(perp) = 2.4051 m   view_z = 5.2887 m
      n_inliers = 42896/272931   rms_residual = 0.03941 m

[save] D:\Users\dust\Documents\학교\2026년도1학기\컴퓨터비전\실습\FoundationStereo\experiments\ds_v2_seed1/computer_room_v44\mirror_geometry\result.json
[save] D:\Users\dust\Documents\학교\2026년도1학기\컴퓨터비전\실습\FoundationStereo\experiments\ds_v2_seed1/computer_room_v44\mirror_geometry\plane.txt
[save] D:\Users\dust\Documents\학교\2026년도1학기\컴퓨터비전\실습\FoundationStereo\experiments\ds_v2_seed1/computer_room_v44\mirror_geometry\viz.png

DONE: D:\Users\dust\Documents\학교\2026년도1학기\컴퓨터비전\실습\FoundationStereo\experiments\ds_v2_seed1/computer_room_v44\mirror_geometry
[ds_v2_seed1/computer_room_v44] 거울 점 272931개 중 inlier 84397 (30.9%) / outlier 188534
  normal=[-0.828  0.06  -0.557] d=2.310  rms(inlier)=0.0136 m  thr≈0.068 m
[save] D:\Users\dust\Documents\학교\2026년도1학기\컴퓨터비전\실습\FoundationStereo\experiments\ds_v2_seed1/computer_room_v44\mirror_geometry\ransac_inliers.png
[gt] computer_room_v44            perp 3.16m planRMS 0.0024m  normal [0.552, 0.182, -0.814]

생성 1, 건너뜀 0 (depth_gt/mask 없음 등)
[ds_v2_seed1/computer_room_v44] feature 184x320  mirror_frac=0.309375  feat_left=True
rank  signal              AUC    pol  sep     mean_in     mean_out
  1  post_entropy       0.6455   -  0.2455     0.67056    0.739571
  2  delta_entropy      0.5653   -  0.1336   -1.446981   -1.213073
  3  post_conf          0.5563   +  0.0985    0.691874    0.669865
  4  feat_left_pc1       0.553   -  0.0852    2.122191    2.454609
  5  delta_conf         0.5506   +  0.0427    0.302285    0.281712
  6  pre_entropy        0.5426   +  0.0937    2.117541    1.952643
  7  feat_left_l2       0.5401   +  0.0651   16.882979   16.519589
  8  feat_left_pc2      0.5304   +  0.0553    2.198547    2.026263
  9  pre_conf           0.5209   -  0.0033    0.389588    0.388154
 10  delta_argdisp      0.5159   +  0.0495    44.55325   41.346105
 11  feat_left_pc3      0.5131   -  0.0254    1.639084     1.72208
BEST: post_entropy (AUC=0.6455, polarity=-)
저장: D:\Users\dust\Documents\학교\2026년도1학기\컴퓨터비전\실습\FoundationStereo\experiments\ds_v2_seed1/computer_room_v44\features\report.json / panels.png / mirror_signal.npy
[device] cuda
  [train] epoch 60/300  loss=0.5189
  [train] epoch 120/300  loss=0.3509
  [train] epoch 180/300  loss=0.2464
  [train] epoch 240/300  loss=0.1755
  [train] epoch 300/300  loss=0.1276

[VAL] scene=ds_v2_seed1/computer_room_v44  (pixel 70/30 split)
  AUC      = 0.9932
  IoU@0.5  = 0.8766
  F1@0.5   = 0.9342
  accuracy = 0.9583  (prec=0.9043, rec=0.9662)
  tp=5226 fp=553 fn=183 tn=11702

[save] D:\Users\dust\Documents\학교\2026년도1학기\컴퓨터비전\실습\FoundationStereo\experiments\ds_v2_seed1/computer_room_v44\submodel
  pred_mask.png, panel.png, metrics.json, head.pt
DONE: D:\Users\dust\Documents\학교\2026년도1학기\컴퓨터비전\실습\FoundationStereo\experiments\ds_v2_seed1/computer_room_v44\submodel
[device] cuda
[load] D:\Users\dust\Documents\학교\2026년도1학기\컴퓨터비전\실습\FoundationStereo\experiments\_model\general_head.pt  (train_scenes=['archiviz_baseline080', 'bedroom_baseline080', 'blue_bathroom_baseline080', 'computer_room_baseline080', 'cozy_living_room_baseline080', 'flat-archiviz_baseline080', 'green_house_baseline080', 'gym_baseline080', 'livingroom_baseline080', 'minimal_interior_baseline080', 'scandinavian_baseline080', 'sunlight_baseline080'])

[APPLY] ds_v2_seed1/computer_room_v44  (저장모델로 새 데이터 평가)
  AUC      = 0.9806
  IoU@0.5  = 0.4596
  F1@0.5   = 0.6298
  accuracy = 0.8325  (prec=0.9957, rec=0.4605)
  tp=8389 fp=36 fn=9827 tn=40628
[save] D:\Users\dust\Documents\학교\2026년도1학기\컴퓨터비전\실습\FoundationStereo\experiments\ds_v2_seed1/computer_room_v44\submodel_applied  (pred_mask.png, panel.png, metrics.json)

============================================================
STEP: estimate_mirror_plane
============================================================

============================================================
STEP: viz_ransac_inliers
============================================================

============================================================
STEP: make_mirror_gt_from_depth
============================================================

============================================================
STEP: analyze_features
============================================================

============================================================
STEP: submodel_head
============================================================

============================================================
STEP: apply_submodel
============================================================

DONE: D:\Users\dust\Documents\학교\2026년도1학기\컴퓨터비전\실습\FoundationStereo\experiments\ds_v2_seed1/computer_room_v44 (ok)

##### [46/130] ds_v2_seed1/computer_room_v45  (done 7, fail 0, skip 38, elapsed 5m, ETA 65m) #####
[scene] ds_v2_seed1/computer_room_v45  size=1280x720
[select] mirror 점 개수 = 289997  (mask=299899, valid&depth = 884066)
[conf] mirror 영역 평균 confidence = 0.6998

=== 평면 추정 결과 ===
  [PCA (closed form)]
      normal = [-0.3043, -0.7194, -0.6244]
      d = +2.2993   mirror_depth(perp) = 2.2993 m   view_z = 5.3632 m
      n_inliers = 289997/289997   rms_residual = 0.42380 m
  [RANSAC]
      normal = [+0.5686, +0.1943, -0.7993]
      d = +6.7686   mirror_depth(perp) = 6.7686 m   view_z = 5.3632 m
      n_inliers = 89586/289997   rms_residual = 0.02396 m
  [SVD robust (IRLS)]
      normal = [-0.3292, -0.6799, -0.6552]
      d = +2.4581   mirror_depth(perp) = 2.4581 m   view_z = 5.3632 m
      n_inliers = 44604/289997   rms_residual = 0.04125 m

[save] D:\Users\dust\Documents\학교\2026년도1학기\컴퓨터비전\실습\FoundationStereo\experiments\ds_v2_seed1/computer_room_v45\mirror_geometry\result.json
[save] D:\Users\dust\Documents\학교\2026년도1학기\컴퓨터비전\실습\FoundationStereo\experiments\ds_v2_seed1/computer_room_v45\mirror_geometry\plane.txt
[save] D:\Users\dust\Documents\학교\2026년도1학기\컴퓨터비전\실습\FoundationStereo\experiments\ds_v2_seed1/computer_room_v45\mirror_geometry\viz.png

DONE: D:\Users\dust\Documents\학교\2026년도1학기\컴퓨터비전\실습\FoundationStereo\experiments\ds_v2_seed1/computer_room_v45\mirror_geometry
[ds_v2_seed1/computer_room_v45] 거울 점 289997개 중 inlier 89586 (30.9%) / outlier 200411
  normal=[ 0.569  0.194 -0.799] d=6.769  rms(inlier)=0.0240 m  thr≈0.071 m
[save] D:\Users\dust\Documents\학교\2026년도1학기\컴퓨터비전\실습\FoundationStereo\experiments\ds_v2_seed1/computer_room_v45\mirror_geometry\ransac_inliers.png
[gt] computer_room_v45            perp 3.07m planRMS 0.0016m  normal [0.56, 0.174, -0.81]

생성 1, 건너뜀 0 (depth_gt/mask 없음 등)
[ds_v2_seed1/computer_room_v45] feature 184x320  mirror_frac=0.32776834239130437  feat_left=True
rank  signal              AUC    pol  sep     mean_in     mean_out
  1  post_entropy       0.6861   -  0.3745    0.672601    0.870494
  2  post_conf            0.63   +  0.2692    0.696097    0.622863
  3  delta_entropy       0.609   -  0.2205    -1.43171   -1.031907
  4  delta_conf         0.6005   +  0.1523    0.303028    0.223315
  5  feat_left_l2       0.5719   +  0.1044    16.90482   16.301361
  6  feat_left_pc1       0.562   -  0.0966     1.98522    2.398253
  7  pre_entropy        0.5579   +  0.1166    2.104312    1.902401
  8  pre_conf           0.5345   -   0.015    0.393069    0.399548
  9  feat_left_pc3      0.5269   +  0.0523    1.912479    1.751443
 10  delta_argdisp      0.5105   +  0.0307    45.46277   43.504889
 11  feat_left_pc2      0.5064   -  0.0084     2.03738    2.066245
BEST: post_entropy (AUC=0.6861, polarity=-)
저장: D:\Users\dust\Documents\학교\2026년도1학기\컴퓨터비전\실습\FoundationStereo\experiments\ds_v2_seed1/computer_room_v45\features\report.json / panels.png / mirror_signal.npy
[device] cuda
  [train] epoch 60/300  loss=0.5318
  [train] epoch 120/300  loss=0.3836
  [train] epoch 180/300  loss=0.2839
  [train] epoch 240/300  loss=0.2104
  [train] epoch 300/300  loss=0.1568

[VAL] scene=ds_v2_seed1/computer_room_v45  (pixel 70/30 split)
  AUC      = 0.9887
  IoU@0.5  = 0.8463
  F1@0.5   = 0.9168
  accuracy = 0.9439  (prec=0.8842, rec=0.9519)
  tp=5458 fp=715 fn=276 tn=11215

[save] D:\Users\dust\Documents\학교\2026년도1학기\컴퓨터비전\실습\FoundationStereo\experiments\ds_v2_seed1/computer_room_v45\submodel
  pred_mask.png, panel.png, metrics.json, head.pt
DONE: D:\Users\dust\Documents\학교\2026년도1학기\컴퓨터비전\실습\FoundationStereo\experiments\ds_v2_seed1/computer_room_v45\submodel
[device] cuda
[load] D:\Users\dust\Documents\학교\2026년도1학기\컴퓨터비전\실습\FoundationStereo\experiments\_model\general_head.pt  (train_scenes=['archiviz_baseline080', 'bedroom_baseline080', 'blue_bathroom_baseline080', 'computer_room_baseline080', 'cozy_living_room_baseline080', 'flat-archiviz_baseline080', 'green_house_baseline080', 'gym_baseline080', 'livingroom_baseline080', 'minimal_interior_baseline080', 'scandinavian_baseline080', 'sunlight_baseline080'])

[APPLY] ds_v2_seed1/computer_room_v45  (저장모델로 새 데이터 평가)
  AUC      = 0.9782
  IoU@0.5  = 0.5186
  F1@0.5   = 0.6830
  accuracy = 0.8415  (prec=0.9911, rec=0.5210)
  tp=10055 fp=90 fn=9244 tn=39491
[save] D:\Users\dust\Documents\학교\2026년도1학기\컴퓨터비전\실습\FoundationStereo\experiments\ds_v2_seed1/computer_room_v45\submodel_applied  (pred_mask.png, panel.png, metrics.json)

============================================================
STEP: estimate_mirror_plane
============================================================

============================================================
STEP: viz_ransac_inliers
============================================================

============================================================
STEP: make_mirror_gt_from_depth
============================================================

============================================================
STEP: analyze_features
============================================================

============================================================
STEP: submodel_head
============================================================

============================================================
STEP: apply_submodel
============================================================

DONE: D:\Users\dust\Documents\학교\2026년도1학기\컴퓨터비전\실습\FoundationStereo\experiments\ds_v2_seed1/computer_room_v45 (ok)

##### [47/130] ds_v2_seed1/computer_room_v46  (done 8, fail 0, skip 38, elapsed 6m, ETA 64m) #####
[scene] ds_v2_seed1/computer_room_v46  size=1280x720
[select] mirror 점 개수 = 227330  (mask=236461, valid&depth = 890029)
[conf] mirror 영역 평균 confidence = 0.7153

=== 평면 추정 결과 ===
  [PCA (closed form)]
      normal = [-0.1702, -0.8243, -0.5399]
      d = +1.7888   mirror_depth(perp) = 1.7888 m   view_z = 5.3630 m
      n_inliers = 227330/227330   rms_residual = 0.33737 m
  [RANSAC]
      normal = [+0.0118, -0.9416, -0.3366]
      d = +1.3462   mirror_depth(perp) = 1.3462 m   view_z = 5.3630 m
      n_inliers = 63146/227330   rms_residual = 0.01244 m
  [SVD robust (IRLS)]
      normal = [-0.1959, -0.7868, -0.5853]
      d = +2.0098   mirror_depth(perp) = 2.0098 m   view_z = 5.3630 m
      n_inliers = 40624/227330   rms_residual = 0.03814 m

[save] D:\Users\dust\Documents\학교\2026년도1학기\컴퓨터비전\실습\FoundationStereo\experiments\ds_v2_seed1/computer_room_v46\mirror_geometry\result.json
[save] D:\Users\dust\Documents\학교\2026년도1학기\컴퓨터비전\실습\FoundationStereo\experiments\ds_v2_seed1/computer_room_v46\mirror_geometry\plane.txt
[save] D:\Users\dust\Documents\학교\2026년도1학기\컴퓨터비전\실습\FoundationStereo\experiments\ds_v2_seed1/computer_room_v46\mirror_geometry\viz.png

DONE: D:\Users\dust\Documents\학교\2026년도1학기\컴퓨터비전\실습\FoundationStereo\experiments\ds_v2_seed1/computer_room_v46\mirror_geometry
[ds_v2_seed1/computer_room_v46] 거울 점 227330개 중 inlier 63146 (27.8%) / outlier 164184
  normal=[ 0.012 -0.942 -0.337] d=1.346  rms(inlier)=0.0124 m  thr≈0.068 m
[save] D:\Users\dust\Documents\학교\2026년도1학기\컴퓨터비전\실습\FoundationStereo\experiments\ds_v2_seed1/computer_room_v46\mirror_geometry\ransac_inliers.png
[gt] computer_room_v46            perp 3.41m planRMS 0.0000m  normal [0.51, 0.293, -0.809]

생성 1, 건너뜀 0 (depth_gt/mask 없음 등)
[ds_v2_seed1/computer_room_v46] feature 184x320  mirror_frac=0.2588485054347826  feat_left=True
rank  signal              AUC    pol  sep     mean_in     mean_out
  1  post_entropy       0.7211   -  0.4258     0.66443    0.865638
  2  post_conf          0.6796   +  0.3474    0.711633     0.62175
  3  feat_left_pc1      0.6264   -  0.2196    1.872158    2.679486
  4  delta_conf         0.6205   +  0.1955    0.317892    0.218361
  5  delta_entropy      0.6204   -  0.2363   -1.455361   -1.031667
  6  feat_left_l2       0.5683   +  0.1051   17.053832   16.460665
  7  pre_entropy        0.5655   +  0.1277    2.119791    1.897305
  8  pre_conf           0.5375   -  0.0221     0.39374    0.403389
  9  feat_left_pc3       0.521   -   0.048    1.564325    1.709908
 10  delta_argdisp      0.5204   -  0.0244   43.264287    44.84248
 11  feat_left_pc2      0.5091   +  0.0273    2.092413    2.005119
BEST: post_entropy (AUC=0.7211, polarity=-)
저장: D:\Users\dust\Documents\학교\2026년도1학기\컴퓨터비전\실습\FoundationStereo\experiments\ds_v2_seed1/computer_room_v46\features\report.json / panels.png / mirror_signal.npy
[device] cuda
  [train] epoch 60/300  loss=0.5697
  [train] epoch 120/300  loss=0.4234
  [train] epoch 180/300  loss=0.3192
  [train] epoch 240/300  loss=0.2379
  [train] epoch 300/300  loss=0.1777

[VAL] scene=ds_v2_seed1/computer_room_v46  (pixel 70/30 split)
  AUC      = 0.9872
  IoU@0.5  = 0.7953
  F1@0.5   = 0.8860
  accuracy = 0.9372  (prec=0.8271, rec=0.9540)
  tp=4310 fp=901 fn=208 tn=12245

[save] D:\Users\dust\Documents\학교\2026년도1학기\컴퓨터비전\실습\FoundationStereo\experiments\ds_v2_seed1/computer_room_v46\submodel
  pred_mask.png, panel.png, metrics.json, head.pt
DONE: D:\Users\dust\Documents\학교\2026년도1학기\컴퓨터비전\실습\FoundationStereo\experiments\ds_v2_seed1/computer_room_v46\submodel
[device] cuda
[load] D:\Users\dust\Documents\학교\2026년도1학기\컴퓨터비전\실습\FoundationStereo\experiments\_model\general_head.pt  (train_scenes=['archiviz_baseline080', 'bedroom_baseline080', 'blue_bathroom_baseline080', 'computer_room_baseline080', 'cozy_living_room_baseline080', 'flat-archiviz_baseline080', 'green_house_baseline080', 'gym_baseline080', 'livingroom_baseline080', 'minimal_interior_baseline080', 'scandinavian_baseline080', 'sunlight_baseline080'])

[APPLY] ds_v2_seed1/computer_room_v46  (저장모델로 새 데이터 평가)
  AUC      = 0.9789
  IoU@0.5  = 0.5227
  F1@0.5   = 0.6865
  accuracy = 0.8750  (prec=0.9779, rec=0.5289)
  tp=8061 fp=182 fn=7180 tn=43457
[save] D:\Users\dust\Documents\학교\2026년도1학기\컴퓨터비전\실습\FoundationStereo\experiments\ds_v2_seed1/computer_room_v46\submodel_applied  (pred_mask.png, panel.png, metrics.json)

============================================================
STEP: estimate_mirror_plane
============================================================

============================================================
STEP: viz_ransac_inliers
============================================================

============================================================
STEP: make_mirror_gt_from_depth
============================================================

============================================================
STEP: analyze_features
============================================================

============================================================
STEP: submodel_head
============================================================

============================================================
STEP: apply_submodel
============================================================

DONE: D:\Users\dust\Documents\학교\2026년도1학기\컴퓨터비전\실습\FoundationStereo\experiments\ds_v2_seed1/computer_room_v46 (ok)

##### [48/130] ds_v2_seed1/computer_room_v47  (done 9, fail 0, skip 38, elapsed 7m, ETA 63m) #####
[scene] ds_v2_seed1/computer_room_v47  size=1280x720
[select] mirror 점 개수 = 226300  (mask=226300, valid&depth = 871578)
[conf] mirror 영역 평균 confidence = 0.6753

=== 평면 추정 결과 ===
  [PCA (closed form)]
      normal = [-0.0587, -0.9117, -0.4066]
      d = +0.9562   mirror_depth(perp) = 0.9562 m   view_z = 4.8967 m
      n_inliers = 226300/226300   rms_residual = 0.29031 m
  [RANSAC]
      normal = [-0.0522, -0.9234, -0.3802]
      d = +1.2082   mirror_depth(perp) = 1.2082 m   view_z = 4.8967 m
      n_inliers = 56485/226300   rms_residual = 0.01384 m
  [SVD robust (IRLS)]
      normal = [-0.0739, -0.8994, -0.4307]
      d = +1.0335   mirror_depth(perp) = 1.0335 m   view_z = 4.8967 m
      n_inliers = 31187/226300   rms_residual = 0.04014 m

[save] D:\Users\dust\Documents\학교\2026년도1학기\컴퓨터비전\실습\FoundationStereo\experiments\ds_v2_seed1/computer_room_v47\mirror_geometry\result.json
[save] D:\Users\dust\Documents\학교\2026년도1학기\컴퓨터비전\실습\FoundationStereo\experiments\ds_v2_seed1/computer_room_v47\mirror_geometry\plane.txt
[save] D:\Users\dust\Documents\학교\2026년도1학기\컴퓨터비전\실습\FoundationStereo\experiments\ds_v2_seed1/computer_room_v47\mirror_geometry\viz.png

DONE: D:\Users\dust\Documents\학교\2026년도1학기\컴퓨터비전\실습\FoundationStereo\experiments\ds_v2_seed1/computer_room_v47\mirror_geometry
[ds_v2_seed1/computer_room_v47] 거울 점 226300개 중 inlier 56485 (25.0%) / outlier 169815
  normal=[-0.052 -0.923 -0.38 ] d=1.208  rms(inlier)=0.0138 m  thr≈0.067 m
[save] D:\Users\dust\Documents\학교\2026년도1학기\컴퓨터비전\실습\FoundationStereo\experiments\ds_v2_seed1/computer_room_v47\mirror_geometry\ransac_inliers.png
[gt] computer_room_v47            perp 3.22m planRMS 0.0010m  normal [0.274, 0.344, -0.898]

생성 1, 건너뜀 0 (depth_gt/mask 없음 등)
[ds_v2_seed1/computer_room_v47] feature 184x320  mirror_frac=0.24763926630434782  feat_left=True
rank  signal              AUC    pol  sep     mean_in     mean_out
  1  post_entropy       0.7343   -  0.4981    0.711349    1.021747
  2  post_conf          0.6762   +  0.3742    0.675145    0.569704
  3  delta_entropy      0.6534   -  0.2868     -1.2611   -0.769937
  4  feat_left_pc1      0.6479   -  0.2535    1.958744    2.975924
  5  feat_left_l2       0.6462   +  0.1918   17.322284   16.080148
  6  delta_conf         0.6412   +  0.2665    0.281478    0.143612
  7  pre_entropy        0.5821   +  0.1193    1.972449    1.791684
  8  pre_conf           0.5578   -  0.0802    0.393667    0.426093
  9  feat_left_pc3      0.5454   +  0.0805    1.888738    1.643521
 10  feat_left_pc2      0.5293   -  0.0757    1.961597    2.243717
 11  delta_argdisp      0.5173   -  0.0311   44.218435    46.13603
BEST: post_entropy (AUC=0.7343, polarity=-)
저장: D:\Users\dust\Documents\학교\2026년도1학기\컴퓨터비전\실습\FoundationStereo\experiments\ds_v2_seed1/computer_room_v47\features\report.json / panels.png / mirror_signal.npy
[device] cuda
  [train] epoch 60/300  loss=0.5643
  [train] epoch 120/300  loss=0.4451
  [train] epoch 180/300  loss=0.3502
  [train] epoch 240/300  loss=0.2663
  [train] epoch 300/300  loss=0.1999

[VAL] scene=ds_v2_seed1/computer_room_v47  (pixel 70/30 split)
  AUC      = 0.9852
  IoU@0.5  = 0.7672
  F1@0.5   = 0.8683
  accuracy = 0.9282  (prec=0.7951, rec=0.9563)
  tp=4183 fp=1078 fn=191 tn=12212

[save] D:\Users\dust\Documents\학교\2026년도1학기\컴퓨터비전\실습\FoundationStereo\experiments\ds_v2_seed1/computer_room_v47\submodel
  pred_mask.png, panel.png, metrics.json, head.pt
DONE: D:\Users\dust\Documents\학교\2026년도1학기\컴퓨터비전\실습\FoundationStereo\experiments\ds_v2_seed1/computer_room_v47\submodel
[device] cuda
[load] D:\Users\dust\Documents\학교\2026년도1학기\컴퓨터비전\실습\FoundationStereo\experiments\_model\general_head.pt  (train_scenes=['archiviz_baseline080', 'bedroom_baseline080', 'blue_bathroom_baseline080', 'computer_room_baseline080', 'cozy_living_room_baseline080', 'flat-archiviz_baseline080', 'green_house_baseline080', 'gym_baseline080', 'livingroom_baseline080', 'minimal_interior_baseline080', 'scandinavian_baseline080', 'sunlight_baseline080'])

[APPLY] ds_v2_seed1/computer_room_v47  (저장모델로 새 데이터 평가)
  AUC      = 0.9815
  IoU@0.5  = 0.4379
  F1@0.5   = 0.6091
  accuracy = 0.8598  (prec=0.9841, rec=0.4411)
  tp=6431 fp=104 fn=8150 tn=44195
[save] D:\Users\dust\Documents\학교\2026년도1학기\컴퓨터비전\실습\FoundationStereo\experiments\ds_v2_seed1/computer_room_v47\submodel_applied  (pred_mask.png, panel.png, metrics.json)

============================================================
STEP: estimate_mirror_plane
============================================================

============================================================
STEP: viz_ransac_inliers
============================================================

============================================================
STEP: make_mirror_gt_from_depth
============================================================

============================================================
STEP: analyze_features
============================================================

============================================================
STEP: submodel_head
============================================================

============================================================
STEP: apply_submodel
============================================================

DONE: D:\Users\dust\Documents\학교\2026년도1학기\컴퓨터비전\실습\FoundationStereo\experiments\ds_v2_seed1/computer_room_v47 (ok)

##### [49/130] ds_v2_seed1/computer_room_v48  (done 10, fail 0, skip 38, elapsed 8m, ETA 62m) #####
[scene] ds_v2_seed1/computer_room_v48  size=1280x720
[select] mirror 점 개수 = 246326  (mask=255139, valid&depth = 895496)
[conf] mirror 영역 평균 confidence = 0.7290

=== 평면 추정 결과 ===
  [PCA (closed form)]
      normal = [-0.4661, -0.4974, -0.7317]
      d = +2.9040   mirror_depth(perp) = 2.9040 m   view_z = 5.7815 m
      n_inliers = 246326/246326   rms_residual = 0.39650 m
  [RANSAC]
      normal = [-0.7829, +0.0319, -0.6214]
      d = +2.6152   mirror_depth(perp) = 2.6152 m   view_z = 5.7815 m
      n_inliers = 92771/246326   rms_residual = 0.01287 m
  [SVD robust (IRLS)]
      normal = [-0.4523, -0.4918, -0.7440]
      d = +3.0069   mirror_depth(perp) = 3.0069 m   view_z = 5.7815 m
      n_inliers = 37181/246326   rms_residual = 0.04025 m

[save] D:\Users\dust\Documents\학교\2026년도1학기\컴퓨터비전\실습\FoundationStereo\experiments\ds_v2_seed1/computer_room_v48\mirror_geometry\result.json
[save] D:\Users\dust\Documents\학교\2026년도1학기\컴퓨터비전\실습\FoundationStereo\experiments\ds_v2_seed1/computer_room_v48\mirror_geometry\plane.txt
[save] D:\Users\dust\Documents\학교\2026년도1학기\컴퓨터비전\실습\FoundationStereo\experiments\ds_v2_seed1/computer_room_v48\mirror_geometry\viz.png

DONE: D:\Users\dust\Documents\학교\2026년도1학기\컴퓨터비전\실습\FoundationStereo\experiments\ds_v2_seed1/computer_room_v48\mirror_geometry
[ds_v2_seed1/computer_room_v48] 거울 점 246326개 중 inlier 92771 (37.7%) / outlier 153555
  normal=[-0.783  0.032 -0.621] d=2.615  rms(inlier)=0.0129 m  thr≈0.070 m
[save] D:\Users\dust\Documents\학교\2026년도1학기\컴퓨터비전\실습\FoundationStereo\experiments\ds_v2_seed1/computer_room_v48\mirror_geometry\ransac_inliers.png
[gt] computer_room_v48            perp 3.61m planRMS 0.0029m  normal [0.613, 0.151, -0.775]

생성 1, 건너뜀 0 (depth_gt/mask 없음 등)
[ds_v2_seed1/computer_room_v48] feature 184x320  mirror_frac=0.2789741847826087  feat_left=True
rank  signal              AUC    pol  sep     mean_in     mean_out
  1  post_entropy       0.7199   -  0.4002    0.644351    0.794238
  2  post_conf          0.6717   +  0.3207    0.727015    0.649768
  3  delta_conf         0.6097   +  0.1754    0.340356    0.253366
  4  delta_entropy      0.6026   -  0.2151   -1.508908   -1.120519
  5  delta_argdisp       0.589   +  0.1638   51.683003   40.918971
  6  pre_entropy        0.5597   +   0.134    2.153259    1.914757
  7  feat_left_pc1      0.5368   -  0.0469    2.207696    2.403566
  8  feat_left_pc2      0.5361   +  0.0605    2.289871    2.101063
  9  pre_conf           0.5318   -  0.0225    0.386658    0.396401
 10  feat_left_l2       0.5195   +  0.0382   16.752961   16.530758
 11  feat_left_pc3      0.5155   -  0.0037    1.764448    1.777705
BEST: post_entropy (AUC=0.7199, polarity=-)
저장: D:\Users\dust\Documents\학교\2026년도1학기\컴퓨터비전\실습\FoundationStereo\experiments\ds_v2_seed1/computer_room_v48\features\report.json / panels.png / mirror_signal.npy
[device] cuda
  [train] epoch 60/300  loss=0.5467
  [train] epoch 120/300  loss=0.3858
  [train] epoch 180/300  loss=0.2856
  [train] epoch 240/300  loss=0.2151
  [train] epoch 300/300  loss=0.1636

[VAL] scene=ds_v2_seed1/computer_room_v48  (pixel 70/30 split)
  AUC      = 0.9875
  IoU@0.5  = 0.8177
  F1@0.5   = 0.8997
  accuracy = 0.9419  (prec=0.8551, rec=0.9493)
  tp=4603 fp=780 fn=246 tn=12035

[save] D:\Users\dust\Documents\학교\2026년도1학기\컴퓨터비전\실습\FoundationStereo\experiments\ds_v2_seed1/computer_room_v48\submodel
  pred_mask.png, panel.png, metrics.json, head.pt
DONE: D:\Users\dust\Documents\학교\2026년도1학기\컴퓨터비전\실습\FoundationStereo\experiments\ds_v2_seed1/computer_room_v48\submodel
[device] cuda
[load] D:\Users\dust\Documents\학교\2026년도1학기\컴퓨터비전\실습\FoundationStereo\experiments\_model\general_head.pt  (train_scenes=['archiviz_baseline080', 'bedroom_baseline080', 'blue_bathroom_baseline080', 'computer_room_baseline080', 'cozy_living_room_baseline080', 'flat-archiviz_baseline080', 'green_house_baseline080', 'gym_baseline080', 'livingroom_baseline080', 'minimal_interior_baseline080', 'scandinavian_baseline080', 'sunlight_baseline080'])

[APPLY] ds_v2_seed1/computer_room_v48  (저장모델로 새 데이터 평가)
  AUC      = 0.9758
  IoU@0.5  = 0.5631
  F1@0.5   = 0.7205
  accuracy = 0.8762  (prec=0.9728, rec=0.5721)
  tp=9397 fp=263 fn=7029 tn=42191
[save] D:\Users\dust\Documents\학교\2026년도1학기\컴퓨터비전\실습\FoundationStereo\experiments\ds_v2_seed1/computer_room_v48\submodel_applied  (pred_mask.png, panel.png, metrics.json)

============================================================
STEP: estimate_mirror_plane
============================================================

============================================================
STEP: viz_ransac_inliers
============================================================

============================================================
STEP: make_mirror_gt_from_depth
============================================================

============================================================
STEP: analyze_features
============================================================

============================================================
STEP: submodel_head
============================================================

============================================================
STEP: apply_submodel
============================================================

DONE: D:\Users\dust\Documents\학교\2026년도1학기\컴퓨터비전\실습\FoundationStereo\experiments\ds_v2_seed1/computer_room_v48 (ok)

##### [50/130] ds_v2_seed1/computer_room_v49  (done 11, fail 0, skip 38, elapsed 8m, ETA 61m) #####
[scene] ds_v2_seed1/computer_room_v49  size=1280x720
[select] mirror 점 개수 = 405345  (mask=414507, valid&depth = 897536)
[conf] mirror 영역 평균 confidence = 0.7282

=== 평면 추정 결과 ===
  [PCA (closed form)]
      normal = [-0.1674, -0.7934, -0.5852]
      d = +2.6118   mirror_depth(perp) = 2.6118 m   view_z = 5.7439 m
      n_inliers = 405345/405345   rms_residual = 0.54748 m
  [RANSAC]
      normal = [+0.3795, +0.1382, -0.9148]
      d = +7.1875   mirror_depth(perp) = 7.1875 m   view_z = 5.7439 m
      n_inliers = 155054/405345   rms_residual = 0.02061 m
  [SVD robust (IRLS)]
      normal = [-0.1437, -0.7902, -0.5958]
      d = +2.6890   mirror_depth(perp) = 2.6890 m   view_z = 5.7439 m
      n_inliers = 43729/405345   rms_residual = 0.04502 m

[save] D:\Users\dust\Documents\학교\2026년도1학기\컴퓨터비전\실습\FoundationStereo\experiments\ds_v2_seed1/computer_room_v49\mirror_geometry\result.json
[save] D:\Users\dust\Documents\학교\2026년도1학기\컴퓨터비전\실습\FoundationStereo\experiments\ds_v2_seed1/computer_room_v49\mirror_geometry\plane.txt
[save] D:\Users\dust\Documents\학교\2026년도1학기\컴퓨터비전\실습\FoundationStereo\experiments\ds_v2_seed1/computer_room_v49\mirror_geometry\viz.png

DONE: D:\Users\dust\Documents\학교\2026년도1학기\컴퓨터비전\실습\FoundationStereo\experiments\ds_v2_seed1/computer_room_v49\mirror_geometry
[ds_v2_seed1/computer_room_v49] 거울 점 405345개 중 inlier 155054 (38.3%) / outlier 250291
  normal=[ 0.38   0.138 -0.915] d=7.187  rms(inlier)=0.0206 m  thr≈0.078 m
[save] D:\Users\dust\Documents\학교\2026년도1학기\컴퓨터비전\실습\FoundationStereo\experiments\ds_v2_seed1/computer_room_v49\mirror_geometry\ransac_inliers.png
[gt] computer_room_v49            perp 3.47m planRMS 0.0023m  normal [0.395, 0.16, -0.905]

생성 1, 건너뜀 0 (depth_gt/mask 없음 등)
[ds_v2_seed1/computer_room_v49] feature 184x320  mirror_frac=0.4520210597826087  feat_left=True
rank  signal              AUC    pol  sep     mean_in     mean_out
  1  post_entropy       0.6722   -  0.3576    0.651732    0.792223
  2  post_conf          0.6594   +  0.3048    0.724568    0.650479
  3  delta_conf         0.6085   +  0.1767    0.336962    0.254344
  4  delta_entropy       0.596   -  0.1889   -1.439673   -1.125169
  5  delta_argdisp      0.5771   +  0.1233    51.93406   43.886843
  6  pre_entropy        0.5531   +  0.1037    2.091405    1.917392
  7  pre_conf           0.5286   -  0.0204    0.387606    0.396135
  8  feat_left_pc1      0.5211   -  0.0218    2.248976    2.338478
  9  feat_left_pc2      0.5176   +  0.0407    2.218353    2.085416
 10  feat_left_l2       0.5041   -  0.0136   16.607835   16.526017
 11  feat_left_pc3      0.5011   +  0.0397    1.780985    1.647953
BEST: post_entropy (AUC=0.6722, polarity=-)
저장: D:\Users\dust\Documents\학교\2026년도1학기\컴퓨터비전\실습\FoundationStereo\experiments\ds_v2_seed1/computer_room_v49\features\report.json / panels.png / mirror_signal.npy
[device] cuda
  [train] epoch 60/300  loss=0.4034
  [train] epoch 120/300  loss=0.2769
  [train] epoch 180/300  loss=0.1990
  [train] epoch 240/300  loss=0.1462
  [train] epoch 300/300  loss=0.1096

[VAL] scene=ds_v2_seed1/computer_room_v49  (pixel 70/30 split)
  AUC      = 0.9926
  IoU@0.5  = 0.9097
  F1@0.5   = 0.9527
  accuracy = 0.9570  (prec=0.9445, rec=0.9610)
  tp=7648 fp=449 fn=310 tn=9257

[save] D:\Users\dust\Documents\학교\2026년도1학기\컴퓨터비전\실습\FoundationStereo\experiments\ds_v2_seed1/computer_room_v49\submodel
  pred_mask.png, panel.png, metrics.json, head.pt
DONE: D:\Users\dust\Documents\학교\2026년도1학기\컴퓨터비전\실습\FoundationStereo\experiments\ds_v2_seed1/computer_room_v49\submodel
[device] cuda
[load] D:\Users\dust\Documents\학교\2026년도1학기\컴퓨터비전\실습\FoundationStereo\experiments\_model\general_head.pt  (train_scenes=['archiviz_baseline080', 'bedroom_baseline080', 'blue_bathroom_baseline080', 'computer_room_baseline080', 'cozy_living_room_baseline080', 'flat-archiviz_baseline080', 'green_house_baseline080', 'gym_baseline080', 'livingroom_baseline080', 'minimal_interior_baseline080', 'scandinavian_baseline080', 'sunlight_baseline080'])

[APPLY] ds_v2_seed1/computer_room_v49  (저장모델로 새 데이터 평가)
  AUC      = 0.9727
  IoU@0.5  = 0.4869
  F1@0.5   = 0.6549
  accuracy = 0.7676  (prec=0.9956, rec=0.4879)
  tp=12986 fp=57 fn=13629 tn=32208
[save] D:\Users\dust\Documents\학교\2026년도1학기\컴퓨터비전\실습\FoundationStereo\experiments\ds_v2_seed1/computer_room_v49\submodel_applied  (pred_mask.png, panel.png, metrics.json)

============================================================
STEP: estimate_mirror_plane
============================================================

============================================================
STEP: viz_ransac_inliers
============================================================

============================================================
STEP: make_mirror_gt_from_depth
============================================================

============================================================
STEP: analyze_features
============================================================

============================================================
STEP: submodel_head
============================================================

============================================================
STEP: apply_submodel
============================================================

DONE: D:\Users\dust\Documents\학교\2026년도1학기\컴퓨터비전\실습\FoundationStereo\experiments\ds_v2_seed1/computer_room_v49 (ok)

##### [51/130] ds_v2_seed1/computer_room_v50  (done 12, fail 0, skip 38, elapsed 9m, ETA 61m) #####
[scene] ds_v2_seed1/computer_room_v50  size=1280x720
[select] mirror 점 개수 = 166540  (mask=173578, valid&depth = 886950)
[conf] mirror 영역 평균 confidence = 0.7148

=== 평면 추정 결과 ===
  [PCA (closed form)]
      normal = [-0.2438, -0.7636, -0.5979]
      d = +1.8700   mirror_depth(perp) = 1.8700 m   view_z = 5.2386 m
      n_inliers = 166540/166540   rms_residual = 0.28149 m
  [RANSAC]
      normal = [+0.0388, -0.9400, -0.3390]
      d = +1.2495   mirror_depth(perp) = 1.2495 m   view_z = 5.2386 m
      n_inliers = 50642/166540   rms_residual = 0.01678 m
  [SVD robust (IRLS)]
      normal = [-0.2711, -0.7347, -0.6219]
      d = +1.9531   mirror_depth(perp) = 1.9531 m   view_z = 5.2386 m
      n_inliers = 29622/166540   rms_residual = 0.03536 m

[save] D:\Users\dust\Documents\학교\2026년도1학기\컴퓨터비전\실습\FoundationStereo\experiments\ds_v2_seed1/computer_room_v50\mirror_geometry\result.json
[save] D:\Users\dust\Documents\학교\2026년도1학기\컴퓨터비전\실습\FoundationStereo\experiments\ds_v2_seed1/computer_room_v50\mirror_geometry\plane.txt
[save] D:\Users\dust\Documents\학교\2026년도1학기\컴퓨터비전\실습\FoundationStereo\experiments\ds_v2_seed1/computer_room_v50\mirror_geometry\viz.png

DONE: D:\Users\dust\Documents\학교\2026년도1학기\컴퓨터비전\실습\FoundationStereo\experiments\ds_v2_seed1/computer_room_v50\mirror_geometry
[ds_v2_seed1/computer_room_v50] 거울 점 166540개 중 inlier 50642 (30.4%) / outlier 115898
  normal=[ 0.039 -0.94  -0.339] d=1.249  rms(inlier)=0.0168 m  thr≈0.061 m
[save] D:\Users\dust\Documents\학교\2026년도1학기\컴퓨터비전\실습\FoundationStereo\experiments\ds_v2_seed1/computer_room_v50\mirror_geometry\ransac_inliers.png
[gt] computer_room_v50            perp 3.44m planRMS 0.0052m  normal [0.61, 0.294, -0.736]

생성 1, 건너뜀 0 (depth_gt/mask 없음 등)
[ds_v2_seed1/computer_room_v50] feature 184x320  mirror_frac=0.19021739130434784  feat_left=True
rank  signal              AUC    pol  sep     mean_in     mean_out
  1  post_entropy       0.7487   -   0.448    0.654263    0.856515
  2  post_conf          0.6727   +  0.3337     0.70969    0.623751
  3  feat_left_pc1       0.638   -  0.2278    1.728926    2.577534
  4  delta_entropy      0.6213   -  0.2399   -1.501991   -1.060526
  5  delta_conf         0.6137   +   0.178    0.315072    0.223705
  6  feat_left_l2       0.5793   +  0.1198    17.10248   16.441721
  7  pre_entropy        0.5678   +  0.1334    2.156254    1.917041
  8  pre_conf           0.5353   -  0.0123    0.394618    0.400046
  9  feat_left_pc2      0.5322   +  0.0606    2.187027    1.997888
 10  delta_argdisp      0.5246   +  0.0629   46.292946   42.115038
 11  feat_left_pc3      0.5195   -  0.0509    1.552174    1.710953
BEST: post_entropy (AUC=0.7487, polarity=-)
저장: D:\Users\dust\Documents\학교\2026년도1학기\컴퓨터비전\실습\FoundationStereo\experiments\ds_v2_seed1/computer_room_v50\features\report.json / panels.png / mirror_signal.npy
[device] cuda
  [train] epoch 60/300  loss=0.6216
  [train] epoch 120/300  loss=0.4564
  [train] epoch 180/300  loss=0.3438
  [train] epoch 240/300  loss=0.2590
  [train] epoch 300/300  loss=0.1962

[VAL] scene=ds_v2_seed1/computer_room_v50  (pixel 70/30 split)
  AUC      = 0.9850
  IoU@0.5  = 0.7301
  F1@0.5   = 0.8440
  accuracy = 0.9337  (prec=0.7617, rec=0.9462)
  tp=3168 fp=991 fn=180 tn=13325

[save] D:\Users\dust\Documents\학교\2026년도1학기\컴퓨터비전\실습\FoundationStereo\experiments\ds_v2_seed1/computer_room_v50\submodel
  pred_mask.png, panel.png, metrics.json, head.pt
DONE: D:\Users\dust\Documents\학교\2026년도1학기\컴퓨터비전\실습\FoundationStereo\experiments\ds_v2_seed1/computer_room_v50\submodel
[device] cuda
[load] D:\Users\dust\Documents\학교\2026년도1학기\컴퓨터비전\실습\FoundationStereo\experiments\_model\general_head.pt  (train_scenes=['archiviz_baseline080', 'bedroom_baseline080', 'blue_bathroom_baseline080', 'computer_room_baseline080', 'cozy_living_room_baseline080', 'flat-archiviz_baseline080', 'green_house_baseline080', 'gym_baseline080', 'livingroom_baseline080', 'minimal_interior_baseline080', 'scandinavian_baseline080', 'sunlight_baseline080'])

[APPLY] ds_v2_seed1/computer_room_v50  (저장모델로 새 데이터 평가)
  AUC      = 0.9783
  IoU@0.5  = 0.5403
  F1@0.5   = 0.7016
  accuracy = 0.9106  (prec=0.9612, rec=0.5524)
  tp=6187 fp=250 fn=5013 tn=47430
[save] D:\Users\dust\Documents\학교\2026년도1학기\컴퓨터비전\실습\FoundationStereo\experiments\ds_v2_seed1/computer_room_v50\submodel_applied  (pred_mask.png, panel.png, metrics.json)

============================================================
STEP: estimate_mirror_plane
============================================================

============================================================
STEP: viz_ransac_inliers
============================================================

============================================================
STEP: make_mirror_gt_from_depth
============================================================

============================================================
STEP: analyze_features
============================================================

============================================================
STEP: submodel_head
============================================================

============================================================
STEP: apply_submodel
============================================================

DONE: D:\Users\dust\Documents\학교\2026년도1학기\컴퓨터비전\실습\FoundationStereo\experiments\ds_v2_seed1/computer_room_v50 (ok)

##### [52/130] ds_v2_seed1/computer_room_v51  (done 13, fail 0, skip 38, elapsed 10m, ETA 59m) #####
[scene] ds_v2_seed1/computer_room_v51  size=1280x720
[select] mirror 점 개수 = 208739  (mask=217498, valid&depth = 881464)
[conf] mirror 영역 평균 confidence = 0.6812

=== 평면 추정 결과 ===
  [PCA (closed form)]
      normal = [-0.1516, -0.8584, -0.4901]
      d = +1.3685   mirror_depth(perp) = 1.3685 m   view_z = 5.0596 m
      n_inliers = 208739/208739   rms_residual = 0.30130 m
  [RANSAC]
      normal = [+0.0042, -0.9381, -0.3465]
      d = +1.2059   mirror_depth(perp) = 1.2059 m   view_z = 5.0596 m
      n_inliers = 56185/208739   rms_residual = 0.01567 m
  [SVD robust (IRLS)]
      normal = [-0.1901, -0.8229, -0.5355]
      d = +1.5596   mirror_depth(perp) = 1.5596 m   view_z = 5.0596 m
      n_inliers = 40323/208739   rms_residual = 0.03773 m

[save] D:\Users\dust\Documents\학교\2026년도1학기\컴퓨터비전\실습\FoundationStereo\experiments\ds_v2_seed1/computer_room_v51\mirror_geometry\result.json
[save] D:\Users\dust\Documents\학교\2026년도1학기\컴퓨터비전\실습\FoundationStereo\experiments\ds_v2_seed1/computer_room_v51\mirror_geometry\plane.txt
[save] D:\Users\dust\Documents\학교\2026년도1학기\컴퓨터비전\실습\FoundationStereo\experiments\ds_v2_seed1/computer_room_v51\mirror_geometry\viz.png

DONE: D:\Users\dust\Documents\학교\2026년도1학기\컴퓨터비전\실습\FoundationStereo\experiments\ds_v2_seed1/computer_room_v51\mirror_geometry
[ds_v2_seed1/computer_room_v51] 거울 점 208739개 중 inlier 56185 (26.9%) / outlier 152554
  normal=[ 0.004 -0.938 -0.346] d=1.206  rms(inlier)=0.0157 m  thr≈0.069 m
[save] D:\Users\dust\Documents\학교\2026년도1학기\컴퓨터비전\실습\FoundationStereo\experiments\ds_v2_seed1/computer_room_v51\mirror_geometry\ransac_inliers.png
[gt] computer_room_v51            perp 3.24m planRMS 0.0036m  normal [0.462, 0.298, -0.835]

생성 1, 건너뜀 0 (depth_gt/mask 없음 등)
[ds_v2_seed1/computer_room_v51] feature 184x320  mirror_frac=0.23812839673913044  feat_left=True
rank  signal              AUC    pol  sep     mean_in     mean_out
  1  post_entropy       0.6894   -  0.4142    0.688042    0.862531
  2  feat_left_pc1      0.6299   -  0.2362    1.838684    2.693284
  3  post_conf          0.6171   +  0.2411    0.678872    0.618937
  4  delta_entropy       0.597   -   0.191    -1.38324   -1.045809
  5  delta_conf         0.5786   +  0.1225    0.281018    0.219512
  6  feat_left_l2       0.5678   +  0.1035    17.04099   16.448155
  7  pre_entropy        0.5483   +  0.0957    2.071282     1.90834
  8  pre_conf           0.5231   -  0.0037    0.397854    0.399424
  9  delta_argdisp      0.5215   +  0.0595    45.62064   41.821708
 10  feat_left_pc2      0.5215   +  0.0416    2.133504    2.001365
 11  feat_left_pc3      0.5077   -  0.0333     1.59109    1.690913
BEST: post_entropy (AUC=0.6894, polarity=-)
저장: D:\Users\dust\Documents\학교\2026년도1학기\컴퓨터비전\실습\FoundationStereo\experiments\ds_v2_seed1/computer_room_v51\features\report.json / panels.png / mirror_signal.npy
[device] cuda
  [train] epoch 60/300  loss=0.5746
  [train] epoch 120/300  loss=0.4253
  [train] epoch 180/300  loss=0.3208
  [train] epoch 240/300  loss=0.2405
  [train] epoch 300/300  loss=0.1808

[VAL] scene=ds_v2_seed1/computer_room_v51  (pixel 70/30 split)
  AUC      = 0.9873
  IoU@0.5  = 0.7905
  F1@0.5   = 0.8830
  accuracy = 0.9401  (prec=0.8239, rec=0.9512)
  tp=3992 fp=853 fn=205 tn=12614

[save] D:\Users\dust\Documents\학교\2026년도1학기\컴퓨터비전\실습\FoundationStereo\experiments\ds_v2_seed1/computer_room_v51\submodel
  pred_mask.png, panel.png, metrics.json, head.pt
DONE: D:\Users\dust\Documents\학교\2026년도1학기\컴퓨터비전\실습\FoundationStereo\experiments\ds_v2_seed1/computer_room_v51\submodel
[device] cuda
[load] D:\Users\dust\Documents\학교\2026년도1학기\컴퓨터비전\실습\FoundationStereo\experiments\_model\general_head.pt  (train_scenes=['archiviz_baseline080', 'bedroom_baseline080', 'blue_bathroom_baseline080', 'computer_room_baseline080', 'cozy_living_room_baseline080', 'flat-archiviz_baseline080', 'green_house_baseline080', 'gym_baseline080', 'livingroom_baseline080', 'minimal_interior_baseline080', 'scandinavian_baseline080', 'sunlight_baseline080'])

[APPLY] ds_v2_seed1/computer_room_v51  (저장모델로 새 데이터 평가)
  AUC      = 0.9847
  IoU@0.5  = 0.4761
  F1@0.5   = 0.6450
  accuracy = 0.8744  (prec=0.9863, rec=0.4792)
  tp=6719 fp=93 fn=7302 tn=44766
[save] D:\Users\dust\Documents\학교\2026년도1학기\컴퓨터비전\실습\FoundationStereo\experiments\ds_v2_seed1/computer_room_v51\submodel_applied  (pred_mask.png, panel.png, metrics.json)

============================================================
STEP: estimate_mirror_plane
============================================================

============================================================
STEP: viz_ransac_inliers
============================================================

============================================================
STEP: make_mirror_gt_from_depth
============================================================

============================================================
STEP: analyze_features
============================================================

============================================================
STEP: submodel_head
============================================================

============================================================
STEP: apply_submodel
============================================================

DONE: D:\Users\dust\Documents\학교\2026년도1학기\컴퓨터비전\실습\FoundationStereo\experiments\ds_v2_seed1/computer_room_v51 (ok)

##### [53/130] ds_v2_seed1/computer_room_v52  (done 14, fail 0, skip 38, elapsed 10m, ETA 57m) #####
[scene] ds_v2_seed1/computer_room_v52  size=1280x720
[select] mirror 점 개수 = 206788  (mask=206788, valid&depth = 885846)
[conf] mirror 영역 평균 confidence = 0.7274

=== 평면 추정 결과 ===
  [PCA (closed form)]
      normal = [-0.0662, -0.8852, -0.4605]
      d = +1.3666   mirror_depth(perp) = 1.3666 m   view_z = 5.4330 m
      n_inliers = 206788/206788   rms_residual = 0.29542 m
  [RANSAC]
      normal = [-0.0293, -0.9172, -0.3974]
      d = +1.4138   mirror_depth(perp) = 1.4138 m   view_z = 5.4330 m
      n_inliers = 57166/206788   rms_residual = 0.01437 m
  [SVD robust (IRLS)]
      normal = [-0.0792, -0.8725, -0.4821]
      d = +1.4401   mirror_depth(perp) = 1.4401 m   view_z = 5.4330 m
      n_inliers = 31612/206788   rms_residual = 0.04212 m

[save] D:\Users\dust\Documents\학교\2026년도1학기\컴퓨터비전\실습\FoundationStereo\experiments\ds_v2_seed1/computer_room_v52\mirror_geometry\result.json
[save] D:\Users\dust\Documents\학교\2026년도1학기\컴퓨터비전\실습\FoundationStereo\experiments\ds_v2_seed1/computer_room_v52\mirror_geometry\plane.txt
[save] D:\Users\dust\Documents\학교\2026년도1학기\컴퓨터비전\실습\FoundationStereo\experiments\ds_v2_seed1/computer_room_v52\mirror_geometry\viz.png

DONE: D:\Users\dust\Documents\학교\2026년도1학기\컴퓨터비전\실습\FoundationStereo\experiments\ds_v2_seed1/computer_room_v52\mirror_geometry
[ds_v2_seed1/computer_room_v52] 거울 점 206788개 중 inlier 57166 (27.6%) / outlier 149622
  normal=[-0.029 -0.917 -0.397] d=1.414  rms(inlier)=0.0144 m  thr≈0.069 m
[save] D:\Users\dust\Documents\학교\2026년도1학기\컴퓨터비전\실습\FoundationStereo\experiments\ds_v2_seed1/computer_room_v52\mirror_geometry\ransac_inliers.png
[gt] computer_room_v52            perp 3.63m planRMS 0.0028m  normal [0.371, 0.352, -0.86]

생성 1, 건너뜀 0 (depth_gt/mask 없음 등)
[ds_v2_seed1/computer_room_v52] feature 184x320  mirror_frac=0.22600203804347826  feat_left=True
rank  signal              AUC    pol  sep     mean_in     mean_out
  1  post_entropy       0.8045   -  0.5501    0.646877    0.963783
  2  post_conf          0.7553   +  0.5048    0.726912      0.5899
  3  delta_conf         0.6958   +  0.3574    0.349771    0.167137
  4  delta_entropy      0.6795   -  0.3313    -1.44069   -0.863496
  5  feat_left_pc1      0.6309   -  0.1894    2.007454    2.768915
  6  pre_entropy        0.6054   +  0.1642    2.087567     1.82728
  7  feat_left_l2       0.5925   +  0.1479   17.203221   16.265572
  8  pre_conf           0.5798   -  0.1117     0.37714    0.422764
  9  feat_left_pc3      0.5362   +  0.0713    1.844409    1.615602
 10  delta_argdisp      0.5208   +  0.0273   47.976253    46.22781
 11  feat_left_pc2      0.5108   +  0.0332    2.205744    2.087391
BEST: post_entropy (AUC=0.8045, polarity=-)
저장: D:\Users\dust\Documents\학교\2026년도1학기\컴퓨터비전\실습\FoundationStereo\experiments\ds_v2_seed1/computer_room_v52\features\report.json / panels.png / mirror_signal.npy
[device] cuda
  [train] epoch 60/300  loss=0.5731
  [train] epoch 120/300  loss=0.4370
  [train] epoch 180/300  loss=0.3409
  [train] epoch 240/300  loss=0.2617
  [train] epoch 300/300  loss=0.2001

[VAL] scene=ds_v2_seed1/computer_room_v52  (pixel 70/30 split)
  AUC      = 0.9851
  IoU@0.5  = 0.7477
  F1@0.5   = 0.8556
  accuracy = 0.9273  (prec=0.7734, rec=0.9575)
  tp=3805 fp=1115 fn=169 tn=12575

[save] D:\Users\dust\Documents\학교\2026년도1학기\컴퓨터비전\실습\FoundationStereo\experiments\ds_v2_seed1/computer_room_v52\submodel
  pred_mask.png, panel.png, metrics.json, head.pt
DONE: D:\Users\dust\Documents\학교\2026년도1학기\컴퓨터비전\실습\FoundationStereo\experiments\ds_v2_seed1/computer_room_v52\submodel
[device] cuda
[load] D:\Users\dust\Documents\학교\2026년도1학기\컴퓨터비전\실습\FoundationStereo\experiments\_model\general_head.pt  (train_scenes=['archiviz_baseline080', 'bedroom_baseline080', 'blue_bathroom_baseline080', 'computer_room_baseline080', 'cozy_living_room_baseline080', 'flat-archiviz_baseline080', 'green_house_baseline080', 'gym_baseline080', 'livingroom_baseline080', 'minimal_interior_baseline080', 'scandinavian_baseline080', 'sunlight_baseline080'])

[APPLY] ds_v2_seed1/computer_room_v52  (저장모델로 새 데이터 평가)
  AUC      = 0.9810
  IoU@0.5  = 0.5844
  F1@0.5   = 0.7377
  accuracy = 0.9031  (prec=0.9509, rec=0.6025)
  tp=8018 fp=414 fn=5289 tn=45159
[save] D:\Users\dust\Documents\학교\2026년도1학기\컴퓨터비전\실습\FoundationStereo\experiments\ds_v2_seed1/computer_room_v52\submodel_applied  (pred_mask.png, panel.png, metrics.json)

============================================================
STEP: estimate_mirror_plane
============================================================

============================================================
STEP: viz_ransac_inliers
============================================================

============================================================
STEP: make_mirror_gt_from_depth
============================================================

============================================================
STEP: analyze_features
============================================================

============================================================
STEP: submodel_head
============================================================

============================================================
STEP: apply_submodel
============================================================

DONE: D:\Users\dust\Documents\학교\2026년도1학기\컴퓨터비전\실습\FoundationStereo\experiments\ds_v2_seed1/computer_room_v52 (ok)

##### [54/130] ds_v2_seed1/computer_room_v53  (done 15, fail 0, skip 38, elapsed 11m, ETA 56m) #####
[scene] ds_v2_seed1/computer_room_v53  size=1280x720
[select] mirror 점 개수 = 405860  (mask=419776, valid&depth = 902204)
[conf] mirror 영역 평균 confidence = 0.7062

=== 평면 추정 결과 ===
  [PCA (closed form)]
      normal = [-0.3675, -0.5933, -0.7162]
      d = +3.2680   mirror_depth(perp) = 3.2680 m   view_z = 5.7594 m
      n_inliers = 405860/405860   rms_residual = 0.58372 m
  [RANSAC]
      normal = [+0.5277, +0.1147, -0.8417]
      d = +7.1808   mirror_depth(perp) = 7.1808 m   view_z = 5.7594 m
      n_inliers = 122224/405860   rms_residual = 0.01669 m
  [SVD robust (IRLS)]
      normal = [-0.3866, -0.5441, -0.7446]
      d = +3.4736   mirror_depth(perp) = 3.4736 m   view_z = 5.7594 m
      n_inliers = 36172/405860   rms_residual = 0.04010 m

[save] D:\Users\dust\Documents\학교\2026년도1학기\컴퓨터비전\실습\FoundationStereo\experiments\ds_v2_seed1/computer_room_v53\mirror_geometry\result.json
[save] D:\Users\dust\Documents\학교\2026년도1학기\컴퓨터비전\실습\FoundationStereo\experiments\ds_v2_seed1/computer_room_v53\mirror_geometry\plane.txt
[save] D:\Users\dust\Documents\학교\2026년도1학기\컴퓨터비전\실습\FoundationStereo\experiments\ds_v2_seed1/computer_room_v53\mirror_geometry\viz.png

DONE: D:\Users\dust\Documents\학교\2026년도1학기\컴퓨터비전\실습\FoundationStereo\experiments\ds_v2_seed1/computer_room_v53\mirror_geometry
[ds_v2_seed1/computer_room_v53] 거울 점 405860개 중 inlier 122224 (30.1%) / outlier 283636
  normal=[ 0.528  0.115 -0.842] d=7.181  rms(inlier)=0.0167 m  thr≈0.070 m
[save] D:\Users\dust\Documents\학교\2026년도1학기\컴퓨터비전\실습\FoundationStereo\experiments\ds_v2_seed1/computer_room_v53\mirror_geometry\ransac_inliers.png
[gt] computer_room_v53            perp 3.44m planRMS 0.0033m  normal [0.55, 0.114, -0.827]

생성 1, 건너뜀 0 (depth_gt/mask 없음 등)
[ds_v2_seed1/computer_room_v53] feature 184x320  mirror_frac=0.4579313858695652  feat_left=True
rank  signal              AUC    pol  sep     mean_in     mean_out
  1  post_entropy       0.6658   -  0.2926    0.689204    0.833487
  2  post_conf          0.6482   +  0.2784    0.701783    0.628049
  3  delta_conf         0.6065   +  0.1784    0.311153    0.224972
  4  delta_entropy      0.6047   -  0.2168   -1.403679   -1.032129
  5  delta_argdisp      0.5686   +  0.1139   50.943812   43.531222
  6  pre_entropy        0.5592   +  0.1338    2.092883    1.865616
  7  feat_left_l2       0.5503   +  0.0831   16.822759   16.312534
  8  feat_left_pc1      0.5313   -  0.0362    2.382695    2.530333
  9  pre_conf           0.5309   -  0.0292    0.390629    0.403077
 10  feat_left_pc3      0.5225   +  0.0605    1.879775    1.679194
 11  feat_left_pc2      0.5082   +  0.0252    2.215529    2.130895
BEST: post_entropy (AUC=0.6658, polarity=-)
저장: D:\Users\dust\Documents\학교\2026년도1학기\컴퓨터비전\실습\FoundationStereo\experiments\ds_v2_seed1/computer_room_v53\features\report.json / panels.png / mirror_signal.npy
[device] cuda
  [train] epoch 60/300  loss=0.4006
  [train] epoch 120/300  loss=0.2733
  [train] epoch 180/300  loss=0.1996
  [train] epoch 240/300  loss=0.1515
  [train] epoch 300/300  loss=0.1176

[VAL] scene=ds_v2_seed1/computer_room_v53  (pixel 70/30 split)
  AUC      = 0.9901
  IoU@0.5  = 0.8911
  F1@0.5   = 0.9424
  accuracy = 0.9471  (prec=0.9349, rec=0.9500)
  tp=7640 fp=532 fn=402 tn=9090

[save] D:\Users\dust\Documents\학교\2026년도1학기\컴퓨터비전\실습\FoundationStereo\experiments\ds_v2_seed1/computer_room_v53\submodel
  pred_mask.png, panel.png, metrics.json, head.pt
DONE: D:\Users\dust\Documents\학교\2026년도1학기\컴퓨터비전\실습\FoundationStereo\experiments\ds_v2_seed1/computer_room_v53\submodel
[device] cuda
[load] D:\Users\dust\Documents\학교\2026년도1학기\컴퓨터비전\실습\FoundationStereo\experiments\_model\general_head.pt  (train_scenes=['archiviz_baseline080', 'bedroom_baseline080', 'blue_bathroom_baseline080', 'computer_room_baseline080', 'cozy_living_room_baseline080', 'flat-archiviz_baseline080', 'green_house_baseline080', 'gym_baseline080', 'livingroom_baseline080', 'minimal_interior_baseline080', 'scandinavian_baseline080', 'sunlight_baseline080'])

[APPLY] ds_v2_seed1/computer_room_v53  (저장모델로 새 데이터 평가)
  AUC      = 0.9569
  IoU@0.5  = 0.4722
  F1@0.5   = 0.6415
  accuracy = 0.7572  (prec=0.9907, rec=0.4743)
  tp=12788 fp=120 fn=14175 tn=31797
[save] D:\Users\dust\Documents\학교\2026년도1학기\컴퓨터비전\실습\FoundationStereo\experiments\ds_v2_seed1/computer_room_v53\submodel_applied  (pred_mask.png, panel.png, metrics.json)

============================================================
STEP: estimate_mirror_plane
============================================================

============================================================
STEP: viz_ransac_inliers
============================================================

============================================================
STEP: make_mirror_gt_from_depth
============================================================

============================================================
STEP: analyze_features
============================================================

============================================================
STEP: submodel_head
============================================================

============================================================
STEP: apply_submodel
============================================================

DONE: D:\Users\dust\Documents\학교\2026년도1학기\컴퓨터비전\실습\FoundationStereo\experiments\ds_v2_seed1/computer_room_v53 (ok)

##### [55/130] ds_v2_seed1/computer_room_v54  (done 16, fail 0, skip 38, elapsed 12m, ETA 56m) #####
[scene] ds_v2_seed1/computer_room_v54  size=1280x720
[select] mirror 점 개수 = 266775  (mask=275734, valid&depth = 892281)
[conf] mirror 영역 평균 confidence = 0.7329

=== 평면 추정 결과 ===
  [PCA (closed form)]
      normal = [-0.3011, -0.6948, -0.6531]
      d = +2.6313   mirror_depth(perp) = 2.6313 m   view_z = 5.7782 m
      n_inliers = 266775/266775   rms_residual = 0.43889 m
  [RANSAC]
      normal = [+0.5272, +0.1582, -0.8349]
      d = +7.2551   mirror_depth(perp) = 7.2551 m   view_z = 5.7782 m
      n_inliers = 87594/266775   rms_residual = 0.02444 m
  [SVD robust (IRLS)]
      normal = [-0.3249, -0.6546, -0.6826]
      d = +2.8065   mirror_depth(perp) = 2.8065 m   view_z = 5.7782 m
      n_inliers = 37328/266775   rms_residual = 0.04108 m

[save] D:\Users\dust\Documents\학교\2026년도1학기\컴퓨터비전\실습\FoundationStereo\experiments\ds_v2_seed1/computer_room_v54\mirror_geometry\result.json
[save] D:\Users\dust\Documents\학교\2026년도1학기\컴퓨터비전\실습\FoundationStereo\experiments\ds_v2_seed1/computer_room_v54\mirror_geometry\plane.txt
[save] D:\Users\dust\Documents\학교\2026년도1학기\컴퓨터비전\실습\FoundationStereo\experiments\ds_v2_seed1/computer_room_v54\mirror_geometry\viz.png

DONE: D:\Users\dust\Documents\학교\2026년도1학기\컴퓨터비전\실습\FoundationStereo\experiments\ds_v2_seed1/computer_room_v54\mirror_geometry
[ds_v2_seed1/computer_room_v54] 거울 점 266775개 중 inlier 87594 (32.8%) / outlier 179181
  normal=[ 0.527  0.158 -0.835] d=7.255  rms(inlier)=0.0244 m  thr≈0.071 m
[save] D:\Users\dust\Documents\학교\2026년도1학기\컴퓨터비전\실습\FoundationStereo\experiments\ds_v2_seed1/computer_room_v54\mirror_geometry\ransac_inliers.png
[gt] computer_room_v54            perp 3.52m planRMS 0.0037m  normal [0.549, 0.177, -0.817]

생성 1, 건너뜀 0 (depth_gt/mask 없음 등)
[ds_v2_seed1/computer_room_v54] feature 184x320  mirror_frac=0.30140964673913045  feat_left=True
rank  signal              AUC    pol  sep     mean_in     mean_out
  1  post_entropy         0.76   -  0.4582    0.639773    0.864364
  2  post_conf          0.7154   +  0.4143    0.729823    0.624695
  3  delta_conf         0.6526   +  0.2602    0.352431    0.224134
  4  delta_entropy      0.6339   -  0.2716   -1.517218   -1.038028
  5  feat_left_pc1      0.5779   -  0.1045    2.096504    2.521038
  6  pre_entropy        0.5711   +  0.1495     2.15699    1.902393
  7  feat_left_l2       0.5537   +   0.091   16.906078   16.375278
  8  pre_conf           0.5507   -  0.0553    0.377392    0.400561
  9  delta_argdisp      0.5334   +  0.0569   47.959261   44.282425
 10  feat_left_pc2       0.523   +   0.046    2.181092    2.028114
 11  feat_left_pc3      0.5221   +  0.0452    1.872966    1.725035
BEST: post_entropy (AUC=0.76, polarity=-)
저장: D:\Users\dust\Documents\학교\2026년도1학기\컴퓨터비전\실습\FoundationStereo\experiments\ds_v2_seed1/computer_room_v54\features\report.json / panels.png / mirror_signal.npy
[device] cuda
  [train] epoch 60/300  loss=0.5402
  [train] epoch 120/300  loss=0.3939
  [train] epoch 180/300  loss=0.2960
  [train] epoch 240/300  loss=0.2238
  [train] epoch 300/300  loss=0.1702

[VAL] scene=ds_v2_seed1/computer_room_v54  (pixel 70/30 split)
  AUC      = 0.9877
  IoU@0.5  = 0.8230
  F1@0.5   = 0.9029
  accuracy = 0.9394  (prec=0.8646, rec=0.9448)
  tp=4981 fp=780 fn=291 tn=11612

[save] D:\Users\dust\Documents\학교\2026년도1학기\컴퓨터비전\실습\FoundationStereo\experiments\ds_v2_seed1/computer_room_v54\submodel
  pred_mask.png, panel.png, metrics.json, head.pt
DONE: D:\Users\dust\Documents\학교\2026년도1학기\컴퓨터비전\실습\FoundationStereo\experiments\ds_v2_seed1/computer_room_v54\submodel
[device] cuda
[load] D:\Users\dust\Documents\학교\2026년도1학기\컴퓨터비전\실습\FoundationStereo\experiments\_model\general_head.pt  (train_scenes=['archiviz_baseline080', 'bedroom_baseline080', 'blue_bathroom_baseline080', 'computer_room_baseline080', 'cozy_living_room_baseline080', 'flat-archiviz_baseline080', 'green_house_baseline080', 'gym_baseline080', 'livingroom_baseline080', 'minimal_interior_baseline080', 'scandinavian_baseline080', 'sunlight_baseline080'])

[APPLY] ds_v2_seed1/computer_room_v54  (저장모델로 새 데이터 평가)
  AUC      = 0.9810
  IoU@0.5  = 0.5902
  F1@0.5   = 0.7423
  accuracy = 0.8748  (prec=0.9777, rec=0.5983)
  tp=10618 fp=242 fn=7129 tn=40891
[save] D:\Users\dust\Documents\학교\2026년도1학기\컴퓨터비전\실습\FoundationStereo\experiments\ds_v2_seed1/computer_room_v54\submodel_applied  (pred_mask.png, panel.png, metrics.json)

============================================================
STEP: estimate_mirror_plane
============================================================

============================================================
STEP: viz_ransac_inliers
============================================================

============================================================
STEP: make_mirror_gt_from_depth
============================================================

============================================================
STEP: analyze_features
============================================================

============================================================
STEP: submodel_head
============================================================

============================================================
STEP: apply_submodel
============================================================

DONE: D:\Users\dust\Documents\학교\2026년도1학기\컴퓨터비전\실습\FoundationStereo\experiments\ds_v2_seed1/computer_room_v54 (ok)

##### [56/130] ds_v2_seed1/computer_room_v55  (done 17, fail 0, skip 38, elapsed 13m, ETA 56m) #####
[scene] ds_v2_seed1/computer_room_v55  size=1280x720
[select] mirror 점 개수 = 447936  (mask=447936, valid&depth = 869443)
[conf] mirror 영역 평균 confidence = 0.7236

=== 평면 추정 결과 ===
  [PCA (closed form)]
      normal = [-0.3554, -0.7394, -0.5719]
      d = +2.9701   mirror_depth(perp) = 2.9701 m   view_z = 5.7015 m
      n_inliers = 447936/447936   rms_residual = 0.61184 m
  [RANSAC]
      normal = [+0.2528, +0.1035, -0.9620]
      d = +6.9556   mirror_depth(perp) = 6.9556 m   view_z = 5.7015 m
      n_inliers = 147722/447936   rms_residual = 0.01678 m
  [SVD robust (IRLS)]
      normal = [-0.3607, -0.7321, -0.5779]
      d = +3.0153   mirror_depth(perp) = 3.0153 m   view_z = 5.7015 m
      n_inliers = 40108/447936   rms_residual = 0.04159 m

[save] D:\Users\dust\Documents\학교\2026년도1학기\컴퓨터비전\실습\FoundationStereo\experiments\ds_v2_seed1/computer_room_v55\mirror_geometry\result.json
[save] D:\Users\dust\Documents\학교\2026년도1학기\컴퓨터비전\실습\FoundationStereo\experiments\ds_v2_seed1/computer_room_v55\mirror_geometry\plane.txt
[save] D:\Users\dust\Documents\학교\2026년도1학기\컴퓨터비전\실습\FoundationStereo\experiments\ds_v2_seed1/computer_room_v55\mirror_geometry\viz.png

DONE: D:\Users\dust\Documents\학교\2026년도1학기\컴퓨터비전\실습\FoundationStereo\experiments\ds_v2_seed1/computer_room_v55\mirror_geometry
[ds_v2_seed1/computer_room_v55] 거울 점 447936개 중 inlier 147722 (33.0%) / outlier 300214
  normal=[ 0.253  0.103 -0.962] d=6.956  rms(inlier)=0.0168 m  thr≈0.072 m
[save] D:\Users\dust\Documents\학교\2026년도1학기\컴퓨터비전\실습\FoundationStereo\experiments\ds_v2_seed1/computer_room_v55\mirror_geometry\ransac_inliers.png
[gt] computer_room_v55            perp 3.27m planRMS 0.0000m  normal [0.236, 0.116, -0.965]

생성 1, 건너뜀 0 (depth_gt/mask 없음 등)
[ds_v2_seed1/computer_room_v55] feature 184x320  mirror_frac=0.4879076086956522  feat_left=True
rank  signal              AUC    pol  sep     mean_in     mean_out
  1  post_entropy       0.8535   -  0.7212    0.656001     1.11185
  2  post_conf          0.8191   +  0.6711    0.723143    0.532318
  3  delta_conf         0.7181   +  0.4143    0.314229    0.095725
  4  delta_entropy      0.6525   -  0.2941   -1.188128   -0.695952
  5  feat_left_l2       0.6409   +  0.2377    17.15352   15.740483
  6  delta_argdisp      0.6148   -  0.2015   40.232247   52.781739
  7  feat_left_pc3      0.5853   +  0.1804    1.916338    1.359772
  8  feat_left_pc1      0.5813   -  0.0816    2.444974    2.756878
  9  pre_conf           0.5515   -  0.0661    0.408914    0.436593
 10  pre_entropy        0.5398   +  0.0242    1.844129    1.807801
 11  feat_left_pc2      0.5012   -  0.0367     2.26694    2.141507
BEST: post_entropy (AUC=0.8535, polarity=-)
저장: D:\Users\dust\Documents\학교\2026년도1학기\컴퓨터비전\실습\FoundationStereo\experiments\ds_v2_seed1/computer_room_v55\features\report.json / panels.png / mirror_signal.npy
[device] cuda
  [train] epoch 60/300  loss=0.3157
  [train] epoch 120/300  loss=0.2303
  [train] epoch 180/300  loss=0.1779
  [train] epoch 240/300  loss=0.1365
  [train] epoch 300/300  loss=0.1041

[VAL] scene=ds_v2_seed1/computer_room_v55  (pixel 70/30 split)
  AUC      = 0.9921
  IoU@0.5  = 0.9055
  F1@0.5   = 0.9504
  accuracy = 0.9514  (prec=0.9396, rec=0.9615)
  tp=8231 fp=529 fn=330 tn=8574

[save] D:\Users\dust\Documents\학교\2026년도1학기\컴퓨터비전\실습\FoundationStereo\experiments\ds_v2_seed1/computer_room_v55\submodel
  pred_mask.png, panel.png, metrics.json, head.pt
DONE: D:\Users\dust\Documents\학교\2026년도1학기\컴퓨터비전\실습\FoundationStereo\experiments\ds_v2_seed1/computer_room_v55\submodel
[device] cuda
[load] D:\Users\dust\Documents\학교\2026년도1학기\컴퓨터비전\실습\FoundationStereo\experiments\_model\general_head.pt  (train_scenes=['archiviz_baseline080', 'bedroom_baseline080', 'blue_bathroom_baseline080', 'computer_room_baseline080', 'cozy_living_room_baseline080', 'flat-archiviz_baseline080', 'green_house_baseline080', 'gym_baseline080', 'livingroom_baseline080', 'minimal_interior_baseline080', 'scandinavian_baseline080', 'sunlight_baseline080'])

[APPLY] ds_v2_seed1/computer_room_v55  (저장모델로 새 데이터 평가)
  AUC      = 0.9755
  IoU@0.5  = 0.5177
  F1@0.5   = 0.6822
  accuracy = 0.7642  (prec=0.9958, rec=0.5188)
  tp=14905 fp=63 fn=13823 tn=30089
[save] D:\Users\dust\Documents\학교\2026년도1학기\컴퓨터비전\실습\FoundationStereo\experiments\ds_v2_seed1/computer_room_v55\submodel_applied  (pred_mask.png, panel.png, metrics.json)

============================================================
STEP: estimate_mirror_plane
============================================================

============================================================
STEP: viz_ransac_inliers
============================================================

============================================================
STEP: make_mirror_gt_from_depth
============================================================

============================================================
STEP: analyze_features
============================================================

============================================================
STEP: submodel_head
============================================================

============================================================
STEP: apply_submodel
============================================================

DONE: D:\Users\dust\Documents\학교\2026년도1학기\컴퓨터비전\실습\FoundationStereo\experiments\ds_v2_seed1/computer_room_v55 (ok)

##### [57/130] ds_v2_seed1/computer_room_v56  (done 18, fail 0, skip 38, elapsed 14m, ETA 56m) #####
[scene] ds_v2_seed1/computer_room_v56  size=1280x720
[select] mirror 점 개수 = 235529  (mask=243674, valid&depth = 889685)
[conf] mirror 영역 평균 confidence = 0.7203

=== 평면 추정 결과 ===
  [PCA (closed form)]
      normal = [-0.3628, -0.6471, -0.6705]
      d = +2.4400   mirror_depth(perp) = 2.4400 m   view_z = 5.4629 m
      n_inliers = 235529/235529   rms_residual = 0.36421 m
  [RANSAC]
      normal = [-0.7853, +0.0550, -0.6166]
      d = +2.6636   mirror_depth(perp) = 2.6636 m   view_z = 5.4629 m
      n_inliers = 78573/235529   rms_residual = 0.01396 m
  [SVD robust (IRLS)]
      normal = [-0.3574, -0.6346, -0.6852]
      d = +2.5227   mirror_depth(perp) = 2.5227 m   view_z = 5.4629 m
      n_inliers = 39943/235529   rms_residual = 0.04015 m

[save] D:\Users\dust\Documents\학교\2026년도1학기\컴퓨터비전\실습\FoundationStereo\experiments\ds_v2_seed1/computer_room_v56\mirror_geometry\result.json
[save] D:\Users\dust\Documents\학교\2026년도1학기\컴퓨터비전\실습\FoundationStereo\experiments\ds_v2_seed1/computer_room_v56\mirror_geometry\plane.txt
[save] D:\Users\dust\Documents\학교\2026년도1학기\컴퓨터비전\실습\FoundationStereo\experiments\ds_v2_seed1/computer_room_v56\mirror_geometry\viz.png

DONE: D:\Users\dust\Documents\학교\2026년도1학기\컴퓨터비전\실습\FoundationStereo\experiments\ds_v2_seed1/computer_room_v56\mirror_geometry
[ds_v2_seed1/computer_room_v56] 거울 점 235529개 중 inlier 78573 (33.4%) / outlier 156956
  normal=[-0.785  0.055 -0.617] d=2.664  rms(inlier)=0.0140 m  thr≈0.069 m
[save] D:\Users\dust\Documents\학교\2026년도1학기\컴퓨터비전\실습\FoundationStereo\experiments\ds_v2_seed1/computer_room_v56\mirror_geometry\ransac_inliers.png
[gt] computer_room_v56            perp 3.33m planRMS 0.0040m  normal [0.603, 0.202, -0.771]

생성 1, 건너뜀 0 (depth_gt/mask 없음 등)
[ds_v2_seed1/computer_room_v56] feature 184x320  mirror_frac=0.26645720108695653  feat_left=True
rank  signal              AUC    pol  sep     mean_in     mean_out
  1  post_entropy       0.7573   -  0.4601    0.646029    0.826426
  2  post_conf          0.6853   +  0.3493    0.716051    0.629639
  3  delta_conf         0.6227   +  0.1849    0.328505    0.235057
  4  delta_entropy      0.6132   -  0.2248   -1.502732   -1.098516
  5  feat_left_pc1      0.5888   -  0.1356    2.039256    2.561737
  6  feat_left_l2       0.5698   +  0.1047   16.990342   16.396885
  7  pre_entropy        0.5625   +  0.1268    2.148762    1.924942
  8  pre_conf           0.5369   -  0.0161    0.387546    0.394582
  9  feat_left_pc2      0.5246   +   0.048    2.153217    1.998089
 10  delta_argdisp      0.5135   -   0.003   42.678246   42.483226
 11  feat_left_pc3      0.5073   -  0.0191    1.686421    1.746147
BEST: post_entropy (AUC=0.7573, polarity=-)
저장: D:\Users\dust\Documents\학교\2026년도1학기\컴퓨터비전\실습\FoundationStereo\experiments\ds_v2_seed1/computer_room_v56\features\report.json / panels.png / mirror_signal.npy
[device] cuda
  [train] epoch 60/300  loss=0.5934
  [train] epoch 120/300  loss=0.4346
  [train] epoch 180/300  loss=0.3232
  [train] epoch 240/300  loss=0.2394
  [train] epoch 300/300  loss=0.1768

[VAL] scene=ds_v2_seed1/computer_room_v56  (pixel 70/30 split)
  AUC      = 0.9876
  IoU@0.5  = 0.8062
  F1@0.5   = 0.8927
  accuracy = 0.9398  (prec=0.8444, rec=0.9469)
  tp=4423 fp=815 fn=248 tn=12178

[save] D:\Users\dust\Documents\학교\2026년도1학기\컴퓨터비전\실습\FoundationStereo\experiments\ds_v2_seed1/computer_room_v56\submodel
  pred_mask.png, panel.png, metrics.json, head.pt
DONE: D:\Users\dust\Documents\학교\2026년도1학기\컴퓨터비전\실습\FoundationStereo\experiments\ds_v2_seed1/computer_room_v56\submodel
[device] cuda
[load] D:\Users\dust\Documents\학교\2026년도1학기\컴퓨터비전\실습\FoundationStereo\experiments\_model\general_head.pt  (train_scenes=['archiviz_baseline080', 'bedroom_baseline080', 'blue_bathroom_baseline080', 'computer_room_baseline080', 'cozy_living_room_baseline080', 'flat-archiviz_baseline080', 'green_house_baseline080', 'gym_baseline080', 'livingroom_baseline080', 'minimal_interior_baseline080', 'scandinavian_baseline080', 'sunlight_baseline080'])

[APPLY] ds_v2_seed1/computer_room_v56  (저장모델로 새 데이터 평가)
  AUC      = 0.9785
  IoU@0.5  = 0.5402
  F1@0.5   = 0.7014
  accuracy = 0.8760  (prec=0.9778, rec=0.5469)
  tp=8580 fp=195 fn=7109 tn=42996
[save] D:\Users\dust\Documents\학교\2026년도1학기\컴퓨터비전\실습\FoundationStereo\experiments\ds_v2_seed1/computer_room_v56\submodel_applied  (pred_mask.png, panel.png, metrics.json)

============================================================
STEP: estimate_mirror_plane
============================================================

============================================================
STEP: viz_ransac_inliers
============================================================

============================================================
STEP: make_mirror_gt_from_depth
============================================================

============================================================
STEP: analyze_features
============================================================

============================================================
STEP: submodel_head
============================================================

============================================================
STEP: apply_submodel
============================================================

DONE: D:\Users\dust\Documents\학교\2026년도1학기\컴퓨터비전\실습\FoundationStereo\experiments\ds_v2_seed1/computer_room_v56 (ok)

##### [58/130] ds_v2_seed1/computer_room_v57  (done 19, fail 0, skip 38, elapsed 14m, ETA 55m) #####
[scene] ds_v2_seed1/computer_room_v57  size=1280x720
[select] mirror 점 개수 = 251076  (mask=259585, valid&depth = 878727)
[conf] mirror 영역 평균 confidence = 0.6917

=== 평면 추정 결과 ===
  [PCA (closed form)]
      normal = [-0.1699, -0.8460, -0.5055]
      d = +1.5960   mirror_depth(perp) = 1.5960 m   view_z = 5.2683 m
      n_inliers = 251076/251076   rms_residual = 0.38846 m
  [RANSAC]
      normal = [+0.5602, +0.2278, -0.7964]
      d = +6.7027   mirror_depth(perp) = 6.7027 m   view_z = 5.2683 m
      n_inliers = 70798/251076   rms_residual = 0.01757 m
  [SVD robust (IRLS)]
      normal = [-0.2285, -0.7879, -0.5718]
      d = +1.9108   mirror_depth(perp) = 1.9108 m   view_z = 5.2683 m
      n_inliers = 37749/251076   rms_residual = 0.04062 m

[save] D:\Users\dust\Documents\학교\2026년도1학기\컴퓨터비전\실습\FoundationStereo\experiments\ds_v2_seed1/computer_room_v57\mirror_geometry\result.json
[save] D:\Users\dust\Documents\학교\2026년도1학기\컴퓨터비전\실습\FoundationStereo\experiments\ds_v2_seed1/computer_room_v57\mirror_geometry\plane.txt
[save] D:\Users\dust\Documents\학교\2026년도1학기\컴퓨터비전\실습\FoundationStereo\experiments\ds_v2_seed1/computer_room_v57\mirror_geometry\viz.png

DONE: D:\Users\dust\Documents\학교\2026년도1학기\컴퓨터비전\실습\FoundationStereo\experiments\ds_v2_seed1/computer_room_v57\mirror_geometry
[ds_v2_seed1/computer_room_v57] 거울 점 251076개 중 inlier 70798 (28.2%) / outlier 180278
  normal=[ 0.56   0.228 -0.796] d=6.703  rms(inlier)=0.0176 m  thr≈0.070 m
[save] D:\Users\dust\Documents\학교\2026년도1학기\컴퓨터비전\실습\FoundationStereo\experiments\ds_v2_seed1/computer_room_v57\mirror_geometry\ransac_inliers.png
[gt] computer_room_v57            perp 3.04m planRMS 0.0038m  normal [0.528, 0.214, -0.822]

생성 1, 건너뜀 0 (depth_gt/mask 없음 등)
[ds_v2_seed1/computer_room_v57] feature 184x320  mirror_frac=0.283882472826087  feat_left=True
rank  signal              AUC    pol  sep     mean_in     mean_out
  1  post_entropy       0.7213   -  0.4974    0.679664    1.005734
  2  post_conf          0.6718   +   0.374    0.689507    0.580429
  3  delta_entropy      0.6612   -  0.3167   -1.401477   -0.781558
  4  delta_conf          0.645   +   0.253    0.293716    0.149342
  5  feat_left_pc1      0.6128   -  0.2052    1.814006    2.620166
  6  feat_left_l2       0.6118   +  0.1415   17.007922    16.18579
  7  pre_entropy        0.5934   +  0.1689    2.081141    1.787292
  8  pre_conf           0.5669   -  0.0786    0.395791    0.431088
  9  feat_left_pc3      0.5287   +  0.0481    1.840626    1.698032
 10  feat_left_pc2      0.5264   -  0.0649    1.872888    2.097888
 11  delta_argdisp      0.5018   +  0.0161   45.188453   44.175098
BEST: post_entropy (AUC=0.7213, polarity=-)
저장: D:\Users\dust\Documents\학교\2026년도1학기\컴퓨터비전\실습\FoundationStereo\experiments\ds_v2_seed1/computer_room_v57\features\report.json / panels.png / mirror_signal.npy
[device] cuda
  [train] epoch 60/300  loss=0.5609
  [train] epoch 120/300  loss=0.4349
  [train] epoch 180/300  loss=0.3382
  [train] epoch 240/300  loss=0.2601
  [train] epoch 300/300  loss=0.1989

[VAL] scene=ds_v2_seed1/computer_room_v57  (pixel 70/30 split)
  AUC      = 0.9824
  IoU@0.5  = 0.7815
  F1@0.5   = 0.8773
  accuracy = 0.9265  (prec=0.8226, rec=0.9399)
  tp=4646 fp=1002 fn=297 tn=11719

[save] D:\Users\dust\Documents\학교\2026년도1학기\컴퓨터비전\실습\FoundationStereo\experiments\ds_v2_seed1/computer_room_v57\submodel
  pred_mask.png, panel.png, metrics.json, head.pt
DONE: D:\Users\dust\Documents\학교\2026년도1학기\컴퓨터비전\실습\FoundationStereo\experiments\ds_v2_seed1/computer_room_v57\submodel
[device] cuda
[load] D:\Users\dust\Documents\학교\2026년도1학기\컴퓨터비전\실습\FoundationStereo\experiments\_model\general_head.pt  (train_scenes=['archiviz_baseline080', 'bedroom_baseline080', 'blue_bathroom_baseline080', 'computer_room_baseline080', 'cozy_living_room_baseline080', 'flat-archiviz_baseline080', 'green_house_baseline080', 'gym_baseline080', 'livingroom_baseline080', 'minimal_interior_baseline080', 'scandinavian_baseline080', 'sunlight_baseline080'])

[APPLY] ds_v2_seed1/computer_room_v57  (저장모델로 새 데이터 평가)
  AUC      = 0.9808
  IoU@0.5  = 0.5753
  F1@0.5   = 0.7304
  accuracy = 0.8784  (prec=0.9860, rec=0.5800)
  tp=9695 fp=138 fn=7020 tn=42027
[save] D:\Users\dust\Documents\학교\2026년도1학기\컴퓨터비전\실습\FoundationStereo\experiments\ds_v2_seed1/computer_room_v57\submodel_applied  (pred_mask.png, panel.png, metrics.json)

============================================================
STEP: estimate_mirror_plane
============================================================

============================================================
STEP: viz_ransac_inliers
============================================================

============================================================
STEP: make_mirror_gt_from_depth
============================================================

============================================================
STEP: analyze_features
============================================================

============================================================
STEP: submodel_head
============================================================

============================================================
STEP: apply_submodel
============================================================

DONE: D:\Users\dust\Documents\학교\2026년도1학기\컴퓨터비전\실습\FoundationStereo\experiments\ds_v2_seed1/computer_room_v57 (ok)

##### [59/130] ds_v2_seed1/computer_room_v58  (done 20, fail 0, skip 38, elapsed 15m, ETA 54m) #####
[scene] ds_v2_seed1/computer_room_v58  size=1280x720
[select] mirror 점 개수 = 385673  (mask=385673, valid&depth = 870809)
[conf] mirror 영역 평균 confidence = 0.6869

=== 평면 추정 결과 ===
  [PCA (closed form)]
      normal = [-0.3296, -0.7386, -0.5881]
      d = +3.0411   mirror_depth(perp) = 3.0411 m   view_z = 6.0751 m
      n_inliers = 385673/385673   rms_residual = 0.64259 m
  [RANSAC]
      normal = [+0.2575, +0.0720, -0.9636]
      d = +7.2447   mirror_depth(perp) = 7.2447 m   view_z = 6.0751 m
      n_inliers = 143133/385673   rms_residual = 0.01894 m
  [SVD robust (IRLS)]
      normal = [-0.3378, -0.7281, -0.5965]
      d = +3.1045   mirror_depth(perp) = 3.1045 m   view_z = 6.0751 m
      n_inliers = 32962/385673   rms_residual = 0.04351 m

[save] D:\Users\dust\Documents\학교\2026년도1학기\컴퓨터비전\실습\FoundationStereo\experiments\ds_v2_seed1/computer_room_v58\mirror_geometry\result.json
[save] D:\Users\dust\Documents\학교\2026년도1학기\컴퓨터비전\실습\FoundationStereo\experiments\ds_v2_seed1/computer_room_v58\mirror_geometry\plane.txt
[save] D:\Users\dust\Documents\학교\2026년도1학기\컴퓨터비전\실습\FoundationStereo\experiments\ds_v2_seed1/computer_room_v58\mirror_geometry\viz.png

DONE: D:\Users\dust\Documents\학교\2026년도1학기\컴퓨터비전\실습\FoundationStereo\experiments\ds_v2_seed1/computer_room_v58\mirror_geometry
[ds_v2_seed1/computer_room_v58] 거울 점 385673개 중 inlier 143133 (37.1%) / outlier 242540
  normal=[ 0.257  0.072 -0.964] d=7.245  rms(inlier)=0.0189 m  thr≈0.075 m
[save] D:\Users\dust\Documents\학교\2026년도1학기\컴퓨터비전\실습\FoundationStereo\experiments\ds_v2_seed1/computer_room_v58\mirror_geometry\ransac_inliers.png
[gt] computer_room_v58            perp 3.56m planRMS 0.0008m  normal [0.262, 0.099, -0.96]

생성 1, 건너뜀 0 (depth_gt/mask 없음 등)
[ds_v2_seed1/computer_room_v58] feature 184x320  mirror_frac=0.4200407608695652  feat_left=True
rank  signal              AUC    pol  sep     mean_in     mean_out
  1  post_entropy        0.737   -  0.5138    0.683443    0.996065
  2  post_conf          0.6795   +  0.3776    0.686471    0.577807
  3  delta_conf          0.634   +  0.2613    0.290224    0.155652
  4  feat_left_l2       0.6123   +   0.185   17.070745   15.899267
  5  delta_entropy      0.6117   -   0.215   -1.222608    -0.86793
  6  feat_left_pc3      0.5718   +   0.154     1.92998    1.435359
  7  delta_argdisp      0.5577   -  0.0996   42.344897   48.529577
  8  feat_left_pc1      0.5505   -  0.0403    2.364977    2.530862
  9  pre_conf           0.5468   -  0.0627    0.396247    0.422156
 10  pre_entropy        0.5399   +  0.0276     1.90605    1.863995
 11  feat_left_pc2       0.508   +  0.0412    2.305761    2.155521
BEST: post_entropy (AUC=0.737, polarity=-)
저장: D:\Users\dust\Documents\학교\2026년도1학기\컴퓨터비전\실습\FoundationStereo\experiments\ds_v2_seed1/computer_room_v58\features\report.json / panels.png / mirror_signal.npy
[device] cuda
  [train] epoch 60/300  loss=0.4319
  [train] epoch 120/300  loss=0.3177
  [train] epoch 180/300  loss=0.2361
  [train] epoch 240/300  loss=0.1739
  [train] epoch 300/300  loss=0.1280

[VAL] scene=ds_v2_seed1/computer_room_v58  (pixel 70/30 split)
  AUC      = 0.9908
  IoU@0.5  = 0.8918
  F1@0.5   = 0.9428
  accuracy = 0.9513  (prec=0.9277, rec=0.9583)
  tp=7085 fp=552 fn=308 tn=9719

[save] D:\Users\dust\Documents\학교\2026년도1학기\컴퓨터비전\실습\FoundationStereo\experiments\ds_v2_seed1/computer_room_v58\submodel
  pred_mask.png, panel.png, metrics.json, head.pt
DONE: D:\Users\dust\Documents\학교\2026년도1학기\컴퓨터비전\실습\FoundationStereo\experiments\ds_v2_seed1/computer_room_v58\submodel
[device] cuda
[load] D:\Users\dust\Documents\학교\2026년도1학기\컴퓨터비전\실습\FoundationStereo\experiments\_model\general_head.pt  (train_scenes=['archiviz_baseline080', 'bedroom_baseline080', 'blue_bathroom_baseline080', 'computer_room_baseline080', 'cozy_living_room_baseline080', 'flat-archiviz_baseline080', 'green_house_baseline080', 'gym_baseline080', 'livingroom_baseline080', 'minimal_interior_baseline080', 'scandinavian_baseline080', 'sunlight_baseline080'])

[APPLY] ds_v2_seed1/computer_room_v58  (저장모델로 새 데이터 평가)
  AUC      = 0.9802
  IoU@0.5  = 0.6051
  F1@0.5   = 0.7539
  accuracy = 0.8333  (prec=0.9916, rec=0.6082)
  tp=15042 fp=128 fn=9690 tn=34020
[save] D:\Users\dust\Documents\학교\2026년도1학기\컴퓨터비전\실습\FoundationStereo\experiments\ds_v2_seed1/computer_room_v58\submodel_applied  (pred_mask.png, panel.png, metrics.json)

============================================================
STEP: estimate_mirror_plane
============================================================

============================================================
STEP: viz_ransac_inliers
============================================================

============================================================
STEP: make_mirror_gt_from_depth
============================================================

============================================================
STEP: analyze_features
============================================================

============================================================
STEP: submodel_head
============================================================

============================================================
STEP: apply_submodel
============================================================

DONE: D:\Users\dust\Documents\학교\2026년도1학기\컴퓨터비전\실습\FoundationStereo\experiments\ds_v2_seed1/computer_room_v58 (ok)

##### [60/130] ds_v2_seed1/computer_room_v59  (done 21, fail 0, skip 38, elapsed 16m, ETA 54m) #####
[scene] ds_v2_seed1/computer_room_v59  size=1280x720
[select] mirror 점 개수 = 379563  (mask=390037, valid&depth = 896225)
[conf] mirror 영역 평균 confidence = 0.7268

=== 평면 추정 결과 ===
  [PCA (closed form)]
      normal = [-0.1991, -0.7703, -0.6058]
      d = +2.8053   mirror_depth(perp) = 2.8053 m   view_z = 6.0149 m
      n_inliers = 379563/379563   rms_residual = 0.59982 m
  [RANSAC]
      normal = [+0.3867, +0.0963, -0.9172]
      d = +7.3261   mirror_depth(perp) = 7.3261 m   view_z = 6.0149 m
      n_inliers = 159610/379563   rms_residual = 0.01923 m
  [SVD robust (IRLS)]
      normal = [-0.1848, -0.7663, -0.6153]
      d = +2.8688   mirror_depth(perp) = 2.8688 m   view_z = 6.0149 m
      n_inliers = 32701/379563   rms_residual = 0.04382 m

[save] D:\Users\dust\Documents\학교\2026년도1학기\컴퓨터비전\실습\FoundationStereo\experiments\ds_v2_seed1/computer_room_v59\mirror_geometry\result.json
[save] D:\Users\dust\Documents\학교\2026년도1학기\컴퓨터비전\실습\FoundationStereo\experiments\ds_v2_seed1/computer_room_v59\mirror_geometry\plane.txt
[save] D:\Users\dust\Documents\학교\2026년도1학기\컴퓨터비전\실습\FoundationStereo\experiments\ds_v2_seed1/computer_room_v59\mirror_geometry\viz.png

DONE: D:\Users\dust\Documents\학교\2026년도1학기\컴퓨터비전\실습\FoundationStereo\experiments\ds_v2_seed1/computer_room_v59\mirror_geometry
[ds_v2_seed1/computer_room_v59] 거울 점 379563개 중 inlier 159610 (42.1%) / outlier 219953
  normal=[ 0.387  0.096 -0.917] d=7.326  rms(inlier)=0.0192 m  thr≈0.076 m
[save] D:\Users\dust\Documents\학교\2026년도1학기\컴퓨터비전\실습\FoundationStereo\experiments\ds_v2_seed1/computer_room_v59\mirror_geometry\ransac_inliers.png
[gt] computer_room_v59            perp 3.63m planRMS 0.0032m  normal [0.394, 0.103, -0.914]

생성 1, 건너뜀 0 (depth_gt/mask 없음 등)
[ds_v2_seed1/computer_room_v59] feature 184x320  mirror_frac=0.4255774456521739  feat_left=True
rank  signal              AUC    pol  sep     mean_in     mean_out
  1  post_entropy       0.6807   -  0.3694    0.654777     0.82155
  2  post_conf          0.6625   +  0.3211    0.722335    0.641741
  3  delta_conf         0.6126   +  0.1965    0.336103    0.243825
  4  delta_entropy       0.605   -  0.2129   -1.430456   -1.076059
  5  delta_argdisp      0.5727   +  0.1186   51.548328   43.870558
  6  pre_entropy         0.558   +  0.1143    2.085233    1.897608
  7  pre_conf           0.5335   -  0.0285    0.386232    0.397916
  8  feat_left_pc2      0.5149   +  0.0242    2.149506    2.071818
  9  feat_left_l2       0.5148   -  0.0164   16.494554   16.590583
 10  feat_left_pc1      0.5121   -   0.018    2.302873     2.37446
 11  feat_left_pc3      0.5065   -  0.0043     1.73659    1.722113
BEST: post_entropy (AUC=0.6807, polarity=-)
저장: D:\Users\dust\Documents\학교\2026년도1학기\컴퓨터비전\실습\FoundationStereo\experiments\ds_v2_seed1/computer_room_v59\features\report.json / panels.png / mirror_signal.npy
[device] cuda
  [train] epoch 60/300  loss=0.4348
  [train] epoch 120/300  loss=0.3018
  [train] epoch 180/300  loss=0.2201
  [train] epoch 240/300  loss=0.1633
  [train] epoch 300/300  loss=0.1225

[VAL] scene=ds_v2_seed1/computer_room_v59  (pixel 70/30 split)
  AUC      = 0.9900
  IoU@0.5  = 0.8829
  F1@0.5   = 0.9378
  accuracy = 0.9467  (prec=0.9249, rec=0.9511)
  tp=7095 fp=576 fn=365 tn=9628

[save] D:\Users\dust\Documents\학교\2026년도1학기\컴퓨터비전\실습\FoundationStereo\experiments\ds_v2_seed1/computer_room_v59\submodel
  pred_mask.png, panel.png, metrics.json, head.pt
DONE: D:\Users\dust\Documents\학교\2026년도1학기\컴퓨터비전\실습\FoundationStereo\experiments\ds_v2_seed1/computer_room_v59\submodel
[device] cuda
[load] D:\Users\dust\Documents\학교\2026년도1학기\컴퓨터비전\실습\FoundationStereo\experiments\_model\general_head.pt  (train_scenes=['archiviz_baseline080', 'bedroom_baseline080', 'blue_bathroom_baseline080', 'computer_room_baseline080', 'cozy_living_room_baseline080', 'flat-archiviz_baseline080', 'green_house_baseline080', 'gym_baseline080', 'livingroom_baseline080', 'minimal_interior_baseline080', 'scandinavian_baseline080', 'sunlight_baseline080'])

[APPLY] ds_v2_seed1/computer_room_v59  (저장모델로 새 데이터 평가)
  AUC      = 0.9819
  IoU@0.5  = 0.5152
  F1@0.5   = 0.6801
  accuracy = 0.7931  (prec=0.9942, rec=0.5168)
  tp=12950 fp=76 fn=12108 tn=33746
[save] D:\Users\dust\Documents\학교\2026년도1학기\컴퓨터비전\실습\FoundationStereo\experiments\ds_v2_seed1/computer_room_v59\submodel_applied  (pred_mask.png, panel.png, metrics.json)

============================================================
STEP: estimate_mirror_plane
============================================================

============================================================
STEP: viz_ransac_inliers
============================================================

============================================================
STEP: make_mirror_gt_from_depth
============================================================

============================================================
STEP: analyze_features
============================================================

============================================================
STEP: submodel_head
============================================================

============================================================
STEP: apply_submodel
============================================================

DONE: D:\Users\dust\Documents\학교\2026년도1학기\컴퓨터비전\실습\FoundationStereo\experiments\ds_v2_seed1/computer_room_v59 (ok)

##### [61/130] ds_v2_seed1/computer_room_v60  (done 22, fail 0, skip 38, elapsed 17m, ETA 54m) #####
[scene] ds_v2_seed1/computer_room_v60  size=1280x720
[select] mirror 점 개수 = 261794  (mask=272298, valid&depth = 890941)
[conf] mirror 영역 평균 confidence = 0.7100

=== 평면 추정 결과 ===
  [PCA (closed form)]
      normal = [-0.2928, -0.7266, -0.6216]
      d = +2.2358   mirror_depth(perp) = 2.2358 m   view_z = 5.3693 m
      n_inliers = 261794/261794   rms_residual = 0.37886 m
  [RANSAC]
      normal = [-0.8373, +0.1000, -0.5376]
      d = +2.4393   mirror_depth(perp) = 2.4393 m   view_z = 5.3693 m
      n_inliers = 71142/261794   rms_residual = 0.01354 m
  [SVD robust (IRLS)]
      normal = [-0.3072, -0.7012, -0.6434]
      d = +2.3391   mirror_depth(perp) = 2.3391 m   view_z = 5.3693 m
      n_inliers = 44370/261794   rms_residual = 0.03944 m

[save] D:\Users\dust\Documents\학교\2026년도1학기\컴퓨터비전\실습\FoundationStereo\experiments\ds_v2_seed1/computer_room_v60\mirror_geometry\result.json
[save] D:\Users\dust\Documents\학교\2026년도1학기\컴퓨터비전\실습\FoundationStereo\experiments\ds_v2_seed1/computer_room_v60\mirror_geometry\plane.txt
[save] D:\Users\dust\Documents\학교\2026년도1학기\컴퓨터비전\실습\FoundationStereo\experiments\ds_v2_seed1/computer_room_v60\mirror_geometry\viz.png

DONE: D:\Users\dust\Documents\학교\2026년도1학기\컴퓨터비전\실습\FoundationStereo\experiments\ds_v2_seed1/computer_room_v60\mirror_geometry
[ds_v2_seed1/computer_room_v60] 거울 점 261794개 중 inlier 71142 (27.2%) / outlier 190652
  normal=[-0.837  0.1   -0.538] d=2.439  rms(inlier)=0.0135 m  thr≈0.069 m
[save] D:\Users\dust\Documents\학교\2026년도1학기\컴퓨터비전\실습\FoundationStereo\experiments\ds_v2_seed1/computer_room_v60\mirror_geometry\ransac_inliers.png
[gt] computer_room_v60            perp 3.27m planRMS 0.0000m  normal [0.542, 0.229, -0.808]

생성 1, 건너뜀 0 (depth_gt/mask 없음 등)
[ds_v2_seed1/computer_room_v60] feature 184x320  mirror_frac=0.2977411684782609  feat_left=True
rank  signal              AUC    pol  sep     mean_in     mean_out
  1  post_entropy       0.6757   -   0.346    0.658164    0.778342
  2  post_conf          0.6137   +  0.2124    0.706066    0.654904
  3  delta_entropy      0.5786   -  0.1614   -1.439793   -1.160366
  4  feat_left_pc1      0.5771   -  0.1453    1.955281    2.518032
  5  delta_conf         0.5757   +  0.1013    0.311612    0.262126
  6  pre_entropy         0.541   +  0.0921    2.097957    1.938708
  7  feat_left_l2       0.5263   +   0.032   16.685369   16.504487
  8  delta_argdisp      0.5193   +    0.05   45.766186   42.517522
  9  pre_conf           0.5184   -  0.0039    0.394454    0.392778
 10  feat_left_pc3      0.5097   -  0.0339    1.659507    1.763845
 11  feat_left_pc2      0.5062   +  0.0044    2.058307    2.044264
BEST: post_entropy (AUC=0.6757, polarity=-)
저장: D:\Users\dust\Documents\학교\2026년도1학기\컴퓨터비전\실습\FoundationStereo\experiments\ds_v2_seed1/computer_room_v60\features\report.json / panels.png / mirror_signal.npy
[device] cuda
  [train] epoch 60/300  loss=0.5440
  [train] epoch 120/300  loss=0.3888
  [train] epoch 180/300  loss=0.2822
  [train] epoch 240/300  loss=0.2055
  [train] epoch 300/300  loss=0.1525

[VAL] scene=ds_v2_seed1/computer_room_v60  (pixel 70/30 split)
  AUC      = 0.9906
  IoU@0.5  = 0.8470
  F1@0.5   = 0.9172
  accuracy = 0.9489  (prec=0.8783, rec=0.9596)
  tp=4994 fp=692 fn=210 tn=11768

[save] D:\Users\dust\Documents\학교\2026년도1학기\컴퓨터비전\실습\FoundationStereo\experiments\ds_v2_seed1/computer_room_v60\submodel
  pred_mask.png, panel.png, metrics.json, head.pt
DONE: D:\Users\dust\Documents\학교\2026년도1학기\컴퓨터비전\실습\FoundationStereo\experiments\ds_v2_seed1/computer_room_v60\submodel
[device] cuda
[load] D:\Users\dust\Documents\학교\2026년도1학기\컴퓨터비전\실습\FoundationStereo\experiments\_model\general_head.pt  (train_scenes=['archiviz_baseline080', 'bedroom_baseline080', 'blue_bathroom_baseline080', 'computer_room_baseline080', 'cozy_living_room_baseline080', 'flat-archiviz_baseline080', 'green_house_baseline080', 'gym_baseline080', 'livingroom_baseline080', 'minimal_interior_baseline080', 'scandinavian_baseline080', 'sunlight_baseline080'])

[APPLY] ds_v2_seed1/computer_room_v60  (저장모델로 새 데이터 평가)
  AUC      = 0.9772
  IoU@0.5  = 0.4937
  F1@0.5   = 0.6611
  accuracy = 0.8485  (prec=0.9893, rec=0.4964)
  tp=8702 fp=94 fn=8829 tn=41255
[save] D:\Users\dust\Documents\학교\2026년도1학기\컴퓨터비전\실습\FoundationStereo\experiments\ds_v2_seed1/computer_room_v60\submodel_applied  (pred_mask.png, panel.png, metrics.json)

============================================================
STEP: estimate_mirror_plane
============================================================

============================================================
STEP: viz_ransac_inliers
============================================================

============================================================
STEP: make_mirror_gt_from_depth
============================================================

============================================================
STEP: analyze_features
============================================================

============================================================
STEP: submodel_head
============================================================

============================================================
STEP: apply_submodel
============================================================

DONE: D:\Users\dust\Documents\학교\2026년도1학기\컴퓨터비전\실습\FoundationStereo\experiments\ds_v2_seed1/computer_room_v60 (ok)

##### [62/130] ds_v2_seed1/computer_room_v61  (done 23, fail 0, skip 38, elapsed 18m, ETA 53m) #####
[scene] ds_v2_seed1/computer_room_v61  size=1280x720
[select] mirror 점 개수 = 350391  (mask=361440, valid&depth = 898530)
[conf] mirror 영역 평균 confidence = 0.7201

=== 평면 추정 결과 ===
  [PCA (closed form)]
      normal = [-0.3347, -0.6277, -0.7029]
      d = +3.1931   mirror_depth(perp) = 3.1931 m   view_z = 5.9191 m
      n_inliers = 350391/350391   rms_residual = 0.54832 m
  [RANSAC]
      normal = [+0.5103, +0.0868, -0.8556]
      d = +7.2558   mirror_depth(perp) = 7.2558 m   view_z = 5.9191 m
      n_inliers = 130332/350391   rms_residual = 0.01936 m
  [SVD robust (IRLS)]
      normal = [-0.3597, -0.5782, -0.7323]
      d = +3.3830   mirror_depth(perp) = 3.3830 m   view_z = 5.9191 m
      n_inliers = 35734/350391   rms_residual = 0.04218 m

[save] D:\Users\dust\Documents\학교\2026년도1학기\컴퓨터비전\실습\FoundationStereo\experiments\ds_v2_seed1/computer_room_v61\mirror_geometry\result.json
[save] D:\Users\dust\Documents\학교\2026년도1학기\컴퓨터비전\실습\FoundationStereo\experiments\ds_v2_seed1/computer_room_v61\mirror_geometry\plane.txt
[save] D:\Users\dust\Documents\학교\2026년도1학기\컴퓨터비전\실습\FoundationStereo\experiments\ds_v2_seed1/computer_room_v61\mirror_geometry\viz.png

DONE: D:\Users\dust\Documents\학교\2026년도1학기\컴퓨터비전\실습\FoundationStereo\experiments\ds_v2_seed1/computer_room_v61\mirror_geometry
[ds_v2_seed1/computer_room_v61] 거울 점 350391개 중 inlier 130332 (37.2%) / outlier 220059
  normal=[ 0.51   0.087 -0.856] d=7.256  rms(inlier)=0.0194 m  thr≈0.073 m
[save] D:\Users\dust\Documents\학교\2026년도1학기\컴퓨터비전\실습\FoundationStereo\experiments\ds_v2_seed1/computer_room_v61\mirror_geometry\ransac_inliers.png
[gt] computer_room_v61            perp 3.52m planRMS 0.0052m  normal [0.534, 0.114, -0.838]

생성 1, 건너뜀 0 (depth_gt/mask 없음 등)
[ds_v2_seed1/computer_room_v61] feature 184x320  mirror_frac=0.39453125  feat_left=True
rank  signal              AUC    pol  sep     mean_in     mean_out
  1  post_entropy       0.7189   -  0.4096    0.652875    0.824098
  2  post_conf          0.6828   +  0.3552    0.718518    0.632713
  3  delta_conf         0.6211   +  0.2062    0.330756    0.231838
  4  delta_entropy      0.6058   -  0.2232   -1.441286   -1.058518
  5  pre_entropy        0.5555   +  0.1251    2.094161    1.882616
  6  delta_argdisp      0.5551   +  0.0851   50.583211   45.053913
  7  feat_left_l2       0.5504   +  0.0838   16.838037   16.335061
  8  feat_left_pc1      0.5378   -  0.0359    2.338099    2.482641
  9  pre_conf           0.5353   -   0.031    0.387762    0.400875
 10  feat_left_pc3       0.529   +  0.0677     1.87139    1.642601
 11  feat_left_pc2       0.528   +  0.0521    2.250197    2.079682
BEST: post_entropy (AUC=0.7189, polarity=-)
저장: D:\Users\dust\Documents\학교\2026년도1학기\컴퓨터비전\실습\FoundationStereo\experiments\ds_v2_seed1/computer_room_v61\features\report.json / panels.png / mirror_signal.npy
[device] cuda
  [train] epoch 60/300  loss=0.4586
  [train] epoch 120/300  loss=0.3197
  [train] epoch 180/300  loss=0.2332
  [train] epoch 240/300  loss=0.1726
  [train] epoch 300/300  loss=0.1292

[VAL] scene=ds_v2_seed1/computer_room_v61  (pixel 70/30 split)
  AUC      = 0.9907
  IoU@0.5  = 0.8800
  F1@0.5   = 0.9362
  accuracy = 0.9493  (prec=0.9221, rec=0.9507)
  tp=6571 fp=555 fn=341 tn=10197

[save] D:\Users\dust\Documents\학교\2026년도1학기\컴퓨터비전\실습\FoundationStereo\experiments\ds_v2_seed1/computer_room_v61\submodel
  pred_mask.png, panel.png, metrics.json, head.pt
DONE: D:\Users\dust\Documents\학교\2026년도1학기\컴퓨터비전\실습\FoundationStereo\experiments\ds_v2_seed1/computer_room_v61\submodel
[device] cuda
[load] D:\Users\dust\Documents\학교\2026년도1학기\컴퓨터비전\실습\FoundationStereo\experiments\_model\general_head.pt  (train_scenes=['archiviz_baseline080', 'bedroom_baseline080', 'blue_bathroom_baseline080', 'computer_room_baseline080', 'cozy_living_room_baseline080', 'flat-archiviz_baseline080', 'green_house_baseline080', 'gym_baseline080', 'livingroom_baseline080', 'minimal_interior_baseline080', 'scandinavian_baseline080', 'sunlight_baseline080'])

[APPLY] ds_v2_seed1/computer_room_v61  (저장모델로 새 데이터 평가)
  AUC      = 0.9690
  IoU@0.5  = 0.5288
  F1@0.5   = 0.6918
  accuracy = 0.8125  (prec=0.9840, rec=0.5334)
  tp=12390 fp=201 fn=10840 tn=35449
[save] D:\Users\dust\Documents\학교\2026년도1학기\컴퓨터비전\실습\FoundationStereo\experiments\ds_v2_seed1/computer_room_v61\submodel_applied  (pred_mask.png, panel.png, metrics.json)

============================================================
STEP: estimate_mirror_plane
============================================================

============================================================
STEP: viz_ransac_inliers
============================================================

============================================================
STEP: make_mirror_gt_from_depth
============================================================

============================================================
STEP: analyze_features
============================================================

============================================================
STEP: submodel_head
============================================================

============================================================
STEP: apply_submodel
============================================================

DONE: D:\Users\dust\Documents\학교\2026년도1학기\컴퓨터비전\실습\FoundationStereo\experiments\ds_v2_seed1/computer_room_v61 (ok)

##### [63/130] ds_v2_seed1/computer_room_v62  (done 24, fail 0, skip 38, elapsed 18m, ETA 52m) #####
[scene] ds_v2_seed1/computer_room_v62  size=1280x720
[select] mirror 점 개수 = 291399  (mask=291399, valid&depth = 875602)
[conf] mirror 영역 평균 confidence = 0.7343

=== 평면 추정 결과 ===
  [PCA (closed form)]
      normal = [-0.1289, -0.8765, -0.4638]
      d = +1.6032   mirror_depth(perp) = 1.6032 m   view_z = 5.3900 m
      n_inliers = 291399/291399   rms_residual = 0.38334 m
  [RANSAC]
      normal = [+0.2544, +0.2389, -0.9371]
      d = +6.9587   mirror_depth(perp) = 6.9587 m   view_z = 5.3900 m
      n_inliers = 81184/291399   rms_residual = 0.01665 m
  [SVD robust (IRLS)]
      normal = [-0.1593, -0.8590, -0.4866]
      d = +1.7111   mirror_depth(perp) = 1.7111 m   view_z = 5.3900 m
      n_inliers = 43013/291399   rms_residual = 0.04065 m

[save] D:\Users\dust\Documents\학교\2026년도1학기\컴퓨터비전\실습\FoundationStereo\experiments\ds_v2_seed1/computer_room_v62\mirror_geometry\result.json
[save] D:\Users\dust\Documents\학교\2026년도1학기\컴퓨터비전\실습\FoundationStereo\experiments\ds_v2_seed1/computer_room_v62\mirror_geometry\plane.txt
[save] D:\Users\dust\Documents\학교\2026년도1학기\컴퓨터비전\실습\FoundationStereo\experiments\ds_v2_seed1/computer_room_v62\mirror_geometry\viz.png

DONE: D:\Users\dust\Documents\학교\2026년도1학기\컴퓨터비전\실습\FoundationStereo\experiments\ds_v2_seed1/computer_room_v62\mirror_geometry
[ds_v2_seed1/computer_room_v62] 거울 점 291399개 중 inlier 81184 (27.9%) / outlier 210215
  normal=[ 0.254  0.239 -0.937] d=6.959  rms(inlier)=0.0166 m  thr≈0.071 m
[save] D:\Users\dust\Documents\학교\2026년도1학기\컴퓨터비전\실습\FoundationStereo\experiments\ds_v2_seed1/computer_room_v62\mirror_geometry\ransac_inliers.png
[gt] computer_room_v62            perp 3.25m planRMS 0.0016m  normal [0.249, 0.271, -0.93]

생성 1, 건너뜀 0 (depth_gt/mask 없음 등)
[ds_v2_seed1/computer_room_v62] feature 184x320  mirror_frac=0.3180536684782609  feat_left=True
rank  signal              AUC    pol  sep     mean_in     mean_out
  1  post_entropy         0.85   -  0.7097    0.634085     1.02631
  2  post_conf          0.8042   +  0.6233    0.733878    0.560567
  3  delta_conf         0.7191   +  0.3958    0.339083    0.137583
  4  feat_left_l2       0.6829   +  0.2653   17.530779   15.916956
  5  delta_entropy      0.6742   -  0.3058   -1.308068   -0.810189
  6  feat_left_pc1      0.6737   -   0.283    1.885759    2.963691
  7  pre_entropy        0.5703   +  0.0693    1.942153    1.836499
  8  pre_conf            0.559   -  0.0684    0.394795    0.422984
  9  feat_left_pc3      0.5559   +  0.0836    1.786563    1.528498
 10  delta_argdisp      0.5526   -  0.0825   41.810274   46.831669
 11  feat_left_pc2      0.5071   -  0.0072    2.160204    2.185502
BEST: post_entropy (AUC=0.85, polarity=-)
저장: D:\Users\dust\Documents\학교\2026년도1학기\컴퓨터비전\실습\FoundationStereo\experiments\ds_v2_seed1/computer_room_v62\features\report.json / panels.png / mirror_signal.npy
[device] cuda
  [train] epoch 60/300  loss=0.4578
  [train] epoch 120/300  loss=0.3596
  [train] epoch 180/300  loss=0.2890
  [train] epoch 240/300  loss=0.2248
  [train] epoch 300/300  loss=0.1707

[VAL] scene=ds_v2_seed1/computer_room_v62  (pixel 70/30 split)
  AUC      = 0.9883
  IoU@0.5  = 0.8330
  F1@0.5   = 0.9089
  accuracy = 0.9386  (prec=0.8617, rec=0.9616)
  tp=5408 fp=868 fn=216 tn=11172

[save] D:\Users\dust\Documents\학교\2026년도1학기\컴퓨터비전\실습\FoundationStereo\experiments\ds_v2_seed1/computer_room_v62\submodel
  pred_mask.png, panel.png, metrics.json, head.pt
DONE: D:\Users\dust\Documents\학교\2026년도1학기\컴퓨터비전\실습\FoundationStereo\experiments\ds_v2_seed1/computer_room_v62\submodel
[device] cuda
[load] D:\Users\dust\Documents\학교\2026년도1학기\컴퓨터비전\실습\FoundationStereo\experiments\_model\general_head.pt  (train_scenes=['archiviz_baseline080', 'bedroom_baseline080', 'blue_bathroom_baseline080', 'computer_room_baseline080', 'cozy_living_room_baseline080', 'flat-archiviz_baseline080', 'green_house_baseline080', 'gym_baseline080', 'livingroom_baseline080', 'minimal_interior_baseline080', 'scandinavian_baseline080', 'sunlight_baseline080'])

[APPLY] ds_v2_seed1/computer_room_v62  (저장모델로 새 데이터 평가)
  AUC      = 0.9869
  IoU@0.5  = 0.5672
  F1@0.5   = 0.7238
  accuracy = 0.8615  (prec=0.9893, rec=0.5707)
  tp=10688 fp=116 fn=8039 tn=40037
[save] D:\Users\dust\Documents\학교\2026년도1학기\컴퓨터비전\실습\FoundationStereo\experiments\ds_v2_seed1/computer_room_v62\submodel_applied  (pred_mask.png, panel.png, metrics.json)

============================================================
STEP: estimate_mirror_plane
============================================================

============================================================
STEP: viz_ransac_inliers
============================================================

============================================================
STEP: make_mirror_gt_from_depth
============================================================

============================================================
STEP: analyze_features
============================================================

============================================================
STEP: submodel_head
============================================================

============================================================
STEP: apply_submodel
============================================================

DONE: D:\Users\dust\Documents\학교\2026년도1학기\컴퓨터비전\실습\FoundationStereo\experiments\ds_v2_seed1/computer_room_v62 (ok)

##### [64/130] ds_v2_seed1/computer_room_v63  (done 25, fail 0, skip 38, elapsed 19m, ETA 52m) #####
[scene] ds_v2_seed1/computer_room_v63  size=1280x720
[select] mirror 점 개수 = 380144  (mask=380144, valid&depth = 877234)
[conf] mirror 영역 평균 confidence = 0.7121

=== 평면 추정 결과 ===
  [PCA (closed form)]
      normal = [-0.2713, -0.7712, -0.5759]
      d = +2.7728   mirror_depth(perp) = 2.7728 m   view_z = 5.9135 m
      n_inliers = 380144/380144   rms_residual = 0.57692 m
  [RANSAC]
      normal = [+0.2803, +0.0855, -0.9561]
      d = +7.0917   mirror_depth(perp) = 7.0917 m   view_z = 5.9135 m
      n_inliers = 148537/380144   rms_residual = 0.02005 m
  [SVD robust (IRLS)]
      normal = [-0.2902, -0.7482, -0.5966]
      d = +2.8986   mirror_depth(perp) = 2.8986 m   view_z = 5.9135 m
      n_inliers = 37558/380144   rms_residual = 0.04291 m

[save] D:\Users\dust\Documents\학교\2026년도1학기\컴퓨터비전\실습\FoundationStereo\experiments\ds_v2_seed1/computer_room_v63\mirror_geometry\result.json
[save] D:\Users\dust\Documents\학교\2026년도1학기\컴퓨터비전\실습\FoundationStereo\experiments\ds_v2_seed1/computer_room_v63\mirror_geometry\plane.txt
[save] D:\Users\dust\Documents\학교\2026년도1학기\컴퓨터비전\실습\FoundationStereo\experiments\ds_v2_seed1/computer_room_v63\mirror_geometry\viz.png

DONE: D:\Users\dust\Documents\학교\2026년도1학기\컴퓨터비전\실습\FoundationStereo\experiments\ds_v2_seed1/computer_room_v63\mirror_geometry
[ds_v2_seed1/computer_room_v63] 거울 점 380144개 중 inlier 148537 (39.1%) / outlier 231607
  normal=[ 0.28   0.086 -0.956] d=7.092  rms(inlier)=0.0201 m  thr≈0.074 m
[save] D:\Users\dust\Documents\학교\2026년도1학기\컴퓨터비전\실습\FoundationStereo\experiments\ds_v2_seed1/computer_room_v63\mirror_geometry\ransac_inliers.png
[gt] computer_room_v63            perp 3.40m planRMS 0.0000m  normal [0.292, 0.123, -0.949]

생성 1, 건너뜀 0 (depth_gt/mask 없음 등)
[ds_v2_seed1/computer_room_v63] feature 184x320  mirror_frac=0.41435122282608694  feat_left=True
rank  signal              AUC    pol  sep     mean_in     mean_out
  1  post_entropy       0.7513   -  0.5232    0.660015    0.908188
  2  post_conf          0.7138   +  0.4192    0.711486    0.601083
  3  delta_conf         0.6389   +  0.2481    0.310499    0.189896
  4  feat_left_l2       0.6281   +  0.2083   17.173966   15.895201
  5  delta_entropy      0.5945   -  0.1546   -1.243964   -0.997941
  6  feat_left_pc3      0.5805   +  0.1655    1.966061    1.438208
  7  feat_left_pc1      0.5641   -  0.0552    2.323313    2.548531
  8  delta_argdisp      0.5396   -  0.0677   44.175472   48.470841
  9  pre_conf           0.5303   -  0.0243    0.400987    0.411187
 10  pre_entropy        0.5266   +  0.0014    1.903979    1.906129
 11  feat_left_pc2      0.5142   +  0.0487    2.301722    2.132138
BEST: post_entropy (AUC=0.7513, polarity=-)
저장: D:\Users\dust\Documents\학교\2026년도1학기\컴퓨터비전\실습\FoundationStereo\experiments\ds_v2_seed1/computer_room_v63\features\report.json / panels.png / mirror_signal.npy
[device] cuda
  [train] epoch 60/300  loss=0.4336
  [train] epoch 120/300  loss=0.3183
  [train] epoch 180/300  loss=0.2318
  [train] epoch 240/300  loss=0.1687
  [train] epoch 300/300  loss=0.1241

[VAL] scene=ds_v2_seed1/computer_room_v63  (pixel 70/30 split)
  AUC      = 0.9924
  IoU@0.5  = 0.8933
  F1@0.5   = 0.9436
  accuracy = 0.9528  (prec=0.9276, rec=0.9603)
  tp=6983 fp=545 fn=289 tn=9847

[save] D:\Users\dust\Documents\학교\2026년도1학기\컴퓨터비전\실습\FoundationStereo\experiments\ds_v2_seed1/computer_room_v63\submodel
  pred_mask.png, panel.png, metrics.json, head.pt
DONE: D:\Users\dust\Documents\학교\2026년도1학기\컴퓨터비전\실습\FoundationStereo\experiments\ds_v2_seed1/computer_room_v63\submodel
[device] cuda
[load] D:\Users\dust\Documents\학교\2026년도1학기\컴퓨터비전\실습\FoundationStereo\experiments\_model\general_head.pt  (train_scenes=['archiviz_baseline080', 'bedroom_baseline080', 'blue_bathroom_baseline080', 'computer_room_baseline080', 'cozy_living_room_baseline080', 'flat-archiviz_baseline080', 'green_house_baseline080', 'gym_baseline080', 'livingroom_baseline080', 'minimal_interior_baseline080', 'scandinavian_baseline080', 'sunlight_baseline080'])

[APPLY] ds_v2_seed1/computer_room_v63  (저장모델로 새 데이터 평가)
  AUC      = 0.9792
  IoU@0.5  = 0.5840
  F1@0.5   = 0.7373
  accuracy = 0.8268  (prec=0.9922, rec=0.5867)
  tp=14313 fp=113 fn=10084 tn=34370
[save] D:\Users\dust\Documents\학교\2026년도1학기\컴퓨터비전\실습\FoundationStereo\experiments\ds_v2_seed1/computer_room_v63\submodel_applied  (pred_mask.png, panel.png, metrics.json)

============================================================
STEP: estimate_mirror_plane
============================================================

============================================================
STEP: viz_ransac_inliers
============================================================

============================================================
STEP: make_mirror_gt_from_depth
============================================================

============================================================
STEP: analyze_features
============================================================

============================================================
STEP: submodel_head
============================================================

============================================================
STEP: apply_submodel
============================================================

DONE: D:\Users\dust\Documents\학교\2026년도1학기\컴퓨터비전\실습\FoundationStereo\experiments\ds_v2_seed1/computer_room_v63 (ok)

##### [65/130] ds_v2_seed1/computer_room_v64  (done 26, fail 0, skip 38, elapsed 20m, ETA 51m) #####
[scene] ds_v2_seed1/computer_room_v64  size=1280x720
[select] mirror 점 개수 = 320106  (mask=320439, valid&depth = 878315)
[conf] mirror 영역 평균 confidence = 0.7293

=== 평면 추정 결과 ===
  [PCA (closed form)]
      normal = [-0.1065, -0.8618, -0.4960]
      d = +1.8326   mirror_depth(perp) = 1.8326 m   view_z = 5.5669 m
      n_inliers = 320106/320106   rms_residual = 0.44430 m
  [RANSAC]
      normal = [+0.3993, +0.2447, -0.8835]
      d = +7.0185   mirror_depth(perp) = 7.0185 m   view_z = 5.5669 m
      n_inliers = 114015/320106   rms_residual = 0.02231 m
  [SVD robust (IRLS)]
      normal = [-0.1066, -0.8575, -0.5034]
      d = +1.8404   mirror_depth(perp) = 1.8404 m   view_z = 5.5669 m
      n_inliers = 38648/320106   rms_residual = 0.04374 m

[save] D:\Users\dust\Documents\학교\2026년도1학기\컴퓨터비전\실습\FoundationStereo\experiments\ds_v2_seed1/computer_room_v64\mirror_geometry\result.json
[save] D:\Users\dust\Documents\학교\2026년도1학기\컴퓨터비전\실습\FoundationStereo\experiments\ds_v2_seed1/computer_room_v64\mirror_geometry\plane.txt
[save] D:\Users\dust\Documents\학교\2026년도1학기\컴퓨터비전\실습\FoundationStereo\experiments\ds_v2_seed1/computer_room_v64\mirror_geometry\viz.png

DONE: D:\Users\dust\Documents\학교\2026년도1학기\컴퓨터비전\실습\FoundationStereo\experiments\ds_v2_seed1/computer_room_v64\mirror_geometry
[ds_v2_seed1/computer_room_v64] 거울 점 320106개 중 inlier 114015 (35.6%) / outlier 206091
  normal=[ 0.399  0.245 -0.884] d=7.019  rms(inlier)=0.0223 m  thr≈0.075 m
[save] D:\Users\dust\Documents\학교\2026년도1학기\컴퓨터비전\실습\FoundationStereo\experiments\ds_v2_seed1/computer_room_v64\mirror_geometry\ransac_inliers.png
[gt] computer_room_v64            perp 3.29m planRMS 0.0028m  normal [0.41, 0.212, -0.887]

생성 1, 건너뜀 0 (depth_gt/mask 없음 등)
[ds_v2_seed1/computer_room_v64] feature 184x320  mirror_frac=0.3494904891304348  feat_left=True
rank  signal              AUC    pol  sep     mean_in     mean_out
  1  post_entropy       0.7659   -  0.5059    0.633711    0.921165
  2  post_conf          0.7254   +  0.4443    0.728815    0.605624
  3  delta_conf         0.6614   +  0.2815    0.340694    0.195925
  4  delta_entropy      0.6444   -  0.2676   -1.428257   -0.958183
  5  feat_left_pc1         0.6   -  0.1692    1.910152    2.595345
  6  feat_left_l2       0.5912   +  0.1271   16.962177    16.21267
  7  pre_entropy        0.5727   +  0.1093    2.061968    1.879349
  8  pre_conf           0.5463   -  0.0511    0.388122    0.409699
  9  feat_left_pc3       0.525   +  0.0462    1.810071     1.66495
 10  feat_left_pc2      0.5197   -  0.0399    1.987933    2.125545
 11  delta_argdisp      0.5089   +  0.0149   46.639761   45.704767
BEST: post_entropy (AUC=0.7659, polarity=-)
저장: D:\Users\dust\Documents\학교\2026년도1학기\컴퓨터비전\실습\FoundationStereo\experiments\ds_v2_seed1/computer_room_v64\features\report.json / panels.png / mirror_signal.npy
[device] cuda
  [train] epoch 60/300  loss=0.4974
  [train] epoch 120/300  loss=0.3786
  [train] epoch 180/300  loss=0.2914
  [train] epoch 240/300  loss=0.2218
  [train] epoch 300/300  loss=0.1684

[VAL] scene=ds_v2_seed1/computer_room_v64  (pixel 70/30 split)
  AUC      = 0.9868
  IoU@0.5  = 0.8406
  F1@0.5   = 0.9134
  accuracy = 0.9376  (prec=0.8781, rec=0.9516)
  tp=5815 fp=807 fn=296 tn=10746

[save] D:\Users\dust\Documents\학교\2026년도1학기\컴퓨터비전\실습\FoundationStereo\experiments\ds_v2_seed1/computer_room_v64\submodel
  pred_mask.png, panel.png, metrics.json, head.pt
DONE: D:\Users\dust\Documents\학교\2026년도1학기\컴퓨터비전\실습\FoundationStereo\experiments\ds_v2_seed1/computer_room_v64\submodel
[device] cuda
[load] D:\Users\dust\Documents\학교\2026년도1학기\컴퓨터비전\실습\FoundationStereo\experiments\_model\general_head.pt  (train_scenes=['archiviz_baseline080', 'bedroom_baseline080', 'blue_bathroom_baseline080', 'computer_room_baseline080', 'cozy_living_room_baseline080', 'flat-archiviz_baseline080', 'green_house_baseline080', 'gym_baseline080', 'livingroom_baseline080', 'minimal_interior_baseline080', 'scandinavian_baseline080', 'sunlight_baseline080'])

[APPLY] ds_v2_seed1/computer_room_v64  (저장모델로 새 데이터 평가)
  AUC      = 0.9817
  IoU@0.5  = 0.5658
  F1@0.5   = 0.7227
  accuracy = 0.8470  (prec=0.9856, rec=0.5706)
  tp=11741 fp=172 fn=8837 tn=38130
[save] D:\Users\dust\Documents\학교\2026년도1학기\컴퓨터비전\실습\FoundationStereo\experiments\ds_v2_seed1/computer_room_v64\submodel_applied  (pred_mask.png, panel.png, metrics.json)

============================================================
STEP: estimate_mirror_plane
============================================================

============================================================
STEP: viz_ransac_inliers
============================================================

============================================================
STEP: make_mirror_gt_from_depth
============================================================

============================================================
STEP: analyze_features
============================================================

============================================================
STEP: submodel_head
============================================================

============================================================
STEP: apply_submodel
============================================================

DONE: D:\Users\dust\Documents\학교\2026년도1학기\컴퓨터비전\실습\FoundationStereo\experiments\ds_v2_seed1/computer_room_v64 (ok)

##### [66/130] ds_v2_seed1/computer_room_v65  (done 27, fail 0, skip 38, elapsed 21m, ETA 51m) #####
[scene] ds_v2_seed1/computer_room_v65  size=1280x720
[select] mirror 점 개수 = 194141  (mask=200595, valid&depth = 885175)
[conf] mirror 영역 평균 confidence = 0.7254

=== 평면 추정 결과 ===
  [PCA (closed form)]
      normal = [-0.3177, -0.6892, -0.6512]
      d = +2.2959   mirror_depth(perp) = 2.2959 m   view_z = 5.5272 m
      n_inliers = 194141/194141   rms_residual = 0.32789 m
  [RANSAC]
      normal = [-0.7768, +0.0665, -0.6262]
      d = +2.7473   mirror_depth(perp) = 2.7473 m   view_z = 5.5272 m
      n_inliers = 60427/194141   rms_residual = 0.01633 m
  [SVD robust (IRLS)]
      normal = [-0.3171, -0.6751, -0.6661]
      d = +2.3622   mirror_depth(perp) = 2.3622 m   view_z = 5.5272 m
      n_inliers = 35054/194141   rms_residual = 0.03847 m

[save] D:\Users\dust\Documents\학교\2026년도1학기\컴퓨터비전\실습\FoundationStereo\experiments\ds_v2_seed1/computer_room_v65\mirror_geometry\result.json
[save] D:\Users\dust\Documents\학교\2026년도1학기\컴퓨터비전\실습\FoundationStereo\experiments\ds_v2_seed1/computer_room_v65\mirror_geometry\plane.txt
[save] D:\Users\dust\Documents\학교\2026년도1학기\컴퓨터비전\실습\FoundationStereo\experiments\ds_v2_seed1/computer_room_v65\mirror_geometry\viz.png

DONE: D:\Users\dust\Documents\학교\2026년도1학기\컴퓨터비전\실습\FoundationStereo\experiments\ds_v2_seed1/computer_room_v65\mirror_geometry
[ds_v2_seed1/computer_room_v65] 거울 점 194141개 중 inlier 60427 (31.1%) / outlier 133714
  normal=[-0.777  0.067 -0.626] d=2.747  rms(inlier)=0.0163 m  thr≈0.067 m
[save] D:\Users\dust\Documents\학교\2026년도1학기\컴퓨터비전\실습\FoundationStereo\experiments\ds_v2_seed1/computer_room_v65\mirror_geometry\ransac_inliers.png
[gt] computer_room_v65            perp 3.44m planRMS 0.0028m  normal [0.614, 0.227, -0.756]

생성 1, 건너뜀 0 (depth_gt/mask 없음 등)
[ds_v2_seed1/computer_room_v65] feature 184x320  mirror_frac=0.21956521739130436  feat_left=True
rank  signal              AUC    pol  sep     mean_in     mean_out
  1  post_entropy        0.766   -  0.4706    0.640476    0.894607
  2  post_conf          0.7003   +  0.3913    0.721817    0.615133
  3  delta_entropy      0.6484   -  0.2933   -1.564188   -1.012998
  4  delta_conf         0.6478   +   0.251     0.34451    0.213034
  5  feat_left_pc1       0.613   -  0.2004    1.773505    2.515088
  6  pre_entropy        0.5879   +  0.1679    2.204664    1.907605
  7  feat_left_l2       0.5619   +  0.0847   16.921279   16.463264
  8  pre_conf           0.5576   -  0.0567    0.377308      0.4021
  9  delta_argdisp      0.5143   +  0.0477    45.09522   41.994124
 10  feat_left_pc3      0.5096   -  0.0451    1.600489     1.74003
 11  feat_left_pc2      0.5065   +  0.0193    2.083246    2.023484
BEST: post_entropy (AUC=0.766, polarity=-)
저장: D:\Users\dust\Documents\학교\2026년도1학기\컴퓨터비전\실습\FoundationStereo\experiments\ds_v2_seed1/computer_room_v65\features\report.json / panels.png / mirror_signal.npy
[device] cuda
  [train] epoch 60/300  loss=0.6210
  [train] epoch 120/300  loss=0.4688
  [train] epoch 180/300  loss=0.3591
  [train] epoch 240/300  loss=0.2743
  [train] epoch 300/300  loss=0.2078

[VAL] scene=ds_v2_seed1/computer_room_v65  (pixel 70/30 split)
  AUC      = 0.9822
  IoU@0.5  = 0.7343
  F1@0.5   = 0.8468
  accuracy = 0.9258  (prec=0.7691, rec=0.9420)
  tp=3624 fp=1088 fn=223 tn=12729

[save] D:\Users\dust\Documents\학교\2026년도1학기\컴퓨터비전\실습\FoundationStereo\experiments\ds_v2_seed1/computer_room_v65\submodel
  pred_mask.png, panel.png, metrics.json, head.pt
DONE: D:\Users\dust\Documents\학교\2026년도1학기\컴퓨터비전\실습\FoundationStereo\experiments\ds_v2_seed1/computer_room_v65\submodel
[device] cuda
[load] D:\Users\dust\Documents\학교\2026년도1학기\컴퓨터비전\실습\FoundationStereo\experiments\_model\general_head.pt  (train_scenes=['archiviz_baseline080', 'bedroom_baseline080', 'blue_bathroom_baseline080', 'computer_room_baseline080', 'cozy_living_room_baseline080', 'flat-archiviz_baseline080', 'green_house_baseline080', 'gym_baseline080', 'livingroom_baseline080', 'minimal_interior_baseline080', 'scandinavian_baseline080', 'sunlight_baseline080'])

[APPLY] ds_v2_seed1/computer_room_v65  (저장모델로 새 데이터 평가)
  AUC      = 0.9802
  IoU@0.5  = 0.6157
  F1@0.5   = 0.7621
  accuracy = 0.9128  (prec=0.9498, rec=0.6364)
  tp=8227 fp=435 fn=4701 tn=45517
[save] D:\Users\dust\Documents\학교\2026년도1학기\컴퓨터비전\실습\FoundationStereo\experiments\ds_v2_seed1/computer_room_v65\submodel_applied  (pred_mask.png, panel.png, metrics.json)

============================================================
STEP: estimate_mirror_plane
============================================================

============================================================
STEP: viz_ransac_inliers
============================================================

============================================================
STEP: make_mirror_gt_from_depth
============================================================

============================================================
STEP: analyze_features
============================================================

============================================================
STEP: submodel_head
============================================================

============================================================
STEP: apply_submodel
============================================================

DONE: D:\Users\dust\Documents\학교\2026년도1학기\컴퓨터비전\실습\FoundationStereo\experiments\ds_v2_seed1/computer_room_v65 (ok)

##### [117/130] ds_v2_seed1/green_house_v50  (done 28, fail 0, skip 88, elapsed 22m, ETA 11m) #####
[scene] ds_v2_seed1/green_house_v50  size=1280x720
[select] mirror 점 개수 = 125378  (mask=125378, valid&depth = 897535)
[conf] mirror 영역 평균 confidence = 0.7065

=== 평면 추정 결과 ===
  [PCA (closed form)]
      normal = [+0.0995, -0.7717, -0.6282]
      d = +2.7909   mirror_depth(perp) = 2.7909 m   view_z = 6.5932 m
      n_inliers = 125378/125378   rms_residual = 0.38134 m
  [RANSAC]
      normal = [-0.4500, +0.3519, -0.8208]
      d = +5.9837   mirror_depth(perp) = 5.9837 m   view_z = 6.5932 m
      n_inliers = 38583/125378   rms_residual = 0.02649 m
  [SVD robust (IRLS)]
      normal = [+0.0732, -0.7888, -0.6102]
      d = +2.6747   mirror_depth(perp) = 2.6747 m   view_z = 6.5932 m
      n_inliers = 18432/125378   rms_residual = 0.04032 m

[save] D:\Users\dust\Documents\학교\2026년도1학기\컴퓨터비전\실습\FoundationStereo\experiments\ds_v2_seed1/green_house_v50\mirror_geometry\result.json
[save] D:\Users\dust\Documents\학교\2026년도1학기\컴퓨터비전\실습\FoundationStereo\experiments\ds_v2_seed1/green_house_v50\mirror_geometry\plane.txt
[save] D:\Users\dust\Documents\학교\2026년도1학기\컴퓨터비전\실습\FoundationStereo\experiments\ds_v2_seed1/green_house_v50\mirror_geometry\viz.png

DONE: D:\Users\dust\Documents\학교\2026년도1학기\컴퓨터비전\실습\FoundationStereo\experiments\ds_v2_seed1/green_house_v50\mirror_geometry
[ds_v2_seed1/green_house_v50] 거울 점 125378개 중 inlier 38583 (30.8%) / outlier 86795
  normal=[-0.45   0.352 -0.821] d=5.984  rms(inlier)=0.0265 m  thr≈0.071 m
[save] D:\Users\dust\Documents\학교\2026년도1학기\컴퓨터비전\실습\FoundationStereo\experiments\ds_v2_seed1/green_house_v50\mirror_geometry\ransac_inliers.png
[gt] green_house_v50              perp 4.08m planRMS 0.0048m  normal [-0.455, 0.357, -0.816]

생성 1, 건너뜀 0 (depth_gt/mask 없음 등)
[ds_v2_seed1/green_house_v50] feature 184x320  mirror_frac=0.1369904891304348  feat_left=True
rank  signal              AUC    pol  sep     mean_in     mean_out
  1  feat_left_pc1      0.5951   -  0.2021    2.097886    2.725591
  2  delta_conf         0.5902   +   0.172    0.351089    0.272154
  3  pre_conf           0.5691   -  0.1408    0.355968      0.4113
  4  delta_entropy      0.5639   -  0.0957   -1.409698    -1.26272
  5  post_conf          0.5528   +  0.0978    0.707057    0.683454
  6  pre_entropy        0.5523   +   0.068    2.072737    1.971027
  7  post_entropy       0.5445   -  0.1321    0.663039    0.708307
  8  feat_left_pc3      0.5366   -  0.0599     1.56272    1.724327
  9  delta_argdisp      0.5308   +  0.0489   45.797793    42.82369
 10  feat_left_l2       0.5262   +  0.0425   16.979333   16.772011
 11  feat_left_pc2         0.5   -  0.0108    1.897905    1.866597
BEST: feat_left_pc1 (AUC=0.5951, polarity=-)
저장: D:\Users\dust\Documents\학교\2026년도1학기\컴퓨터비전\실습\FoundationStereo\experiments\ds_v2_seed1/green_house_v50\features\report.json / panels.png / mirror_signal.npy
[device] cuda
  [train] epoch 60/300  loss=0.6028
  [train] epoch 120/300  loss=0.4267
  [train] epoch 180/300  loss=0.3249
  [train] epoch 240/300  loss=0.2536
  [train] epoch 300/300  loss=0.2008

[VAL] scene=ds_v2_seed1/green_house_v50  (pixel 70/30 split)
  AUC      = 0.9831
  IoU@0.5  = 0.6627
  F1@0.5   = 0.7971
  accuracy = 0.9348  (prec=0.6887, rec=0.9460)
  tp=2261 fp=1022 fn=129 tn=14252

[save] D:\Users\dust\Documents\학교\2026년도1학기\컴퓨터비전\실습\FoundationStereo\experiments\ds_v2_seed1/green_house_v50\submodel
  pred_mask.png, panel.png, metrics.json, head.pt
DONE: D:\Users\dust\Documents\학교\2026년도1학기\컴퓨터비전\실습\FoundationStereo\experiments\ds_v2_seed1/green_house_v50\submodel
[device] cuda
[load] D:\Users\dust\Documents\학교\2026년도1학기\컴퓨터비전\실습\FoundationStereo\experiments\_model\general_head.pt  (train_scenes=['archiviz_baseline080', 'bedroom_baseline080', 'blue_bathroom_baseline080', 'computer_room_baseline080', 'cozy_living_room_baseline080', 'flat-archiviz_baseline080', 'green_house_baseline080', 'gym_baseline080', 'livingroom_baseline080', 'minimal_interior_baseline080', 'scandinavian_baseline080', 'sunlight_baseline080'])

[APPLY] ds_v2_seed1/green_house_v50  (저장모델로 새 데이터 평가)
  AUC      = 0.9714
  IoU@0.5  = 0.6224
  F1@0.5   = 0.7673
  accuracy = 0.9301  (prec=0.7056, rec=0.8407)
  tp=6781 fp=2829 fn=1285 tn=47985
[save] D:\Users\dust\Documents\학교\2026년도1학기\컴퓨터비전\실습\FoundationStereo\experiments\ds_v2_seed1/green_house_v50\submodel_applied  (pred_mask.png, panel.png, metrics.json)

============================================================
STEP: estimate_mirror_plane
============================================================

============================================================
STEP: viz_ransac_inliers
============================================================

============================================================
STEP: make_mirror_gt_from_depth
============================================================

============================================================
STEP: analyze_features
============================================================

============================================================
STEP: submodel_head
============================================================

============================================================
STEP: apply_submodel
============================================================

DONE: D:\Users\dust\Documents\학교\2026년도1학기\컴퓨터비전\실습\FoundationStereo\experiments\ds_v2_seed1/green_house_v50 (ok)

##### [118/130] ds_v2_seed1/green_house_v51  (done 29, fail 0, skip 88, elapsed 22m, ETA 10m) #####
[scene] ds_v2_seed1/green_house_v51  size=1280x720
[select] mirror 점 개수 = 110889  (mask=110889, valid&depth = 893880)
[conf] mirror 영역 평균 confidence = 0.6835

=== 평면 추정 결과 ===
  [PCA (closed form)]
      normal = [-0.0682, -0.6803, -0.7297]
      d = +4.8607   mirror_depth(perp) = 4.8607 m   view_z = 6.1866 m
      n_inliers = 110889/110889   rms_residual = 0.37805 m
  [RANSAC]
      normal = [-0.2644, +0.0140, -0.9643]
      d = +6.5081   mirror_depth(perp) = 6.5081 m   view_z = 6.1866 m
      n_inliers = 45086/110889   rms_residual = 0.01791 m
  [SVD robust (IRLS)]
      normal = [-0.0649, -0.4492, -0.8911]
      d = +5.8528   mirror_depth(perp) = 5.8528 m   view_z = 6.1866 m
      n_inliers = 13434/110889   rms_residual = 0.02706 m

[save] D:\Users\dust\Documents\학교\2026년도1학기\컴퓨터비전\실습\FoundationStereo\experiments\ds_v2_seed1/green_house_v51\mirror_geometry\result.json
[save] D:\Users\dust\Documents\학교\2026년도1학기\컴퓨터비전\실습\FoundationStereo\experiments\ds_v2_seed1/green_house_v51\mirror_geometry\plane.txt
[save] D:\Users\dust\Documents\학교\2026년도1학기\컴퓨터비전\실습\FoundationStereo\experiments\ds_v2_seed1/green_house_v51\mirror_geometry\viz.png

DONE: D:\Users\dust\Documents\학교\2026년도1학기\컴퓨터비전\실습\FoundationStereo\experiments\ds_v2_seed1/green_house_v51\mirror_geometry
[ds_v2_seed1/green_house_v51] 거울 점 110889개 중 inlier 45086 (40.7%) / outlier 65803
  normal=[-0.264  0.014 -0.964] d=6.508  rms(inlier)=0.0179 m  thr≈0.046 m
[save] D:\Users\dust\Documents\학교\2026년도1학기\컴퓨터비전\실습\FoundationStereo\experiments\ds_v2_seed1/green_house_v51\mirror_geometry\ransac_inliers.png
[gt] green_house_v51              perp 4.20m planRMS 0.0039m  normal [-0.266, 0.105, -0.958]

생성 1, 건너뜀 0 (depth_gt/mask 없음 등)
[ds_v2_seed1/green_house_v51] feature 184x320  mirror_frac=0.12019361413043478  feat_left=True
rank  signal              AUC    pol  sep     mean_in     mean_out
  1  feat_left_pc1      0.6002   -  0.1792    2.330107    2.874013
  2  post_entropy       0.5905   +  0.0157    0.680715    0.687558
  3  delta_argdisp      0.5698   +  0.1211   48.233432   40.832114
  4  feat_left_pc2      0.5677   -  0.1233    1.560902    1.911614
  5  post_conf          0.5444   -  0.0439    0.682853    0.694101
  6  feat_left_pc3       0.543   -  0.0646     1.66012    1.844246
  7  pre_conf           0.5391   -  0.0938    0.372403    0.411182
  8  delta_conf         0.5233   +   0.058    0.310451    0.282919
  9  feat_left_l2       0.5216   +  0.0448   17.117835    16.89734
 10  delta_entropy      0.5191   -  0.0064   -1.331232   -1.341731
 11  pre_entropy        0.5172   +  0.0108    2.011947    2.029288
BEST: feat_left_pc1 (AUC=0.6002, polarity=-)
저장: D:\Users\dust\Documents\학교\2026년도1학기\컴퓨터비전\실습\FoundationStereo\experiments\ds_v2_seed1/green_house_v51\features\report.json / panels.png / mirror_signal.npy
[device] cuda
  [train] epoch 60/300  loss=0.5862
  [train] epoch 120/300  loss=0.4234
  [train] epoch 180/300  loss=0.3261
  [train] epoch 240/300  loss=0.2542
  [train] epoch 300/300  loss=0.1996

[VAL] scene=ds_v2_seed1/green_house_v51  (pixel 70/30 split)
  AUC      = 0.9825
  IoU@0.5  = 0.6305
  F1@0.5   = 0.7734
  accuracy = 0.9351  (prec=0.6603, rec=0.9332)
  tp=1957 fp=1007 fn=140 tn=14560

[save] D:\Users\dust\Documents\학교\2026년도1학기\컴퓨터비전\실습\FoundationStereo\experiments\ds_v2_seed1/green_house_v51\submodel
  pred_mask.png, panel.png, metrics.json, head.pt
DONE: D:\Users\dust\Documents\학교\2026년도1학기\컴퓨터비전\실습\FoundationStereo\experiments\ds_v2_seed1/green_house_v51\submodel
[device] cuda
[load] D:\Users\dust\Documents\학교\2026년도1학기\컴퓨터비전\실습\FoundationStereo\experiments\_model\general_head.pt  (train_scenes=['archiviz_baseline080', 'bedroom_baseline080', 'blue_bathroom_baseline080', 'computer_room_baseline080', 'cozy_living_room_baseline080', 'flat-archiviz_baseline080', 'green_house_baseline080', 'gym_baseline080', 'livingroom_baseline080', 'minimal_interior_baseline080', 'scandinavian_baseline080', 'sunlight_baseline080'])

[APPLY] ds_v2_seed1/green_house_v51  (저장모델로 새 데이터 평가)
  AUC      = 0.9740
  IoU@0.5  = 0.6112
  F1@0.5   = 0.7587
  accuracy = 0.9361  (prec=0.6950, rec=0.8351)
  tp=5910 fp=2593 fn=1167 tn=49210
[save] D:\Users\dust\Documents\학교\2026년도1학기\컴퓨터비전\실습\FoundationStereo\experiments\ds_v2_seed1/green_house_v51\submodel_applied  (pred_mask.png, panel.png, metrics.json)

============================================================
STEP: estimate_mirror_plane
============================================================

============================================================
STEP: viz_ransac_inliers
============================================================

============================================================
STEP: make_mirror_gt_from_depth
============================================================

============================================================
STEP: analyze_features
============================================================

============================================================
STEP: submodel_head
============================================================

============================================================
STEP: apply_submodel
============================================================

DONE: D:\Users\dust\Documents\학교\2026년도1학기\컴퓨터비전\실습\FoundationStereo\experiments\ds_v2_seed1/green_house_v51 (ok)

##### [119/130] ds_v2_seed1/green_house_v52  (done 30, fail 0, skip 88, elapsed 23m, ETA 9m) #####
[scene] ds_v2_seed1/green_house_v52  size=1280x720
[select] mirror 점 개수 = 113301  (mask=113301, valid&depth = 894282)
[conf] mirror 영역 평균 confidence = 0.6721

=== 평면 추정 결과 ===
  [PCA (closed form)]
      normal = [+0.2094, -0.8579, -0.4692]
      d = +2.7657   mirror_depth(perp) = 2.7657 m   view_z = 7.0253 m
      n_inliers = 113301/113301   rms_residual = 0.40009 m
  [RANSAC]
      normal = [-0.2564, +0.0523, -0.9651]
      d = +8.6863   mirror_depth(perp) = 8.6863 m   view_z = 7.0253 m
      n_inliers = 40403/113301   rms_residual = 0.01170 m
  [SVD robust (IRLS)]
      normal = [+0.2030, -0.8623, -0.4639]
      d = +2.7301   mirror_depth(perp) = 2.7301 m   view_z = 7.0253 m
      n_inliers = 15716/113301   rms_residual = 0.03994 m

[save] D:\Users\dust\Documents\학교\2026년도1학기\컴퓨터비전\실습\FoundationStereo\experiments\ds_v2_seed1/green_house_v52\mirror_geometry\result.json
[save] D:\Users\dust\Documents\학교\2026년도1학기\컴퓨터비전\실습\FoundationStereo\experiments\ds_v2_seed1/green_house_v52\mirror_geometry\plane.txt
[save] D:\Users\dust\Documents\학교\2026년도1학기\컴퓨터비전\실습\FoundationStereo\experiments\ds_v2_seed1/green_house_v52\mirror_geometry\viz.png

DONE: D:\Users\dust\Documents\학교\2026년도1학기\컴퓨터비전\실습\FoundationStereo\experiments\ds_v2_seed1/green_house_v52\mirror_geometry
[ds_v2_seed1/green_house_v52] 거울 점 113301개 중 inlier 40403 (35.7%) / outlier 72898
  normal=[-0.256  0.052 -0.965] d=8.686  rms(inlier)=0.0117 m  thr≈0.070 m
[save] D:\Users\dust\Documents\학교\2026년도1학기\컴퓨터비전\실습\FoundationStereo\experiments\ds_v2_seed1/green_house_v52\mirror_geometry\ransac_inliers.png
[gt] green_house_v52              perp 4.14m planRMS 0.0047m  normal [-0.267, 0.178, -0.947]

생성 1, 건너뜀 0 (depth_gt/mask 없음 등)
[ds_v2_seed1/green_house_v52] feature 184x320  mirror_frac=0.12289402173913043  feat_left=True
rank  signal              AUC    pol  sep     mean_in     mean_out
  1  post_entropy       0.6087   +  0.1189    0.688851    0.653295
  2  post_conf          0.6017   -  0.1761    0.671332    0.713071
  3  feat_left_pc1      0.5763   -  0.1394    2.296342    2.730878
  4  delta_argdisp      0.5542   +   0.089   46.786208   41.366722
  5  feat_left_pc3      0.5392   -  0.0676     1.59042    1.780411
  6  pre_conf           0.5389   -  0.0827     0.36582    0.399289
  7  pre_entropy        0.5231   +  0.0076    2.033254    2.045296
  8  delta_conf         0.5174   -   0.018    0.305512    0.313782
  9  feat_left_l2       0.5164   +   0.044   17.119127   16.894533
 10  feat_left_pc2      0.5156   -  0.0127    1.836433    1.874129
 11  delta_entropy      0.5081   -  0.0297   -1.344402   -1.392002
BEST: post_entropy (AUC=0.6087, polarity=+)
저장: D:\Users\dust\Documents\학교\2026년도1학기\컴퓨터비전\실습\FoundationStereo\experiments\ds_v2_seed1/green_house_v52\features\report.json / panels.png / mirror_signal.npy
[device] cuda
  [train] epoch 60/300  loss=0.5905
  [train] epoch 120/300  loss=0.4020
  [train] epoch 180/300  loss=0.2930
  [train] epoch 240/300  loss=0.2211
  [train] epoch 300/300  loss=0.1697

[VAL] scene=ds_v2_seed1/green_house_v52  (pixel 70/30 split)
  AUC      = 0.9886
  IoU@0.5  = 0.6843
  F1@0.5   = 0.8125
  accuracy = 0.9465  (prec=0.7074, rec=0.9543)
  tp=2048 fp=847 fn=98 tn=14671

[save] D:\Users\dust\Documents\학교\2026년도1학기\컴퓨터비전\실습\FoundationStereo\experiments\ds_v2_seed1/green_house_v52\submodel
  pred_mask.png, panel.png, metrics.json, head.pt
DONE: D:\Users\dust\Documents\학교\2026년도1학기\컴퓨터비전\실습\FoundationStereo\experiments\ds_v2_seed1/green_house_v52\submodel
[device] cuda
[load] D:\Users\dust\Documents\학교\2026년도1학기\컴퓨터비전\실습\FoundationStereo\experiments\_model\general_head.pt  (train_scenes=['archiviz_baseline080', 'bedroom_baseline080', 'blue_bathroom_baseline080', 'computer_room_baseline080', 'cozy_living_room_baseline080', 'flat-archiviz_baseline080', 'green_house_baseline080', 'gym_baseline080', 'livingroom_baseline080', 'minimal_interior_baseline080', 'scandinavian_baseline080', 'sunlight_baseline080'])

[APPLY] ds_v2_seed1/green_house_v52  (저장모델로 새 데이터 평가)
  AUC      = 0.9770
  IoU@0.5  = 0.6356
  F1@0.5   = 0.7772
  accuracy = 0.9397  (prec=0.7117, rec=0.8560)
  tp=6194 fp=2509 fn=1042 tn=49135
[save] D:\Users\dust\Documents\학교\2026년도1학기\컴퓨터비전\실습\FoundationStereo\experiments\ds_v2_seed1/green_house_v52\submodel_applied  (pred_mask.png, panel.png, metrics.json)

============================================================
STEP: estimate_mirror_plane
============================================================

============================================================
STEP: viz_ransac_inliers
============================================================

============================================================
STEP: make_mirror_gt_from_depth
============================================================

============================================================
STEP: analyze_features
============================================================

============================================================
STEP: submodel_head
============================================================

============================================================
STEP: apply_submodel
============================================================

DONE: D:\Users\dust\Documents\학교\2026년도1학기\컴퓨터비전\실습\FoundationStereo\experiments\ds_v2_seed1/green_house_v52 (ok)

##### [120/130] ds_v2_seed1/green_house_v53  (done 31, fail 0, skip 88, elapsed 23m, ETA 8m) #####
[scene] ds_v2_seed1/green_house_v53  size=1280x720
[select] mirror 점 개수 = 150748  (mask=150748, valid&depth = 889730)
[conf] mirror 영역 평균 confidence = 0.7185

=== 평면 추정 결과 ===
  [PCA (closed form)]
      normal = [-0.0272, -0.9107, -0.4121]
      d = +2.7478   mirror_depth(perp) = 2.7478 m   view_z = 6.1154 m
      n_inliers = 150748/150748   rms_residual = 0.37593 m
  [RANSAC]
      normal = [-0.6220, +0.0658, -0.7802]
      d = +8.4684   mirror_depth(perp) = 8.4684 m   view_z = 6.1154 m
      n_inliers = 51415/150748   rms_residual = 0.02033 m
  [SVD robust (IRLS)]
      normal = [-0.0361, -0.9203, -0.3895]
      d = +2.6201   mirror_depth(perp) = 2.6201 m   view_z = 6.1154 m
      n_inliers = 22925/150748   rms_residual = 0.04252 m

[save] D:\Users\dust\Documents\학교\2026년도1학기\컴퓨터비전\실습\FoundationStereo\experiments\ds_v2_seed1/green_house_v53\mirror_geometry\result.json
[save] D:\Users\dust\Documents\학교\2026년도1학기\컴퓨터비전\실습\FoundationStereo\experiments\ds_v2_seed1/green_house_v53\mirror_geometry\plane.txt
[save] D:\Users\dust\Documents\학교\2026년도1학기\컴퓨터비전\실습\FoundationStereo\experiments\ds_v2_seed1/green_house_v53\mirror_geometry\viz.png

DONE: D:\Users\dust\Documents\학교\2026년도1학기\컴퓨터비전\실습\FoundationStereo\experiments\ds_v2_seed1/green_house_v53\mirror_geometry
[ds_v2_seed1/green_house_v53] 거울 점 150748개 중 inlier 51415 (34.1%) / outlier 99333
  normal=[-0.622  0.066 -0.78 ] d=8.468  rms(inlier)=0.0203 m  thr≈0.074 m
[save] D:\Users\dust\Documents\학교\2026년도1학기\컴퓨터비전\실습\FoundationStereo\experiments\ds_v2_seed1/green_house_v53\mirror_geometry\ransac_inliers.png
[gt] green_house_v53              perp 4.04m planRMS 0.0033m  normal [-0.575, 0.148, -0.805]

생성 1, 건너뜀 0 (depth_gt/mask 없음 등)
[ds_v2_seed1/green_house_v53] feature 184x320  mirror_frac=0.1627547554347826  feat_left=True
rank  signal              AUC    pol  sep     mean_in     mean_out
  1  feat_left_l2       0.5938   +   0.156   17.492178   16.680377
  2  feat_left_pc1       0.584   -  0.1298    2.396296    2.822168
  3  delta_conf         0.5693   +  0.1273    0.334394    0.275484
  4  pre_conf           0.5539   -  0.0982     0.38367    0.423235
  5  post_conf          0.5447   +  0.0804    0.718064    0.698719
  6  delta_entropy      0.5429   -  0.0464   -1.310374   -1.239803
  7  post_entropy       0.5426   -  0.0837    0.648706    0.675329
  8  pre_entropy         0.538   +  0.0291     1.95908    1.915131
  9  delta_argdisp      0.5279   +  0.0531   46.452572    43.20196
 10  feat_left_pc2      0.5138   -  0.0276    1.736277    1.815059
 11  feat_left_pc3      0.5043   +  0.0442    1.872553    1.738809
BEST: feat_left_l2 (AUC=0.5938, polarity=+)
저장: D:\Users\dust\Documents\학교\2026년도1학기\컴퓨터비전\실습\FoundationStereo\experiments\ds_v2_seed1/green_house_v53\features\report.json / panels.png / mirror_signal.npy
[device] cuda
  [train] epoch 60/300  loss=0.5796
  [train] epoch 120/300  loss=0.4040
  [train] epoch 180/300  loss=0.2979
  [train] epoch 240/300  loss=0.2232
  [train] epoch 300/300  loss=0.1709

[VAL] scene=ds_v2_seed1/green_house_v53  (pixel 70/30 split)
  AUC      = 0.9844
  IoU@0.5  = 0.7092
  F1@0.5   = 0.8298
  accuracy = 0.9365  (prec=0.7443, rec=0.9376)
  tp=2736 fp=940 fn=182 tn=13806

[save] D:\Users\dust\Documents\학교\2026년도1학기\컴퓨터비전\실습\FoundationStereo\experiments\ds_v2_seed1/green_house_v53\submodel
  pred_mask.png, panel.png, metrics.json, head.pt
DONE: D:\Users\dust\Documents\학교\2026년도1학기\컴퓨터비전\실습\FoundationStereo\experiments\ds_v2_seed1/green_house_v53\submodel
[device] cuda
[load] D:\Users\dust\Documents\학교\2026년도1학기\컴퓨터비전\실습\FoundationStereo\experiments\_model\general_head.pt  (train_scenes=['archiviz_baseline080', 'bedroom_baseline080', 'blue_bathroom_baseline080', 'computer_room_baseline080', 'cozy_living_room_baseline080', 'flat-archiviz_baseline080', 'green_house_baseline080', 'gym_baseline080', 'livingroom_baseline080', 'minimal_interior_baseline080', 'scandinavian_baseline080', 'sunlight_baseline080'])

[APPLY] ds_v2_seed1/green_house_v53  (저장모델로 새 데이터 평가)
  AUC      = 0.9637
  IoU@0.5  = 0.6173
  F1@0.5   = 0.7634
  accuracy = 0.9256  (prec=0.7911, rec=0.7376)
  tp=7068 fp=1866 fn=2515 tn=47431
[save] D:\Users\dust\Documents\학교\2026년도1학기\컴퓨터비전\실습\FoundationStereo\experiments\ds_v2_seed1/green_house_v53\submodel_applied  (pred_mask.png, panel.png, metrics.json)

============================================================
STEP: estimate_mirror_plane
============================================================

============================================================
STEP: viz_ransac_inliers
============================================================

============================================================
STEP: make_mirror_gt_from_depth
============================================================

============================================================
STEP: analyze_features
============================================================

============================================================
STEP: submodel_head
============================================================

============================================================
STEP: apply_submodel
============================================================

DONE: D:\Users\dust\Documents\학교\2026년도1학기\컴퓨터비전\실습\FoundationStereo\experiments\ds_v2_seed1/green_house_v53 (ok)

##### [121/130] ds_v2_seed1/green_house_v54  (done 32, fail 0, skip 88, elapsed 24m, ETA 7m) #####
[scene] ds_v2_seed1/green_house_v54  size=1280x720
[select] mirror 점 개수 = 122910  (mask=122910, valid&depth = 893329)
[conf] mirror 영역 평균 confidence = 0.6929

=== 평면 추정 결과 ===
  [PCA (closed form)]
      normal = [+0.2205, -0.8467, -0.4842]
      d = +2.7247   mirror_depth(perp) = 2.7247 m   view_z = 6.8485 m
      n_inliers = 122910/122910   rms_residual = 0.41479 m
  [RANSAC]
      normal = [-0.2111, +0.2179, -0.9529]
      d = +8.4902   mirror_depth(perp) = 8.4902 m   view_z = 6.8485 m
      n_inliers = 44463/122910   rms_residual = 0.01056 m
  [SVD robust (IRLS)]
      normal = [+0.1972, -0.8535, -0.4824]
      d = +2.7168   mirror_depth(perp) = 2.7168 m   view_z = 6.8485 m
      n_inliers = 16180/122910   rms_residual = 0.03969 m

[save] D:\Users\dust\Documents\학교\2026년도1학기\컴퓨터비전\실습\FoundationStereo\experiments\ds_v2_seed1/green_house_v54\mirror_geometry\result.json
[save] D:\Users\dust\Documents\학교\2026년도1학기\컴퓨터비전\실습\FoundationStereo\experiments\ds_v2_seed1/green_house_v54\mirror_geometry\plane.txt
[save] D:\Users\dust\Documents\학교\2026년도1학기\컴퓨터비전\실습\FoundationStereo\experiments\ds_v2_seed1/green_house_v54\mirror_geometry\viz.png

DONE: D:\Users\dust\Documents\학교\2026년도1학기\컴퓨터비전\실습\FoundationStereo\experiments\ds_v2_seed1/green_house_v54\mirror_geometry
[ds_v2_seed1/green_house_v54] 거울 점 122910개 중 inlier 44463 (36.2%) / outlier 78447
  normal=[-0.211  0.218 -0.953] d=8.490  rms(inlier)=0.0106 m  thr≈0.069 m
[save] D:\Users\dust\Documents\학교\2026년도1학기\컴퓨터비전\실습\FoundationStereo\experiments\ds_v2_seed1/green_house_v54\mirror_geometry\ransac_inliers.png
[gt] green_house_v54              perp 4.00m planRMS 0.0054m  normal [-0.202, 0.204, -0.958]

생성 1, 건너뜀 0 (depth_gt/mask 없음 등)
[ds_v2_seed1/green_house_v54] feature 184x320  mirror_frac=0.13349184782608695  feat_left=True
rank  signal              AUC    pol  sep     mean_in     mean_out
  1  feat_left_pc1      0.5817   -  0.1503    2.289286    2.765344
  2  delta_argdisp      0.5805   +  0.1398    47.01883   38.500255
  3  pre_conf           0.5618   -  0.1197    0.365741    0.413978
  4  pre_entropy        0.5488   +  0.0487     2.04319    1.968195
  5  feat_left_pc3      0.5474   -  0.0815     1.54917    1.775029
  6  delta_entropy      0.5436   -  0.0508   -1.370458   -1.291444
  7  delta_conf         0.5416   +  0.0859    0.327142    0.288069
  8  post_conf          0.5216   -  0.0389    0.692883    0.702047
  9  feat_left_l2       0.5175   +  0.0365   17.044133   16.859358
 10  post_entropy        0.514   +  0.0124    0.672732    0.676751
 11  feat_left_pc2      0.5039   -  0.0057    1.866028     1.84908
BEST: feat_left_pc1 (AUC=0.5817, polarity=-)
저장: D:\Users\dust\Documents\학교\2026년도1학기\컴퓨터비전\실습\FoundationStereo\experiments\ds_v2_seed1/green_house_v54\features\report.json / panels.png / mirror_signal.npy
[device] cuda
  [train] epoch 60/300  loss=0.5979
  [train] epoch 120/300  loss=0.4115
  [train] epoch 180/300  loss=0.3056
  [train] epoch 240/300  loss=0.2322
  [train] epoch 300/300  loss=0.1794

[VAL] scene=ds_v2_seed1/green_house_v54  (pixel 70/30 split)
  AUC      = 0.9859
  IoU@0.5  = 0.6798
  F1@0.5   = 0.8094
  accuracy = 0.9411  (prec=0.7138, rec=0.9345)
  tp=2210 fp=886 fn=155 tn=14413

[save] D:\Users\dust\Documents\학교\2026년도1학기\컴퓨터비전\실습\FoundationStereo\experiments\ds_v2_seed1/green_house_v54\submodel
  pred_mask.png, panel.png, metrics.json, head.pt
DONE: D:\Users\dust\Documents\학교\2026년도1학기\컴퓨터비전\실습\FoundationStereo\experiments\ds_v2_seed1/green_house_v54\submodel
[device] cuda
[load] D:\Users\dust\Documents\학교\2026년도1학기\컴퓨터비전\실습\FoundationStereo\experiments\_model\general_head.pt  (train_scenes=['archiviz_baseline080', 'bedroom_baseline080', 'blue_bathroom_baseline080', 'computer_room_baseline080', 'cozy_living_room_baseline080', 'flat-archiviz_baseline080', 'green_house_baseline080', 'gym_baseline080', 'livingroom_baseline080', 'minimal_interior_baseline080', 'scandinavian_baseline080', 'sunlight_baseline080'])

[APPLY] ds_v2_seed1/green_house_v54  (저장모델로 새 데이터 평가)
  AUC      = 0.9775
  IoU@0.5  = 0.6523
  F1@0.5   = 0.7896
  accuracy = 0.9398  (prec=0.7403, rec=0.8459)
  tp=6649 fp=2333 fn=1211 tn=48687
[save] D:\Users\dust\Documents\학교\2026년도1학기\컴퓨터비전\실습\FoundationStereo\experiments\ds_v2_seed1/green_house_v54\submodel_applied  (pred_mask.png, panel.png, metrics.json)

============================================================
STEP: estimate_mirror_plane
============================================================

============================================================
STEP: viz_ransac_inliers
============================================================

============================================================
STEP: make_mirror_gt_from_depth
============================================================

============================================================
STEP: analyze_features
============================================================

============================================================
STEP: submodel_head
============================================================

============================================================
STEP: apply_submodel
============================================================

DONE: D:\Users\dust\Documents\학교\2026년도1학기\컴퓨터비전\실습\FoundationStereo\experiments\ds_v2_seed1/green_house_v54 (ok)

##### [122/130] ds_v2_seed1/green_house_v55  (done 33, fail 0, skip 88, elapsed 24m, ETA 7m) #####
[scene] ds_v2_seed1/green_house_v55  size=1280x720
[select] mirror 점 개수 = 145490  (mask=145490, valid&depth = 889242)
[conf] mirror 영역 평균 confidence = 0.7438

=== 평면 추정 결과 ===
  [PCA (closed form)]
      normal = [+0.1249, -0.8224, -0.5551]
      d = +2.7187   mirror_depth(perp) = 2.7187 m   view_z = 6.5994 m
      n_inliers = 145490/145490   rms_residual = 0.45533 m
  [RANSAC]
      normal = [-0.2845, +0.3481, -0.8932]
      d = +8.2072   mirror_depth(perp) = 8.2072 m   view_z = 6.5994 m
      n_inliers = 50988/145490   rms_residual = 0.01659 m
  [SVD robust (IRLS)]
      normal = [+0.1140, -0.8215, -0.5587]
      d = +2.7663   mirror_depth(perp) = 2.7663 m   view_z = 6.5994 m
      n_inliers = 19996/145490   rms_residual = 0.04190 m

[save] D:\Users\dust\Documents\학교\2026년도1학기\컴퓨터비전\실습\FoundationStereo\experiments\ds_v2_seed1/green_house_v55\mirror_geometry\result.json
[save] D:\Users\dust\Documents\학교\2026년도1학기\컴퓨터비전\실습\FoundationStereo\experiments\ds_v2_seed1/green_house_v55\mirror_geometry\plane.txt
[save] D:\Users\dust\Documents\학교\2026년도1학기\컴퓨터비전\실습\FoundationStereo\experiments\ds_v2_seed1/green_house_v55\mirror_geometry\viz.png

DONE: D:\Users\dust\Documents\학교\2026년도1학기\컴퓨터비전\실습\FoundationStereo\experiments\ds_v2_seed1/green_house_v55\mirror_geometry
[ds_v2_seed1/green_house_v55] 거울 점 145490개 중 inlier 50988 (35.0%) / outlier 94502
  normal=[-0.284  0.348 -0.893] d=8.207  rms(inlier)=0.0166 m  thr≈0.074 m
[save] D:\Users\dust\Documents\학교\2026년도1학기\컴퓨터비전\실습\FoundationStereo\experiments\ds_v2_seed1/green_house_v55\mirror_geometry\ransac_inliers.png
[gt] green_house_v55              perp 3.83m planRMS 0.0035m  normal [-0.292, 0.222, -0.93]

생성 1, 건너뜀 0 (depth_gt/mask 없음 등)
[ds_v2_seed1/green_house_v55] feature 184x320  mirror_frac=0.1578804347826087  feat_left=True
rank  signal              AUC    pol  sep     mean_in     mean_out
  1  post_conf          0.6728   +  0.3192    0.743937    0.671409
  2  post_entropy       0.6553   -  0.2854    0.632001    0.723532
  3  delta_conf         0.6153   +  0.2018    0.367269    0.274321
  4  feat_left_l2       0.5851   +  0.1664   17.644619   16.742465
  5  feat_left_pc1      0.5834   -  0.1146    2.362996    2.751248
  6  delta_argdisp      0.5421   +  0.0732   45.459337   41.035959
  7  delta_entropy      0.5366   -  0.0112    -1.34201   -1.323956
  8  feat_left_pc3        0.53   -   0.055    1.605386    1.760766
  9  feat_left_pc2      0.5293   +  0.0899    2.037108    1.755084
 10  pre_conf           0.5243   -   0.051    0.376669    0.397088
 11  pre_entropy        0.5066   +  0.0468    1.974011    2.047489
BEST: post_conf (AUC=0.6728, polarity=+)
저장: D:\Users\dust\Documents\학교\2026년도1학기\컴퓨터비전\실습\FoundationStereo\experiments\ds_v2_seed1/green_house_v55\features\report.json / panels.png / mirror_signal.npy
[device] cuda
  [train] epoch 60/300  loss=0.5204
  [train] epoch 120/300  loss=0.3615
  [train] epoch 180/300  loss=0.2698
  [train] epoch 240/300  loss=0.2053
  [train] epoch 300/300  loss=0.1586

[VAL] scene=ds_v2_seed1/green_house_v55  (pixel 70/30 split)
  AUC      = 0.9885
  IoU@0.5  = 0.7314
  F1@0.5   = 0.8449
  accuracy = 0.9448  (prec=0.7605, rec=0.9503)
  tp=2655 fp=836 fn=139 tn=14034

[save] D:\Users\dust\Documents\학교\2026년도1학기\컴퓨터비전\실습\FoundationStereo\experiments\ds_v2_seed1/green_house_v55\submodel
  pred_mask.png, panel.png, metrics.json, head.pt
DONE: D:\Users\dust\Documents\학교\2026년도1학기\컴퓨터비전\실습\FoundationStereo\experiments\ds_v2_seed1/green_house_v55\submodel
[device] cuda
[load] D:\Users\dust\Documents\학교\2026년도1학기\컴퓨터비전\실습\FoundationStereo\experiments\_model\general_head.pt  (train_scenes=['archiviz_baseline080', 'bedroom_baseline080', 'blue_bathroom_baseline080', 'computer_room_baseline080', 'cozy_living_room_baseline080', 'flat-archiviz_baseline080', 'green_house_baseline080', 'gym_baseline080', 'livingroom_baseline080', 'minimal_interior_baseline080', 'scandinavian_baseline080', 'sunlight_baseline080'])

[APPLY] ds_v2_seed1/green_house_v55  (저장모델로 새 데이터 평가)
  AUC      = 0.9824
  IoU@0.5  = 0.7215
  F1@0.5   = 0.8382
  accuracy = 0.9484  (prec=0.8299, rec=0.8468)
  tp=7872 fp=1614 fn=1424 tn=47970
[save] D:\Users\dust\Documents\학교\2026년도1학기\컴퓨터비전\실습\FoundationStereo\experiments\ds_v2_seed1/green_house_v55\submodel_applied  (pred_mask.png, panel.png, metrics.json)

============================================================
STEP: estimate_mirror_plane
============================================================

============================================================
STEP: viz_ransac_inliers
============================================================

============================================================
STEP: make_mirror_gt_from_depth
============================================================

============================================================
STEP: analyze_features
============================================================

============================================================
STEP: submodel_head
============================================================

============================================================
STEP: apply_submodel
============================================================

DONE: D:\Users\dust\Documents\학교\2026년도1학기\컴퓨터비전\실습\FoundationStereo\experiments\ds_v2_seed1/green_house_v55 (ok)

##### [123/130] ds_v2_seed1/green_house_v56  (done 34, fail 0, skip 88, elapsed 25m, ETA 6m) #####
[scene] ds_v2_seed1/green_house_v56  size=1280x720
[select] mirror 점 개수 = 71869  (mask=71870, valid&depth = 847313)
[conf] mirror 영역 평균 confidence = 0.6488

=== 평면 추정 결과 ===
  [PCA (closed form)]
      normal = [+0.6606, -0.3596, -0.6590]
      d = +1.7477   mirror_depth(perp) = 1.7477 m   view_z = 5.4256 m
      n_inliers = 71869/71869   rms_residual = 0.30663 m
  [RANSAC]
      normal = [-0.4947, -0.1423, -0.8573]
      d = +6.2408   mirror_depth(perp) = 6.2408 m   view_z = 5.4256 m
      n_inliers = 51291/71869   rms_residual = 0.08536 m
  [SVD robust (IRLS)]
      normal = [+0.6594, -0.4029, -0.6347]
      d = +1.6201   mirror_depth(perp) = 1.6201 m   view_z = 5.4256 m
      n_inliers = 28853/71869   rms_residual = 0.08490 m

[save] D:\Users\dust\Documents\학교\2026년도1학기\컴퓨터비전\실습\FoundationStereo\experiments\ds_v2_seed1/green_house_v56\mirror_geometry\result.json
[save] D:\Users\dust\Documents\학교\2026년도1학기\컴퓨터비전\실습\FoundationStereo\experiments\ds_v2_seed1/green_house_v56\mirror_geometry\plane.txt
[save] D:\Users\dust\Documents\학교\2026년도1학기\컴퓨터비전\실습\FoundationStereo\experiments\ds_v2_seed1/green_house_v56\mirror_geometry\viz.png

DONE: D:\Users\dust\Documents\학교\2026년도1학기\컴퓨터비전\실습\FoundationStereo\experiments\ds_v2_seed1/green_house_v56\mirror_geometry
[ds_v2_seed1/green_house_v56] 거울 점 71869개 중 inlier 51291 (71.4%) / outlier 20578
  normal=[-0.495 -0.142 -0.857] d=6.241  rms(inlier)=0.0854 m  thr≈0.151 m
[save] D:\Users\dust\Documents\학교\2026년도1학기\컴퓨터비전\실습\FoundationStereo\experiments\ds_v2_seed1/green_house_v56\mirror_geometry\ransac_inliers.png
[gt] green_house_v56              perp 4.17m planRMS 0.0053m  normal [-0.553, 0.13, -0.823]

생성 1, 건너뜀 0 (depth_gt/mask 없음 등)
[ds_v2_seed1/green_house_v56] feature 184x320  mirror_frac=0.07800611413043479  feat_left=True
rank  signal              AUC    pol  sep     mean_in     mean_out
  1  feat_left_l2       0.6908   +  0.3152    18.56257   16.911275
  2  feat_left_pc1      0.6739   -  0.3549    1.885898    3.076349
  3  delta_entropy      0.6531   -  0.3073   -1.241845   -0.650298
  4  delta_conf         0.6479   +  0.2938    0.284398     0.13118
  5  feat_left_pc2       0.645   -  0.2698    1.993593    2.748926
  6  post_entropy       0.6407   -   0.516     0.78422    1.406456
  7  post_conf          0.6378   +  0.3567    0.649319    0.509316
  8  delta_argdisp      0.5273   +  0.0417   44.845417   42.293201
  9  feat_left_pc3      0.5261   -  0.0213     1.80556    1.870898
 10  pre_conf           0.5064   -  0.0339    0.364921    0.378136
 11  pre_entropy        0.5053   +  0.0203    2.026065    2.056755
BEST: feat_left_l2 (AUC=0.6908, polarity=+)
저장: D:\Users\dust\Documents\학교\2026년도1학기\컴퓨터비전\실습\FoundationStereo\experiments\ds_v2_seed1/green_house_v56\features\report.json / panels.png / mirror_signal.npy
[device] cuda
  [train] epoch 60/300  loss=0.6427
  [train] epoch 120/300  loss=0.4758
  [train] epoch 180/300  loss=0.3693
  [train] epoch 240/300  loss=0.2859
  [train] epoch 300/300  loss=0.2232

[VAL] scene=ds_v2_seed1/green_house_v56  (pixel 70/30 split)
  AUC      = 0.9793
  IoU@0.5  = 0.5241
  F1@0.5   = 0.6878
  accuracy = 0.9340  (prec=0.5483, rec=0.9224)
  tp=1283 fp=1057 fn=108 tn=15216

[save] D:\Users\dust\Documents\학교\2026년도1학기\컴퓨터비전\실습\FoundationStereo\experiments\ds_v2_seed1/green_house_v56\submodel
  pred_mask.png, panel.png, metrics.json, head.pt
DONE: D:\Users\dust\Documents\학교\2026년도1학기\컴퓨터비전\실습\FoundationStereo\experiments\ds_v2_seed1/green_house_v56\submodel
[device] cuda
[load] D:\Users\dust\Documents\학교\2026년도1학기\컴퓨터비전\실습\FoundationStereo\experiments\_model\general_head.pt  (train_scenes=['archiviz_baseline080', 'bedroom_baseline080', 'blue_bathroom_baseline080', 'computer_room_baseline080', 'cozy_living_room_baseline080', 'flat-archiviz_baseline080', 'green_house_baseline080', 'gym_baseline080', 'livingroom_baseline080', 'minimal_interior_baseline080', 'scandinavian_baseline080', 'sunlight_baseline080'])

[APPLY] ds_v2_seed1/green_house_v56  (저장모델로 새 데이터 평가)
  AUC      = 0.9133
  IoU@0.5  = 0.3165
  F1@0.5   = 0.4808
  accuracy = 0.8752  (prec=0.3559, rec=0.7405)
  tp=3401 fp=6154 fn=1192 tn=48133
[save] D:\Users\dust\Documents\학교\2026년도1학기\컴퓨터비전\실습\FoundationStereo\experiments\ds_v2_seed1/green_house_v56\submodel_applied  (pred_mask.png, panel.png, metrics.json)

============================================================
STEP: estimate_mirror_plane
============================================================

============================================================
STEP: viz_ransac_inliers
============================================================

============================================================
STEP: make_mirror_gt_from_depth
============================================================

============================================================
STEP: analyze_features
============================================================

============================================================
STEP: submodel_head
============================================================

============================================================
STEP: apply_submodel
============================================================

DONE: D:\Users\dust\Documents\학교\2026년도1학기\컴퓨터비전\실습\FoundationStereo\experiments\ds_v2_seed1/green_house_v56 (ok)

##### [124/130] ds_v2_seed1/green_house_v57  (done 35, fail 0, skip 88, elapsed 25m, ETA 5m) #####
[scene] ds_v2_seed1/green_house_v57  size=1280x720
[select] mirror 점 개수 = 114698  (mask=114698, valid&depth = 898033)
[conf] mirror 영역 평균 confidence = 0.6823

=== 평면 추정 결과 ===
  [PCA (closed form)]
      normal = [+0.1503, -0.8965, -0.4167]
      d = +2.6492   mirror_depth(perp) = 2.6492 m   view_z = 6.7981 m
      n_inliers = 114698/114698   rms_residual = 0.42505 m
  [RANSAC]
      normal = [-0.4854, +0.1207, -0.8659]
      d = +8.4420   mirror_depth(perp) = 8.4420 m   view_z = 6.7981 m
      n_inliers = 33970/114698   rms_residual = 0.02193 m
  [SVD robust (IRLS)]
      normal = [+0.1371, -0.9083, -0.3952]
      d = +2.5068   mirror_depth(perp) = 2.5068 m   view_z = 6.7981 m
      n_inliers = 18459/114698   rms_residual = 0.05035 m

[save] D:\Users\dust\Documents\학교\2026년도1학기\컴퓨터비전\실습\FoundationStereo\experiments\ds_v2_seed1/green_house_v57\mirror_geometry\result.json
[save] D:\Users\dust\Documents\학교\2026년도1학기\컴퓨터비전\실습\FoundationStereo\experiments\ds_v2_seed1/green_house_v57\mirror_geometry\plane.txt
[save] D:\Users\dust\Documents\학교\2026년도1학기\컴퓨터비전\실습\FoundationStereo\experiments\ds_v2_seed1/green_house_v57\mirror_geometry\viz.png

DONE: D:\Users\dust\Documents\학교\2026년도1학기\컴퓨터비전\실습\FoundationStereo\experiments\ds_v2_seed1/green_house_v57\mirror_geometry
[ds_v2_seed1/green_house_v57] 거울 점 114698개 중 inlier 33970 (29.6%) / outlier 80728
  normal=[-0.485  0.121 -0.866] d=8.442  rms(inlier)=0.0219 m  thr≈0.088 m
[save] D:\Users\dust\Documents\학교\2026년도1학기\컴퓨터비전\실습\FoundationStereo\experiments\ds_v2_seed1/green_house_v57\mirror_geometry\ransac_inliers.png
[gt] green_house_v57              perp 4.00m planRMS 0.0050m  normal [-0.433, 0.117, -0.894]

생성 1, 건너뜀 0 (depth_gt/mask 없음 등)
[ds_v2_seed1/green_house_v57] feature 184x320  mirror_frac=0.12459239130434782  feat_left=True
rank  signal              AUC    pol  sep     mean_in     mean_out
  1  post_entropy       0.6283   +  0.1197    0.687424    0.649819
  2  feat_left_pc1      0.6091   -  0.1944    2.158583     2.75395
  3  post_conf          0.5558   -  0.0924    0.682015    0.704459
  4  feat_left_pc3      0.5441   -    0.08    1.583251    1.804412
  5  delta_argdisp      0.5421   +  0.0608   45.652944    41.90998
  6  pre_conf           0.5416   -  0.0925    0.360607    0.397242
  7  pre_entropy        0.5247   +  0.0023    2.058374    2.054762
  8  feat_left_pc2       0.519   -  0.0356    1.789811    1.890895
  9  feat_left_l2       0.5086   +  0.0138   16.961433    16.89449
 10  delta_entropy      0.5066   -  0.0216    -1.37095   -1.404943
 11  delta_conf          0.506   +  0.0309    0.321408    0.307217
BEST: post_entropy (AUC=0.6283, polarity=+)
저장: D:\Users\dust\Documents\학교\2026년도1학기\컴퓨터비전\실습\FoundationStereo\experiments\ds_v2_seed1/green_house_v57\features\report.json / panels.png / mirror_signal.npy
[device] cuda
  [train] epoch 60/300  loss=0.6260
  [train] epoch 120/300  loss=0.4583
  [train] epoch 180/300  loss=0.3509
  [train] epoch 240/300  loss=0.2697
  [train] epoch 300/300  loss=0.2085

[VAL] scene=ds_v2_seed1/green_house_v57  (pixel 70/30 split)
  AUC      = 0.9819
  IoU@0.5  = 0.6281
  F1@0.5   = 0.7716
  accuracy = 0.9315  (prec=0.6543, rec=0.9402)
  tp=2044 fp=1080 fn=130 tn=14410

[save] D:\Users\dust\Documents\학교\2026년도1학기\컴퓨터비전\실습\FoundationStereo\experiments\ds_v2_seed1/green_house_v57\submodel
  pred_mask.png, panel.png, metrics.json, head.pt
DONE: D:\Users\dust\Documents\학교\2026년도1학기\컴퓨터비전\실습\FoundationStereo\experiments\ds_v2_seed1/green_house_v57\submodel
[device] cuda
[load] D:\Users\dust\Documents\학교\2026년도1학기\컴퓨터비전\실습\FoundationStereo\experiments\_model\general_head.pt  (train_scenes=['archiviz_baseline080', 'bedroom_baseline080', 'blue_bathroom_baseline080', 'computer_room_baseline080', 'cozy_living_room_baseline080', 'flat-archiviz_baseline080', 'green_house_baseline080', 'gym_baseline080', 'livingroom_baseline080', 'minimal_interior_baseline080', 'scandinavian_baseline080', 'sunlight_baseline080'])

[APPLY] ds_v2_seed1/green_house_v57  (저장모델로 새 데이터 평가)
  AUC      = 0.9734
  IoU@0.5  = 0.6152
  F1@0.5   = 0.7618
  accuracy = 0.9345  (prec=0.6963, rec=0.8408)
  tp=6168 fp=2690 fn=1168 tn=48854
[save] D:\Users\dust\Documents\학교\2026년도1학기\컴퓨터비전\실습\FoundationStereo\experiments\ds_v2_seed1/green_house_v57\submodel_applied  (pred_mask.png, panel.png, metrics.json)

============================================================
STEP: estimate_mirror_plane
============================================================

============================================================
STEP: viz_ransac_inliers
============================================================

============================================================
STEP: make_mirror_gt_from_depth
============================================================

============================================================
STEP: analyze_features
============================================================

============================================================
STEP: submodel_head
============================================================

============================================================
STEP: apply_submodel
============================================================

DONE: D:\Users\dust\Documents\학교\2026년도1학기\컴퓨터비전\실습\FoundationStereo\experiments\ds_v2_seed1/green_house_v57 (ok)

##### [125/130] ds_v2_seed1/green_house_v58  (done 36, fail 0, skip 88, elapsed 25m, ETA 4m) #####
[scene] ds_v2_seed1/green_house_v58  size=1280x720
[select] mirror 점 개수 = 131783  (mask=131783, valid&depth = 892806)
[conf] mirror 영역 평균 confidence = 0.6967

=== 평면 추정 결과 ===
  [PCA (closed form)]
      normal = [+0.1821, -0.8383, -0.5139]
      d = +2.7310   mirror_depth(perp) = 2.7310 m   view_z = 6.5888 m
      n_inliers = 131783/131783   rms_residual = 0.41230 m
  [RANSAC]
      normal = [-0.3415, +0.2629, -0.9024]
      d = +8.1199   mirror_depth(perp) = 8.1199 m   view_z = 6.5888 m
      n_inliers = 42653/131783   rms_residual = 0.01425 m
  [SVD robust (IRLS)]
      normal = [+0.1738, -0.8462, -0.5037]
      d = +2.6552   mirror_depth(perp) = 2.6552 m   view_z = 6.5888 m
      n_inliers = 17626/131783   rms_residual = 0.04054 m

[save] D:\Users\dust\Documents\학교\2026년도1학기\컴퓨터비전\실습\FoundationStereo\experiments\ds_v2_seed1/green_house_v58\mirror_geometry\result.json
[save] D:\Users\dust\Documents\학교\2026년도1학기\컴퓨터비전\실습\FoundationStereo\experiments\ds_v2_seed1/green_house_v58\mirror_geometry\plane.txt
[save] D:\Users\dust\Documents\학교\2026년도1학기\컴퓨터비전\실습\FoundationStereo\experiments\ds_v2_seed1/green_house_v58\mirror_geometry\viz.png

DONE: D:\Users\dust\Documents\학교\2026년도1학기\컴퓨터비전\실습\FoundationStereo\experiments\ds_v2_seed1/green_house_v58\mirror_geometry
[ds_v2_seed1/green_house_v58] 거울 점 131783개 중 inlier 42653 (32.4%) / outlier 89130
  normal=[-0.342  0.263 -0.902] d=8.120  rms(inlier)=0.0143 m  thr≈0.071 m
[save] D:\Users\dust\Documents\학교\2026년도1학기\컴퓨터비전\실습\FoundationStereo\experiments\ds_v2_seed1/green_house_v58\mirror_geometry\ransac_inliers.png
[gt] green_house_v58              perp 3.82m planRMS 0.0039m  normal [-0.275, 0.238, -0.932]

생성 1, 건너뜀 0 (depth_gt/mask 없음 등)
[ds_v2_seed1/green_house_v58] feature 184x320  mirror_frac=0.14295176630434783  feat_left=True
rank  signal              AUC    pol  sep     mean_in     mean_out
  1  feat_left_pc1      0.5905   -  0.1595     2.28568    2.794985
  2  delta_argdisp       0.559   +     0.1   46.009029   39.962448
  3  pre_conf           0.5584   -  0.1118    0.364654    0.409759
  4  feat_left_pc3      0.5519   -  0.0823     1.53628    1.767105
  5  delta_conf         0.5415   +  0.0812    0.331897    0.294687
  6  pre_entropy        0.5407   +  0.0316    2.036964    1.988457
  7  post_entropy       0.5341   +  0.0646    0.683654    0.662464
  8  delta_entropy      0.5275   -  0.0176    -1.35331   -1.325993
  9  post_conf          0.5175   -  0.0336    0.696552    0.704446
 10  feat_left_pc2      0.5091   -  0.0145     1.80367     1.84517
 11  feat_left_l2       0.5006   +  0.0035   16.885603   16.868107
BEST: feat_left_pc1 (AUC=0.5905, polarity=-)
저장: D:\Users\dust\Documents\학교\2026년도1학기\컴퓨터비전\실습\FoundationStereo\experiments\ds_v2_seed1/green_house_v58\features\report.json / panels.png / mirror_signal.npy
[device] cuda
  [train] epoch 60/300  loss=0.5993
  [train] epoch 120/300  loss=0.4329
  [train] epoch 180/300  loss=0.3372
  [train] epoch 240/300  loss=0.2666
  [train] epoch 300/300  loss=0.2118

[VAL] scene=ds_v2_seed1/green_house_v58  (pixel 70/30 split)
  AUC      = 0.9811
  IoU@0.5  = 0.6521
  F1@0.5   = 0.7894
  accuracy = 0.9296  (prec=0.6833, rec=0.9347)
  tp=2332 fp=1081 fn=163 tn=14088

[save] D:\Users\dust\Documents\학교\2026년도1학기\컴퓨터비전\실습\FoundationStereo\experiments\ds_v2_seed1/green_house_v58\submodel
  pred_mask.png, panel.png, metrics.json, head.pt
DONE: D:\Users\dust\Documents\학교\2026년도1학기\컴퓨터비전\실습\FoundationStereo\experiments\ds_v2_seed1/green_house_v58\submodel
[device] cuda
[load] D:\Users\dust\Documents\학교\2026년도1학기\컴퓨터비전\실습\FoundationStereo\experiments\_model\general_head.pt  (train_scenes=['archiviz_baseline080', 'bedroom_baseline080', 'blue_bathroom_baseline080', 'computer_room_baseline080', 'cozy_living_room_baseline080', 'flat-archiviz_baseline080', 'green_house_baseline080', 'gym_baseline080', 'livingroom_baseline080', 'minimal_interior_baseline080', 'scandinavian_baseline080', 'sunlight_baseline080'])

[APPLY] ds_v2_seed1/green_house_v58  (저장모델로 새 데이터 평가)
  AUC      = 0.9780
  IoU@0.5  = 0.6715
  F1@0.5   = 0.8035
  accuracy = 0.9415  (prec=0.7728, rec=0.8368)
  tp=7043 fp=2071 fn=1374 tn=48392
[save] D:\Users\dust\Documents\학교\2026년도1학기\컴퓨터비전\실습\FoundationStereo\experiments\ds_v2_seed1/green_house_v58\submodel_applied  (pred_mask.png, panel.png, metrics.json)

============================================================
STEP: estimate_mirror_plane
============================================================

============================================================
STEP: viz_ransac_inliers
============================================================

============================================================
STEP: make_mirror_gt_from_depth
============================================================

============================================================
STEP: analyze_features
============================================================

============================================================
STEP: submodel_head
============================================================

============================================================
STEP: apply_submodel
============================================================

DONE: D:\Users\dust\Documents\학교\2026년도1학기\컴퓨터비전\실습\FoundationStereo\experiments\ds_v2_seed1/green_house_v58 (ok)

##### [126/130] ds_v2_seed1/green_house_v59  (done 37, fail 0, skip 88, elapsed 26m, ETA 3m) #####
[scene] ds_v2_seed1/green_house_v59  size=1280x720
[select] mirror 점 개수 = 111049  (mask=111049, valid&depth = 894728)
[conf] mirror 영역 평균 confidence = 0.4301

=== 평면 추정 결과 ===
  [PCA (closed form)]
      normal = [-0.2221, -0.1046, -0.9694]
      d = +4.7404   mirror_depth(perp) = 4.7404 m   view_z = 4.7878 m
      n_inliers = 111049/111049   rms_residual = 0.13679 m
  [RANSAC]
      normal = [-0.2600, -0.0113, -0.9656]
      d = +4.7734   mirror_depth(perp) = 4.7734 m   view_z = 4.7878 m
      n_inliers = 65323/111049   rms_residual = 0.01598 m
  [SVD robust (IRLS)]
      normal = [-0.2539, -0.0253, -0.9669]
      d = +4.7726   mirror_depth(perp) = 4.7726 m   view_z = 4.7878 m
      n_inliers = 63011/111049   rms_residual = 0.01610 m

[save] D:\Users\dust\Documents\학교\2026년도1학기\컴퓨터비전\실습\FoundationStereo\experiments\ds_v2_seed1/green_house_v59\mirror_geometry\result.json
[save] D:\Users\dust\Documents\학교\2026년도1학기\컴퓨터비전\실습\FoundationStereo\experiments\ds_v2_seed1/green_house_v59\mirror_geometry\plane.txt
[save] D:\Users\dust\Documents\학교\2026년도1학기\컴퓨터비전\실습\FoundationStereo\experiments\ds_v2_seed1/green_house_v59\mirror_geometry\viz.png

DONE: D:\Users\dust\Documents\학교\2026년도1학기\컴퓨터비전\실습\FoundationStereo\experiments\ds_v2_seed1/green_house_v59\mirror_geometry
[ds_v2_seed1/green_house_v59] 거울 점 111049개 중 inlier 65323 (58.8%) / outlier 45726
  normal=[-0.26  -0.011 -0.966] d=4.773  rms(inlier)=0.0160 m  thr≈0.030 m
[save] D:\Users\dust\Documents\학교\2026년도1학기\컴퓨터비전\실습\FoundationStereo\experiments\ds_v2_seed1/green_house_v59\mirror_geometry\ransac_inliers.png
[gt] green_house_v59              perp 4.19m planRMS 0.0058m  normal [-0.285, 0.107, -0.953]

생성 1, 건너뜀 0 (depth_gt/mask 없음 등)
[ds_v2_seed1/green_house_v59] feature 184x320  mirror_frac=0.12036345108695652  feat_left=True
rank  signal              AUC    pol  sep     mean_in     mean_out
  1  delta_argdisp      0.6352   -  0.2436   32.252857   47.444095
  2  feat_left_pc1      0.6226   -  0.2694    2.039783    2.903842
  3  feat_left_pc2       0.605   -  0.2506    1.602547     2.33267
  4  pre_conf           0.5568   -  0.0328    0.313452    0.330481
  5  delta_entropy      0.5562   -  0.0729   -1.108557   -0.921712
  6  feat_left_l2       0.5528   +  0.0978   17.578993   17.105885
  7  pre_entropy        0.5525   +  0.0694     2.50322     2.35439
  8  post_entropy       0.5322   +  0.0319    1.394663    1.432678
  9  post_conf          0.5263   -  0.0768    0.430677    0.459832
 10  delta_conf         0.5062   +  0.0181    0.117226    0.129352
 11  feat_left_pc3       0.505   -  0.0211    1.650961    1.709587
BEST: delta_argdisp (AUC=0.6352, polarity=-)
저장: D:\Users\dust\Documents\학교\2026년도1학기\컴퓨터비전\실습\FoundationStereo\experiments\ds_v2_seed1/green_house_v59\features\report.json / panels.png / mirror_signal.npy
[device] cuda
  [train] epoch 60/300  loss=0.6302
  [train] epoch 120/300  loss=0.4779
  [train] epoch 180/300  loss=0.3903
  [train] epoch 240/300  loss=0.3232
  [train] epoch 300/300  loss=0.2711

[VAL] scene=ds_v2_seed1/green_house_v59  (pixel 70/30 split)
  AUC      = 0.9710
  IoU@0.5  = 0.5718
  F1@0.5   = 0.7276
  accuracy = 0.9173  (prec=0.6023, rec=0.9185)
  tp=1951 fp=1288 fn=173 tn=14252

[save] D:\Users\dust\Documents\학교\2026년도1학기\컴퓨터비전\실습\FoundationStereo\experiments\ds_v2_seed1/green_house_v59\submodel
  pred_mask.png, panel.png, metrics.json, head.pt
DONE: D:\Users\dust\Documents\학교\2026년도1학기\컴퓨터비전\실습\FoundationStereo\experiments\ds_v2_seed1/green_house_v59\submodel
[device] cuda
[load] D:\Users\dust\Documents\학교\2026년도1학기\컴퓨터비전\실습\FoundationStereo\experiments\_model\general_head.pt  (train_scenes=['archiviz_baseline080', 'bedroom_baseline080', 'blue_bathroom_baseline080', 'computer_room_baseline080', 'cozy_living_room_baseline080', 'flat-archiviz_baseline080', 'green_house_baseline080', 'gym_baseline080', 'livingroom_baseline080', 'minimal_interior_baseline080', 'scandinavian_baseline080', 'sunlight_baseline080'])

[APPLY] ds_v2_seed1/green_house_v59  (저장모델로 새 데이터 평가)
  AUC      = 0.8545
  IoU@0.5  = 0.2764
  F1@0.5   = 0.4331
  accuracy = 0.8268  (prec=0.3574, rec=0.5496)
  tp=3895 fp=7004 fn=3192 tn=44789
[save] D:\Users\dust\Documents\학교\2026년도1학기\컴퓨터비전\실습\FoundationStereo\experiments\ds_v2_seed1/green_house_v59\submodel_applied  (pred_mask.png, panel.png, metrics.json)

============================================================
STEP: estimate_mirror_plane
============================================================

============================================================
STEP: viz_ransac_inliers
============================================================

============================================================
STEP: make_mirror_gt_from_depth
============================================================

============================================================
STEP: analyze_features
============================================================

============================================================
STEP: submodel_head
============================================================

============================================================
STEP: apply_submodel
============================================================

DONE: D:\Users\dust\Documents\학교\2026년도1학기\컴퓨터비전\실습\FoundationStereo\experiments\ds_v2_seed1/green_house_v59 (ok)

##### [127/130] ds_v2_seed1/green_house_v60  (done 38, fail 0, skip 88, elapsed 26m, ETA 3m) #####
[scene] ds_v2_seed1/green_house_v60  size=1280x720
[select] mirror 점 개수 = 171523  (mask=171523, valid&depth = 893978)
[conf] mirror 영역 평균 confidence = 0.7142

=== 평면 추정 결과 ===
  [PCA (closed form)]
      normal = [-0.0211, -0.8091, -0.5873]
      d = +2.7925   mirror_depth(perp) = 2.7925 m   view_z = 6.0739 m
      n_inliers = 171523/171523   rms_residual = 0.39330 m
  [RANSAC]
      normal = [-0.5905, +0.2726, -0.7596]
      d = +8.2590   mirror_depth(perp) = 8.2590 m   view_z = 6.0739 m
      n_inliers = 61778/171523   rms_residual = 0.01356 m
  [SVD robust (IRLS)]
      normal = [-0.0279, -0.8166, -0.5766]
      d = +2.7257   mirror_depth(perp) = 2.7257 m   view_z = 6.0739 m
      n_inliers = 25848/171523   rms_residual = 0.04211 m

[save] D:\Users\dust\Documents\학교\2026년도1학기\컴퓨터비전\실습\FoundationStereo\experiments\ds_v2_seed1/green_house_v60\mirror_geometry\result.json
[save] D:\Users\dust\Documents\학교\2026년도1학기\컴퓨터비전\실습\FoundationStereo\experiments\ds_v2_seed1/green_house_v60\mirror_geometry\plane.txt
[save] D:\Users\dust\Documents\학교\2026년도1학기\컴퓨터비전\실습\FoundationStereo\experiments\ds_v2_seed1/green_house_v60\mirror_geometry\viz.png

DONE: D:\Users\dust\Documents\학교\2026년도1학기\컴퓨터비전\실습\FoundationStereo\experiments\ds_v2_seed1/green_house_v60\mirror_geometry
[ds_v2_seed1/green_house_v60] 거울 점 171523개 중 inlier 61778 (36.0%) / outlier 109745
  normal=[-0.591  0.273 -0.76 ] d=8.259  rms(inlier)=0.0136 m  thr≈0.074 m
[save] D:\Users\dust\Documents\학교\2026년도1학기\컴퓨터비전\실습\FoundationStereo\experiments\ds_v2_seed1/green_house_v60\mirror_geometry\ransac_inliers.png
[gt] green_house_v60              perp 3.86m planRMS 0.0039m  normal [-0.564, 0.277, -0.778]

생성 1, 건너뜀 0 (depth_gt/mask 없음 등)
[ds_v2_seed1/green_house_v60] feature 184x320  mirror_frac=0.18641304347826088  feat_left=True
rank  signal              AUC    pol  sep     mean_in     mean_out
  1  delta_conf          0.633   +  0.2515    0.348061    0.230303
  2  post_entropy       0.6254   -  0.2327    0.668424    0.766293
  3  post_conf          0.6205   +  0.2204    0.714073    0.658226
  4  delta_entropy      0.5958   -  0.1592   -1.340159   -1.099389
  5  feat_left_pc1      0.5887   -  0.1521    2.302512    2.818666
  6  pre_conf           0.5826   -  0.1579    0.366012    0.427923
  7  feat_left_l2       0.5823   +  0.1245   17.278157   16.622736
  8  pre_entropy        0.5738   +  0.0985    2.008583    1.865682
  9  delta_argdisp      0.5332   +  0.0542   45.983692   42.682344
 10  feat_left_pc2      0.5109   -  0.0081    1.860663    1.835816
 11  feat_left_pc3      0.5077   +  0.0071    1.695473     1.67603
BEST: delta_conf (AUC=0.633, polarity=+)
저장: D:\Users\dust\Documents\학교\2026년도1학기\컴퓨터비전\실습\FoundationStereo\experiments\ds_v2_seed1/green_house_v60\features\report.json / panels.png / mirror_signal.npy
[device] cuda
  [train] epoch 60/300  loss=0.5717
  [train] epoch 120/300  loss=0.4104
  [train] epoch 180/300  loss=0.3063
  [train] epoch 240/300  loss=0.2306
  [train] epoch 300/300  loss=0.1769

[VAL] scene=ds_v2_seed1/green_house_v60  (pixel 70/30 split)
  AUC      = 0.9879
  IoU@0.5  = 0.7509
  F1@0.5   = 0.8577
  accuracy = 0.9415  (prec=0.7758, rec=0.9590)
  tp=3114 fp=900 fn=133 tn=13517

[save] D:\Users\dust\Documents\학교\2026년도1학기\컴퓨터비전\실습\FoundationStereo\experiments\ds_v2_seed1/green_house_v60\submodel
  pred_mask.png, panel.png, metrics.json, head.pt
DONE: D:\Users\dust\Documents\학교\2026년도1학기\컴퓨터비전\실습\FoundationStereo\experiments\ds_v2_seed1/green_house_v60\submodel
[device] cuda
[load] D:\Users\dust\Documents\학교\2026년도1학기\컴퓨터비전\실습\FoundationStereo\experiments\_model\general_head.pt  (train_scenes=['archiviz_baseline080', 'bedroom_baseline080', 'blue_bathroom_baseline080', 'computer_room_baseline080', 'cozy_living_room_baseline080', 'flat-archiviz_baseline080', 'green_house_baseline080', 'gym_baseline080', 'livingroom_baseline080', 'minimal_interior_baseline080', 'scandinavian_baseline080', 'sunlight_baseline080'])

[APPLY] ds_v2_seed1/green_house_v60  (저장모델로 새 데이터 평가)
  AUC      = 0.9659
  IoU@0.5  = 0.6561
  F1@0.5   = 0.7924
  accuracy = 0.9251  (prec=0.8201, rec=0.7665)
  tp=8413 fp=1846 fn=2563 tn=46058
[save] D:\Users\dust\Documents\학교\2026년도1학기\컴퓨터비전\실습\FoundationStereo\experiments\ds_v2_seed1/green_house_v60\submodel_applied  (pred_mask.png, panel.png, metrics.json)

============================================================
STEP: estimate_mirror_plane
============================================================

============================================================
STEP: viz_ransac_inliers
============================================================

============================================================
STEP: make_mirror_gt_from_depth
============================================================

============================================================
STEP: analyze_features
============================================================

============================================================
STEP: submodel_head
============================================================

============================================================
STEP: apply_submodel
============================================================

DONE: D:\Users\dust\Documents\학교\2026년도1학기\컴퓨터비전\실습\FoundationStereo\experiments\ds_v2_seed1/green_house_v60 (ok)

##### [128/130] ds_v2_seed1/green_house_v61  (done 39, fail 0, skip 88, elapsed 27m, ETA 2m) #####
[scene] ds_v2_seed1/green_house_v61  size=1280x720
[select] mirror 점 개수 = 144075  (mask=144075, valid&depth = 893118)
[conf] mirror 영역 평균 confidence = 0.7067

=== 평면 추정 결과 ===
  [PCA (closed form)]
      normal = [+0.0047, -0.8939, -0.4483]
      d = +2.7534   mirror_depth(perp) = 2.7534 m   view_z = 6.4560 m
      n_inliers = 144075/144075   rms_residual = 0.40054 m
  [RANSAC]
      normal = [-0.5462, +0.1169, -0.8295]
      d = +8.5545   mirror_depth(perp) = 8.5545 m   view_z = 6.4560 m
      n_inliers = 53812/144075   rms_residual = 0.01495 m
  [SVD robust (IRLS)]
      normal = [-0.0011, -0.9004, -0.4352]
      d = +2.6772   mirror_depth(perp) = 2.6772 m   view_z = 6.4560 m
      n_inliers = 21038/144075   rms_residual = 0.04135 m

[save] D:\Users\dust\Documents\학교\2026년도1학기\컴퓨터비전\실습\FoundationStereo\experiments\ds_v2_seed1/green_house_v61\mirror_geometry\result.json
[save] D:\Users\dust\Documents\학교\2026년도1학기\컴퓨터비전\실습\FoundationStereo\experiments\ds_v2_seed1/green_house_v61\mirror_geometry\plane.txt
[save] D:\Users\dust\Documents\학교\2026년도1학기\컴퓨터비전\실습\FoundationStereo\experiments\ds_v2_seed1/green_house_v61\mirror_geometry\viz.png

DONE: D:\Users\dust\Documents\학교\2026년도1학기\컴퓨터비전\실습\FoundationStereo\experiments\ds_v2_seed1/green_house_v61\mirror_geometry
[ds_v2_seed1/green_house_v61] 거울 점 144075개 중 inlier 53812 (37.3%) / outlier 90263
  normal=[-0.546  0.117 -0.829] d=8.555  rms(inlier)=0.0150 m  thr≈0.073 m
[save] D:\Users\dust\Documents\학교\2026년도1학기\컴퓨터비전\실습\FoundationStereo\experiments\ds_v2_seed1/green_house_v61\mirror_geometry\ransac_inliers.png
[gt] green_house_v61              perp 4.07m planRMS 0.0032m  normal [-0.527, 0.148, -0.837]

생성 1, 건너뜀 0 (depth_gt/mask 없음 등)
[ds_v2_seed1/green_house_v61] feature 184x320  mirror_frac=0.15630095108695652  feat_left=True
rank  signal              AUC    pol  sep     mean_in     mean_out
  1  feat_left_l2       0.6086   +  0.1753   17.559106   16.608464
  2  delta_conf         0.5844   +  0.1576    0.334587    0.262941
  3  pre_conf           0.5721   -  0.1395    0.371672    0.426412
  4  feat_left_pc1      0.5673   -  0.0962    2.497515    2.821106
  5  pre_entropy        0.5608   +  0.0732    1.979601    1.872936
  6  delta_entropy      0.5602   -  0.0798    -1.30811   -1.189426
  7  post_conf          0.5434   +  0.0739    0.706259    0.689353
  8  delta_argdisp      0.5391   +  0.0661   46.834836   42.835075
  9  post_entropy       0.5212   -  0.0408    0.671491     0.68351
 10  feat_left_pc2      0.5148   +  0.0611     1.99848    1.801825
 11  feat_left_pc3      0.5097   -  0.0199    1.688498    1.744608
BEST: feat_left_l2 (AUC=0.6086, polarity=+)
저장: D:\Users\dust\Documents\학교\2026년도1학기\컴퓨터비전\실습\FoundationStereo\experiments\ds_v2_seed1/green_house_v61\features\report.json / panels.png / mirror_signal.npy
[device] cuda
  [train] epoch 60/300  loss=0.5807
  [train] epoch 120/300  loss=0.3969
  [train] epoch 180/300  loss=0.2849
  [train] epoch 240/300  loss=0.2089
  [train] epoch 300/300  loss=0.1575

[VAL] scene=ds_v2_seed1/green_house_v61  (pixel 70/30 split)
  AUC      = 0.9891
  IoU@0.5  = 0.7421
  F1@0.5   = 0.8519
  accuracy = 0.9490  (prec=0.7701, rec=0.9533)
  tp=2592 fp=774 fn=127 tn=14171

[save] D:\Users\dust\Documents\학교\2026년도1학기\컴퓨터비전\실습\FoundationStereo\experiments\ds_v2_seed1/green_house_v61\submodel
  pred_mask.png, panel.png, metrics.json, head.pt
DONE: D:\Users\dust\Documents\학교\2026년도1학기\컴퓨터비전\실습\FoundationStereo\experiments\ds_v2_seed1/green_house_v61\submodel
[device] cuda
[load] D:\Users\dust\Documents\학교\2026년도1학기\컴퓨터비전\실습\FoundationStereo\experiments\_model\general_head.pt  (train_scenes=['archiviz_baseline080', 'bedroom_baseline080', 'blue_bathroom_baseline080', 'computer_room_baseline080', 'cozy_living_room_baseline080', 'flat-archiviz_baseline080', 'green_house_baseline080', 'gym_baseline080', 'livingroom_baseline080', 'minimal_interior_baseline080', 'scandinavian_baseline080', 'sunlight_baseline080'])

[APPLY] ds_v2_seed1/green_house_v61  (저장모델로 새 데이터 평가)
  AUC      = 0.9657
  IoU@0.5  = 0.6150
  F1@0.5   = 0.7616
  accuracy = 0.9248  (prec=0.7548, rec=0.7686)
  tp=7073 fp=2298 fn=2130 tn=47379
[save] D:\Users\dust\Documents\학교\2026년도1학기\컴퓨터비전\실습\FoundationStereo\experiments\ds_v2_seed1/green_house_v61\submodel_applied  (pred_mask.png, panel.png, metrics.json)

============================================================
STEP: estimate_mirror_plane
============================================================

============================================================
STEP: viz_ransac_inliers
============================================================

============================================================
STEP: make_mirror_gt_from_depth
============================================================

============================================================
STEP: analyze_features
============================================================

============================================================
STEP: submodel_head
============================================================

============================================================
STEP: apply_submodel
============================================================

DONE: D:\Users\dust\Documents\학교\2026년도1학기\컴퓨터비전\실습\FoundationStereo\experiments\ds_v2_seed1/green_house_v61 (ok)

##### [129/130] ds_v2_seed1/green_house_v62  (done 40, fail 0, skip 88, elapsed 27m, ETA 1m) #####
[scene] ds_v2_seed1/green_house_v62  size=1280x720
[select] mirror 점 개수 = 137608  (mask=137608, valid&depth = 895695)
[conf] mirror 영역 평균 confidence = 0.7018

=== 평면 추정 결과 ===
  [PCA (closed form)]
      normal = [+0.0637, -0.8431, -0.5340]
      d = +2.7652   mirror_depth(perp) = 2.7652 m   view_z = 6.6086 m
      n_inliers = 137608/137608   rms_residual = 0.41494 m
  [RANSAC]
      normal = [-0.4765, +0.2561, -0.8411]
      d = +8.2992   mirror_depth(perp) = 8.2992 m   view_z = 6.6086 m
      n_inliers = 50987/137608   rms_residual = 0.01734 m
  [SVD robust (IRLS)]
      normal = [+0.0604, -0.8477, -0.5270]
      d = +2.7189   mirror_depth(perp) = 2.7189 m   view_z = 6.6086 m
      n_inliers = 19119/137608   rms_residual = 0.04064 m

[save] D:\Users\dust\Documents\학교\2026년도1학기\컴퓨터비전\실습\FoundationStereo\experiments\ds_v2_seed1/green_house_v62\mirror_geometry\result.json
[save] D:\Users\dust\Documents\학교\2026년도1학기\컴퓨터비전\실습\FoundationStereo\experiments\ds_v2_seed1/green_house_v62\mirror_geometry\plane.txt
[save] D:\Users\dust\Documents\학교\2026년도1학기\컴퓨터비전\실습\FoundationStereo\experiments\ds_v2_seed1/green_house_v62\mirror_geometry\viz.png

DONE: D:\Users\dust\Documents\학교\2026년도1학기\컴퓨터비전\실습\FoundationStereo\experiments\ds_v2_seed1/green_house_v62\mirror_geometry
[ds_v2_seed1/green_house_v62] 거울 점 137608개 중 inlier 50987 (37.1%) / outlier 86621
  normal=[-0.476  0.256 -0.841] d=8.299  rms(inlier)=0.0173 m  thr≈0.071 m
[save] D:\Users\dust\Documents\학교\2026년도1학기\컴퓨터비전\실습\FoundationStereo\experiments\ds_v2_seed1/green_house_v62\mirror_geometry\ransac_inliers.png
[gt] green_house_v62              perp 3.96m planRMS 0.0029m  normal [-0.416, 0.223, -0.881]

생성 1, 건너뜀 0 (depth_gt/mask 없음 등)
[ds_v2_seed1/green_house_v62] feature 184x320  mirror_frac=0.14894701086956522  feat_left=True
rank  signal              AUC    pol  sep     mean_in     mean_out
  1  feat_left_pc1      0.5802   -  0.1208    2.372847    2.772988
  2  feat_left_l2       0.5778   +  0.1345   17.460181   16.762946
  3  delta_conf         0.5709   +   0.138    0.341414    0.276516
  4  pre_conf           0.5618   -  0.1304    0.360066    0.411574
  5  delta_argdisp      0.5521   +  0.0868   47.035234   41.776691
  6  delta_entropy      0.5505   -  0.0677     -1.3779   -1.272055
  7  pre_entropy        0.5449   +  0.0497    2.046301    1.971521
  8  feat_left_pc3      0.5393   -  0.0629    1.588543    1.765815
  9  post_entropy       0.5373   -  0.0945    0.668401    0.699466
 10  post_conf          0.5294   +  0.0549     0.70148     0.68809
 11  feat_left_pc2      0.5072   +  0.0457    1.932059    1.792955
BEST: feat_left_pc1 (AUC=0.5802, polarity=-)
저장: D:\Users\dust\Documents\학교\2026년도1학기\컴퓨터비전\실습\FoundationStereo\experiments\ds_v2_seed1/green_house_v62\features\report.json / panels.png / mirror_signal.npy
[device] cuda
  [train] epoch 60/300  loss=0.5721
  [train] epoch 120/300  loss=0.3967
  [train] epoch 180/300  loss=0.2904
  [train] epoch 240/300  loss=0.2168
  [train] epoch 300/300  loss=0.1657

[VAL] scene=ds_v2_seed1/green_house_v62  (pixel 70/30 split)
  AUC      = 0.9876
  IoU@0.5  = 0.7236
  F1@0.5   = 0.8396
  accuracy = 0.9464  (prec=0.7535, rec=0.9479)
  tp=2476 fp=810 fn=136 tn=14242

[save] D:\Users\dust\Documents\학교\2026년도1학기\컴퓨터비전\실습\FoundationStereo\experiments\ds_v2_seed1/green_house_v62\submodel
  pred_mask.png, panel.png, metrics.json, head.pt
DONE: D:\Users\dust\Documents\학교\2026년도1학기\컴퓨터비전\실습\FoundationStereo\experiments\ds_v2_seed1/green_house_v62\submodel
[device] cuda
[load] D:\Users\dust\Documents\학교\2026년도1학기\컴퓨터비전\실습\FoundationStereo\experiments\_model\general_head.pt  (train_scenes=['archiviz_baseline080', 'bedroom_baseline080', 'blue_bathroom_baseline080', 'computer_room_baseline080', 'cozy_living_room_baseline080', 'flat-archiviz_baseline080', 'green_house_baseline080', 'gym_baseline080', 'livingroom_baseline080', 'minimal_interior_baseline080', 'scandinavian_baseline080', 'sunlight_baseline080'])

[APPLY] ds_v2_seed1/green_house_v62  (저장모델로 새 데이터 평가)
  AUC      = 0.9755
  IoU@0.5  = 0.6546
  F1@0.5   = 0.7913
  accuracy = 0.9362  (prec=0.7712, rec=0.8124)
  tp=7125 fp=2114 fn=1645 tn=47996
[save] D:\Users\dust\Documents\학교\2026년도1학기\컴퓨터비전\실습\FoundationStereo\experiments\ds_v2_seed1/green_house_v62\submodel_applied  (pred_mask.png, panel.png, metrics.json)

============================================================
STEP: estimate_mirror_plane
============================================================

============================================================
STEP: viz_ransac_inliers
============================================================

============================================================
STEP: make_mirror_gt_from_depth
============================================================

============================================================
STEP: analyze_features
============================================================

============================================================
STEP: submodel_head
============================================================

============================================================
STEP: apply_submodel
============================================================

DONE: D:\Users\dust\Documents\학교\2026년도1학기\컴퓨터비전\실습\FoundationStereo\experiments\ds_v2_seed1/green_house_v62 (ok)

##### [130/130] ds_v2_seed1/green_house_v63  (done 41, fail 0, skip 88, elapsed 27m, ETA 1m) #####
[scene] ds_v2_seed1/green_house_v63  size=1280x720
[select] mirror 점 개수 = 116714  (mask=116714, valid&depth = 893487)
[conf] mirror 영역 평균 confidence = 0.6781

=== 평면 추정 결과 ===
  [PCA (closed form)]
      normal = [+0.2026, -0.8350, -0.5116]
      d = +2.7366   mirror_depth(perp) = 2.7366 m   view_z = 6.9925 m
      n_inliers = 116714/116714   rms_residual = 0.41807 m
  [RANSAC]
      normal = [-0.2999, +0.2389, -0.9236]
      d = +8.4105   mirror_depth(perp) = 8.4105 m   view_z = 6.9925 m
      n_inliers = 43859/116714   rms_residual = 0.01092 m
  [SVD robust (IRLS)]
      normal = [+0.1948, -0.8415, -0.5038]
      d = +2.6708   mirror_depth(perp) = 2.6708 m   view_z = 6.9925 m
      n_inliers = 15165/116714   rms_residual = 0.03944 m

[save] D:\Users\dust\Documents\학교\2026년도1학기\컴퓨터비전\실습\FoundationStereo\experiments\ds_v2_seed1/green_house_v63\mirror_geometry\result.json
[save] D:\Users\dust\Documents\학교\2026년도1학기\컴퓨터비전\실습\FoundationStereo\experiments\ds_v2_seed1/green_house_v63\mirror_geometry\plane.txt
[save] D:\Users\dust\Documents\학교\2026년도1학기\컴퓨터비전\실습\FoundationStereo\experiments\ds_v2_seed1/green_house_v63\mirror_geometry\viz.png

DONE: D:\Users\dust\Documents\학교\2026년도1학기\컴퓨터비전\실습\FoundationStereo\experiments\ds_v2_seed1/green_house_v63\mirror_geometry
[ds_v2_seed1/green_house_v63] 거울 점 116714개 중 inlier 43859 (37.6%) / outlier 72855
  normal=[-0.3    0.239 -0.924] d=8.410  rms(inlier)=0.0109 m  thr≈0.070 m
[save] D:\Users\dust\Documents\학교\2026년도1학기\컴퓨터비전\실습\FoundationStereo\experiments\ds_v2_seed1/green_house_v63\mirror_geometry\ransac_inliers.png
[gt] green_house_v63              perp 4.15m planRMS 0.0059m  normal [-0.189, 0.234, -0.953]

생성 1, 건너뜀 0 (depth_gt/mask 없음 등)
[ds_v2_seed1/green_house_v63] feature 184x320  mirror_frac=0.12627377717391305  feat_left=True
rank  signal              AUC    pol  sep     mean_in     mean_out
  1  feat_left_pc1      0.5777   -  0.1398    2.296418    2.746913
  2  pre_conf           0.5694   -  0.1365    0.366881    0.422006
  3  delta_argdisp      0.5668   +  0.1191   46.892939   39.544776
  4  pre_entropy        0.5598   +  0.0669    2.036162    1.933346
  5  delta_entropy      0.5561   -  0.0711   -1.351699   -1.240207
  6  feat_left_pc3       0.542   -  0.0689    1.565861    1.758425
  7  post_conf          0.5396   -  0.0727    0.677589    0.694819
  8  delta_conf         0.5389   +  0.0817    0.310709    0.272813
  9  feat_left_l2       0.5254   +  0.0548   17.117991   16.832943
 10  post_entropy       0.5181   +  0.0281    0.684464    0.693139
 11  feat_left_pc2      0.5115   +  0.0292    1.941542    1.854483
BEST: feat_left_pc1 (AUC=0.5777, polarity=-)
저장: D:\Users\dust\Documents\학교\2026년도1학기\컴퓨터비전\실습\FoundationStereo\experiments\ds_v2_seed1/green_house_v63\features\report.json / panels.png / mirror_signal.npy
[device] cuda
  [train] epoch 60/300  loss=0.5876
  [train] epoch 120/300  loss=0.3866
  [train] epoch 180/300  loss=0.2769
  [train] epoch 240/300  loss=0.2064
  [train] epoch 300/300  loss=0.1575

[VAL] scene=ds_v2_seed1/green_house_v63  (pixel 70/30 split)
  AUC      = 0.9880
  IoU@0.5  = 0.7008
  F1@0.5   = 0.8241
  accuracy = 0.9492  (prec=0.7315, rec=0.9434)
  tp=2101 fp=771 fn=126 tn=14666

[save] D:\Users\dust\Documents\학교\2026년도1학기\컴퓨터비전\실습\FoundationStereo\experiments\ds_v2_seed1/green_house_v63\submodel
  pred_mask.png, panel.png, metrics.json, head.pt
DONE: D:\Users\dust\Documents\학교\2026년도1학기\컴퓨터비전\실습\FoundationStereo\experiments\ds_v2_seed1/green_house_v63\submodel
[device] cuda
[load] D:\Users\dust\Documents\학교\2026년도1학기\컴퓨터비전\실습\FoundationStereo\experiments\_model\general_head.pt  (train_scenes=['archiviz_baseline080', 'bedroom_baseline080', 'blue_bathroom_baseline080', 'computer_room_baseline080', 'cozy_living_room_baseline080', 'flat-archiviz_baseline080', 'green_house_baseline080', 'gym_baseline080', 'livingroom_baseline080', 'minimal_interior_baseline080', 'scandinavian_baseline080', 'sunlight_baseline080'])

[APPLY] ds_v2_seed1/green_house_v63  (저장모델로 새 데이터 평가)
  AUC      = 0.9786
  IoU@0.5  = 0.6493
  F1@0.5   = 0.7873
  accuracy = 0.9418  (prec=0.7311, rec=0.8530)
  tp=6342 fp=2333 fn=1093 tn=49112
[save] D:\Users\dust\Documents\학교\2026년도1학기\컴퓨터비전\실습\FoundationStereo\experiments\ds_v2_seed1/green_house_v63\submodel_applied  (pred_mask.png, panel.png, metrics.json)

============================================================
STEP: estimate_mirror_plane
============================================================

============================================================
STEP: viz_ransac_inliers
============================================================

============================================================
STEP: make_mirror_gt_from_depth
============================================================

============================================================
STEP: analyze_features
============================================================

============================================================
STEP: submodel_head
============================================================

============================================================
STEP: apply_submodel
============================================================

DONE: D:\Users\dust\Documents\학교\2026년도1학기\컴퓨터비전\실습\FoundationStereo\experiments\ds_v2_seed1/green_house_v63 (ok)

[batch] 끝: done 42, fail 0, skip 88, 총 0.5h
