[batch] D:\Users\dust\Documents\학교\2026년도1학기\컴퓨터비전\실습\Archive\ds_v2_seed1 → experiments/ds_v2_seed1/  (2 scene, 119 views, post_only)

##### [20/119] ds_v2_seed1/livingroom_v19  (done 0, fail 0, skip 19, elapsed 0m, ETA 0m) #####
[scene] ds_v2_seed1/livingroom_v19  size=1280x720
[select] mirror 점 개수 = 210806  (mask=210806, valid&depth = 890305)
[conf] mirror 영역 평균 confidence = 0.6117

=== 평면 추정 결과 ===
  [PCA (closed form)]
      normal = [-0.6842, -0.1079, -0.7212]
      d = +2.7793   mirror_depth(perp) = 2.7793 m   view_z = 4.9794 m
      n_inliers = 210806/210806   rms_residual = 0.20175 m
  [RANSAC]
      normal = [-0.7392, -0.0765, -0.6692]
      d = +2.5796   mirror_depth(perp) = 2.5796 m   view_z = 4.9794 m
      n_inliers = 118841/210806   rms_residual = 0.02189 m
  [SVD robust (IRLS)]
      normal = [-0.6933, -0.0979, -0.7140]
      d = +2.7802   mirror_depth(perp) = 2.7802 m   view_z = 4.9794 m
      n_inliers = 94018/210806   rms_residual = 0.03060 m

[save] D:\Users\dust\Documents\학교\2026년도1학기\컴퓨터비전\실습\FoundationStereo\experiments\ds_v2_seed1/livingroom_v19\mirror_geometry\result.json
[save] D:\Users\dust\Documents\학교\2026년도1학기\컴퓨터비전\실습\FoundationStereo\experiments\ds_v2_seed1/livingroom_v19\mirror_geometry\plane.txt
[save] D:\Users\dust\Documents\학교\2026년도1학기\컴퓨터비전\실습\FoundationStereo\experiments\ds_v2_seed1/livingroom_v19\mirror_geometry\viz.png

DONE: D:\Users\dust\Documents\학교\2026년도1학기\컴퓨터비전\실습\FoundationStereo\experiments\ds_v2_seed1/livingroom_v19\mirror_geometry
[ds_v2_seed1/livingroom_v19] 거울 점 210806개 중 inlier 118841 (56.4%) / outlier 91965
  normal=[-0.739 -0.076 -0.669] d=2.580  rms(inlier)=0.0219 m  thr≈0.062 m
[save] D:\Users\dust\Documents\학교\2026년도1학기\컴퓨터비전\실습\FoundationStereo\experiments\ds_v2_seed1/livingroom_v19\mirror_geometry\ransac_inliers.png
[gt] livingroom_v19               perp 2.93m planRMS 0.0137m  normal [0.63, -0.06, -0.774]

생성 1, 건너뜀 0 (depth_gt/mask 없음 등)
[ds_v2_seed1/livingroom_v19] feature 184x320  mirror_frac=0.22788722826086957  feat_left=True
rank  signal              AUC    pol  sep     mean_in     mean_out
  1  post_entropy        0.613   -   0.233    0.899218    1.033937
  2  post_conf          0.5974   +  0.1883    0.610584    0.561646
  3  delta_argdisp      0.5649   -   0.096   31.320838   37.148652
  4  feat_left_l2       0.5503   -  0.1034   16.830255   17.181741
  5  delta_conf         0.5418   +  0.0798     0.22955    0.190358
  6  pre_entropy        0.5326   -  0.0837    2.060519    2.191871
  7  feat_left_pc1      0.5254   -  0.0521     2.79017    2.952174
  8  pre_conf           0.5182   +   0.024    0.381035    0.371288
  9  feat_left_pc2      0.5094   -  0.0189    1.976098    2.034264
 10  delta_entropy      0.5082   -   0.002   -1.161302   -1.157934
 11  feat_left_pc3      0.5053   +  0.0023    1.968604    1.961831
BEST: post_entropy (AUC=0.613, polarity=-)
저장: D:\Users\dust\Documents\학교\2026년도1학기\컴퓨터비전\실습\FoundationStereo\experiments\ds_v2_seed1/livingroom_v19\features\report.json / panels.png / mirror_signal.npy
[device] cuda
  [train] epoch 60/300  loss=0.5865
  [train] epoch 120/300  loss=0.4492
  [train] epoch 180/300  loss=0.3643
  [train] epoch 240/300  loss=0.3048
  [train] epoch 300/300  loss=0.2622

[VAL] scene=ds_v2_seed1/livingroom_v19  (pixel 70/30 split)
  AUC      = 0.9671
  IoU@0.5  = 0.6739
  F1@0.5   = 0.8052
  accuracy = 0.8976  (prec=0.7176, rec=0.9171)
  tp=3738 fp=1471 fn=338 tn=12117

[save] D:\Users\dust\Documents\학교\2026년도1학기\컴퓨터비전\실습\FoundationStereo\experiments\ds_v2_seed1/livingroom_v19\submodel
  pred_mask.png, panel.png, metrics.json, head.pt
DONE: D:\Users\dust\Documents\학교\2026년도1학기\컴퓨터비전\실습\FoundationStereo\experiments\ds_v2_seed1/livingroom_v19\submodel
[device] cuda
[load] D:\Users\dust\Documents\학교\2026년도1학기\컴퓨터비전\실습\FoundationStereo\experiments\_model\general_head.pt  (train_scenes=['archiviz_baseline080', 'bedroom_baseline080', 'blue_bathroom_baseline080', 'computer_room_baseline080', 'cozy_living_room_baseline080', 'flat-archiviz_baseline080', 'green_house_baseline080', 'gym_baseline080', 'livingroom_baseline080', 'minimal_interior_baseline080', 'scandinavian_baseline080', 'sunlight_baseline080'])

[APPLY] ds_v2_seed1/livingroom_v19  (저장모델로 새 데이터 평가)
  AUC      = 0.8785
  IoU@0.5  = 0.3928
  F1@0.5   = 0.5640
  accuracy = 0.8246  (prec=0.6506, rec=0.4978)
  tp=6680 fp=3588 fn=6738 tn=41874
[save] D:\Users\dust\Documents\학교\2026년도1학기\컴퓨터비전\실습\FoundationStereo\experiments\ds_v2_seed1/livingroom_v19\submodel_applied  (pred_mask.png, panel.png, metrics.json)

============================================================
STEP: estimate_mirror_plane
============================================================

============================================================
STEP: viz_ransac_inliers
============================================================

============================================================
STEP: make_mirror_gt_from_depth
============================================================

============================================================
STEP: analyze_features
============================================================

============================================================
STEP: submodel_head
============================================================

============================================================
STEP: apply_submodel
============================================================

DONE: D:\Users\dust\Documents\학교\2026년도1학기\컴퓨터비전\실습\FoundationStereo\experiments\ds_v2_seed1/livingroom_v19 (ok)

##### [21/119] ds_v2_seed1/livingroom_v20  (done 1, fail 0, skip 19, elapsed 1m, ETA 83m) #####
[scene] ds_v2_seed1/livingroom_v20  size=1280x720
[select] mirror 점 개수 = 203387  (mask=203387, valid&depth = 891895)
[conf] mirror 영역 평균 confidence = 0.6250

=== 평면 추정 결과 ===
  [PCA (closed form)]
      normal = [-0.6834, +0.0551, -0.7280]
      d = +2.3450   mirror_depth(perp) = 2.3450 m   view_z = 4.5678 m
      n_inliers = 203387/203387   rms_residual = 0.19472 m
  [RANSAC]
      normal = [-0.7978, +0.0470, -0.6011]
      d = +1.6421   mirror_depth(perp) = 1.6421 m   view_z = 4.5678 m
      n_inliers = 75568/203387   rms_residual = 0.02877 m
  [SVD robust (IRLS)]
      normal = [-0.6785, +0.0836, -0.7298]
      d = +2.3910   mirror_depth(perp) = 2.3910 m   view_z = 4.5678 m
      n_inliers = 55894/203387   rms_residual = 0.03729 m

[save] D:\Users\dust\Documents\학교\2026년도1학기\컴퓨터비전\실습\FoundationStereo\experiments\ds_v2_seed1/livingroom_v20\mirror_geometry\result.json
[save] D:\Users\dust\Documents\학교\2026년도1학기\컴퓨터비전\실습\FoundationStereo\experiments\ds_v2_seed1/livingroom_v20\mirror_geometry\plane.txt
[save] D:\Users\dust\Documents\학교\2026년도1학기\컴퓨터비전\실습\FoundationStereo\experiments\ds_v2_seed1/livingroom_v20\mirror_geometry\viz.png

DONE: D:\Users\dust\Documents\학교\2026년도1학기\컴퓨터비전\실습\FoundationStereo\experiments\ds_v2_seed1/livingroom_v20\mirror_geometry
[ds_v2_seed1/livingroom_v20] 거울 점 203387개 중 inlier 75568 (37.2%) / outlier 127819
  normal=[-0.798  0.047 -0.601] d=1.642  rms(inlier)=0.0288 m  thr≈0.066 m
[save] D:\Users\dust\Documents\학교\2026년도1학기\컴퓨터비전\실습\FoundationStereo\experiments\ds_v2_seed1/livingroom_v20\mirror_geometry\ransac_inliers.png
[gt] livingroom_v20               perp 2.93m planRMS 0.0124m  normal [0.723, 0.05, -0.689]

생성 1, 건너뜀 0 (depth_gt/mask 없음 등)
[ds_v2_seed1/livingroom_v20] feature 184x320  mirror_frac=0.2212805706521739  feat_left=True
rank  signal              AUC    pol  sep     mean_in     mean_out
  1  delta_argdisp      0.5984   -  0.1496   28.864303   37.749624
  2  post_entropy       0.5866   -  0.1879    0.844905    0.935918
  3  post_conf           0.559   +  0.1251    0.625656    0.596127
  4  pre_entropy        0.5481   -  0.0965    2.066813    2.225882
  5  feat_left_l2       0.5408   -  0.0887   16.855714   17.170202
  6  feat_left_pc1      0.5359   -  0.0705    2.722154    2.940701
  7  pre_conf           0.5323   +  0.0558    0.385366     0.36223
  8  delta_entropy      0.5155   +  0.0393   -1.221908   -1.289964
  9  feat_left_pc3      0.5039   +  0.0029     1.97991    1.971102
 10  delta_conf         0.5036   +  0.0133     0.24029    0.233897
 11  feat_left_pc2      0.5008   -  0.0044    2.016563    2.030166
BEST: delta_argdisp (AUC=0.5984, polarity=-)
저장: D:\Users\dust\Documents\학교\2026년도1학기\컴퓨터비전\실습\FoundationStereo\experiments\ds_v2_seed1/livingroom_v20\features\report.json / panels.png / mirror_signal.npy
[device] cuda
  [train] epoch 60/300  loss=0.5873
  [train] epoch 120/300  loss=0.4298
  [train] epoch 180/300  loss=0.3379
  [train] epoch 240/300  loss=0.2788
  [train] epoch 300/300  loss=0.2376

[VAL] scene=ds_v2_seed1/livingroom_v20  (pixel 70/30 split)
  AUC      = 0.9706
  IoU@0.5  = 0.6846
  F1@0.5   = 0.8127
  accuracy = 0.9078  (prec=0.7282, rec=0.9196)
  tp=3533 fp=1319 fn=309 tn=12503

[save] D:\Users\dust\Documents\학교\2026년도1학기\컴퓨터비전\실습\FoundationStereo\experiments\ds_v2_seed1/livingroom_v20\submodel
  pred_mask.png, panel.png, metrics.json, head.pt
DONE: D:\Users\dust\Documents\학교\2026년도1학기\컴퓨터비전\실습\FoundationStereo\experiments\ds_v2_seed1/livingroom_v20\submodel
[device] cuda
[load] D:\Users\dust\Documents\학교\2026년도1학기\컴퓨터비전\실습\FoundationStereo\experiments\_model\general_head.pt  (train_scenes=['archiviz_baseline080', 'bedroom_baseline080', 'blue_bathroom_baseline080', 'computer_room_baseline080', 'cozy_living_room_baseline080', 'flat-archiviz_baseline080', 'green_house_baseline080', 'gym_baseline080', 'livingroom_baseline080', 'minimal_interior_baseline080', 'scandinavian_baseline080', 'sunlight_baseline080'])

[APPLY] ds_v2_seed1/livingroom_v20  (저장모델로 새 데이터 평가)
  AUC      = 0.9196
  IoU@0.5  = 0.3667
  F1@0.5   = 0.5366
  accuracy = 0.8438  (prec=0.7808, rec=0.4088)
  tp=5326 fp=1495 fn=7703 tn=44356
[save] D:\Users\dust\Documents\학교\2026년도1학기\컴퓨터비전\실습\FoundationStereo\experiments\ds_v2_seed1/livingroom_v20\submodel_applied  (pred_mask.png, panel.png, metrics.json)

============================================================
STEP: estimate_mirror_plane
============================================================

============================================================
STEP: viz_ransac_inliers
============================================================

============================================================
STEP: make_mirror_gt_from_depth
============================================================

============================================================
STEP: analyze_features
============================================================

============================================================
STEP: submodel_head
============================================================

============================================================
STEP: apply_submodel
============================================================

DONE: D:\Users\dust\Documents\학교\2026년도1학기\컴퓨터비전\실습\FoundationStereo\experiments\ds_v2_seed1/livingroom_v20 (ok)

##### [22/119] ds_v2_seed1/livingroom_v21  (done 2, fail 0, skip 19, elapsed 1m, ETA 72m) #####
[scene] ds_v2_seed1/livingroom_v21  size=1280x720
[select] mirror 점 개수 = 217609  (mask=217609, valid&depth = 889927)
[conf] mirror 영역 평균 confidence = 0.5915

=== 평면 추정 결과 ===
  [PCA (closed form)]
      normal = [-0.5197, -0.0824, -0.8503]
      d = +2.8414   mirror_depth(perp) = 2.8414 m   view_z = 4.4639 m
      n_inliers = 217609/217609   rms_residual = 0.12994 m
  [RANSAC]
      normal = [-0.5144, -0.0133, -0.8574]
      d = +2.9543   mirror_depth(perp) = 2.9543 m   view_z = 4.4639 m
      n_inliers = 175209/217609   rms_residual = 0.01601 m
  [SVD robust (IRLS)]
      normal = [-0.5148, -0.0345, -0.8566]
      d = +2.9282   mirror_depth(perp) = 2.9282 m   view_z = 4.4639 m
      n_inliers = 170217/217609   rms_residual = 0.02355 m

[save] D:\Users\dust\Documents\학교\2026년도1학기\컴퓨터비전\실습\FoundationStereo\experiments\ds_v2_seed1/livingroom_v21\mirror_geometry\result.json
[save] D:\Users\dust\Documents\학교\2026년도1학기\컴퓨터비전\실습\FoundationStereo\experiments\ds_v2_seed1/livingroom_v21\mirror_geometry\plane.txt
[save] D:\Users\dust\Documents\학교\2026년도1학기\컴퓨터비전\실습\FoundationStereo\experiments\ds_v2_seed1/livingroom_v21\mirror_geometry\viz.png

DONE: D:\Users\dust\Documents\학교\2026년도1학기\컴퓨터비전\실습\FoundationStereo\experiments\ds_v2_seed1/livingroom_v21\mirror_geometry
[ds_v2_seed1/livingroom_v21] 거울 점 217609개 중 inlier 175209 (80.5%) / outlier 42400
  normal=[-0.514 -0.013 -0.857] d=2.954  rms(inlier)=0.0160 m  thr≈0.054 m
[save] D:\Users\dust\Documents\학교\2026년도1학기\컴퓨터비전\실습\FoundationStereo\experiments\ds_v2_seed1/livingroom_v21\mirror_geometry\ransac_inliers.png
[gt] livingroom_v21               perp 2.63m planRMS 0.0090m  normal [0.833, 0.033, -0.552]

생성 1, 건너뜀 0 (depth_gt/mask 없음 등)
[ds_v2_seed1/livingroom_v21] feature 184x320  mirror_frac=0.2371773097826087  feat_left=True
rank  signal              AUC    pol  sep     mean_in     mean_out
  1  delta_argdisp      0.6199   -  0.1944   27.867311   39.565713
  2  pre_entropy        0.5606   -  0.1042    2.056151    2.233797
  3  post_entropy       0.5594   -  0.0512    0.965166    0.997089
  4  post_conf          0.5475   +  0.0628    0.591387    0.573943
  5  delta_entropy      0.5434   +  0.0798   -1.090984   -1.236708
  6  pre_conf           0.5411   +  0.0778    0.391186    0.358928
  7  feat_left_pc1      0.5297   -  0.0536    2.805292    2.973338
  8  feat_left_l2       0.5237   -  0.0486   16.984252   17.157395
  9  delta_conf         0.5144   -  0.0296    0.200201    0.215016
 10  feat_left_pc3      0.5081   +  0.0104    1.995372    1.964113
 11  feat_left_pc2      0.5045   +  0.0056    2.031084    2.013689
BEST: delta_argdisp (AUC=0.6199, polarity=-)
저장: D:\Users\dust\Documents\학교\2026년도1학기\컴퓨터비전\실습\FoundationStereo\experiments\ds_v2_seed1/livingroom_v21\features\report.json / panels.png / mirror_signal.npy
[device] cuda
  [train] epoch 60/300  loss=0.6704
  [train] epoch 120/300  loss=0.5012
  [train] epoch 180/300  loss=0.3975
  [train] epoch 240/300  loss=0.3327
  [train] epoch 300/300  loss=0.2882

[VAL] scene=ds_v2_seed1/livingroom_v21  (pixel 70/30 split)
  AUC      = 0.9529
  IoU@0.5  = 0.6439
  F1@0.5   = 0.7834
  accuracy = 0.8848  (prec=0.7065, rec=0.8791)
  tp=3680 fp=1529 fn=506 tn=11949

[save] D:\Users\dust\Documents\학교\2026년도1학기\컴퓨터비전\실습\FoundationStereo\experiments\ds_v2_seed1/livingroom_v21\submodel
  pred_mask.png, panel.png, metrics.json, head.pt
DONE: D:\Users\dust\Documents\학교\2026년도1학기\컴퓨터비전\실습\FoundationStereo\experiments\ds_v2_seed1/livingroom_v21\submodel
[device] cuda
[load] D:\Users\dust\Documents\학교\2026년도1학기\컴퓨터비전\실습\FoundationStereo\experiments\_model\general_head.pt  (train_scenes=['archiviz_baseline080', 'bedroom_baseline080', 'blue_bathroom_baseline080', 'computer_room_baseline080', 'cozy_living_room_baseline080', 'flat-archiviz_baseline080', 'green_house_baseline080', 'gym_baseline080', 'livingroom_baseline080', 'minimal_interior_baseline080', 'scandinavian_baseline080', 'sunlight_baseline080'])

[APPLY] ds_v2_seed1/livingroom_v21  (저장모델로 새 데이터 평가)
  AUC      = 0.8573
  IoU@0.5  = 0.2894
  F1@0.5   = 0.4488
  accuracy = 0.7988  (prec=0.6406, rec=0.3454)
  tp=4824 fp=2706 fn=9141 tn=42209
[save] D:\Users\dust\Documents\학교\2026년도1학기\컴퓨터비전\실습\FoundationStereo\experiments\ds_v2_seed1/livingroom_v21\submodel_applied  (pred_mask.png, panel.png, metrics.json)

============================================================
STEP: estimate_mirror_plane
============================================================

============================================================
STEP: viz_ransac_inliers
============================================================

============================================================
STEP: make_mirror_gt_from_depth
============================================================

============================================================
STEP: analyze_features
============================================================

============================================================
STEP: submodel_head
============================================================

============================================================
STEP: apply_submodel
============================================================

DONE: D:\Users\dust\Documents\학교\2026년도1학기\컴퓨터비전\실습\FoundationStereo\experiments\ds_v2_seed1/livingroom_v21 (ok)

##### [23/119] ds_v2_seed1/livingroom_v22  (done 3, fail 0, skip 19, elapsed 2m, ETA 67m) #####
[scene] ds_v2_seed1/livingroom_v22  size=1280x720
[select] mirror 점 개수 = 186918  (mask=186918, valid&depth = 891193)
[conf] mirror 영역 평균 confidence = 0.6103

=== 평면 추정 결과 ===
  [PCA (closed form)]
      normal = [-0.6483, -0.0691, -0.7582]
      d = +2.8159   mirror_depth(perp) = 2.8159 m   view_z = 4.9102 m
      n_inliers = 186918/186918   rms_residual = 0.17400 m
  [RANSAC]
      normal = [-0.6530, -0.0024, -0.7574]
      d = +2.8860   mirror_depth(perp) = 2.8860 m   view_z = 4.9102 m
      n_inliers = 126743/186918   rms_residual = 0.01716 m
  [SVD robust (IRLS)]
      normal = [-0.6450, -0.0306, -0.7635]
      d = +2.8981   mirror_depth(perp) = 2.8981 m   view_z = 4.9102 m
      n_inliers = 121337/186918   rms_residual = 0.02600 m

[save] D:\Users\dust\Documents\학교\2026년도1학기\컴퓨터비전\실습\FoundationStereo\experiments\ds_v2_seed1/livingroom_v22\mirror_geometry\result.json
[save] D:\Users\dust\Documents\학교\2026년도1학기\컴퓨터비전\실습\FoundationStereo\experiments\ds_v2_seed1/livingroom_v22\mirror_geometry\plane.txt
[save] D:\Users\dust\Documents\학교\2026년도1학기\컴퓨터비전\실습\FoundationStereo\experiments\ds_v2_seed1/livingroom_v22\mirror_geometry\viz.png

DONE: D:\Users\dust\Documents\학교\2026년도1학기\컴퓨터비전\실습\FoundationStereo\experiments\ds_v2_seed1/livingroom_v22\mirror_geometry
[ds_v2_seed1/livingroom_v22] 거울 점 186918개 중 inlier 126743 (67.8%) / outlier 60175
  normal=[-0.653 -0.002 -0.757] d=2.886  rms(inlier)=0.0172 m  thr≈0.058 m
[save] D:\Users\dust\Documents\학교\2026년도1학기\컴퓨터비전\실습\FoundationStereo\experiments\ds_v2_seed1/livingroom_v22\mirror_geometry\ransac_inliers.png
[gt] livingroom_v22               perp 2.89m planRMS 0.0117m  normal [0.731, 0.008, -0.682]

생성 1, 건너뜀 0 (depth_gt/mask 없음 등)
[ds_v2_seed1/livingroom_v22] feature 184x320  mirror_frac=0.20463654891304348  feat_left=True
rank  signal              AUC    pol  sep     mean_in     mean_out
  1  delta_argdisp      0.6043   -  0.1675   28.562287    38.49369
  2  post_entropy       0.5897   -   0.099    0.916156    0.977084
  3  post_conf          0.5868   +  0.1252    0.609363     0.57589
  4  pre_entropy        0.5534   -  0.1141    2.056695    2.238284
  5  feat_left_l2       0.5526   -  0.1079    16.80138   17.179856
  6  feat_left_pc1      0.5403   -  0.0784    2.702977    2.946953
  7  pre_conf           0.5359   +  0.0562    0.382574     0.35978
  8  delta_entropy      0.5281   +  0.0686    -1.14054     -1.2612
  9  delta_conf         0.5162   +  0.0211    0.226788     0.21611
 10  feat_left_pc2      0.5041   -  0.0094    2.000205     2.02902
 11  feat_left_pc3         0.5   +  0.0028    1.960099    1.968402
BEST: delta_argdisp (AUC=0.6043, polarity=-)
저장: D:\Users\dust\Documents\학교\2026년도1학기\컴퓨터비전\실습\FoundationStereo\experiments\ds_v2_seed1/livingroom_v22\features\report.json / panels.png / mirror_signal.npy
[device] cuda
  [train] epoch 60/300  loss=0.6067
  [train] epoch 120/300  loss=0.4451
  [train] epoch 180/300  loss=0.3479
  [train] epoch 240/300  loss=0.2843
  [train] epoch 300/300  loss=0.2407

[VAL] scene=ds_v2_seed1/livingroom_v22  (pixel 70/30 split)
  AUC      = 0.9680
  IoU@0.5  = 0.6671
  F1@0.5   = 0.8003
  accuracy = 0.9069  (prec=0.7118, rec=0.9141)
  tp=3297 fp=1335 fn=310 tn=12722

[save] D:\Users\dust\Documents\학교\2026년도1학기\컴퓨터비전\실습\FoundationStereo\experiments\ds_v2_seed1/livingroom_v22\submodel
  pred_mask.png, panel.png, metrics.json, head.pt
DONE: D:\Users\dust\Documents\학교\2026년도1학기\컴퓨터비전\실습\FoundationStereo\experiments\ds_v2_seed1/livingroom_v22\submodel
[device] cuda
[load] D:\Users\dust\Documents\학교\2026년도1학기\컴퓨터비전\실습\FoundationStereo\experiments\_model\general_head.pt  (train_scenes=['archiviz_baseline080', 'bedroom_baseline080', 'blue_bathroom_baseline080', 'computer_room_baseline080', 'cozy_living_room_baseline080', 'flat-archiviz_baseline080', 'green_house_baseline080', 'gym_baseline080', 'livingroom_baseline080', 'minimal_interior_baseline080', 'scandinavian_baseline080', 'sunlight_baseline080'])

[APPLY] ds_v2_seed1/livingroom_v22  (저장모델로 새 데이터 평가)
  AUC      = 0.9105
  IoU@0.5  = 0.4225
  F1@0.5   = 0.5940
  accuracy = 0.8566  (prec=0.7064, rec=0.5125)
  tp=6175 fp=2567 fn=5874 tn=44264
[save] D:\Users\dust\Documents\학교\2026년도1학기\컴퓨터비전\실습\FoundationStereo\experiments\ds_v2_seed1/livingroom_v22\submodel_applied  (pred_mask.png, panel.png, metrics.json)

============================================================
STEP: estimate_mirror_plane
============================================================

============================================================
STEP: viz_ransac_inliers
============================================================

============================================================
STEP: make_mirror_gt_from_depth
============================================================

============================================================
STEP: analyze_features
============================================================

============================================================
STEP: submodel_head
============================================================

============================================================
STEP: apply_submodel
============================================================

DONE: D:\Users\dust\Documents\학교\2026년도1학기\컴퓨터비전\실습\FoundationStereo\experiments\ds_v2_seed1/livingroom_v22 (ok)

##### [24/119] ds_v2_seed1/livingroom_v23  (done 4, fail 0, skip 19, elapsed 3m, ETA 65m) #####
[scene] ds_v2_seed1/livingroom_v23  size=1280x720
[select] mirror 점 개수 = 158965  (mask=160062, valid&depth = 893448)
[conf] mirror 영역 평균 confidence = 0.6036

=== 평면 추정 결과 ===
  [PCA (closed form)]
      normal = [-0.5212, -0.0361, -0.8527]
      d = +2.8930   mirror_depth(perp) = 2.8930 m   view_z = 4.7350 m
      n_inliers = 158965/158965   rms_residual = 0.12121 m
  [RANSAC]
      normal = [-0.5357, +0.0337, -0.8437]
      d = +2.9244   mirror_depth(perp) = 2.9244 m   view_z = 4.7350 m
      n_inliers = 118931/158965   rms_residual = 0.01813 m
  [SVD robust (IRLS)]
      normal = [-0.5275, +0.0062, -0.8496]
      d = +2.9279   mirror_depth(perp) = 2.9279 m   view_z = 4.7350 m
      n_inliers = 109148/158965   rms_residual = 0.02427 m

[save] D:\Users\dust\Documents\학교\2026년도1학기\컴퓨터비전\실습\FoundationStereo\experiments\ds_v2_seed1/livingroom_v23\mirror_geometry\result.json
[save] D:\Users\dust\Documents\학교\2026년도1학기\컴퓨터비전\실습\FoundationStereo\experiments\ds_v2_seed1/livingroom_v23\mirror_geometry\plane.txt
[save] D:\Users\dust\Documents\학교\2026년도1학기\컴퓨터비전\실습\FoundationStereo\experiments\ds_v2_seed1/livingroom_v23\mirror_geometry\viz.png

DONE: D:\Users\dust\Documents\학교\2026년도1학기\컴퓨터비전\실습\FoundationStereo\experiments\ds_v2_seed1/livingroom_v23\mirror_geometry
[ds_v2_seed1/livingroom_v23] 거울 점 158965개 중 inlier 118931 (74.8%) / outlier 40034
  normal=[-0.536  0.034 -0.844] d=2.924  rms(inlier)=0.0181 m  thr≈0.056 m
[save] D:\Users\dust\Documents\학교\2026년도1학기\컴퓨터비전\실습\FoundationStereo\experiments\ds_v2_seed1/livingroom_v23\mirror_geometry\ransac_inliers.png
[gt] livingroom_v23               perp 3.06m planRMS 0.0136m  normal [0.825, 0.091, -0.557]

생성 1, 건너뜀 0 (depth_gt/mask 없음 등)
[ds_v2_seed1/livingroom_v23] feature 184x320  mirror_frac=0.1748641304347826  feat_left=True
rank  signal              AUC    pol  sep     mean_in     mean_out
  1  delta_argdisp      0.6188   -    0.16   28.548563   38.368722
  2  feat_left_l2       0.5577   -  0.1232   16.743936   17.174584
  3  feat_left_pc1      0.5565   -  0.1118    2.561804    2.902345
  4  pre_entropy        0.5492   -    0.08    2.090917    2.228842
  5  post_entropy       0.5481   -   0.095    0.878354    0.930461
  6  pre_conf           0.5388   +  0.0876    0.390117    0.353452
  7  delta_entropy      0.5321   +  0.0476   -1.212563    -1.29838
  8  post_conf          0.5271   +  0.0502    0.604341    0.591782
  9  delta_conf         0.5238   -  0.0494    0.214224     0.23833
 10  feat_left_pc3      0.5172   +  0.0238    2.015668    1.944149
 11  feat_left_pc2      0.5108   +  0.0104    2.018407    1.986534
BEST: delta_argdisp (AUC=0.6188, polarity=-)
저장: D:\Users\dust\Documents\학교\2026년도1학기\컴퓨터비전\실습\FoundationStereo\experiments\ds_v2_seed1/livingroom_v23\features\report.json / panels.png / mirror_signal.npy
[device] cuda
  [train] epoch 60/300  loss=0.6812
  [train] epoch 120/300  loss=0.5173
  [train] epoch 180/300  loss=0.4016
  [train] epoch 240/300  loss=0.3157
  [train] epoch 300/300  loss=0.2541

[VAL] scene=ds_v2_seed1/livingroom_v23  (pixel 70/30 split)
  AUC      = 0.9696
  IoU@0.5  = 0.6350
  F1@0.5   = 0.7767
  accuracy = 0.9100  (prec=0.6758, rec=0.9131)
  tp=2764 fp=1326 fn=263 tn=13311

[save] D:\Users\dust\Documents\학교\2026년도1학기\컴퓨터비전\실습\FoundationStereo\experiments\ds_v2_seed1/livingroom_v23\submodel
  pred_mask.png, panel.png, metrics.json, head.pt
DONE: D:\Users\dust\Documents\학교\2026년도1학기\컴퓨터비전\실습\FoundationStereo\experiments\ds_v2_seed1/livingroom_v23\submodel
[device] cuda
[load] D:\Users\dust\Documents\학교\2026년도1학기\컴퓨터비전\실습\FoundationStereo\experiments\_model\general_head.pt  (train_scenes=['archiviz_baseline080', 'bedroom_baseline080', 'blue_bathroom_baseline080', 'computer_room_baseline080', 'cozy_living_room_baseline080', 'flat-archiviz_baseline080', 'green_house_baseline080', 'gym_baseline080', 'livingroom_baseline080', 'minimal_interior_baseline080', 'scandinavian_baseline080', 'sunlight_baseline080'])

[APPLY] ds_v2_seed1/livingroom_v23  (저장모델로 새 데이터 평가)
  AUC      = 0.9310
  IoU@0.5  = 0.4279
  F1@0.5   = 0.5993
  accuracy = 0.8824  (prec=0.7417, rec=0.5028)
  tp=5177 fp=1803 fn=5119 tn=46781
[save] D:\Users\dust\Documents\학교\2026년도1학기\컴퓨터비전\실습\FoundationStereo\experiments\ds_v2_seed1/livingroom_v23\submodel_applied  (pred_mask.png, panel.png, metrics.json)

============================================================
STEP: estimate_mirror_plane
============================================================

============================================================
STEP: viz_ransac_inliers
============================================================

============================================================
STEP: make_mirror_gt_from_depth
============================================================

============================================================
STEP: analyze_features
============================================================

============================================================
STEP: submodel_head
============================================================

============================================================
STEP: apply_submodel
============================================================

DONE: D:\Users\dust\Documents\학교\2026년도1학기\컴퓨터비전\실습\FoundationStereo\experiments\ds_v2_seed1/livingroom_v23 (ok)

##### [25/119] ds_v2_seed1/livingroom_v24  (done 5, fail 0, skip 19, elapsed 3m, ETA 62m) #####
[scene] ds_v2_seed1/livingroom_v24  size=1280x720
[select] mirror 점 개수 = 210818  (mask=210818, valid&depth = 891863)
[conf] mirror 영역 평균 confidence = 0.6479

=== 평면 추정 결과 ===
  [PCA (closed form)]
      normal = [-0.7735, -0.0883, -0.6277]
      d = +2.2716   mirror_depth(perp) = 2.2716 m   view_z = 4.7152 m
      n_inliers = 210818/210818   rms_residual = 0.19573 m
  [RANSAC]
      normal = [-0.7750, +0.0141, -0.6318]
      d = +2.3985   mirror_depth(perp) = 2.3985 m   view_z = 4.7152 m
      n_inliers = 93611/210818   rms_residual = 0.03002 m
  [SVD robust (IRLS)]
      normal = [-0.7668, -0.0800, -0.6369]
      d = +2.3638   mirror_depth(perp) = 2.3638 m   view_z = 4.7152 m
      n_inliers = 81594/210818   rms_residual = 0.03276 m

[save] D:\Users\dust\Documents\학교\2026년도1학기\컴퓨터비전\실습\FoundationStereo\experiments\ds_v2_seed1/livingroom_v24\mirror_geometry\result.json
[save] D:\Users\dust\Documents\학교\2026년도1학기\컴퓨터비전\실습\FoundationStereo\experiments\ds_v2_seed1/livingroom_v24\mirror_geometry\plane.txt
[save] D:\Users\dust\Documents\학교\2026년도1학기\컴퓨터비전\실습\FoundationStereo\experiments\ds_v2_seed1/livingroom_v24\mirror_geometry\viz.png

DONE: D:\Users\dust\Documents\학교\2026년도1학기\컴퓨터비전\실습\FoundationStereo\experiments\ds_v2_seed1/livingroom_v24\mirror_geometry
[ds_v2_seed1/livingroom_v24] 거울 점 210818개 중 inlier 93611 (44.4%) / outlier 117207
  normal=[-0.775  0.014 -0.632] d=2.399  rms(inlier)=0.0300 m  thr≈0.060 m
[save] D:\Users\dust\Documents\학교\2026년도1학기\컴퓨터비전\실습\FoundationStereo\experiments\ds_v2_seed1/livingroom_v24\mirror_geometry\ransac_inliers.png
[gt] livingroom_v24               perp 2.76m planRMS 0.0124m  normal [0.639, -0.042, -0.768]

생성 1, 건너뜀 0 (depth_gt/mask 없음 등)
[ds_v2_seed1/livingroom_v24] feature 184x320  mirror_frac=0.22776834239130433  feat_left=True
rank  signal              AUC    pol  sep     mean_in     mean_out
  1  post_entropy       0.7239   -  0.4357    0.831261    1.067077
  2  post_conf          0.7073   +  0.3935       0.648    0.549134
  3  delta_conf         0.6158   +   0.205    0.266129     0.16549
  4  delta_entropy      0.5663   -  0.1038   -1.229381   -1.055131
  5  feat_left_pc1      0.5649   -  0.1212    2.732627    3.107736
  6  delta_argdisp      0.5507   -  0.0715   31.102006   35.381073
  7  feat_left_l2       0.5242   -  0.0556   17.022042   17.216443
  8  pre_entropy        0.5108   -  0.0401    2.060643    2.122208
  9  feat_left_pc3      0.5076   +  0.0083    2.022511    1.997009
 10  feat_left_pc2      0.5035   -  0.0127    2.018694    2.058263
 11  pre_conf           0.5002   +  0.0044    0.381871    0.383645
BEST: post_entropy (AUC=0.7239, polarity=-)
저장: D:\Users\dust\Documents\학교\2026년도1학기\컴퓨터비전\실습\FoundationStereo\experiments\ds_v2_seed1/livingroom_v24\features\report.json / panels.png / mirror_signal.npy
[device] cuda
  [train] epoch 60/300  loss=0.5678
  [train] epoch 120/300  loss=0.4271
  [train] epoch 180/300  loss=0.3492
  [train] epoch 240/300  loss=0.2955
  [train] epoch 300/300  loss=0.2560

[VAL] scene=ds_v2_seed1/livingroom_v24  (pixel 70/30 split)
  AUC      = 0.9682
  IoU@0.5  = 0.6822
  F1@0.5   = 0.8111
  accuracy = 0.9018  (prec=0.7263, rec=0.9184)
  tp=3723 fp=1403 fn=331 tn=12207

[save] D:\Users\dust\Documents\학교\2026년도1학기\컴퓨터비전\실습\FoundationStereo\experiments\ds_v2_seed1/livingroom_v24\submodel
  pred_mask.png, panel.png, metrics.json, head.pt
DONE: D:\Users\dust\Documents\학교\2026년도1학기\컴퓨터비전\실습\FoundationStereo\experiments\ds_v2_seed1/livingroom_v24\submodel
[device] cuda
[load] D:\Users\dust\Documents\학교\2026년도1학기\컴퓨터비전\실습\FoundationStereo\experiments\_model\general_head.pt  (train_scenes=['archiviz_baseline080', 'bedroom_baseline080', 'blue_bathroom_baseline080', 'computer_room_baseline080', 'cozy_living_room_baseline080', 'flat-archiviz_baseline080', 'green_house_baseline080', 'gym_baseline080', 'livingroom_baseline080', 'minimal_interior_baseline080', 'scandinavian_baseline080', 'sunlight_baseline080'])

[APPLY] ds_v2_seed1/livingroom_v24  (저장모델로 새 데이터 평가)
  AUC      = 0.8495
  IoU@0.5  = 0.3006
  F1@0.5   = 0.4622
  accuracy = 0.8110  (prec=0.6570, rec=0.3565)
  tp=4781 fp=2496 fn=8630 tn=42973
[save] D:\Users\dust\Documents\학교\2026년도1학기\컴퓨터비전\실습\FoundationStereo\experiments\ds_v2_seed1/livingroom_v24\submodel_applied  (pred_mask.png, panel.png, metrics.json)

============================================================
STEP: estimate_mirror_plane
============================================================

============================================================
STEP: viz_ransac_inliers
============================================================

============================================================
STEP: make_mirror_gt_from_depth
============================================================

============================================================
STEP: analyze_features
============================================================

============================================================
STEP: submodel_head
============================================================

============================================================
STEP: apply_submodel
============================================================

DONE: D:\Users\dust\Documents\학교\2026년도1학기\컴퓨터비전\실습\FoundationStereo\experiments\ds_v2_seed1/livingroom_v24 (ok)

##### [26/119] ds_v2_seed1/livingroom_v25  (done 6, fail 0, skip 19, elapsed 4m, ETA 62m) #####
[scene] ds_v2_seed1/livingroom_v25  size=1280x720
[select] mirror 점 개수 = 161248  (mask=168799, valid&depth = 898284)
[conf] mirror 영역 평균 confidence = 0.6125

=== 평면 추정 결과 ===
  [PCA (closed form)]
      normal = [-0.4654, -0.0205, -0.8849]
      d = +2.7188   mirror_depth(perp) = 2.7188 m   view_z = 4.1145 m
      n_inliers = 161248/161248   rms_residual = 0.14091 m
  [RANSAC]
      normal = [-0.4680, +0.1147, -0.8762]
      d = +2.8269   mirror_depth(perp) = 2.8269 m   view_z = 4.1145 m
      n_inliers = 110077/161248   rms_residual = 0.01553 m
  [SVD robust (IRLS)]
      normal = [-0.4651, +0.0567, -0.8834]
      d = +2.7930   mirror_depth(perp) = 2.7930 m   view_z = 4.1145 m
      n_inliers = 84076/161248   rms_residual = 0.02033 m

[save] D:\Users\dust\Documents\학교\2026년도1학기\컴퓨터비전\실습\FoundationStereo\experiments\ds_v2_seed1/livingroom_v25\mirror_geometry\result.json
[save] D:\Users\dust\Documents\학교\2026년도1학기\컴퓨터비전\실습\FoundationStereo\experiments\ds_v2_seed1/livingroom_v25\mirror_geometry\plane.txt
[save] D:\Users\dust\Documents\학교\2026년도1학기\컴퓨터비전\실습\FoundationStereo\experiments\ds_v2_seed1/livingroom_v25\mirror_geometry\viz.png

DONE: D:\Users\dust\Documents\학교\2026년도1학기\컴퓨터비전\실습\FoundationStereo\experiments\ds_v2_seed1/livingroom_v25\mirror_geometry
[ds_v2_seed1/livingroom_v25] 거울 점 161248개 중 inlier 110077 (68.3%) / outlier 51171
  normal=[-0.468  0.115 -0.876] d=2.827  rms(inlier)=0.0155 m  thr≈0.043 m
[save] D:\Users\dust\Documents\학교\2026년도1학기\컴퓨터비전\실습\FoundationStereo\experiments\ds_v2_seed1/livingroom_v25\mirror_geometry\ransac_inliers.png
[gt] livingroom_v25               perp 2.67m planRMS 0.0123m  normal [0.863, 0.11, -0.492]

생성 1, 건너뜀 0 (depth_gt/mask 없음 등)
[ds_v2_seed1/livingroom_v25] feature 184x320  mirror_frac=0.18464673913043478  feat_left=True
rank  signal              AUC    pol  sep     mean_in     mean_out
  1  delta_argdisp      0.6241   -  0.1636   28.545714   38.566197
  2  feat_left_pc1       0.573   -  0.1372    2.596717    3.013995
  3  delta_entropy      0.5596   +  0.0846   -1.156389   -1.315754
  4  pre_entropy        0.5465   -  0.0599     2.08384    2.190234
  5  delta_conf         0.5375   -  0.0813    0.215058    0.257302
  6  pre_conf           0.5335   +  0.0834    0.396741    0.360878
  7  feat_left_l2       0.5242   -  0.0644    16.93715   17.173341
  8  feat_left_pc3      0.5212   +  0.0355    2.040743    1.933181
  9  feat_left_pc2      0.5147   +  0.0202    2.050222    1.987624
 10  post_entropy        0.509   +  0.0876    0.927452     0.87448
 11  post_conf          0.5077   +   0.022    0.611799     0.61818
BEST: delta_argdisp (AUC=0.6241, polarity=-)
저장: D:\Users\dust\Documents\학교\2026년도1학기\컴퓨터비전\실습\FoundationStereo\experiments\ds_v2_seed1/livingroom_v25\features\report.json / panels.png / mirror_signal.npy
[device] cuda
  [train] epoch 60/300  loss=0.6352
  [train] epoch 120/300  loss=0.4583
  [train] epoch 180/300  loss=0.3525
  [train] epoch 240/300  loss=0.2834
  [train] epoch 300/300  loss=0.2367

[VAL] scene=ds_v2_seed1/livingroom_v25  (pixel 70/30 split)
  AUC      = 0.9723
  IoU@0.5  = 0.6621
  F1@0.5   = 0.7967
  accuracy = 0.9147  (prec=0.7030, rec=0.9193)
  tp=2951 fp=1247 fn=259 tn=13207

[save] D:\Users\dust\Documents\학교\2026년도1학기\컴퓨터비전\실습\FoundationStereo\experiments\ds_v2_seed1/livingroom_v25\submodel
  pred_mask.png, panel.png, metrics.json, head.pt
DONE: D:\Users\dust\Documents\학교\2026년도1학기\컴퓨터비전\실습\FoundationStereo\experiments\ds_v2_seed1/livingroom_v25\submodel
[device] cuda
[load] D:\Users\dust\Documents\학교\2026년도1학기\컴퓨터비전\실습\FoundationStereo\experiments\_model\general_head.pt  (train_scenes=['archiviz_baseline080', 'bedroom_baseline080', 'blue_bathroom_baseline080', 'computer_room_baseline080', 'cozy_living_room_baseline080', 'flat-archiviz_baseline080', 'green_house_baseline080', 'gym_baseline080', 'livingroom_baseline080', 'minimal_interior_baseline080', 'scandinavian_baseline080', 'sunlight_baseline080'])

[APPLY] ds_v2_seed1/livingroom_v25  (저장모델로 새 데이터 평가)
  AUC      = 0.9270
  IoU@0.5  = 0.3342
  F1@0.5   = 0.5010
  accuracy = 0.8628  (prec=0.7630, rec=0.3729)
  tp=4054 fp=1259 fn=6818 tn=46749
[save] D:\Users\dust\Documents\학교\2026년도1학기\컴퓨터비전\실습\FoundationStereo\experiments\ds_v2_seed1/livingroom_v25\submodel_applied  (pred_mask.png, panel.png, metrics.json)

============================================================
STEP: estimate_mirror_plane
============================================================

============================================================
STEP: viz_ransac_inliers
============================================================

============================================================
STEP: make_mirror_gt_from_depth
============================================================

============================================================
STEP: analyze_features
============================================================

============================================================
STEP: submodel_head
============================================================

============================================================
STEP: apply_submodel
============================================================

DONE: D:\Users\dust\Documents\학교\2026년도1학기\컴퓨터비전\실습\FoundationStereo\experiments\ds_v2_seed1/livingroom_v25 (ok)

##### [27/119] ds_v2_seed1/livingroom_v26  (done 7, fail 0, skip 19, elapsed 5m, ETA 61m) #####
[scene] ds_v2_seed1/livingroom_v26  size=1280x720
[select] mirror 점 개수 = 21847  (mask=21847, valid&depth = 747368)
[conf] mirror 영역 평균 confidence = 0.6434

=== 평면 추정 결과 ===
  [PCA (closed form)]
      normal = [-0.5651, +0.0044, -0.8250]
      d = +2.7535   mirror_depth(perp) = 2.7535 m   view_z = 3.9737 m
      n_inliers = 21847/21847   rms_residual = 0.03524 m
  [RANSAC]
      normal = [-0.3867, +0.0096, -0.9221]
      d = +3.3084   mirror_depth(perp) = 3.3084 m   view_z = 3.9737 m
      n_inliers = 20474/21847   rms_residual = 0.01501 m
  [SVD robust (IRLS)]
      normal = [-0.4015, +0.0074, -0.9158]
      d = +3.2679   mirror_depth(perp) = 3.2679 m   view_z = 3.9737 m
      n_inliers = 20539/21847   rms_residual = 0.01545 m

[save] D:\Users\dust\Documents\학교\2026년도1학기\컴퓨터비전\실습\FoundationStereo\experiments\ds_v2_seed1/livingroom_v26\mirror_geometry\result.json
[save] D:\Users\dust\Documents\학교\2026년도1학기\컴퓨터비전\실습\FoundationStereo\experiments\ds_v2_seed1/livingroom_v26\mirror_geometry\plane.txt
[save] D:\Users\dust\Documents\학교\2026년도1학기\컴퓨터비전\실습\FoundationStereo\experiments\ds_v2_seed1/livingroom_v26\mirror_geometry\viz.png

DONE: D:\Users\dust\Documents\학교\2026년도1학기\컴퓨터비전\실습\FoundationStereo\experiments\ds_v2_seed1/livingroom_v26\mirror_geometry
[ds_v2_seed1/livingroom_v26] 거울 점 21847개 중 inlier 20474 (93.7%) / outlier 1373
  normal=[-0.387  0.01  -0.922] d=3.308  rms(inlier)=0.0150 m  thr≈0.043 m
[save] D:\Users\dust\Documents\학교\2026년도1학기\컴퓨터비전\실습\FoundationStereo\experiments\ds_v2_seed1/livingroom_v26\mirror_geometry\ransac_inliers.png
[gt] livingroom_v26               perp 2.73m planRMS 0.0223m  normal [0.857, 0.014, -0.515]

생성 1, 건너뜀 0 (depth_gt/mask 없음 등)
[ds_v2_seed1/livingroom_v26] feature 184x320  mirror_frac=0.023590353260869567  feat_left=True
rank  signal              AUC    pol  sep     mean_in     mean_out
  1  feat_left_l2       0.8451   +  0.6589   19.538176   17.011005
  2  feat_left_pc1      0.7747   -  0.5497    1.881483    3.290161
  3  post_conf          0.7685   +  0.6239    0.652353    0.454288
  4  post_entropy       0.7654   -  0.6974    0.804827    1.566671
  5  delta_conf         0.7235   +  0.4399    0.299517    0.071251
  6  delta_entropy      0.7065   -  0.4418   -1.368718   -0.482694
  7  feat_left_pc3      0.6166   +  0.2132    2.484381    1.799173
  8  delta_argdisp      0.6054   +  0.1854   51.280778   40.011845
  9  pre_entropy        0.5609   +  0.0879    2.173546    2.049365
 10  pre_conf           0.5508   -  0.0817    0.352836    0.383037
 11  feat_left_pc2      0.5354   +  0.0577    2.499966    2.332316
BEST: feat_left_l2 (AUC=0.8451, polarity=+)
저장: D:\Users\dust\Documents\학교\2026년도1학기\컴퓨터비전\실습\FoundationStereo\experiments\ds_v2_seed1/livingroom_v26\features\report.json / panels.png / mirror_signal.npy
[device] cuda
  [train] epoch 60/300  loss=0.4956
  [train] epoch 120/300  loss=0.3148
  [train] epoch 180/300  loss=0.2379
  [train] epoch 240/300  loss=0.1849
  [train] epoch 300/300  loss=0.1458

[VAL] scene=ds_v2_seed1/livingroom_v26  (pixel 70/30 split)
  AUC      = 0.9819
  IoU@0.5  = 0.3330
  F1@0.5   = 0.4997
  accuracy = 0.9593  (prec=0.3509, rec=0.8671)
  tp=359 fp=664 fn=55 tn=16586

[save] D:\Users\dust\Documents\학교\2026년도1학기\컴퓨터비전\실습\FoundationStereo\experiments\ds_v2_seed1/livingroom_v26\submodel
  pred_mask.png, panel.png, metrics.json, head.pt
DONE: D:\Users\dust\Documents\학교\2026년도1학기\컴퓨터비전\실습\FoundationStereo\experiments\ds_v2_seed1/livingroom_v26\submodel
[device] cuda
[load] D:\Users\dust\Documents\학교\2026년도1학기\컴퓨터비전\실습\FoundationStereo\experiments\_model\general_head.pt  (train_scenes=['archiviz_baseline080', 'bedroom_baseline080', 'blue_bathroom_baseline080', 'computer_room_baseline080', 'cozy_living_room_baseline080', 'flat-archiviz_baseline080', 'green_house_baseline080', 'gym_baseline080', 'livingroom_baseline080', 'minimal_interior_baseline080', 'scandinavian_baseline080', 'sunlight_baseline080'])

[APPLY] ds_v2_seed1/livingroom_v26  (저장모델로 새 데이터 평가)
  AUC      = 0.6771
  IoU@0.5  = 0.0195
  F1@0.5   = 0.0383
  accuracy = 0.8115  (prec=0.0218, rec=0.1591)
  tp=221 fp=9929 fn=1168 tn=47562
[save] D:\Users\dust\Documents\학교\2026년도1학기\컴퓨터비전\실습\FoundationStereo\experiments\ds_v2_seed1/livingroom_v26\submodel_applied  (pred_mask.png, panel.png, metrics.json)

============================================================
STEP: estimate_mirror_plane
============================================================

============================================================
STEP: viz_ransac_inliers
============================================================

============================================================
STEP: make_mirror_gt_from_depth
============================================================

============================================================
STEP: analyze_features
============================================================

============================================================
STEP: submodel_head
============================================================

============================================================
STEP: apply_submodel
============================================================

DONE: D:\Users\dust\Documents\학교\2026년도1학기\컴퓨터비전\실습\FoundationStereo\experiments\ds_v2_seed1/livingroom_v26 (ok)

##### [28/119] ds_v2_seed1/livingroom_v27  (done 8, fail 0, skip 19, elapsed 5m, ETA 57m) #####
[scene] ds_v2_seed1/livingroom_v27  size=1280x720
[select] mirror 점 개수 = 127688  (mask=127688, valid&depth = 818767)
[conf] mirror 영역 평균 confidence = 0.6168

=== 평면 추정 결과 ===
  [PCA (closed form)]
      normal = [-0.6443, -0.0015, -0.7648]
      d = +2.9373   mirror_depth(perp) = 2.9373 m   view_z = 4.8329 m
      n_inliers = 127688/127688   rms_residual = 0.10808 m
  [RANSAC]
      normal = [-0.6476, +0.0566, -0.7599]
      d = +2.9987   mirror_depth(perp) = 2.9987 m   view_z = 4.8329 m
      n_inliers = 103524/127688   rms_residual = 0.01475 m
  [SVD robust (IRLS)]
      normal = [-0.6448, +0.0387, -0.7634]
      d = +2.9910   mirror_depth(perp) = 2.9910 m   view_z = 4.8329 m
      n_inliers = 104438/127688   rms_residual = 0.02266 m

[save] D:\Users\dust\Documents\학교\2026년도1학기\컴퓨터비전\실습\FoundationStereo\experiments\ds_v2_seed1/livingroom_v27\mirror_geometry\result.json
[save] D:\Users\dust\Documents\학교\2026년도1학기\컴퓨터비전\실습\FoundationStereo\experiments\ds_v2_seed1/livingroom_v27\mirror_geometry\plane.txt
[save] D:\Users\dust\Documents\학교\2026년도1학기\컴퓨터비전\실습\FoundationStereo\experiments\ds_v2_seed1/livingroom_v27\mirror_geometry\viz.png

DONE: D:\Users\dust\Documents\학교\2026년도1학기\컴퓨터비전\실습\FoundationStereo\experiments\ds_v2_seed1/livingroom_v27\mirror_geometry
[ds_v2_seed1/livingroom_v27] 거울 점 127688개 중 inlier 103524 (81.1%) / outlier 24164
  normal=[-0.648  0.057 -0.76 ] d=2.999  rms(inlier)=0.0148 m  thr≈0.053 m
[save] D:\Users\dust\Documents\학교\2026년도1학기\컴퓨터비전\실습\FoundationStereo\experiments\ds_v2_seed1/livingroom_v27\mirror_geometry\ransac_inliers.png
[gt] livingroom_v27               perp 2.91m planRMS 0.0128m  normal [0.735, 0.104, -0.67]

생성 1, 건너뜀 0 (depth_gt/mask 없음 등)
[ds_v2_seed1/livingroom_v27] feature 184x320  mirror_frac=0.1395210597826087  feat_left=True
rank  signal              AUC    pol  sep     mean_in     mean_out
  1  post_entropy       0.6241   -  0.3408    0.844212    1.100938
  2  post_conf          0.5878   +  0.2122    0.616887     0.55293
  3  delta_entropy      0.5696   -  0.1434   -1.283702   -1.039928
  4  delta_conf         0.5633   +  0.1347    0.246845    0.178962
  5  feat_left_l2        0.546   -  0.1092   16.723861   17.093861
  6  delta_argdisp      0.5422   -  0.0466   33.186488   35.809296
  7  feat_left_pc1        0.54   -  0.0811    2.602367    2.843044
  8  feat_left_pc3      0.5196   +  0.0311    2.007502    1.915429
  9  feat_left_pc2      0.5135   +  0.0245    2.014263    1.939781
 10  pre_entropy        0.5078   +  0.0086    2.127914    2.140866
 11  pre_conf           0.5059   -    0.01    0.370043    0.373968
BEST: post_entropy (AUC=0.6241, polarity=-)
저장: D:\Users\dust\Documents\학교\2026년도1학기\컴퓨터비전\실습\FoundationStereo\experiments\ds_v2_seed1/livingroom_v27\features\report.json / panels.png / mirror_signal.npy
[device] cuda
  [train] epoch 60/300  loss=0.7832
  [train] epoch 120/300  loss=0.6665
  [train] epoch 180/300  loss=0.5721
  [train] epoch 240/300  loss=0.4917
  [train] epoch 300/300  loss=0.4242

[VAL] scene=ds_v2_seed1/livingroom_v27  (pixel 70/30 split)
  AUC      = 0.9139
  IoU@0.5  = 0.4255
  F1@0.5   = 0.5970
  accuracy = 0.8473  (prec=0.4726, rec=0.8102)
  tp=1998 fp=2230 fn=468 tn=12968

[save] D:\Users\dust\Documents\학교\2026년도1학기\컴퓨터비전\실습\FoundationStereo\experiments\ds_v2_seed1/livingroom_v27\submodel
  pred_mask.png, panel.png, metrics.json, head.pt
DONE: D:\Users\dust\Documents\학교\2026년도1학기\컴퓨터비전\실습\FoundationStereo\experiments\ds_v2_seed1/livingroom_v27\submodel
[device] cuda
[load] D:\Users\dust\Documents\학교\2026년도1학기\컴퓨터비전\실습\FoundationStereo\experiments\_model\general_head.pt  (train_scenes=['archiviz_baseline080', 'bedroom_baseline080', 'blue_bathroom_baseline080', 'computer_room_baseline080', 'cozy_living_room_baseline080', 'flat-archiviz_baseline080', 'green_house_baseline080', 'gym_baseline080', 'livingroom_baseline080', 'minimal_interior_baseline080', 'scandinavian_baseline080', 'sunlight_baseline080'])

[APPLY] ds_v2_seed1/livingroom_v27  (저장모델로 새 데이터 평가)
  AUC      = 0.9157
  IoU@0.5  = 0.3868
  F1@0.5   = 0.5578
  accuracy = 0.8783  (prec=0.5657, rec=0.5501)
  tp=4519 fp=3469 fn=3696 tn=47196
[save] D:\Users\dust\Documents\학교\2026년도1학기\컴퓨터비전\실습\FoundationStereo\experiments\ds_v2_seed1/livingroom_v27\submodel_applied  (pred_mask.png, panel.png, metrics.json)

============================================================
STEP: estimate_mirror_plane
============================================================

============================================================
STEP: viz_ransac_inliers
============================================================

============================================================
STEP: make_mirror_gt_from_depth
============================================================

============================================================
STEP: analyze_features
============================================================

============================================================
STEP: submodel_head
============================================================

============================================================
STEP: apply_submodel
============================================================

DONE: D:\Users\dust\Documents\학교\2026년도1학기\컴퓨터비전\실습\FoundationStereo\experiments\ds_v2_seed1/livingroom_v27 (ok)

##### [29/119] ds_v2_seed1/livingroom_v28  (done 9, fail 0, skip 19, elapsed 5m, ETA 55m) #####
[scene] ds_v2_seed1/livingroom_v28  size=1280x720
[select] mirror 점 개수 = 201862  (mask=201862, valid&depth = 890029)
[conf] mirror 영역 평균 confidence = 0.6274

=== 평면 추정 결과 ===
  [PCA (closed form)]
      normal = [-0.5610, -0.0634, -0.8254]
      d = +2.8287   mirror_depth(perp) = 2.8287 m   view_z = 4.5936 m
      n_inliers = 201862/201862   rms_residual = 0.15315 m
  [RANSAC]
      normal = [-0.5740, -0.0020, -0.8188]
      d = +2.8592   mirror_depth(perp) = 2.8592 m   view_z = 4.5936 m
      n_inliers = 143012/201862   rms_residual = 0.01886 m
  [SVD robust (IRLS)]
      normal = [-0.5637, -0.0204, -0.8257]
      d = +2.8805   mirror_depth(perp) = 2.8805 m   view_z = 4.5936 m
      n_inliers = 136888/201862   rms_residual = 0.02709 m

[save] D:\Users\dust\Documents\학교\2026년도1학기\컴퓨터비전\실습\FoundationStereo\experiments\ds_v2_seed1/livingroom_v28\mirror_geometry\result.json
[save] D:\Users\dust\Documents\학교\2026년도1학기\컴퓨터비전\실습\FoundationStereo\experiments\ds_v2_seed1/livingroom_v28\mirror_geometry\plane.txt
[save] D:\Users\dust\Documents\학교\2026년도1학기\컴퓨터비전\실습\FoundationStereo\experiments\ds_v2_seed1/livingroom_v28\mirror_geometry\viz.png

DONE: D:\Users\dust\Documents\학교\2026년도1학기\컴퓨터비전\실습\FoundationStereo\experiments\ds_v2_seed1/livingroom_v28\mirror_geometry
[ds_v2_seed1/livingroom_v28] 거울 점 201862개 중 inlier 143012 (70.8%) / outlier 58850
  normal=[-0.574 -0.002 -0.819] d=2.859  rms(inlier)=0.0189 m  thr≈0.054 m
[save] D:\Users\dust\Documents\학교\2026년도1학기\컴퓨터비전\실습\FoundationStereo\experiments\ds_v2_seed1/livingroom_v28\mirror_geometry\ransac_inliers.png
[gt] livingroom_v28               perp 2.76m planRMS 0.0105m  normal [0.799, 0.039, -0.6]

생성 1, 건너뜀 0 (depth_gt/mask 없음 등)
[ds_v2_seed1/livingroom_v28] feature 184x320  mirror_frac=0.22027853260869565  feat_left=True
rank  signal              AUC    pol  sep     mean_in     mean_out
  1  delta_argdisp       0.627   -  0.1967   27.234618   38.889697
  2  post_entropy        0.605   -  0.1838    0.823259    0.904896
  3  pre_entropy        0.5587   -  0.1138    2.045538    2.235965
  4  feat_left_pc1      0.5497   -  0.0901    2.715553    2.995829
  5  pre_conf           0.5436   +  0.0839    0.391819    0.356964
  6  feat_left_l2       0.5311   -   0.066   16.961924   17.200436
  7  delta_entropy      0.5283   +  0.0622   -1.222279   -1.331068
  8  delta_conf         0.5226   -  0.0447    0.235315    0.256967
  9  post_conf           0.521   +  0.0576    0.627134    0.613931
 10  feat_left_pc3      0.5085   +  0.0111     2.00491    1.971311
 11  feat_left_pc2       0.504   +  0.0018     2.02641    2.020772
BEST: delta_argdisp (AUC=0.627, polarity=-)
저장: D:\Users\dust\Documents\학교\2026년도1학기\컴퓨터비전\실습\FoundationStereo\experiments\ds_v2_seed1/livingroom_v28\features\report.json / panels.png / mirror_signal.npy
[device] cuda
  [train] epoch 60/300  loss=0.6098
  [train] epoch 120/300  loss=0.4293
  [train] epoch 180/300  loss=0.3193
  [train] epoch 240/300  loss=0.2502
  [train] epoch 300/300  loss=0.2039

[VAL] scene=ds_v2_seed1/livingroom_v28  (pixel 70/30 split)
  AUC      = 0.9772
  IoU@0.5  = 0.7106
  F1@0.5   = 0.8309
  accuracy = 0.9183  (prec=0.7540, rec=0.9251)
  tp=3544 fp=1156 fn=287 tn=12677

[save] D:\Users\dust\Documents\학교\2026년도1학기\컴퓨터비전\실습\FoundationStereo\experiments\ds_v2_seed1/livingroom_v28\submodel
  pred_mask.png, panel.png, metrics.json, head.pt
DONE: D:\Users\dust\Documents\학교\2026년도1학기\컴퓨터비전\실습\FoundationStereo\experiments\ds_v2_seed1/livingroom_v28\submodel
[device] cuda
[load] D:\Users\dust\Documents\학교\2026년도1학기\컴퓨터비전\실습\FoundationStereo\experiments\_model\general_head.pt  (train_scenes=['archiviz_baseline080', 'bedroom_baseline080', 'blue_bathroom_baseline080', 'computer_room_baseline080', 'cozy_living_room_baseline080', 'flat-archiviz_baseline080', 'green_house_baseline080', 'gym_baseline080', 'livingroom_baseline080', 'minimal_interior_baseline080', 'scandinavian_baseline080', 'sunlight_baseline080'])

[APPLY] ds_v2_seed1/livingroom_v28  (저장모델로 새 데이터 평가)
  AUC      = 0.9215
  IoU@0.5  = 0.3153
  F1@0.5   = 0.4794
  accuracy = 0.8395  (prec=0.8389, rec=0.3356)
  tp=4353 fp=836 fn=8617 tn=45074
[save] D:\Users\dust\Documents\학교\2026년도1학기\컴퓨터비전\실습\FoundationStereo\experiments\ds_v2_seed1/livingroom_v28\submodel_applied  (pred_mask.png, panel.png, metrics.json)

============================================================
STEP: estimate_mirror_plane
============================================================

============================================================
STEP: viz_ransac_inliers
============================================================

============================================================
STEP: make_mirror_gt_from_depth
============================================================

============================================================
STEP: analyze_features
============================================================

============================================================
STEP: submodel_head
============================================================

============================================================
STEP: apply_submodel
============================================================

DONE: D:\Users\dust\Documents\학교\2026년도1학기\컴퓨터비전\실습\FoundationStereo\experiments\ds_v2_seed1/livingroom_v28 (ok)

##### [30/119] ds_v2_seed1/livingroom_v29  (done 10, fail 0, skip 19, elapsed 6m, ETA 55m) #####
[scene] ds_v2_seed1/livingroom_v29  size=1280x720
[select] mirror 점 개수 = 148436  (mask=148436, valid&depth = 877767)
[conf] mirror 영역 평균 confidence = 0.6178

=== 평면 추정 결과 ===
  [PCA (closed form)]
      normal = [-0.5087, -0.0185, -0.8608]
      d = +2.9195   mirror_depth(perp) = 2.9195 m   view_z = 4.4189 m
      n_inliers = 148436/148436   rms_residual = 0.10732 m
  [RANSAC]
      normal = [-0.5150, +0.0538, -0.8555]
      d = +2.9789   mirror_depth(perp) = 2.9789 m   view_z = 4.4189 m
      n_inliers = 118690/148436   rms_residual = 0.01703 m
  [SVD robust (IRLS)]
      normal = [-0.5112, +0.0288, -0.8590]
      d = +2.9671   mirror_depth(perp) = 2.9671 m   view_z = 4.4189 m
      n_inliers = 113473/148436   rms_residual = 0.02037 m

[save] D:\Users\dust\Documents\학교\2026년도1학기\컴퓨터비전\실습\FoundationStereo\experiments\ds_v2_seed1/livingroom_v29\mirror_geometry\result.json
[save] D:\Users\dust\Documents\학교\2026년도1학기\컴퓨터비전\실습\FoundationStereo\experiments\ds_v2_seed1/livingroom_v29\mirror_geometry\plane.txt
[save] D:\Users\dust\Documents\학교\2026년도1학기\컴퓨터비전\실습\FoundationStereo\experiments\ds_v2_seed1/livingroom_v29\mirror_geometry\viz.png

DONE: D:\Users\dust\Documents\학교\2026년도1학기\컴퓨터비전\실습\FoundationStereo\experiments\ds_v2_seed1/livingroom_v29\mirror_geometry
[ds_v2_seed1/livingroom_v29] 거울 점 148436개 중 inlier 118690 (80.0%) / outlier 29746
  normal=[-0.515  0.054 -0.855] d=2.979  rms(inlier)=0.0170 m  thr≈0.050 m
[save] D:\Users\dust\Documents\학교\2026년도1학기\컴퓨터비전\실습\FoundationStereo\experiments\ds_v2_seed1/livingroom_v29\mirror_geometry\ransac_inliers.png
[gt] livingroom_v29               perp 2.67m planRMS 0.0103m  normal [0.837, 0.101, -0.538]

생성 1, 건너뜀 0 (depth_gt/mask 없음 등)
[ds_v2_seed1/livingroom_v29] feature 184x320  mirror_frac=0.16180366847826086  feat_left=True
rank  signal              AUC    pol  sep     mean_in     mean_out
  1  delta_argdisp      0.6091   -  0.1578   28.945418   38.279051
  2  feat_left_pc1      0.5484   -  0.0905    2.651707    2.929851
  3  pre_entropy         0.536   -  0.0754     2.10402    2.230423
  4  delta_entropy      0.5352   +  0.0603   -1.244127   -1.348063
  5  feat_left_l2       0.5342   -  0.0741   16.955107   17.216262
  6  delta_conf         0.5323   -  0.0575    0.236522    0.264204
  7  pre_conf           0.5287   +  0.0599     0.38116    0.356647
  8  feat_left_pc3        0.52   +  0.0343    2.047085    1.942463
  9  post_conf           0.513   -  0.0124    0.617682    0.620851
 10  feat_left_pc2      0.5076   +   0.015    2.034714    1.988215
 11  post_entropy       0.5015   -  0.0403    0.859893     0.88236
BEST: delta_argdisp (AUC=0.6091, polarity=-)
저장: D:\Users\dust\Documents\학교\2026년도1학기\컴퓨터비전\실습\FoundationStereo\experiments\ds_v2_seed1/livingroom_v29\features\report.json / panels.png / mirror_signal.npy
[device] cuda
  [train] epoch 60/300  loss=0.7276
  [train] epoch 120/300  loss=0.5704
  [train] epoch 180/300  loss=0.4524
  [train] epoch 240/300  loss=0.3593
  [train] epoch 300/300  loss=0.2875

[VAL] scene=ds_v2_seed1/livingroom_v29  (pixel 70/30 split)
  AUC      = 0.9577
  IoU@0.5  = 0.5784
  F1@0.5   = 0.7329
  accuracy = 0.8962  (prec=0.6276, rec=0.8806)
  tp=2516 fp=1493 fn=341 tn=13314

[save] D:\Users\dust\Documents\학교\2026년도1학기\컴퓨터비전\실습\FoundationStereo\experiments\ds_v2_seed1/livingroom_v29\submodel
  pred_mask.png, panel.png, metrics.json, head.pt
DONE: D:\Users\dust\Documents\학교\2026년도1학기\컴퓨터비전\실습\FoundationStereo\experiments\ds_v2_seed1/livingroom_v29\submodel
[device] cuda
[load] D:\Users\dust\Documents\학교\2026년도1학기\컴퓨터비전\실습\FoundationStereo\experiments\_model\general_head.pt  (train_scenes=['archiviz_baseline080', 'bedroom_baseline080', 'blue_bathroom_baseline080', 'computer_room_baseline080', 'cozy_living_room_baseline080', 'flat-archiviz_baseline080', 'green_house_baseline080', 'gym_baseline080', 'livingroom_baseline080', 'minimal_interior_baseline080', 'scandinavian_baseline080', 'sunlight_baseline080'])

[APPLY] ds_v2_seed1/livingroom_v29  (저장모델로 새 데이터 평가)
  AUC      = 0.9367
  IoU@0.5  = 0.3609
  F1@0.5   = 0.5303
  accuracy = 0.8823  (prec=0.7486, rec=0.4106)
  tp=3912 fp=1314 fn=5615 tn=48039
[save] D:\Users\dust\Documents\학교\2026년도1학기\컴퓨터비전\실습\FoundationStereo\experiments\ds_v2_seed1/livingroom_v29\submodel_applied  (pred_mask.png, panel.png, metrics.json)

============================================================
STEP: estimate_mirror_plane
============================================================

============================================================
STEP: viz_ransac_inliers
============================================================

============================================================
STEP: make_mirror_gt_from_depth
============================================================

============================================================
STEP: analyze_features
============================================================

============================================================
STEP: submodel_head
============================================================

============================================================
STEP: apply_submodel
============================================================

DONE: D:\Users\dust\Documents\학교\2026년도1학기\컴퓨터비전\실습\FoundationStereo\experiments\ds_v2_seed1/livingroom_v29 (ok)

##### [31/119] ds_v2_seed1/livingroom_v30  (done 11, fail 0, skip 19, elapsed 7m, ETA 54m) #####
[scene] ds_v2_seed1/livingroom_v30  size=1280x720
[select] mirror 점 개수 = 185800  (mask=185800, valid&depth = 894616)
[conf] mirror 영역 평균 confidence = 0.6339

=== 평면 추정 결과 ===
  [PCA (closed form)]
      normal = [-0.6980, -0.0135, -0.7160]
      d = +2.5233   mirror_depth(perp) = 2.5233 m   view_z = 4.9894 m
      n_inliers = 185800/185800   rms_residual = 0.25826 m
  [RANSAC]
      normal = [-0.6764, -0.0659, -0.7336]
      d = +2.7766   mirror_depth(perp) = 2.7766 m   view_z = 4.9894 m
      n_inliers = 123181/185800   rms_residual = 0.01787 m
  [SVD robust (IRLS)]
      normal = [-0.6725, -0.0743, -0.7364]
      d = +2.7678   mirror_depth(perp) = 2.7678 m   view_z = 4.9894 m
      n_inliers = 119242/185800   rms_residual = 0.03252 m

[save] D:\Users\dust\Documents\학교\2026년도1학기\컴퓨터비전\실습\FoundationStereo\experiments\ds_v2_seed1/livingroom_v30\mirror_geometry\result.json
[save] D:\Users\dust\Documents\학교\2026년도1학기\컴퓨터비전\실습\FoundationStereo\experiments\ds_v2_seed1/livingroom_v30\mirror_geometry\plane.txt
[save] D:\Users\dust\Documents\학교\2026년도1학기\컴퓨터비전\실습\FoundationStereo\experiments\ds_v2_seed1/livingroom_v30\mirror_geometry\viz.png

DONE: D:\Users\dust\Documents\학교\2026년도1학기\컴퓨터비전\실습\FoundationStereo\experiments\ds_v2_seed1/livingroom_v30\mirror_geometry
[ds_v2_seed1/livingroom_v30] 거울 점 185800개 중 inlier 123181 (66.3%) / outlier 62619
  normal=[-0.676 -0.066 -0.734] d=2.777  rms(inlier)=0.0179 m  thr≈0.060 m
[save] D:\Users\dust\Documents\학교\2026년도1학기\컴퓨터비전\실습\FoundationStereo\experiments\ds_v2_seed1/livingroom_v30\mirror_geometry\ransac_inliers.png
[gt] livingroom_v30               perp 3.11m planRMS 0.0131m  normal [0.708, -0.036, -0.705]

생성 1, 건너뜀 0 (depth_gt/mask 없음 등)
[ds_v2_seed1/livingroom_v30] feature 184x320  mirror_frac=0.2007133152173913  feat_left=True
rank  signal              AUC    pol  sep     mean_in     mean_out
  1  post_entropy       0.6771   -  0.3324    0.834382    1.000437
  2  post_conf          0.6505   +  0.2821    0.633447     0.56694
  3  delta_conf         0.5741   +  0.1209    0.255803    0.197234
  4  delta_argdisp      0.5726   -  0.1041   29.553732   35.778356
  5  feat_left_l2       0.5574   -  0.1144   16.903243   17.287422
  6  feat_left_pc1      0.5534   -  0.1012    2.686053    3.001837
  7  delta_entropy      0.5327   -   0.039   -1.254663   -1.188066
  8  pre_entropy         0.527   -  0.0623    2.089046    2.188503
  9  feat_left_pc2      0.5168   -  0.0324    1.981622    2.082235
 10  pre_conf           0.5133   +  0.0195    0.377644    0.369706
 11  feat_left_pc3      0.5069   -  0.0158    1.985137    2.033207
BEST: post_entropy (AUC=0.6771, polarity=-)
저장: D:\Users\dust\Documents\학교\2026년도1학기\컴퓨터비전\실습\FoundationStereo\experiments\ds_v2_seed1/livingroom_v30\features\report.json / panels.png / mirror_signal.npy
[device] cuda
  [train] epoch 60/300  loss=0.5849
  [train] epoch 120/300  loss=0.4128
  [train] epoch 180/300  loss=0.3109
  [train] epoch 240/300  loss=0.2447
  [train] epoch 300/300  loss=0.2005

[VAL] scene=ds_v2_seed1/livingroom_v30  (pixel 70/30 split)
  AUC      = 0.9811
  IoU@0.5  = 0.7204
  F1@0.5   = 0.8375
  accuracy = 0.9274  (prec=0.7572, rec=0.9368)
  tp=3303 fp=1059 fn=223 tn=13079

[save] D:\Users\dust\Documents\학교\2026년도1학기\컴퓨터비전\실습\FoundationStereo\experiments\ds_v2_seed1/livingroom_v30\submodel
  pred_mask.png, panel.png, metrics.json, head.pt
DONE: D:\Users\dust\Documents\학교\2026년도1학기\컴퓨터비전\실습\FoundationStereo\experiments\ds_v2_seed1/livingroom_v30\submodel
[device] cuda
[load] D:\Users\dust\Documents\학교\2026년도1학기\컴퓨터비전\실습\FoundationStereo\experiments\_model\general_head.pt  (train_scenes=['archiviz_baseline080', 'bedroom_baseline080', 'blue_bathroom_baseline080', 'computer_room_baseline080', 'cozy_living_room_baseline080', 'flat-archiviz_baseline080', 'green_house_baseline080', 'gym_baseline080', 'livingroom_baseline080', 'minimal_interior_baseline080', 'scandinavian_baseline080', 'sunlight_baseline080'])

[APPLY] ds_v2_seed1/livingroom_v30  (저장모델로 새 데이터 평가)
  AUC      = 0.8970
  IoU@0.5  = 0.3838
  F1@0.5   = 0.5547
  accuracy = 0.8549  (prec=0.7219, rec=0.4504)
  tp=5323 fp=2051 fn=6495 tn=45011
[save] D:\Users\dust\Documents\학교\2026년도1학기\컴퓨터비전\실습\FoundationStereo\experiments\ds_v2_seed1/livingroom_v30\submodel_applied  (pred_mask.png, panel.png, metrics.json)

============================================================
STEP: estimate_mirror_plane
============================================================

============================================================
STEP: viz_ransac_inliers
============================================================

============================================================
STEP: make_mirror_gt_from_depth
============================================================

============================================================
STEP: analyze_features
============================================================

============================================================
STEP: submodel_head
============================================================

============================================================
STEP: apply_submodel
============================================================

DONE: D:\Users\dust\Documents\학교\2026년도1학기\컴퓨터비전\실습\FoundationStereo\experiments\ds_v2_seed1/livingroom_v30 (ok)

##### [32/119] ds_v2_seed1/livingroom_v31  (done 12, fail 0, skip 19, elapsed 7m, ETA 53m) #####
[scene] ds_v2_seed1/livingroom_v31  size=1280x720
[select] mirror 점 개수 = 205779  (mask=218071, valid&depth = 905145)
[conf] mirror 영역 평균 confidence = 0.6346

=== 평면 추정 결과 ===
  [PCA (closed form)]
      normal = [-0.5752, -0.0509, -0.8164]
      d = +2.3767   mirror_depth(perp) = 2.3767 m   view_z = 4.3956 m
      n_inliers = 205779/205779   rms_residual = 0.22986 m
  [RANSAC]
      normal = [-0.5384, -0.1399, -0.8310]
      d = +2.6458   mirror_depth(perp) = 2.6458 m   view_z = 4.3956 m
      n_inliers = 144555/205779   rms_residual = 0.01576 m
  [SVD robust (IRLS)]
      normal = [-0.5354, -0.1390, -0.8331]
      d = +2.6414   mirror_depth(perp) = 2.6414 m   view_z = 4.3956 m
      n_inliers = 144502/205779   rms_residual = 0.02483 m

[save] D:\Users\dust\Documents\학교\2026년도1학기\컴퓨터비전\실습\FoundationStereo\experiments\ds_v2_seed1/livingroom_v31\mirror_geometry\result.json
[save] D:\Users\dust\Documents\학교\2026년도1학기\컴퓨터비전\실습\FoundationStereo\experiments\ds_v2_seed1/livingroom_v31\mirror_geometry\plane.txt
[save] D:\Users\dust\Documents\학교\2026년도1학기\컴퓨터비전\실습\FoundationStereo\experiments\ds_v2_seed1/livingroom_v31\mirror_geometry\viz.png

DONE: D:\Users\dust\Documents\학교\2026년도1학기\컴퓨터비전\실습\FoundationStereo\experiments\ds_v2_seed1/livingroom_v31\mirror_geometry
[ds_v2_seed1/livingroom_v31] 거울 점 205779개 중 inlier 144555 (70.2%) / outlier 61224
  normal=[-0.538 -0.14  -0.831] d=2.646  rms(inlier)=0.0158 m  thr≈0.049 m
[save] D:\Users\dust\Documents\학교\2026년도1학기\컴퓨터비전\실습\FoundationStereo\experiments\ds_v2_seed1/livingroom_v31\mirror_geometry\ransac_inliers.png
[gt] livingroom_v31               perp 2.91m planRMS 0.0130m  normal [0.828, -0.05, -0.559]

생성 1, 건너뜀 0 (depth_gt/mask 없음 등)
[ds_v2_seed1/livingroom_v31] feature 184x320  mirror_frac=0.23671875  feat_left=True
rank  signal              AUC    pol  sep     mean_in     mean_out
  1  post_entropy       0.6916   -  0.3935    0.864246     1.08639
  2  post_conf          0.6641   +  0.3095    0.627356    0.545736
  3  delta_argdisp      0.6201   -  0.1636   28.007318   38.034088
  4  delta_conf         0.5915   +  0.1363    0.245091    0.173761
  5  delta_entropy      0.5694   -  0.1408   -1.312633   -1.045685
  6  feat_left_pc1      0.5665   -  0.1273    2.730234    3.124869
  7  feat_left_l2       0.5374   -  0.0724   17.057677   17.307731
  8  feat_left_pc3      0.5074   +  0.0096    2.036562    2.007295
  9  pre_entropy        0.5066   -  0.0255    2.176879    2.132075
 10  feat_left_pc2      0.5063   -  0.0097    2.037178    2.067766
 11  pre_conf           0.5009   -   0.024    0.382265    0.371976
BEST: post_entropy (AUC=0.6916, polarity=-)
저장: D:\Users\dust\Documents\학교\2026년도1학기\컴퓨터비전\실습\FoundationStereo\experiments\ds_v2_seed1/livingroom_v31\features\report.json / panels.png / mirror_signal.npy
[device] cuda
  [train] epoch 60/300  loss=0.5819
  [train] epoch 120/300  loss=0.4285
  [train] epoch 180/300  loss=0.3447
  [train] epoch 240/300  loss=0.2900
  [train] epoch 300/300  loss=0.2518

[VAL] scene=ds_v2_seed1/livingroom_v31  (pixel 70/30 split)
  AUC      = 0.9667
  IoU@0.5  = 0.6776
  F1@0.5   = 0.8078
  accuracy = 0.8992  (prec=0.7300, rec=0.9043)
  tp=3741 fp=1384 fn=396 tn=12143

[save] D:\Users\dust\Documents\학교\2026년도1학기\컴퓨터비전\실습\FoundationStereo\experiments\ds_v2_seed1/livingroom_v31\submodel
  pred_mask.png, panel.png, metrics.json, head.pt
DONE: D:\Users\dust\Documents\학교\2026년도1학기\컴퓨터비전\실습\FoundationStereo\experiments\ds_v2_seed1/livingroom_v31\submodel
[device] cuda
[load] D:\Users\dust\Documents\학교\2026년도1학기\컴퓨터비전\실습\FoundationStereo\experiments\_model\general_head.pt  (train_scenes=['archiviz_baseline080', 'bedroom_baseline080', 'blue_bathroom_baseline080', 'computer_room_baseline080', 'cozy_living_room_baseline080', 'flat-archiviz_baseline080', 'green_house_baseline080', 'gym_baseline080', 'livingroom_baseline080', 'minimal_interior_baseline080', 'scandinavian_baseline080', 'sunlight_baseline080'])

[APPLY] ds_v2_seed1/livingroom_v31  (저장모델로 새 데이터 평가)
  AUC      = 0.8366
  IoU@0.5  = 0.3162
  F1@0.5   = 0.4804
  accuracy = 0.8059  (prec=0.6555, rec=0.3792)
  tp=5285 fp=2778 fn=8653 tn=42164
[save] D:\Users\dust\Documents\학교\2026년도1학기\컴퓨터비전\실습\FoundationStereo\experiments\ds_v2_seed1/livingroom_v31\submodel_applied  (pred_mask.png, panel.png, metrics.json)

============================================================
STEP: estimate_mirror_plane
============================================================

============================================================
STEP: viz_ransac_inliers
============================================================

============================================================
STEP: make_mirror_gt_from_depth
============================================================

============================================================
STEP: analyze_features
============================================================

============================================================
STEP: submodel_head
============================================================

============================================================
STEP: apply_submodel
============================================================

DONE: D:\Users\dust\Documents\학교\2026년도1학기\컴퓨터비전\실습\FoundationStereo\experiments\ds_v2_seed1/livingroom_v31 (ok)

##### [33/119] ds_v2_seed1/livingroom_v32  (done 13, fail 0, skip 19, elapsed 8m, ETA 53m) #####
[scene] ds_v2_seed1/livingroom_v32  size=1280x720
[select] mirror 점 개수 = 172602  (mask=172602, valid&depth = 891159)
[conf] mirror 영역 평균 confidence = 0.6668

=== 평면 추정 결과 ===
  [PCA (closed form)]
      normal = [-0.6734, -0.0420, -0.7380]
      d = +2.7865   mirror_depth(perp) = 2.7865 m   view_z = 5.0021 m
      n_inliers = 172602/172602   rms_residual = 0.14739 m
  [RANSAC]
      normal = [-0.6787, +0.0262, -0.7339]
      d = +2.8598   mirror_depth(perp) = 2.8598 m   view_z = 5.0021 m
      n_inliers = 124016/172602   rms_residual = 0.02518 m
  [SVD robust (IRLS)]
      normal = [-0.6703, -0.0006, -0.7421]
      d = +2.8715   mirror_depth(perp) = 2.8715 m   view_z = 5.0021 m
      n_inliers = 116097/172602   rms_residual = 0.03130 m

[save] D:\Users\dust\Documents\학교\2026년도1학기\컴퓨터비전\실습\FoundationStereo\experiments\ds_v2_seed1/livingroom_v32\mirror_geometry\result.json
[save] D:\Users\dust\Documents\학교\2026년도1학기\컴퓨터비전\실습\FoundationStereo\experiments\ds_v2_seed1/livingroom_v32\mirror_geometry\plane.txt
[save] D:\Users\dust\Documents\학교\2026년도1학기\컴퓨터비전\실습\FoundationStereo\experiments\ds_v2_seed1/livingroom_v32\mirror_geometry\viz.png

DONE: D:\Users\dust\Documents\학교\2026년도1학기\컴퓨터비전\실습\FoundationStereo\experiments\ds_v2_seed1/livingroom_v32\mirror_geometry
[ds_v2_seed1/livingroom_v32] 거울 점 172602개 중 inlier 124016 (71.9%) / outlier 48586
  normal=[-0.679  0.026 -0.734] d=2.860  rms(inlier)=0.0252 m  thr≈0.060 m
[save] D:\Users\dust\Documents\학교\2026년도1학기\컴퓨터비전\실습\FoundationStereo\experiments\ds_v2_seed1/livingroom_v32\mirror_geometry\ransac_inliers.png
[gt] livingroom_v32               perp 3.07m planRMS 0.0135m  normal [0.693, 0.058, -0.718]

생성 1, 건너뜀 0 (depth_gt/mask 없음 등)
[ds_v2_seed1/livingroom_v32] feature 184x320  mirror_frac=0.18797554347826087  feat_left=True
rank  signal              AUC    pol  sep     mean_in     mean_out
  1  post_entropy       0.6915   -  0.3351    0.769435     0.93798
  2  post_conf          0.6645   +  0.3054    0.665933    0.589101
  3  delta_argdisp      0.5762   -  0.1168   29.840893   36.707396
  4  delta_conf         0.5672   +  0.1186    0.284072    0.226305
  5  feat_left_pc1      0.5601   -  0.1159    2.570764    2.926073
  6  feat_left_l2       0.5485   -  0.1028   16.807996   17.167148
  7  pre_entropy        0.5374   -  0.0911    2.069083    2.212521
  8  pre_conf             0.53   +  0.0472    0.381861    0.362797
  9  delta_entropy      0.5166   -   0.015   -1.299649    -1.27454
 10  feat_left_pc3      0.5149   +  0.0205    2.013471    1.951924
 11  feat_left_pc2      0.5007   -  0.0059    2.005328    2.023454
BEST: post_entropy (AUC=0.6915, polarity=-)
저장: D:\Users\dust\Documents\학교\2026년도1학기\컴퓨터비전\실습\FoundationStereo\experiments\ds_v2_seed1/livingroom_v32\features\report.json / panels.png / mirror_signal.npy
[device] cuda
  [train] epoch 60/300  loss=0.5798
  [train] epoch 120/300  loss=0.4185
  [train] epoch 180/300  loss=0.3190
  [train] epoch 240/300  loss=0.2507
  [train] epoch 300/300  loss=0.2037

[VAL] scene=ds_v2_seed1/livingroom_v32  (pixel 70/30 split)
  AUC      = 0.9810
  IoU@0.5  = 0.7049
  F1@0.5   = 0.8269
  accuracy = 0.9252  (prec=0.7373, rec=0.9412)
  tp=3155 fp=1124 fn=197 tn=13188

[save] D:\Users\dust\Documents\학교\2026년도1학기\컴퓨터비전\실습\FoundationStereo\experiments\ds_v2_seed1/livingroom_v32\submodel
  pred_mask.png, panel.png, metrics.json, head.pt
DONE: D:\Users\dust\Documents\학교\2026년도1학기\컴퓨터비전\실습\FoundationStereo\experiments\ds_v2_seed1/livingroom_v32\submodel
[device] cuda
[load] D:\Users\dust\Documents\학교\2026년도1학기\컴퓨터비전\실습\FoundationStereo\experiments\_model\general_head.pt  (train_scenes=['archiviz_baseline080', 'bedroom_baseline080', 'blue_bathroom_baseline080', 'computer_room_baseline080', 'cozy_living_room_baseline080', 'flat-archiviz_baseline080', 'green_house_baseline080', 'gym_baseline080', 'livingroom_baseline080', 'minimal_interior_baseline080', 'scandinavian_baseline080', 'sunlight_baseline080'])

[APPLY] ds_v2_seed1/livingroom_v32  (저장모델로 새 데이터 평가)
  AUC      = 0.9058
  IoU@0.5  = 0.3919
  F1@0.5   = 0.5631
  accuracy = 0.8595  (prec=0.6777, rec=0.4817)
  tp=5331 fp=2535 fn=5737 tn=45277
[save] D:\Users\dust\Documents\학교\2026년도1학기\컴퓨터비전\실습\FoundationStereo\experiments\ds_v2_seed1/livingroom_v32\submodel_applied  (pred_mask.png, panel.png, metrics.json)

============================================================
STEP: estimate_mirror_plane
============================================================

============================================================
STEP: viz_ransac_inliers
============================================================

============================================================
STEP: make_mirror_gt_from_depth
============================================================

============================================================
STEP: analyze_features
============================================================

============================================================
STEP: submodel_head
============================================================

============================================================
STEP: apply_submodel
============================================================

DONE: D:\Users\dust\Documents\학교\2026년도1학기\컴퓨터비전\실습\FoundationStereo\experiments\ds_v2_seed1/livingroom_v32 (ok)

##### [34/119] ds_v2_seed1/livingroom_v33  (done 14, fail 0, skip 19, elapsed 9m, ETA 53m) #####
[scene] ds_v2_seed1/livingroom_v33  size=1280x720
[select] mirror 점 개수 = 147407  (mask=157680, valid&depth = 900372)
[conf] mirror 영역 평균 confidence = 0.5940

=== 평면 추정 결과 ===
  [PCA (closed form)]
      normal = [-0.4781, -0.0463, -0.8771]
      d = +2.5383   mirror_depth(perp) = 2.5383 m   view_z = 4.0275 m
      n_inliers = 147407/147407   rms_residual = 0.11005 m
  [RANSAC]
      normal = [-0.4718, +0.0434, -0.8807]
      d = +2.6556   mirror_depth(perp) = 2.6556 m   view_z = 4.0275 m
      n_inliers = 113594/147407   rms_residual = 0.01160 m
  [SVD robust (IRLS)]
      normal = [-0.4734, +0.0174, -0.8807]
      d = +2.6250   mirror_depth(perp) = 2.6250 m   view_z = 4.0275 m
      n_inliers = 107645/147407   rms_residual = 0.01880 m

[save] D:\Users\dust\Documents\학교\2026년도1학기\컴퓨터비전\실습\FoundationStereo\experiments\ds_v2_seed1/livingroom_v33\mirror_geometry\result.json
[save] D:\Users\dust\Documents\학교\2026년도1학기\컴퓨터비전\실습\FoundationStereo\experiments\ds_v2_seed1/livingroom_v33\mirror_geometry\plane.txt
[save] D:\Users\dust\Documents\학교\2026년도1학기\컴퓨터비전\실습\FoundationStereo\experiments\ds_v2_seed1/livingroom_v33\mirror_geometry\viz.png

DONE: D:\Users\dust\Documents\학교\2026년도1학기\컴퓨터비전\실습\FoundationStereo\experiments\ds_v2_seed1/livingroom_v33\mirror_geometry
[ds_v2_seed1/livingroom_v33] 거울 점 147407개 중 inlier 113594 (77.1%) / outlier 33813
  normal=[-0.472  0.043 -0.881] d=2.656  rms(inlier)=0.0116 m  thr≈0.041 m
[save] D:\Users\dust\Documents\학교\2026년도1학기\컴퓨터비전\실습\FoundationStereo\experiments\ds_v2_seed1/livingroom_v33\mirror_geometry\ransac_inliers.png
[gt] livingroom_v33               perp 2.83m planRMS 0.0148m  normal [0.869, 0.065, -0.49]

생성 1, 건너뜀 0 (depth_gt/mask 없음 등)
[ds_v2_seed1/livingroom_v33] feature 184x320  mirror_frac=0.17277513586956522  feat_left=True
rank  signal              AUC    pol  sep     mean_in     mean_out
  1  delta_argdisp      0.6501   -  0.1929   26.642878   38.424518
  2  feat_left_pc1      0.5729   -  0.1382    2.631363    3.055681
  3  delta_entropy      0.5423   +  0.0288   -1.144859   -1.202697
  4  pre_entropy        0.5374   -  0.0197    2.117153    2.153762
  5  delta_conf         0.5339   -  0.0616    0.192986    0.225804
  6  post_entropy       0.5311   +  0.0329    0.972295    0.951064
  7  pre_conf           0.5306   +  0.0752    0.400191    0.367058
  8  feat_left_pc3      0.5289   +  0.0475    2.063808    1.920465
  9  feat_left_pc2      0.5199   +  0.0319    2.074678    1.976354
 10  feat_left_l2       0.5179   -  0.0613   16.931568   17.150784
 11  post_conf          0.5042   +  0.0011    0.593177    0.592862
BEST: delta_argdisp (AUC=0.6501, polarity=-)
저장: D:\Users\dust\Documents\학교\2026년도1학기\컴퓨터비전\실습\FoundationStereo\experiments\ds_v2_seed1/livingroom_v33\features\report.json / panels.png / mirror_signal.npy
[device] cuda
  [train] epoch 60/300  loss=0.6181
  [train] epoch 120/300  loss=0.4382
  [train] epoch 180/300  loss=0.3371
  [train] epoch 240/300  loss=0.2705
  [train] epoch 300/300  loss=0.2246

[VAL] scene=ds_v2_seed1/livingroom_v33  (pixel 70/30 split)
  AUC      = 0.9764
  IoU@0.5  = 0.6607
  F1@0.5   = 0.7957
  accuracy = 0.9187  (prec=0.6995, rec=0.9225)
  tp=2796 fp=1201 fn=235 tn=13432

[save] D:\Users\dust\Documents\학교\2026년도1학기\컴퓨터비전\실습\FoundationStereo\experiments\ds_v2_seed1/livingroom_v33\submodel
  pred_mask.png, panel.png, metrics.json, head.pt
DONE: D:\Users\dust\Documents\학교\2026년도1학기\컴퓨터비전\실습\FoundationStereo\experiments\ds_v2_seed1/livingroom_v33\submodel
[device] cuda
[load] D:\Users\dust\Documents\학교\2026년도1학기\컴퓨터비전\실습\FoundationStereo\experiments\_model\general_head.pt  (train_scenes=['archiviz_baseline080', 'bedroom_baseline080', 'blue_bathroom_baseline080', 'computer_room_baseline080', 'cozy_living_room_baseline080', 'flat-archiviz_baseline080', 'green_house_baseline080', 'gym_baseline080', 'livingroom_baseline080', 'minimal_interior_baseline080', 'scandinavian_baseline080', 'sunlight_baseline080'])

[APPLY] ds_v2_seed1/livingroom_v33  (저장모델로 새 데이터 평가)
  AUC      = 0.9303
  IoU@0.5  = 0.3804
  F1@0.5   = 0.5512
  accuracy = 0.8737  (prec=0.7140, rec=0.4488)
  tp=4566 fp=1829 fn=5607 tn=46878
[save] D:\Users\dust\Documents\학교\2026년도1학기\컴퓨터비전\실습\FoundationStereo\experiments\ds_v2_seed1/livingroom_v33\submodel_applied  (pred_mask.png, panel.png, metrics.json)

============================================================
STEP: estimate_mirror_plane
============================================================

============================================================
STEP: viz_ransac_inliers
============================================================

============================================================
STEP: make_mirror_gt_from_depth
============================================================

============================================================
STEP: analyze_features
============================================================

============================================================
STEP: submodel_head
============================================================

============================================================
STEP: apply_submodel
============================================================

DONE: D:\Users\dust\Documents\학교\2026년도1학기\컴퓨터비전\실습\FoundationStereo\experiments\ds_v2_seed1/livingroom_v33 (ok)

##### [35/119] ds_v2_seed1/livingroom_v34  (done 15, fail 0, skip 19, elapsed 9m, ETA 52m) #####
[scene] ds_v2_seed1/livingroom_v34  size=1280x720
[select] mirror 점 개수 = 173829  (mask=173829, valid&depth = 891213)
[conf] mirror 영역 평균 confidence = 0.6340

=== 평면 추정 결과 ===
  [PCA (closed form)]
      normal = [-0.7202, -0.0386, -0.6927]
      d = +2.8002   mirror_depth(perp) = 2.8002 m   view_z = 5.0319 m
      n_inliers = 173829/173829   rms_residual = 0.19155 m
  [RANSAC]
      normal = [-0.7631, +0.0422, -0.6450]
      d = +2.6784   mirror_depth(perp) = 2.6784 m   view_z = 5.0319 m
      n_inliers = 106683/173829   rms_residual = 0.02049 m
  [SVD robust (IRLS)]
      normal = [-0.7265, -0.0008, -0.6871]
      d = +2.8374   mirror_depth(perp) = 2.8374 m   view_z = 5.0319 m
      n_inliers = 79412/173829   rms_residual = 0.03435 m

[save] D:\Users\dust\Documents\학교\2026년도1학기\컴퓨터비전\실습\FoundationStereo\experiments\ds_v2_seed1/livingroom_v34\mirror_geometry\result.json
[save] D:\Users\dust\Documents\학교\2026년도1학기\컴퓨터비전\실습\FoundationStereo\experiments\ds_v2_seed1/livingroom_v34\mirror_geometry\plane.txt
[save] D:\Users\dust\Documents\학교\2026년도1학기\컴퓨터비전\실습\FoundationStereo\experiments\ds_v2_seed1/livingroom_v34\mirror_geometry\viz.png

DONE: D:\Users\dust\Documents\학교\2026년도1학기\컴퓨터비전\실습\FoundationStereo\experiments\ds_v2_seed1/livingroom_v34\mirror_geometry
[ds_v2_seed1/livingroom_v34] 거울 점 173829개 중 inlier 106683 (61.4%) / outlier 67146
  normal=[-0.763  0.042 -0.645] d=2.678  rms(inlier)=0.0205 m  thr≈0.058 m
[save] D:\Users\dust\Documents\학교\2026년도1학기\컴퓨터비전\실습\FoundationStereo\experiments\ds_v2_seed1/livingroom_v34\mirror_geometry\ransac_inliers.png
[gt] livingroom_v34               perp 3.10m planRMS 0.0136m  normal [0.616, 0.081, -0.784]

생성 1, 건너뜀 0 (depth_gt/mask 없음 등)
[ds_v2_seed1/livingroom_v34] feature 184x320  mirror_frac=0.1893851902173913  feat_left=True
rank  signal              AUC    pol  sep     mean_in     mean_out
  1  post_entropy       0.6112   -  0.2743    0.820107    0.964144
  2  post_conf          0.5961   +  0.1932    0.634298    0.585679
  3  delta_argdisp      0.5666   -  0.0947   29.791229   35.395169
  4  feat_left_l2       0.5395   -  0.0849   16.891139   17.179454
  5  delta_conf         0.5383   +  0.0862    0.255313    0.213578
  6  pre_entropy        0.5257   -  0.0666    2.069391    2.172228
  7  feat_left_pc1      0.5212   -  0.0434    2.763026    2.899915
  8  pre_conf           0.5154   +  0.0171    0.378985    0.372101
  9  delta_entropy      0.5139   -  0.0249   -1.249284   -1.208084
 10  feat_left_pc2      0.5026   +  0.0023    2.025339    2.032368
 11  feat_left_pc3      0.5015   +  0.0011     1.98863    1.985269
BEST: post_entropy (AUC=0.6112, polarity=-)
저장: D:\Users\dust\Documents\학교\2026년도1학기\컴퓨터비전\실습\FoundationStereo\experiments\ds_v2_seed1/livingroom_v34\features\report.json / panels.png / mirror_signal.npy
[device] cuda
  [train] epoch 60/300  loss=0.5945
  [train] epoch 120/300  loss=0.4221
  [train] epoch 180/300  loss=0.3208
  [train] epoch 240/300  loss=0.2554
  [train] epoch 300/300  loss=0.2116

[VAL] scene=ds_v2_seed1/livingroom_v34  (pixel 70/30 split)
  AUC      = 0.9788
  IoU@0.5  = 0.6972
  F1@0.5   = 0.8216
  accuracy = 0.9230  (prec=0.7336, rec=0.9336)
  tp=3134 fp=1138 fn=223 tn=13169

[save] D:\Users\dust\Documents\학교\2026년도1학기\컴퓨터비전\실습\FoundationStereo\experiments\ds_v2_seed1/livingroom_v34\submodel
  pred_mask.png, panel.png, metrics.json, head.pt
DONE: D:\Users\dust\Documents\학교\2026년도1학기\컴퓨터비전\실습\FoundationStereo\experiments\ds_v2_seed1/livingroom_v34\submodel
[device] cuda
[load] D:\Users\dust\Documents\학교\2026년도1학기\컴퓨터비전\실습\FoundationStereo\experiments\_model\general_head.pt  (train_scenes=['archiviz_baseline080', 'bedroom_baseline080', 'blue_bathroom_baseline080', 'computer_room_baseline080', 'cozy_living_room_baseline080', 'flat-archiviz_baseline080', 'green_house_baseline080', 'gym_baseline080', 'livingroom_baseline080', 'minimal_interior_baseline080', 'scandinavian_baseline080', 'sunlight_baseline080'])

[APPLY] ds_v2_seed1/livingroom_v34  (저장모델로 새 데이터 평가)
  AUC      = 0.9133
  IoU@0.5  = 0.4159
  F1@0.5   = 0.5875
  accuracy = 0.8678  (prec=0.7185, rec=0.4969)
  tp=5541 fp=2171 fn=5610 tn=45558
[save] D:\Users\dust\Documents\학교\2026년도1학기\컴퓨터비전\실습\FoundationStereo\experiments\ds_v2_seed1/livingroom_v34\submodel_applied  (pred_mask.png, panel.png, metrics.json)

============================================================
STEP: estimate_mirror_plane
============================================================

============================================================
STEP: viz_ransac_inliers
============================================================

============================================================
STEP: make_mirror_gt_from_depth
============================================================

============================================================
STEP: analyze_features
============================================================

============================================================
STEP: submodel_head
============================================================

============================================================
STEP: apply_submodel
============================================================

DONE: D:\Users\dust\Documents\학교\2026년도1학기\컴퓨터비전\실습\FoundationStereo\experiments\ds_v2_seed1/livingroom_v34 (ok)

##### [36/119] ds_v2_seed1/livingroom_v35  (done 16, fail 0, skip 19, elapsed 10m, ETA 51m) #####
[scene] ds_v2_seed1/livingroom_v35  size=1280x720
[select] mirror 점 개수 = 149426  (mask=156153, valid&depth = 899615)
[conf] mirror 영역 평균 confidence = 0.6146

=== 평면 추정 결과 ===
  [PCA (closed form)]
      normal = [-0.5311, -0.0359, -0.8466]
      d = +2.5713   mirror_depth(perp) = 2.5713 m   view_z = 4.4075 m
      n_inliers = 149426/149426   rms_residual = 0.15071 m
  [RANSAC]
      normal = [-0.5359, +0.1191, -0.8358]
      d = +2.6913   mirror_depth(perp) = 2.6913 m   view_z = 4.4075 m
      n_inliers = 103371/149426   rms_residual = 0.01321 m
  [SVD robust (IRLS)]
      normal = [-0.5296, +0.0428, -0.8472]
      d = +2.6607   mirror_depth(perp) = 2.6607 m   view_z = 4.4075 m
      n_inliers = 85528/149426   rms_residual = 0.02251 m

[save] D:\Users\dust\Documents\학교\2026년도1학기\컴퓨터비전\실습\FoundationStereo\experiments\ds_v2_seed1/livingroom_v35\mirror_geometry\result.json
[save] D:\Users\dust\Documents\학교\2026년도1학기\컴퓨터비전\실습\FoundationStereo\experiments\ds_v2_seed1/livingroom_v35\mirror_geometry\plane.txt
[save] D:\Users\dust\Documents\학교\2026년도1학기\컴퓨터비전\실습\FoundationStereo\experiments\ds_v2_seed1/livingroom_v35\mirror_geometry\viz.png

DONE: D:\Users\dust\Documents\학교\2026년도1학기\컴퓨터비전\실습\FoundationStereo\experiments\ds_v2_seed1/livingroom_v35\mirror_geometry
[ds_v2_seed1/livingroom_v35] 거울 점 149426개 중 inlier 103371 (69.2%) / outlier 46055
  normal=[-0.536  0.119 -0.836] d=2.691  rms(inlier)=0.0132 m  thr≈0.047 m
[save] D:\Users\dust\Documents\학교\2026년도1학기\컴퓨터비전\실습\FoundationStereo\experiments\ds_v2_seed1/livingroom_v35\mirror_geometry\ransac_inliers.png
[gt] livingroom_v35               perp 3.05m planRMS 0.0162m  normal [0.819, 0.122, -0.561]

생성 1, 건너뜀 0 (depth_gt/mask 없음 등)
[ds_v2_seed1/livingroom_v35] feature 184x320  mirror_frac=0.1708899456521739  feat_left=True
rank  signal              AUC    pol  sep     mean_in     mean_out
  1  delta_argdisp      0.6208   -  0.1498   28.431425   37.572453
  2  feat_left_pc1      0.5804   -  0.1496    2.546541    3.006754
  3  pre_entropy        0.5315   -  0.0301     2.12475    2.179503
  4  delta_conf         0.5282   -  0.0615    0.216497    0.248017
  5  delta_entropy      0.5259   +  0.0246   -1.232881   -1.280059
  6  feat_left_pc3      0.5232   +  0.0365    2.046864    1.937235
  7  pre_conf           0.5231   +  0.0693    0.394712    0.364501
  8  post_entropy       0.5165   +  0.0137    0.891869    0.899444
  9  post_conf          0.5124   -  0.0051    0.611209    0.612517
 10  feat_left_l2       0.5091   -  0.0424   16.995941   17.148004
 11  feat_left_pc2      0.5084   +  0.0125    2.037628    1.998748
BEST: delta_argdisp (AUC=0.6208, polarity=-)
저장: D:\Users\dust\Documents\학교\2026년도1학기\컴퓨터비전\실습\FoundationStereo\experiments\ds_v2_seed1/livingroom_v35\features\report.json / panels.png / mirror_signal.npy
[device] cuda
  [train] epoch 60/300  loss=0.6006
  [train] epoch 120/300  loss=0.4200
  [train] epoch 180/300  loss=0.3133
  [train] epoch 240/300  loss=0.2432
  [train] epoch 300/300  loss=0.1962

[VAL] scene=ds_v2_seed1/livingroom_v35  (pixel 70/30 split)
  AUC      = 0.9821
  IoU@0.5  = 0.7057
  F1@0.5   = 0.8275
  accuracy = 0.9339  (prec=0.7406, rec=0.9374)
  tp=2801 fp=981 fn=187 tn=13695

[save] D:\Users\dust\Documents\학교\2026년도1학기\컴퓨터비전\실습\FoundationStereo\experiments\ds_v2_seed1/livingroom_v35\submodel
  pred_mask.png, panel.png, metrics.json, head.pt
DONE: D:\Users\dust\Documents\학교\2026년도1학기\컴퓨터비전\실습\FoundationStereo\experiments\ds_v2_seed1/livingroom_v35\submodel
[device] cuda
[load] D:\Users\dust\Documents\학교\2026년도1학기\컴퓨터비전\실습\FoundationStereo\experiments\_model\general_head.pt  (train_scenes=['archiviz_baseline080', 'bedroom_baseline080', 'blue_bathroom_baseline080', 'computer_room_baseline080', 'cozy_living_room_baseline080', 'flat-archiviz_baseline080', 'green_house_baseline080', 'gym_baseline080', 'livingroom_baseline080', 'minimal_interior_baseline080', 'scandinavian_baseline080', 'sunlight_baseline080'])

[APPLY] ds_v2_seed1/livingroom_v35  (저장모델로 새 데이터 평가)
  AUC      = 0.9509
  IoU@0.5  = 0.4383
  F1@0.5   = 0.6094
  accuracy = 0.8932  (prec=0.8128, rec=0.4875)
  tp=4905 fp=1130 fn=5157 tn=47688
[save] D:\Users\dust\Documents\학교\2026년도1학기\컴퓨터비전\실습\FoundationStereo\experiments\ds_v2_seed1/livingroom_v35\submodel_applied  (pred_mask.png, panel.png, metrics.json)

============================================================
STEP: estimate_mirror_plane
============================================================

============================================================
STEP: viz_ransac_inliers
============================================================

============================================================
STEP: make_mirror_gt_from_depth
============================================================

============================================================
STEP: analyze_features
============================================================

============================================================
STEP: submodel_head
============================================================

============================================================
STEP: apply_submodel
============================================================

DONE: D:\Users\dust\Documents\학교\2026년도1학기\컴퓨터비전\실습\FoundationStereo\experiments\ds_v2_seed1/livingroom_v35 (ok)

##### [37/119] ds_v2_seed1/livingroom_v36  (done 17, fail 0, skip 19, elapsed 10m, ETA 50m) #####
[scene] ds_v2_seed1/livingroom_v36  size=1280x720
[select] mirror 점 개수 = 192829  (mask=192829, valid&depth = 888141)
[conf] mirror 영역 평균 confidence = 0.6250

=== 평면 추정 결과 ===
  [PCA (closed form)]
      normal = [-0.7204, -0.1083, -0.6851]
      d = +2.7902   mirror_depth(perp) = 2.7902 m   view_z = 4.9029 m
      n_inliers = 192829/192829   rms_residual = 0.18070 m
  [RANSAC]
      normal = [-0.7867, -0.0370, -0.6163]
      d = +2.5600   mirror_depth(perp) = 2.5600 m   view_z = 4.9029 m
      n_inliers = 105946/192829   rms_residual = 0.02320 m
  [SVD robust (IRLS)]
      normal = [-0.7309, -0.0760, -0.6782]
      d = +2.8006   mirror_depth(perp) = 2.8006 m   view_z = 4.9029 m
      n_inliers = 76818/192829   rms_residual = 0.03464 m

[save] D:\Users\dust\Documents\학교\2026년도1학기\컴퓨터비전\실습\FoundationStereo\experiments\ds_v2_seed1/livingroom_v36\mirror_geometry\result.json
[save] D:\Users\dust\Documents\학교\2026년도1학기\컴퓨터비전\실습\FoundationStereo\experiments\ds_v2_seed1/livingroom_v36\mirror_geometry\plane.txt
[save] D:\Users\dust\Documents\학교\2026년도1학기\컴퓨터비전\실습\FoundationStereo\experiments\ds_v2_seed1/livingroom_v36\mirror_geometry\viz.png

DONE: D:\Users\dust\Documents\학교\2026년도1학기\컴퓨터비전\실습\FoundationStereo\experiments\ds_v2_seed1/livingroom_v36\mirror_geometry
[ds_v2_seed1/livingroom_v36] 거울 점 192829개 중 inlier 105946 (54.9%) / outlier 86883
  normal=[-0.787 -0.037 -0.616] d=2.560  rms(inlier)=0.0232 m  thr≈0.059 m
[save] D:\Users\dust\Documents\학교\2026년도1학기\컴퓨터비전\실습\FoundationStereo\experiments\ds_v2_seed1/livingroom_v36\mirror_geometry\ransac_inliers.png
[gt] livingroom_v36               perp 2.89m planRMS 0.0136m  normal [0.575, 0.016, -0.818]

생성 1, 건너뜀 0 (depth_gt/mask 없음 등)
[ds_v2_seed1/livingroom_v36] feature 184x320  mirror_frac=0.2110563858695652  feat_left=True
rank  signal              AUC    pol  sep     mean_in     mean_out
  1  post_entropy       0.5732   -  0.1444    0.867198    0.950681
  2  delta_argdisp      0.5593   -  0.0741   32.723908   37.172109
  3  post_conf          0.5583   +  0.1133    0.623724    0.593356
  4  feat_left_l2        0.541   -  0.0959   16.827714   17.155157
  5  feat_left_pc1      0.5354   -  0.0703    2.718494    2.939111
  6  delta_conf          0.527   +  0.0517    0.242965    0.217908
  7  pre_entropy        0.5187   -  0.0606    2.062566    2.155536
  8  feat_left_pc3      0.5174   +  0.0282    2.015988     1.93109
  9  pre_conf           0.5103   +  0.0133     0.38076    0.375448
 10  delta_entropy      0.5088   -  0.0058   -1.195368   -1.204855
 11  feat_left_pc2      0.5024   -  0.0093    1.987206    2.015672
BEST: post_entropy (AUC=0.5732, polarity=-)
저장: D:\Users\dust\Documents\학교\2026년도1학기\컴퓨터비전\실습\FoundationStereo\experiments\ds_v2_seed1/livingroom_v36\features\report.json / panels.png / mirror_signal.npy
[device] cuda
  [train] epoch 60/300  loss=0.5705
  [train] epoch 120/300  loss=0.4048
  [train] epoch 180/300  loss=0.3074
  [train] epoch 240/300  loss=0.2441
  [train] epoch 300/300  loss=0.2016

[VAL] scene=ds_v2_seed1/livingroom_v36  (pixel 70/30 split)
  AUC      = 0.9794
  IoU@0.5  = 0.7303
  F1@0.5   = 0.8441
  accuracy = 0.9270  (prec=0.7684, rec=0.9365)
  tp=3493 fp=1053 fn=237 tn=12881

[save] D:\Users\dust\Documents\학교\2026년도1학기\컴퓨터비전\실습\FoundationStereo\experiments\ds_v2_seed1/livingroom_v36\submodel
  pred_mask.png, panel.png, metrics.json, head.pt
DONE: D:\Users\dust\Documents\학교\2026년도1학기\컴퓨터비전\실습\FoundationStereo\experiments\ds_v2_seed1/livingroom_v36\submodel
[device] cuda
[load] D:\Users\dust\Documents\학교\2026년도1학기\컴퓨터비전\실습\FoundationStereo\experiments\_model\general_head.pt  (train_scenes=['archiviz_baseline080', 'bedroom_baseline080', 'blue_bathroom_baseline080', 'computer_room_baseline080', 'cozy_living_room_baseline080', 'flat-archiviz_baseline080', 'green_house_baseline080', 'gym_baseline080', 'livingroom_baseline080', 'minimal_interior_baseline080', 'scandinavian_baseline080', 'sunlight_baseline080'])

[APPLY] ds_v2_seed1/livingroom_v36  (저장모델로 새 데이터 평가)
  AUC      = 0.9225
  IoU@0.5  = 0.4390
  F1@0.5   = 0.6102
  accuracy = 0.8567  (prec=0.7162, rec=0.5315)
  tp=6605 fp=2617 fn=5822 tn=43836
[save] D:\Users\dust\Documents\학교\2026년도1학기\컴퓨터비전\실습\FoundationStereo\experiments\ds_v2_seed1/livingroom_v36\submodel_applied  (pred_mask.png, panel.png, metrics.json)

============================================================
STEP: estimate_mirror_plane
============================================================

============================================================
STEP: viz_ransac_inliers
============================================================

============================================================
STEP: make_mirror_gt_from_depth
============================================================

============================================================
STEP: analyze_features
============================================================

============================================================
STEP: submodel_head
============================================================

============================================================
STEP: apply_submodel
============================================================

DONE: D:\Users\dust\Documents\학교\2026년도1학기\컴퓨터비전\실습\FoundationStereo\experiments\ds_v2_seed1/livingroom_v36 (ok)

##### [38/119] ds_v2_seed1/livingroom_v37  (done 18, fail 0, skip 19, elapsed 11m, ETA 49m) #####
[scene] ds_v2_seed1/livingroom_v37  size=1280x720
[select] mirror 점 개수 = 199206  (mask=217190, valid&depth = 887706)
[conf] mirror 영역 평균 confidence = 0.6414

=== 평면 추정 결과 ===
  [PCA (closed form)]
      normal = [-0.8605, -0.3136, -0.4014]
      d = +1.1286   mirror_depth(perp) = 1.1286 m   view_z = 4.5258 m
      n_inliers = 199206/199206   rms_residual = 0.46387 m
  [RANSAC]
      normal = [-0.6985, -0.1171, -0.7060]
      d = +2.6353   mirror_depth(perp) = 2.6353 m   view_z = 4.5258 m
      n_inliers = 195449/199206   rms_residual = 0.11774 m
  [SVD robust (IRLS)]
      normal = [-0.7205, -0.1320, -0.6808]
      d = +2.5041   mirror_depth(perp) = 2.5041 m   view_z = 4.5258 m
      n_inliers = 196013/199206   rms_residual = 0.12838 m

[save] D:\Users\dust\Documents\학교\2026년도1학기\컴퓨터비전\실습\FoundationStereo\experiments\ds_v2_seed1/livingroom_v37\mirror_geometry\result.json
[save] D:\Users\dust\Documents\학교\2026년도1학기\컴퓨터비전\실습\FoundationStereo\experiments\ds_v2_seed1/livingroom_v37\mirror_geometry\plane.txt
[save] D:\Users\dust\Documents\학교\2026년도1학기\컴퓨터비전\실습\FoundationStereo\experiments\ds_v2_seed1/livingroom_v37\mirror_geometry\viz.png

DONE: D:\Users\dust\Documents\학교\2026년도1학기\컴퓨터비전\실습\FoundationStereo\experiments\ds_v2_seed1/livingroom_v37\mirror_geometry
[ds_v2_seed1/livingroom_v37] 거울 점 199206개 중 inlier 195449 (98.1%) / outlier 3757
  normal=[-0.698 -0.117 -0.706] d=2.635  rms(inlier)=0.1177 m  thr≈0.550 m
[save] D:\Users\dust\Documents\학교\2026년도1학기\컴퓨터비전\실습\FoundationStereo\experiments\ds_v2_seed1/livingroom_v37\mirror_geometry\ransac_inliers.png
[gt] livingroom_v37               perp 2.53m planRMS 0.0107m  normal [0.674, 0.032, -0.738]

생성 1, 건너뜀 0 (depth_gt/mask 없음 등)
[ds_v2_seed1/livingroom_v37] feature 184x320  mirror_frac=0.23727921195652174  feat_left=True
rank  signal              AUC    pol  sep     mean_in     mean_out
  1  post_entropy       0.6606   -  0.2787    0.878044     1.04125
  2  post_conf          0.6356   +  0.2377    0.621352    0.559826
  3  delta_argdisp      0.5936   -  0.1538    28.76988   37.840967
  4  delta_conf         0.5523   +   0.091    0.231041    0.186254
  5  pre_entropy        0.5489   -  0.1074     2.00643    2.173805
  6  feat_left_pc1      0.5456   -  0.0792    2.775167    3.024987
  7  pre_conf           0.5284   +  0.0411    0.390311    0.373573
  8  feat_left_l2       0.5188   -  0.0426   17.033117   17.185231
  9  delta_entropy      0.5067   -  0.0025   -1.128385   -1.132555
 10  feat_left_pc3      0.5067   +  0.0091    2.000878    1.973293
 11  feat_left_pc2      0.5008   +  0.0013    2.024345    2.028336
BEST: post_entropy (AUC=0.6606, polarity=-)
저장: D:\Users\dust\Documents\학교\2026년도1학기\컴퓨터비전\실습\FoundationStereo\experiments\ds_v2_seed1/livingroom_v37\features\report.json / panels.png / mirror_signal.npy
[device] cuda
  [train] epoch 60/300  loss=0.5950
  [train] epoch 120/300  loss=0.4480
  [train] epoch 180/300  loss=0.3510
  [train] epoch 240/300  loss=0.2826
  [train] epoch 300/300  loss=0.2343

[VAL] scene=ds_v2_seed1/livingroom_v37  (pixel 70/30 split)
  AUC      = 0.9734
  IoU@0.5  = 0.7162
  F1@0.5   = 0.8346
  accuracy = 0.9129  (prec=0.7624, rec=0.9219)
  tp=3883 fp=1210 fn=329 tn=12242

[save] D:\Users\dust\Documents\학교\2026년도1학기\컴퓨터비전\실습\FoundationStereo\experiments\ds_v2_seed1/livingroom_v37\submodel
  pred_mask.png, panel.png, metrics.json, head.pt
DONE: D:\Users\dust\Documents\학교\2026년도1학기\컴퓨터비전\실습\FoundationStereo\experiments\ds_v2_seed1/livingroom_v37\submodel
[device] cuda
[load] D:\Users\dust\Documents\학교\2026년도1학기\컴퓨터비전\실습\FoundationStereo\experiments\_model\general_head.pt  (train_scenes=['archiviz_baseline080', 'bedroom_baseline080', 'blue_bathroom_baseline080', 'computer_room_baseline080', 'cozy_living_room_baseline080', 'flat-archiviz_baseline080', 'green_house_baseline080', 'gym_baseline080', 'livingroom_baseline080', 'minimal_interior_baseline080', 'scandinavian_baseline080', 'sunlight_baseline080'])

[APPLY] ds_v2_seed1/livingroom_v37  (저장모델로 새 데이터 평가)
  AUC      = 0.8618
  IoU@0.5  = 0.3353
  F1@0.5   = 0.5022
  accuracy = 0.8015  (prec=0.6202, rec=0.4219)
  tp=5894 fp=3609 fn=8077 tn=41300
[save] D:\Users\dust\Documents\학교\2026년도1학기\컴퓨터비전\실습\FoundationStereo\experiments\ds_v2_seed1/livingroom_v37\submodel_applied  (pred_mask.png, panel.png, metrics.json)

============================================================
STEP: estimate_mirror_plane
============================================================

============================================================
STEP: viz_ransac_inliers
============================================================

============================================================
STEP: make_mirror_gt_from_depth
============================================================

============================================================
STEP: analyze_features
============================================================

============================================================
STEP: submodel_head
============================================================

============================================================
STEP: apply_submodel
============================================================

DONE: D:\Users\dust\Documents\학교\2026년도1학기\컴퓨터비전\실습\FoundationStereo\experiments\ds_v2_seed1/livingroom_v37 (ok)

##### [39/119] ds_v2_seed1/livingroom_v38  (done 19, fail 0, skip 19, elapsed 12m, ETA 49m) #####
[scene] ds_v2_seed1/livingroom_v38  size=1280x720
[select] mirror 점 개수 = 151755  (mask=160097, valid&depth = 874740)
[conf] mirror 영역 평균 confidence = 0.6584

=== 평면 추정 결과 ===
  [PCA (closed form)]
      normal = [-0.8425, -0.1208, -0.5250]
      d = +1.8049   mirror_depth(perp) = 1.8049 m   view_z = 4.9114 m
      n_inliers = 151755/151755   rms_residual = 0.31168 m
  [RANSAC]
      normal = [-0.6926, -0.0527, -0.7194]
      d = +2.9140   mirror_depth(perp) = 2.9140 m   view_z = 4.9114 m
      n_inliers = 150011/151755   rms_residual = 0.08896 m
  [SVD robust (IRLS)]
      normal = [-0.7105, -0.0571, -0.7014]
      d = +2.8068   mirror_depth(perp) = 2.8068 m   view_z = 4.9114 m
      n_inliers = 150159/151755   rms_residual = 0.09403 m

[save] D:\Users\dust\Documents\학교\2026년도1학기\컴퓨터비전\실습\FoundationStereo\experiments\ds_v2_seed1/livingroom_v38\mirror_geometry\result.json
[save] D:\Users\dust\Documents\학교\2026년도1학기\컴퓨터비전\실습\FoundationStereo\experiments\ds_v2_seed1/livingroom_v38\mirror_geometry\plane.txt
[save] D:\Users\dust\Documents\학교\2026년도1학기\컴퓨터비전\실습\FoundationStereo\experiments\ds_v2_seed1/livingroom_v38\mirror_geometry\viz.png

DONE: D:\Users\dust\Documents\학교\2026년도1학기\컴퓨터비전\실습\FoundationStereo\experiments\ds_v2_seed1/livingroom_v38\mirror_geometry
[ds_v2_seed1/livingroom_v38] 거울 점 151755개 중 inlier 150011 (98.9%) / outlier 1744
  normal=[-0.693 -0.053 -0.719] d=2.914  rms(inlier)=0.0890 m  thr≈0.543 m
[save] D:\Users\dust\Documents\학교\2026년도1학기\컴퓨터비전\실습\FoundationStereo\experiments\ds_v2_seed1/livingroom_v38\mirror_geometry\ransac_inliers.png
[gt] livingroom_v38               perp 2.90m planRMS 0.0122m  normal [0.684, 0.049, -0.728]

생성 1, 건너뜀 0 (depth_gt/mask 없음 등)
[ds_v2_seed1/livingroom_v38] feature 184x320  mirror_frac=0.1745414402173913  feat_left=True
rank  signal              AUC    pol  sep     mean_in     mean_out
  1  post_entropy        0.648   -  0.2644    0.790068    0.925291
  2  post_conf          0.6001   +  0.1858    0.644024    0.596539
  3  delta_argdisp      0.5612   -  0.0725   31.371023   35.605703
  4  delta_conf         0.5361   +  0.0704    0.256859    0.222987
  5  pre_entropy        0.5341   -   0.082    2.031889    2.158464
  6  pre_conf           0.5245   +  0.0337    0.387166    0.373551
  7  feat_left_pc1       0.523   -  0.0451    2.786681    2.926933
  8  feat_left_l2       0.5152   -  0.0463   16.967637   17.133255
  9  feat_left_pc3      0.5088   +  0.0129    1.987639    1.948643
 10  feat_left_pc2      0.5083   +  0.0131     2.03321    1.992833
 11  delta_entropy      0.5027   -  0.0054    -1.24182   -1.233173
BEST: post_entropy (AUC=0.648, polarity=-)
저장: D:\Users\dust\Documents\학교\2026년도1학기\컴퓨터비전\실습\FoundationStereo\experiments\ds_v2_seed1/livingroom_v38\features\report.json / panels.png / mirror_signal.npy
[device] cuda
  [train] epoch 60/300  loss=0.7132
  [train] epoch 120/300  loss=0.5462
  [train] epoch 180/300  loss=0.4288
  [train] epoch 240/300  loss=0.3430
  [train] epoch 300/300  loss=0.2786

[VAL] scene=ds_v2_seed1/livingroom_v38  (pixel 70/30 split)
  AUC      = 0.9591
  IoU@0.5  = 0.6040
  F1@0.5   = 0.7531
  accuracy = 0.8981  (prec=0.6570, rec=0.8821)
  tp=2745 fp=1433 fn=367 tn=13119

[save] D:\Users\dust\Documents\학교\2026년도1학기\컴퓨터비전\실습\FoundationStereo\experiments\ds_v2_seed1/livingroom_v38\submodel
  pred_mask.png, panel.png, metrics.json, head.pt
DONE: D:\Users\dust\Documents\학교\2026년도1학기\컴퓨터비전\실습\FoundationStereo\experiments\ds_v2_seed1/livingroom_v38\submodel
[device] cuda
[load] D:\Users\dust\Documents\학교\2026년도1학기\컴퓨터비전\실습\FoundationStereo\experiments\_model\general_head.pt  (train_scenes=['archiviz_baseline080', 'bedroom_baseline080', 'blue_bathroom_baseline080', 'computer_room_baseline080', 'cozy_living_room_baseline080', 'flat-archiviz_baseline080', 'green_house_baseline080', 'gym_baseline080', 'livingroom_baseline080', 'minimal_interior_baseline080', 'scandinavian_baseline080', 'sunlight_baseline080'])

[APPLY] ds_v2_seed1/livingroom_v38  (저장모델로 새 데이터 평가)
  AUC      = 0.9303
  IoU@0.5  = 0.3807
  F1@0.5   = 0.5514
  accuracy = 0.8781  (prec=0.7707, rec=0.4293)
  tp=4412 fp=1313 fn=5865 tn=47290
[save] D:\Users\dust\Documents\학교\2026년도1학기\컴퓨터비전\실습\FoundationStereo\experiments\ds_v2_seed1/livingroom_v38\submodel_applied  (pred_mask.png, panel.png, metrics.json)

============================================================
STEP: estimate_mirror_plane
============================================================

============================================================
STEP: viz_ransac_inliers
============================================================

============================================================
STEP: make_mirror_gt_from_depth
============================================================

============================================================
STEP: analyze_features
============================================================

============================================================
STEP: submodel_head
============================================================

============================================================
STEP: apply_submodel
============================================================

DONE: D:\Users\dust\Documents\학교\2026년도1학기\컴퓨터비전\실습\FoundationStereo\experiments\ds_v2_seed1/livingroom_v38 (ok)

##### [40/119] ds_v2_seed1/livingroom_v39  (done 20, fail 0, skip 19, elapsed 12m, ETA 49m) #####
[scene] ds_v2_seed1/livingroom_v39  size=1280x720
[select] mirror 점 개수 = 192455  (mask=192455, valid&depth = 886248)
[conf] mirror 영역 평균 confidence = 0.6204

=== 평면 추정 결과 ===
  [PCA (closed form)]
      normal = [-0.5585, -0.0346, -0.8288]
      d = +2.7536   mirror_depth(perp) = 2.7536 m   view_z = 4.4511 m
      n_inliers = 192455/192455   rms_residual = 0.14263 m
  [RANSAC]
      normal = [-0.5528, +0.0012, -0.8333]
      d = +2.8496   mirror_depth(perp) = 2.8496 m   view_z = 4.4511 m
      n_inliers = 156543/192455   rms_residual = 0.01803 m
  [SVD robust (IRLS)]
      normal = [-0.5523, -0.0133, -0.8335]
      d = +2.8314   mirror_depth(perp) = 2.8314 m   view_z = 4.4511 m
      n_inliers = 159312/192455   rms_residual = 0.02500 m

[save] D:\Users\dust\Documents\학교\2026년도1학기\컴퓨터비전\실습\FoundationStereo\experiments\ds_v2_seed1/livingroom_v39\mirror_geometry\result.json
[save] D:\Users\dust\Documents\학교\2026년도1학기\컴퓨터비전\실습\FoundationStereo\experiments\ds_v2_seed1/livingroom_v39\mirror_geometry\plane.txt
[save] D:\Users\dust\Documents\학교\2026년도1학기\컴퓨터비전\실습\FoundationStereo\experiments\ds_v2_seed1/livingroom_v39\mirror_geometry\viz.png

DONE: D:\Users\dust\Documents\학교\2026년도1학기\컴퓨터비전\실습\FoundationStereo\experiments\ds_v2_seed1/livingroom_v39\mirror_geometry
[ds_v2_seed1/livingroom_v39] 거울 점 192455개 중 inlier 156543 (81.3%) / outlier 35912
  normal=[-0.553  0.001 -0.833] d=2.850  rms(inlier)=0.0180 m  thr≈0.055 m
[save] D:\Users\dust\Documents\학교\2026년도1학기\컴퓨터비전\실습\FoundationStereo\experiments\ds_v2_seed1/livingroom_v39\mirror_geometry\ransac_inliers.png
[gt] livingroom_v39               perp 2.66m planRMS 0.0106m  normal [0.807, 0.034, -0.59]

생성 1, 건너뜀 0 (depth_gt/mask 없음 등)
[ds_v2_seed1/livingroom_v39] feature 184x320  mirror_frac=0.20957880434782608  feat_left=True
rank  signal              AUC    pol  sep     mean_in     mean_out
  1  delta_argdisp      0.6078   -   0.161   28.905429   38.419231
  2  post_conf          0.5601   +   0.096    0.620492    0.597568
  3  pre_entropy        0.5486   -  0.0953    2.056774    2.216052
  4  post_entropy       0.5455   -  0.0537    0.886286    0.913826
  5  delta_entropy      0.5392   +  0.0759   -1.170488   -1.302226
  6  pre_conf           0.5351   +  0.0656     0.39013    0.362841
  7  feat_left_l2       0.5317   -  0.0628   16.983395   17.202691
  8  feat_left_pc1      0.5199   -  0.0386    2.828033    2.948849
  9  feat_left_pc3      0.5159   +  0.0246    2.020071    1.945505
 10  feat_left_pc2      0.5143   +  0.0234    2.065537     1.99311
 11  delta_conf         0.5013   -   0.009    0.230362    0.234727
BEST: delta_argdisp (AUC=0.6078, polarity=-)
저장: D:\Users\dust\Documents\학교\2026년도1학기\컴퓨터비전\실습\FoundationStereo\experiments\ds_v2_seed1/livingroom_v39\features\report.json / panels.png / mirror_signal.npy
[device] cuda
  [train] epoch 60/300  loss=0.6445
  [train] epoch 120/300  loss=0.4652
  [train] epoch 180/300  loss=0.3456
  [train] epoch 240/300  loss=0.2682
  [train] epoch 300/300  loss=0.2167

[VAL] scene=ds_v2_seed1/livingroom_v39  (pixel 70/30 split)
  AUC      = 0.9777
  IoU@0.5  = 0.7041
  F1@0.5   = 0.8264
  accuracy = 0.9185  (prec=0.7435, rec=0.9299)
  tp=3424 fp=1181 fn=258 tn=12801

[save] D:\Users\dust\Documents\학교\2026년도1학기\컴퓨터비전\실습\FoundationStereo\experiments\ds_v2_seed1/livingroom_v39\submodel
  pred_mask.png, panel.png, metrics.json, head.pt
DONE: D:\Users\dust\Documents\학교\2026년도1학기\컴퓨터비전\실습\FoundationStereo\experiments\ds_v2_seed1/livingroom_v39\submodel
[device] cuda
[load] D:\Users\dust\Documents\학교\2026년도1학기\컴퓨터비전\실습\FoundationStereo\experiments\_model\general_head.pt  (train_scenes=['archiviz_baseline080', 'bedroom_baseline080', 'blue_bathroom_baseline080', 'computer_room_baseline080', 'cozy_living_room_baseline080', 'flat-archiviz_baseline080', 'green_house_baseline080', 'gym_baseline080', 'livingroom_baseline080', 'minimal_interior_baseline080', 'scandinavian_baseline080', 'sunlight_baseline080'])

[APPLY] ds_v2_seed1/livingroom_v39  (저장모델로 새 데이터 평가)
  AUC      = 0.9313
  IoU@0.5  = 0.3334
  F1@0.5   = 0.5001
  accuracy = 0.8464  (prec=0.7864, rec=0.3666)
  tp=4524 fp=1229 fn=7816 tn=45311
[save] D:\Users\dust\Documents\학교\2026년도1학기\컴퓨터비전\실습\FoundationStereo\experiments\ds_v2_seed1/livingroom_v39\submodel_applied  (pred_mask.png, panel.png, metrics.json)

============================================================
STEP: estimate_mirror_plane
============================================================

============================================================
STEP: viz_ransac_inliers
============================================================

============================================================
STEP: make_mirror_gt_from_depth
============================================================

============================================================
STEP: analyze_features
============================================================

============================================================
STEP: submodel_head
============================================================

============================================================
STEP: apply_submodel
============================================================

DONE: D:\Users\dust\Documents\학교\2026년도1학기\컴퓨터비전\실습\FoundationStereo\experiments\ds_v2_seed1/livingroom_v39 (ok)

##### [41/119] ds_v2_seed1/livingroom_v40  (done 21, fail 0, skip 19, elapsed 13m, ETA 48m) #####
[scene] ds_v2_seed1/livingroom_v40  size=1280x720
[select] mirror 점 개수 = 166094  (mask=178399, valid&depth = 900961)
[conf] mirror 영역 평균 confidence = 0.6046

=== 평면 추정 결과 ===
  [PCA (closed form)]
      normal = [-0.4617, -0.0538, -0.8854]
      d = +2.5198   mirror_depth(perp) = 2.5198 m   view_z = 3.8748 m
      n_inliers = 166094/166094   rms_residual = 0.13766 m
  [RANSAC]
      normal = [-0.4519, +0.0676, -0.8895]
      d = +2.6645   mirror_depth(perp) = 2.6645 m   view_z = 3.8748 m
      n_inliers = 123617/166094   rms_residual = 0.02141 m
  [SVD robust (IRLS)]
      normal = [-0.4488, +0.0098, -0.8936]
      d = +2.6304   mirror_depth(perp) = 2.6304 m   view_z = 3.8748 m
      n_inliers = 97459/166094   rms_residual = 0.01709 m

[save] D:\Users\dust\Documents\학교\2026년도1학기\컴퓨터비전\실습\FoundationStereo\experiments\ds_v2_seed1/livingroom_v40\mirror_geometry\result.json
[save] D:\Users\dust\Documents\학교\2026년도1학기\컴퓨터비전\실습\FoundationStereo\experiments\ds_v2_seed1/livingroom_v40\mirror_geometry\plane.txt
[save] D:\Users\dust\Documents\학교\2026년도1학기\컴퓨터비전\실습\FoundationStereo\experiments\ds_v2_seed1/livingroom_v40\mirror_geometry\viz.png

DONE: D:\Users\dust\Documents\학교\2026년도1학기\컴퓨터비전\실습\FoundationStereo\experiments\ds_v2_seed1/livingroom_v40\mirror_geometry
[ds_v2_seed1/livingroom_v40] 거울 점 166094개 중 inlier 123617 (74.4%) / outlier 42477
  normal=[-0.452  0.068 -0.889] d=2.664  rms(inlier)=0.0214 m  thr≈0.041 m
[save] D:\Users\dust\Documents\학교\2026년도1학기\컴퓨터비전\실습\FoundationStereo\experiments\ds_v2_seed1/livingroom_v40\mirror_geometry\ransac_inliers.png
[gt] livingroom_v40               perp 2.62m planRMS 0.0135m  normal [0.879, 0.079, -0.47]

생성 1, 건너뜀 0 (depth_gt/mask 없음 등)
[ds_v2_seed1/livingroom_v40] feature 184x320  mirror_frac=0.19495584239130434  feat_left=True
rank  signal              AUC    pol  sep     mean_in     mean_out
  1  delta_argdisp      0.6315   -  0.1753    27.71217   38.494757
  2  feat_left_pc1      0.5551   -  0.1016    2.758254    3.072363
  3  pre_entropy        0.5321   -  0.0082    2.127589    2.142719
  4  post_conf          0.5301   +  0.0638    0.601236     0.58296
  5  feat_left_pc3      0.5273   +  0.0452    2.080347    1.943109
  6  pre_conf           0.5237   +  0.0651    0.396495    0.368086
  7  feat_left_pc2      0.5178   +  0.0331    2.095357    1.992265
  8  delta_entropy      0.5141   +  0.0191   -1.192472   -1.154512
  9  post_entropy       0.5111   -  0.0812    0.935117    0.988207
 10  feat_left_l2       0.5104   -  0.0412   17.070797   17.216261
 11  delta_conf         0.5068   -  0.0191    0.204741    0.214875
BEST: delta_argdisp (AUC=0.6315, polarity=-)
저장: D:\Users\dust\Documents\학교\2026년도1학기\컴퓨터비전\실습\FoundationStereo\experiments\ds_v2_seed1/livingroom_v40\features\report.json / panels.png / mirror_signal.npy
[device] cuda
  [train] epoch 60/300  loss=0.6459
  [train] epoch 120/300  loss=0.4702
  [train] epoch 180/300  loss=0.3659
  [train] epoch 240/300  loss=0.2992
  [train] epoch 300/300  loss=0.2542

[VAL] scene=ds_v2_seed1/livingroom_v40  (pixel 70/30 split)
  AUC      = 0.9668
  IoU@0.5  = 0.6587
  F1@0.5   = 0.7942
  accuracy = 0.9091  (prec=0.7095, rec=0.9019)
  tp=3099 fp=1269 fn=337 tn=12959

[save] D:\Users\dust\Documents\학교\2026년도1학기\컴퓨터비전\실습\FoundationStereo\experiments\ds_v2_seed1/livingroom_v40\submodel
  pred_mask.png, panel.png, metrics.json, head.pt
DONE: D:\Users\dust\Documents\학교\2026년도1학기\컴퓨터비전\실습\FoundationStereo\experiments\ds_v2_seed1/livingroom_v40\submodel
[device] cuda
[load] D:\Users\dust\Documents\학교\2026년도1학기\컴퓨터비전\실습\FoundationStereo\experiments\_model\general_head.pt  (train_scenes=['archiviz_baseline080', 'bedroom_baseline080', 'blue_bathroom_baseline080', 'computer_room_baseline080', 'cozy_living_room_baseline080', 'flat-archiviz_baseline080', 'green_house_baseline080', 'gym_baseline080', 'livingroom_baseline080', 'minimal_interior_baseline080', 'scandinavian_baseline080', 'sunlight_baseline080'])

[APPLY] ds_v2_seed1/livingroom_v40  (저장모델로 새 데이터 평가)
  AUC      = 0.8751
  IoU@0.5  = 0.2700
  F1@0.5   = 0.4252
  accuracy = 0.8204  (prec=0.5656, rec=0.3407)
  tp=3911 fp=3004 fn=7568 tn=44397
[save] D:\Users\dust\Documents\학교\2026년도1학기\컴퓨터비전\실습\FoundationStereo\experiments\ds_v2_seed1/livingroom_v40\submodel_applied  (pred_mask.png, panel.png, metrics.json)

============================================================
STEP: estimate_mirror_plane
============================================================

============================================================
STEP: viz_ransac_inliers
============================================================

============================================================
STEP: make_mirror_gt_from_depth
============================================================

============================================================
STEP: analyze_features
============================================================

============================================================
STEP: submodel_head
============================================================

============================================================
STEP: apply_submodel
============================================================

DONE: D:\Users\dust\Documents\학교\2026년도1학기\컴퓨터비전\실습\FoundationStereo\experiments\ds_v2_seed1/livingroom_v40 (ok)

##### [42/119] ds_v2_seed1/livingroom_v41  (done 22, fail 0, skip 19, elapsed 13m, ETA 48m) #####
[scene] ds_v2_seed1/livingroom_v41  size=1280x720
[select] mirror 점 개수 = 206166  (mask=206166, valid&depth = 890087)
[conf] mirror 영역 평균 confidence = 0.6041

=== 평면 추정 결과 ===
  [PCA (closed form)]
      normal = [-0.5637, -0.0632, -0.8236]
      d = +2.6537   mirror_depth(perp) = 2.6537 m   view_z = 4.4332 m
      n_inliers = 206166/206166   rms_residual = 0.14911 m
  [RANSAC]
      normal = [-0.5680, +0.0411, -0.8220]
      d = +2.7576   mirror_depth(perp) = 2.7576 m   view_z = 4.4332 m
      n_inliers = 153855/206166   rms_residual = 0.01927 m
  [SVD robust (IRLS)]
      normal = [-0.5631, -0.0015, -0.8264]
      d = +2.7368   mirror_depth(perp) = 2.7368 m   view_z = 4.4332 m
      n_inliers = 136934/206166   rms_residual = 0.02807 m

[save] D:\Users\dust\Documents\학교\2026년도1학기\컴퓨터비전\실습\FoundationStereo\experiments\ds_v2_seed1/livingroom_v41\mirror_geometry\result.json
[save] D:\Users\dust\Documents\학교\2026년도1학기\컴퓨터비전\실습\FoundationStereo\experiments\ds_v2_seed1/livingroom_v41\mirror_geometry\plane.txt
[save] D:\Users\dust\Documents\학교\2026년도1학기\컴퓨터비전\실습\FoundationStereo\experiments\ds_v2_seed1/livingroom_v41\mirror_geometry\viz.png

DONE: D:\Users\dust\Documents\학교\2026년도1학기\컴퓨터비전\실습\FoundationStereo\experiments\ds_v2_seed1/livingroom_v41\mirror_geometry
[ds_v2_seed1/livingroom_v41] 거울 점 206166개 중 inlier 153855 (74.6%) / outlier 52311
  normal=[-0.568  0.041 -0.822] d=2.758  rms(inlier)=0.0193 m  thr≈0.055 m
[save] D:\Users\dust\Documents\학교\2026년도1학기\컴퓨터비전\실습\FoundationStereo\experiments\ds_v2_seed1/livingroom_v41\mirror_geometry\ransac_inliers.png
[gt] livingroom_v41               perp 2.66m planRMS 0.0117m  normal [0.794, 0.089, -0.601]

생성 1, 건너뜀 0 (depth_gt/mask 없음 등)
[ds_v2_seed1/livingroom_v41] feature 184x320  mirror_frac=0.22477921195652173  feat_left=True
rank  signal              AUC    pol  sep     mean_in     mean_out
  1  delta_argdisp      0.6182   -  0.1732   28.705705   39.075167
  2  pre_entropy        0.5526   -  0.0983    2.044538    2.210264
  3  delta_entropy      0.5479   +  0.0875   -1.148248   -1.302328
  4  pre_conf            0.544   +  0.0869    0.397472    0.361179
  5  delta_conf         0.5397   -  0.0753    0.206354    0.243261
  6  feat_left_l2       0.5373   -  0.0801   16.941441    17.22455
  7  feat_left_pc1      0.5177   -  0.0367    2.856469    2.971551
  8  post_entropy       0.5176   -  0.0214     0.89629    0.907937
  9  feat_left_pc3      0.5171   +  0.0244    2.022621    1.949252
 10  feat_left_pc2      0.5143   +  0.0215    2.054196    1.987753
 11  post_conf          0.5025   -  0.0025    0.603826     0.60444
BEST: delta_argdisp (AUC=0.6182, polarity=-)
저장: D:\Users\dust\Documents\학교\2026년도1학기\컴퓨터비전\실습\FoundationStereo\experiments\ds_v2_seed1/livingroom_v41\features\report.json / panels.png / mirror_signal.npy
[device] cuda
  [train] epoch 60/300  loss=0.6280
  [train] epoch 120/300  loss=0.4461
  [train] epoch 180/300  loss=0.3348
  [train] epoch 240/300  loss=0.2668
  [train] epoch 300/300  loss=0.2227

[VAL] scene=ds_v2_seed1/livingroom_v41  (pixel 70/30 split)
  AUC      = 0.9729
  IoU@0.5  = 0.6989
  F1@0.5   = 0.8228
  accuracy = 0.9109  (prec=0.7413, rec=0.9244)
  tp=3654 fp=1275 fn=299 tn=12436

[save] D:\Users\dust\Documents\학교\2026년도1학기\컴퓨터비전\실습\FoundationStereo\experiments\ds_v2_seed1/livingroom_v41\submodel
  pred_mask.png, panel.png, metrics.json, head.pt
DONE: D:\Users\dust\Documents\학교\2026년도1학기\컴퓨터비전\실습\FoundationStereo\experiments\ds_v2_seed1/livingroom_v41\submodel
[device] cuda
[load] D:\Users\dust\Documents\학교\2026년도1학기\컴퓨터비전\실습\FoundationStereo\experiments\_model\general_head.pt  (train_scenes=['archiviz_baseline080', 'bedroom_baseline080', 'blue_bathroom_baseline080', 'computer_room_baseline080', 'cozy_living_room_baseline080', 'flat-archiviz_baseline080', 'green_house_baseline080', 'gym_baseline080', 'livingroom_baseline080', 'minimal_interior_baseline080', 'scandinavian_baseline080', 'sunlight_baseline080'])

[APPLY] ds_v2_seed1/livingroom_v41  (저장모델로 새 데이터 평가)
  AUC      = 0.9290
  IoU@0.5  = 0.3439
  F1@0.5   = 0.5118
  accuracy = 0.8393  (prec=0.8068, rec=0.3748)
  tp=4960 fp=1188 fn=8275 tn=44457
[save] D:\Users\dust\Documents\학교\2026년도1학기\컴퓨터비전\실습\FoundationStereo\experiments\ds_v2_seed1/livingroom_v41\submodel_applied  (pred_mask.png, panel.png, metrics.json)

============================================================
STEP: estimate_mirror_plane
============================================================

============================================================
STEP: viz_ransac_inliers
============================================================

============================================================
STEP: make_mirror_gt_from_depth
============================================================

============================================================
STEP: analyze_features
============================================================

============================================================
STEP: submodel_head
============================================================

============================================================
STEP: apply_submodel
============================================================

DONE: D:\Users\dust\Documents\학교\2026년도1학기\컴퓨터비전\실습\FoundationStereo\experiments\ds_v2_seed1/livingroom_v41 (ok)

##### [43/119] ds_v2_seed1/livingroom_v42  (done 23, fail 0, skip 19, elapsed 14m, ETA 47m) #####
[scene] ds_v2_seed1/livingroom_v42  size=1280x720
[select] mirror 점 개수 = 250416  (mask=261995, valid&depth = 905072)
[conf] mirror 영역 평균 confidence = 0.6195

=== 평면 추정 결과 ===
  [PCA (closed form)]
      normal = [-0.6075, +0.0117, -0.7943]
      d = +2.1930   mirror_depth(perp) = 2.1930 m   view_z = 4.2659 m
      n_inliers = 250416/250416   rms_residual = 0.22109 m
  [RANSAC]
      normal = [-0.6677, -0.0724, -0.7409]
      d = +2.0090   mirror_depth(perp) = 2.0090 m   view_z = 4.2659 m
      n_inliers = 82762/250416   rms_residual = 0.02063 m
  [SVD robust (IRLS)]
      normal = [-0.5850, -0.0357, -0.8103]
      d = +2.3681   mirror_depth(perp) = 2.3681 m   view_z = 4.2659 m
      n_inliers = 50084/250416   rms_residual = 0.02950 m

[save] D:\Users\dust\Documents\학교\2026년도1학기\컴퓨터비전\실습\FoundationStereo\experiments\ds_v2_seed1/livingroom_v42\mirror_geometry\result.json
[save] D:\Users\dust\Documents\학교\2026년도1학기\컴퓨터비전\실습\FoundationStereo\experiments\ds_v2_seed1/livingroom_v42\mirror_geometry\plane.txt
[save] D:\Users\dust\Documents\학교\2026년도1학기\컴퓨터비전\실습\FoundationStereo\experiments\ds_v2_seed1/livingroom_v42\mirror_geometry\viz.png

DONE: D:\Users\dust\Documents\학교\2026년도1학기\컴퓨터비전\실습\FoundationStereo\experiments\ds_v2_seed1/livingroom_v42\mirror_geometry
[ds_v2_seed1/livingroom_v42] 거울 점 250416개 중 inlier 82762 (33.0%) / outlier 167654
  normal=[-0.668 -0.072 -0.741] d=2.009  rms(inlier)=0.0206 m  thr≈0.050 m
[save] D:\Users\dust\Documents\학교\2026년도1학기\컴퓨터비전\실습\FoundationStereo\experiments\ds_v2_seed1/livingroom_v42\mirror_geometry\ransac_inliers.png
[gt] livingroom_v42               perp 2.75m planRMS 0.0124m  normal [0.793, -0.039, -0.609]

생성 1, 건너뜀 0 (depth_gt/mask 없음 등)
[ds_v2_seed1/livingroom_v42] feature 184x320  mirror_frac=0.2842391304347826  feat_left=True
rank  signal              AUC    pol  sep     mean_in     mean_out
  1  post_entropy       0.6916   -  0.4044    0.878455    1.114374
  2  post_conf          0.6663   +  0.3209    0.613913    0.532813
  3  delta_argdisp      0.6171   -  0.1624   28.422502   38.280016
  4  delta_conf         0.5821   +  0.1175    0.221348    0.159504
  5  delta_entropy       0.563   -  0.1252   -1.253173    -1.01373
  6  feat_left_pc1      0.5568   -  0.1105    2.743519    3.086421
  7  feat_left_l2       0.5398   -  0.0755   16.967421    17.23735
  8  pre_entropy        0.5142   -   0.002    2.131629    2.128103
  9  pre_conf            0.511   +  0.0447    0.392564    0.373309
 10  feat_left_pc3      0.5094   +  0.0141    2.029971    1.987148
 11  feat_left_pc2       0.501   +  0.0004    2.033807    2.032431
BEST: post_entropy (AUC=0.6916, polarity=-)
저장: D:\Users\dust\Documents\학교\2026년도1학기\컴퓨터비전\실습\FoundationStereo\experiments\ds_v2_seed1/livingroom_v42\features\report.json / panels.png / mirror_signal.npy
[device] cuda
  [train] epoch 60/300  loss=0.5332
  [train] epoch 120/300  loss=0.3991
  [train] epoch 180/300  loss=0.3250
  [train] epoch 240/300  loss=0.2754
  [train] epoch 300/300  loss=0.2401

[VAL] scene=ds_v2_seed1/livingroom_v42  (pixel 70/30 split)
  AUC      = 0.9670
  IoU@0.5  = 0.7330
  F1@0.5   = 0.8459
  accuracy = 0.9052  (prec=0.7791, rec=0.9254)
  tp=4599 fp=1304 fn=371 tn=11390

[save] D:\Users\dust\Documents\학교\2026년도1학기\컴퓨터비전\실습\FoundationStereo\experiments\ds_v2_seed1/livingroom_v42\submodel
  pred_mask.png, panel.png, metrics.json, head.pt
DONE: D:\Users\dust\Documents\학교\2026년도1학기\컴퓨터비전\실습\FoundationStereo\experiments\ds_v2_seed1/livingroom_v42\submodel
[device] cuda
[load] D:\Users\dust\Documents\학교\2026년도1학기\컴퓨터비전\실습\FoundationStereo\experiments\_model\general_head.pt  (train_scenes=['archiviz_baseline080', 'bedroom_baseline080', 'blue_bathroom_baseline080', 'computer_room_baseline080', 'cozy_living_room_baseline080', 'flat-archiviz_baseline080', 'green_house_baseline080', 'gym_baseline080', 'livingroom_baseline080', 'minimal_interior_baseline080', 'scandinavian_baseline080', 'sunlight_baseline080'])

[APPLY] ds_v2_seed1/livingroom_v42  (저장모델로 새 데이터 평가)
  AUC      = 0.8344
  IoU@0.5  = 0.3093
  F1@0.5   = 0.4725
  accuracy = 0.7662  (prec=0.6585, rec=0.3684)
  tp=6166 fp=3198 fn=10570 tn=38946
[save] D:\Users\dust\Documents\학교\2026년도1학기\컴퓨터비전\실습\FoundationStereo\experiments\ds_v2_seed1/livingroom_v42\submodel_applied  (pred_mask.png, panel.png, metrics.json)

============================================================
STEP: estimate_mirror_plane
============================================================

============================================================
STEP: viz_ransac_inliers
============================================================

============================================================
STEP: make_mirror_gt_from_depth
============================================================

============================================================
STEP: analyze_features
============================================================

============================================================
STEP: submodel_head
============================================================

============================================================
STEP: apply_submodel
============================================================

DONE: D:\Users\dust\Documents\학교\2026년도1학기\컴퓨터비전\실습\FoundationStereo\experiments\ds_v2_seed1/livingroom_v42 (ok)

##### [44/119] ds_v2_seed1/livingroom_v43  (done 24, fail 0, skip 19, elapsed 15m, ETA 47m) #####
[scene] ds_v2_seed1/livingroom_v43  size=1280x720
[select] mirror 점 개수 = 230439  (mask=244261, valid&depth = 904915)
[conf] mirror 영역 평균 confidence = 0.5751

=== 평면 추정 결과 ===
  [PCA (closed form)]
      normal = [-0.6017, -0.0410, -0.7977]
      d = +2.0753   mirror_depth(perp) = 2.0753 m   view_z = 4.0817 m
      n_inliers = 230439/230439   rms_residual = 0.23078 m
  [RANSAC]
      normal = [-0.5407, -0.0403, -0.8402]
      d = +2.4816   mirror_depth(perp) = 2.4816 m   view_z = 4.0817 m
      n_inliers = 160211/230439   rms_residual = 0.01960 m
  [SVD robust (IRLS)]
      normal = [-0.5474, -0.0559, -0.8350]
      d = +2.4237   mirror_depth(perp) = 2.4237 m   view_z = 4.0817 m
      n_inliers = 141317/230439   rms_residual = 0.02536 m

[save] D:\Users\dust\Documents\학교\2026년도1학기\컴퓨터비전\실습\FoundationStereo\experiments\ds_v2_seed1/livingroom_v43\mirror_geometry\result.json
[save] D:\Users\dust\Documents\학교\2026년도1학기\컴퓨터비전\실습\FoundationStereo\experiments\ds_v2_seed1/livingroom_v43\mirror_geometry\plane.txt
[save] D:\Users\dust\Documents\학교\2026년도1학기\컴퓨터비전\실습\FoundationStereo\experiments\ds_v2_seed1/livingroom_v43\mirror_geometry\viz.png

DONE: D:\Users\dust\Documents\학교\2026년도1학기\컴퓨터비전\실습\FoundationStereo\experiments\ds_v2_seed1/livingroom_v43\mirror_geometry
[ds_v2_seed1/livingroom_v43] 거울 점 230439개 중 inlier 160211 (69.5%) / outlier 70228
  normal=[-0.541 -0.04  -0.84 ] d=2.482  rms(inlier)=0.0196 m  thr≈0.050 m
[save] D:\Users\dust\Documents\학교\2026년도1학기\컴퓨터비전\실습\FoundationStereo\experiments\ds_v2_seed1/livingroom_v43\mirror_geometry\ransac_inliers.png
[gt] livingroom_v43               perp 2.74m planRMS 0.0133m  normal [0.824, -0.006, -0.567]

생성 1, 건너뜀 0 (depth_gt/mask 없음 등)
[ds_v2_seed1/livingroom_v43] feature 184x320  mirror_frac=0.2664911684782609  feat_left=True
rank  signal              AUC    pol  sep     mean_in     mean_out
  1  delta_argdisp      0.6288   -  0.1702   27.964311   38.317234
  2  feat_left_pc1      0.5604   -  0.1139    2.729294    3.078651
  3  post_conf          0.5536   +  0.0991    0.567935    0.538815
  4  post_entropy       0.5432   -   0.119     1.01572    1.103659
  5  feat_left_l2       0.5397   -  0.0856    16.95006   17.250865
  6  delta_conf         0.5279   +  0.0328     0.17777    0.159997
  7  delta_entropy      0.5249   -  0.0664   -1.125276   -0.995808
  8  pre_entropy        0.5116   -  0.0236    2.140997    2.099467
  9  feat_left_pc3      0.5087   +  0.0118     2.01077    1.974929
 10  feat_left_pc2      0.5084   +  0.0115    2.050085     2.01448
 11  pre_conf           0.5042   +  0.0263    0.390165    0.378818
BEST: delta_argdisp (AUC=0.6288, polarity=-)
저장: D:\Users\dust\Documents\학교\2026년도1학기\컴퓨터비전\실습\FoundationStereo\experiments\ds_v2_seed1/livingroom_v43\features\report.json / panels.png / mirror_signal.npy
[device] cuda
  [train] epoch 60/300  loss=0.5544
  [train] epoch 120/300  loss=0.4169
  [train] epoch 180/300  loss=0.3445
  [train] epoch 240/300  loss=0.2972
  [train] epoch 300/300  loss=0.2632

[VAL] scene=ds_v2_seed1/livingroom_v43  (pixel 70/30 split)
  AUC      = 0.9645
  IoU@0.5  = 0.6940
  F1@0.5   = 0.8194
  accuracy = 0.8949  (prec=0.7491, rec=0.9043)
  tp=4212 fp=1411 fn=446 tn=11595

[save] D:\Users\dust\Documents\학교\2026년도1학기\컴퓨터비전\실습\FoundationStereo\experiments\ds_v2_seed1/livingroom_v43\submodel
  pred_mask.png, panel.png, metrics.json, head.pt
DONE: D:\Users\dust\Documents\학교\2026년도1학기\컴퓨터비전\실습\FoundationStereo\experiments\ds_v2_seed1/livingroom_v43\submodel
[device] cuda
[load] D:\Users\dust\Documents\학교\2026년도1학기\컴퓨터비전\실습\FoundationStereo\experiments\_model\general_head.pt  (train_scenes=['archiviz_baseline080', 'bedroom_baseline080', 'blue_bathroom_baseline080', 'computer_room_baseline080', 'cozy_living_room_baseline080', 'flat-archiviz_baseline080', 'green_house_baseline080', 'gym_baseline080', 'livingroom_baseline080', 'minimal_interior_baseline080', 'scandinavian_baseline080', 'sunlight_baseline080'])

[APPLY] ds_v2_seed1/livingroom_v43  (저장모델로 새 데이터 평가)
  AUC      = 0.8608
  IoU@0.5  = 0.3455
  F1@0.5   = 0.5135
  accuracy = 0.7938  (prec=0.6916, rec=0.4084)
  tp=6408 fp=2857 fn=9283 tn=40332
[save] D:\Users\dust\Documents\학교\2026년도1학기\컴퓨터비전\실습\FoundationStereo\experiments\ds_v2_seed1/livingroom_v43\submodel_applied  (pred_mask.png, panel.png, metrics.json)

============================================================
STEP: estimate_mirror_plane
============================================================

============================================================
STEP: viz_ransac_inliers
============================================================

============================================================
STEP: make_mirror_gt_from_depth
============================================================

============================================================
STEP: analyze_features
============================================================

============================================================
STEP: submodel_head
============================================================

============================================================
STEP: apply_submodel
============================================================

DONE: D:\Users\dust\Documents\학교\2026년도1학기\컴퓨터비전\실습\FoundationStereo\experiments\ds_v2_seed1/livingroom_v43 (ok)

##### [45/119] ds_v2_seed1/livingroom_v44  (done 25, fail 0, skip 19, elapsed 16m, ETA 47m) #####
[scene] ds_v2_seed1/livingroom_v44  size=1280x720
[select] mirror 점 개수 = 239132  (mask=239132, valid&depth = 889679)
[conf] mirror 영역 평균 confidence = 0.6053

=== 평면 추정 결과 ===
  [PCA (closed form)]
      normal = [-0.5169, -0.1000, -0.8502]
      d = +2.7109   mirror_depth(perp) = 2.7109 m   view_z = 4.2953 m
      n_inliers = 239132/239132   rms_residual = 0.12434 m
  [RANSAC]
      normal = [-0.5133, -0.0502, -0.8567]
      d = +2.7998   mirror_depth(perp) = 2.7998 m   view_z = 4.2953 m
      n_inliers = 197256/239132   rms_residual = 0.02175 m
  [SVD robust (IRLS)]
      normal = [-0.5108, -0.0676, -0.8571]
      d = +2.7879   mirror_depth(perp) = 2.7879 m   view_z = 4.2953 m
      n_inliers = 193301/239132   rms_residual = 0.02563 m

[save] D:\Users\dust\Documents\학교\2026년도1학기\컴퓨터비전\실습\FoundationStereo\experiments\ds_v2_seed1/livingroom_v44\mirror_geometry\result.json
[save] D:\Users\dust\Documents\학교\2026년도1학기\컴퓨터비전\실습\FoundationStereo\experiments\ds_v2_seed1/livingroom_v44\mirror_geometry\plane.txt
[save] D:\Users\dust\Documents\학교\2026년도1학기\컴퓨터비전\실습\FoundationStereo\experiments\ds_v2_seed1/livingroom_v44\mirror_geometry\viz.png

DONE: D:\Users\dust\Documents\학교\2026년도1학기\컴퓨터비전\실습\FoundationStereo\experiments\ds_v2_seed1/livingroom_v44\mirror_geometry
[ds_v2_seed1/livingroom_v44] 거울 점 239132개 중 inlier 197256 (82.5%) / outlier 41876
  normal=[-0.513 -0.05  -0.857] d=2.800  rms(inlier)=0.0217 m  thr≈0.056 m
[save] D:\Users\dust\Documents\학교\2026년도1학기\컴퓨터비전\실습\FoundationStereo\experiments\ds_v2_seed1/livingroom_v44\mirror_geometry\ransac_inliers.png
[gt] livingroom_v44               perp 2.52m planRMS 0.0098m  normal [0.83, -0.011, -0.558]

생성 1, 건너뜀 0 (depth_gt/mask 없음 등)
[ds_v2_seed1/livingroom_v44] feature 184x320  mirror_frac=0.2597826086956522  feat_left=True
rank  signal              AUC    pol  sep     mean_in     mean_out
  1  post_entropy       0.6227   -  0.2444    0.915607    1.078146
  2  delta_argdisp      0.6007   -  0.1526   30.136376   39.555915
  3  post_conf          0.5878   +  0.1758     0.60431    0.555816
  4  pre_entropy        0.5548   -  0.0947    2.065896    2.228656
  5  pre_conf           0.5424   +  0.0813    0.394041    0.360063
  6  feat_left_pc1      0.5349   -  0.0629    2.762244    2.959418
  7  feat_left_l2        0.531   -  0.0572   16.989999   17.190668
  8  delta_conf          0.516   +  0.0283    0.210268    0.195753
  9  feat_left_pc3      0.5111   +  0.0161     2.01864    1.970086
 10  feat_left_pc2       0.506   +  0.0083    2.038355     2.01258
 11  delta_entropy      0.5001   -  0.0001   -1.150289    -1.15051
BEST: post_entropy (AUC=0.6227, polarity=-)
저장: D:\Users\dust\Documents\학교\2026년도1학기\컴퓨터비전\실습\FoundationStereo\experiments\ds_v2_seed1/livingroom_v44\features\report.json / panels.png / mirror_signal.npy
[device] cuda
  [train] epoch 60/300  loss=0.6234
  [train] epoch 120/300  loss=0.4705
  [train] epoch 180/300  loss=0.3715
  [train] epoch 240/300  loss=0.3096
  [train] epoch 300/300  loss=0.2681

[VAL] scene=ds_v2_seed1/livingroom_v44  (pixel 70/30 split)
  AUC      = 0.9614
  IoU@0.5  = 0.6878
  F1@0.5   = 0.8150
  accuracy = 0.8936  (prec=0.7443, rec=0.9006)
  tp=4139 fp=1422 fn=457 tn=11646

[save] D:\Users\dust\Documents\학교\2026년도1학기\컴퓨터비전\실습\FoundationStereo\experiments\ds_v2_seed1/livingroom_v44\submodel
  pred_mask.png, panel.png, metrics.json, head.pt
DONE: D:\Users\dust\Documents\학교\2026년도1학기\컴퓨터비전\실습\FoundationStereo\experiments\ds_v2_seed1/livingroom_v44\submodel
[device] cuda
[load] D:\Users\dust\Documents\학교\2026년도1학기\컴퓨터비전\실습\FoundationStereo\experiments\_model\general_head.pt  (train_scenes=['archiviz_baseline080', 'bedroom_baseline080', 'blue_bathroom_baseline080', 'computer_room_baseline080', 'cozy_living_room_baseline080', 'flat-archiviz_baseline080', 'green_house_baseline080', 'gym_baseline080', 'livingroom_baseline080', 'minimal_interior_baseline080', 'scandinavian_baseline080', 'sunlight_baseline080'])

[APPLY] ds_v2_seed1/livingroom_v44  (저장모델로 새 데이터 평가)
  AUC      = 0.8243
  IoU@0.5  = 0.2612
  F1@0.5   = 0.4142
  accuracy = 0.7559  (prec=0.5498, rec=0.3322)
  tp=5082 fp=4161 fn=10214 tn=39423
[save] D:\Users\dust\Documents\학교\2026년도1학기\컴퓨터비전\실습\FoundationStereo\experiments\ds_v2_seed1/livingroom_v44\submodel_applied  (pred_mask.png, panel.png, metrics.json)

============================================================
STEP: estimate_mirror_plane
============================================================

============================================================
STEP: viz_ransac_inliers
============================================================

============================================================
STEP: make_mirror_gt_from_depth
============================================================

============================================================
STEP: analyze_features
============================================================

============================================================
STEP: submodel_head
============================================================

============================================================
STEP: apply_submodel
============================================================

DONE: D:\Users\dust\Documents\학교\2026년도1학기\컴퓨터비전\실습\FoundationStereo\experiments\ds_v2_seed1/livingroom_v44 (ok)

##### [46/119] ds_v2_seed1/livingroom_v45  (done 26, fail 0, skip 19, elapsed 16m, ETA 46m) #####
[scene] ds_v2_seed1/livingroom_v45  size=1280x720
[select] mirror 점 개수 = 195037  (mask=195037, valid&depth = 892704)
[conf] mirror 영역 평균 confidence = 0.6304

=== 평면 추정 결과 ===
  [PCA (closed form)]
      normal = [-0.5748, -0.0181, -0.8181]
      d = +2.7226   mirror_depth(perp) = 2.7226 m   view_z = 4.6895 m
      n_inliers = 195037/195037   rms_residual = 0.16668 m
  [RANSAC]
      normal = [-0.5685, +0.0580, -0.8206]
      d = +2.8565   mirror_depth(perp) = 2.8565 m   view_z = 4.6895 m
      n_inliers = 150086/195037   rms_residual = 0.01937 m
  [SVD robust (IRLS)]
      normal = [-0.5680, +0.0305, -0.8225]
      d = +2.8305   mirror_depth(perp) = 2.8305 m   view_z = 4.6895 m
      n_inliers = 141252/195037   rms_residual = 0.02733 m

[save] D:\Users\dust\Documents\학교\2026년도1학기\컴퓨터비전\실습\FoundationStereo\experiments\ds_v2_seed1/livingroom_v45\mirror_geometry\result.json
[save] D:\Users\dust\Documents\학교\2026년도1학기\컴퓨터비전\실습\FoundationStereo\experiments\ds_v2_seed1/livingroom_v45\mirror_geometry\plane.txt
[save] D:\Users\dust\Documents\학교\2026년도1학기\컴퓨터비전\실습\FoundationStereo\experiments\ds_v2_seed1/livingroom_v45\mirror_geometry\viz.png

DONE: D:\Users\dust\Documents\학교\2026년도1학기\컴퓨터비전\실습\FoundationStereo\experiments\ds_v2_seed1/livingroom_v45\mirror_geometry
[ds_v2_seed1/livingroom_v45] 거울 점 195037개 중 inlier 150086 (77.0%) / outlier 44951
  normal=[-0.568  0.058 -0.821] d=2.856  rms(inlier)=0.0194 m  thr≈0.057 m
[save] D:\Users\dust\Documents\학교\2026년도1학기\컴퓨터비전\실습\FoundationStereo\experiments\ds_v2_seed1/livingroom_v45\mirror_geometry\ransac_inliers.png
[gt] livingroom_v45               perp 2.93m planRMS 0.0120m  normal [0.794, 0.074, -0.604]

생성 1, 건너뜀 0 (depth_gt/mask 없음 등)
[ds_v2_seed1/livingroom_v45] feature 184x320  mirror_frac=0.2124320652173913  feat_left=True
rank  signal              AUC    pol  sep     mean_in     mean_out
  1  delta_argdisp      0.6159   -  0.1709   28.186681   38.519775
  2  post_entropy       0.6024   -  0.1988     0.82509    0.925023
  3  pre_entropy        0.5594   -  0.1003    2.066597    2.239952
  4  post_conf          0.5557   +  0.1138    0.630048    0.602357
  5  pre_conf           0.5502   +  0.0939    0.395344    0.355927
  6  feat_left_l2       0.5477   -   0.101   16.784774   17.157457
  7  feat_left_pc1      0.5324   -  0.0636    2.737319     2.93543
  8  delta_entropy      0.5255   +  0.0402   -1.241506   -1.314929
  9  delta_conf         0.5134   -  0.0236    0.234703    0.246429
 10  feat_left_pc3      0.5074   +  0.0083    1.987397     1.96229
 11  feat_left_pc2      0.5015   +  0.0045    2.013664    2.027432
BEST: delta_argdisp (AUC=0.6159, polarity=-)
저장: D:\Users\dust\Documents\학교\2026년도1학기\컴퓨터비전\실습\FoundationStereo\experiments\ds_v2_seed1/livingroom_v45\features\report.json / panels.png / mirror_signal.npy
[device] cuda
  [train] epoch 60/300  loss=0.6113
  [train] epoch 120/300  loss=0.4314
  [train] epoch 180/300  loss=0.3262
  [train] epoch 240/300  loss=0.2594
  [train] epoch 300/300  loss=0.2150

[VAL] scene=ds_v2_seed1/livingroom_v45  (pixel 70/30 split)
  AUC      = 0.9793
  IoU@0.5  = 0.7232
  F1@0.5   = 0.8394
  accuracy = 0.9232  (prec=0.7608, rec=0.9361)
  tp=3546 fp=1115 fn=242 tn=12761

[save] D:\Users\dust\Documents\학교\2026년도1학기\컴퓨터비전\실습\FoundationStereo\experiments\ds_v2_seed1/livingroom_v45\submodel
  pred_mask.png, panel.png, metrics.json, head.pt
DONE: D:\Users\dust\Documents\학교\2026년도1학기\컴퓨터비전\실습\FoundationStereo\experiments\ds_v2_seed1/livingroom_v45\submodel
[device] cuda
[load] D:\Users\dust\Documents\학교\2026년도1학기\컴퓨터비전\실습\FoundationStereo\experiments\_model\general_head.pt  (train_scenes=['archiviz_baseline080', 'bedroom_baseline080', 'blue_bathroom_baseline080', 'computer_room_baseline080', 'cozy_living_room_baseline080', 'flat-archiviz_baseline080', 'green_house_baseline080', 'gym_baseline080', 'livingroom_baseline080', 'minimal_interior_baseline080', 'scandinavian_baseline080', 'sunlight_baseline080'])

[APPLY] ds_v2_seed1/livingroom_v45  (저장모델로 새 데이터 평가)
  AUC      = 0.9172
  IoU@0.5  = 0.3512
  F1@0.5   = 0.5198
  accuracy = 0.8404  (prec=0.7200, rec=0.4067)
  tp=5087 fp=1978 fn=7421 tn=44394
[save] D:\Users\dust\Documents\학교\2026년도1학기\컴퓨터비전\실습\FoundationStereo\experiments\ds_v2_seed1/livingroom_v45\submodel_applied  (pred_mask.png, panel.png, metrics.json)

============================================================
STEP: estimate_mirror_plane
============================================================

============================================================
STEP: viz_ransac_inliers
============================================================

============================================================
STEP: make_mirror_gt_from_depth
============================================================

============================================================
STEP: analyze_features
============================================================

============================================================
STEP: submodel_head
============================================================

============================================================
STEP: apply_submodel
============================================================

DONE: D:\Users\dust\Documents\학교\2026년도1학기\컴퓨터비전\실습\FoundationStereo\experiments\ds_v2_seed1/livingroom_v45 (ok)

##### [47/119] ds_v2_seed1/livingroom_v46  (done 27, fail 0, skip 19, elapsed 17m, ETA 46m) #####
[scene] ds_v2_seed1/livingroom_v46  size=1280x720
[select] mirror 점 개수 = 174015  (mask=174015, valid&depth = 887245)
[conf] mirror 영역 평균 confidence = 0.6381

=== 평면 추정 결과 ===
  [PCA (closed form)]
      normal = [-0.7036, -0.0821, -0.7058]
      d = +2.6519   mirror_depth(perp) = 2.6519 m   view_z = 4.7592 m
      n_inliers = 174015/174015   rms_residual = 0.19215 m
  [RANSAC]
      normal = [-0.7603, +0.0259, -0.6491]
      d = +2.5302   mirror_depth(perp) = 2.5302 m   view_z = 4.7592 m
      n_inliers = 102269/174015   rms_residual = 0.01937 m
  [SVD robust (IRLS)]
      normal = [-0.7185, -0.0321, -0.6948]
      d = +2.6752   mirror_depth(perp) = 2.6752 m   view_z = 4.7592 m
      n_inliers = 67554/174015   rms_residual = 0.03020 m

[save] D:\Users\dust\Documents\학교\2026년도1학기\컴퓨터비전\실습\FoundationStereo\experiments\ds_v2_seed1/livingroom_v46\mirror_geometry\result.json
[save] D:\Users\dust\Documents\학교\2026년도1학기\컴퓨터비전\실습\FoundationStereo\experiments\ds_v2_seed1/livingroom_v46\mirror_geometry\plane.txt
[save] D:\Users\dust\Documents\학교\2026년도1학기\컴퓨터비전\실습\FoundationStereo\experiments\ds_v2_seed1/livingroom_v46\mirror_geometry\viz.png

DONE: D:\Users\dust\Documents\학교\2026년도1학기\컴퓨터비전\실습\FoundationStereo\experiments\ds_v2_seed1/livingroom_v46\mirror_geometry
[ds_v2_seed1/livingroom_v46] 거울 점 174015개 중 inlier 102269 (58.8%) / outlier 71746
  normal=[-0.76   0.026 -0.649] d=2.530  rms(inlier)=0.0194 m  thr≈0.053 m
[save] D:\Users\dust\Documents\학교\2026년도1학기\컴퓨터비전\실습\FoundationStereo\experiments\ds_v2_seed1/livingroom_v46\mirror_geometry\ransac_inliers.png
[gt] livingroom_v46               perp 2.83m planRMS 0.0154m  normal [0.605, 0.125, -0.787]

생성 1, 건너뜀 0 (depth_gt/mask 없음 등)
[ds_v2_seed1/livingroom_v46] feature 184x320  mirror_frac=0.18987771739130435  feat_left=True
rank  signal              AUC    pol  sep     mean_in     mean_out
  1  post_entropy       0.5741   -  0.1144    0.851088    0.911845
  2  post_conf          0.5684   +   0.119    0.638612    0.608082
  3  delta_argdisp      0.5503   -  0.0632   33.096959   36.860818
  4  feat_left_l2       0.5453   -   0.103   16.737924   17.100319
  5  feat_left_pc1      0.5379   -  0.0772    2.647768     2.88435
  6  pre_entropy        0.5331   -  0.0873    2.043537    2.179563
  7  pre_conf           0.5236   +  0.0409    0.386551    0.370058
  8  delta_conf         0.5177   +  0.0291    0.252062    0.238024
  9  delta_entropy      0.5132   +  0.0455   -1.192449   -1.267718
 10  feat_left_pc3      0.5083   +    0.01     1.96063    1.931149
 11  feat_left_pc2      0.5004   +  0.0052    1.971678    1.987329
BEST: post_entropy (AUC=0.5741, polarity=-)
저장: D:\Users\dust\Documents\학교\2026년도1학기\컴퓨터비전\실습\FoundationStereo\experiments\ds_v2_seed1/livingroom_v46\features\report.json / panels.png / mirror_signal.npy
[device] cuda
  [train] epoch 60/300  loss=0.5737
  [train] epoch 120/300  loss=0.3943
  [train] epoch 180/300  loss=0.2883
  [train] epoch 240/300  loss=0.2184
  [train] epoch 300/300  loss=0.1712

[VAL] scene=ds_v2_seed1/livingroom_v46  (pixel 70/30 split)
  AUC      = 0.9877
  IoU@0.5  = 0.7585
  F1@0.5   = 0.8626
  accuracy = 0.9427  (prec=0.7854, rec=0.9567)
  tp=3181 fp=869 fn=144 tn=13470

[save] D:\Users\dust\Documents\학교\2026년도1학기\컴퓨터비전\실습\FoundationStereo\experiments\ds_v2_seed1/livingroom_v46\submodel
  pred_mask.png, panel.png, metrics.json, head.pt
DONE: D:\Users\dust\Documents\학교\2026년도1학기\컴퓨터비전\실습\FoundationStereo\experiments\ds_v2_seed1/livingroom_v46\submodel
[device] cuda
[load] D:\Users\dust\Documents\학교\2026년도1학기\컴퓨터비전\실습\FoundationStereo\experiments\_model\general_head.pt  (train_scenes=['archiviz_baseline080', 'bedroom_baseline080', 'blue_bathroom_baseline080', 'computer_room_baseline080', 'cozy_living_room_baseline080', 'flat-archiviz_baseline080', 'green_house_baseline080', 'gym_baseline080', 'livingroom_baseline080', 'minimal_interior_baseline080', 'scandinavian_baseline080', 'sunlight_baseline080'])

[APPLY] ds_v2_seed1/livingroom_v46  (저장모델로 새 데이터 평가)
  AUC      = 0.9488
  IoU@0.5  = 0.4707
  F1@0.5   = 0.6401
  accuracy = 0.8886  (prec=0.8274, rec=0.5219)
  tp=5835 fp=1217 fn=5345 tn=46483
[save] D:\Users\dust\Documents\학교\2026년도1학기\컴퓨터비전\실습\FoundationStereo\experiments\ds_v2_seed1/livingroom_v46\submodel_applied  (pred_mask.png, panel.png, metrics.json)

============================================================
STEP: estimate_mirror_plane
============================================================

============================================================
STEP: viz_ransac_inliers
============================================================

============================================================
STEP: make_mirror_gt_from_depth
============================================================

============================================================
STEP: analyze_features
============================================================

============================================================
STEP: submodel_head
============================================================

============================================================
STEP: apply_submodel
============================================================

DONE: D:\Users\dust\Documents\학교\2026년도1학기\컴퓨터비전\실습\FoundationStereo\experiments\ds_v2_seed1/livingroom_v46 (ok)

##### [48/119] ds_v2_seed1/livingroom_v47  (done 28, fail 0, skip 19, elapsed 17m, ETA 45m) #####
[scene] ds_v2_seed1/livingroom_v47  size=1280x720
[select] mirror 점 개수 = 181375  (mask=193080, valid&depth = 904340)
[conf] mirror 영역 평균 confidence = 0.6093

=== 평면 추정 결과 ===
  [PCA (closed form)]
      normal = [-0.5172, -0.0474, -0.8546]
      d = +2.6326   mirror_depth(perp) = 2.6326 m   view_z = 4.4224 m
      n_inliers = 181375/181375   rms_residual = 0.22290 m
  [RANSAC]
      normal = [-0.4648, -0.0916, -0.8807]
      d = +2.9657   mirror_depth(perp) = 2.9657 m   view_z = 4.4224 m
      n_inliers = 121730/181375   rms_residual = 0.01810 m
  [SVD robust (IRLS)]
      normal = [-0.4539, -0.1027, -0.8851]
      d = +2.9869   mirror_depth(perp) = 2.9869 m   view_z = 4.4224 m
      n_inliers = 115341/181375   rms_residual = 0.02285 m

[save] D:\Users\dust\Documents\학교\2026년도1학기\컴퓨터비전\실습\FoundationStereo\experiments\ds_v2_seed1/livingroom_v47\mirror_geometry\result.json
[save] D:\Users\dust\Documents\학교\2026년도1학기\컴퓨터비전\실습\FoundationStereo\experiments\ds_v2_seed1/livingroom_v47\mirror_geometry\plane.txt
[save] D:\Users\dust\Documents\학교\2026년도1학기\컴퓨터비전\실습\FoundationStereo\experiments\ds_v2_seed1/livingroom_v47\mirror_geometry\viz.png

DONE: D:\Users\dust\Documents\학교\2026년도1학기\컴퓨터비전\실습\FoundationStereo\experiments\ds_v2_seed1/livingroom_v47\mirror_geometry
[ds_v2_seed1/livingroom_v47] 거울 점 181375개 중 inlier 121730 (67.1%) / outlier 59645
  normal=[-0.465 -0.092 -0.881] d=2.966  rms(inlier)=0.0181 m  thr≈0.044 m
[save] D:\Users\dust\Documents\학교\2026년도1학기\컴퓨터비전\실습\FoundationStereo\experiments\ds_v2_seed1/livingroom_v47\mirror_geometry\ransac_inliers.png
[gt] livingroom_v47               perp 3.04m planRMS 0.0119m  normal [0.866, -0.024, -0.5]

생성 1, 건너뜀 0 (depth_gt/mask 없음 등)
[ds_v2_seed1/livingroom_v47] feature 184x320  mirror_frac=0.2108695652173913  feat_left=True
rank  signal              AUC    pol  sep     mean_in     mean_out
  1  post_entropy       0.6171   -  0.2609    0.915494    1.059605
  2  delta_argdisp      0.6122   -    0.15    29.05799   38.550792
  3  post_conf          0.6094   +  0.2052    0.602849    0.551718
  4  feat_left_pc1      0.5695   -  0.1331    2.578396    2.994908
  5  feat_left_l2       0.5471   -   0.093   16.893111   17.218363
  6  delta_conf         0.5357   +  0.0446    0.208701    0.185139
  7  pre_entropy        0.5312   -    0.01    2.145342    2.163703
  8  pre_conf           0.5201   +  0.0625    0.394148    0.366579
  9  delta_entropy      0.5177   -  0.0637   -1.229849   -1.104098
 10  feat_left_pc2      0.5037   -  0.0116    2.012769    2.048685
 11  feat_left_pc3      0.5005   +  0.0027    1.993878    2.002221
BEST: post_entropy (AUC=0.6171, polarity=-)
저장: D:\Users\dust\Documents\학교\2026년도1학기\컴퓨터비전\실습\FoundationStereo\experiments\ds_v2_seed1/livingroom_v47\features\report.json / panels.png / mirror_signal.npy
[device] cuda
  [train] epoch 60/300  loss=0.6389
  [train] epoch 120/300  loss=0.4776
  [train] epoch 180/300  loss=0.3873
  [train] epoch 240/300  loss=0.3278
  [train] epoch 300/300  loss=0.2861

[VAL] scene=ds_v2_seed1/livingroom_v47  (pixel 70/30 split)
  AUC      = 0.9570
  IoU@0.5  = 0.6186
  F1@0.5   = 0.7644
  accuracy = 0.8879  (prec=0.6825, rec=0.8686)
  tp=3213 fp=1495 fn=486 tn=12470

[save] D:\Users\dust\Documents\학교\2026년도1학기\컴퓨터비전\실습\FoundationStereo\experiments\ds_v2_seed1/livingroom_v47\submodel
  pred_mask.png, panel.png, metrics.json, head.pt
DONE: D:\Users\dust\Documents\학교\2026년도1학기\컴퓨터비전\실습\FoundationStereo\experiments\ds_v2_seed1/livingroom_v47\submodel
[device] cuda
[load] D:\Users\dust\Documents\학교\2026년도1학기\컴퓨터비전\실습\FoundationStereo\experiments\_model\general_head.pt  (train_scenes=['archiviz_baseline080', 'bedroom_baseline080', 'blue_bathroom_baseline080', 'computer_room_baseline080', 'cozy_living_room_baseline080', 'flat-archiviz_baseline080', 'green_house_baseline080', 'gym_baseline080', 'livingroom_baseline080', 'minimal_interior_baseline080', 'scandinavian_baseline080', 'sunlight_baseline080'])

[APPLY] ds_v2_seed1/livingroom_v47  (저장모델로 새 데이터 평가)
  AUC      = 0.8460
  IoU@0.5  = 0.3126
  F1@0.5   = 0.4764
  accuracy = 0.8172  (prec=0.6015, rec=0.3943)
  tp=4896 fp=3244 fn=7520 tn=43220
[save] D:\Users\dust\Documents\학교\2026년도1학기\컴퓨터비전\실습\FoundationStereo\experiments\ds_v2_seed1/livingroom_v47\submodel_applied  (pred_mask.png, panel.png, metrics.json)

============================================================
STEP: estimate_mirror_plane
============================================================

============================================================
STEP: viz_ransac_inliers
============================================================

============================================================
STEP: make_mirror_gt_from_depth
============================================================

============================================================
STEP: analyze_features
============================================================

============================================================
STEP: submodel_head
============================================================

============================================================
STEP: apply_submodel
============================================================

DONE: D:\Users\dust\Documents\학교\2026년도1학기\컴퓨터비전\실습\FoundationStereo\experiments\ds_v2_seed1/livingroom_v47 (ok)

##### [49/119] ds_v2_seed1/livingroom_v48  (done 29, fail 0, skip 19, elapsed 18m, ETA 44m) #####
[scene] ds_v2_seed1/livingroom_v48  size=1280x720
[select] mirror 점 개수 = 193648  (mask=193648, valid&depth = 894211)
[conf] mirror 영역 평균 confidence = 0.6362

=== 평면 추정 결과 ===
  [PCA (closed form)]
      normal = [-0.6886, -0.0331, -0.7244]
      d = +2.5714   mirror_depth(perp) = 2.5714 m   view_z = 4.8740 m
      n_inliers = 193648/193648   rms_residual = 0.26208 m
  [RANSAC]
      normal = [-0.6823, -0.0472, -0.7296]
      d = +2.7577   mirror_depth(perp) = 2.7577 m   view_z = 4.8740 m
      n_inliers = 115317/193648   rms_residual = 0.01544 m
  [SVD robust (IRLS)]
      normal = [-0.6637, -0.0774, -0.7440]
      d = +2.8101   mirror_depth(perp) = 2.8101 m   view_z = 4.8740 m
      n_inliers = 93233/193648   rms_residual = 0.03408 m

[save] D:\Users\dust\Documents\학교\2026년도1학기\컴퓨터비전\실습\FoundationStereo\experiments\ds_v2_seed1/livingroom_v48\mirror_geometry\result.json
[save] D:\Users\dust\Documents\학교\2026년도1학기\컴퓨터비전\실습\FoundationStereo\experiments\ds_v2_seed1/livingroom_v48\mirror_geometry\plane.txt
[save] D:\Users\dust\Documents\학교\2026년도1학기\컴퓨터비전\실습\FoundationStereo\experiments\ds_v2_seed1/livingroom_v48\mirror_geometry\viz.png

DONE: D:\Users\dust\Documents\학교\2026년도1학기\컴퓨터비전\실습\FoundationStereo\experiments\ds_v2_seed1/livingroom_v48\mirror_geometry
[ds_v2_seed1/livingroom_v48] 거울 점 193648개 중 inlier 115317 (59.5%) / outlier 78331
  normal=[-0.682 -0.047 -0.73 ] d=2.758  rms(inlier)=0.0154 m  thr≈0.057 m
[save] D:\Users\dust\Documents\학교\2026년도1학기\컴퓨터비전\실습\FoundationStereo\experiments\ds_v2_seed1/livingroom_v48\mirror_geometry\ransac_inliers.png
[gt] livingroom_v48               perp 3.02m planRMS 0.0130m  normal [0.705, -0.029, -0.709]

생성 1, 건너뜀 0 (depth_gt/mask 없음 등)
[ds_v2_seed1/livingroom_v48] feature 184x320  mirror_frac=0.20957880434782608  feat_left=True
rank  signal              AUC    pol  sep     mean_in     mean_out
  1  post_entropy       0.6974   -  0.3855    0.854059    1.092729
  2  post_conf          0.6715   +  0.3279    0.635467    0.547807
  3  delta_conf         0.5885   +   0.158    0.259438    0.179871
  4  delta_argdisp      0.5747   -  0.1212   28.496272   35.641061
  5  feat_left_pc1      0.5598   -  0.1116    2.664872    3.012741
  6  delta_entropy      0.5498   -  0.0762   -1.243044   -1.108304
  7  feat_left_l2       0.5309   -  0.0663   17.053118   17.277413
  8  pre_entropy        0.5301   -  0.0654    2.097102    2.201033
  9  pre_conf            0.516   +  0.0198    0.376029    0.367936
 10  feat_left_pc2      0.5102   -  0.0222    2.027067    2.096094
 11  feat_left_pc3      0.5015   -  0.0051    2.025143    2.040797
BEST: post_entropy (AUC=0.6974, polarity=-)
저장: D:\Users\dust\Documents\학교\2026년도1학기\컴퓨터비전\실습\FoundationStereo\experiments\ds_v2_seed1/livingroom_v48\features\report.json / panels.png / mirror_signal.npy
[device] cuda
  [train] epoch 60/300  loss=0.5955
  [train] epoch 120/300  loss=0.4466
  [train] epoch 180/300  loss=0.3636
  [train] epoch 240/300  loss=0.3099
  [train] epoch 300/300  loss=0.2727

[VAL] scene=ds_v2_seed1/livingroom_v48  (pixel 70/30 split)
  AUC      = 0.9627
  IoU@0.5  = 0.6423
  F1@0.5   = 0.7822
  accuracy = 0.8952  (prec=0.6869, rec=0.9082)
  tp=3324 fp=1515 fn=336 tn=12489

[save] D:\Users\dust\Documents\학교\2026년도1학기\컴퓨터비전\실습\FoundationStereo\experiments\ds_v2_seed1/livingroom_v48\submodel
  pred_mask.png, panel.png, metrics.json, head.pt
DONE: D:\Users\dust\Documents\학교\2026년도1학기\컴퓨터비전\실습\FoundationStereo\experiments\ds_v2_seed1/livingroom_v48\submodel
[device] cuda
[load] D:\Users\dust\Documents\학교\2026년도1학기\컴퓨터비전\실습\FoundationStereo\experiments\_model\general_head.pt  (train_scenes=['archiviz_baseline080', 'bedroom_baseline080', 'blue_bathroom_baseline080', 'computer_room_baseline080', 'cozy_living_room_baseline080', 'flat-archiviz_baseline080', 'green_house_baseline080', 'gym_baseline080', 'livingroom_baseline080', 'minimal_interior_baseline080', 'scandinavian_baseline080', 'sunlight_baseline080'])

[APPLY] ds_v2_seed1/livingroom_v48  (저장모델로 새 데이터 평가)
  AUC      = 0.8356
  IoU@0.5  = 0.3235
  F1@0.5   = 0.4888
  accuracy = 0.8037  (prec=0.5379, rec=0.4480)
  tp=5528 fp=4749 fn=6812 tn=41791
[save] D:\Users\dust\Documents\학교\2026년도1학기\컴퓨터비전\실습\FoundationStereo\experiments\ds_v2_seed1/livingroom_v48\submodel_applied  (pred_mask.png, panel.png, metrics.json)

============================================================
STEP: estimate_mirror_plane
============================================================

============================================================
STEP: viz_ransac_inliers
============================================================

============================================================
STEP: make_mirror_gt_from_depth
============================================================

============================================================
STEP: analyze_features
============================================================

============================================================
STEP: submodel_head
============================================================

============================================================
STEP: apply_submodel
============================================================

DONE: D:\Users\dust\Documents\학교\2026년도1학기\컴퓨터비전\실습\FoundationStereo\experiments\ds_v2_seed1/livingroom_v48 (ok)

##### [50/119] ds_v2_seed1/livingroom_v49  (done 30, fail 0, skip 19, elapsed 19m, ETA 44m) #####
[scene] ds_v2_seed1/livingroom_v49  size=1280x720
[select] mirror 점 개수 = 166929  (mask=173967, valid&depth = 900084)
[conf] mirror 영역 평균 confidence = 0.6172

=== 평면 추정 결과 ===
  [PCA (closed form)]
      normal = [-0.4789, -0.0407, -0.8769]
      d = +2.8151   mirror_depth(perp) = 2.8151 m   view_z = 4.3951 m
      n_inliers = 166929/166929   rms_residual = 0.11479 m
  [RANSAC]
      normal = [-0.4734, +0.0457, -0.8796]
      d = +2.9327   mirror_depth(perp) = 2.9327 m   view_z = 4.3951 m
      n_inliers = 133914/166929   rms_residual = 0.01268 m
  [SVD robust (IRLS)]
      normal = [-0.4730, +0.0175, -0.8809]
      d = +2.9072   mirror_depth(perp) = 2.9072 m   view_z = 4.3951 m
      n_inliers = 121238/166929   rms_residual = 0.01768 m

[save] D:\Users\dust\Documents\학교\2026년도1학기\컴퓨터비전\실습\FoundationStereo\experiments\ds_v2_seed1/livingroom_v49\mirror_geometry\result.json
[save] D:\Users\dust\Documents\학교\2026년도1학기\컴퓨터비전\실습\FoundationStereo\experiments\ds_v2_seed1/livingroom_v49\mirror_geometry\plane.txt
[save] D:\Users\dust\Documents\학교\2026년도1학기\컴퓨터비전\실습\FoundationStereo\experiments\ds_v2_seed1/livingroom_v49\mirror_geometry\viz.png

DONE: D:\Users\dust\Documents\학교\2026년도1학기\컴퓨터비전\실습\FoundationStereo\experiments\ds_v2_seed1/livingroom_v49\mirror_geometry
[ds_v2_seed1/livingroom_v49] 거울 점 166929개 중 inlier 133914 (80.2%) / outlier 33015
  normal=[-0.473  0.046 -0.88 ] d=2.933  rms(inlier)=0.0127 m  thr≈0.050 m
[save] D:\Users\dust\Documents\학교\2026년도1학기\컴퓨터비전\실습\FoundationStereo\experiments\ds_v2_seed1/livingroom_v49\mirror_geometry\ransac_inliers.png
[gt] livingroom_v49               perp 2.89m planRMS 0.0125m  normal [0.864, 0.071, -0.499]

생성 1, 건너뜀 0 (depth_gt/mask 없음 등)
[ds_v2_seed1/livingroom_v49] feature 184x320  mirror_frac=0.1903023097826087  feat_left=True
rank  signal              AUC    pol  sep     mean_in     mean_out
  1  delta_argdisp      0.6136   -   0.148   29.625167   38.814473
  2  feat_left_pc1      0.5534   -  0.1037    2.637643    2.954693
  3  post_conf          0.5451   +  0.0799    0.613376    0.591593
  4  feat_left_l2       0.5416   -  0.0981   16.775378   17.134049
  5  pre_entropy        0.5268   -  0.0199    2.163051    2.198558
  6  feat_left_pc3      0.5185   +  0.0297     2.01621    1.927043
  7  pre_conf           0.5154   +  0.0504    0.380448    0.359082
  8  delta_entropy      0.5154   +  0.0016   -1.247025   -1.250116
  9  post_entropy       0.5137   -  0.0552    0.916026    0.948442
 10  delta_conf         0.5051   +  0.0008    0.232928    0.232511
 11  feat_left_pc2      0.5037   +  0.0019    2.005612    1.999804
BEST: delta_argdisp (AUC=0.6136, polarity=-)
저장: D:\Users\dust\Documents\학교\2026년도1학기\컴퓨터비전\실습\FoundationStereo\experiments\ds_v2_seed1/livingroom_v49\features\report.json / panels.png / mirror_signal.npy
[device] cuda
  [train] epoch 60/300  loss=0.6442
  [train] epoch 120/300  loss=0.4490
  [train] epoch 180/300  loss=0.3295
  [train] epoch 240/300  loss=0.2544
  [train] epoch 300/300  loss=0.2055

[VAL] scene=ds_v2_seed1/livingroom_v49  (pixel 70/30 split)
  AUC      = 0.9786
  IoU@0.5  = 0.7022
  F1@0.5   = 0.8250
  accuracy = 0.9254  (prec=0.7442, rec=0.9255)
  tp=3105 fp=1067 fn=250 tn=13242

[save] D:\Users\dust\Documents\학교\2026년도1학기\컴퓨터비전\실습\FoundationStereo\experiments\ds_v2_seed1/livingroom_v49\submodel
  pred_mask.png, panel.png, metrics.json, head.pt
DONE: D:\Users\dust\Documents\학교\2026년도1학기\컴퓨터비전\실습\FoundationStereo\experiments\ds_v2_seed1/livingroom_v49\submodel
[device] cuda
[load] D:\Users\dust\Documents\학교\2026년도1학기\컴퓨터비전\실습\FoundationStereo\experiments\_model\general_head.pt  (train_scenes=['archiviz_baseline080', 'bedroom_baseline080', 'blue_bathroom_baseline080', 'computer_room_baseline080', 'cozy_living_room_baseline080', 'flat-archiviz_baseline080', 'green_house_baseline080', 'gym_baseline080', 'livingroom_baseline080', 'minimal_interior_baseline080', 'scandinavian_baseline080', 'sunlight_baseline080'])

[APPLY] ds_v2_seed1/livingroom_v49  (저장모델로 새 데이터 평가)
  AUC      = 0.9265
  IoU@0.5  = 0.4201
  F1@0.5   = 0.5917
  accuracy = 0.8696  (prec=0.7321, rec=0.4965)
  tp=5563 fp=2036 fn=5642 tn=45639
[save] D:\Users\dust\Documents\학교\2026년도1학기\컴퓨터비전\실습\FoundationStereo\experiments\ds_v2_seed1/livingroom_v49\submodel_applied  (pred_mask.png, panel.png, metrics.json)

============================================================
STEP: estimate_mirror_plane
============================================================

============================================================
STEP: viz_ransac_inliers
============================================================

============================================================
STEP: make_mirror_gt_from_depth
============================================================

============================================================
STEP: analyze_features
============================================================

============================================================
STEP: submodel_head
============================================================

============================================================
STEP: apply_submodel
============================================================

DONE: D:\Users\dust\Documents\학교\2026년도1학기\컴퓨터비전\실습\FoundationStereo\experiments\ds_v2_seed1/livingroom_v49 (ok)

##### [51/119] ds_v2_seed1/livingroom_v50  (done 31, fail 0, skip 19, elapsed 19m, ETA 43m) #####
[scene] ds_v2_seed1/livingroom_v50  size=1280x720
[select] mirror 점 개수 = 213415  (mask=216802, valid&depth = 897961)
[conf] mirror 영역 평균 confidence = 0.5982

=== 평면 추정 결과 ===
  [PCA (closed form)]
      normal = [-0.5361, -0.1021, -0.8380]
      d = +2.6726   mirror_depth(perp) = 2.6726 m   view_z = 4.4933 m
      n_inliers = 213415/213415   rms_residual = 0.18007 m
  [RANSAC]
      normal = [-0.6204, +0.0142, -0.7841]
      d = +2.4709   mirror_depth(perp) = 2.4709 m   view_z = 4.4933 m
      n_inliers = 114299/213415   rms_residual = 0.01682 m
  [SVD robust (IRLS)]
      normal = [-0.5419, -0.0582, -0.8384]
      d = +2.7236   mirror_depth(perp) = 2.7236 m   view_z = 4.4933 m
      n_inliers = 68590/213415   rms_residual = 0.03063 m

[save] D:\Users\dust\Documents\학교\2026년도1학기\컴퓨터비전\실습\FoundationStereo\experiments\ds_v2_seed1/livingroom_v50\mirror_geometry\result.json
[save] D:\Users\dust\Documents\학교\2026년도1학기\컴퓨터비전\실습\FoundationStereo\experiments\ds_v2_seed1/livingroom_v50\mirror_geometry\plane.txt
[save] D:\Users\dust\Documents\학교\2026년도1학기\컴퓨터비전\실습\FoundationStereo\experiments\ds_v2_seed1/livingroom_v50\mirror_geometry\viz.png

DONE: D:\Users\dust\Documents\학교\2026년도1학기\컴퓨터비전\실습\FoundationStereo\experiments\ds_v2_seed1/livingroom_v50\mirror_geometry
[ds_v2_seed1/livingroom_v50] 거울 점 213415개 중 inlier 114299 (53.6%) / outlier 99116
  normal=[-0.62   0.014 -0.784] d=2.471  rms(inlier)=0.0168 m  thr≈0.052 m
[save] D:\Users\dust\Documents\학교\2026년도1학기\컴퓨터비전\실습\FoundationStereo\experiments\ds_v2_seed1/livingroom_v50\mirror_geometry\ransac_inliers.png
[gt] livingroom_v50               perp 2.85m planRMS 0.0139m  normal [0.757, 0.08, -0.648]

생성 1, 건너뜀 0 (depth_gt/mask 없음 등)
[ds_v2_seed1/livingroom_v50] feature 184x320  mirror_frac=0.23634510869565217  feat_left=True
rank  signal              AUC    pol  sep     mean_in     mean_out
  1  delta_argdisp      0.6149   -  0.1535    29.06065   38.275398
  2  feat_left_l2       0.5571   -  0.1166   16.723006   17.142764
  3  delta_conf         0.5447   -  0.0848    0.201781    0.242939
  4  delta_entropy      0.5433   +  0.0644   -1.167843    -1.28176
  5  feat_left_pc1      0.5432   -  0.0844    2.690273    2.948136
  6  pre_entropy        0.5371   -  0.0613    2.070387    2.174231
  7  pre_conf           0.5318   +  0.0743    0.395909    0.364794
  8  post_conf          0.5314   -  0.0418     0.59769    0.607732
  9  post_entropy       0.5212   +  0.0195    0.902544    0.892471
 10  feat_left_pc3      0.5104   +  0.0155    1.975425    1.929464
 11  feat_left_pc2      0.5059   +  0.0107    2.009909    1.977187
BEST: delta_argdisp (AUC=0.6149, polarity=-)
저장: D:\Users\dust\Documents\학교\2026년도1학기\컴퓨터비전\실습\FoundationStereo\experiments\ds_v2_seed1/livingroom_v50\features\report.json / panels.png / mirror_signal.npy
[device] cuda
  [train] epoch 60/300  loss=0.5560
  [train] epoch 120/300  loss=0.3920
  [train] epoch 180/300  loss=0.2975
  [train] epoch 240/300  loss=0.2370
  [train] epoch 300/300  loss=0.1964

[VAL] scene=ds_v2_seed1/livingroom_v50  (pixel 70/30 split)
  AUC      = 0.9794
  IoU@0.5  = 0.7447
  F1@0.5   = 0.8537
  accuracy = 0.9241  (prec=0.7845, rec=0.9363)
  tp=3909 fp=1074 fn=266 tn=12415

[save] D:\Users\dust\Documents\학교\2026년도1학기\컴퓨터비전\실습\FoundationStereo\experiments\ds_v2_seed1/livingroom_v50\submodel
  pred_mask.png, panel.png, metrics.json, head.pt
DONE: D:\Users\dust\Documents\학교\2026년도1학기\컴퓨터비전\실습\FoundationStereo\experiments\ds_v2_seed1/livingroom_v50\submodel
[device] cuda
[load] D:\Users\dust\Documents\학교\2026년도1학기\컴퓨터비전\실습\FoundationStereo\experiments\_model\general_head.pt  (train_scenes=['archiviz_baseline080', 'bedroom_baseline080', 'blue_bathroom_baseline080', 'computer_room_baseline080', 'cozy_living_room_baseline080', 'flat-archiviz_baseline080', 'green_house_baseline080', 'gym_baseline080', 'livingroom_baseline080', 'minimal_interior_baseline080', 'scandinavian_baseline080', 'sunlight_baseline080'])

[APPLY] ds_v2_seed1/livingroom_v50  (저장모델로 새 데이터 평가)
  AUC      = 0.9493
  IoU@0.5  = 0.4577
  F1@0.5   = 0.6279
  accuracy = 0.8607  (prec=0.8518, rec=0.4973)
  tp=6920 fp=1204 fn=6996 tn=43760
[save] D:\Users\dust\Documents\학교\2026년도1학기\컴퓨터비전\실습\FoundationStereo\experiments\ds_v2_seed1/livingroom_v50\submodel_applied  (pred_mask.png, panel.png, metrics.json)

============================================================
STEP: estimate_mirror_plane
============================================================

============================================================
STEP: viz_ransac_inliers
============================================================

============================================================
STEP: make_mirror_gt_from_depth
============================================================

============================================================
STEP: analyze_features
============================================================

============================================================
STEP: submodel_head
============================================================

============================================================
STEP: apply_submodel
============================================================

DONE: D:\Users\dust\Documents\학교\2026년도1학기\컴퓨터비전\실습\FoundationStereo\experiments\ds_v2_seed1/livingroom_v50 (ok)

##### [52/119] ds_v2_seed1/livingroom_v51  (done 32, fail 0, skip 19, elapsed 20m, ETA 43m) #####
[scene] ds_v2_seed1/livingroom_v51  size=1280x720
[select] mirror 점 개수 = 142058  (mask=142058, valid&depth = 889770)
[conf] mirror 영역 평균 confidence = 0.6424

=== 평면 추정 결과 ===
  [PCA (closed form)]
      normal = [-0.6672, -0.0148, -0.7447]
      d = +2.9553   mirror_depth(perp) = 2.9553 m   view_z = 5.0492 m
      n_inliers = 142058/142058   rms_residual = 0.15114 m
  [RANSAC]
      normal = [-0.6673, +0.0504, -0.7431]
      d = +3.0391   mirror_depth(perp) = 3.0391 m   view_z = 5.0492 m
      n_inliers = 121941/142058   rms_residual = 0.06196 m
  [SVD robust (IRLS)]
      normal = [-0.6651, +0.0191, -0.7465]
      d = +3.0143   mirror_depth(perp) = 3.0143 m   view_z = 5.0492 m
      n_inliers = 124643/142058   rms_residual = 0.07039 m

[save] D:\Users\dust\Documents\학교\2026년도1학기\컴퓨터비전\실습\FoundationStereo\experiments\ds_v2_seed1/livingroom_v51\mirror_geometry\result.json
[save] D:\Users\dust\Documents\학교\2026년도1학기\컴퓨터비전\실습\FoundationStereo\experiments\ds_v2_seed1/livingroom_v51\mirror_geometry\plane.txt
[save] D:\Users\dust\Documents\학교\2026년도1학기\컴퓨터비전\실습\FoundationStereo\experiments\ds_v2_seed1/livingroom_v51\mirror_geometry\viz.png

DONE: D:\Users\dust\Documents\학교\2026년도1학기\컴퓨터비전\실습\FoundationStereo\experiments\ds_v2_seed1/livingroom_v51\mirror_geometry
[ds_v2_seed1/livingroom_v51] 거울 점 142058개 중 inlier 121941 (85.8%) / outlier 20117
  normal=[-0.667  0.05  -0.743] d=3.039  rms(inlier)=0.0620 m  thr≈0.156 m
[save] D:\Users\dust\Documents\학교\2026년도1학기\컴퓨터비전\실습\FoundationStereo\experiments\ds_v2_seed1/livingroom_v51\mirror_geometry\ransac_inliers.png
[gt] livingroom_v51               perp 3.14m planRMS 0.0135m  normal [0.686, 0.127, -0.717]

생성 1, 건너뜀 0 (depth_gt/mask 없음 등)
[ds_v2_seed1/livingroom_v51] feature 184x320  mirror_frac=0.15470448369565218  feat_left=True
rank  signal              AUC    pol  sep     mean_in     mean_out
  1  post_conf          0.5774   +  0.1351    0.642819    0.609513
  2  post_entropy       0.5654   -  0.1232    0.822717    0.881889
  3  delta_argdisp      0.5641   -  0.0829   30.701833   35.557574
  4  feat_left_pc1      0.5395   -  0.0742    2.666191    2.894752
  5  feat_left_l2       0.5314   -  0.0792   16.848993   17.129612
  6  pre_entropy        0.5292   -  0.0718    2.098268    2.207516
  7  pre_conf           0.5221   +  0.0299     0.37383    0.362109
  8  delta_conf          0.521   +  0.0461    0.268988    0.247404
  9  feat_left_pc3      0.5171   +  0.0245    2.045062    1.971171
 10  delta_entropy      0.5136   +  0.0316   -1.275551   -1.325627
 11  feat_left_pc2      0.5102   +  0.0086    2.048497    2.021929
BEST: post_conf (AUC=0.5774, polarity=+)
저장: D:\Users\dust\Documents\학교\2026년도1학기\컴퓨터비전\실습\FoundationStereo\experiments\ds_v2_seed1/livingroom_v51\features\report.json / panels.png / mirror_signal.npy
[device] cuda
  [train] epoch 60/300  loss=0.6410
  [train] epoch 120/300  loss=0.4522
  [train] epoch 180/300  loss=0.3318
  [train] epoch 240/300  loss=0.2536
  [train] epoch 300/300  loss=0.2026

[VAL] scene=ds_v2_seed1/livingroom_v51  (pixel 70/30 split)
  AUC      = 0.9829
  IoU@0.5  = 0.6923
  F1@0.5   = 0.8182
  accuracy = 0.9342  (prec=0.7199, rec=0.9474)
  tp=2614 fp=1017 fn=145 tn=13888

[save] D:\Users\dust\Documents\학교\2026년도1학기\컴퓨터비전\실습\FoundationStereo\experiments\ds_v2_seed1/livingroom_v51\submodel
  pred_mask.png, panel.png, metrics.json, head.pt
DONE: D:\Users\dust\Documents\학교\2026년도1학기\컴퓨터비전\실습\FoundationStereo\experiments\ds_v2_seed1/livingroom_v51\submodel
[device] cuda
[load] D:\Users\dust\Documents\학교\2026년도1학기\컴퓨터비전\실습\FoundationStereo\experiments\_model\general_head.pt  (train_scenes=['archiviz_baseline080', 'bedroom_baseline080', 'blue_bathroom_baseline080', 'computer_room_baseline080', 'cozy_living_room_baseline080', 'flat-archiviz_baseline080', 'green_house_baseline080', 'gym_baseline080', 'livingroom_baseline080', 'minimal_interior_baseline080', 'scandinavian_baseline080', 'sunlight_baseline080'])

[APPLY] ds_v2_seed1/livingroom_v51  (저장모델로 새 데이터 평가)
  AUC      = 0.9490
  IoU@0.5  = 0.4986
  F1@0.5   = 0.6654
  accuracy = 0.9047  (prec=0.7283, rec=0.6125)
  tp=5579 fp=2081 fn=3530 tn=47690
[save] D:\Users\dust\Documents\학교\2026년도1학기\컴퓨터비전\실습\FoundationStereo\experiments\ds_v2_seed1/livingroom_v51\submodel_applied  (pred_mask.png, panel.png, metrics.json)

============================================================
STEP: estimate_mirror_plane
============================================================

============================================================
STEP: viz_ransac_inliers
============================================================

============================================================
STEP: make_mirror_gt_from_depth
============================================================

============================================================
STEP: analyze_features
============================================================

============================================================
STEP: submodel_head
============================================================

============================================================
STEP: apply_submodel
============================================================

DONE: D:\Users\dust\Documents\학교\2026년도1학기\컴퓨터비전\실습\FoundationStereo\experiments\ds_v2_seed1/livingroom_v51 (ok)

##### [53/119] ds_v2_seed1/livingroom_v52  (done 33, fail 0, skip 19, elapsed 21m, ETA 42m) #####
[scene] ds_v2_seed1/livingroom_v52  size=1280x720
[select] mirror 점 개수 = 196727  (mask=196727, valid&depth = 893382)
[conf] mirror 영역 평균 confidence = 0.6073

=== 평면 추정 결과 ===
  [PCA (closed form)]
      normal = [-0.5783, +0.0237, -0.8154]
      d = +2.6605   mirror_depth(perp) = 2.6605 m   view_z = 4.6246 m
      n_inliers = 196727/196727   rms_residual = 0.23947 m
  [RANSAC]
      normal = [-0.5423, -0.0692, -0.8373]
      d = +2.9258   mirror_depth(perp) = 2.9258 m   view_z = 4.6246 m
      n_inliers = 129785/196727   rms_residual = 0.02131 m
  [SVD robust (IRLS)]
      normal = [-0.5334, -0.0686, -0.8431]
      d = +2.9435   mirror_depth(perp) = 2.9435 m   view_z = 4.6246 m
      n_inliers = 119959/196727   rms_residual = 0.02749 m

[save] D:\Users\dust\Documents\학교\2026년도1학기\컴퓨터비전\실습\FoundationStereo\experiments\ds_v2_seed1/livingroom_v52\mirror_geometry\result.json
[save] D:\Users\dust\Documents\학교\2026년도1학기\컴퓨터비전\실습\FoundationStereo\experiments\ds_v2_seed1/livingroom_v52\mirror_geometry\plane.txt
[save] D:\Users\dust\Documents\학교\2026년도1학기\컴퓨터비전\실습\FoundationStereo\experiments\ds_v2_seed1/livingroom_v52\mirror_geometry\viz.png

DONE: D:\Users\dust\Documents\학교\2026년도1학기\컴퓨터비전\실습\FoundationStereo\experiments\ds_v2_seed1/livingroom_v52\mirror_geometry
[ds_v2_seed1/livingroom_v52] 거울 점 196727개 중 inlier 129785 (66.0%) / outlier 66942
  normal=[-0.542 -0.069 -0.837] d=2.926  rms(inlier)=0.0213 m  thr≈0.052 m
[save] D:\Users\dust\Documents\학교\2026년도1학기\컴퓨터비전\실습\FoundationStereo\experiments\ds_v2_seed1/livingroom_v52\mirror_geometry\ransac_inliers.png
[gt] livingroom_v52               perp 2.93m planRMS 0.0108m  normal [0.822, -0.01, -0.569]

생성 1, 건너뜀 0 (depth_gt/mask 없음 등)
[ds_v2_seed1/livingroom_v52] feature 184x320  mirror_frac=0.21365489130434784  feat_left=True
rank  signal              AUC    pol  sep     mean_in     mean_out
  1  post_entropy        0.599   -  0.1484    0.890068    0.979465
  2  delta_argdisp      0.5945   -  0.1435   30.614467   39.538013
  3  post_conf          0.5737   +  0.1221    0.607795    0.575864
  4  pre_entropy        0.5582   -  0.0976     2.09843    2.265088
  5  feat_left_l2       0.5511   -  0.0981   16.882666   17.234552
  6  pre_conf           0.5458   +  0.0835    0.386482    0.352071
  7  feat_left_pc1      0.5359   -  0.0688    2.750507    2.964909
  8  delta_entropy      0.5212   +  0.0418   -1.208363   -1.285623
  9  feat_left_pc3      0.5047   +  0.0044    2.004256    1.991002
 10  feat_left_pc2      0.5023   -   0.011    2.007042    2.041113
 11  delta_conf         0.5005   +  0.0049    0.221313    0.223794
BEST: post_entropy (AUC=0.599, polarity=-)
저장: D:\Users\dust\Documents\학교\2026년도1학기\컴퓨터비전\실습\FoundationStereo\experiments\ds_v2_seed1/livingroom_v52\features\report.json / panels.png / mirror_signal.npy
[device] cuda
  [train] epoch 60/300  loss=0.6537
  [train] epoch 120/300  loss=0.4813
  [train] epoch 180/300  loss=0.3689
  [train] epoch 240/300  loss=0.2967
  [train] epoch 300/300  loss=0.2481

[VAL] scene=ds_v2_seed1/livingroom_v52  (pixel 70/30 split)
  AUC      = 0.9700
  IoU@0.5  = 0.6839
  F1@0.5   = 0.8123
  accuracy = 0.9099  (prec=0.7276, rec=0.9194)
  tp=3445 fp=1290 fn=302 tn=12627

[save] D:\Users\dust\Documents\학교\2026년도1학기\컴퓨터비전\실습\FoundationStereo\experiments\ds_v2_seed1/livingroom_v52\submodel
  pred_mask.png, panel.png, metrics.json, head.pt
DONE: D:\Users\dust\Documents\학교\2026년도1학기\컴퓨터비전\실습\FoundationStereo\experiments\ds_v2_seed1/livingroom_v52\submodel
[device] cuda
[load] D:\Users\dust\Documents\학교\2026년도1학기\컴퓨터비전\실습\FoundationStereo\experiments\_model\general_head.pt  (train_scenes=['archiviz_baseline080', 'bedroom_baseline080', 'blue_bathroom_baseline080', 'computer_room_baseline080', 'cozy_living_room_baseline080', 'flat-archiviz_baseline080', 'green_house_baseline080', 'gym_baseline080', 'livingroom_baseline080', 'minimal_interior_baseline080', 'scandinavian_baseline080', 'sunlight_baseline080'])

[APPLY] ds_v2_seed1/livingroom_v52  (저장모델로 새 데이터 평가)
  AUC      = 0.8935
  IoU@0.5  = 0.3473
  F1@0.5   = 0.5155
  accuracy = 0.8409  (prec=0.7377, rec=0.3962)
  tp=4984 fp=1772 fn=7596 tn=44528
[save] D:\Users\dust\Documents\학교\2026년도1학기\컴퓨터비전\실습\FoundationStereo\experiments\ds_v2_seed1/livingroom_v52\submodel_applied  (pred_mask.png, panel.png, metrics.json)

============================================================
STEP: estimate_mirror_plane
============================================================

============================================================
STEP: viz_ransac_inliers
============================================================

============================================================
STEP: make_mirror_gt_from_depth
============================================================

============================================================
STEP: analyze_features
============================================================

============================================================
STEP: submodel_head
============================================================

============================================================
STEP: apply_submodel
============================================================

DONE: D:\Users\dust\Documents\학교\2026년도1학기\컴퓨터비전\실습\FoundationStereo\experiments\ds_v2_seed1/livingroom_v52 (ok)

##### [54/119] ds_v2_seed1/livingroom_v53  (done 34, fail 0, skip 19, elapsed 21m, ETA 42m) #####
[scene] ds_v2_seed1/livingroom_v53  size=1280x720
[select] mirror 점 개수 = 166853  (mask=166853, valid&depth = 893900)
[conf] mirror 영역 평균 confidence = 0.6692

=== 평면 추정 결과 ===
  [PCA (closed form)]
      normal = [-0.8058, -0.0273, -0.5916]
      d = +2.8037   mirror_depth(perp) = 2.8037 m   view_z = 4.6726 m
      n_inliers = 166853/166853   rms_residual = 0.22278 m
  [RANSAC]
      normal = [-0.8157, -0.0349, -0.5774]
      d = +2.8644   mirror_depth(perp) = 2.8644 m   view_z = 4.6726 m
      n_inliers = 98819/166853   rms_residual = 0.01217 m
  [SVD robust (IRLS)]
      normal = [-0.7837, -0.1014, -0.6128]
      d = +2.9867   mirror_depth(perp) = 2.9867 m   view_z = 4.6726 m
      n_inliers = 59129/166853   rms_residual = 0.02636 m

[save] D:\Users\dust\Documents\학교\2026년도1학기\컴퓨터비전\실습\FoundationStereo\experiments\ds_v2_seed1/livingroom_v53\mirror_geometry\result.json
[save] D:\Users\dust\Documents\학교\2026년도1학기\컴퓨터비전\실습\FoundationStereo\experiments\ds_v2_seed1/livingroom_v53\mirror_geometry\plane.txt
[save] D:\Users\dust\Documents\학교\2026년도1학기\컴퓨터비전\실습\FoundationStereo\experiments\ds_v2_seed1/livingroom_v53\mirror_geometry\viz.png

DONE: D:\Users\dust\Documents\학교\2026년도1학기\컴퓨터비전\실습\FoundationStereo\experiments\ds_v2_seed1/livingroom_v53\mirror_geometry
[ds_v2_seed1/livingroom_v53] 거울 점 166853개 중 inlier 98819 (59.2%) / outlier 68034
  normal=[-0.816 -0.035 -0.577] d=2.864  rms(inlier)=0.0122 m  thr≈0.046 m
[save] D:\Users\dust\Documents\학교\2026년도1학기\컴퓨터비전\실습\FoundationStereo\experiments\ds_v2_seed1/livingroom_v53\mirror_geometry\ransac_inliers.png
[gt] livingroom_v53               perp 2.72m planRMS 0.0105m  normal [0.572, -0.071, -0.817]

생성 1, 건너뜀 0 (depth_gt/mask 없음 등)
[ds_v2_seed1/livingroom_v53] feature 184x320  mirror_frac=0.1806046195652174  feat_left=True
rank  signal              AUC    pol  sep     mean_in     mean_out
  1  post_entropy       0.8084   -  0.6019    0.772439    1.000044
  2  post_conf          0.7566   +   0.491    0.669265    0.562836
  3  delta_conf         0.6483   +  0.2652    0.290597    0.167319
  4  delta_entropy      0.5893   -  0.1437   -1.300214   -1.072298
  5  delta_argdisp      0.5869   -  0.1428   29.940098   38.414749
  6  feat_left_pc1      0.5733   -  0.1308    2.814392    3.218132
  7  pre_conf            0.519   -   0.042    0.378668    0.395517
  8  feat_left_pc2      0.5144   +  0.0181     2.09521    2.038459
  9  pre_entropy        0.5131   +  0.0002    2.072653    2.072342
 10  feat_left_l2       0.5111   +   0.001   17.262988   17.266448
 11  feat_left_pc3      0.5082   +  0.0106    2.029597    1.997224
BEST: post_entropy (AUC=0.8084, polarity=-)
저장: D:\Users\dust\Documents\학교\2026년도1학기\컴퓨터비전\실습\FoundationStereo\experiments\ds_v2_seed1/livingroom_v53\features\report.json / panels.png / mirror_signal.npy
[device] cuda
  [train] epoch 60/300  loss=0.5660
  [train] epoch 120/300  loss=0.3983
  [train] epoch 180/300  loss=0.3051
  [train] epoch 240/300  loss=0.2407
  [train] epoch 300/300  loss=0.1968

[VAL] scene=ds_v2_seed1/livingroom_v53  (pixel 70/30 split)
  AUC      = 0.9827
  IoU@0.5  = 0.7174
  F1@0.5   = 0.8354
  accuracy = 0.9338  (prec=0.7563, rec=0.9331)
  tp=2970 fp=957 fn=213 tn=13524

[save] D:\Users\dust\Documents\학교\2026년도1학기\컴퓨터비전\실습\FoundationStereo\experiments\ds_v2_seed1/livingroom_v53\submodel
  pred_mask.png, panel.png, metrics.json, head.pt
DONE: D:\Users\dust\Documents\학교\2026년도1학기\컴퓨터비전\실습\FoundationStereo\experiments\ds_v2_seed1/livingroom_v53\submodel
[device] cuda
[load] D:\Users\dust\Documents\학교\2026년도1학기\컴퓨터비전\실습\FoundationStereo\experiments\_model\general_head.pt  (train_scenes=['archiviz_baseline080', 'bedroom_baseline080', 'blue_bathroom_baseline080', 'computer_room_baseline080', 'cozy_living_room_baseline080', 'flat-archiviz_baseline080', 'green_house_baseline080', 'gym_baseline080', 'livingroom_baseline080', 'minimal_interior_baseline080', 'scandinavian_baseline080', 'sunlight_baseline080'])

[APPLY] ds_v2_seed1/livingroom_v53  (저장모델로 새 데이터 평가)
  AUC      = 0.9156
  IoU@0.5  = 0.3487
  F1@0.5   = 0.5171
  accuracy = 0.8742  (prec=0.8426, rec=0.3730)
  tp=3967 fp=741 fn=6667 tn=47505
[save] D:\Users\dust\Documents\학교\2026년도1학기\컴퓨터비전\실습\FoundationStereo\experiments\ds_v2_seed1/livingroom_v53\submodel_applied  (pred_mask.png, panel.png, metrics.json)

============================================================
STEP: estimate_mirror_plane
============================================================

============================================================
STEP: viz_ransac_inliers
============================================================

============================================================
STEP: make_mirror_gt_from_depth
============================================================

============================================================
STEP: analyze_features
============================================================

============================================================
STEP: submodel_head
============================================================

============================================================
STEP: apply_submodel
============================================================

DONE: D:\Users\dust\Documents\학교\2026년도1학기\컴퓨터비전\실습\FoundationStereo\experiments\ds_v2_seed1/livingroom_v53 (ok)

##### [55/119] ds_v2_seed1/livingroom_v54  (done 35, fail 0, skip 19, elapsed 22m, ETA 41m) #####
[scene] ds_v2_seed1/livingroom_v54  size=1280x720
[select] mirror 점 개수 = 207256  (mask=216106, valid&depth = 902392)
[conf] mirror 영역 평균 confidence = 0.6346

=== 평면 추정 결과 ===
  [PCA (closed form)]
      normal = [-0.4732, -0.0630, -0.8787]
      d = +2.8064   mirror_depth(perp) = 2.8064 m   view_z = 4.3192 m
      n_inliers = 207256/207256   rms_residual = 0.13816 m
  [RANSAC]
      normal = [-0.4780, -0.0357, -0.8776]
      d = +2.8639   mirror_depth(perp) = 2.8639 m   view_z = 4.3192 m
      n_inliers = 148582/207256   rms_residual = 0.01622 m
  [SVD robust (IRLS)]
      normal = [-0.4709, -0.0445, -0.8811]
      d = +2.8726   mirror_depth(perp) = 2.8726 m   view_z = 4.3192 m
      n_inliers = 145007/207256   rms_residual = 0.02426 m

[save] D:\Users\dust\Documents\학교\2026년도1학기\컴퓨터비전\실습\FoundationStereo\experiments\ds_v2_seed1/livingroom_v54\mirror_geometry\result.json
[save] D:\Users\dust\Documents\학교\2026년도1학기\컴퓨터비전\실습\FoundationStereo\experiments\ds_v2_seed1/livingroom_v54\mirror_geometry\plane.txt
[save] D:\Users\dust\Documents\학교\2026년도1학기\컴퓨터비전\실습\FoundationStereo\experiments\ds_v2_seed1/livingroom_v54\mirror_geometry\viz.png

DONE: D:\Users\dust\Documents\학교\2026년도1학기\컴퓨터비전\실습\FoundationStereo\experiments\ds_v2_seed1/livingroom_v54\mirror_geometry
[ds_v2_seed1/livingroom_v54] 거울 점 207256개 중 inlier 148582 (71.7%) / outlier 58674
  normal=[-0.478 -0.036 -0.878] d=2.864  rms(inlier)=0.0162 m  thr≈0.049 m
[save] D:\Users\dust\Documents\학교\2026년도1학기\컴퓨터비전\실습\FoundationStereo\experiments\ds_v2_seed1/livingroom_v54\mirror_geometry\ransac_inliers.png
[gt] livingroom_v54               perp 2.77m planRMS 0.0113m  normal [0.859, 0.01, -0.511]

생성 1, 건너뜀 0 (depth_gt/mask 없음 등)
[ds_v2_seed1/livingroom_v54] feature 184x320  mirror_frac=0.23573369565217392  feat_left=True
rank  signal              AUC    pol  sep     mean_in     mean_out
  1  post_entropy       0.6274   -  0.3137    0.849401    1.019714
  2  post_conf           0.621   +  0.2463    0.630892    0.568807
  3  delta_argdisp      0.6177   -  0.1587   28.733357   38.583933
  4  feat_left_pc1      0.5512   -  0.0946    2.742385    3.040831
  5  delta_conf         0.5482   +  0.0741    0.236425    0.198021
  6  feat_left_l2       0.5302   -  0.0637   16.963505   17.193837
  7  delta_entropy      0.5289   -  0.0787   -1.270687   -1.120254
  8  pre_entropy         0.526   -  0.0111    2.120087    2.139968
  9  pre_conf           0.5192   +  0.0545    0.394467    0.370786
 10  feat_left_pc3       0.517   +  0.0283    2.040789    1.954844
 11  feat_left_pc2      0.5029   +  0.0041    2.019221    2.006465
BEST: post_entropy (AUC=0.6274, polarity=-)
저장: D:\Users\dust\Documents\학교\2026년도1학기\컴퓨터비전\실습\FoundationStereo\experiments\ds_v2_seed1/livingroom_v54\features\report.json / panels.png / mirror_signal.npy
[device] cuda
  [train] epoch 60/300  loss=0.6084
  [train] epoch 120/300  loss=0.4433
  [train] epoch 180/300  loss=0.3487
  [train] epoch 240/300  loss=0.2872
  [train] epoch 300/300  loss=0.2444

[VAL] scene=ds_v2_seed1/livingroom_v54  (pixel 70/30 split)
  AUC      = 0.9685
  IoU@0.5  = 0.6860
  F1@0.5   = 0.8137
  accuracy = 0.9040  (prec=0.7409, rec=0.9026)
  tp=3705 fp=1296 fn=400 tn=12263

[save] D:\Users\dust\Documents\학교\2026년도1학기\컴퓨터비전\실습\FoundationStereo\experiments\ds_v2_seed1/livingroom_v54\submodel
  pred_mask.png, panel.png, metrics.json, head.pt
DONE: D:\Users\dust\Documents\학교\2026년도1학기\컴퓨터비전\실습\FoundationStereo\experiments\ds_v2_seed1/livingroom_v54\submodel
[device] cuda
[load] D:\Users\dust\Documents\학교\2026년도1학기\컴퓨터비전\실습\FoundationStereo\experiments\_model\general_head.pt  (train_scenes=['archiviz_baseline080', 'bedroom_baseline080', 'blue_bathroom_baseline080', 'computer_room_baseline080', 'cozy_living_room_baseline080', 'flat-archiviz_baseline080', 'green_house_baseline080', 'gym_baseline080', 'livingroom_baseline080', 'minimal_interior_baseline080', 'scandinavian_baseline080', 'sunlight_baseline080'])

[APPLY] ds_v2_seed1/livingroom_v54  (저장모델로 새 데이터 평가)
  AUC      = 0.8641
  IoU@0.5  = 0.2656
  F1@0.5   = 0.4197
  accuracy = 0.7978  (prec=0.6485, rec=0.3102)
  tp=4306 fp=2334 fn=9574 tn=42666
[save] D:\Users\dust\Documents\학교\2026년도1학기\컴퓨터비전\실습\FoundationStereo\experiments\ds_v2_seed1/livingroom_v54\submodel_applied  (pred_mask.png, panel.png, metrics.json)

============================================================
STEP: estimate_mirror_plane
============================================================

============================================================
STEP: viz_ransac_inliers
============================================================

============================================================
STEP: make_mirror_gt_from_depth
============================================================

============================================================
STEP: analyze_features
============================================================

============================================================
STEP: submodel_head
============================================================

============================================================
STEP: apply_submodel
============================================================

DONE: D:\Users\dust\Documents\학교\2026년도1학기\컴퓨터비전\실습\FoundationStereo\experiments\ds_v2_seed1/livingroom_v54 (ok)

##### [56/119] ds_v2_seed1/livingroom_v55  (done 36, fail 0, skip 19, elapsed 23m, ETA 40m) #####
[scene] ds_v2_seed1/livingroom_v55  size=1280x720
[select] mirror 점 개수 = 210558  (mask=210558, valid&depth = 884812)
[conf] mirror 영역 평균 confidence = 0.6186

=== 평면 추정 결과 ===
  [PCA (closed form)]
      normal = [-0.5566, -0.0448, -0.8296]
      d = +2.6848   mirror_depth(perp) = 2.6848 m   view_z = 4.2796 m
      n_inliers = 210558/210558   rms_residual = 0.13522 m
  [RANSAC]
      normal = [-0.5536, -0.0069, -0.8328]
      d = +2.7673   mirror_depth(perp) = 2.7673 m   view_z = 4.2796 m
      n_inliers = 170725/210558   rms_residual = 0.01662 m
  [SVD robust (IRLS)]
      normal = [-0.5524, -0.0200, -0.8333]
      d = +2.7531   mirror_depth(perp) = 2.7531 m   view_z = 4.2796 m
      n_inliers = 170005/210558   rms_residual = 0.02195 m

[save] D:\Users\dust\Documents\학교\2026년도1학기\컴퓨터비전\실습\FoundationStereo\experiments\ds_v2_seed1/livingroom_v55\mirror_geometry\result.json
[save] D:\Users\dust\Documents\학교\2026년도1학기\컴퓨터비전\실습\FoundationStereo\experiments\ds_v2_seed1/livingroom_v55\mirror_geometry\plane.txt
[save] D:\Users\dust\Documents\학교\2026년도1학기\컴퓨터비전\실습\FoundationStereo\experiments\ds_v2_seed1/livingroom_v55\mirror_geometry\viz.png

DONE: D:\Users\dust\Documents\학교\2026년도1학기\컴퓨터비전\실습\FoundationStereo\experiments\ds_v2_seed1/livingroom_v55\mirror_geometry
[ds_v2_seed1/livingroom_v55] 거울 점 210558개 중 inlier 170725 (81.1%) / outlier 39833
  normal=[-0.554 -0.007 -0.833] d=2.767  rms(inlier)=0.0166 m  thr≈0.054 m
[save] D:\Users\dust\Documents\학교\2026년도1학기\컴퓨터비전\실습\FoundationStereo\experiments\ds_v2_seed1/livingroom_v55\mirror_geometry\ransac_inliers.png
[gt] livingroom_v55               perp 2.48m planRMS 0.0095m  normal [0.807, 0.016, -0.591]

생성 1, 건너뜀 0 (depth_gt/mask 없음 등)
[ds_v2_seed1/livingroom_v55] feature 184x320  mirror_frac=0.22742866847826088  feat_left=True
rank  signal              AUC    pol  sep     mean_in     mean_out
  1  post_entropy       0.6101   -  0.2761    0.861019    1.006958
  2  delta_argdisp      0.5993   -  0.1482   29.109999   37.948889
  3  post_conf          0.5617   +  0.1407    0.617715    0.582221
  4  pre_entropy        0.5562   -  0.1098    2.027783    2.212832
  5  pre_conf           0.5397   +  0.0724    0.395215    0.364768
  6  feat_left_l2       0.5387   -  0.0713   17.031674   17.272154
  7  feat_left_pc3      0.5126   +  0.0191    2.027712    1.970012
  8  delta_entropy      0.5052   +  0.0217   -1.166764   -1.205874
  9  delta_conf         0.5036   +  0.0101      0.2225    0.217453
 10  feat_left_pc1      0.5009   +  0.0013    2.952773    2.948713
 11  feat_left_pc2         0.5   -   0.003    2.026847    2.017435
BEST: post_entropy (AUC=0.6101, polarity=-)
저장: D:\Users\dust\Documents\학교\2026년도1학기\컴퓨터비전\실습\FoundationStereo\experiments\ds_v2_seed1/livingroom_v55\features\report.json / panels.png / mirror_signal.npy
[device] cuda
  [train] epoch 60/300  loss=0.6416
  [train] epoch 120/300  loss=0.4665
  [train] epoch 180/300  loss=0.3580
  [train] epoch 240/300  loss=0.2916
  [train] epoch 300/300  loss=0.2471

[VAL] scene=ds_v2_seed1/livingroom_v55  (pixel 70/30 split)
  AUC      = 0.9683
  IoU@0.5  = 0.6802
  F1@0.5   = 0.8097
  accuracy = 0.9042  (prec=0.7285, rec=0.9111)
  tp=3599 fp=1341 fn=351 tn=12373

[save] D:\Users\dust\Documents\학교\2026년도1학기\컴퓨터비전\실습\FoundationStereo\experiments\ds_v2_seed1/livingroom_v55\submodel
  pred_mask.png, panel.png, metrics.json, head.pt
DONE: D:\Users\dust\Documents\학교\2026년도1학기\컴퓨터비전\실습\FoundationStereo\experiments\ds_v2_seed1/livingroom_v55\submodel
[device] cuda
[load] D:\Users\dust\Documents\학교\2026년도1학기\컴퓨터비전\실습\FoundationStereo\experiments\_model\general_head.pt  (train_scenes=['archiviz_baseline080', 'bedroom_baseline080', 'blue_bathroom_baseline080', 'computer_room_baseline080', 'cozy_living_room_baseline080', 'flat-archiviz_baseline080', 'green_house_baseline080', 'gym_baseline080', 'livingroom_baseline080', 'minimal_interior_baseline080', 'scandinavian_baseline080', 'sunlight_baseline080'])

[APPLY] ds_v2_seed1/livingroom_v55  (저장모델로 새 데이터 평가)
  AUC      = 0.8548
  IoU@0.5  = 0.2253
  F1@0.5   = 0.3677
  accuracy = 0.7774  (prec=0.5196, rec=0.2845)
  tp=3810 fp=3523 fn=9581 tn=41966
[save] D:\Users\dust\Documents\학교\2026년도1학기\컴퓨터비전\실습\FoundationStereo\experiments\ds_v2_seed1/livingroom_v55\submodel_applied  (pred_mask.png, panel.png, metrics.json)

============================================================
STEP: estimate_mirror_plane
============================================================

============================================================
STEP: viz_ransac_inliers
============================================================

============================================================
STEP: make_mirror_gt_from_depth
============================================================

============================================================
STEP: analyze_features
============================================================

============================================================
STEP: submodel_head
============================================================

============================================================
STEP: apply_submodel
============================================================

DONE: D:\Users\dust\Documents\학교\2026년도1학기\컴퓨터비전\실습\FoundationStereo\experiments\ds_v2_seed1/livingroom_v55 (ok)

##### [57/119] ds_v2_seed1/livingroom_v56  (done 37, fail 0, skip 19, elapsed 23m, ETA 40m) #####
[scene] ds_v2_seed1/livingroom_v56  size=1280x720
[select] mirror 점 개수 = 156007  (mask=156007, valid&depth = 886416)
[conf] mirror 영역 평균 confidence = 0.6504

=== 평면 추정 결과 ===
  [PCA (closed form)]
      normal = [-0.7897, +0.0031, -0.6135]
      d = +2.8081   mirror_depth(perp) = 2.8081 m   view_z = 4.9599 m
      n_inliers = 156007/156007   rms_residual = 0.22005 m
  [RANSAC]
      normal = [-0.7700, -0.0392, -0.6368]
      d = +3.0398   mirror_depth(perp) = 3.0398 m   view_z = 4.9599 m
      n_inliers = 110699/156007   rms_residual = 0.01670 m
  [SVD robust (IRLS)]
      normal = [-0.7692, -0.0526, -0.6369]
      d = +3.0212   mirror_depth(perp) = 3.0212 m   view_z = 4.9599 m
      n_inliers = 108147/156007   rms_residual = 0.02349 m

[save] D:\Users\dust\Documents\학교\2026년도1학기\컴퓨터비전\실습\FoundationStereo\experiments\ds_v2_seed1/livingroom_v56\mirror_geometry\result.json
[save] D:\Users\dust\Documents\학교\2026년도1학기\컴퓨터비전\실습\FoundationStereo\experiments\ds_v2_seed1/livingroom_v56\mirror_geometry\plane.txt
[save] D:\Users\dust\Documents\학교\2026년도1학기\컴퓨터비전\실습\FoundationStereo\experiments\ds_v2_seed1/livingroom_v56\mirror_geometry\viz.png

DONE: D:\Users\dust\Documents\학교\2026년도1학기\컴퓨터비전\실습\FoundationStereo\experiments\ds_v2_seed1/livingroom_v56\mirror_geometry
[ds_v2_seed1/livingroom_v56] 거울 점 156007개 중 inlier 110699 (71.0%) / outlier 45308
  normal=[-0.77  -0.039 -0.637] d=3.040  rms(inlier)=0.0167 m  thr≈0.055 m
[save] D:\Users\dust\Documents\학교\2026년도1학기\컴퓨터비전\실습\FoundationStereo\experiments\ds_v2_seed1/livingroom_v56\mirror_geometry\ransac_inliers.png
[gt] livingroom_v56               perp 2.98m planRMS 0.0129m  normal [0.595, -0.085, -0.8]

생성 1, 건너뜀 0 (depth_gt/mask 없음 등)
[ds_v2_seed1/livingroom_v56] feature 184x320  mirror_frac=0.16941236413043478  feat_left=True
rank  signal              AUC    pol  sep     mean_in     mean_out
  1  post_entropy       0.7495   -  0.4387     0.80257    1.016892
  2  post_conf          0.6968   +  0.3666     0.64948    0.560117
  3  delta_conf         0.6024   +  0.1818    0.268198    0.183068
  4  delta_argdisp      0.5755   -  0.1122   30.814637   37.632103
  5  feat_left_pc1       0.567   -  0.1256    2.656656    3.045571
  6  delta_entropy       0.545   -  0.0586   -1.242735   -1.147683
  7  pre_entropy        0.5277   -   0.078    2.045305    2.164575
  8  feat_left_l2       0.5251   -  0.0653   17.011699   17.238212
  9  feat_left_pc3      0.5131   +  0.0144    2.028013    1.984429
 10  pre_conf           0.5124   +  0.0107    0.381283    0.377049
 11  feat_left_pc2      0.5048   -  0.0143    1.994533    2.038811
BEST: post_entropy (AUC=0.7495, polarity=-)
저장: D:\Users\dust\Documents\학교\2026년도1학기\컴퓨터비전\실습\FoundationStereo\experiments\ds_v2_seed1/livingroom_v56\features\report.json / panels.png / mirror_signal.npy
[device] cuda
  [train] epoch 60/300  loss=0.6139
  [train] epoch 120/300  loss=0.4648
  [train] epoch 180/300  loss=0.3735
  [train] epoch 240/300  loss=0.3040
  [train] epoch 300/300  loss=0.2534

[VAL] scene=ds_v2_seed1/livingroom_v56  (pixel 70/30 split)
  AUC      = 0.9690
  IoU@0.5  = 0.6395
  F1@0.5   = 0.7801
  accuracy = 0.9128  (prec=0.6852, rec=0.9056)
  tp=2734 fp=1256 fn=285 tn=13389

[save] D:\Users\dust\Documents\학교\2026년도1학기\컴퓨터비전\실습\FoundationStereo\experiments\ds_v2_seed1/livingroom_v56\submodel
  pred_mask.png, panel.png, metrics.json, head.pt
DONE: D:\Users\dust\Documents\학교\2026년도1학기\컴퓨터비전\실습\FoundationStereo\experiments\ds_v2_seed1/livingroom_v56\submodel
[device] cuda
[load] D:\Users\dust\Documents\학교\2026년도1학기\컴퓨터비전\실습\FoundationStereo\experiments\_model\general_head.pt  (train_scenes=['archiviz_baseline080', 'bedroom_baseline080', 'blue_bathroom_baseline080', 'computer_room_baseline080', 'cozy_living_room_baseline080', 'flat-archiviz_baseline080', 'green_house_baseline080', 'gym_baseline080', 'livingroom_baseline080', 'minimal_interior_baseline080', 'scandinavian_baseline080', 'sunlight_baseline080'])

[APPLY] ds_v2_seed1/livingroom_v56  (저장모델로 새 데이터 평가)
  AUC      = 0.8631
  IoU@0.5  = 0.3380
  F1@0.5   = 0.5052
  accuracy = 0.8483  (prec=0.5644, rec=0.4572)
  tp=4561 fp=3520 fn=5414 tn=45385
[save] D:\Users\dust\Documents\학교\2026년도1학기\컴퓨터비전\실습\FoundationStereo\experiments\ds_v2_seed1/livingroom_v56\submodel_applied  (pred_mask.png, panel.png, metrics.json)

============================================================
STEP: estimate_mirror_plane
============================================================

============================================================
STEP: viz_ransac_inliers
============================================================

============================================================
STEP: make_mirror_gt_from_depth
============================================================

============================================================
STEP: analyze_features
============================================================

============================================================
STEP: submodel_head
============================================================

============================================================
STEP: apply_submodel
============================================================

DONE: D:\Users\dust\Documents\학교\2026년도1학기\컴퓨터비전\실습\FoundationStereo\experiments\ds_v2_seed1/livingroom_v56 (ok)

##### [58/119] ds_v2_seed1/livingroom_v57  (done 38, fail 0, skip 19, elapsed 24m, ETA 39m) #####
[scene] ds_v2_seed1/livingroom_v57  size=1280x720
[select] mirror 점 개수 = 184307  (mask=184307, valid&depth = 894364)
[conf] mirror 영역 평균 confidence = 0.6617

=== 평면 추정 결과 ===
  [PCA (closed form)]
      normal = [-0.6704, -0.0118, -0.7419]
      d = +2.6904   mirror_depth(perp) = 2.6904 m   view_z = 4.9848 m
      n_inliers = 184307/184307   rms_residual = 0.27970 m
  [RANSAC]
      normal = [-0.6646, -0.0722, -0.7437]
      d = +2.8715   mirror_depth(perp) = 2.8715 m   view_z = 4.9848 m
      n_inliers = 93338/184307   rms_residual = 0.01909 m
  [SVD robust (IRLS)]
      normal = [-0.6376, -0.0969, -0.7642]
      d = +2.9645   mirror_depth(perp) = 2.9645 m   view_z = 4.9848 m
      n_inliers = 68761/184307   rms_residual = 0.02939 m

[save] D:\Users\dust\Documents\학교\2026년도1학기\컴퓨터비전\실습\FoundationStereo\experiments\ds_v2_seed1/livingroom_v57\mirror_geometry\result.json
[save] D:\Users\dust\Documents\학교\2026년도1학기\컴퓨터비전\실습\FoundationStereo\experiments\ds_v2_seed1/livingroom_v57\mirror_geometry\plane.txt
[save] D:\Users\dust\Documents\학교\2026년도1학기\컴퓨터비전\실습\FoundationStereo\experiments\ds_v2_seed1/livingroom_v57\mirror_geometry\viz.png

DONE: D:\Users\dust\Documents\학교\2026년도1학기\컴퓨터비전\실습\FoundationStereo\experiments\ds_v2_seed1/livingroom_v57\mirror_geometry
[ds_v2_seed1/livingroom_v57] 거울 점 184307개 중 inlier 93338 (50.6%) / outlier 90969
  normal=[-0.665 -0.072 -0.744] d=2.871  rms(inlier)=0.0191 m  thr≈0.056 m
[save] D:\Users\dust\Documents\학교\2026년도1학기\컴퓨터비전\실습\FoundationStereo\experiments\ds_v2_seed1/livingroom_v57\mirror_geometry\ransac_inliers.png
[gt] livingroom_v57               perp 3.15m planRMS 0.0137m  normal [0.704, -0.073, -0.706]

생성 1, 건너뜀 0 (depth_gt/mask 없음 등)
[ds_v2_seed1/livingroom_v57] feature 184x320  mirror_frac=0.2000679347826087  feat_left=True
rank  signal              AUC    pol  sep     mean_in     mean_out
  1  post_entropy       0.7079   -  0.4185    0.796661    0.989143
  2  post_conf          0.7062   +  0.3946    0.661836    0.573391
  3  delta_conf         0.6076   +  0.1886    0.286138    0.196533
  4  feat_left_pc1      0.5621   -  0.1209    2.638586    3.010483
  5  delta_argdisp       0.554   -  0.0779   31.091426   35.814437
  6  delta_entropy      0.5506   -  0.0762   -1.300694   -1.171541
  7  feat_left_l2       0.5495   -  0.1001   16.904101   17.241191
  8  pre_entropy        0.5141   -  0.0396    2.097355    2.160684
  9  feat_left_pc2      0.5123   -   0.028    1.979975    2.066035
 10  feat_left_pc3      0.5076   -  0.0203    1.960124    2.021052
 11  pre_conf           0.5022   +  0.0028    0.375698    0.376858
BEST: post_entropy (AUC=0.7079, polarity=-)
저장: D:\Users\dust\Documents\학교\2026년도1학기\컴퓨터비전\실습\FoundationStereo\experiments\ds_v2_seed1/livingroom_v57\features\report.json / panels.png / mirror_signal.npy
[device] cuda
  [train] epoch 60/300  loss=0.5773
  [train] epoch 120/300  loss=0.4366
  [train] epoch 180/300  loss=0.3561
  [train] epoch 240/300  loss=0.2994
  [train] epoch 300/300  loss=0.2572

[VAL] scene=ds_v2_seed1/livingroom_v57  (pixel 70/30 split)
  AUC      = 0.9651
  IoU@0.5  = 0.6406
  F1@0.5   = 0.7810
  accuracy = 0.8989  (prec=0.6883, rec=0.9025)
  tp=3184 fp=1442 fn=344 tn=12694

[save] D:\Users\dust\Documents\학교\2026년도1학기\컴퓨터비전\실습\FoundationStereo\experiments\ds_v2_seed1/livingroom_v57\submodel
  pred_mask.png, panel.png, metrics.json, head.pt
DONE: D:\Users\dust\Documents\학교\2026년도1학기\컴퓨터비전\실습\FoundationStereo\experiments\ds_v2_seed1/livingroom_v57\submodel
[device] cuda
[load] D:\Users\dust\Documents\학교\2026년도1학기\컴퓨터비전\실습\FoundationStereo\experiments\_model\general_head.pt  (train_scenes=['archiviz_baseline080', 'bedroom_baseline080', 'blue_bathroom_baseline080', 'computer_room_baseline080', 'cozy_living_room_baseline080', 'flat-archiviz_baseline080', 'green_house_baseline080', 'gym_baseline080', 'livingroom_baseline080', 'minimal_interior_baseline080', 'scandinavian_baseline080', 'sunlight_baseline080'])

[APPLY] ds_v2_seed1/livingroom_v57  (저장모델로 새 데이터 평가)
  AUC      = 0.8740
  IoU@0.5  = 0.3642
  F1@0.5   = 0.5339
  accuracy = 0.8355  (prec=0.6165, rec=0.4709)
  tp=5547 fp=3451 fn=6233 tn=43649
[save] D:\Users\dust\Documents\학교\2026년도1학기\컴퓨터비전\실습\FoundationStereo\experiments\ds_v2_seed1/livingroom_v57\submodel_applied  (pred_mask.png, panel.png, metrics.json)

============================================================
STEP: estimate_mirror_plane
============================================================

============================================================
STEP: viz_ransac_inliers
============================================================

============================================================
STEP: make_mirror_gt_from_depth
============================================================

============================================================
STEP: analyze_features
============================================================

============================================================
STEP: submodel_head
============================================================

============================================================
STEP: apply_submodel
============================================================

DONE: D:\Users\dust\Documents\학교\2026년도1학기\컴퓨터비전\실습\FoundationStereo\experiments\ds_v2_seed1/livingroom_v57 (ok)

##### [59/119] ds_v2_seed1/livingroom_v58  (done 39, fail 0, skip 19, elapsed 24m, ETA 38m) #####
[scene] ds_v2_seed1/livingroom_v58  size=1280x720
[select] mirror 점 개수 = 231968  (mask=239199, valid&depth = 901836)
[conf] mirror 영역 평균 confidence = 0.6174

=== 평면 추정 결과 ===
  [PCA (closed form)]
      normal = [-0.5382, -0.0584, -0.8408]
      d = +2.6104   mirror_depth(perp) = 2.6104 m   view_z = 4.4175 m
      n_inliers = 231968/231968   rms_residual = 0.16714 m
  [RANSAC]
      normal = [-0.5422, +0.0041, -0.8402]
      d = +2.7014   mirror_depth(perp) = 2.7014 m   view_z = 4.4175 m
      n_inliers = 164603/231968   rms_residual = 0.01367 m
  [SVD robust (IRLS)]
      normal = [-0.5360, -0.0245, -0.8438]
      d = +2.6952   mirror_depth(perp) = 2.6952 m   view_z = 4.4175 m
      n_inliers = 150862/231968   rms_residual = 0.02699 m

[save] D:\Users\dust\Documents\학교\2026년도1학기\컴퓨터비전\실습\FoundationStereo\experiments\ds_v2_seed1/livingroom_v58\mirror_geometry\result.json
[save] D:\Users\dust\Documents\학교\2026년도1학기\컴퓨터비전\실습\FoundationStereo\experiments\ds_v2_seed1/livingroom_v58\mirror_geometry\plane.txt
[save] D:\Users\dust\Documents\학교\2026년도1학기\컴퓨터비전\실습\FoundationStereo\experiments\ds_v2_seed1/livingroom_v58\mirror_geometry\viz.png

DONE: D:\Users\dust\Documents\학교\2026년도1학기\컴퓨터비전\실습\FoundationStereo\experiments\ds_v2_seed1/livingroom_v58\mirror_geometry
[ds_v2_seed1/livingroom_v58] 거울 점 231968개 중 inlier 164603 (71.0%) / outlier 67365
  normal=[-0.542  0.004 -0.84 ] d=2.701  rms(inlier)=0.0137 m  thr≈0.054 m
[save] D:\Users\dust\Documents\학교\2026년도1학기\컴퓨터비전\실습\FoundationStereo\experiments\ds_v2_seed1/livingroom_v58\mirror_geometry\ransac_inliers.png
[gt] livingroom_v58               perp 2.80m planRMS 0.0116m  normal [0.817, 0.026, -0.576]

생성 1, 건너뜀 0 (depth_gt/mask 없음 등)
[ds_v2_seed1/livingroom_v58] feature 184x320  mirror_frac=0.2610733695652174  feat_left=True
rank  signal              AUC    pol  sep     mean_in     mean_out
  1  post_entropy       0.6138   -  0.2279       0.875    0.993779
  2  post_conf          0.6001   +  0.1822    0.614257    0.569679
  3  delta_argdisp      0.5921   -  0.1188   30.728728   38.134573
  4  feat_left_pc1      0.5537   -  0.1049    2.724778    3.049801
  5  feat_left_l2       0.5395   -  0.0859   16.878712   17.190556
  6  delta_conf         0.5374   +  0.0515    0.220426    0.194111
  7  pre_entropy        0.5302   -   0.019    2.091889    2.125043
  8  pre_conf           0.5176   +  0.0427    0.393831    0.375568
  9  delta_entropy      0.5176   -  0.0458   -1.216889   -1.131264
 10  feat_left_pc3      0.5068   +  0.0075    1.968531    1.946193
 11  feat_left_pc2      0.5016   -  0.0065    1.990838    2.010941
BEST: post_entropy (AUC=0.6138, polarity=-)
저장: D:\Users\dust\Documents\학교\2026년도1학기\컴퓨터비전\실습\FoundationStereo\experiments\ds_v2_seed1/livingroom_v58\features\report.json / panels.png / mirror_signal.npy
[device] cuda
  [train] epoch 60/300  loss=0.5843
  [train] epoch 120/300  loss=0.4229
  [train] epoch 180/300  loss=0.3243
  [train] epoch 240/300  loss=0.2620
  [train] epoch 300/300  loss=0.2201

[VAL] scene=ds_v2_seed1/livingroom_v58  (pixel 70/30 split)
  AUC      = 0.9744
  IoU@0.5  = 0.7338
  F1@0.5   = 0.8465
  accuracy = 0.9136  (prec=0.7805, rec=0.9246)
  tp=4207 fp=1183 fn=343 tn=11931

[save] D:\Users\dust\Documents\학교\2026년도1학기\컴퓨터비전\실습\FoundationStereo\experiments\ds_v2_seed1/livingroom_v58\submodel
  pred_mask.png, panel.png, metrics.json, head.pt
DONE: D:\Users\dust\Documents\학교\2026년도1학기\컴퓨터비전\실습\FoundationStereo\experiments\ds_v2_seed1/livingroom_v58\submodel
[device] cuda
[load] D:\Users\dust\Documents\학교\2026년도1학기\컴퓨터비전\실습\FoundationStereo\experiments\_model\general_head.pt  (train_scenes=['archiviz_baseline080', 'bedroom_baseline080', 'blue_bathroom_baseline080', 'computer_room_baseline080', 'cozy_living_room_baseline080', 'flat-archiviz_baseline080', 'green_house_baseline080', 'gym_baseline080', 'livingroom_baseline080', 'minimal_interior_baseline080', 'scandinavian_baseline080', 'sunlight_baseline080'])

[APPLY] ds_v2_seed1/livingroom_v58  (저장모델로 새 데이터 평가)
  AUC      = 0.8846
  IoU@0.5  = 0.3414
  F1@0.5   = 0.5090
  accuracy = 0.8121  (prec=0.8006, rec=0.3731)
  tp=5736 fp=1429 fn=9636 tn=42079
[save] D:\Users\dust\Documents\학교\2026년도1학기\컴퓨터비전\실습\FoundationStereo\experiments\ds_v2_seed1/livingroom_v58\submodel_applied  (pred_mask.png, panel.png, metrics.json)

============================================================
STEP: estimate_mirror_plane
============================================================

============================================================
STEP: viz_ransac_inliers
============================================================

============================================================
STEP: make_mirror_gt_from_depth
============================================================

============================================================
STEP: analyze_features
============================================================

============================================================
STEP: submodel_head
============================================================

============================================================
STEP: apply_submodel
============================================================

DONE: D:\Users\dust\Documents\학교\2026년도1학기\컴퓨터비전\실습\FoundationStereo\experiments\ds_v2_seed1/livingroom_v58 (ok)

##### [60/119] ds_v2_seed1/livingroom_v59  (done 40, fail 0, skip 19, elapsed 25m, ETA 37m) #####
[scene] ds_v2_seed1/livingroom_v59  size=1280x720
[select] mirror 점 개수 = 184273  (mask=184273, valid&depth = 893508)
[conf] mirror 영역 평균 confidence = 0.6149

=== 평면 추정 결과 ===
  [PCA (closed form)]
      normal = [-0.5754, -0.0488, -0.8164]
      d = +2.8281   mirror_depth(perp) = 2.8281 m   view_z = 4.6792 m
      n_inliers = 184273/184273   rms_residual = 0.20673 m
  [RANSAC]
      normal = [-0.5467, -0.1158, -0.8293]
      d = +3.0383   mirror_depth(perp) = 3.0383 m   view_z = 4.6792 m
      n_inliers = 134987/184273   rms_residual = 0.02149 m
  [SVD robust (IRLS)]
      normal = [-0.5487, -0.1156, -0.8280]
      d = +3.0110   mirror_depth(perp) = 3.0110 m   view_z = 4.6792 m
      n_inliers = 135339/184273   rms_residual = 0.02836 m

[save] D:\Users\dust\Documents\학교\2026년도1학기\컴퓨터비전\실습\FoundationStereo\experiments\ds_v2_seed1/livingroom_v59\mirror_geometry\result.json
[save] D:\Users\dust\Documents\학교\2026년도1학기\컴퓨터비전\실습\FoundationStereo\experiments\ds_v2_seed1/livingroom_v59\mirror_geometry\plane.txt
[save] D:\Users\dust\Documents\학교\2026년도1학기\컴퓨터비전\실습\FoundationStereo\experiments\ds_v2_seed1/livingroom_v59\mirror_geometry\viz.png

DONE: D:\Users\dust\Documents\학교\2026년도1학기\컴퓨터비전\실습\FoundationStereo\experiments\ds_v2_seed1/livingroom_v59\mirror_geometry
[ds_v2_seed1/livingroom_v59] 거울 점 184273개 중 inlier 134987 (73.3%) / outlier 49286
  normal=[-0.547 -0.116 -0.829] d=3.038  rms(inlier)=0.0215 m  thr≈0.056 m
[save] D:\Users\dust\Documents\학교\2026년도1학기\컴퓨터비전\실습\FoundationStereo\experiments\ds_v2_seed1/livingroom_v59\mirror_geometry\ransac_inliers.png
[gt] livingroom_v59               perp 2.92m planRMS 0.0115m  normal [0.811, -0.055, -0.583]

생성 1, 건너뜀 0 (depth_gt/mask 없음 등)
[ds_v2_seed1/livingroom_v59] feature 184x320  mirror_frac=0.20049252717391305  feat_left=True
rank  signal              AUC    pol  sep     mean_in     mean_out
  1  post_entropy       0.6525   -  0.2776    0.866722    1.006673
  2  post_conf          0.6162   +  0.2177    0.614988    0.564495
  3  delta_argdisp      0.5965   -  0.1572    29.15468   38.699734
  4  pre_entropy         0.549   -  0.0946    2.066859     2.22516
  5  feat_left_pc1      0.5448   -   0.081    2.734304    2.992385
  6  pre_conf           0.5326   +  0.0588    0.386535    0.362112
  7  delta_conf         0.5326   +  0.0535    0.228452    0.202383
  8  feat_left_l2       0.5269   -  0.0515   17.052655   17.232584
  9  feat_left_pc2      0.5051   -  0.0143    2.016152    2.060661
 10  delta_entropy      0.5035   -  0.0103   -1.200137   -1.218487
 11  feat_left_pc3      0.5011   -  0.0092    1.994392    2.022287
BEST: post_entropy (AUC=0.6525, polarity=-)
저장: D:\Users\dust\Documents\학교\2026년도1학기\컴퓨터비전\실습\FoundationStereo\experiments\ds_v2_seed1/livingroom_v59\features\report.json / panels.png / mirror_signal.npy
[device] cuda
  [train] epoch 60/300  loss=0.6633
  [train] epoch 120/300  loss=0.5017
  [train] epoch 180/300  loss=0.4049
  [train] epoch 240/300  loss=0.3435
  [train] epoch 300/300  loss=0.2995

[VAL] scene=ds_v2_seed1/livingroom_v59  (pixel 70/30 split)
  AUC      = 0.9530
  IoU@0.5  = 0.6049
  F1@0.5   = 0.7538
  accuracy = 0.8850  (prec=0.6609, rec=0.8771)
  tp=3111 fp=1596 fn=436 tn=12521

[save] D:\Users\dust\Documents\학교\2026년도1학기\컴퓨터비전\실습\FoundationStereo\experiments\ds_v2_seed1/livingroom_v59\submodel
  pred_mask.png, panel.png, metrics.json, head.pt
DONE: D:\Users\dust\Documents\학교\2026년도1학기\컴퓨터비전\실습\FoundationStereo\experiments\ds_v2_seed1/livingroom_v59\submodel
[device] cuda
[load] D:\Users\dust\Documents\학교\2026년도1학기\컴퓨터비전\실습\FoundationStereo\experiments\_model\general_head.pt  (train_scenes=['archiviz_baseline080', 'bedroom_baseline080', 'blue_bathroom_baseline080', 'computer_room_baseline080', 'cozy_living_room_baseline080', 'flat-archiviz_baseline080', 'green_house_baseline080', 'gym_baseline080', 'livingroom_baseline080', 'minimal_interior_baseline080', 'scandinavian_baseline080', 'sunlight_baseline080'])

[APPLY] ds_v2_seed1/livingroom_v59  (저장모델로 새 데이터 평가)
  AUC      = 0.8455
  IoU@0.5  = 0.3067
  F1@0.5   = 0.4694
  accuracy = 0.8199  (prec=0.5732, rec=0.3975)
  tp=4692 fp=3494 fn=7113 tn=43581
[save] D:\Users\dust\Documents\학교\2026년도1학기\컴퓨터비전\실습\FoundationStereo\experiments\ds_v2_seed1/livingroom_v59\submodel_applied  (pred_mask.png, panel.png, metrics.json)

============================================================
STEP: estimate_mirror_plane
============================================================

============================================================
STEP: viz_ransac_inliers
============================================================

============================================================
STEP: make_mirror_gt_from_depth
============================================================

============================================================
STEP: analyze_features
============================================================

============================================================
STEP: submodel_head
============================================================

============================================================
STEP: apply_submodel
============================================================

DONE: D:\Users\dust\Documents\학교\2026년도1학기\컴퓨터비전\실습\FoundationStereo\experiments\ds_v2_seed1/livingroom_v59 (ok)

##### [61/119] ds_v2_seed1/livingroom_v60  (done 41, fail 0, skip 19, elapsed 25m, ETA 36m) #####
[scene] ds_v2_seed1/livingroom_v60  size=1280x720
[select] mirror 점 개수 = 181073  (mask=181073, valid&depth = 887721)
[conf] mirror 영역 평균 confidence = 0.6563

=== 평면 추정 결과 ===
  [PCA (closed form)]
      normal = [-0.7800, +0.0087, -0.6257]
      d = +2.7034   mirror_depth(perp) = 2.7034 m   view_z = 4.7528 m
      n_inliers = 181073/181073   rms_residual = 0.20059 m
  [RANSAC]
      normal = [-0.7858, +0.0272, -0.6179]
      d = +2.7690   mirror_depth(perp) = 2.7690 m   view_z = 4.7528 m
      n_inliers = 128275/181073   rms_residual = 0.01336 m
  [SVD robust (IRLS)]
      normal = [-0.7799, +0.0132, -0.6258]
      d = +2.7788   mirror_depth(perp) = 2.7788 m   view_z = 4.7528 m
      n_inliers = 125311/181073   rms_residual = 0.02661 m

[save] D:\Users\dust\Documents\학교\2026년도1학기\컴퓨터비전\실습\FoundationStereo\experiments\ds_v2_seed1/livingroom_v60\mirror_geometry\result.json
[save] D:\Users\dust\Documents\학교\2026년도1학기\컴퓨터비전\실습\FoundationStereo\experiments\ds_v2_seed1/livingroom_v60\mirror_geometry\plane.txt
[save] D:\Users\dust\Documents\학교\2026년도1학기\컴퓨터비전\실습\FoundationStereo\experiments\ds_v2_seed1/livingroom_v60\mirror_geometry\viz.png

DONE: D:\Users\dust\Documents\학교\2026년도1학기\컴퓨터비전\실습\FoundationStereo\experiments\ds_v2_seed1/livingroom_v60\mirror_geometry
[ds_v2_seed1/livingroom_v60] 거울 점 181073개 중 inlier 128275 (70.8%) / outlier 52798
  normal=[-0.786  0.027 -0.618] d=2.769  rms(inlier)=0.0134 m  thr≈0.053 m
[save] D:\Users\dust\Documents\학교\2026년도1학기\컴퓨터비전\실습\FoundationStereo\experiments\ds_v2_seed1/livingroom_v60\mirror_geometry\ransac_inliers.png
[gt] livingroom_v60               perp 2.77m planRMS 0.0120m  normal [0.584, 0.062, -0.81]

생성 1, 건너뜀 0 (depth_gt/mask 없음 등)
[ds_v2_seed1/livingroom_v60] feature 184x320  mirror_frac=0.19763926630434783  feat_left=True
rank  signal              AUC    pol  sep     mean_in     mean_out
  1  post_entropy       0.6593   -  0.3606    0.782052    0.936477
  2  post_conf          0.6342   +  0.2596    0.656837    0.596904
  3  delta_argdisp      0.5829   -  0.1253    28.91527   36.197363
  4  delta_conf         0.5489   +  0.0952    0.261494    0.216029
  5  feat_left_pc1       0.539   -  0.0745    2.706447    2.941178
  6  pre_entropy        0.5381   -  0.0876    1.998873    2.134132
  7  pre_conf           0.5251   +  0.0356    0.395344    0.380875
  8  feat_left_l2       0.5215   -  0.0614    16.91709   17.129759
  9  delta_entropy      0.5101   -  0.0118   -1.216822   -1.197655
 10  feat_left_pc3      0.5083   +  0.0091     1.98584    1.958561
 11  feat_left_pc2      0.5009   +  0.0022    2.010976    2.017607
BEST: post_entropy (AUC=0.6593, polarity=-)
저장: D:\Users\dust\Documents\학교\2026년도1학기\컴퓨터비전\실습\FoundationStereo\experiments\ds_v2_seed1/livingroom_v60\features\report.json / panels.png / mirror_signal.npy
[device] cuda
  [train] epoch 60/300  loss=0.5859
  [train] epoch 120/300  loss=0.4238
  [train] epoch 180/300  loss=0.3209
  [train] epoch 240/300  loss=0.2503
  [train] epoch 300/300  loss=0.2026

[VAL] scene=ds_v2_seed1/livingroom_v60  (pixel 70/30 split)
  AUC      = 0.9817
  IoU@0.5  = 0.7320
  F1@0.5   = 0.8453
  accuracy = 0.9318  (prec=0.7722, rec=0.9336)
  tp=3291 fp=971 fn=234 tn=13168

[save] D:\Users\dust\Documents\학교\2026년도1학기\컴퓨터비전\실습\FoundationStereo\experiments\ds_v2_seed1/livingroom_v60\submodel
  pred_mask.png, panel.png, metrics.json, head.pt
DONE: D:\Users\dust\Documents\학교\2026년도1학기\컴퓨터비전\실습\FoundationStereo\experiments\ds_v2_seed1/livingroom_v60\submodel
[device] cuda
[load] D:\Users\dust\Documents\학교\2026년도1학기\컴퓨터비전\실습\FoundationStereo\experiments\_model\general_head.pt  (train_scenes=['archiviz_baseline080', 'bedroom_baseline080', 'blue_bathroom_baseline080', 'computer_room_baseline080', 'cozy_living_room_baseline080', 'flat-archiviz_baseline080', 'green_house_baseline080', 'gym_baseline080', 'livingroom_baseline080', 'minimal_interior_baseline080', 'scandinavian_baseline080', 'sunlight_baseline080'])

[APPLY] ds_v2_seed1/livingroom_v60  (저장모델로 새 데이터 평가)
  AUC      = 0.9217
  IoU@0.5  = 0.3828
  F1@0.5   = 0.5537
  accuracy = 0.8613  (prec=0.7606, rec=0.4352)
  tp=5065 fp=1594 fn=6572 tn=45649
[save] D:\Users\dust\Documents\학교\2026년도1학기\컴퓨터비전\실습\FoundationStereo\experiments\ds_v2_seed1/livingroom_v60\submodel_applied  (pred_mask.png, panel.png, metrics.json)

============================================================
STEP: estimate_mirror_plane
============================================================

============================================================
STEP: viz_ransac_inliers
============================================================

============================================================
STEP: make_mirror_gt_from_depth
============================================================

============================================================
STEP: analyze_features
============================================================

============================================================
STEP: submodel_head
============================================================

============================================================
STEP: apply_submodel
============================================================

DONE: D:\Users\dust\Documents\학교\2026년도1학기\컴퓨터비전\실습\FoundationStereo\experiments\ds_v2_seed1/livingroom_v60 (ok)

##### [62/119] ds_v2_seed1/livingroom_v61  (done 42, fail 0, skip 19, elapsed 26m, ETA 36m) #####
[scene] ds_v2_seed1/livingroom_v61  size=1280x720
[select] mirror 점 개수 = 169004  (mask=169004, valid&depth = 887152)
[conf] mirror 영역 평균 confidence = 0.6466

=== 평면 추정 결과 ===
  [PCA (closed form)]
      normal = [-0.7778, +0.0142, -0.6284]
      d = +2.6869   mirror_depth(perp) = 2.6869 m   view_z = 4.7651 m
      n_inliers = 169004/169004   rms_residual = 0.23257 m
  [RANSAC]
      normal = [-0.7490, -0.0554, -0.6603]
      d = +2.9582   mirror_depth(perp) = 2.9582 m   view_z = 4.7651 m
      n_inliers = 123402/169004   rms_residual = 0.02243 m
  [SVD robust (IRLS)]
      normal = [-0.7493, -0.0588, -0.6597]
      d = +2.9367   mirror_depth(perp) = 2.9367 m   view_z = 4.7651 m
      n_inliers = 118492/169004   rms_residual = 0.02705 m

[save] D:\Users\dust\Documents\학교\2026년도1학기\컴퓨터비전\실습\FoundationStereo\experiments\ds_v2_seed1/livingroom_v61\mirror_geometry\result.json
[save] D:\Users\dust\Documents\학교\2026년도1학기\컴퓨터비전\실습\FoundationStereo\experiments\ds_v2_seed1/livingroom_v61\mirror_geometry\plane.txt
[save] D:\Users\dust\Documents\학교\2026년도1학기\컴퓨터비전\실습\FoundationStereo\experiments\ds_v2_seed1/livingroom_v61\mirror_geometry\viz.png

DONE: D:\Users\dust\Documents\학교\2026년도1학기\컴퓨터비전\실습\FoundationStereo\experiments\ds_v2_seed1/livingroom_v61\mirror_geometry
[ds_v2_seed1/livingroom_v61] 거울 점 169004개 중 inlier 123402 (73.0%) / outlier 45602
  normal=[-0.749 -0.055 -0.66 ] d=2.958  rms(inlier)=0.0224 m  thr≈0.054 m
[save] D:\Users\dust\Documents\학교\2026년도1학기\컴퓨터비전\실습\FoundationStereo\experiments\ds_v2_seed1/livingroom_v61\mirror_geometry\ransac_inliers.png
[gt] livingroom_v61               perp 2.83m planRMS 0.0120m  normal [0.62, -0.063, -0.782]

생성 1, 건너뜀 0 (depth_gt/mask 없음 등)
[ds_v2_seed1/livingroom_v61] feature 184x320  mirror_frac=0.18323709239130434  feat_left=True
rank  signal              AUC    pol  sep     mean_in     mean_out
  1  post_entropy       0.7685   -  0.5673    0.777982    1.055223
  2  post_conf             0.7   +   0.399    0.646334    0.548978
  3  delta_conf         0.6066   +  0.2003    0.264599    0.169467
  4  delta_entropy      0.5696   -  0.1164    -1.27467     -1.0856
  5  feat_left_pc1      0.5591   -  0.1084    2.723231    3.063437
  6  delta_argdisp      0.5489   -  0.0722   31.807211   36.128673
  7  feat_left_l2       0.5286   -  0.0667   17.043651   17.275937
  8  pre_entropy        0.5148   -  0.0574    2.052652    2.140823
  9  feat_left_pc2      0.5136   -  0.0277    1.980761     2.06681
 10  pre_conf           0.5079   +  0.0056    0.381735    0.379511
 11  feat_left_pc3      0.5063   +  0.0067    2.028816    2.008187
BEST: post_entropy (AUC=0.7685, polarity=-)
저장: D:\Users\dust\Documents\학교\2026년도1학기\컴퓨터비전\실습\FoundationStereo\experiments\ds_v2_seed1/livingroom_v61\features\report.json / panels.png / mirror_signal.npy
[device] cuda
  [train] epoch 60/300  loss=0.6319
  [train] epoch 120/300  loss=0.4764
  [train] epoch 180/300  loss=0.3759
  [train] epoch 240/300  loss=0.3032
  [train] epoch 300/300  loss=0.2525

[VAL] scene=ds_v2_seed1/livingroom_v61  (pixel 70/30 split)
  AUC      = 0.9700
  IoU@0.5  = 0.6477
  F1@0.5   = 0.7862
  accuracy = 0.9083  (prec=0.6916, rec=0.9107)
  tp=2978 fp=1328 fn=292 tn=13066

[save] D:\Users\dust\Documents\학교\2026년도1학기\컴퓨터비전\실습\FoundationStereo\experiments\ds_v2_seed1/livingroom_v61\submodel
  pred_mask.png, panel.png, metrics.json, head.pt
DONE: D:\Users\dust\Documents\학교\2026년도1학기\컴퓨터비전\실습\FoundationStereo\experiments\ds_v2_seed1/livingroom_v61\submodel
[device] cuda
[load] D:\Users\dust\Documents\학교\2026년도1학기\컴퓨터비전\실습\FoundationStereo\experiments\_model\general_head.pt  (train_scenes=['archiviz_baseline080', 'bedroom_baseline080', 'blue_bathroom_baseline080', 'computer_room_baseline080', 'cozy_living_room_baseline080', 'flat-archiviz_baseline080', 'green_house_baseline080', 'gym_baseline080', 'livingroom_baseline080', 'minimal_interior_baseline080', 'scandinavian_baseline080', 'sunlight_baseline080'])

[APPLY] ds_v2_seed1/livingroom_v61  (저장모델로 새 데이터 평가)
  AUC      = 0.8514
  IoU@0.5  = 0.2762
  F1@0.5   = 0.4329
  accuracy = 0.8210  (prec=0.5161, rec=0.3728)
  tp=4022 fp=3771 fn=6767 tn=44320
[save] D:\Users\dust\Documents\학교\2026년도1학기\컴퓨터비전\실습\FoundationStereo\experiments\ds_v2_seed1/livingroom_v61\submodel_applied  (pred_mask.png, panel.png, metrics.json)

============================================================
STEP: estimate_mirror_plane
============================================================

============================================================
STEP: viz_ransac_inliers
============================================================

============================================================
STEP: make_mirror_gt_from_depth
============================================================

============================================================
STEP: analyze_features
============================================================

============================================================
STEP: submodel_head
============================================================

============================================================
STEP: apply_submodel
============================================================

DONE: D:\Users\dust\Documents\학교\2026년도1학기\컴퓨터비전\실습\FoundationStereo\experiments\ds_v2_seed1/livingroom_v61 (ok)

##### [63/119] ds_v2_seed1/livingroom_v62  (done 43, fail 0, skip 19, elapsed 26m, ETA 35m) #####
[scene] ds_v2_seed1/livingroom_v62  size=1280x720
[select] mirror 점 개수 = 189471  (mask=189471, valid&depth = 888874)
[conf] mirror 영역 평균 confidence = 0.6462

=== 평면 추정 결과 ===
  [PCA (closed form)]
      normal = [-0.6804, -0.0181, -0.7326]
      d = +2.6863   mirror_depth(perp) = 2.6863 m   view_z = 4.6827 m
      n_inliers = 189471/189471   rms_residual = 0.19711 m
  [RANSAC]
      normal = [-0.6760, -0.0295, -0.7363]
      d = +2.7956   mirror_depth(perp) = 2.7956 m   view_z = 4.6827 m
      n_inliers = 131326/189471   rms_residual = 0.01896 m
  [SVD robust (IRLS)]
      normal = [-0.6675, -0.0489, -0.7430]
      d = +2.8028   mirror_depth(perp) = 2.8028 m   view_z = 4.6827 m
      n_inliers = 121646/189471   rms_residual = 0.02800 m

[save] D:\Users\dust\Documents\학교\2026년도1학기\컴퓨터비전\실습\FoundationStereo\experiments\ds_v2_seed1/livingroom_v62\mirror_geometry\result.json
[save] D:\Users\dust\Documents\학교\2026년도1학기\컴퓨터비전\실습\FoundationStereo\experiments\ds_v2_seed1/livingroom_v62\mirror_geometry\plane.txt
[save] D:\Users\dust\Documents\학교\2026년도1학기\컴퓨터비전\실습\FoundationStereo\experiments\ds_v2_seed1/livingroom_v62\mirror_geometry\viz.png

DONE: D:\Users\dust\Documents\학교\2026년도1학기\컴퓨터비전\실습\FoundationStereo\experiments\ds_v2_seed1/livingroom_v62\mirror_geometry
[ds_v2_seed1/livingroom_v62] 거울 점 189471개 중 inlier 131326 (69.3%) / outlier 58145
  normal=[-0.676 -0.03  -0.736] d=2.796  rms(inlier)=0.0190 m  thr≈0.055 m
[save] D:\Users\dust\Documents\학교\2026년도1학기\컴퓨터비전\실습\FoundationStereo\experiments\ds_v2_seed1/livingroom_v62\mirror_geometry\ransac_inliers.png
[gt] livingroom_v62               perp 2.74m planRMS 0.0113m  normal [0.717, 0.013, -0.697]

생성 1, 건너뜀 0 (depth_gt/mask 없음 등)
[ds_v2_seed1/livingroom_v62] feature 184x320  mirror_frac=0.2070991847826087  feat_left=True
rank  signal              AUC    pol  sep     mean_in     mean_out
  1  post_entropy       0.6499   -  0.3362    0.811244    0.989035
  2  post_conf          0.6278   +  0.2616    0.647079    0.580231
  3  delta_argdisp      0.6012   -   0.158   27.747827    37.05402
  4  pre_entropy        0.5683   -  0.1432     1.98478    2.211976
  5  pre_conf           0.5484   +  0.0781    0.397878    0.365823
  6  delta_conf         0.5342   +  0.0711    0.249201    0.214409
  7  feat_left_l2       0.5299   -  0.0682   16.949151   17.188506
  8  delta_entropy      0.5111   +  0.0294   -1.173536   -1.222942
  9  feat_left_pc1      0.5107   -  0.0216    2.868719    2.936899
 10  feat_left_pc3      0.5049   +  0.0102    1.989586    1.958706
 11  feat_left_pc2      0.5016   +  0.0017    2.026099    2.020918
BEST: post_entropy (AUC=0.6499, polarity=-)
저장: D:\Users\dust\Documents\학교\2026년도1학기\컴퓨터비전\실습\FoundationStereo\experiments\ds_v2_seed1/livingroom_v62\features\report.json / panels.png / mirror_signal.npy
[device] cuda
  [train] epoch 60/300  loss=0.5994
  [train] epoch 120/300  loss=0.4390
  [train] epoch 180/300  loss=0.3361
  [train] epoch 240/300  loss=0.2643
  [train] epoch 300/300  loss=0.2149

[VAL] scene=ds_v2_seed1/livingroom_v62  (pixel 70/30 split)
  AUC      = 0.9777
  IoU@0.5  = 0.7086
  F1@0.5   = 0.8295
  accuracy = 0.9206  (prec=0.7531, rec=0.9231)
  tp=3410 fp=1118 fn=284 tn=12852

[save] D:\Users\dust\Documents\학교\2026년도1학기\컴퓨터비전\실습\FoundationStereo\experiments\ds_v2_seed1/livingroom_v62\submodel
  pred_mask.png, panel.png, metrics.json, head.pt
DONE: D:\Users\dust\Documents\학교\2026년도1학기\컴퓨터비전\실습\FoundationStereo\experiments\ds_v2_seed1/livingroom_v62\submodel
[device] cuda
[load] D:\Users\dust\Documents\학교\2026년도1학기\컴퓨터비전\실습\FoundationStereo\experiments\_model\general_head.pt  (train_scenes=['archiviz_baseline080', 'bedroom_baseline080', 'blue_bathroom_baseline080', 'computer_room_baseline080', 'cozy_living_room_baseline080', 'flat-archiviz_baseline080', 'green_house_baseline080', 'gym_baseline080', 'livingroom_baseline080', 'minimal_interior_baseline080', 'scandinavian_baseline080', 'sunlight_baseline080'])

[APPLY] ds_v2_seed1/livingroom_v62  (저장모델로 새 데이터 평가)
  AUC      = 0.8990
  IoU@0.5  = 0.3575
  F1@0.5   = 0.5267
  accuracy = 0.8399  (prec=0.6793, rec=0.4301)
  tp=5245 fp=2476 fn=6949 tn=44210
[save] D:\Users\dust\Documents\학교\2026년도1학기\컴퓨터비전\실습\FoundationStereo\experiments\ds_v2_seed1/livingroom_v62\submodel_applied  (pred_mask.png, panel.png, metrics.json)

============================================================
STEP: estimate_mirror_plane
============================================================

============================================================
STEP: viz_ransac_inliers
============================================================

============================================================
STEP: make_mirror_gt_from_depth
============================================================

============================================================
STEP: analyze_features
============================================================

============================================================
STEP: submodel_head
============================================================

============================================================
STEP: apply_submodel
============================================================

DONE: D:\Users\dust\Documents\학교\2026년도1학기\컴퓨터비전\실습\FoundationStereo\experiments\ds_v2_seed1/livingroom_v62 (ok)

##### [64/119] ds_v2_seed1/livingroom_v63  (done 44, fail 0, skip 19, elapsed 27m, ETA 34m) #####
[scene] ds_v2_seed1/livingroom_v63  size=1280x720
[select] mirror 점 개수 = 183303  (mask=188924, valid&depth = 872117)
[conf] mirror 영역 평균 confidence = 0.6250

=== 평면 추정 결과 ===
  [PCA (closed form)]
      normal = [-0.4705, -0.0574, -0.8805]
      d = +2.8929   mirror_depth(perp) = 2.8929 m   view_z = 4.4386 m
      n_inliers = 183303/183303   rms_residual = 0.09475 m
  [RANSAC]
      normal = [-0.4693, -0.0024, -0.8830]
      d = +2.9694   mirror_depth(perp) = 2.9694 m   view_z = 4.4386 m
      n_inliers = 144427/183303   rms_residual = 0.02238 m
  [SVD robust (IRLS)]
      normal = [-0.4665, -0.0207, -0.8843]
      d = +2.9580   mirror_depth(perp) = 2.9580 m   view_z = 4.4386 m
      n_inliers = 135405/183303   rms_residual = 0.02388 m

[save] D:\Users\dust\Documents\학교\2026년도1학기\컴퓨터비전\실습\FoundationStereo\experiments\ds_v2_seed1/livingroom_v63\mirror_geometry\result.json
[save] D:\Users\dust\Documents\학교\2026년도1학기\컴퓨터비전\실습\FoundationStereo\experiments\ds_v2_seed1/livingroom_v63\mirror_geometry\plane.txt
[save] D:\Users\dust\Documents\학교\2026년도1학기\컴퓨터비전\실습\FoundationStereo\experiments\ds_v2_seed1/livingroom_v63\mirror_geometry\viz.png

DONE: D:\Users\dust\Documents\학교\2026년도1학기\컴퓨터비전\실습\FoundationStereo\experiments\ds_v2_seed1/livingroom_v63\mirror_geometry
[ds_v2_seed1/livingroom_v63] 거울 점 183303개 중 inlier 144427 (78.8%) / outlier 38876
  normal=[-0.469 -0.002 -0.883] d=2.969  rms(inlier)=0.0224 m  thr≈0.049 m
[save] D:\Users\dust\Documents\학교\2026년도1학기\컴퓨터비전\실습\FoundationStereo\experiments\ds_v2_seed1/livingroom_v63\mirror_geometry\ransac_inliers.png
[gt] livingroom_v63               perp 2.83m planRMS 0.0109m  normal [0.866, 0.026, -0.499]

생성 1, 건너뜀 0 (depth_gt/mask 없음 등)
[ds_v2_seed1/livingroom_v63] feature 184x320  mirror_frac=0.20771059782608695  feat_left=True
rank  signal              AUC    pol  sep     mean_in     mean_out
  1  delta_argdisp      0.6151   -  0.1479   28.838921   37.732583
  2  post_entropy       0.5937   -  0.2455    0.836063    0.990492
  3  post_conf          0.5883   +  0.1974    0.624093    0.576029
  4  feat_left_pc1      0.5422   -  0.0822    2.699713    2.956119
  5  feat_left_l2       0.5397   -  0.0878   16.894774   17.213745
  6  pre_entropy         0.538   -  0.0458    2.133088    2.212579
  7  pre_conf           0.5293   +  0.0718      0.3846    0.354647
  8  delta_conf         0.5265   +  0.0375    0.239492    0.221382
  9  feat_left_pc3      0.5207   +  0.0378     2.05972     1.94418
 10  feat_left_pc2      0.5096   +  0.0132    2.037892    1.996813
 11  delta_entropy      0.5035   -  0.0415   -1.297025   -1.222086
BEST: delta_argdisp (AUC=0.6151, polarity=-)
저장: D:\Users\dust\Documents\학교\2026년도1학기\컴퓨터비전\실습\FoundationStereo\experiments\ds_v2_seed1/livingroom_v63\features\report.json / panels.png / mirror_signal.npy
[device] cuda
  [train] epoch 60/300  loss=0.7654
  [train] epoch 120/300  loss=0.6429
  [train] epoch 180/300  loss=0.5466
  [train] epoch 240/300  loss=0.4686
  [train] epoch 300/300  loss=0.4056

[VAL] scene=ds_v2_seed1/livingroom_v63  (pixel 70/30 split)
  AUC      = 0.9141
  IoU@0.5  = 0.5163
  F1@0.5   = 0.6810
  accuracy = 0.8459  (prec=0.5884, rec=0.8083)
  tp=2906 fp=2033 fn=689 tn=12036

[save] D:\Users\dust\Documents\학교\2026년도1학기\컴퓨터비전\실습\FoundationStereo\experiments\ds_v2_seed1/livingroom_v63\submodel
  pred_mask.png, panel.png, metrics.json, head.pt
DONE: D:\Users\dust\Documents\학교\2026년도1학기\컴퓨터비전\실습\FoundationStereo\experiments\ds_v2_seed1/livingroom_v63\submodel
[device] cuda
[load] D:\Users\dust\Documents\학교\2026년도1학기\컴퓨터비전\실습\FoundationStereo\experiments\_model\general_head.pt  (train_scenes=['archiviz_baseline080', 'bedroom_baseline080', 'blue_bathroom_baseline080', 'computer_room_baseline080', 'cozy_living_room_baseline080', 'flat-archiviz_baseline080', 'green_house_baseline080', 'gym_baseline080', 'livingroom_baseline080', 'minimal_interior_baseline080', 'scandinavian_baseline080', 'sunlight_baseline080'])

[APPLY] ds_v2_seed1/livingroom_v63  (저장모델로 새 데이터 평가)
  AUC      = 0.9015
  IoU@0.5  = 0.2742
  F1@0.5   = 0.4304
  accuracy = 0.8318  (prec=0.7260, rec=0.3059)
  tp=3741 fp=1412 fn=8489 tn=45238
[save] D:\Users\dust\Documents\학교\2026년도1학기\컴퓨터비전\실습\FoundationStereo\experiments\ds_v2_seed1/livingroom_v63\submodel_applied  (pred_mask.png, panel.png, metrics.json)

============================================================
STEP: estimate_mirror_plane
============================================================

============================================================
STEP: viz_ransac_inliers
============================================================

============================================================
STEP: make_mirror_gt_from_depth
============================================================

============================================================
STEP: analyze_features
============================================================

============================================================
STEP: submodel_head
============================================================

============================================================
STEP: apply_submodel
============================================================

DONE: D:\Users\dust\Documents\학교\2026년도1학기\컴퓨터비전\실습\FoundationStereo\experiments\ds_v2_seed1/livingroom_v63 (ok)

##### [97/119] ds_v2_seed1/minigym_v32  (done 45, fail 0, skip 51, elapsed 27m, ETA 14m) #####
[scene] ds_v2_seed1/minigym_v32  size=1280x720
[select] mirror 점 개수 = 315121  (mask=315121, valid&depth = 887903)
[conf] mirror 영역 평균 confidence = 0.6996

=== 평면 추정 결과 ===
  [PCA (closed form)]
      normal = [+0.1019, -0.8065, -0.5824]
      d = +3.0113   mirror_depth(perp) = 3.0113 m   view_z = 7.5436 m
      n_inliers = 315121/315121   rms_residual = 0.60470 m
  [RANSAC]
      normal = [-0.0369, -0.9452, -0.3243]
      d = +1.9459   mirror_depth(perp) = 1.9459 m   view_z = 7.5436 m
      n_inliers = 110381/315121   rms_residual = 0.02872 m
  [SVD robust (IRLS)]
      normal = [+0.1001, -0.8041, -0.5860]
      d = +3.0712   mirror_depth(perp) = 3.0712 m   view_z = 7.5436 m
      n_inliers = 40620/315121   rms_residual = 0.06086 m

[save] D:\Users\dust\Documents\학교\2026년도1학기\컴퓨터비전\실습\FoundationStereo\experiments\ds_v2_seed1/minigym_v32\mirror_geometry\result.json
[save] D:\Users\dust\Documents\학교\2026년도1학기\컴퓨터비전\실습\FoundationStereo\experiments\ds_v2_seed1/minigym_v32\mirror_geometry\plane.txt
[save] D:\Users\dust\Documents\학교\2026년도1학기\컴퓨터비전\실습\FoundationStereo\experiments\ds_v2_seed1/minigym_v32\mirror_geometry\viz.png

DONE: D:\Users\dust\Documents\학교\2026년도1학기\컴퓨터비전\실습\FoundationStereo\experiments\ds_v2_seed1/minigym_v32\mirror_geometry
[ds_v2_seed1/minigym_v32] 거울 점 315121개 중 inlier 110381 (35.0%) / outlier 204740
  normal=[-0.037 -0.945 -0.324] d=1.946  rms(inlier)=0.0287 m  thr≈0.107 m
[save] D:\Users\dust\Documents\학교\2026년도1학기\컴퓨터비전\실습\FoundationStereo\experiments\ds_v2_seed1/minigym_v32\mirror_geometry\ransac_inliers.png
[gt] minigym_v32                  perp 4.72m planRMS 0.0053m  normal [-0.358, 0.302, -0.883]

생성 1, 건너뜀 0 (depth_gt/mask 없음 등)
[ds_v2_seed1/minigym_v32] feature 184x320  mirror_frac=0.34291779891304347  feat_left=True
rank  signal              AUC    pol  sep     mean_in     mean_out
  1  pre_conf           0.5637   -   0.133    0.363756    0.425023
  2  pre_entropy        0.5627   +  0.0671    2.132235    2.011593
  3  post_conf          0.5572   -  0.0978    0.700013    0.723676
  4  delta_entropy      0.5559   -  0.0622   -1.515146   -1.405119
  5  feat_left_pc3      0.5377   +  0.0616    1.892279    1.717203
  6  post_entropy       0.5372   +  0.0387    0.617088    0.606474
  7  feat_left_l2       0.5362   +  0.0464   17.163036   16.954409
  8  delta_argdisp      0.5356   +  0.0561   45.022238   41.418646
  9  delta_conf         0.5333   +   0.075    0.336258    0.298653
 10  feat_left_pc1      0.5088   -  0.0211    2.266599    2.331004
 11  feat_left_pc2      0.5017   +  0.0032    1.953406    1.943924
BEST: pre_conf (AUC=0.5637, polarity=-)
저장: D:\Users\dust\Documents\학교\2026년도1학기\컴퓨터비전\실습\FoundationStereo\experiments\ds_v2_seed1/minigym_v32\features\report.json / panels.png / mirror_signal.npy
[device] cuda
  [train] epoch 60/300  loss=0.4583
  [train] epoch 120/300  loss=0.3242
  [train] epoch 180/300  loss=0.2419
  [train] epoch 240/300  loss=0.1821
  [train] epoch 300/300  loss=0.1387

[VAL] scene=ds_v2_seed1/minigym_v32  (pixel 70/30 split)
  AUC      = 0.9901
  IoU@0.5  = 0.8649
  F1@0.5   = 0.9276
  accuracy = 0.9492  (prec=0.9067, rec=0.9494)
  tp=5743 fp=591 fn=306 tn=11024

[save] D:\Users\dust\Documents\학교\2026년도1학기\컴퓨터비전\실습\FoundationStereo\experiments\ds_v2_seed1/minigym_v32\submodel
  pred_mask.png, panel.png, metrics.json, head.pt
DONE: D:\Users\dust\Documents\학교\2026년도1학기\컴퓨터비전\실습\FoundationStereo\experiments\ds_v2_seed1/minigym_v32\submodel
[device] cuda
[load] D:\Users\dust\Documents\학교\2026년도1학기\컴퓨터비전\실습\FoundationStereo\experiments\_model\general_head.pt  (train_scenes=['archiviz_baseline080', 'bedroom_baseline080', 'blue_bathroom_baseline080', 'computer_room_baseline080', 'cozy_living_room_baseline080', 'flat-archiviz_baseline080', 'green_house_baseline080', 'gym_baseline080', 'livingroom_baseline080', 'minimal_interior_baseline080', 'scandinavian_baseline080', 'sunlight_baseline080'])

[APPLY] ds_v2_seed1/minigym_v32  (저장모델로 새 데이터 평가)
  AUC      = 0.9678
  IoU@0.5  = 0.6631
  F1@0.5   = 0.7974
  accuracy = 0.8791  (prec=0.9375, rec=0.6938)
  tp=14008 fp=934 fn=6183 tn=37755
[save] D:\Users\dust\Documents\학교\2026년도1학기\컴퓨터비전\실습\FoundationStereo\experiments\ds_v2_seed1/minigym_v32\submodel_applied  (pred_mask.png, panel.png, metrics.json)

============================================================
STEP: estimate_mirror_plane
============================================================

============================================================
STEP: viz_ransac_inliers
============================================================

============================================================
STEP: make_mirror_gt_from_depth
============================================================

============================================================
STEP: analyze_features
============================================================

============================================================
STEP: submodel_head
============================================================

============================================================
STEP: apply_submodel
============================================================

DONE: D:\Users\dust\Documents\학교\2026년도1학기\컴퓨터비전\실습\FoundationStereo\experiments\ds_v2_seed1/minigym_v32 (ok)

##### [98/119] ds_v2_seed1/minigym_v33  (done 46, fail 0, skip 51, elapsed 28m, ETA 13m) #####
[scene] ds_v2_seed1/minigym_v33  size=1280x720
[select] mirror 점 개수 = 11192  (mask=11192, valid&depth = 482279)
[conf] mirror 영역 평균 confidence = 0.6108

=== 평면 추정 결과 ===
  [PCA (closed form)]
      normal = [-0.9306, +0.2366, +0.2793]
      d = +3.3527   mirror_depth(perp) = 3.3527 m   view_z = 8.3509 m
      n_inliers = 11192/11192   rms_residual = 0.16985 m
  [RANSAC]
      normal = [-0.9756, -0.1081, -0.1912]
      d = +6.5758   mirror_depth(perp) = 6.5758 m   view_z = 8.3509 m
      n_inliers = 10227/11192   rms_residual = 0.04920 m
  [SVD robust (IRLS)]
      normal = [-0.9706, -0.1228, -0.2070]
      d = +6.6299   mirror_depth(perp) = 6.6299 m   view_z = 8.3509 m
      n_inliers = 10265/11192   rms_residual = 0.05043 m

[save] D:\Users\dust\Documents\학교\2026년도1학기\컴퓨터비전\실습\FoundationStereo\experiments\ds_v2_seed1/minigym_v33\mirror_geometry\result.json
[save] D:\Users\dust\Documents\학교\2026년도1학기\컴퓨터비전\실습\FoundationStereo\experiments\ds_v2_seed1/minigym_v33\mirror_geometry\plane.txt
[save] D:\Users\dust\Documents\학교\2026년도1학기\컴퓨터비전\실습\FoundationStereo\experiments\ds_v2_seed1/minigym_v33\mirror_geometry\viz.png

DONE: D:\Users\dust\Documents\학교\2026년도1학기\컴퓨터비전\실습\FoundationStereo\experiments\ds_v2_seed1/minigym_v33\mirror_geometry
[ds_v2_seed1/minigym_v33] 거울 점 11192개 중 inlier 10227 (91.4%) / outlier 965
  normal=[-0.976 -0.108 -0.191] d=6.576  rms(inlier)=0.0492 m  thr≈0.117 m
[save] D:\Users\dust\Documents\학교\2026년도1학기\컴퓨터비전\실습\FoundationStereo\experiments\ds_v2_seed1/minigym_v33\mirror_geometry\ransac_inliers.png
[gt] minigym_v33                  perp 5.13m planRMS 0.0000m  normal [-0.345, 0.323, -0.881]

생성 1, 건너뜀 0 (depth_gt/mask 없음 등)
[ds_v2_seed1/minigym_v33] feature 184x320  mirror_frac=0.012160326086956521  feat_left=True
rank  signal              AUC    pol  sep     mean_in     mean_out
  1  feat_left_l2       0.9349   +  0.9973   24.865497   16.652134
  2  post_entropy       0.9148   -   1.572    0.765245    2.315483
  3  post_conf            0.88   +  1.0494    0.611114    0.276662
  4  delta_entropy      0.8513   -  0.7655   -1.487596    0.066199
  5  delta_conf          0.803   +  0.5674    0.261174   -0.048695
  6  feat_left_pc2      0.7728   +  0.4573    4.990128    2.448964
  7  feat_left_pc1      0.7506   -  0.4566    1.995455    3.680682
  8  delta_argdisp       0.624   -  0.1907   33.276536   44.300839
  9  feat_left_pc3      0.6021   -  0.1909    1.725632    2.347309
 10  pre_conf           0.5471   +   0.061     0.34994    0.325357
 11  pre_entropy        0.5048   +  0.0022    2.252841    2.249284
BEST: feat_left_l2 (AUC=0.9349, polarity=+)
저장: D:\Users\dust\Documents\학교\2026년도1학기\컴퓨터비전\실습\FoundationStereo\experiments\ds_v2_seed1/minigym_v33\features\report.json / panels.png / mirror_signal.npy
[device] cuda
  [train] epoch 60/300  loss=0.1822
  [train] epoch 120/300  loss=0.0470
  [train] epoch 180/300  loss=0.0227
  [train] epoch 240/300  loss=0.0137
  [train] epoch 300/300  loss=0.0094

[VAL] scene=ds_v2_seed1/minigym_v33  (pixel 70/30 split)
  AUC      = 0.9999
  IoU@0.5  = 0.9056
  F1@0.5   = 0.9505
  accuracy = 0.9988  (prec=0.9056, rec=1.0000)
  tp=211 fp=22 fn=0 tn=17431

[save] D:\Users\dust\Documents\학교\2026년도1학기\컴퓨터비전\실습\FoundationStereo\experiments\ds_v2_seed1/minigym_v33\submodel
  pred_mask.png, panel.png, metrics.json, head.pt
DONE: D:\Users\dust\Documents\학교\2026년도1학기\컴퓨터비전\실습\FoundationStereo\experiments\ds_v2_seed1/minigym_v33\submodel
[device] cuda
[load] D:\Users\dust\Documents\학교\2026년도1학기\컴퓨터비전\실습\FoundationStereo\experiments\_model\general_head.pt  (train_scenes=['archiviz_baseline080', 'bedroom_baseline080', 'blue_bathroom_baseline080', 'computer_room_baseline080', 'cozy_living_room_baseline080', 'flat-archiviz_baseline080', 'green_house_baseline080', 'gym_baseline080', 'livingroom_baseline080', 'minimal_interior_baseline080', 'scandinavian_baseline080', 'sunlight_baseline080'])

[APPLY] ds_v2_seed1/minigym_v33  (저장모델로 새 데이터 평가)
  AUC      = 0.9248
  IoU@0.5  = 0.0827
  F1@0.5   = 0.1527
  accuracy = 0.8698  (prec=0.0829, rec=0.9651)
  tp=691 fp=7641 fn=25 tn=50523
[save] D:\Users\dust\Documents\학교\2026년도1학기\컴퓨터비전\실습\FoundationStereo\experiments\ds_v2_seed1/minigym_v33\submodel_applied  (pred_mask.png, panel.png, metrics.json)

============================================================
STEP: estimate_mirror_plane
============================================================

============================================================
STEP: viz_ransac_inliers
============================================================

============================================================
STEP: make_mirror_gt_from_depth
============================================================

============================================================
STEP: analyze_features
============================================================

============================================================
STEP: submodel_head
============================================================

============================================================
STEP: apply_submodel
============================================================

DONE: D:\Users\dust\Documents\학교\2026년도1학기\컴퓨터비전\실습\FoundationStereo\experiments\ds_v2_seed1/minigym_v33 (ok)

##### [99/119] ds_v2_seed1/minigym_v34  (done 47, fail 0, skip 51, elapsed 28m, ETA 12m) #####
[scene] ds_v2_seed1/minigym_v34  size=1280x720
[select] mirror 점 개수 = 344920  (mask=344920, valid&depth = 893610)
[conf] mirror 영역 평균 confidence = 0.6875

=== 평면 추정 결과 ===
  [PCA (closed form)]
      normal = [+0.0123, -0.8896, -0.4566]
      d = +2.0434   mirror_depth(perp) = 2.0434 m   view_z = 7.5763 m
      n_inliers = 344920/344920   rms_residual = 0.67908 m
  [RANSAC]
      normal = [+0.0283, -0.9434, -0.3304]
      d = +1.7850   mirror_depth(perp) = 1.7850 m   view_z = 7.5763 m
      n_inliers = 100716/344920   rms_residual = 0.03512 m
  [SVD robust (IRLS)]
      normal = [-0.0143, -0.8475, -0.5306]
      d = +2.8322   mirror_depth(perp) = 2.8322 m   view_z = 7.5763 m
      n_inliers = 47617/344920   rms_residual = 0.06633 m

[save] D:\Users\dust\Documents\학교\2026년도1학기\컴퓨터비전\실습\FoundationStereo\experiments\ds_v2_seed1/minigym_v34\mirror_geometry\result.json
[save] D:\Users\dust\Documents\학교\2026년도1학기\컴퓨터비전\실습\FoundationStereo\experiments\ds_v2_seed1/minigym_v34\mirror_geometry\plane.txt
[save] D:\Users\dust\Documents\학교\2026년도1학기\컴퓨터비전\실습\FoundationStereo\experiments\ds_v2_seed1/minigym_v34\mirror_geometry\viz.png

DONE: D:\Users\dust\Documents\학교\2026년도1학기\컴퓨터비전\실습\FoundationStereo\experiments\ds_v2_seed1/minigym_v34\mirror_geometry
[ds_v2_seed1/minigym_v34] 거울 점 344920개 중 inlier 100716 (29.2%) / outlier 244204
  normal=[ 0.028 -0.943 -0.33 ] d=1.785  rms(inlier)=0.0351 m  thr≈0.114 m
[save] D:\Users\dust\Documents\학교\2026년도1학기\컴퓨터비전\실습\FoundationStereo\experiments\ds_v2_seed1/minigym_v34\mirror_geometry\ransac_inliers.png
[gt] minigym_v34                  perp 4.95m planRMS 0.0105m  normal [-0.177, 0.304, -0.936]

생성 1, 건너뜀 0 (depth_gt/mask 없음 등)
[ds_v2_seed1/minigym_v34] feature 184x320  mirror_frac=0.37601902173913043  feat_left=True
rank  signal              AUC    pol  sep     mean_in     mean_out
  1  pre_conf           0.6139   -  0.2255    0.352076    0.453541
  2  pre_entropy        0.6046   +   0.143    2.131464    1.882911
  3  delta_entropy       0.593   -  0.1359    -1.48585   -1.251494
  4  post_entropy       0.5844   +  0.0449    0.645614    0.631418
  5  feat_left_pc2      0.5726   +   0.131    2.219267    1.821717
  6  delta_conf         0.5715   +  0.1511    0.335706    0.260223
  7  post_conf          0.5621   -  0.1044    0.687782    0.713764
  8  delta_argdisp      0.5549   +  0.0735   46.568428   41.845427
  9  feat_left_l2       0.5281   -  0.0584   16.758004   17.049446
 10  feat_left_pc1      0.5183   -  0.0183    2.296942    2.350915
 11  feat_left_pc3      0.5002   +   0.002    1.714184    1.708508
BEST: pre_conf (AUC=0.6139, polarity=-)
저장: D:\Users\dust\Documents\학교\2026년도1학기\컴퓨터비전\실습\FoundationStereo\experiments\ds_v2_seed1/minigym_v34\features\report.json / panels.png / mirror_signal.npy
[device] cuda
  [train] epoch 60/300  loss=0.4258
  [train] epoch 120/300  loss=0.2969
  [train] epoch 180/300  loss=0.2205
  [train] epoch 240/300  loss=0.1643
  [train] epoch 300/300  loss=0.1232

[VAL] scene=ds_v2_seed1/minigym_v34  (pixel 70/30 split)
  AUC      = 0.9907
  IoU@0.5  = 0.8765
  F1@0.5   = 0.9342
  accuracy = 0.9496  (prec=0.9145, rec=0.9547)
  tp=6321 fp=591 fn=300 tn=10452

[save] D:\Users\dust\Documents\학교\2026년도1학기\컴퓨터비전\실습\FoundationStereo\experiments\ds_v2_seed1/minigym_v34\submodel
  pred_mask.png, panel.png, metrics.json, head.pt
DONE: D:\Users\dust\Documents\학교\2026년도1학기\컴퓨터비전\실습\FoundationStereo\experiments\ds_v2_seed1/minigym_v34\submodel
[device] cuda
[load] D:\Users\dust\Documents\학교\2026년도1학기\컴퓨터비전\실습\FoundationStereo\experiments\_model\general_head.pt  (train_scenes=['archiviz_baseline080', 'bedroom_baseline080', 'blue_bathroom_baseline080', 'computer_room_baseline080', 'cozy_living_room_baseline080', 'flat-archiviz_baseline080', 'green_house_baseline080', 'gym_baseline080', 'livingroom_baseline080', 'minimal_interior_baseline080', 'scandinavian_baseline080', 'sunlight_baseline080'])

[APPLY] ds_v2_seed1/minigym_v34  (저장모델로 새 데이터 평가)
  AUC      = 0.9605
  IoU@0.5  = 0.6527
  F1@0.5   = 0.7898
  accuracy = 0.8634  (prec=0.9372, rec=0.6825)
  tp=15111 fp=1013 fn=7029 tn=35727
[save] D:\Users\dust\Documents\학교\2026년도1학기\컴퓨터비전\실습\FoundationStereo\experiments\ds_v2_seed1/minigym_v34\submodel_applied  (pred_mask.png, panel.png, metrics.json)

============================================================
STEP: estimate_mirror_plane
============================================================

============================================================
STEP: viz_ransac_inliers
============================================================

============================================================
STEP: make_mirror_gt_from_depth
============================================================

============================================================
STEP: analyze_features
============================================================

============================================================
STEP: submodel_head
============================================================

============================================================
STEP: apply_submodel
============================================================

DONE: D:\Users\dust\Documents\학교\2026년도1학기\컴퓨터비전\실습\FoundationStereo\experiments\ds_v2_seed1/minigym_v34 (ok)

##### [100/119] ds_v2_seed1/minigym_v35  (done 48, fail 0, skip 51, elapsed 28m, ETA 12m) #####
[scene] ds_v2_seed1/minigym_v35  size=1280x720
[select] mirror 점 개수 = 313175  (mask=313175, valid&depth = 899964)
[conf] mirror 영역 평균 confidence = 0.6982

=== 평면 추정 결과 ===
  [PCA (closed form)]
      normal = [+0.0364, -0.8867, -0.4609]
      d = +1.8342   mirror_depth(perp) = 1.8342 m   view_z = 7.1698 m
      n_inliers = 313175/313175   rms_residual = 0.55253 m
  [RANSAC]
      normal = [+0.0728, -0.9115, -0.4049]
      d = +1.9425   mirror_depth(perp) = 1.9425 m   view_z = 7.1698 m
      n_inliers = 115012/313175   rms_residual = 0.02478 m
  [SVD robust (IRLS)]
      normal = [+0.0324, -0.8470, -0.5307]
      d = +2.5586   mirror_depth(perp) = 2.5586 m   view_z = 7.1698 m
      n_inliers = 49430/313175   rms_residual = 0.06114 m

[save] D:\Users\dust\Documents\학교\2026년도1학기\컴퓨터비전\실습\FoundationStereo\experiments\ds_v2_seed1/minigym_v35\mirror_geometry\result.json
[save] D:\Users\dust\Documents\학교\2026년도1학기\컴퓨터비전\실습\FoundationStereo\experiments\ds_v2_seed1/minigym_v35\mirror_geometry\plane.txt
[save] D:\Users\dust\Documents\학교\2026년도1학기\컴퓨터비전\실습\FoundationStereo\experiments\ds_v2_seed1/minigym_v35\mirror_geometry\viz.png

DONE: D:\Users\dust\Documents\학교\2026년도1학기\컴퓨터비전\실습\FoundationStereo\experiments\ds_v2_seed1/minigym_v35\mirror_geometry
[ds_v2_seed1/minigym_v35] 거울 점 313175개 중 inlier 115012 (36.7%) / outlier 198163
  normal=[ 0.073 -0.911 -0.405] d=1.943  rms(inlier)=0.0248 m  thr≈0.103 m
[save] D:\Users\dust\Documents\학교\2026년도1학기\컴퓨터비전\실습\FoundationStereo\experiments\ds_v2_seed1/minigym_v35\mirror_geometry\ransac_inliers.png
[gt] minigym_v35                  perp 4.74m planRMS 0.0047m  normal [-0.048, 0.392, -0.919]

생성 1, 건너뜀 0 (depth_gt/mask 없음 등)
[ds_v2_seed1/minigym_v35] feature 184x320  mirror_frac=0.3420346467391304  feat_left=True
rank  signal              AUC    pol  sep     mean_in     mean_out
  1  delta_argdisp      0.5904   +  0.1347   46.741497    38.28515
  2  pre_conf           0.5892   -  0.1934    0.352312     0.43875
  3  delta_entropy      0.5842   -   0.135   -1.503453   -1.273511
  4  pre_entropy        0.5838   +  0.1281    2.134509    1.913066
  5  delta_conf          0.583   +  0.1703    0.345183    0.260738
  6  feat_left_pc2      0.5665   +  0.1184    2.242732    1.878808
  7  feat_left_pc1       0.554   -  0.0732    2.181504    2.395712
  8  post_entropy       0.5435   +  0.0254    0.631056    0.639556
  9  feat_left_l2       0.5288   +  0.0423    17.15307     16.9369
 10  post_conf          0.5098   -  0.0077    0.697496    0.699487
 11  feat_left_pc3      0.5055   -  0.0085    1.740151    1.763954
BEST: delta_argdisp (AUC=0.5904, polarity=+)
저장: D:\Users\dust\Documents\학교\2026년도1학기\컴퓨터비전\실습\FoundationStereo\experiments\ds_v2_seed1/minigym_v35\features\report.json / panels.png / mirror_signal.npy
[device] cuda
  [train] epoch 60/300  loss=0.4313
  [train] epoch 120/300  loss=0.2914
  [train] epoch 180/300  loss=0.2103
  [train] epoch 240/300  loss=0.1555
  [train] epoch 300/300  loss=0.1167

[VAL] scene=ds_v2_seed1/minigym_v35  (pixel 70/30 split)
  AUC      = 0.9935
  IoU@0.5  = 0.8881
  F1@0.5   = 0.9407
  accuracy = 0.9586  (prec=0.9199, rec=0.9625)
  tp=5799 fp=505 fn=226 tn=11134

[save] D:\Users\dust\Documents\학교\2026년도1학기\컴퓨터비전\실습\FoundationStereo\experiments\ds_v2_seed1/minigym_v35\submodel
  pred_mask.png, panel.png, metrics.json, head.pt
DONE: D:\Users\dust\Documents\학교\2026년도1학기\컴퓨터비전\실습\FoundationStereo\experiments\ds_v2_seed1/minigym_v35\submodel
[device] cuda
[load] D:\Users\dust\Documents\학교\2026년도1학기\컴퓨터비전\실습\FoundationStereo\experiments\_model\general_head.pt  (train_scenes=['archiviz_baseline080', 'bedroom_baseline080', 'blue_bathroom_baseline080', 'computer_room_baseline080', 'cozy_living_room_baseline080', 'flat-archiviz_baseline080', 'green_house_baseline080', 'gym_baseline080', 'livingroom_baseline080', 'minimal_interior_baseline080', 'scandinavian_baseline080', 'sunlight_baseline080'])

[APPLY] ds_v2_seed1/minigym_v35  (저장모델로 새 데이터 평가)
  AUC      = 0.9655
  IoU@0.5  = 0.6733
  F1@0.5   = 0.8047
  accuracy = 0.8833  (prec=0.9410, rec=0.7030)
  tp=14157 fp=888 fn=5982 tn=37853
[save] D:\Users\dust\Documents\학교\2026년도1학기\컴퓨터비전\실습\FoundationStereo\experiments\ds_v2_seed1/minigym_v35\submodel_applied  (pred_mask.png, panel.png, metrics.json)

============================================================
STEP: estimate_mirror_plane
============================================================

============================================================
STEP: viz_ransac_inliers
============================================================

============================================================
STEP: make_mirror_gt_from_depth
============================================================

============================================================
STEP: analyze_features
============================================================

============================================================
STEP: submodel_head
============================================================

============================================================
STEP: apply_submodel
============================================================

DONE: D:\Users\dust\Documents\학교\2026년도1학기\컴퓨터비전\실습\FoundationStereo\experiments\ds_v2_seed1/minigym_v35 (ok)

##### [101/119] ds_v2_seed1/minigym_v36  (done 49, fail 0, skip 51, elapsed 29m, ETA 11m) #####
[scene] ds_v2_seed1/minigym_v36  size=1280x720
[select] mirror 점 개수 = 321155  (mask=321155, valid&depth = 894856)
[conf] mirror 영역 평균 confidence = 0.6841

=== 평면 추정 결과 ===
  [PCA (closed form)]
      normal = [+0.0176, -0.8715, -0.4900]
      d = +2.1096   mirror_depth(perp) = 2.1096 m   view_z = 7.2089 m
      n_inliers = 321155/321155   rms_residual = 0.53778 m
  [RANSAC]
      normal = [+0.0222, -0.9130, -0.4073]
      d = +1.9843   mirror_depth(perp) = 1.9843 m   view_z = 7.2089 m
      n_inliers = 120794/321155   rms_residual = 0.02617 m
  [SVD robust (IRLS)]
      normal = [-0.0093, -0.8387, -0.5445]
      d = +2.7297   mirror_depth(perp) = 2.7297 m   view_z = 7.2089 m
      n_inliers = 58324/321155   rms_residual = 0.05477 m

[save] D:\Users\dust\Documents\학교\2026년도1학기\컴퓨터비전\실습\FoundationStereo\experiments\ds_v2_seed1/minigym_v36\mirror_geometry\result.json
[save] D:\Users\dust\Documents\학교\2026년도1학기\컴퓨터비전\실습\FoundationStereo\experiments\ds_v2_seed1/minigym_v36\mirror_geometry\plane.txt
[save] D:\Users\dust\Documents\학교\2026년도1학기\컴퓨터비전\실습\FoundationStereo\experiments\ds_v2_seed1/minigym_v36\mirror_geometry\viz.png

DONE: D:\Users\dust\Documents\학교\2026년도1학기\컴퓨터비전\실습\FoundationStereo\experiments\ds_v2_seed1/minigym_v36\mirror_geometry
[ds_v2_seed1/minigym_v36] 거울 점 321155개 중 inlier 120794 (37.6%) / outlier 200361
  normal=[ 0.022 -0.913 -0.407] d=1.984  rms(inlier)=0.0262 m  thr≈0.102 m
[save] D:\Users\dust\Documents\학교\2026년도1학기\컴퓨터비전\실습\FoundationStereo\experiments\ds_v2_seed1/minigym_v36\mirror_geometry\ransac_inliers.png
[gt] minigym_v36                  perp 4.79m planRMS 0.0004m  normal [-0.196, 0.387, -0.901]

생성 1, 건너뜀 0 (depth_gt/mask 없음 등)
[ds_v2_seed1/minigym_v36] feature 184x320  mirror_frac=0.3501528532608696  feat_left=True
rank  signal              AUC    pol  sep     mean_in     mean_out
  1  pre_conf           0.6165   -   0.232    0.354415    0.461218
  2  post_entropy       0.6102   +  0.1196    0.641055    0.606471
  3  pre_entropy        0.6089   +  0.1546    2.131574    1.857061
  4  delta_entropy       0.595   -  0.1374   -1.490519    -1.25059
  5  post_conf          0.5837   -  0.1447    0.684452    0.721013
  6  delta_argdisp      0.5801   +  0.1164   46.133579   38.706008
  7  delta_conf         0.5664   +  0.1386    0.330037    0.259795
  8  feat_left_pc2        0.56   +  0.1059    2.162438    1.845012
  9  feat_left_pc1      0.5171   -  0.0239    2.256747    2.326241
 10  feat_left_l2       0.5059   -  0.0243   16.872851   16.993483
 11  feat_left_pc3      0.5058   -  0.0121     1.72316    1.757188
BEST: pre_conf (AUC=0.6165, polarity=-)
저장: D:\Users\dust\Documents\학교\2026년도1학기\컴퓨터비전\실습\FoundationStereo\experiments\ds_v2_seed1/minigym_v36\features\report.json / panels.png / mirror_signal.npy
[device] cuda
  [train] epoch 60/300  loss=0.4518
  [train] epoch 120/300  loss=0.3182
  [train] epoch 180/300  loss=0.2367
  [train] epoch 240/300  loss=0.1759
  [train] epoch 300/300  loss=0.1320

[VAL] scene=ds_v2_seed1/minigym_v36  (pixel 70/30 split)
  AUC      = 0.9917
  IoU@0.5  = 0.8713
  F1@0.5   = 0.9312
  accuracy = 0.9507  (prec=0.9069, rec=0.9568)
  tp=5896 fp=605 fn=266 tn=10897

[save] D:\Users\dust\Documents\학교\2026년도1학기\컴퓨터비전\실습\FoundationStereo\experiments\ds_v2_seed1/minigym_v36\submodel
  pred_mask.png, panel.png, metrics.json, head.pt
DONE: D:\Users\dust\Documents\학교\2026년도1학기\컴퓨터비전\실습\FoundationStereo\experiments\ds_v2_seed1/minigym_v36\submodel
[device] cuda
[load] D:\Users\dust\Documents\학교\2026년도1학기\컴퓨터비전\실습\FoundationStereo\experiments\_model\general_head.pt  (train_scenes=['archiviz_baseline080', 'bedroom_baseline080', 'blue_bathroom_baseline080', 'computer_room_baseline080', 'cozy_living_room_baseline080', 'flat-archiviz_baseline080', 'green_house_baseline080', 'gym_baseline080', 'livingroom_baseline080', 'minimal_interior_baseline080', 'scandinavian_baseline080', 'sunlight_baseline080'])

[APPLY] ds_v2_seed1/minigym_v36  (저장모델로 새 데이터 평가)
  AUC      = 0.9549
  IoU@0.5  = 0.6154
  F1@0.5   = 0.7619
  accuracy = 0.8588  (prec=0.9305, rec=0.6451)
  tp=13299 fp=993 fn=7318 tn=37270
[save] D:\Users\dust\Documents\학교\2026년도1학기\컴퓨터비전\실습\FoundationStereo\experiments\ds_v2_seed1/minigym_v36\submodel_applied  (pred_mask.png, panel.png, metrics.json)

============================================================
STEP: estimate_mirror_plane
============================================================

============================================================
STEP: viz_ransac_inliers
============================================================

============================================================
STEP: make_mirror_gt_from_depth
============================================================

============================================================
STEP: analyze_features
============================================================

============================================================
STEP: submodel_head
============================================================

============================================================
STEP: apply_submodel
============================================================

DONE: D:\Users\dust\Documents\학교\2026년도1학기\컴퓨터비전\실습\FoundationStereo\experiments\ds_v2_seed1/minigym_v36 (ok)

##### [102/119] ds_v2_seed1/minigym_v37  (done 50, fail 0, skip 51, elapsed 29m, ETA 11m) #####
[scene] ds_v2_seed1/minigym_v37  size=1280x720
[select] mirror 점 개수 = 521715  (mask=521715, valid&depth = 899342)
[conf] mirror 영역 평균 confidence = 0.6890

=== 평면 추정 결과 ===
  [PCA (closed form)]
      normal = [+0.0233, -0.8779, -0.4783]
      d = +2.7298   mirror_depth(perp) = 2.7298 m   view_z = 7.5044 m
      n_inliers = 521715/521715   rms_residual = 0.97697 m
  [RANSAC]
      normal = [+0.0243, -0.9768, -0.2128]
      d = +1.9382   mirror_depth(perp) = 1.9382 m   view_z = 7.5044 m
      n_inliers = 124368/521715   rms_residual = 0.02914 m
  [SVD robust (IRLS)]
      normal = [-0.0177, -0.8247, -0.5654]
      d = +3.6030   mirror_depth(perp) = 3.6030 m   view_z = 7.5044 m
      n_inliers = 55754/521715   rms_residual = 0.06279 m

[save] D:\Users\dust\Documents\학교\2026년도1학기\컴퓨터비전\실습\FoundationStereo\experiments\ds_v2_seed1/minigym_v37\mirror_geometry\result.json
[save] D:\Users\dust\Documents\학교\2026년도1학기\컴퓨터비전\실습\FoundationStereo\experiments\ds_v2_seed1/minigym_v37\mirror_geometry\plane.txt
[save] D:\Users\dust\Documents\학교\2026년도1학기\컴퓨터비전\실습\FoundationStereo\experiments\ds_v2_seed1/minigym_v37\mirror_geometry\viz.png

DONE: D:\Users\dust\Documents\학교\2026년도1학기\컴퓨터비전\실습\FoundationStereo\experiments\ds_v2_seed1/minigym_v37\mirror_geometry
[ds_v2_seed1/minigym_v37] 거울 점 521715개 중 inlier 124368 (23.8%) / outlier 397347
  normal=[ 0.024 -0.977 -0.213] d=1.938  rms(inlier)=0.0291 m  thr≈0.109 m
[save] D:\Users\dust\Documents\학교\2026년도1학기\컴퓨터비전\실습\FoundationStereo\experiments\ds_v2_seed1/minigym_v37\mirror_geometry\ransac_inliers.png
[gt] minigym_v37                  perp 4.67m planRMS 0.0069m  normal [-0.198, 0.191, -0.961]

생성 1, 건너뜀 0 (depth_gt/mask 없음 등)
[ds_v2_seed1/minigym_v37] feature 184x320  mirror_frac=0.5675951086956522  feat_left=True
rank  signal              AUC    pol  sep     mean_in     mean_out
  1  post_entropy       0.6268   +  0.1957    0.641531    0.588649
  2  delta_argdisp      0.6141   +  0.1644   47.487044   36.803417
  3  pre_conf           0.6095   -  0.2352    0.371173    0.483976
  4  pre_entropy        0.6017   +  0.1468    2.054943    1.787032
  5  delta_entropy      0.5852   -  0.1198   -1.413412   -1.198384
  6  post_conf          0.5834   -  0.1472    0.689295    0.725811
  7  feat_left_l2       0.5738   -  0.1301   16.690865   17.328857
  8  delta_conf          0.568   +  0.1465    0.318122    0.241834
  9  feat_left_pc2      0.5604   +  0.1036    2.160218    1.847815
 10  feat_left_pc1      0.5421   +  0.0847    2.540568    2.287404
 11  feat_left_pc3      0.5126   -  0.0234    1.696657    1.761784
BEST: post_entropy (AUC=0.6268, polarity=+)
저장: D:\Users\dust\Documents\학교\2026년도1학기\컴퓨터비전\실습\FoundationStereo\experiments\ds_v2_seed1/minigym_v37\features\report.json / panels.png / mirror_signal.npy
[device] cuda
  [train] epoch 60/300  loss=0.2868
  [train] epoch 120/300  loss=0.1936
  [train] epoch 180/300  loss=0.1369
  [train] epoch 240/300  loss=0.0993
  [train] epoch 300/300  loss=0.0741

[VAL] scene=ds_v2_seed1/minigym_v37  (pixel 70/30 split)
  AUC      = 0.9933
  IoU@0.5  = 0.9296
  F1@0.5   = 0.9635
  accuracy = 0.9591  (prec=0.9698, rec=0.9573)
  tp=9535 fp=297 fn=425 tn=7407

[save] D:\Users\dust\Documents\학교\2026년도1학기\컴퓨터비전\실습\FoundationStereo\experiments\ds_v2_seed1/minigym_v37\submodel
  pred_mask.png, panel.png, metrics.json, head.pt
DONE: D:\Users\dust\Documents\학교\2026년도1학기\컴퓨터비전\실습\FoundationStereo\experiments\ds_v2_seed1/minigym_v37\submodel
[device] cuda
[load] D:\Users\dust\Documents\학교\2026년도1학기\컴퓨터비전\실습\FoundationStereo\experiments\_model\general_head.pt  (train_scenes=['archiviz_baseline080', 'bedroom_baseline080', 'blue_bathroom_baseline080', 'computer_room_baseline080', 'cozy_living_room_baseline080', 'flat-archiviz_baseline080', 'green_house_baseline080', 'gym_baseline080', 'livingroom_baseline080', 'minimal_interior_baseline080', 'scandinavian_baseline080', 'sunlight_baseline080'])

[APPLY] ds_v2_seed1/minigym_v37  (저장모델로 새 데이터 평가)
  AUC      = 0.9420
  IoU@0.5  = 0.5778
  F1@0.5   = 0.7325
  accuracy = 0.7582  (prec=0.9842, rec=0.5832)
  tp=19492 fp=312 fn=13928 tn=25148
[save] D:\Users\dust\Documents\학교\2026년도1학기\컴퓨터비전\실습\FoundationStereo\experiments\ds_v2_seed1/minigym_v37\submodel_applied  (pred_mask.png, panel.png, metrics.json)

============================================================
STEP: estimate_mirror_plane
============================================================

============================================================
STEP: viz_ransac_inliers
============================================================

============================================================
STEP: make_mirror_gt_from_depth
============================================================

============================================================
STEP: analyze_features
============================================================

============================================================
STEP: submodel_head
============================================================

============================================================
STEP: apply_submodel
============================================================

DONE: D:\Users\dust\Documents\학교\2026년도1학기\컴퓨터비전\실습\FoundationStereo\experiments\ds_v2_seed1/minigym_v37 (ok)

##### [103/119] ds_v2_seed1/minigym_v38  (done 51, fail 0, skip 51, elapsed 30m, ETA 10m) #####
[scene] ds_v2_seed1/minigym_v38  size=1280x720
[select] mirror 점 개수 = 455372  (mask=455372, valid&depth = 901333)
[conf] mirror 영역 평균 confidence = 0.6888

=== 평면 추정 결과 ===
  [PCA (closed form)]
      normal = [+0.0199, -0.8973, -0.4410]
      d = +2.1794   mirror_depth(perp) = 2.1794 m   view_z = 7.4356 m
      n_inliers = 455372/455372   rms_residual = 0.86648 m
  [RANSAC]
      normal = [+0.0343, -0.9672, -0.2515]
      d = +1.7803   mirror_depth(perp) = 1.7803 m   view_z = 7.4356 m
      n_inliers = 113004/455372   rms_residual = 0.02949 m
  [SVD robust (IRLS)]
      normal = [+0.0029, -0.8419, -0.5396]
      d = +3.1357   mirror_depth(perp) = 3.1357 m   view_z = 7.4356 m
      n_inliers = 46529/455372   rms_residual = 0.06339 m

[save] D:\Users\dust\Documents\학교\2026년도1학기\컴퓨터비전\실습\FoundationStereo\experiments\ds_v2_seed1/minigym_v38\mirror_geometry\result.json
[save] D:\Users\dust\Documents\학교\2026년도1학기\컴퓨터비전\실습\FoundationStereo\experiments\ds_v2_seed1/minigym_v38\mirror_geometry\plane.txt
[save] D:\Users\dust\Documents\학교\2026년도1학기\컴퓨터비전\실습\FoundationStereo\experiments\ds_v2_seed1/minigym_v38\mirror_geometry\viz.png

DONE: D:\Users\dust\Documents\학교\2026년도1학기\컴퓨터비전\실습\FoundationStereo\experiments\ds_v2_seed1/minigym_v38\mirror_geometry
[ds_v2_seed1/minigym_v38] 거울 점 455372개 중 inlier 113004 (24.8%) / outlier 342368
  normal=[ 0.034 -0.967 -0.251] d=1.780  rms(inlier)=0.0295 m  thr≈0.107 m
[save] D:\Users\dust\Documents\학교\2026년도1학기\컴퓨터비전\실습\FoundationStereo\experiments\ds_v2_seed1/minigym_v38\mirror_geometry\ransac_inliers.png
[gt] minigym_v38                  perp 4.68m planRMS 0.0086m  normal [-0.148, 0.237, -0.96]

생성 1, 건너뜀 0 (depth_gt/mask 없음 등)
[ds_v2_seed1/minigym_v38] feature 184x320  mirror_frac=0.496484375  feat_left=True
rank  signal              AUC    pol  sep     mean_in     mean_out
  1  delta_argdisp      0.6085   +    0.16   46.771594   36.616352
  2  post_entropy       0.6084   +  0.1607    0.638787    0.596879
  3  pre_conf           0.5851   -  0.1872    0.371372    0.458734
  4  pre_entropy        0.5788   +  0.1147    2.050614    1.848024
  5  post_conf          0.5755   -  0.1346    0.688894    0.721855
  6  feat_left_pc2      0.5703   +  0.1256    2.242097    1.854558
  7  delta_entropy      0.5661   -  0.0923   -1.411827   -1.251145
  8  delta_conf         0.5486   +  0.1076    0.317523    0.263121
  9  feat_left_l2       0.5363   -  0.0735   16.729413   17.112737
 10  feat_left_pc1      0.5099   +  0.0146     2.42455    2.380152
 11  feat_left_pc3      0.5045   +  0.0034    1.731031    1.721709
BEST: delta_argdisp (AUC=0.6085, polarity=+)
저장: D:\Users\dust\Documents\학교\2026년도1학기\컴퓨터비전\실습\FoundationStereo\experiments\ds_v2_seed1/minigym_v38\features\report.json / panels.png / mirror_signal.npy
[device] cuda
  [train] epoch 60/300  loss=0.3276
  [train] epoch 120/300  loss=0.2075
  [train] epoch 180/300  loss=0.1455
  [train] epoch 240/300  loss=0.1068
  [train] epoch 300/300  loss=0.0808

[VAL] scene=ds_v2_seed1/minigym_v38  (pixel 70/30 split)
  AUC      = 0.9944
  IoU@0.5  = 0.9286
  F1@0.5   = 0.9630
  accuracy = 0.9634  (prec=0.9615, rec=0.9645)
  tp=8416 fp=337 fn=310 tn=8601

[save] D:\Users\dust\Documents\학교\2026년도1학기\컴퓨터비전\실습\FoundationStereo\experiments\ds_v2_seed1/minigym_v38\submodel
  pred_mask.png, panel.png, metrics.json, head.pt
DONE: D:\Users\dust\Documents\학교\2026년도1학기\컴퓨터비전\실습\FoundationStereo\experiments\ds_v2_seed1/minigym_v38\submodel
[device] cuda
[load] D:\Users\dust\Documents\학교\2026년도1학기\컴퓨터비전\실습\FoundationStereo\experiments\_model\general_head.pt  (train_scenes=['archiviz_baseline080', 'bedroom_baseline080', 'blue_bathroom_baseline080', 'computer_room_baseline080', 'cozy_living_room_baseline080', 'flat-archiviz_baseline080', 'green_house_baseline080', 'gym_baseline080', 'livingroom_baseline080', 'minimal_interior_baseline080', 'scandinavian_baseline080', 'sunlight_baseline080'])

[APPLY] ds_v2_seed1/minigym_v38  (저장모델로 새 데이터 평가)
  AUC      = 0.9521
  IoU@0.5  = 0.6050
  F1@0.5   = 0.7539
  accuracy = 0.8016  (prec=0.9816, rec=0.6119)
  tp=17889 fp=335 fn=11344 tn=29312
[save] D:\Users\dust\Documents\학교\2026년도1학기\컴퓨터비전\실습\FoundationStereo\experiments\ds_v2_seed1/minigym_v38\submodel_applied  (pred_mask.png, panel.png, metrics.json)

============================================================
STEP: estimate_mirror_plane
============================================================

============================================================
STEP: viz_ransac_inliers
============================================================

============================================================
STEP: make_mirror_gt_from_depth
============================================================

============================================================
STEP: analyze_features
============================================================

============================================================
STEP: submodel_head
============================================================

============================================================
STEP: apply_submodel
============================================================

DONE: D:\Users\dust\Documents\학교\2026년도1학기\컴퓨터비전\실습\FoundationStereo\experiments\ds_v2_seed1/minigym_v38 (ok)

##### [104/119] ds_v2_seed1/minigym_v39  (done 52, fail 0, skip 51, elapsed 30m, ETA 9m) #####
[scene] ds_v2_seed1/minigym_v39  size=1280x720
[select] mirror 점 개수 = 429694  (mask=429694, valid&depth = 896135)
[conf] mirror 영역 평균 confidence = 0.6909

=== 평면 추정 결과 ===
  [PCA (closed form)]
      normal = [+0.0157, -0.8967, -0.4423]
      d = +2.2055   mirror_depth(perp) = 2.2055 m   view_z = 7.6304 m
      n_inliers = 429694/429694   rms_residual = 0.87202 m
  [RANSAC]
      normal = [-0.9899, -0.0876, +0.1115]
      d = +2.4708   mirror_depth(perp) = 2.4708 m   view_z = 7.6304 m
      n_inliers = 107602/429694   rms_residual = 0.02415 m
  [SVD robust (IRLS)]
      normal = [-0.0222, -0.8431, -0.5372]
      d = +3.1678   mirror_depth(perp) = 3.1678 m   view_z = 7.6304 m
      n_inliers = 42779/429694   rms_residual = 0.06271 m

[save] D:\Users\dust\Documents\학교\2026년도1학기\컴퓨터비전\실습\FoundationStereo\experiments\ds_v2_seed1/minigym_v39\mirror_geometry\result.json
[save] D:\Users\dust\Documents\학교\2026년도1학기\컴퓨터비전\실습\FoundationStereo\experiments\ds_v2_seed1/minigym_v39\mirror_geometry\plane.txt
[save] D:\Users\dust\Documents\학교\2026년도1학기\컴퓨터비전\실습\FoundationStereo\experiments\ds_v2_seed1/minigym_v39\mirror_geometry\viz.png

DONE: D:\Users\dust\Documents\학교\2026년도1학기\컴퓨터비전\실습\FoundationStereo\experiments\ds_v2_seed1/minigym_v39\mirror_geometry
[ds_v2_seed1/minigym_v39] 거울 점 429694개 중 inlier 107602 (25.0%) / outlier 322092
  normal=[-0.99  -0.088  0.111] d=2.471  rms(inlier)=0.0241 m  thr≈0.108 m
[save] D:\Users\dust\Documents\학교\2026년도1학기\컴퓨터비전\실습\FoundationStereo\experiments\ds_v2_seed1/minigym_v39\mirror_geometry\ransac_inliers.png
[gt] minigym_v39                  perp 4.84m planRMS 0.0093m  normal [-0.138, 0.227, -0.964]

생성 1, 건너뜀 0 (depth_gt/mask 없음 등)
[ds_v2_seed1/minigym_v39] feature 184x320  mirror_frac=0.46818953804347824  feat_left=True
rank  signal              AUC    pol  sep     mean_in     mean_out
  1  post_entropy       0.6072   +  0.0968    0.641487    0.612642
  2  delta_argdisp      0.5903   +  0.1307   47.573621   39.214543
  3  pre_conf           0.5814   -  0.1824    0.362818     0.44623
  4  post_conf          0.5795   -  0.1267    0.690963    0.721351
  5  pre_entropy        0.5668   +  0.0812    2.078956    1.934105
  6  feat_left_pc2      0.5668   +  0.1129    2.215179    1.869418
  7  feat_left_l2       0.5567   -  0.1058   16.664829   17.192182
  8  delta_entropy      0.5525   -  0.0668   -1.437468   -1.321463
  9  delta_conf         0.5437   +  0.1067    0.328145    0.275122
 10  feat_left_pc1       0.535   +  0.0738    2.471098    2.250334
 11  feat_left_pc3      0.5025   -  0.0058    1.727287    1.743158
BEST: post_entropy (AUC=0.6072, polarity=+)
저장: D:\Users\dust\Documents\학교\2026년도1학기\컴퓨터비전\실습\FoundationStereo\experiments\ds_v2_seed1/minigym_v39\features\report.json / panels.png / mirror_signal.npy
[device] cuda
  [train] epoch 60/300  loss=0.3735
  [train] epoch 120/300  loss=0.2552
  [train] epoch 180/300  loss=0.1843
  [train] epoch 240/300  loss=0.1351
  [train] epoch 300/300  loss=0.1009

[VAL] scene=ds_v2_seed1/minigym_v39  (pixel 70/30 split)
  AUC      = 0.9924
  IoU@0.5  = 0.9092
  F1@0.5   = 0.9524
  accuracy = 0.9557  (prec=0.9486, rec=0.9563)
  tp=7840 fp=425 fn=358 tn=9041

[save] D:\Users\dust\Documents\학교\2026년도1학기\컴퓨터비전\실습\FoundationStereo\experiments\ds_v2_seed1/minigym_v39\submodel
  pred_mask.png, panel.png, metrics.json, head.pt
DONE: D:\Users\dust\Documents\학교\2026년도1학기\컴퓨터비전\실습\FoundationStereo\experiments\ds_v2_seed1/minigym_v39\submodel
[device] cuda
[load] D:\Users\dust\Documents\학교\2026년도1학기\컴퓨터비전\실습\FoundationStereo\experiments\_model\general_head.pt  (train_scenes=['archiviz_baseline080', 'bedroom_baseline080', 'blue_bathroom_baseline080', 'computer_room_baseline080', 'cozy_living_room_baseline080', 'flat-archiviz_baseline080', 'green_house_baseline080', 'gym_baseline080', 'livingroom_baseline080', 'minimal_interior_baseline080', 'scandinavian_baseline080', 'sunlight_baseline080'])

[APPLY] ds_v2_seed1/minigym_v39  (저장모델로 새 데이터 평가)
  AUC      = 0.9502
  IoU@0.5  = 0.6160
  F1@0.5   = 0.7623
  accuracy = 0.8168  (prec=0.9706, rec=0.6277)
  tp=17303 fp=524 fn=10264 tn=30789
[save] D:\Users\dust\Documents\학교\2026년도1학기\컴퓨터비전\실습\FoundationStereo\experiments\ds_v2_seed1/minigym_v39\submodel_applied  (pred_mask.png, panel.png, metrics.json)

============================================================
STEP: estimate_mirror_plane
============================================================

============================================================
STEP: viz_ransac_inliers
============================================================

============================================================
STEP: make_mirror_gt_from_depth
============================================================

============================================================
STEP: analyze_features
============================================================

============================================================
STEP: submodel_head
============================================================

============================================================
STEP: apply_submodel
============================================================

DONE: D:\Users\dust\Documents\학교\2026년도1학기\컴퓨터비전\실습\FoundationStereo\experiments\ds_v2_seed1/minigym_v39 (ok)

##### [105/119] ds_v2_seed1/minigym_v40  (done 53, fail 0, skip 51, elapsed 31m, ETA 9m) #####
[scene] ds_v2_seed1/minigym_v40  size=1280x720
[select] mirror 점 개수 = 329454  (mask=329454, valid&depth = 897629)
[conf] mirror 영역 평균 confidence = 0.6977

=== 평면 추정 결과 ===
  [PCA (closed form)]
      normal = [+0.0083, -0.8840, -0.4674]
      d = +2.0453   mirror_depth(perp) = 2.0453 m   view_z = 7.4746 m
      n_inliers = 329454/329454   rms_residual = 0.61958 m
  [RANSAC]
      normal = [+0.0233, -0.9220, -0.3865]
      d = +2.0250   mirror_depth(perp) = 2.0250 m   view_z = 7.4746 m
      n_inliers = 111361/329454   rms_residual = 0.02639 m
  [SVD robust (IRLS)]
      normal = [-0.0126, -0.8364, -0.5479]
      d = +2.8972   mirror_depth(perp) = 2.8972 m   view_z = 7.4746 m
      n_inliers = 55239/329454   rms_residual = 0.05948 m

[save] D:\Users\dust\Documents\학교\2026년도1학기\컴퓨터비전\실습\FoundationStereo\experiments\ds_v2_seed1/minigym_v40\mirror_geometry\result.json
[save] D:\Users\dust\Documents\학교\2026년도1학기\컴퓨터비전\실습\FoundationStereo\experiments\ds_v2_seed1/minigym_v40\mirror_geometry\plane.txt
[save] D:\Users\dust\Documents\학교\2026년도1학기\컴퓨터비전\실습\FoundationStereo\experiments\ds_v2_seed1/minigym_v40\mirror_geometry\viz.png

DONE: D:\Users\dust\Documents\학교\2026년도1학기\컴퓨터비전\실습\FoundationStereo\experiments\ds_v2_seed1/minigym_v40\mirror_geometry
[ds_v2_seed1/minigym_v40] 거울 점 329454개 중 inlier 111361 (33.8%) / outlier 218093
  normal=[ 0.023 -0.922 -0.387] d=2.025  rms(inlier)=0.0264 m  thr≈0.105 m
[save] D:\Users\dust\Documents\학교\2026년도1학기\컴퓨터비전\실습\FoundationStereo\experiments\ds_v2_seed1/minigym_v40\mirror_geometry\ransac_inliers.png
[gt] minigym_v40                  perp 4.97m planRMS 0.0085m  normal [-0.197, 0.365, -0.91]

생성 1, 건너뜀 0 (depth_gt/mask 없음 등)
[ds_v2_seed1/minigym_v40] feature 184x320  mirror_frac=0.3595618206521739  feat_left=True
rank  signal              AUC    pol  sep     mean_in     mean_out
  1  pre_conf           0.6283   -  0.2602     0.34597    0.464995
  2  pre_entropy        0.6228   +  0.1851     2.16582    1.839134
  3  delta_entropy      0.6133   -  0.1761   -1.534665   -1.228745
  4  delta_conf         0.6002   +  0.2004    0.352037    0.251946
  5  delta_argdisp      0.5767   +  0.1106   46.666714   39.554775
  6  feat_left_pc2       0.575   +  0.1339    2.230007    1.821439
  7  post_entropy       0.5741   +  0.0707    0.631155     0.61039
  8  post_conf          0.5436   -  0.0754    0.698008    0.716941
  9  feat_left_pc1       0.531   -  0.0467    2.256909    2.394241
 10  feat_left_l2       0.5129   -  0.0334   16.805113   16.974666
 11  feat_left_pc3      0.5064   -  0.0114    1.699865    1.731738
BEST: pre_conf (AUC=0.6283, polarity=-)
저장: D:\Users\dust\Documents\학교\2026년도1학기\컴퓨터비전\실습\FoundationStereo\experiments\ds_v2_seed1/minigym_v40\features\report.json / panels.png / mirror_signal.npy
[device] cuda
  [train] epoch 60/300  loss=0.4329
  [train] epoch 120/300  loss=0.2975
  [train] epoch 180/300  loss=0.2198
  [train] epoch 240/300  loss=0.1640
  [train] epoch 300/300  loss=0.1235

[VAL] scene=ds_v2_seed1/minigym_v40  (pixel 70/30 split)
  AUC      = 0.9917
  IoU@0.5  = 0.8770
  F1@0.5   = 0.9344
  accuracy = 0.9519  (prec=0.9135, rec=0.9564)
  tp=6051 fp=573 fn=276 tn=10764

[save] D:\Users\dust\Documents\학교\2026년도1학기\컴퓨터비전\실습\FoundationStereo\experiments\ds_v2_seed1/minigym_v40\submodel
  pred_mask.png, panel.png, metrics.json, head.pt
DONE: D:\Users\dust\Documents\학교\2026년도1학기\컴퓨터비전\실습\FoundationStereo\experiments\ds_v2_seed1/minigym_v40\submodel
[device] cuda
[load] D:\Users\dust\Documents\학교\2026년도1학기\컴퓨터비전\실습\FoundationStereo\experiments\_model\general_head.pt  (train_scenes=['archiviz_baseline080', 'bedroom_baseline080', 'blue_bathroom_baseline080', 'computer_room_baseline080', 'cozy_living_room_baseline080', 'flat-archiviz_baseline080', 'green_house_baseline080', 'gym_baseline080', 'livingroom_baseline080', 'minimal_interior_baseline080', 'scandinavian_baseline080', 'sunlight_baseline080'])

[APPLY] ds_v2_seed1/minigym_v40  (저장모델로 새 데이터 평가)
  AUC      = 0.9583
  IoU@0.5  = 0.6441
  F1@0.5   = 0.7835
  accuracy = 0.8649  (prec=0.9246, rec=0.6798)
  tp=14392 fp=1174 fn=6779 tn=36535
[save] D:\Users\dust\Documents\학교\2026년도1학기\컴퓨터비전\실습\FoundationStereo\experiments\ds_v2_seed1/minigym_v40\submodel_applied  (pred_mask.png, panel.png, metrics.json)

============================================================
STEP: estimate_mirror_plane
============================================================

============================================================
STEP: viz_ransac_inliers
============================================================

============================================================
STEP: make_mirror_gt_from_depth
============================================================

============================================================
STEP: analyze_features
============================================================

============================================================
STEP: submodel_head
============================================================

============================================================
STEP: apply_submodel
============================================================

DONE: D:\Users\dust\Documents\학교\2026년도1학기\컴퓨터비전\실습\FoundationStereo\experiments\ds_v2_seed1/minigym_v40 (ok)

##### [106/119] ds_v2_seed1/minigym_v41  (done 54, fail 0, skip 51, elapsed 31m, ETA 8m) #####
[scene] ds_v2_seed1/minigym_v41  size=1280x720
[select] mirror 점 개수 = 214975  (mask=214975, valid&depth = 892249)
[conf] mirror 영역 평균 confidence = 0.7315

=== 평면 추정 결과 ===
  [PCA (closed form)]
      normal = [+0.0313, -0.8448, -0.5341]
      d = +2.1593   mirror_depth(perp) = 2.1593 m   view_z = 6.8667 m
      n_inliers = 214975/214975   rms_residual = 0.35585 m
  [RANSAC]
      normal = [-0.0546, -0.9005, -0.4313]
      d = +1.8618   mirror_depth(perp) = 1.8618 m   view_z = 6.8667 m
      n_inliers = 104736/214975   rms_residual = 0.02719 m
  [SVD robust (IRLS)]
      normal = [-0.0037, -0.8505, -0.5260]
      d = +2.2532   mirror_depth(perp) = 2.2532 m   view_z = 6.8667 m
      n_inliers = 58438/214975   rms_residual = 0.05653 m

[save] D:\Users\dust\Documents\학교\2026년도1학기\컴퓨터비전\실습\FoundationStereo\experiments\ds_v2_seed1/minigym_v41\mirror_geometry\result.json
[save] D:\Users\dust\Documents\학교\2026년도1학기\컴퓨터비전\실습\FoundationStereo\experiments\ds_v2_seed1/minigym_v41\mirror_geometry\plane.txt
[save] D:\Users\dust\Documents\학교\2026년도1학기\컴퓨터비전\실습\FoundationStereo\experiments\ds_v2_seed1/minigym_v41\mirror_geometry\viz.png

DONE: D:\Users\dust\Documents\학교\2026년도1학기\컴퓨터비전\실습\FoundationStereo\experiments\ds_v2_seed1/minigym_v41\mirror_geometry
[ds_v2_seed1/minigym_v41] 거울 점 214975개 중 inlier 104736 (48.7%) / outlier 110239
  normal=[-0.055 -0.901 -0.431] d=1.862  rms(inlier)=0.0272 m  thr≈0.100 m
[save] D:\Users\dust\Documents\학교\2026년도1학기\컴퓨터비전\실습\FoundationStereo\experiments\ds_v2_seed1/minigym_v41\mirror_geometry\ransac_inliers.png
[gt] minigym_v41                  perp 4.66m planRMS 0.0064m  normal [-0.436, 0.399, -0.807]

생성 1, 건너뜀 0 (depth_gt/mask 없음 등)
[ds_v2_seed1/minigym_v41] feature 184x320  mirror_frac=0.23440896739130435  feat_left=True
rank  signal              AUC    pol  sep     mean_in     mean_out
  1  feat_left_pc1      0.5799   -  0.1674    1.917203    2.381951
  2  post_entropy       0.5658   -   0.122    0.587373    0.623436
  3  feat_left_l2       0.5628   +  0.0836   17.146243    16.76363
  4  delta_conf         0.5622   +  0.1097    0.348335    0.292426
  5  delta_entropy      0.5551   -   0.054   -1.458569    -1.36303
  6  pre_entropy        0.5477   +  0.0331    2.045942    1.986466
  7  pre_conf           0.5468   -  0.0857    0.383488    0.423433
  8  post_conf          0.5362   +   0.065    0.731823    0.715859
  9  feat_left_pc3      0.5173   -    0.03     1.67495    1.756173
 10  feat_left_pc2      0.5094   +  0.0168    1.918467    1.869744
 11  delta_argdisp      0.5049   -  0.0038   42.645704   42.895182
BEST: feat_left_pc1 (AUC=0.5799, polarity=-)
저장: D:\Users\dust\Documents\학교\2026년도1학기\컴퓨터비전\실습\FoundationStereo\experiments\ds_v2_seed1/minigym_v41\features\report.json / panels.png / mirror_signal.npy
[device] cuda
  [train] epoch 60/300  loss=0.5425
  [train] epoch 120/300  loss=0.3887
  [train] epoch 180/300  loss=0.2887
  [train] epoch 240/300  loss=0.2136
  [train] epoch 300/300  loss=0.1597

[VAL] scene=ds_v2_seed1/minigym_v41  (pixel 70/30 split)
  AUC      = 0.9899
  IoU@0.5  = 0.8141
  F1@0.5   = 0.8975
  accuracy = 0.9490  (prec=0.8452, rec=0.9568)
  tp=3942 fp=722 fn=178 tn=12822

[save] D:\Users\dust\Documents\학교\2026년도1학기\컴퓨터비전\실습\FoundationStereo\experiments\ds_v2_seed1/minigym_v41\submodel
  pred_mask.png, panel.png, metrics.json, head.pt
DONE: D:\Users\dust\Documents\학교\2026년도1학기\컴퓨터비전\실습\FoundationStereo\experiments\ds_v2_seed1/minigym_v41\submodel
[device] cuda
[load] D:\Users\dust\Documents\학교\2026년도1학기\컴퓨터비전\실습\FoundationStereo\experiments\_model\general_head.pt  (train_scenes=['archiviz_baseline080', 'bedroom_baseline080', 'blue_bathroom_baseline080', 'computer_room_baseline080', 'cozy_living_room_baseline080', 'flat-archiviz_baseline080', 'green_house_baseline080', 'gym_baseline080', 'livingroom_baseline080', 'minimal_interior_baseline080', 'scandinavian_baseline080', 'sunlight_baseline080'])

[APPLY] ds_v2_seed1/minigym_v41  (저장모델로 새 데이터 평가)
  AUC      = 0.9687
  IoU@0.5  = 0.6546
  F1@0.5   = 0.7913
  accuracy = 0.9128  (prec=0.9013, rec=0.7052)
  tp=9733 fp=1066 fn=4069 tn=44012
[save] D:\Users\dust\Documents\학교\2026년도1학기\컴퓨터비전\실습\FoundationStereo\experiments\ds_v2_seed1/minigym_v41\submodel_applied  (pred_mask.png, panel.png, metrics.json)

============================================================
STEP: estimate_mirror_plane
============================================================

============================================================
STEP: viz_ransac_inliers
============================================================

============================================================
STEP: make_mirror_gt_from_depth
============================================================

============================================================
STEP: analyze_features
============================================================

============================================================
STEP: submodel_head
============================================================

============================================================
STEP: apply_submodel
============================================================

DONE: D:\Users\dust\Documents\학교\2026년도1학기\컴퓨터비전\실습\FoundationStereo\experiments\ds_v2_seed1/minigym_v41 (ok)

##### [107/119] ds_v2_seed1/minigym_v42  (done 55, fail 0, skip 51, elapsed 32m, ETA 7m) #####
[scene] ds_v2_seed1/minigym_v42  size=1280x720
[select] mirror 점 개수 = 424052  (mask=424052, valid&depth = 896428)
[conf] mirror 영역 평균 confidence = 0.6928

=== 평면 추정 결과 ===
  [PCA (closed form)]
      normal = [+0.0744, -0.8022, -0.5923]
      d = +3.6691   mirror_depth(perp) = 3.6691 m   view_z = 8.0072 m
      n_inliers = 424052/424052   rms_residual = 0.85046 m
  [RANSAC]
      normal = [-0.0205, -0.9691, -0.2458]
      d = +2.0589   mirror_depth(perp) = 2.0589 m   view_z = 8.0072 m
      n_inliers = 118271/424052   rms_residual = 0.03070 m
  [SVD robust (IRLS)]
      normal = [+0.0441, -0.7929, -0.6078]
      d = +3.8937   mirror_depth(perp) = 3.8937 m   view_z = 8.0072 m
      n_inliers = 40254/424052   rms_residual = 0.06413 m

[save] D:\Users\dust\Documents\학교\2026년도1학기\컴퓨터비전\실습\FoundationStereo\experiments\ds_v2_seed1/minigym_v42\mirror_geometry\result.json
[save] D:\Users\dust\Documents\학교\2026년도1학기\컴퓨터비전\실습\FoundationStereo\experiments\ds_v2_seed1/minigym_v42\mirror_geometry\plane.txt
[save] D:\Users\dust\Documents\학교\2026년도1학기\컴퓨터비전\실습\FoundationStereo\experiments\ds_v2_seed1/minigym_v42\mirror_geometry\viz.png

DONE: D:\Users\dust\Documents\학교\2026년도1학기\컴퓨터비전\실습\FoundationStereo\experiments\ds_v2_seed1/minigym_v42\mirror_geometry
[ds_v2_seed1/minigym_v42] 거울 점 424052개 중 inlier 118271 (27.9%) / outlier 305781
  normal=[-0.021 -0.969 -0.246] d=2.059  rms(inlier)=0.0307 m  thr≈0.110 m
[save] D:\Users\dust\Documents\학교\2026년도1학기\컴퓨터비전\실습\FoundationStereo\experiments\ds_v2_seed1/minigym_v42\mirror_geometry\ransac_inliers.png
[gt] minigym_v42                  perp 4.95m planRMS 0.0033m  normal [-0.32, 0.224, -0.921]

생성 1, 건너뜀 0 (depth_gt/mask 없음 등)
[ds_v2_seed1/minigym_v42] feature 184x320  mirror_frac=0.46103940217391304  feat_left=True
rank  signal              AUC    pol  sep     mean_in     mean_out
  1  pre_conf           0.5901   -  0.1993    0.366616    0.461331
  2  pre_entropy        0.5823   +  0.1029     2.09553    1.904462
  3  post_entropy       0.5799   +  0.0894    0.622582    0.599149
  4  delta_argdisp       0.576   +  0.1147   47.288809   39.805823
  5  delta_entropy      0.5719   -  0.0916   -1.472947   -1.305313
  6  post_conf           0.565   -  0.1121    0.693102    0.721221
  7  delta_conf         0.5533   +  0.1259    0.326486     0.25989
  8  feat_left_pc3      0.5173   +  0.0312    1.785844    1.699105
  9  feat_left_l2        0.506   -  0.0269   16.909402   17.036872
 10  feat_left_pc2      0.5042   -  0.0079    1.953817    1.977219
 11  feat_left_pc1      0.5006   +  0.0055    2.391987    2.409087
BEST: pre_conf (AUC=0.5901, polarity=-)
저장: D:\Users\dust\Documents\학교\2026년도1학기\컴퓨터비전\실습\FoundationStereo\experiments\ds_v2_seed1/minigym_v42\features\report.json / panels.png / mirror_signal.npy
[device] cuda
  [train] epoch 60/300  loss=0.3651
  [train] epoch 120/300  loss=0.2538
  [train] epoch 180/300  loss=0.1854
  [train] epoch 240/300  loss=0.1379
  [train] epoch 300/300  loss=0.1046

[VAL] scene=ds_v2_seed1/minigym_v42  (pixel 70/30 split)
  AUC      = 0.9920
  IoU@0.5  = 0.9034
  F1@0.5   = 0.9493
  accuracy = 0.9531  (prec=0.9442, rec=0.9543)
  tp=7753 fp=458 fn=371 tn=9082

[save] D:\Users\dust\Documents\학교\2026년도1학기\컴퓨터비전\실습\FoundationStereo\experiments\ds_v2_seed1/minigym_v42\submodel
  pred_mask.png, panel.png, metrics.json, head.pt
DONE: D:\Users\dust\Documents\학교\2026년도1학기\컴퓨터비전\실습\FoundationStereo\experiments\ds_v2_seed1/minigym_v42\submodel
[device] cuda
[load] D:\Users\dust\Documents\학교\2026년도1학기\컴퓨터비전\실습\FoundationStereo\experiments\_model\general_head.pt  (train_scenes=['archiviz_baseline080', 'bedroom_baseline080', 'blue_bathroom_baseline080', 'computer_room_baseline080', 'cozy_living_room_baseline080', 'flat-archiviz_baseline080', 'green_house_baseline080', 'gym_baseline080', 'livingroom_baseline080', 'minimal_interior_baseline080', 'scandinavian_baseline080', 'sunlight_baseline080'])

[APPLY] ds_v2_seed1/minigym_v42  (저장모델로 새 데이터 평가)
  AUC      = 0.9621
  IoU@0.5  = 0.6680
  F1@0.5   = 0.8010
  accuracy = 0.8431  (prec=0.9643, rec=0.6850)
  tp=18594 fp=689 fn=8552 tn=31045
[save] D:\Users\dust\Documents\학교\2026년도1학기\컴퓨터비전\실습\FoundationStereo\experiments\ds_v2_seed1/minigym_v42\submodel_applied  (pred_mask.png, panel.png, metrics.json)

============================================================
STEP: estimate_mirror_plane
============================================================

============================================================
STEP: viz_ransac_inliers
============================================================

============================================================
STEP: make_mirror_gt_from_depth
============================================================

============================================================
STEP: analyze_features
============================================================

============================================================
STEP: submodel_head
============================================================

============================================================
STEP: apply_submodel
============================================================

DONE: D:\Users\dust\Documents\학교\2026년도1학기\컴퓨터비전\실습\FoundationStereo\experiments\ds_v2_seed1/minigym_v42 (ok)

##### [108/119] ds_v2_seed1/minigym_v43  (done 56, fail 0, skip 51, elapsed 32m, ETA 7m) #####
[scene] ds_v2_seed1/minigym_v43  size=1280x720
[select] mirror 점 개수 = 291802  (mask=291802, valid&depth = 783546)
[conf] mirror 영역 평균 confidence = 0.7060

=== 평면 추정 결과 ===
  [PCA (closed form)]
      normal = [+0.0377, -0.8857, -0.4628]
      d = +1.9761   mirror_depth(perp) = 1.9761 m   view_z = 7.6765 m
      n_inliers = 291802/291802   rms_residual = 0.59619 m
  [RANSAC]
      normal = [+0.0660, -0.9171, -0.3931]
      d = +2.0019   mirror_depth(perp) = 2.0019 m   view_z = 7.6765 m
      n_inliers = 102046/291802   rms_residual = 0.03171 m
  [SVD robust (IRLS)]
      normal = [+0.0334, -0.8397, -0.5421]
      d = +2.8124   mirror_depth(perp) = 2.8124 m   view_z = 7.6765 m
      n_inliers = 52256/291802   rms_residual = 0.06437 m

[save] D:\Users\dust\Documents\학교\2026년도1학기\컴퓨터비전\실습\FoundationStereo\experiments\ds_v2_seed1/minigym_v43\mirror_geometry\result.json
[save] D:\Users\dust\Documents\학교\2026년도1학기\컴퓨터비전\실습\FoundationStereo\experiments\ds_v2_seed1/minigym_v43\mirror_geometry\plane.txt
[save] D:\Users\dust\Documents\학교\2026년도1학기\컴퓨터비전\실습\FoundationStereo\experiments\ds_v2_seed1/minigym_v43\mirror_geometry\viz.png

DONE: D:\Users\dust\Documents\학교\2026년도1학기\컴퓨터비전\실습\FoundationStereo\experiments\ds_v2_seed1/minigym_v43\mirror_geometry
[ds_v2_seed1/minigym_v43] 거울 점 291802개 중 inlier 102046 (35.0%) / outlier 189756
  normal=[ 0.066 -0.917 -0.393] d=2.002  rms(inlier)=0.0317 m  thr≈0.112 m
[save] D:\Users\dust\Documents\학교\2026년도1학기\컴퓨터비전\실습\FoundationStereo\experiments\ds_v2_seed1/minigym_v43\mirror_geometry\ransac_inliers.png
[gt] minigym_v43                  perp 5.10m planRMS 0.0081m  normal [-0.078, 0.373, -0.925]

생성 1, 건너뜀 0 (depth_gt/mask 없음 등)
[ds_v2_seed1/minigym_v43] feature 184x320  mirror_frac=0.31885190217391307  feat_left=True
rank  signal              AUC    pol  sep     mean_in     mean_out
  1  post_entropy       0.7894   -  0.9463     0.62686    1.886413
  2  post_conf          0.7754   +  0.7549    0.706281    0.394953
  3  delta_conf         0.7689   +  0.5876    0.343881    -0.01631
  4  delta_entropy      0.7616   -  0.5811   -1.457021   -0.071333
  5  feat_left_l2       0.6974   +  0.3284   18.376996   16.373271
  6  feat_left_pc1      0.6844   -  0.4051    1.762899    3.249088
  7  delta_argdisp      0.5793   +  0.1389   45.102802   37.258241
  8  feat_left_pc3      0.5569   +   0.085    2.326747    2.028066
  9  feat_left_pc2      0.5509   -  0.1467    2.352018    2.860992
 10  pre_entropy        0.5426   +  0.0734    2.083881    1.957745
 11  pre_conf           0.5286   -  0.1078      0.3624    0.411263
BEST: post_entropy (AUC=0.7894, polarity=-)
저장: D:\Users\dust\Documents\학교\2026년도1학기\컴퓨터비전\실습\FoundationStereo\experiments\ds_v2_seed1/minigym_v43\features\report.json / panels.png / mirror_signal.npy
[device] cuda
  [train] epoch 60/300  loss=0.4506
  [train] epoch 120/300  loss=0.3667
  [train] epoch 180/300  loss=0.3222
  [train] epoch 240/300  loss=0.2871
  [train] epoch 300/300  loss=0.2571

[VAL] scene=ds_v2_seed1/minigym_v43  (pixel 70/30 split)
  AUC      = 0.9679
  IoU@0.5  = 0.7394
  F1@0.5   = 0.8502
  accuracy = 0.8947  (prec=0.7777, rec=0.9376)
  tp=5278 fp=1509 fn=351 tn=10526

[save] D:\Users\dust\Documents\학교\2026년도1학기\컴퓨터비전\실습\FoundationStereo\experiments\ds_v2_seed1/minigym_v43\submodel
  pred_mask.png, panel.png, metrics.json, head.pt
DONE: D:\Users\dust\Documents\학교\2026년도1학기\컴퓨터비전\실습\FoundationStereo\experiments\ds_v2_seed1/minigym_v43\submodel
[device] cuda
[load] D:\Users\dust\Documents\학교\2026년도1학기\컴퓨터비전\실습\FoundationStereo\experiments\_model\general_head.pt  (train_scenes=['archiviz_baseline080', 'bedroom_baseline080', 'blue_bathroom_baseline080', 'computer_room_baseline080', 'cozy_living_room_baseline080', 'flat-archiviz_baseline080', 'green_house_baseline080', 'gym_baseline080', 'livingroom_baseline080', 'minimal_interior_baseline080', 'scandinavian_baseline080', 'sunlight_baseline080'])

[APPLY] ds_v2_seed1/minigym_v43  (저장모델로 새 데이터 평가)
  AUC      = 0.9437
  IoU@0.5  = 0.6950
  F1@0.5   = 0.8201
  accuracy = 0.8798  (prec=0.7847, rec=0.8587)
  tp=16122 fp=4423 fn=2652 tn=35683
[save] D:\Users\dust\Documents\학교\2026년도1학기\컴퓨터비전\실습\FoundationStereo\experiments\ds_v2_seed1/minigym_v43\submodel_applied  (pred_mask.png, panel.png, metrics.json)

============================================================
STEP: estimate_mirror_plane
============================================================

============================================================
STEP: viz_ransac_inliers
============================================================

============================================================
STEP: make_mirror_gt_from_depth
============================================================

============================================================
STEP: analyze_features
============================================================

============================================================
STEP: submodel_head
============================================================

============================================================
STEP: apply_submodel
============================================================

DONE: D:\Users\dust\Documents\학교\2026년도1학기\컴퓨터비전\실습\FoundationStereo\experiments\ds_v2_seed1/minigym_v43 (ok)

##### [109/119] ds_v2_seed1/minigym_v44  (done 57, fail 0, skip 51, elapsed 33m, ETA 6m) #####
[scene] ds_v2_seed1/minigym_v44  size=1280x720
[select] mirror 점 개수 = 321245  (mask=321245, valid&depth = 898413)
[conf] mirror 영역 평균 confidence = 0.6898

=== 평면 추정 결과 ===
  [PCA (closed form)]
      normal = [+0.0203, -0.8683, -0.4957]
      d = +2.1201   mirror_depth(perp) = 2.1201 m   view_z = 7.1340 m
      n_inliers = 321245/321245   rms_residual = 0.50769 m
  [RANSAC]
      normal = [+0.0060, -0.9196, -0.3928]
      d = +1.8482   mirror_depth(perp) = 1.8482 m   view_z = 7.1340 m
      n_inliers = 121202/321245   rms_residual = 0.02773 m
  [SVD robust (IRLS)]
      normal = [-0.0001, -0.8456, -0.5338]
      d = +2.5661   mirror_depth(perp) = 2.5661 m   view_z = 7.1340 m
      n_inliers = 59493/321245   rms_residual = 0.05792 m

[save] D:\Users\dust\Documents\학교\2026년도1학기\컴퓨터비전\실습\FoundationStereo\experiments\ds_v2_seed1/minigym_v44\mirror_geometry\result.json
[save] D:\Users\dust\Documents\학교\2026년도1학기\컴퓨터비전\실습\FoundationStereo\experiments\ds_v2_seed1/minigym_v44\mirror_geometry\plane.txt
[save] D:\Users\dust\Documents\학교\2026년도1학기\컴퓨터비전\실습\FoundationStereo\experiments\ds_v2_seed1/minigym_v44\mirror_geometry\viz.png

DONE: D:\Users\dust\Documents\학교\2026년도1학기\컴퓨터비전\실습\FoundationStereo\experiments\ds_v2_seed1/minigym_v44\mirror_geometry
[ds_v2_seed1/minigym_v44] 거울 점 321245개 중 inlier 121202 (37.7%) / outlier 200043
  normal=[ 0.006 -0.92  -0.393] d=1.848  rms(inlier)=0.0277 m  thr≈0.103 m
[save] D:\Users\dust\Documents\학교\2026년도1학기\컴퓨터비전\실습\FoundationStereo\experiments\ds_v2_seed1/minigym_v44\mirror_geometry\ransac_inliers.png
[gt] minigym_v44                  perp 4.67m planRMS 0.0074m  normal [-0.25, 0.368, -0.896]

생성 1, 건너뜀 0 (depth_gt/mask 없음 등)
[ds_v2_seed1/minigym_v44] feature 184x320  mirror_frac=0.3500509510869565  feat_left=True
rank  signal              AUC    pol  sep     mean_in     mean_out
  1  pre_conf           0.6129   -  0.2229    0.358097    0.460638
  2  pre_entropy        0.6076   +  0.1578    2.124765    1.848032
  3  delta_entropy      0.5964   -  0.1478   -1.490271   -1.234785
  4  post_entropy       0.5909   +  0.0682    0.634495    0.613248
  5  delta_argdisp      0.5766   +  0.1104   45.573674   38.461157
  6  delta_conf          0.572   +   0.144    0.332198     0.25812
  7  post_conf          0.5659   -  0.1103    0.690295    0.718758
  8  feat_left_pc2      0.5576   +  0.1013    2.123561    1.823286
  9  feat_left_pc1      0.5419   -  0.0786    2.164944    2.388282
 10  feat_left_pc3      0.5133   -  0.0217    1.700722     1.76162
 11  feat_left_l2       0.5074   -  0.0261   16.837811   16.965455
BEST: pre_conf (AUC=0.6129, polarity=-)
저장: D:\Users\dust\Documents\학교\2026년도1학기\컴퓨터비전\실습\FoundationStereo\experiments\ds_v2_seed1/minigym_v44\features\report.json / panels.png / mirror_signal.npy
[device] cuda
  [train] epoch 60/300  loss=0.4436
  [train] epoch 120/300  loss=0.3133
  [train] epoch 180/300  loss=0.2319
  [train] epoch 240/300  loss=0.1722
  [train] epoch 300/300  loss=0.1294

[VAL] scene=ds_v2_seed1/minigym_v44  (pixel 70/30 split)
  AUC      = 0.9925
  IoU@0.5  = 0.8737
  F1@0.5   = 0.9326
  accuracy = 0.9517  (prec=0.9080, rec=0.9586)
  tp=5901 fp=598 fn=255 tn=10910

[save] D:\Users\dust\Documents\학교\2026년도1학기\컴퓨터비전\실습\FoundationStereo\experiments\ds_v2_seed1/minigym_v44\submodel
  pred_mask.png, panel.png, metrics.json, head.pt
DONE: D:\Users\dust\Documents\학교\2026년도1학기\컴퓨터비전\실습\FoundationStereo\experiments\ds_v2_seed1/minigym_v44\submodel
[device] cuda
[load] D:\Users\dust\Documents\학교\2026년도1학기\컴퓨터비전\실습\FoundationStereo\experiments\_model\general_head.pt  (train_scenes=['archiviz_baseline080', 'bedroom_baseline080', 'blue_bathroom_baseline080', 'computer_room_baseline080', 'cozy_living_room_baseline080', 'flat-archiviz_baseline080', 'green_house_baseline080', 'gym_baseline080', 'livingroom_baseline080', 'minimal_interior_baseline080', 'scandinavian_baseline080', 'sunlight_baseline080'])

[APPLY] ds_v2_seed1/minigym_v44  (저장모델로 새 데이터 평가)
  AUC      = 0.9634
  IoU@0.5  = 0.6380
  F1@0.5   = 0.7790
  accuracy = 0.8686  (prec=0.9466, rec=0.6618)
  tp=13641 fp=769 fn=6970 tn=37500
[save] D:\Users\dust\Documents\학교\2026년도1학기\컴퓨터비전\실습\FoundationStereo\experiments\ds_v2_seed1/minigym_v44\submodel_applied  (pred_mask.png, panel.png, metrics.json)

============================================================
STEP: estimate_mirror_plane
============================================================

============================================================
STEP: viz_ransac_inliers
============================================================

============================================================
STEP: make_mirror_gt_from_depth
============================================================

============================================================
STEP: analyze_features
============================================================

============================================================
STEP: submodel_head
============================================================

============================================================
STEP: apply_submodel
============================================================

DONE: D:\Users\dust\Documents\학교\2026년도1학기\컴퓨터비전\실습\FoundationStereo\experiments\ds_v2_seed1/minigym_v44 (ok)

##### [110/119] ds_v2_seed1/minigym_v45  (done 58, fail 0, skip 51, elapsed 33m, ETA 6m) #####
[scene] ds_v2_seed1/minigym_v45  size=1280x720
[select] mirror 점 개수 = 77514  (mask=77514, valid&depth = 514587)
[conf] mirror 영역 평균 confidence = 0.6630

=== 평면 추정 결과 ===
  [PCA (closed form)]
      normal = [-0.0094, -0.8133, -0.5817]
      d = +2.8998   mirror_depth(perp) = 2.8998 m   view_z = 8.0172 m
      n_inliers = 77514/77514   rms_residual = 0.32753 m
  [RANSAC]
      normal = [-0.0658, -0.8985, -0.4340]
      d = +2.1697   mirror_depth(perp) = 2.1697 m   view_z = 8.0172 m
      n_inliers = 30128/77514   rms_residual = 0.03542 m
  [SVD robust (IRLS)]
      normal = [+0.0830, -0.8119, -0.5779]
      d = +2.5147   mirror_depth(perp) = 2.5147 m   view_z = 8.0172 m
      n_inliers = 23208/77514   rms_residual = 0.06714 m

[save] D:\Users\dust\Documents\학교\2026년도1학기\컴퓨터비전\실습\FoundationStereo\experiments\ds_v2_seed1/minigym_v45\mirror_geometry\result.json
[save] D:\Users\dust\Documents\학교\2026년도1학기\컴퓨터비전\실습\FoundationStereo\experiments\ds_v2_seed1/minigym_v45\mirror_geometry\plane.txt
[save] D:\Users\dust\Documents\학교\2026년도1학기\컴퓨터비전\실습\FoundationStereo\experiments\ds_v2_seed1/minigym_v45\mirror_geometry\viz.png

DONE: D:\Users\dust\Documents\학교\2026년도1학기\컴퓨터비전\실습\FoundationStereo\experiments\ds_v2_seed1/minigym_v45\mirror_geometry
[ds_v2_seed1/minigym_v45] 거울 점 77514개 중 inlier 30128 (38.9%) / outlier 47386
  normal=[-0.066 -0.899 -0.434] d=2.170  rms(inlier)=0.0354 m  thr≈0.116 m
[save] D:\Users\dust\Documents\학교\2026년도1학기\컴퓨터비전\실습\FoundationStereo\experiments\ds_v2_seed1/minigym_v45\mirror_geometry\ransac_inliers.png
[gt] minigym_v45                  perp 5.12m planRMS 0.0004m  normal [-0.344, 0.416, -0.842]

생성 1, 건너뜀 0 (depth_gt/mask 없음 등)
[ds_v2_seed1/minigym_v45] feature 184x320  mirror_frac=0.08451086956521739  feat_left=True
rank  signal              AUC    pol  sep     mean_in     mean_out
  1  post_entropy       0.9727   -   2.167     0.64048    2.441922
  2  post_conf          0.9494   +  1.3923    0.663579    0.223912
  3  feat_left_l2       0.9151   +  0.9244   23.092103   16.069974
  4  delta_entropy      0.9059   -  0.9493   -1.640408    0.055255
  5  delta_conf         0.8837   +  0.8274    0.329971   -0.080844
  6  feat_left_pc2      0.7502   +  0.4641    4.717108    2.438958
  7  feat_left_pc1      0.6486   -  0.2638    2.327252    3.375192
  8  pre_conf           0.5492   +  0.0764    0.333607    0.304756
  9  pre_entropy        0.5287   -  0.0687    2.280887    2.386667
 10  feat_left_pc3      0.5184   +  0.0366    2.272793    2.153325
 11  delta_argdisp      0.5032   +  0.0278   41.244172   39.682806
BEST: post_entropy (AUC=0.9727, polarity=-)
저장: D:\Users\dust\Documents\학교\2026년도1학기\컴퓨터비전\실습\FoundationStereo\experiments\ds_v2_seed1/minigym_v45\features\report.json / panels.png / mirror_signal.npy
[device] cuda
  [train] epoch 60/300  loss=0.1527
  [train] epoch 120/300  loss=0.0443
  [train] epoch 180/300  loss=0.0243
  [train] epoch 240/300  loss=0.0167
  [train] epoch 300/300  loss=0.0127

[VAL] scene=ds_v2_seed1/minigym_v45  (pixel 70/30 split)
  AUC      = 0.9999
  IoU@0.5  = 0.9736
  F1@0.5   = 0.9866
  accuracy = 0.9977  (prec=0.9736, rec=1.0000)
  tp=1473 fp=40 fn=0 tn=16151

[save] D:\Users\dust\Documents\학교\2026년도1학기\컴퓨터비전\실습\FoundationStereo\experiments\ds_v2_seed1/minigym_v45\submodel
  pred_mask.png, panel.png, metrics.json, head.pt
DONE: D:\Users\dust\Documents\학교\2026년도1학기\컴퓨터비전\실습\FoundationStereo\experiments\ds_v2_seed1/minigym_v45\submodel
[device] cuda
[load] D:\Users\dust\Documents\학교\2026년도1학기\컴퓨터비전\실습\FoundationStereo\experiments\_model\general_head.pt  (train_scenes=['archiviz_baseline080', 'bedroom_baseline080', 'blue_bathroom_baseline080', 'computer_room_baseline080', 'cozy_living_room_baseline080', 'flat-archiviz_baseline080', 'green_house_baseline080', 'gym_baseline080', 'livingroom_baseline080', 'minimal_interior_baseline080', 'scandinavian_baseline080', 'sunlight_baseline080'])

[APPLY] ds_v2_seed1/minigym_v45  (저장모델로 새 데이터 평가)
  AUC      = 0.9618
  IoU@0.5  = 0.5533
  F1@0.5   = 0.7124
  accuracy = 0.9338  (prec=0.5630, rec=0.9699)
  tp=4826 fp=3746 fn=150 tn=50158
[save] D:\Users\dust\Documents\학교\2026년도1학기\컴퓨터비전\실습\FoundationStereo\experiments\ds_v2_seed1/minigym_v45\submodel_applied  (pred_mask.png, panel.png, metrics.json)

============================================================
STEP: estimate_mirror_plane
============================================================

============================================================
STEP: viz_ransac_inliers
============================================================

============================================================
STEP: make_mirror_gt_from_depth
============================================================

============================================================
STEP: analyze_features
============================================================

============================================================
STEP: submodel_head
============================================================

============================================================
STEP: apply_submodel
============================================================

DONE: D:\Users\dust\Documents\학교\2026년도1학기\컴퓨터비전\실습\FoundationStereo\experiments\ds_v2_seed1/minigym_v45 (ok)

##### [111/119] ds_v2_seed1/minigym_v46  (done 59, fail 0, skip 51, elapsed 33m, ETA 5m) #####
[scene] ds_v2_seed1/minigym_v46  size=1280x720
[select] mirror 점 개수 = 327317  (mask=327317, valid&depth = 896400)
[conf] mirror 영역 평균 confidence = 0.6948

=== 평면 추정 결과 ===
  [PCA (closed form)]
      normal = [+0.2163, -0.6974, -0.6833]
      d = +4.0707   mirror_depth(perp) = 4.0707 m   view_z = 7.9275 m
      n_inliers = 327317/327317   rms_residual = 0.80435 m
  [RANSAC]
      normal = [-0.4716, +0.2066, -0.8573]
      d = +10.0147   mirror_depth(perp) = 10.0147 m   view_z = 7.9275 m
      n_inliers = 85046/327317   rms_residual = 0.02431 m
  [SVD robust (IRLS)]
      normal = [+0.2586, -0.6856, -0.6805]
      d = +3.9321   mirror_depth(perp) = 3.9321 m   view_z = 7.9275 m
      n_inliers = 32468/327317   rms_residual = 0.06144 m

[save] D:\Users\dust\Documents\학교\2026년도1학기\컴퓨터비전\실습\FoundationStereo\experiments\ds_v2_seed1/minigym_v46\mirror_geometry\result.json
[save] D:\Users\dust\Documents\학교\2026년도1학기\컴퓨터비전\실습\FoundationStereo\experiments\ds_v2_seed1/minigym_v46\mirror_geometry\plane.txt
[save] D:\Users\dust\Documents\학교\2026년도1학기\컴퓨터비전\실습\FoundationStereo\experiments\ds_v2_seed1/minigym_v46\mirror_geometry\viz.png

DONE: D:\Users\dust\Documents\학교\2026년도1학기\컴퓨터비전\실습\FoundationStereo\experiments\ds_v2_seed1/minigym_v46\mirror_geometry
[ds_v2_seed1/minigym_v46] 거울 점 327317개 중 inlier 85046 (26.0%) / outlier 242271
  normal=[-0.472  0.207 -0.857] d=10.015  rms(inlier)=0.0243 m  thr≈0.107 m
[save] D:\Users\dust\Documents\학교\2026년도1학기\컴퓨터비전\실습\FoundationStereo\experiments\ds_v2_seed1/minigym_v46\mirror_geometry\ransac_inliers.png
[gt] minigym_v46                  perp 5.03m planRMS 0.0059m  normal [-0.47, 0.196, -0.861]

생성 1, 건너뜀 0 (depth_gt/mask 없음 등)
[ds_v2_seed1/minigym_v46] feature 184x320  mirror_frac=0.3552649456521739  feat_left=True
rank  signal              AUC    pol  sep     mean_in     mean_out
  1  post_entropy       0.5894   +  0.1558    0.626088    0.586033
  2  pre_entropy        0.5836   +  0.1018    2.082212    1.903663
  3  post_conf          0.5822   -  0.1463    0.694768    0.729853
  4  pre_conf            0.579   -  0.1586    0.372436    0.445041
  5  feat_left_pc1       0.575   -  0.1326    2.320761    2.742834
  6  delta_entropy      0.5714   -  0.0801   -1.456124    -1.31763
  7  feat_left_l2       0.5654   +  0.1081   17.332527   16.838233
  8  delta_conf          0.532   +  0.0759    0.322332    0.284812
  9  feat_left_pc3       0.525   +  0.0478    1.852279    1.717013
 10  delta_argdisp      0.5233   +  0.0261   42.996271   41.314183
 11  feat_left_pc2      0.5032   -  0.0006    1.969777    1.967932
BEST: post_entropy (AUC=0.5894, polarity=+)
저장: D:\Users\dust\Documents\학교\2026년도1학기\컴퓨터비전\실습\FoundationStereo\experiments\ds_v2_seed1/minigym_v46\features\report.json / panels.png / mirror_signal.npy
[device] cuda
  [train] epoch 60/300  loss=0.4174
  [train] epoch 120/300  loss=0.2877
  [train] epoch 180/300  loss=0.2185
  [train] epoch 240/300  loss=0.1697
  [train] epoch 300/300  loss=0.1339

[VAL] scene=ds_v2_seed1/minigym_v46  (pixel 70/30 split)
  AUC      = 0.9889
  IoU@0.5  = 0.8552
  F1@0.5   = 0.9220
  accuracy = 0.9431  (prec=0.8948, rec=0.9508)
  tp=5936 fp=698 fn=307 tn=10723

[save] D:\Users\dust\Documents\학교\2026년도1학기\컴퓨터비전\실습\FoundationStereo\experiments\ds_v2_seed1/minigym_v46\submodel
  pred_mask.png, panel.png, metrics.json, head.pt
DONE: D:\Users\dust\Documents\학교\2026년도1학기\컴퓨터비전\실습\FoundationStereo\experiments\ds_v2_seed1/minigym_v46\submodel
[device] cuda
[load] D:\Users\dust\Documents\학교\2026년도1학기\컴퓨터비전\실습\FoundationStereo\experiments\_model\general_head.pt  (train_scenes=['archiviz_baseline080', 'bedroom_baseline080', 'blue_bathroom_baseline080', 'computer_room_baseline080', 'cozy_living_room_baseline080', 'flat-archiviz_baseline080', 'green_house_baseline080', 'gym_baseline080', 'livingroom_baseline080', 'minimal_interior_baseline080', 'scandinavian_baseline080', 'sunlight_baseline080'])

[APPLY] ds_v2_seed1/minigym_v46  (저장모델로 새 데이터 평가)
  AUC      = 0.9681
  IoU@0.5  = 0.6811
  F1@0.5   = 0.8103
  accuracy = 0.8795  (prec=0.9198, rec=0.7241)
  tp=15146 fp=1321 fn=5772 tn=36641
[save] D:\Users\dust\Documents\학교\2026년도1학기\컴퓨터비전\실습\FoundationStereo\experiments\ds_v2_seed1/minigym_v46\submodel_applied  (pred_mask.png, panel.png, metrics.json)

============================================================
STEP: estimate_mirror_plane
============================================================

============================================================
STEP: viz_ransac_inliers
============================================================

============================================================
STEP: make_mirror_gt_from_depth
============================================================

============================================================
STEP: analyze_features
============================================================

============================================================
STEP: submodel_head
============================================================

============================================================
STEP: apply_submodel
============================================================

DONE: D:\Users\dust\Documents\학교\2026년도1학기\컴퓨터비전\실습\FoundationStereo\experiments\ds_v2_seed1/minigym_v46 (ok)

##### [112/119] ds_v2_seed1/minigym_v47  (done 60, fail 0, skip 51, elapsed 34m, ETA 4m) #####
[scene] ds_v2_seed1/minigym_v47  size=1280x720
[select] mirror 점 개수 = 385377  (mask=385377, valid&depth = 899794)
[conf] mirror 영역 평균 confidence = 0.7072

=== 평면 추정 결과 ===
  [PCA (closed form)]
      normal = [+0.0373, -0.8940, -0.4465]
      d = +2.2095   mirror_depth(perp) = 2.2095 m   view_z = 7.8466 m
      n_inliers = 385377/385377   rms_residual = 0.84104 m
  [RANSAC]
      normal = [+0.0591, -0.9603, -0.2727]
      d = +1.8167   mirror_depth(perp) = 1.8167 m   view_z = 7.8466 m
      n_inliers = 95974/385377   rms_residual = 0.02845 m
  [SVD robust (IRLS)]
      normal = [+0.0235, -0.8369, -0.5468]
      d = +3.2226   mirror_depth(perp) = 3.2226 m   view_z = 7.8466 m
      n_inliers = 43445/385377   rms_residual = 0.06617 m

[save] D:\Users\dust\Documents\학교\2026년도1학기\컴퓨터비전\실습\FoundationStereo\experiments\ds_v2_seed1/minigym_v47\mirror_geometry\result.json
[save] D:\Users\dust\Documents\학교\2026년도1학기\컴퓨터비전\실습\FoundationStereo\experiments\ds_v2_seed1/minigym_v47\mirror_geometry\plane.txt
[save] D:\Users\dust\Documents\학교\2026년도1학기\컴퓨터비전\실습\FoundationStereo\experiments\ds_v2_seed1/minigym_v47\mirror_geometry\viz.png

DONE: D:\Users\dust\Documents\학교\2026년도1학기\컴퓨터비전\실습\FoundationStereo\experiments\ds_v2_seed1/minigym_v47\mirror_geometry
[ds_v2_seed1/minigym_v47] 거울 점 385377개 중 inlier 95974 (24.9%) / outlier 289403
  normal=[ 0.059 -0.96  -0.273] d=1.817  rms(inlier)=0.0285 m  thr≈0.114 m
[save] D:\Users\dust\Documents\학교\2026년도1학기\컴퓨터비전\실습\FoundationStereo\experiments\ds_v2_seed1/minigym_v47\mirror_geometry\ransac_inliers.png
[gt] minigym_v47                  perp 5.02m planRMS 0.0095m  normal [-0.086, 0.259, -0.962]

생성 1, 건너뜀 0 (depth_gt/mask 없음 등)
[ds_v2_seed1/minigym_v47] feature 184x320  mirror_frac=0.42041440217391307  feat_left=True
rank  signal              AUC    pol  sep     mean_in     mean_out
  1  delta_argdisp      0.6077   +    0.16   47.019068   37.045859
  2  pre_conf           0.5778   -   0.182    0.359847    0.441978
  3  pre_entropy        0.5699   +  0.1058    2.091568    1.908561
  4  delta_entropy      0.5683   -  0.1066   -1.466349   -1.286642
  5  delta_conf         0.5624   +  0.1387    0.347428    0.280606
  6  post_entropy       0.5457   +   0.011    0.625219    0.621919
  7  feat_left_pc2      0.5453   +   0.089     2.23002    1.951917
  8  post_conf          0.5439   -  0.0639    0.707274    0.722584
  9  feat_left_pc1      0.5149   -    0.01    2.364996    2.395218
 10  feat_left_pc3      0.5025   -  0.0076    1.732113    1.753013
 11  feat_left_l2       0.5019   +  0.0024   16.961501   16.948974
BEST: delta_argdisp (AUC=0.6077, polarity=+)
저장: D:\Users\dust\Documents\학교\2026년도1학기\컴퓨터비전\실습\FoundationStereo\experiments\ds_v2_seed1/minigym_v47\features\report.json / panels.png / mirror_signal.npy
[device] cuda
  [train] epoch 60/300  loss=0.3923
  [train] epoch 120/300  loss=0.2567
  [train] epoch 180/300  loss=0.1777
  [train] epoch 240/300  loss=0.1269
  [train] epoch 300/300  loss=0.0937

[VAL] scene=ds_v2_seed1/minigym_v47  (pixel 70/30 split)
  AUC      = 0.9943
  IoU@0.5  = 0.9144
  F1@0.5   = 0.9553
  accuracy = 0.9622  (prec=0.9464, rec=0.9643)
  tp=7135 fp=404 fn=264 tn=9861

[save] D:\Users\dust\Documents\학교\2026년도1학기\컴퓨터비전\실습\FoundationStereo\experiments\ds_v2_seed1/minigym_v47\submodel
  pred_mask.png, panel.png, metrics.json, head.pt
DONE: D:\Users\dust\Documents\학교\2026년도1학기\컴퓨터비전\실습\FoundationStereo\experiments\ds_v2_seed1/minigym_v47\submodel
[device] cuda
[load] D:\Users\dust\Documents\학교\2026년도1학기\컴퓨터비전\실습\FoundationStereo\experiments\_model\general_head.pt  (train_scenes=['archiviz_baseline080', 'bedroom_baseline080', 'blue_bathroom_baseline080', 'computer_room_baseline080', 'cozy_living_room_baseline080', 'flat-archiviz_baseline080', 'green_house_baseline080', 'gym_baseline080', 'livingroom_baseline080', 'minimal_interior_baseline080', 'scandinavian_baseline080', 'sunlight_baseline080'])

[APPLY] ds_v2_seed1/minigym_v47  (저장모델로 새 데이터 평가)
  AUC      = 0.9592
  IoU@0.5  = 0.6673
  F1@0.5   = 0.8005
  accuracy = 0.8556  (prec=0.9554, rec=0.6888)
  tp=17050 fp=796 fn=7704 tn=33330
[save] D:\Users\dust\Documents\학교\2026년도1학기\컴퓨터비전\실습\FoundationStereo\experiments\ds_v2_seed1/minigym_v47\submodel_applied  (pred_mask.png, panel.png, metrics.json)

============================================================
STEP: estimate_mirror_plane
============================================================

============================================================
STEP: viz_ransac_inliers
============================================================

============================================================
STEP: make_mirror_gt_from_depth
============================================================

============================================================
STEP: analyze_features
============================================================

============================================================
STEP: submodel_head
============================================================

============================================================
STEP: apply_submodel
============================================================

DONE: D:\Users\dust\Documents\학교\2026년도1학기\컴퓨터비전\실습\FoundationStereo\experiments\ds_v2_seed1/minigym_v47 (ok)

##### [113/119] ds_v2_seed1/minigym_v48  (done 61, fail 0, skip 51, elapsed 34m, ETA 4m) #####
[scene] ds_v2_seed1/minigym_v48  size=1280x720
[select] mirror 점 개수 = 367801  (mask=367801, valid&depth = 891033)
[conf] mirror 영역 평균 confidence = 0.6811

=== 평면 추정 결과 ===
  [PCA (closed form)]
      normal = [+0.0282, -0.8841, -0.4665]
      d = +2.1712   mirror_depth(perp) = 2.1712 m   view_z = 7.5296 m
      n_inliers = 367801/367801   rms_residual = 0.70678 m
  [RANSAC]
      normal = [+0.0289, -0.9516, -0.3059]
      d = +1.7230   mirror_depth(perp) = 1.7230 m   view_z = 7.5296 m
      n_inliers = 103289/367801   rms_residual = 0.03954 m
  [SVD robust (IRLS)]
      normal = [+0.0135, -0.8472, -0.5312]
      d = +2.8260   mirror_depth(perp) = 2.8260 m   view_z = 7.5296 m
      n_inliers = 50282/367801   rms_residual = 0.06701 m

[save] D:\Users\dust\Documents\학교\2026년도1학기\컴퓨터비전\실습\FoundationStereo\experiments\ds_v2_seed1/minigym_v48\mirror_geometry\result.json
[save] D:\Users\dust\Documents\학교\2026년도1학기\컴퓨터비전\실습\FoundationStereo\experiments\ds_v2_seed1/minigym_v48\mirror_geometry\plane.txt
[save] D:\Users\dust\Documents\학교\2026년도1학기\컴퓨터비전\실습\FoundationStereo\experiments\ds_v2_seed1/minigym_v48\mirror_geometry\viz.png

DONE: D:\Users\dust\Documents\학교\2026년도1학기\컴퓨터비전\실습\FoundationStereo\experiments\ds_v2_seed1/minigym_v48\mirror_geometry
[ds_v2_seed1/minigym_v48] 거울 점 367801개 중 inlier 103289 (28.1%) / outlier 264512
  normal=[ 0.029 -0.952 -0.306] d=1.723  rms(inlier)=0.0395 m  thr≈0.117 m
[save] D:\Users\dust\Documents\학교\2026년도1학기\컴퓨터비전\실습\FoundationStereo\experiments\ds_v2_seed1/minigym_v48\mirror_geometry\ransac_inliers.png
[gt] minigym_v48                  perp 4.82m planRMS 0.0105m  normal [-0.176, 0.276, -0.945]

생성 1, 건너뜀 0 (depth_gt/mask 없음 등)
[ds_v2_seed1/minigym_v48] feature 184x320  mirror_frac=0.40054347826086956  feat_left=True
rank  signal              AUC    pol  sep     mean_in     mean_out
  1  post_entropy       0.6065   +  0.1208    0.646802    0.612421
  2  post_conf          0.5912   -  0.1594    0.681355    0.720655
  3  pre_conf           0.5846   -  0.1816     0.35785    0.438613
  4  pre_entropy        0.5675   +  0.0814    2.094423    1.952687
  5  feat_left_pc2      0.5636   +  0.1118    2.177534    1.841425
  6  delta_argdisp       0.558   +  0.0751     46.4096   41.594657
  7  delta_entropy      0.5535   -  0.0624    -1.44762   -1.340266
  8  delta_conf         0.5348   +  0.0837    0.323505    0.282042
  9  feat_left_l2       0.5284   -  0.0547   16.835474   17.102226
 10  feat_left_pc1      0.5059   +  0.0231    2.385814    2.316362
 11  feat_left_pc3      0.5058   +  0.0104    1.751075    1.722028
BEST: post_entropy (AUC=0.6065, polarity=+)
저장: D:\Users\dust\Documents\학교\2026년도1학기\컴퓨터비전\실습\FoundationStereo\experiments\ds_v2_seed1/minigym_v48\features\report.json / panels.png / mirror_signal.npy
[device] cuda
  [train] epoch 60/300  loss=0.4099
  [train] epoch 120/300  loss=0.2786
  [train] epoch 180/300  loss=0.2043
  [train] epoch 240/300  loss=0.1517
  [train] epoch 300/300  loss=0.1138

[VAL] scene=ds_v2_seed1/minigym_v48  (pixel 70/30 split)
  AUC      = 0.9912
  IoU@0.5  = 0.8887
  F1@0.5   = 0.9411
  accuracy = 0.9524  (prec=0.9295, rec=0.9530)
  tp=6706 fp=509 fn=331 tn=10118

[save] D:\Users\dust\Documents\학교\2026년도1학기\컴퓨터비전\실습\FoundationStereo\experiments\ds_v2_seed1/minigym_v48\submodel
  pred_mask.png, panel.png, metrics.json, head.pt
DONE: D:\Users\dust\Documents\학교\2026년도1학기\컴퓨터비전\실습\FoundationStereo\experiments\ds_v2_seed1/minigym_v48\submodel
[device] cuda
[load] D:\Users\dust\Documents\학교\2026년도1학기\컴퓨터비전\실습\FoundationStereo\experiments\_model\general_head.pt  (train_scenes=['archiviz_baseline080', 'bedroom_baseline080', 'blue_bathroom_baseline080', 'computer_room_baseline080', 'cozy_living_room_baseline080', 'flat-archiviz_baseline080', 'green_house_baseline080', 'gym_baseline080', 'livingroom_baseline080', 'minimal_interior_baseline080', 'scandinavian_baseline080', 'sunlight_baseline080'])

[APPLY] ds_v2_seed1/minigym_v48  (저장모델로 새 데이터 평가)
  AUC      = 0.9634
  IoU@0.5  = 0.6427
  F1@0.5   = 0.7825
  accuracy = 0.8532  (prec=0.9625, rec=0.6592)
  tp=15546 fp=606 fn=8038 tn=34690
[save] D:\Users\dust\Documents\학교\2026년도1학기\컴퓨터비전\실습\FoundationStereo\experiments\ds_v2_seed1/minigym_v48\submodel_applied  (pred_mask.png, panel.png, metrics.json)

============================================================
STEP: estimate_mirror_plane
============================================================

============================================================
STEP: viz_ransac_inliers
============================================================

============================================================
STEP: make_mirror_gt_from_depth
============================================================

============================================================
STEP: analyze_features
============================================================

============================================================
STEP: submodel_head
============================================================

============================================================
STEP: apply_submodel
============================================================

DONE: D:\Users\dust\Documents\학교\2026년도1학기\컴퓨터비전\실습\FoundationStereo\experiments\ds_v2_seed1/minigym_v48 (ok)

##### [114/119] ds_v2_seed1/minigym_v49  (done 62, fail 0, skip 51, elapsed 34m, ETA 3m) #####
[scene] ds_v2_seed1/minigym_v49  size=1280x720
[select] mirror 점 개수 = 440121  (mask=440121, valid&depth = 897736)
[conf] mirror 영역 평균 confidence = 0.6964

=== 평면 추정 결과 ===
  [PCA (closed form)]
      normal = [+0.0517, -0.8278, -0.5586]
      d = +3.5660   mirror_depth(perp) = 3.5660 m   view_z = 8.1395 m
      n_inliers = 440121/440121   rms_residual = 0.96599 m
  [RANSAC]
      normal = [-0.0185, -0.9827, -0.1841]
      d = +1.8536   mirror_depth(perp) = 1.8536 m   view_z = 8.1395 m
      n_inliers = 103751/440121   rms_residual = 0.03041 m
  [SVD robust (IRLS)]
      normal = [+0.0168, -0.8104, -0.5856]
      d = +3.9149   mirror_depth(perp) = 3.9149 m   view_z = 8.1395 m
      n_inliers = 38417/440121   rms_residual = 0.06349 m

[save] D:\Users\dust\Documents\학교\2026년도1학기\컴퓨터비전\실습\FoundationStereo\experiments\ds_v2_seed1/minigym_v49\mirror_geometry\result.json
[save] D:\Users\dust\Documents\학교\2026년도1학기\컴퓨터비전\실습\FoundationStereo\experiments\ds_v2_seed1/minigym_v49\mirror_geometry\plane.txt
[save] D:\Users\dust\Documents\학교\2026년도1학기\컴퓨터비전\실습\FoundationStereo\experiments\ds_v2_seed1/minigym_v49\mirror_geometry\viz.png

DONE: D:\Users\dust\Documents\학교\2026년도1학기\컴퓨터비전\실습\FoundationStereo\experiments\ds_v2_seed1/minigym_v49\mirror_geometry
[ds_v2_seed1/minigym_v49] 거울 점 440121개 중 inlier 103751 (23.6%) / outlier 336370
  normal=[-0.019 -0.983 -0.184] d=1.854  rms(inlier)=0.0304 m  thr≈0.109 m
[save] D:\Users\dust\Documents\학교\2026년도1학기\컴퓨터비전\실습\FoundationStereo\experiments\ds_v2_seed1/minigym_v49\mirror_geometry\ransac_inliers.png
[gt] minigym_v49                  perp 5.06m planRMS 0.0101m  normal [-0.321, 0.166, -0.932]

생성 1, 건너뜀 0 (depth_gt/mask 없음 등)
[ds_v2_seed1/minigym_v49] feature 184x320  mirror_frac=0.4779042119565217  feat_left=True
rank  signal              AUC    pol  sep     mean_in     mean_out
  1  post_entropy        0.587   +  0.1317    0.637606    0.600946
  2  pre_conf           0.5804   -   0.187    0.371623    0.461201
  3  delta_argdisp      0.5661   +  0.0907   46.166566   40.257148
  4  pre_entropy        0.5634   +  0.0706     2.04927    1.917393
  5  delta_conf         0.5532   +  0.1285    0.324928    0.257236
  6  post_conf          0.5508   -  0.0889    0.696551    0.718437
  7  delta_entropy      0.5498   -  0.0517   -1.411664   -1.316446
  8  feat_left_l2       0.5165   -  0.0341   16.890762   17.051169
  9  feat_left_pc1       0.515   +  0.0256    2.480573     2.40179
 10  feat_left_pc2      0.5095   +  0.0184    2.003427    1.948328
 11  feat_left_pc3      0.5085   +  0.0151    1.747543    1.705748
BEST: post_entropy (AUC=0.587, polarity=+)
저장: D:\Users\dust\Documents\학교\2026년도1학기\컴퓨터비전\실습\FoundationStereo\experiments\ds_v2_seed1/minigym_v49\features\report.json / panels.png / mirror_signal.npy
[device] cuda
  [train] epoch 60/300  loss=0.3523
  [train] epoch 120/300  loss=0.2388
  [train] epoch 180/300  loss=0.1736
  [train] epoch 240/300  loss=0.1292
  [train] epoch 300/300  loss=0.0985

[VAL] scene=ds_v2_seed1/minigym_v49  (pixel 70/30 split)
  AUC      = 0.9920
  IoU@0.5  = 0.9082
  F1@0.5   = 0.9519
  accuracy = 0.9539  (prec=0.9474, rec=0.9564)
  tp=8053 fp=447 fn=367 tn=8797

[save] D:\Users\dust\Documents\학교\2026년도1학기\컴퓨터비전\실습\FoundationStereo\experiments\ds_v2_seed1/minigym_v49\submodel
  pred_mask.png, panel.png, metrics.json, head.pt
DONE: D:\Users\dust\Documents\학교\2026년도1학기\컴퓨터비전\실습\FoundationStereo\experiments\ds_v2_seed1/minigym_v49\submodel
[device] cuda
[load] D:\Users\dust\Documents\학교\2026년도1학기\컴퓨터비전\실습\FoundationStereo\experiments\_model\general_head.pt  (train_scenes=['archiviz_baseline080', 'bedroom_baseline080', 'blue_bathroom_baseline080', 'computer_room_baseline080', 'cozy_living_room_baseline080', 'flat-archiviz_baseline080', 'green_house_baseline080', 'gym_baseline080', 'livingroom_baseline080', 'minimal_interior_baseline080', 'scandinavian_baseline080', 'sunlight_baseline080'])

[APPLY] ds_v2_seed1/minigym_v49  (저장모델로 새 데이터 평가)
  AUC      = 0.9608
  IoU@0.5  = 0.6769
  F1@0.5   = 0.8074
  accuracy = 0.8410  (prec=0.9593, rec=0.6969)
  tp=19611 fp=831 fn=8528 tn=29910
[save] D:\Users\dust\Documents\학교\2026년도1학기\컴퓨터비전\실습\FoundationStereo\experiments\ds_v2_seed1/minigym_v49\submodel_applied  (pred_mask.png, panel.png, metrics.json)

============================================================
STEP: estimate_mirror_plane
============================================================

============================================================
STEP: viz_ransac_inliers
============================================================

============================================================
STEP: make_mirror_gt_from_depth
============================================================

============================================================
STEP: analyze_features
============================================================

============================================================
STEP: submodel_head
============================================================

============================================================
STEP: apply_submodel
============================================================

DONE: D:\Users\dust\Documents\학교\2026년도1학기\컴퓨터비전\실습\FoundationStereo\experiments\ds_v2_seed1/minigym_v49 (ok)

##### [115/119] ds_v2_seed1/minigym_v50  (done 63, fail 0, skip 51, elapsed 35m, ETA 3m) #####
[scene] ds_v2_seed1/minigym_v50  size=1280x720
[select] mirror 점 개수 = 399310  (mask=399310, valid&depth = 899556)
[conf] mirror 영역 평균 confidence = 0.6908

=== 평면 추정 결과 ===
  [PCA (closed form)]
      normal = [+0.0158, -0.8909, -0.4540]
      d = +2.1600   mirror_depth(perp) = 2.1600 m   view_z = 7.5220 m
      n_inliers = 399310/399310   rms_residual = 0.77660 m
  [RANSAC]
      normal = [+0.0355, -0.9478, -0.3169]
      d = +1.9595   mirror_depth(perp) = 1.9595 m   view_z = 7.5220 m
      n_inliers = 111719/399310   rms_residual = 0.03123 m
  [SVD robust (IRLS)]
      normal = [-0.0007, -0.8365, -0.5480]
      d = +3.1079   mirror_depth(perp) = 3.1079 m   view_z = 7.5220 m
      n_inliers = 45980/399310   rms_residual = 0.06190 m

[save] D:\Users\dust\Documents\학교\2026년도1학기\컴퓨터비전\실습\FoundationStereo\experiments\ds_v2_seed1/minigym_v50\mirror_geometry\result.json
[save] D:\Users\dust\Documents\학교\2026년도1학기\컴퓨터비전\실습\FoundationStereo\experiments\ds_v2_seed1/minigym_v50\mirror_geometry\plane.txt
[save] D:\Users\dust\Documents\학교\2026년도1학기\컴퓨터비전\실습\FoundationStereo\experiments\ds_v2_seed1/minigym_v50\mirror_geometry\viz.png

DONE: D:\Users\dust\Documents\학교\2026년도1학기\컴퓨터비전\실습\FoundationStereo\experiments\ds_v2_seed1/minigym_v50\mirror_geometry
[ds_v2_seed1/minigym_v50] 거울 점 399310개 중 inlier 111719 (28.0%) / outlier 287591
  normal=[ 0.036 -0.948 -0.317] d=1.959  rms(inlier)=0.0312 m  thr≈0.106 m
[save] D:\Users\dust\Documents\학교\2026년도1학기\컴퓨터비전\실습\FoundationStereo\experiments\ds_v2_seed1/minigym_v50\mirror_geometry\ransac_inliers.png
[gt] minigym_v50                  perp 4.84m planRMS 0.0049m  normal [-0.16, 0.292, -0.943]

생성 1, 건너뜀 0 (depth_gt/mask 없음 등)
[ds_v2_seed1/minigym_v50] feature 184x320  mirror_frac=0.4354789402173913  feat_left=True
rank  signal              AUC    pol  sep     mean_in     mean_out
  1  post_entropy       0.6224   +  0.1616    0.636113    0.591791
  2  delta_argdisp      0.6075   +   0.158    47.18369   37.193177
  3  pre_conf           0.5963   -   0.215    0.360567    0.459862
  4  post_conf          0.5947   -  0.1648    0.691104    0.731569
  5  pre_entropy        0.5851   +  0.1271    2.092145    1.867596
  6  delta_entropy      0.5703   -   0.104   -1.456032   -1.275805
  7  feat_left_pc2      0.5687   +  0.1276    2.222806    1.836243
  8  delta_conf         0.5492   +  0.1172    0.330537    0.271707
  9  feat_left_l2       0.5296   -  0.0553   16.810353   17.085478
 10  feat_left_pc1      0.5092   +  0.0319    2.406275    2.310237
 11  feat_left_pc3      0.5059   -  0.0078    1.725643    1.747419
BEST: post_entropy (AUC=0.6224, polarity=+)
저장: D:\Users\dust\Documents\학교\2026년도1학기\컴퓨터비전\실습\FoundationStereo\experiments\ds_v2_seed1/minigym_v50\features\report.json / panels.png / mirror_signal.npy
[device] cuda
  [train] epoch 60/300  loss=0.3821
  [train] epoch 120/300  loss=0.2505
  [train] epoch 180/300  loss=0.1765
  [train] epoch 240/300  loss=0.1281
  [train] epoch 300/300  loss=0.0950

[VAL] scene=ds_v2_seed1/minigym_v50  (pixel 70/30 split)
  AUC      = 0.9940
  IoU@0.5  = 0.9154
  F1@0.5   = 0.9558
  accuracy = 0.9614  (prec=0.9493, rec=0.9624)
  tp=7381 fp=394 fn=288 tn=9601

[save] D:\Users\dust\Documents\학교\2026년도1학기\컴퓨터비전\실습\FoundationStereo\experiments\ds_v2_seed1/minigym_v50\submodel
  pred_mask.png, panel.png, metrics.json, head.pt
DONE: D:\Users\dust\Documents\학교\2026년도1학기\컴퓨터비전\실습\FoundationStereo\experiments\ds_v2_seed1/minigym_v50\submodel
[device] cuda
[load] D:\Users\dust\Documents\학교\2026년도1학기\컴퓨터비전\실습\FoundationStereo\experiments\_model\general_head.pt  (train_scenes=['archiviz_baseline080', 'bedroom_baseline080', 'blue_bathroom_baseline080', 'computer_room_baseline080', 'cozy_living_room_baseline080', 'flat-archiviz_baseline080', 'green_house_baseline080', 'gym_baseline080', 'livingroom_baseline080', 'minimal_interior_baseline080', 'scandinavian_baseline080', 'sunlight_baseline080'])

[APPLY] ds_v2_seed1/minigym_v50  (저장모델로 새 데이터 평가)
  AUC      = 0.9528
  IoU@0.5  = 0.6209
  F1@0.5   = 0.7661
  accuracy = 0.8307  (prec=0.9613, rec=0.6368)
  tp=16329 fp=657 fn=9312 tn=32582
[save] D:\Users\dust\Documents\학교\2026년도1학기\컴퓨터비전\실습\FoundationStereo\experiments\ds_v2_seed1/minigym_v50\submodel_applied  (pred_mask.png, panel.png, metrics.json)

============================================================
STEP: estimate_mirror_plane
============================================================

============================================================
STEP: viz_ransac_inliers
============================================================

============================================================
STEP: make_mirror_gt_from_depth
============================================================

============================================================
STEP: analyze_features
============================================================

============================================================
STEP: submodel_head
============================================================

============================================================
STEP: apply_submodel
============================================================

DONE: D:\Users\dust\Documents\학교\2026년도1학기\컴퓨터비전\실습\FoundationStereo\experiments\ds_v2_seed1/minigym_v50 (ok)

##### [116/119] ds_v2_seed1/minigym_v51  (done 64, fail 0, skip 51, elapsed 36m, ETA 2m) #####
[scene] ds_v2_seed1/minigym_v51  size=1280x720
[select] mirror 점 개수 = 243340  (mask=243340, valid&depth = 896415)
[conf] mirror 영역 평균 confidence = 0.7194

=== 평면 추정 결과 ===
  [PCA (closed form)]
      normal = [+0.0775, -0.8178, -0.5702]
      d = +2.7204   mirror_depth(perp) = 2.7204 m   view_z = 7.3821 m
      n_inliers = 243340/243340   rms_residual = 0.52193 m
  [RANSAC]
      normal = [-0.0690, -0.9304, -0.3600]
      d = +1.9709   mirror_depth(perp) = 1.9709 m   view_z = 7.3821 m
      n_inliers = 90182/243340   rms_residual = 0.03185 m
  [SVD robust (IRLS)]
      normal = [+0.0687, -0.8130, -0.5781]
      d = +2.8350   mirror_depth(perp) = 2.8350 m   view_z = 7.3821 m
      n_inliers = 36873/243340   rms_residual = 0.05853 m

[save] D:\Users\dust\Documents\학교\2026년도1학기\컴퓨터비전\실습\FoundationStereo\experiments\ds_v2_seed1/minigym_v51\mirror_geometry\result.json
[save] D:\Users\dust\Documents\학교\2026년도1학기\컴퓨터비전\실습\FoundationStereo\experiments\ds_v2_seed1/minigym_v51\mirror_geometry\plane.txt
[save] D:\Users\dust\Documents\학교\2026년도1학기\컴퓨터비전\실습\FoundationStereo\experiments\ds_v2_seed1/minigym_v51\mirror_geometry\viz.png

DONE: D:\Users\dust\Documents\학교\2026년도1학기\컴퓨터비전\실습\FoundationStereo\experiments\ds_v2_seed1/minigym_v51\mirror_geometry
[ds_v2_seed1/minigym_v51] 거울 점 243340개 중 inlier 90182 (37.1%) / outlier 153158
  normal=[-0.069 -0.93  -0.36 ] d=1.971  rms(inlier)=0.0318 m  thr≈0.103 m
[save] D:\Users\dust\Documents\학교\2026년도1학기\컴퓨터비전\실습\FoundationStereo\experiments\ds_v2_seed1/minigym_v51\mirror_geometry\ransac_inliers.png
[gt] minigym_v51                  perp 4.87m planRMS 0.0095m  normal [-0.458, 0.333, -0.824]

생성 1, 건너뜀 0 (depth_gt/mask 없음 등)
[ds_v2_seed1/minigym_v51] feature 184x320  mirror_frac=0.26479279891304347  feat_left=True
rank  signal              AUC    pol  sep     mean_in     mean_out
  1  delta_entropy      0.5625   -  0.0689   -1.500981   -1.378041
  2  pre_entropy        0.5621   +   0.064    2.102918    1.988079
  3  pre_conf           0.5559   -  0.1114    0.370868    0.422351
  4  feat_left_l2       0.5522   +  0.0638   17.077755   16.781116
  5  feat_left_pc1      0.5467   -  0.1008    2.116322    2.409566
  6  delta_conf         0.5462   +   0.091    0.348668    0.302341
  7  post_entropy       0.5179   -  0.0294    0.601937    0.610038
  8  post_conf          0.5134   -  0.0213    0.719536    0.724692
  9  delta_argdisp      0.5091   +  0.0141   43.803669   42.880085
 10  feat_left_pc2      0.5036   +  0.0125    1.943226     1.90652
 11  feat_left_pc3      0.5014   -  0.0088    1.709014    1.733476
BEST: delta_entropy (AUC=0.5625, polarity=-)
저장: D:\Users\dust\Documents\학교\2026년도1학기\컴퓨터비전\실습\FoundationStereo\experiments\ds_v2_seed1/minigym_v51\features\report.json / panels.png / mirror_signal.npy
[device] cuda
  [train] epoch 60/300  loss=0.5140
  [train] epoch 120/300  loss=0.3511
  [train] epoch 180/300  loss=0.2546
  [train] epoch 240/300  loss=0.1875
  [train] epoch 300/300  loss=0.1408

[VAL] scene=ds_v2_seed1/minigym_v51  (pixel 70/30 split)
  AUC      = 0.9910
  IoU@0.5  = 0.8359
  F1@0.5   = 0.9106
  accuracy = 0.9502  (prec=0.8675, rec=0.9583)
  tp=4478 fp=684 fn=195 tn=12307

[save] D:\Users\dust\Documents\학교\2026년도1학기\컴퓨터비전\실습\FoundationStereo\experiments\ds_v2_seed1/minigym_v51\submodel
  pred_mask.png, panel.png, metrics.json, head.pt
DONE: D:\Users\dust\Documents\학교\2026년도1학기\컴퓨터비전\실습\FoundationStereo\experiments\ds_v2_seed1/minigym_v51\submodel
[device] cuda
[load] D:\Users\dust\Documents\학교\2026년도1학기\컴퓨터비전\실습\FoundationStereo\experiments\_model\general_head.pt  (train_scenes=['archiviz_baseline080', 'bedroom_baseline080', 'blue_bathroom_baseline080', 'computer_room_baseline080', 'cozy_living_room_baseline080', 'flat-archiviz_baseline080', 'green_house_baseline080', 'gym_baseline080', 'livingroom_baseline080', 'minimal_interior_baseline080', 'scandinavian_baseline080', 'sunlight_baseline080'])

[APPLY] ds_v2_seed1/minigym_v51  (저장모델로 새 데이터 평가)
  AUC      = 0.9688
  IoU@0.5  = 0.6660
  F1@0.5   = 0.7995
  accuracy = 0.9050  (prec=0.9059, rec=0.7155)
  tp=11156 fp=1159 fn=4435 tn=42130
[save] D:\Users\dust\Documents\학교\2026년도1학기\컴퓨터비전\실습\FoundationStereo\experiments\ds_v2_seed1/minigym_v51\submodel_applied  (pred_mask.png, panel.png, metrics.json)

============================================================
STEP: estimate_mirror_plane
============================================================

============================================================
STEP: viz_ransac_inliers
============================================================

============================================================
STEP: make_mirror_gt_from_depth
============================================================

============================================================
STEP: analyze_features
============================================================

============================================================
STEP: submodel_head
============================================================

============================================================
STEP: apply_submodel
============================================================

DONE: D:\Users\dust\Documents\학교\2026년도1학기\컴퓨터비전\실습\FoundationStereo\experiments\ds_v2_seed1/minigym_v51 (ok)

##### [117/119] ds_v2_seed1/minigym_v52  (done 65, fail 0, skip 51, elapsed 36m, ETA 2m) #####
[scene] ds_v2_seed1/minigym_v52  size=1280x720
[select] mirror 점 개수 = 343280  (mask=343280, valid&depth = 663101)
[conf] mirror 영역 평균 confidence = 0.6800

=== 평면 추정 결과 ===
  [PCA (closed form)]
      normal = [+0.1679, -0.7376, -0.6541]
      d = +3.9809   mirror_depth(perp) = 3.9809 m   view_z = 8.1440 m
      n_inliers = 343280/343280   rms_residual = 0.80655 m
  [RANSAC]
      normal = [-0.0535, -0.9764, -0.2094]
      d = +1.9170   mirror_depth(perp) = 1.9170 m   view_z = 8.1440 m
      n_inliers = 88991/343280   rms_residual = 0.02865 m
  [SVD robust (IRLS)]
      normal = [+0.1803, -0.7354, -0.6532]
      d = +3.9283   mirror_depth(perp) = 3.9283 m   view_z = 8.1440 m
      n_inliers = 30796/343280   rms_residual = 0.06402 m

[save] D:\Users\dust\Documents\학교\2026년도1학기\컴퓨터비전\실습\FoundationStereo\experiments\ds_v2_seed1/minigym_v52\mirror_geometry\result.json
[save] D:\Users\dust\Documents\학교\2026년도1학기\컴퓨터비전\실습\FoundationStereo\experiments\ds_v2_seed1/minigym_v52\mirror_geometry\plane.txt
[save] D:\Users\dust\Documents\학교\2026년도1학기\컴퓨터비전\실습\FoundationStereo\experiments\ds_v2_seed1/minigym_v52\mirror_geometry\viz.png

DONE: D:\Users\dust\Documents\학교\2026년도1학기\컴퓨터비전\실습\FoundationStereo\experiments\ds_v2_seed1/minigym_v52\mirror_geometry
[ds_v2_seed1/minigym_v52] 거울 점 343280개 중 inlier 88991 (25.9%) / outlier 254289
  normal=[-0.053 -0.976 -0.209] d=1.917  rms(inlier)=0.0286 m  thr≈0.110 m
[save] D:\Users\dust\Documents\학교\2026년도1학기\컴퓨터비전\실습\FoundationStereo\experiments\ds_v2_seed1/minigym_v52\mirror_geometry\ransac_inliers.png
[gt] minigym_v52                  perp 5.09m planRMS 0.0099m  normal [-0.419, 0.197, -0.886]

생성 1, 건너뜀 0 (depth_gt/mask 없음 등)
[ds_v2_seed1/minigym_v52] feature 184x320  mirror_frac=0.3730298913043478  feat_left=True
rank  signal              AUC    pol  sep     mean_in     mean_out
  1  delta_entropy      0.7747   -  0.5879    -1.49255   -0.365806
  2  delta_conf         0.7331   +  0.4692    0.318342    0.064126
  3  feat_left_pc1      0.7029   -  0.4624    1.782895    3.333993
  4  feat_left_pc2      0.6907   -  0.3634    1.914136     2.98197
  5  feat_left_l2       0.6731   +  0.2673    18.01911   16.753169
  6  post_conf          0.6692   +  0.4954    0.679874    0.467637
  7  post_entropy       0.6522   -  0.7348     0.63339    1.545257
  8  pre_entropy        0.5883   +   0.146     2.12594    1.911064
  9  delta_argdisp      0.5863   +  0.1559   44.798989    36.03852
 10  pre_conf           0.5463   -  0.1017    0.361532    0.403511
 11  feat_left_pc3      0.5321   -  0.0504    1.743133    1.888567
BEST: delta_entropy (AUC=0.7747, polarity=-)
저장: D:\Users\dust\Documents\학교\2026년도1학기\컴퓨터비전\실습\FoundationStereo\experiments\ds_v2_seed1/minigym_v52\features\report.json / panels.png / mirror_signal.npy
[device] cuda
  [train] epoch 60/300  loss=0.4265
  [train] epoch 120/300  loss=0.3390
  [train] epoch 180/300  loss=0.2948
  [train] epoch 240/300  loss=0.2603
  [train] epoch 300/300  loss=0.2310

[VAL] scene=ds_v2_seed1/minigym_v52  (pixel 70/30 split)
  AUC      = 0.9698
  IoU@0.5  = 0.7786
  F1@0.5   = 0.8755
  accuracy = 0.9033  (prec=0.8402, rec=0.9140)
  tp=6008 fp=1143 fn=565 tn=9948

[save] D:\Users\dust\Documents\학교\2026년도1학기\컴퓨터비전\실습\FoundationStereo\experiments\ds_v2_seed1/minigym_v52\submodel
  pred_mask.png, panel.png, metrics.json, head.pt
DONE: D:\Users\dust\Documents\학교\2026년도1학기\컴퓨터비전\실습\FoundationStereo\experiments\ds_v2_seed1/minigym_v52\submodel
[device] cuda
[load] D:\Users\dust\Documents\학교\2026년도1학기\컴퓨터비전\실습\FoundationStereo\experiments\_model\general_head.pt  (train_scenes=['archiviz_baseline080', 'bedroom_baseline080', 'blue_bathroom_baseline080', 'computer_room_baseline080', 'cozy_living_room_baseline080', 'flat-archiviz_baseline080', 'green_house_baseline080', 'gym_baseline080', 'livingroom_baseline080', 'minimal_interior_baseline080', 'scandinavian_baseline080', 'sunlight_baseline080'])

[APPLY] ds_v2_seed1/minigym_v52  (저장모델로 새 데이터 평가)
  AUC      = 0.9723
  IoU@0.5  = 0.7541
  F1@0.5   = 0.8598
  accuracy = 0.9013  (prec=0.9144, rec=0.8113)
  tp=17820 fp=1668 fn=4144 tn=35248
[save] D:\Users\dust\Documents\학교\2026년도1학기\컴퓨터비전\실습\FoundationStereo\experiments\ds_v2_seed1/minigym_v52\submodel_applied  (pred_mask.png, panel.png, metrics.json)

============================================================
STEP: estimate_mirror_plane
============================================================

============================================================
STEP: viz_ransac_inliers
============================================================

============================================================
STEP: make_mirror_gt_from_depth
============================================================

============================================================
STEP: analyze_features
============================================================

============================================================
STEP: submodel_head
============================================================

============================================================
STEP: apply_submodel
============================================================

DONE: D:\Users\dust\Documents\학교\2026년도1학기\컴퓨터비전\실습\FoundationStereo\experiments\ds_v2_seed1/minigym_v52 (ok)

##### [118/119] ds_v2_seed1/minigym_v53  (done 66, fail 0, skip 51, elapsed 36m, ETA 1m) #####
[scene] ds_v2_seed1/minigym_v53  size=1280x720
[select] mirror 점 개수 = 336385  (mask=336385, valid&depth = 891490)
[conf] mirror 영역 평균 confidence = 0.6902

=== 평면 추정 결과 ===
  [PCA (closed form)]
      normal = [+0.0699, -0.8244, -0.5617]
      d = +3.0660   mirror_depth(perp) = 3.0660 m   view_z = 7.9107 m
      n_inliers = 336385/336385   rms_residual = 0.68045 m
  [RANSAC]
      normal = [-0.0157, -0.9529, -0.3027]
      d = +1.8796   mirror_depth(perp) = 1.8796 m   view_z = 7.9107 m
      n_inliers = 105653/336385   rms_residual = 0.03096 m
  [SVD robust (IRLS)]
      normal = [+0.0450, -0.8154, -0.5771]
      d = +3.2976   mirror_depth(perp) = 3.2976 m   view_z = 7.9107 m
      n_inliers = 43908/336385   rms_residual = 0.06171 m

[save] D:\Users\dust\Documents\학교\2026년도1학기\컴퓨터비전\실습\FoundationStereo\experiments\ds_v2_seed1/minigym_v53\mirror_geometry\result.json
[save] D:\Users\dust\Documents\학교\2026년도1학기\컴퓨터비전\실습\FoundationStereo\experiments\ds_v2_seed1/minigym_v53\mirror_geometry\plane.txt
[save] D:\Users\dust\Documents\학교\2026년도1학기\컴퓨터비전\실습\FoundationStereo\experiments\ds_v2_seed1/minigym_v53\mirror_geometry\viz.png

DONE: D:\Users\dust\Documents\학교\2026년도1학기\컴퓨터비전\실습\FoundationStereo\experiments\ds_v2_seed1/minigym_v53\mirror_geometry
[ds_v2_seed1/minigym_v53] 거울 점 336385개 중 inlier 105653 (31.4%) / outlier 230732
  normal=[-0.016 -0.953 -0.303] d=1.880  rms(inlier)=0.0310 m  thr≈0.107 m
[save] D:\Users\dust\Documents\학교\2026년도1학기\컴퓨터비전\실습\FoundationStereo\experiments\ds_v2_seed1/minigym_v53\mirror_geometry\ransac_inliers.png
[gt] minigym_v53                  perp 4.97m planRMS 0.0094m  normal [-0.304, 0.277, -0.912]

생성 1, 건너뜀 0 (depth_gt/mask 없음 등)
[ds_v2_seed1/minigym_v53] feature 184x320  mirror_frac=0.366015625  feat_left=True
rank  signal              AUC    pol  sep     mean_in     mean_out
  1  pre_conf           0.5665   -  0.1448    0.361395    0.426708
  2  pre_entropy          0.56   +  0.0615     2.11788    2.007746
  3  delta_entropy      0.5539   -  0.0614   -1.493674   -1.385328
  4  delta_conf         0.5426   +  0.0941    0.328979    0.281457
  5  post_conf          0.5422   -  0.0699    0.690374    0.708165
  6  delta_argdisp      0.5362   +  0.0497   46.468841   43.257869
  7  post_entropy       0.5266   +  0.0065    0.624207    0.622418
  8  feat_left_pc3       0.525   +  0.0478       1.811    1.677229
  9  feat_left_pc2      0.5153   +  0.0214    1.972903    1.909829
 10  feat_left_pc1      0.5061   -  0.0233    2.251482    2.321086
 11  feat_left_l2       0.5021   +  0.0209   16.814581   16.914877
BEST: pre_conf (AUC=0.5665, polarity=-)
저장: D:\Users\dust\Documents\학교\2026년도1학기\컴퓨터비전\실습\FoundationStereo\experiments\ds_v2_seed1/minigym_v53\features\report.json / panels.png / mirror_signal.npy
[device] cuda
  [train] epoch 60/300  loss=0.4384
  [train] epoch 120/300  loss=0.3033
  [train] epoch 180/300  loss=0.2246
  [train] epoch 240/300  loss=0.1681
  [train] epoch 300/300  loss=0.1276

[VAL] scene=ds_v2_seed1/minigym_v53  (pixel 70/30 split)
  AUC      = 0.9913
  IoU@0.5  = 0.8793
  F1@0.5   = 0.9357
  accuracy = 0.9522  (prec=0.9201, rec=0.9520)
  tp=6146 fp=534 fn=310 tn=10674

[save] D:\Users\dust\Documents\학교\2026년도1학기\컴퓨터비전\실습\FoundationStereo\experiments\ds_v2_seed1/minigym_v53\submodel
  pred_mask.png, panel.png, metrics.json, head.pt
DONE: D:\Users\dust\Documents\학교\2026년도1학기\컴퓨터비전\실습\FoundationStereo\experiments\ds_v2_seed1/minigym_v53\submodel
[device] cuda
[load] D:\Users\dust\Documents\학교\2026년도1학기\컴퓨터비전\실습\FoundationStereo\experiments\_model\general_head.pt  (train_scenes=['archiviz_baseline080', 'bedroom_baseline080', 'blue_bathroom_baseline080', 'computer_room_baseline080', 'cozy_living_room_baseline080', 'flat-archiviz_baseline080', 'green_house_baseline080', 'gym_baseline080', 'livingroom_baseline080', 'minimal_interior_baseline080', 'scandinavian_baseline080', 'sunlight_baseline080'])

[APPLY] ds_v2_seed1/minigym_v53  (저장모델로 새 데이터 평가)
  AUC      = 0.9704
  IoU@0.5  = 0.6998
  F1@0.5   = 0.8234
  accuracy = 0.8853  (prec=0.9436, rec=0.7304)
  tp=15741 fp=941 fn=5810 tn=36388
[save] D:\Users\dust\Documents\학교\2026년도1학기\컴퓨터비전\실습\FoundationStereo\experiments\ds_v2_seed1/minigym_v53\submodel_applied  (pred_mask.png, panel.png, metrics.json)

============================================================
STEP: estimate_mirror_plane
============================================================

============================================================
STEP: viz_ransac_inliers
============================================================

============================================================
STEP: make_mirror_gt_from_depth
============================================================

============================================================
STEP: analyze_features
============================================================

============================================================
STEP: submodel_head
============================================================

============================================================
STEP: apply_submodel
============================================================

DONE: D:\Users\dust\Documents\학교\2026년도1학기\컴퓨터비전\실습\FoundationStereo\experiments\ds_v2_seed1/minigym_v53 (ok)

##### [119/119] ds_v2_seed1/minigym_v54  (done 67, fail 0, skip 51, elapsed 37m, ETA 1m) #####
[scene] ds_v2_seed1/minigym_v54  size=1280x720
[select] mirror 점 개수 = 11862  (mask=11862, valid&depth = 828369)
[conf] mirror 영역 평균 confidence = 0.3903

=== 평면 추정 결과 ===
  [PCA (closed form)]
      normal = [+0.9953, +0.0902, -0.0348]
      d = +0.0185   mirror_depth(perp) = 0.0185 m   view_z = 6.3078 m
      n_inliers = 11862/11862   rms_residual = 0.06326 m
  [RANSAC]
      normal = [+0.9952, +0.0910, -0.0353]
      d = +0.0221   mirror_depth(perp) = 0.0221 m   view_z = 6.3078 m
      n_inliers = 11714/11862   rms_residual = 0.06181 m
  [SVD robust (IRLS)]
      normal = [+0.9953, +0.0899, -0.0347]
      d = +0.0174   mirror_depth(perp) = 0.0174 m   view_z = 6.3078 m
      n_inliers = 11691/11862   rms_residual = 0.06154 m

[save] D:\Users\dust\Documents\학교\2026년도1학기\컴퓨터비전\실습\FoundationStereo\experiments\ds_v2_seed1/minigym_v54\mirror_geometry\result.json
[save] D:\Users\dust\Documents\학교\2026년도1학기\컴퓨터비전\실습\FoundationStereo\experiments\ds_v2_seed1/minigym_v54\mirror_geometry\plane.txt
[save] D:\Users\dust\Documents\학교\2026년도1학기\컴퓨터비전\실습\FoundationStereo\experiments\ds_v2_seed1/minigym_v54\mirror_geometry\viz.png

DONE: D:\Users\dust\Documents\학교\2026년도1학기\컴퓨터비전\실습\FoundationStereo\experiments\ds_v2_seed1/minigym_v54\mirror_geometry
[ds_v2_seed1/minigym_v54] 거울 점 11862개 중 inlier 11714 (98.8%) / outlier 148
  normal=[ 0.995  0.091 -0.035] d=0.022  rms(inlier)=0.0618 m  thr≈0.128 m
[save] D:\Users\dust\Documents\학교\2026년도1학기\컴퓨터비전\실습\FoundationStereo\experiments\ds_v2_seed1/minigym_v54\mirror_geometry\ransac_inliers.png
[gt] minigym_v54                  perp 5.16m planRMS 0.0000m  normal [-0.073, 0.289, -0.954]

생성 1, 건너뜀 0 (depth_gt/mask 없음 등)
[ds_v2_seed1/minigym_v54] feature 184x320  mirror_frac=0.012907608695652174  feat_left=True
rank  signal              AUC    pol  sep     mean_in     mean_out
  1  feat_left_l2       0.9642   +  1.4518   27.718576    16.35526
  2  feat_left_pc2      0.9217   +  0.8908    7.292798    2.724138
  3  post_entropy         0.86   -  0.8285    1.553353    2.527228
  4  post_conf          0.8339   +  0.6896    0.400974     0.21708
  5  pre_entropy        0.8296   -  0.6919    0.801632    1.921525
  6  pre_conf           0.8291   +  0.7572    0.751355    0.395452
  7  delta_conf         0.6921   -   0.328   -0.350381   -0.178372
  8  delta_argdisp      0.6394   -   0.063      33.225   37.534171
  9  feat_left_pc1       0.615   +  0.1277    4.154037    3.605279
 10  delta_entropy      0.5634   +  0.0747    0.751721    0.605703
 11  feat_left_pc3      0.5412   +  0.0863    2.448276    2.140802
BEST: feat_left_l2 (AUC=0.9642, polarity=+)
저장: D:\Users\dust\Documents\학교\2026년도1학기\컴퓨터비전\실습\FoundationStereo\experiments\ds_v2_seed1/minigym_v54\features\report.json / panels.png / mirror_signal.npy
[device] cuda
  [train] epoch 60/300  loss=0.2093
  [train] epoch 120/300  loss=0.0938
  [train] epoch 180/300  loss=0.0704
  [train] epoch 240/300  loss=0.0583
  [train] epoch 300/300  loss=0.0493

[VAL] scene=ds_v2_seed1/minigym_v54  (pixel 70/30 split)
  AUC      = 0.9974
  IoU@0.5  = 0.5418
  F1@0.5   = 0.7028
  accuracy = 0.9891  (prec=0.5431, rec=0.9956)
  tp=227 fp=191 fn=1 tn=17245

[save] D:\Users\dust\Documents\학교\2026년도1학기\컴퓨터비전\실습\FoundationStereo\experiments\ds_v2_seed1/minigym_v54\submodel
  pred_mask.png, panel.png, metrics.json, head.pt
DONE: D:\Users\dust\Documents\학교\2026년도1학기\컴퓨터비전\실습\FoundationStereo\experiments\ds_v2_seed1/minigym_v54\submodel
[device] cuda
[load] D:\Users\dust\Documents\학교\2026년도1학기\컴퓨터비전\실습\FoundationStereo\experiments\_model\general_head.pt  (train_scenes=['archiviz_baseline080', 'bedroom_baseline080', 'blue_bathroom_baseline080', 'computer_room_baseline080', 'cozy_living_room_baseline080', 'flat-archiviz_baseline080', 'green_house_baseline080', 'gym_baseline080', 'livingroom_baseline080', 'minimal_interior_baseline080', 'scandinavian_baseline080', 'sunlight_baseline080'])

[APPLY] ds_v2_seed1/minigym_v54  (저장모델로 새 데이터 평가)
  AUC      = 0.9901
  IoU@0.5  = 0.4232
  F1@0.5   = 0.5947
  accuracy = 0.9826  (prec=0.4251, rec=0.9895)
  tp=752 fp=1017 fn=8 tn=57103
[save] D:\Users\dust\Documents\학교\2026년도1학기\컴퓨터비전\실습\FoundationStereo\experiments\ds_v2_seed1/minigym_v54\submodel_applied  (pred_mask.png, panel.png, metrics.json)

============================================================
STEP: estimate_mirror_plane
============================================================

============================================================
STEP: viz_ransac_inliers
============================================================

============================================================
STEP: make_mirror_gt_from_depth
============================================================

============================================================
STEP: analyze_features
============================================================

============================================================
STEP: submodel_head
============================================================

============================================================
STEP: apply_submodel
============================================================

DONE: D:\Users\dust\Documents\학교\2026년도1학기\컴퓨터비전\실습\FoundationStereo\experiments\ds_v2_seed1/minigym_v54 (ok)

[batch] 끝: done 68, fail 0, skip 51, 총 0.6h
