[batch] D:\Users\dust\Documents\학교\2026년도1학기\컴퓨터비전\실습\Archive\ds_v2_seed1 → experiments/ds_v2_seed1/  (2 scene, 123 views, post_only)

##### [55/123] ds_v2_seed1/bedroom_v54  (done 0, fail 0, skip 54, elapsed 0m, ETA 0m) #####
[scene] ds_v2_seed1/bedroom_v54  size=1280x720
[select] mirror 점 개수 = 366186  (mask=366186, valid&depth = 890294)
[conf] mirror 영역 평균 confidence = 0.6982

=== 평면 추정 결과 ===
  [PCA (closed form)]
      normal = [+0.1359, -0.9353, -0.3268]
      d = +1.9775   mirror_depth(perp) = 1.9775 m   view_z = 6.2306 m
      n_inliers = 366186/366186   rms_residual = 0.24390 m
  [RANSAC]
      normal = [+0.1791, -0.9323, -0.3142]
      d = +1.9406   mirror_depth(perp) = 1.9406 m   view_z = 6.2306 m
      n_inliers = 101430/366186   rms_residual = 0.03365 m
  [SVD robust (IRLS)]
      normal = [+0.1506, -0.9261, -0.3458]
      d = +2.0993   mirror_depth(perp) = 2.0993 m   view_z = 6.2306 m
      n_inliers = 93497/366186   rms_residual = 0.03596 m

[save] D:\Users\dust\Documents\학교\2026년도1학기\컴퓨터비전\실습\FoundationStereo\experiments\ds_v2_seed1/bedroom_v54\mirror_geometry\result.json
[save] D:\Users\dust\Documents\학교\2026년도1학기\컴퓨터비전\실습\FoundationStereo\experiments\ds_v2_seed1/bedroom_v54\mirror_geometry\plane.txt
[save] D:\Users\dust\Documents\학교\2026년도1학기\컴퓨터비전\실습\FoundationStereo\experiments\ds_v2_seed1/bedroom_v54\mirror_geometry\viz.png

DONE: D:\Users\dust\Documents\학교\2026년도1학기\컴퓨터비전\실습\FoundationStereo\experiments\ds_v2_seed1/bedroom_v54\mirror_geometry
[ds_v2_seed1/bedroom_v54] 거울 점 366186개 중 inlier 101430 (27.7%) / outlier 264756
  normal=[ 0.179 -0.932 -0.314] d=1.941  rms(inlier)=0.0336 m  thr≈0.062 m
[save] D:\Users\dust\Documents\학교\2026년도1학기\컴퓨터비전\실습\FoundationStereo\experiments\ds_v2_seed1/bedroom_v54\mirror_geometry\ransac_inliers.png
[gt] bedroom_v54                  perp 3.83m planRMS 0.0009m  normal [-0.56, 0.109, -0.821]

생성 1, 건너뜀 0 (depth_gt/mask 없음 등)
[ds_v2_seed1/bedroom_v54] feature 184x320  mirror_frac=0.3971467391304348  feat_left=True
rank  signal              AUC    pol  sep     mean_in     mean_out
  1  feat_left_pc1      0.5763   -  0.1452    1.840509    2.275135
  2  post_entropy       0.5603   +  0.1191     0.65193    0.618035
  3  feat_left_pc2      0.5588   -   0.098    1.750743    2.008986
  4  feat_left_l2       0.5533   +  0.0795   16.990747   16.626122
  5  post_conf          0.5497   -  0.0891    0.697407    0.718318
  6  delta_conf         0.5421   -  0.0713    0.292365    0.326994
  7  delta_entropy      0.5407   +   0.116   -1.293966   -1.492649
  8  delta_argdisp      0.5398   -  0.0695   33.963736    38.21887
  9  pre_entropy        0.5273   -  0.0962    1.945896    2.110684
 10  pre_conf           0.5213   +  0.0312    0.405043    0.391325
 11  feat_left_pc3      0.5052   +  0.0079    1.831801    1.809868
BEST: feat_left_pc1 (AUC=0.5763, polarity=-)
저장: D:\Users\dust\Documents\학교\2026년도1학기\컴퓨터비전\실습\FoundationStereo\experiments\ds_v2_seed1/bedroom_v54\features\report.json / panels.png / mirror_signal.npy
[device] cuda
  [train] epoch 60/300  loss=0.4216
  [train] epoch 120/300  loss=0.2944
  [train] epoch 180/300  loss=0.2203
  [train] epoch 240/300  loss=0.1713
  [train] epoch 300/300  loss=0.1377

[VAL] scene=ds_v2_seed1/bedroom_v54  (pixel 70/30 split)
  AUC      = 0.9869
  IoU@0.5  = 0.8657
  F1@0.5   = 0.9280
  accuracy = 0.9415  (prec=0.9064, rec=0.9506)
  tp=6665 fp=688 fn=346 tn=9965

[save] D:\Users\dust\Documents\학교\2026년도1학기\컴퓨터비전\실습\FoundationStereo\experiments\ds_v2_seed1/bedroom_v54\submodel
  pred_mask.png, panel.png, metrics.json, head.pt
DONE: D:\Users\dust\Documents\학교\2026년도1학기\컴퓨터비전\실습\FoundationStereo\experiments\ds_v2_seed1/bedroom_v54\submodel
[device] cuda
[load] D:\Users\dust\Documents\학교\2026년도1학기\컴퓨터비전\실습\FoundationStereo\experiments\_model\general_head.pt  (train_scenes=['archiviz_baseline080', 'bedroom_baseline080', 'blue_bathroom_baseline080', 'computer_room_baseline080', 'cozy_living_room_baseline080', 'flat-archiviz_baseline080', 'green_house_baseline080', 'gym_baseline080', 'livingroom_baseline080', 'minimal_interior_baseline080', 'scandinavian_baseline080', 'sunlight_baseline080'])

[APPLY] ds_v2_seed1/bedroom_v54  (저장모델로 새 데이터 평가)
  AUC      = 0.8742
  IoU@0.5  = 0.0594
  F1@0.5   = 0.1121
  accuracy = 0.6262  (prec=0.9893, rec=0.0594)
  tp=1390 fp=15 fn=21994 tn=35481
[save] D:\Users\dust\Documents\학교\2026년도1학기\컴퓨터비전\실습\FoundationStereo\experiments\ds_v2_seed1/bedroom_v54\submodel_applied  (pred_mask.png, panel.png, metrics.json)

============================================================
STEP: estimate_mirror_plane
============================================================

============================================================
STEP: viz_ransac_inliers
============================================================

============================================================
STEP: make_mirror_gt_from_depth
============================================================

============================================================
STEP: analyze_features
============================================================

============================================================
STEP: submodel_head
============================================================

============================================================
STEP: apply_submodel
============================================================

DONE: D:\Users\dust\Documents\학교\2026년도1학기\컴퓨터비전\실습\FoundationStereo\experiments\ds_v2_seed1/bedroom_v54 (ok)

##### [56/123] ds_v2_seed1/bedroom_v55  (done 1, fail 0, skip 54, elapsed 1m, ETA 70m) #####
[scene] ds_v2_seed1/bedroom_v55  size=1280x720
[select] mirror 점 개수 = 290797  (mask=290797, valid&depth = 884913)
[conf] mirror 영역 평균 confidence = 0.7161

=== 평면 추정 결과 ===
  [PCA (closed form)]
      normal = [+0.1064, -0.9235, -0.3685]
      d = +1.8533   mirror_depth(perp) = 1.8533 m   view_z = 5.9827 m
      n_inliers = 290797/290797   rms_residual = 0.24531 m
  [RANSAC]
      normal = [-0.1160, -0.8303, -0.5452]
      d = +2.9765   mirror_depth(perp) = 2.9765 m   view_z = 5.9827 m
      n_inliers = 77244/290797   rms_residual = 0.03281 m
  [SVD robust (IRLS)]
      normal = [+0.0825, -0.9178, -0.3884]
      d = +2.0076   mirror_depth(perp) = 2.0076 m   view_z = 5.9827 m
      n_inliers = 59514/290797   rms_residual = 0.03442 m

[save] D:\Users\dust\Documents\학교\2026년도1학기\컴퓨터비전\실습\FoundationStereo\experiments\ds_v2_seed1/bedroom_v55\mirror_geometry\result.json
[save] D:\Users\dust\Documents\학교\2026년도1학기\컴퓨터비전\실습\FoundationStereo\experiments\ds_v2_seed1/bedroom_v55\mirror_geometry\plane.txt
[save] D:\Users\dust\Documents\학교\2026년도1학기\컴퓨터비전\실습\FoundationStereo\experiments\ds_v2_seed1/bedroom_v55\mirror_geometry\viz.png

DONE: D:\Users\dust\Documents\학교\2026년도1학기\컴퓨터비전\실습\FoundationStereo\experiments\ds_v2_seed1/bedroom_v55\mirror_geometry
[ds_v2_seed1/bedroom_v55] 거울 점 290797개 중 inlier 77244 (26.6%) / outlier 213553
  normal=[-0.116 -0.83  -0.545] d=2.977  rms(inlier)=0.0328 m  thr≈0.058 m
[save] D:\Users\dust\Documents\학교\2026년도1학기\컴퓨터비전\실습\FoundationStereo\experiments\ds_v2_seed1/bedroom_v55\mirror_geometry\ransac_inliers.png
[gt] bedroom_v55                  perp 3.75m planRMS 0.0009m  normal [-0.635, 0.125, -0.762]

생성 1, 건너뜀 0 (depth_gt/mask 없음 등)
[ds_v2_seed1/bedroom_v55] feature 184x320  mirror_frac=0.31455502717391304  feat_left=True
rank  signal              AUC    pol  sep     mean_in     mean_out
  1  feat_left_pc1      0.5526   -  0.1026    1.860591    2.167792
  2  delta_argdisp      0.5459   -  0.0695   32.582798   36.647018
  3  post_entropy         0.54   +  0.1065    0.635408    0.603188
  4  post_conf          0.5345   -   0.063    0.716056    0.731278
  5  feat_left_pc2      0.5209   -  0.0404    1.834792    1.945313
  6  delta_entropy      0.5208   +  0.0741   -1.304646    -1.43038
  7  delta_conf         0.5201   -  0.0304    0.312785    0.327751
  8  feat_left_l2       0.5123   +  0.0245   16.858398   16.754607
  9  pre_entropy         0.508   -   0.055    1.940054    2.033568
 10  feat_left_pc3      0.5041   -  0.0121    1.799159    1.832886
 11  pre_conf           0.5029   +  0.0006    0.403271    0.403527
BEST: feat_left_pc1 (AUC=0.5526, polarity=-)
저장: D:\Users\dust\Documents\학교\2026년도1학기\컴퓨터비전\실습\FoundationStereo\experiments\ds_v2_seed1/bedroom_v55\features\report.json / panels.png / mirror_signal.npy
[device] cuda
  [train] epoch 60/300  loss=0.5100
  [train] epoch 120/300  loss=0.3640
  [train] epoch 180/300  loss=0.2720
  [train] epoch 240/300  loss=0.2053
  [train] epoch 300/300  loss=0.1574

[VAL] scene=ds_v2_seed1/bedroom_v55  (pixel 70/30 split)
  AUC      = 0.9890
  IoU@0.5  = 0.8449
  F1@0.5   = 0.9159
  accuracy = 0.9455  (prec=0.8878, rec=0.9458)
  tp=5240 fp=662 fn=300 tn=11462

[save] D:\Users\dust\Documents\학교\2026년도1학기\컴퓨터비전\실습\FoundationStereo\experiments\ds_v2_seed1/bedroom_v55\submodel
  pred_mask.png, panel.png, metrics.json, head.pt
DONE: D:\Users\dust\Documents\학교\2026년도1학기\컴퓨터비전\실습\FoundationStereo\experiments\ds_v2_seed1/bedroom_v55\submodel
[device] cuda
[load] D:\Users\dust\Documents\학교\2026년도1학기\컴퓨터비전\실습\FoundationStereo\experiments\_model\general_head.pt  (train_scenes=['archiviz_baseline080', 'bedroom_baseline080', 'blue_bathroom_baseline080', 'computer_room_baseline080', 'cozy_living_room_baseline080', 'flat-archiviz_baseline080', 'green_house_baseline080', 'gym_baseline080', 'livingroom_baseline080', 'minimal_interior_baseline080', 'scandinavian_baseline080', 'sunlight_baseline080'])

[APPLY] ds_v2_seed1/bedroom_v55  (저장모델로 새 데이터 평가)
  AUC      = 0.8889
  IoU@0.5  = 0.0494
  F1@0.5   = 0.0941
  accuracy = 0.7008  (prec=0.9903, rec=0.0494)
  tp=915 fp=9 fn=17606 tn=40350
[save] D:\Users\dust\Documents\학교\2026년도1학기\컴퓨터비전\실습\FoundationStereo\experiments\ds_v2_seed1/bedroom_v55\submodel_applied  (pred_mask.png, panel.png, metrics.json)

============================================================
STEP: estimate_mirror_plane
============================================================

============================================================
STEP: viz_ransac_inliers
============================================================

============================================================
STEP: make_mirror_gt_from_depth
============================================================

============================================================
STEP: analyze_features
============================================================

============================================================
STEP: submodel_head
============================================================

============================================================
STEP: apply_submodel
============================================================

DONE: D:\Users\dust\Documents\학교\2026년도1학기\컴퓨터비전\실습\FoundationStereo\experiments\ds_v2_seed1/bedroom_v55 (ok)

##### [57/123] ds_v2_seed1/bedroom_v56  (done 2, fail 0, skip 54, elapsed 2m, ETA 60m) #####
[scene] ds_v2_seed1/bedroom_v56  size=1280x720
[select] mirror 점 개수 = 56910  (mask=56910, valid&depth = 891545)
[conf] mirror 영역 평균 confidence = 0.6824

=== 평면 추정 결과 ===
  [PCA (closed form)]
      normal = [+0.8824, -0.2322, -0.4092]
      d = +0.8871   mirror_depth(perp) = 0.8871 m   view_z = 5.9532 m
      n_inliers = 56910/56910   rms_residual = 0.12014 m
  [RANSAC]
      normal = [+0.7954, -0.0506, -0.6039]
      d = +1.9907   mirror_depth(perp) = 1.9907 m   view_z = 5.9532 m
      n_inliers = 24961/56910   rms_residual = 0.01093 m
  [SVD robust (IRLS)]
      normal = [+0.8336, -0.3080, -0.4585]
      d = +1.3170   mirror_depth(perp) = 1.3170 m   view_z = 5.9532 m
      n_inliers = 16370/56910   rms_residual = 0.02080 m

[save] D:\Users\dust\Documents\학교\2026년도1학기\컴퓨터비전\실습\FoundationStereo\experiments\ds_v2_seed1/bedroom_v56\mirror_geometry\result.json
[save] D:\Users\dust\Documents\학교\2026년도1학기\컴퓨터비전\실습\FoundationStereo\experiments\ds_v2_seed1/bedroom_v56\mirror_geometry\plane.txt
[save] D:\Users\dust\Documents\학교\2026년도1학기\컴퓨터비전\실습\FoundationStereo\experiments\ds_v2_seed1/bedroom_v56\mirror_geometry\viz.png

DONE: D:\Users\dust\Documents\학교\2026년도1학기\컴퓨터비전\실습\FoundationStereo\experiments\ds_v2_seed1/bedroom_v56\mirror_geometry
[ds_v2_seed1/bedroom_v56] 거울 점 56910개 중 inlier 24961 (43.9%) / outlier 31949
  normal=[ 0.795 -0.051 -0.604] d=1.991  rms(inlier)=0.0109 m  thr≈0.036 m
[save] D:\Users\dust\Documents\학교\2026년도1학기\컴퓨터비전\실습\FoundationStereo\experiments\ds_v2_seed1/bedroom_v56\mirror_geometry\ransac_inliers.png
[gt] bedroom_v56                  perp 3.92m planRMS 0.0056m  normal [-0.832, 0.068, -0.551]

생성 1, 건너뜀 0 (depth_gt/mask 없음 등)
[ds_v2_seed1/bedroom_v56] feature 184x320  mirror_frac=0.06102241847826087  feat_left=True
rank  signal              AUC    pol  sep     mean_in     mean_out
  1  post_entropy       0.6753   +  0.2966     0.68614     0.60285
  2  post_conf          0.5898   -  0.1608    0.681835     0.71953
  3  feat_left_pc1      0.5844   -  0.0884    2.085351    2.391135
  4  feat_left_l2       0.5786   +  0.1433   17.514368   16.694379
  5  pre_conf           0.5785   -  0.1597    0.359524    0.427479
  6  pre_entropy        0.5525   +  0.0774    2.049839    1.926115
  7  feat_left_pc2      0.5324   +  0.0558    2.088721    1.912559
  8  delta_conf         0.5318   +  0.0665    0.322311    0.292052
  9  delta_entropy      0.5261   -  0.0257   -1.363699   -1.323265
 10  delta_argdisp      0.5202   +  0.0177   36.161425   37.199052
 11  feat_left_pc3      0.5034   +  0.0002    1.824131    1.824619
BEST: post_entropy (AUC=0.6753, polarity=+)
저장: D:\Users\dust\Documents\학교\2026년도1학기\컴퓨터비전\실습\FoundationStereo\experiments\ds_v2_seed1/bedroom_v56\features\report.json / panels.png / mirror_signal.npy
[device] cuda
  [train] epoch 60/300  loss=0.6184
  [train] epoch 120/300  loss=0.4000
  [train] epoch 180/300  loss=0.2757
  [train] epoch 240/300  loss=0.1973
  [train] epoch 300/300  loss=0.1477

[VAL] scene=ds_v2_seed1/bedroom_v56  (pixel 70/30 split)
  AUC      = 0.9882
  IoU@0.5  = 0.5812
  F1@0.5   = 0.7351
  accuracy = 0.9565  (prec=0.6083, rec=0.9286)
  tp=1067 fp=687 fn=82 tn=15828

[save] D:\Users\dust\Documents\학교\2026년도1학기\컴퓨터비전\실습\FoundationStereo\experiments\ds_v2_seed1/bedroom_v56\submodel
  pred_mask.png, panel.png, metrics.json, head.pt
DONE: D:\Users\dust\Documents\학교\2026년도1학기\컴퓨터비전\실습\FoundationStereo\experiments\ds_v2_seed1/bedroom_v56\submodel
[device] cuda
[load] D:\Users\dust\Documents\학교\2026년도1학기\컴퓨터비전\실습\FoundationStereo\experiments\_model\general_head.pt  (train_scenes=['archiviz_baseline080', 'bedroom_baseline080', 'blue_bathroom_baseline080', 'computer_room_baseline080', 'cozy_living_room_baseline080', 'flat-archiviz_baseline080', 'green_house_baseline080', 'gym_baseline080', 'livingroom_baseline080', 'minimal_interior_baseline080', 'scandinavian_baseline080', 'sunlight_baseline080'])

[APPLY] ds_v2_seed1/bedroom_v56  (저장모델로 새 데이터 평가)
  AUC      = 0.8825
  IoU@0.5  = 0.0161
  F1@0.5   = 0.0316
  accuracy = 0.9396  (prec=0.7436, rec=0.0161)
  tp=58 fp=20 fn=3535 tn=55267
[save] D:\Users\dust\Documents\학교\2026년도1학기\컴퓨터비전\실습\FoundationStereo\experiments\ds_v2_seed1/bedroom_v56\submodel_applied  (pred_mask.png, panel.png, metrics.json)

============================================================
STEP: estimate_mirror_plane
============================================================

============================================================
STEP: viz_ransac_inliers
============================================================

============================================================
STEP: make_mirror_gt_from_depth
============================================================

============================================================
STEP: analyze_features
============================================================

============================================================
STEP: submodel_head
============================================================

============================================================
STEP: apply_submodel
============================================================

DONE: D:\Users\dust\Documents\학교\2026년도1학기\컴퓨터비전\실습\FoundationStereo\experiments\ds_v2_seed1/bedroom_v56 (ok)

##### [58/123] ds_v2_seed1/bedroom_v57  (done 3, fail 0, skip 54, elapsed 2m, ETA 48m) #####
[scene] ds_v2_seed1/bedroom_v57  size=1280x720
[select] mirror 점 개수 = 202820  (mask=202820, valid&depth = 893310)
[conf] mirror 영역 평균 confidence = 0.6933

=== 평면 추정 결과 ===
  [PCA (closed form)]
      normal = [+0.0876, -0.9704, -0.2251]
      d = +1.7661   mirror_depth(perp) = 1.7661 m   view_z = 6.2730 m
      n_inliers = 202820/202820   rms_residual = 0.25463 m
  [RANSAC]
      normal = [+0.6650, +0.0590, -0.7445]
      d = +4.5515   mirror_depth(perp) = 4.5515 m   view_z = 6.2730 m
      n_inliers = 63385/202820   rms_residual = 0.00795 m
  [SVD robust (IRLS)]
      normal = [+0.0736, -0.9682, -0.2391]
      d = +1.8746   mirror_depth(perp) = 1.8746 m   view_z = 6.2730 m
      n_inliers = 37308/202820   rms_residual = 0.03119 m

[save] D:\Users\dust\Documents\학교\2026년도1학기\컴퓨터비전\실습\FoundationStereo\experiments\ds_v2_seed1/bedroom_v57\mirror_geometry\result.json
[save] D:\Users\dust\Documents\학교\2026년도1학기\컴퓨터비전\실습\FoundationStereo\experiments\ds_v2_seed1/bedroom_v57\mirror_geometry\plane.txt
[save] D:\Users\dust\Documents\학교\2026년도1학기\컴퓨터비전\실습\FoundationStereo\experiments\ds_v2_seed1/bedroom_v57\mirror_geometry\viz.png

DONE: D:\Users\dust\Documents\학교\2026년도1학기\컴퓨터비전\실습\FoundationStereo\experiments\ds_v2_seed1/bedroom_v57\mirror_geometry
[ds_v2_seed1/bedroom_v57] 거울 점 202820개 중 inlier 63385 (31.3%) / outlier 139435
  normal=[ 0.665  0.059 -0.744] d=4.551  rms(inlier)=0.0080 m  thr≈0.054 m
[save] D:\Users\dust\Documents\학교\2026년도1학기\컴퓨터비전\실습\FoundationStereo\experiments\ds_v2_seed1/bedroom_v57\mirror_geometry\ransac_inliers.png
[gt] bedroom_v57                  perp 3.67m planRMS 0.0024m  normal [-0.746, 0.049, -0.664]

생성 1, 건너뜀 0 (depth_gt/mask 없음 등)
[ds_v2_seed1/bedroom_v57] feature 184x320  mirror_frac=0.2192764945652174  feat_left=True
rank  signal              AUC    pol  sep     mean_in     mean_out
  1  feat_left_pc1      0.6337   -  0.2155    1.898846    2.552314
  2  feat_left_l2       0.6297   +  0.2025   17.636922   16.622001
  3  post_entropy       0.6005   +  0.1651    0.668467    0.616294
  4  post_conf          0.5414   -  0.0764    0.692372    0.711423
  5  delta_entropy      0.5196   +  0.0609   -1.249271   -1.350184
  6  delta_argdisp      0.5195   -  0.0601   34.395864   38.085036
  7  pre_conf           0.5158   -  0.0467    0.400311    0.421033
  8  feat_left_pc2      0.5087   +  0.0415    1.979429    1.855949
  9  feat_left_pc3      0.5085   +   0.013    1.845878      1.8096
 10  pre_entropy        0.5022   -  0.0294    1.917739    1.966479
 11  delta_conf         0.5007   +  0.0034    0.292061    0.290391
BEST: feat_left_pc1 (AUC=0.6337, polarity=-)
저장: D:\Users\dust\Documents\학교\2026년도1학기\컴퓨터비전\실습\FoundationStereo\experiments\ds_v2_seed1/bedroom_v57\features\report.json / panels.png / mirror_signal.npy
[device] cuda
  [train] epoch 60/300  loss=0.5837
  [train] epoch 120/300  loss=0.3995
  [train] epoch 180/300  loss=0.2878
  [train] epoch 240/300  loss=0.2149
  [train] epoch 300/300  loss=0.1676

[VAL] scene=ds_v2_seed1/bedroom_v57  (pixel 70/30 split)
  AUC      = 0.9885
  IoU@0.5  = 0.7968
  F1@0.5   = 0.8869
  accuracy = 0.9465  (prec=0.8330, rec=0.9483)
  tp=3706 fp=743 fn=202 tn=13013

[save] D:\Users\dust\Documents\학교\2026년도1학기\컴퓨터비전\실습\FoundationStereo\experiments\ds_v2_seed1/bedroom_v57\submodel
  pred_mask.png, panel.png, metrics.json, head.pt
DONE: D:\Users\dust\Documents\학교\2026년도1학기\컴퓨터비전\실습\FoundationStereo\experiments\ds_v2_seed1/bedroom_v57\submodel
[device] cuda
[load] D:\Users\dust\Documents\학교\2026년도1학기\컴퓨터비전\실습\FoundationStereo\experiments\_model\general_head.pt  (train_scenes=['archiviz_baseline080', 'bedroom_baseline080', 'blue_bathroom_baseline080', 'computer_room_baseline080', 'cozy_living_room_baseline080', 'flat-archiviz_baseline080', 'green_house_baseline080', 'gym_baseline080', 'livingroom_baseline080', 'minimal_interior_baseline080', 'scandinavian_baseline080', 'sunlight_baseline080'])

[APPLY] ds_v2_seed1/bedroom_v57  (저장모델로 새 데이터 평가)
  AUC      = 0.8147
  IoU@0.5  = 0.0441
  F1@0.5   = 0.0846
  accuracy = 0.7900  (prec=0.9613, rec=0.0442)
  tp=571 fp=23 fn=12340 tn=45946
[save] D:\Users\dust\Documents\학교\2026년도1학기\컴퓨터비전\실습\FoundationStereo\experiments\ds_v2_seed1/bedroom_v57\submodel_applied  (pred_mask.png, panel.png, metrics.json)

============================================================
STEP: estimate_mirror_plane
============================================================

============================================================
STEP: viz_ransac_inliers
============================================================

============================================================
STEP: make_mirror_gt_from_depth
============================================================

============================================================
STEP: analyze_features
============================================================

============================================================
STEP: submodel_head
============================================================

============================================================
STEP: apply_submodel
============================================================

DONE: D:\Users\dust\Documents\학교\2026년도1학기\컴퓨터비전\실습\FoundationStereo\experiments\ds_v2_seed1/bedroom_v57 (ok)

##### [59/123] ds_v2_seed1/bedroom_v58  (done 4, fail 0, skip 54, elapsed 3m, ETA 46m) #####
[scene] ds_v2_seed1/bedroom_v58  size=1280x720
[select] mirror 점 개수 = 361962  (mask=361962, valid&depth = 889363)
[conf] mirror 영역 평균 confidence = 0.7176

=== 평면 추정 결과 ===
  [PCA (closed form)]
      normal = [+0.1293, -0.9291, -0.3465]
      d = +1.9409   mirror_depth(perp) = 1.9409 m   view_z = 5.8971 m
      n_inliers = 361962/361962   rms_residual = 0.23106 m
  [RANSAC]
      normal = [+0.1221, -0.9120, -0.3915]
      d = +2.2283   mirror_depth(perp) = 2.2283 m   view_z = 5.8971 m
      n_inliers = 106973/361962   rms_residual = 0.03204 m
  [SVD robust (IRLS)]
      normal = [+0.1361, -0.9180, -0.3725]
      d = +2.0971   mirror_depth(perp) = 2.0971 m   view_z = 5.8971 m
      n_inliers = 104973/361962   rms_residual = 0.03345 m

[save] D:\Users\dust\Documents\학교\2026년도1학기\컴퓨터비전\실습\FoundationStereo\experiments\ds_v2_seed1/bedroom_v58\mirror_geometry\result.json
[save] D:\Users\dust\Documents\학교\2026년도1학기\컴퓨터비전\실습\FoundationStereo\experiments\ds_v2_seed1/bedroom_v58\mirror_geometry\plane.txt
[save] D:\Users\dust\Documents\학교\2026년도1학기\컴퓨터비전\실습\FoundationStereo\experiments\ds_v2_seed1/bedroom_v58\mirror_geometry\viz.png

DONE: D:\Users\dust\Documents\학교\2026년도1학기\컴퓨터비전\실습\FoundationStereo\experiments\ds_v2_seed1/bedroom_v58\mirror_geometry
[ds_v2_seed1/bedroom_v58] 거울 점 361962개 중 inlier 106973 (29.6%) / outlier 254989
  normal=[ 0.122 -0.912 -0.391] d=2.228  rms(inlier)=0.0320 m  thr≈0.059 m
[save] D:\Users\dust\Documents\학교\2026년도1학기\컴퓨터비전\실습\FoundationStereo\experiments\ds_v2_seed1/bedroom_v58\mirror_geometry\ransac_inliers.png
[gt] bedroom_v58                  perp 3.64m planRMS 0.0009m  normal [-0.622, 0.138, -0.771]

생성 1, 건너뜀 0 (depth_gt/mask 없음 등)
[ds_v2_seed1/bedroom_v58] feature 184x320  mirror_frac=0.39110054347826084  feat_left=True
rank  signal              AUC    pol  sep     mean_in     mean_out
  1  feat_left_pc1      0.5682   -  0.1252    1.846087     2.21873
  2  feat_left_pc2      0.5561   -  0.0982    1.759708    2.017931
  3  delta_entropy      0.5362   +   0.103   -1.285602   -1.461364
  4  delta_argdisp      0.5357   -    0.06   33.875239   37.494924
  5  pre_entropy        0.5298   -   0.094    1.909369    2.068938
  6  feat_left_l2       0.5281   +  0.0377   16.860461   16.687206
  7  pre_conf           0.5221   +  0.0299    0.411528    0.398272
  8  delta_conf         0.5215   -   0.036    0.305814    0.323585
  9  post_entropy       0.5197   +  0.0548    0.623766    0.607574
 10  feat_left_pc3      0.5158   -  0.0252    1.763058    1.833211
 11  post_conf          0.5089   -  0.0183    0.717341    0.721856
BEST: feat_left_pc1 (AUC=0.5682, polarity=-)
저장: D:\Users\dust\Documents\학교\2026년도1학기\컴퓨터비전\실습\FoundationStereo\experiments\ds_v2_seed1/bedroom_v58\features\report.json / panels.png / mirror_signal.npy
[device] cuda
  [train] epoch 60/300  loss=0.4537
  [train] epoch 120/300  loss=0.3296
  [train] epoch 180/300  loss=0.2513
  [train] epoch 240/300  loss=0.1968
  [train] epoch 300/300  loss=0.1591

[VAL] scene=ds_v2_seed1/bedroom_v58  (pixel 70/30 split)
  AUC      = 0.9840
  IoU@0.5  = 0.8507
  F1@0.5   = 0.9194
  accuracy = 0.9355  (prec=0.9032, rec=0.9361)
  tp=6492 fp=696 fn=443 tn=10033

[save] D:\Users\dust\Documents\학교\2026년도1학기\컴퓨터비전\실습\FoundationStereo\experiments\ds_v2_seed1/bedroom_v58\submodel
  pred_mask.png, panel.png, metrics.json, head.pt
DONE: D:\Users\dust\Documents\학교\2026년도1학기\컴퓨터비전\실습\FoundationStereo\experiments\ds_v2_seed1/bedroom_v58\submodel
[device] cuda
[load] D:\Users\dust\Documents\학교\2026년도1학기\컴퓨터비전\실습\FoundationStereo\experiments\_model\general_head.pt  (train_scenes=['archiviz_baseline080', 'bedroom_baseline080', 'blue_bathroom_baseline080', 'computer_room_baseline080', 'cozy_living_room_baseline080', 'flat-archiviz_baseline080', 'green_house_baseline080', 'gym_baseline080', 'livingroom_baseline080', 'minimal_interior_baseline080', 'scandinavian_baseline080', 'sunlight_baseline080'])

[APPLY] ds_v2_seed1/bedroom_v58  (저장모델로 새 데이터 평가)
  AUC      = 0.8330
  IoU@0.5  = 0.0416
  F1@0.5   = 0.0799
  accuracy = 0.6249  (prec=0.9856, rec=0.0416)
  tp=959 fp=14 fn=22069 tn=35838
[save] D:\Users\dust\Documents\학교\2026년도1학기\컴퓨터비전\실습\FoundationStereo\experiments\ds_v2_seed1/bedroom_v58\submodel_applied  (pred_mask.png, panel.png, metrics.json)

============================================================
STEP: estimate_mirror_plane
============================================================

============================================================
STEP: viz_ransac_inliers
============================================================

============================================================
STEP: make_mirror_gt_from_depth
============================================================

============================================================
STEP: analyze_features
============================================================

============================================================
STEP: submodel_head
============================================================

============================================================
STEP: apply_submodel
============================================================

DONE: D:\Users\dust\Documents\학교\2026년도1학기\컴퓨터비전\실습\FoundationStereo\experiments\ds_v2_seed1/bedroom_v58 (ok)

##### [60/123] ds_v2_seed1/bedroom_v59  (done 5, fail 0, skip 54, elapsed 4m, ETA 47m) #####
[scene] ds_v2_seed1/bedroom_v59  size=1280x720
[select] mirror 점 개수 = 245385  (mask=245385, valid&depth = 893934)
[conf] mirror 영역 평균 confidence = 0.6877

=== 평면 추정 결과 ===
  [PCA (closed form)]
      normal = [+0.0848, -0.9799, -0.1806]
      d = +1.6796   mirror_depth(perp) = 1.6796 m   view_z = 6.6329 m
      n_inliers = 245385/245385   rms_residual = 0.24496 m
  [RANSAC]
      normal = [+0.1522, -0.9539, -0.2587]
      d = +2.0151   mirror_depth(perp) = 2.0151 m   view_z = 6.6329 m
      n_inliers = 65127/245385   rms_residual = 0.03211 m
  [SVD robust (IRLS)]
      normal = [+0.1014, -0.9726, -0.2092]
      d = +1.8583   mirror_depth(perp) = 1.8583 m   view_z = 6.6329 m
      n_inliers = 53321/245385   rms_residual = 0.03308 m

[save] D:\Users\dust\Documents\학교\2026년도1학기\컴퓨터비전\실습\FoundationStereo\experiments\ds_v2_seed1/bedroom_v59\mirror_geometry\result.json
[save] D:\Users\dust\Documents\학교\2026년도1학기\컴퓨터비전\실습\FoundationStereo\experiments\ds_v2_seed1/bedroom_v59\mirror_geometry\plane.txt
[save] D:\Users\dust\Documents\학교\2026년도1학기\컴퓨터비전\실습\FoundationStereo\experiments\ds_v2_seed1/bedroom_v59\mirror_geometry\viz.png

DONE: D:\Users\dust\Documents\학교\2026년도1학기\컴퓨터비전\실습\FoundationStereo\experiments\ds_v2_seed1/bedroom_v59\mirror_geometry
[ds_v2_seed1/bedroom_v59] 거울 점 245385개 중 inlier 65127 (26.5%) / outlier 180258
  normal=[ 0.152 -0.954 -0.259] d=2.015  rms(inlier)=0.0321 m  thr≈0.057 m
[save] D:\Users\dust\Documents\학교\2026년도1학기\컴퓨터비전\실습\FoundationStereo\experiments\ds_v2_seed1/bedroom_v59\mirror_geometry\ransac_inliers.png
[gt] bedroom_v59                  perp 3.98m planRMS 0.0028m  normal [-0.63, 0.031, -0.776]

생성 1, 건너뜀 0 (depth_gt/mask 없음 등)
[ds_v2_seed1/bedroom_v59] feature 184x320  mirror_frac=0.2642832880434783  feat_left=True
rank  signal              AUC    pol  sep     mean_in     mean_out
  1  feat_left_pc1      0.6581   -  0.2724    1.827719    2.617064
  2  post_entropy       0.6139   +  0.2006    0.665456     0.60418
  3  feat_left_l2       0.6028   +   0.169   17.476386   16.635737
  4  post_conf          0.5801   -  0.1448    0.688301    0.723759
  5  pre_entropy        0.5312   +  0.0207    1.952015    1.916978
  6  pre_conf           0.5288   -  0.0633    0.404444    0.433267
  7  feat_left_pc2      0.5163   +   0.051    1.970666    1.821075
  8  feat_left_pc3      0.5155   +  0.0349      1.8859    1.784645
  9  delta_argdisp      0.5145   -  0.0375   36.446372    38.82308
 10  delta_entropy      0.5114   -  0.0156   -1.286559   -1.312798
 11  delta_conf         0.5082   -  0.0134    0.283857    0.290492
BEST: feat_left_pc1 (AUC=0.6581, polarity=-)
저장: D:\Users\dust\Documents\학교\2026년도1학기\컴퓨터비전\실습\FoundationStereo\experiments\ds_v2_seed1/bedroom_v59\features\report.json / panels.png / mirror_signal.npy
[device] cuda
  [train] epoch 60/300  loss=0.4833
  [train] epoch 120/300  loss=0.3211
  [train] epoch 180/300  loss=0.2254
  [train] epoch 240/300  loss=0.1646
  [train] epoch 300/300  loss=0.1259

[VAL] scene=ds_v2_seed1/bedroom_v59  (pixel 70/30 split)
  AUC      = 0.9929
  IoU@0.5  = 0.8601
  F1@0.5   = 0.9248
  accuracy = 0.9584  (prec=0.8917, rec=0.9605)
  tp=4520 fp=549 fn=186 tn=12409

[save] D:\Users\dust\Documents\학교\2026년도1학기\컴퓨터비전\실습\FoundationStereo\experiments\ds_v2_seed1/bedroom_v59\submodel
  pred_mask.png, panel.png, metrics.json, head.pt
DONE: D:\Users\dust\Documents\학교\2026년도1학기\컴퓨터비전\실습\FoundationStereo\experiments\ds_v2_seed1/bedroom_v59\submodel
[device] cuda
[load] D:\Users\dust\Documents\학교\2026년도1학기\컴퓨터비전\실습\FoundationStereo\experiments\_model\general_head.pt  (train_scenes=['archiviz_baseline080', 'bedroom_baseline080', 'blue_bathroom_baseline080', 'computer_room_baseline080', 'cozy_living_room_baseline080', 'flat-archiviz_baseline080', 'green_house_baseline080', 'gym_baseline080', 'livingroom_baseline080', 'minimal_interior_baseline080', 'scandinavian_baseline080', 'sunlight_baseline080'])

[APPLY] ds_v2_seed1/bedroom_v59  (저장모델로 새 데이터 평가)
  AUC      = 0.8651
  IoU@0.5  = 0.0870
  F1@0.5   = 0.1601
  accuracy = 0.7580  (prec=0.9686, rec=0.0873)
  tp=1358 fp=44 fn=14203 tn=43275
[save] D:\Users\dust\Documents\학교\2026년도1학기\컴퓨터비전\실습\FoundationStereo\experiments\ds_v2_seed1/bedroom_v59\submodel_applied  (pred_mask.png, panel.png, metrics.json)

============================================================
STEP: estimate_mirror_plane
============================================================

============================================================
STEP: viz_ransac_inliers
============================================================

============================================================
STEP: make_mirror_gt_from_depth
============================================================

============================================================
STEP: analyze_features
============================================================

============================================================
STEP: submodel_head
============================================================

============================================================
STEP: apply_submodel
============================================================

DONE: D:\Users\dust\Documents\학교\2026년도1학기\컴퓨터비전\실습\FoundationStereo\experiments\ds_v2_seed1/bedroom_v59 (ok)

##### [61/123] ds_v2_seed1/bedroom_v60  (done 6, fail 0, skip 54, elapsed 4m, ETA 47m) #####
[scene] ds_v2_seed1/bedroom_v60  size=1280x720
[select] mirror 점 개수 = 51997  (mask=51997, valid&depth = 890022)
[conf] mirror 영역 평균 confidence = 0.7206

=== 평면 추정 결과 ===
  [PCA (closed form)]
      normal = [+0.8626, -0.1915, -0.4683]
      d = +0.9495   mirror_depth(perp) = 0.9495 m   view_z = 5.5460 m
      n_inliers = 51997/51997   rms_residual = 0.07874 m
  [RANSAC]
      normal = [+0.7709, +0.0915, -0.6304]
      d = +1.9705   mirror_depth(perp) = 1.9705 m   view_z = 5.5460 m
      n_inliers = 26274/51997   rms_residual = 0.00672 m
  [SVD robust (IRLS)]
      normal = [+0.8540, -0.2007, -0.4800]
      d = +1.0212   mirror_depth(perp) = 1.0212 m   view_z = 5.5460 m
      n_inliers = 14341/51997   rms_residual = 0.01677 m

[save] D:\Users\dust\Documents\학교\2026년도1학기\컴퓨터비전\실습\FoundationStereo\experiments\ds_v2_seed1/bedroom_v60\mirror_geometry\result.json
[save] D:\Users\dust\Documents\학교\2026년도1학기\컴퓨터비전\실습\FoundationStereo\experiments\ds_v2_seed1/bedroom_v60\mirror_geometry\plane.txt
[save] D:\Users\dust\Documents\학교\2026년도1학기\컴퓨터비전\실습\FoundationStereo\experiments\ds_v2_seed1/bedroom_v60\mirror_geometry\viz.png

DONE: D:\Users\dust\Documents\학교\2026년도1학기\컴퓨터비전\실습\FoundationStereo\experiments\ds_v2_seed1/bedroom_v60\mirror_geometry
[ds_v2_seed1/bedroom_v60] 거울 점 51997개 중 inlier 26274 (50.5%) / outlier 25723
  normal=[ 0.771  0.092 -0.63 ] d=1.971  rms(inlier)=0.0067 m  thr≈0.029 m
[save] D:\Users\dust\Documents\학교\2026년도1학기\컴퓨터비전\실습\FoundationStereo\experiments\ds_v2_seed1/bedroom_v60\mirror_geometry\ransac_inliers.png
[gt] bedroom_v60                  perp 3.69m planRMS 0.0000m  normal [-0.839, 0.166, -0.518]

생성 1, 건너뜀 0 (depth_gt/mask 없음 등)
[ds_v2_seed1/bedroom_v60] feature 184x320  mirror_frac=0.055451766304347824  feat_left=True
rank  signal              AUC    pol  sep     mean_in     mean_out
  1  post_entropy        0.616   +  0.1964    0.651792     0.60068
  2  feat_left_pc2      0.5544   +  0.1071    2.335052    2.026749
  3  delta_entropy      0.5373   +  0.0761    -1.27395   -1.386171
  4  delta_argdisp      0.5363   -   0.095   32.327718   37.621307
  5  feat_left_pc3      0.5304   -  0.0394    1.674889    1.784537
  6  pre_conf           0.5214   -  0.0666    0.379262     0.40538
  7  delta_conf         0.5197   +  0.0518    0.340686    0.317517
  8  pre_entropy        0.5178   -  0.0415    1.925742    1.986851
  9  post_conf          0.5106   -  0.0125    0.719948    0.722897
 10  feat_left_l2       0.5048   +  0.0936   17.343901   16.773678
 11  feat_left_pc1       0.503   -  0.0539    2.378245    2.178512
BEST: post_entropy (AUC=0.616, polarity=+)
저장: D:\Users\dust\Documents\학교\2026년도1학기\컴퓨터비전\실습\FoundationStereo\experiments\ds_v2_seed1/bedroom_v60\features\report.json / panels.png / mirror_signal.npy
[device] cuda
  [train] epoch 60/300  loss=0.6223
  [train] epoch 120/300  loss=0.3908
  [train] epoch 180/300  loss=0.2655
  [train] epoch 240/300  loss=0.1880
  [train] epoch 300/300  loss=0.1383

[VAL] scene=ds_v2_seed1/bedroom_v60  (pixel 70/30 split)
  AUC      = 0.9910
  IoU@0.5  = 0.5650
  F1@0.5   = 0.7221
  accuracy = 0.9589  (prec=0.5843, rec=0.9449)
  tp=943 fp=671 fn=55 tn=15995

[save] D:\Users\dust\Documents\학교\2026년도1학기\컴퓨터비전\실습\FoundationStereo\experiments\ds_v2_seed1/bedroom_v60\submodel
  pred_mask.png, panel.png, metrics.json, head.pt
DONE: D:\Users\dust\Documents\학교\2026년도1학기\컴퓨터비전\실습\FoundationStereo\experiments\ds_v2_seed1/bedroom_v60\submodel
[device] cuda
[load] D:\Users\dust\Documents\학교\2026년도1학기\컴퓨터비전\실습\FoundationStereo\experiments\_model\general_head.pt  (train_scenes=['archiviz_baseline080', 'bedroom_baseline080', 'blue_bathroom_baseline080', 'computer_room_baseline080', 'cozy_living_room_baseline080', 'flat-archiviz_baseline080', 'green_house_baseline080', 'gym_baseline080', 'livingroom_baseline080', 'minimal_interior_baseline080', 'scandinavian_baseline080', 'sunlight_baseline080'])

[APPLY] ds_v2_seed1/bedroom_v60  (저장모델로 새 데이터 평가)
  AUC      = 0.9096
  IoU@0.5  = 0.0113
  F1@0.5   = 0.0223
  accuracy = 0.9449  (prec=0.6727, rec=0.0113)
  tp=37 fp=18 fn=3228 tn=55597
[save] D:\Users\dust\Documents\학교\2026년도1학기\컴퓨터비전\실습\FoundationStereo\experiments\ds_v2_seed1/bedroom_v60\submodel_applied  (pred_mask.png, panel.png, metrics.json)

============================================================
STEP: estimate_mirror_plane
============================================================

============================================================
STEP: viz_ransac_inliers
============================================================

============================================================
STEP: make_mirror_gt_from_depth
============================================================

============================================================
STEP: analyze_features
============================================================

============================================================
STEP: submodel_head
============================================================

============================================================
STEP: apply_submodel
============================================================

DONE: D:\Users\dust\Documents\학교\2026년도1학기\컴퓨터비전\실습\FoundationStereo\experiments\ds_v2_seed1/bedroom_v60 (ok)

##### [62/123] ds_v2_seed1/bedroom_v61  (done 7, fail 0, skip 54, elapsed 5m, ETA 43m) #####
[scene] ds_v2_seed1/bedroom_v61  size=1280x720
[select] mirror 점 개수 = 71681  (mask=71681, valid&depth = 890891)
[conf] mirror 영역 평균 confidence = 0.7053

=== 평면 추정 결과 ===
  [PCA (closed form)]
      normal = [+0.9040, -0.1920, -0.3821]
      d = +0.6844   mirror_depth(perp) = 0.6844 m   view_z = 5.8958 m
      n_inliers = 71681/71681   rms_residual = 0.15035 m
  [RANSAC]
      normal = [+0.6413, +0.0490, -0.7657]
      d = +3.1682   mirror_depth(perp) = 3.1682 m   view_z = 5.8958 m
      n_inliers = 23930/71681   rms_residual = 0.00850 m
  [SVD robust (IRLS)]
      normal = [+0.8060, -0.3529, -0.4753]
      d = +1.4956   mirror_depth(perp) = 1.4956 m   view_z = 5.8958 m
      n_inliers = 16811/71681   rms_residual = 0.02200 m

[save] D:\Users\dust\Documents\학교\2026년도1학기\컴퓨터비전\실습\FoundationStereo\experiments\ds_v2_seed1/bedroom_v61\mirror_geometry\result.json
[save] D:\Users\dust\Documents\학교\2026년도1학기\컴퓨터비전\실습\FoundationStereo\experiments\ds_v2_seed1/bedroom_v61\mirror_geometry\plane.txt
[save] D:\Users\dust\Documents\학교\2026년도1학기\컴퓨터비전\실습\FoundationStereo\experiments\ds_v2_seed1/bedroom_v61\mirror_geometry\viz.png

DONE: D:\Users\dust\Documents\학교\2026년도1학기\컴퓨터비전\실습\FoundationStereo\experiments\ds_v2_seed1/bedroom_v61\mirror_geometry
[ds_v2_seed1/bedroom_v61] 거울 점 71681개 중 inlier 23930 (33.4%) / outlier 47751
  normal=[ 0.641  0.049 -0.766] d=3.168  rms(inlier)=0.0085 m  thr≈0.038 m
[save] D:\Users\dust\Documents\학교\2026년도1학기\컴퓨터비전\실습\FoundationStereo\experiments\ds_v2_seed1/bedroom_v61\mirror_geometry\ransac_inliers.png
[gt] bedroom_v61                  perp 3.88m planRMS 0.0036m  normal [-0.814, 0.078, -0.576]

생성 1, 건너뜀 0 (depth_gt/mask 없음 등)
[ds_v2_seed1/bedroom_v61] feature 184x320  mirror_frac=0.07747961956521739  feat_left=True
rank  signal              AUC    pol  sep     mean_in     mean_out
  1  post_entropy       0.6102   +  0.2074    0.677709    0.612269
  2  feat_left_pc1      0.5948   -  0.1159    2.030537     2.41457
  3  feat_left_l2       0.5906   +  0.1663   17.695651   16.751683
  4  pre_conf           0.5515   -   0.111    0.382161    0.430448
  5  delta_conf         0.5447   +   0.088    0.321587    0.279824
  6  feat_left_pc2      0.5234   +  0.0679    2.127011    1.906206
  7  pre_entropy        0.5222   +  0.0247     1.94723    1.907466
  8  post_conf          0.5112   -  0.0272    0.703749    0.710272
  9  delta_argdisp      0.5046   -  0.0545   34.336256   37.499245
 10  feat_left_pc3      0.5036   +  0.0032    1.824684    1.815748
 11  delta_entropy      0.5005   -  0.0161   -1.269521   -1.295197
BEST: post_entropy (AUC=0.6102, polarity=+)
저장: D:\Users\dust\Documents\학교\2026년도1학기\컴퓨터비전\실습\FoundationStereo\experiments\ds_v2_seed1/bedroom_v61\features\report.json / panels.png / mirror_signal.npy
[device] cuda
  [train] epoch 60/300  loss=0.6208
  [train] epoch 120/300  loss=0.3989
  [train] epoch 180/300  loss=0.2716
  [train] epoch 240/300  loss=0.1914
  [train] epoch 300/300  loss=0.1403

[VAL] scene=ds_v2_seed1/bedroom_v61  (pixel 70/30 split)
  AUC      = 0.9893
  IoU@0.5  = 0.6554
  F1@0.5   = 0.7918
  accuracy = 0.9608  (prec=0.6908, rec=0.9275)
  tp=1318 fp=590 fn=103 tn=15653

[save] D:\Users\dust\Documents\학교\2026년도1학기\컴퓨터비전\실습\FoundationStereo\experiments\ds_v2_seed1/bedroom_v61\submodel
  pred_mask.png, panel.png, metrics.json, head.pt
DONE: D:\Users\dust\Documents\학교\2026년도1학기\컴퓨터비전\실습\FoundationStereo\experiments\ds_v2_seed1/bedroom_v61\submodel
[device] cuda
[load] D:\Users\dust\Documents\학교\2026년도1학기\컴퓨터비전\실습\FoundationStereo\experiments\_model\general_head.pt  (train_scenes=['archiviz_baseline080', 'bedroom_baseline080', 'blue_bathroom_baseline080', 'computer_room_baseline080', 'cozy_living_room_baseline080', 'flat-archiviz_baseline080', 'green_house_baseline080', 'gym_baseline080', 'livingroom_baseline080', 'minimal_interior_baseline080', 'scandinavian_baseline080', 'sunlight_baseline080'])

[APPLY] ds_v2_seed1/bedroom_v61  (저장모델로 새 데이터 평가)
  AUC      = 0.8780
  IoU@0.5  = 0.0186
  F1@0.5   = 0.0365
  accuracy = 0.9237  (prec=0.8500, rec=0.0186)
  tp=85 fp=15 fn=4477 tn=54303
[save] D:\Users\dust\Documents\학교\2026년도1학기\컴퓨터비전\실습\FoundationStereo\experiments\ds_v2_seed1/bedroom_v61\submodel_applied  (pred_mask.png, panel.png, metrics.json)

============================================================
STEP: estimate_mirror_plane
============================================================

============================================================
STEP: viz_ransac_inliers
============================================================

============================================================
STEP: make_mirror_gt_from_depth
============================================================

============================================================
STEP: analyze_features
============================================================

============================================================
STEP: submodel_head
============================================================

============================================================
STEP: apply_submodel
============================================================

DONE: D:\Users\dust\Documents\학교\2026년도1학기\컴퓨터비전\실습\FoundationStereo\experiments\ds_v2_seed1/bedroom_v61 (ok)

##### [63/123] ds_v2_seed1/bedroom_v62  (done 8, fail 0, skip 54, elapsed 5m, ETA 40m) #####
[scene] ds_v2_seed1/bedroom_v62  size=1280x720
[select] mirror 점 개수 = 190960  (mask=190960, valid&depth = 888993)
[conf] mirror 영역 평균 confidence = 0.7086

=== 평면 추정 결과 ===
  [PCA (closed form)]
      normal = [+0.2633, -0.8719, -0.4129]
      d = +1.9918   mirror_depth(perp) = 1.9918 m   view_z = 6.0080 m
      n_inliers = 190960/190960   rms_residual = 0.23171 m
  [RANSAC]
      normal = [+0.6809, +0.1233, -0.7219]
      d = +4.1493   mirror_depth(perp) = 4.1493 m   view_z = 6.0080 m
      n_inliers = 57767/190960   rms_residual = 0.00902 m
  [SVD robust (IRLS)]
      normal = [+0.2460, -0.8725, -0.4222]
      d = +2.0752   mirror_depth(perp) = 2.0752 m   view_z = 6.0080 m
      n_inliers = 36086/190960   rms_residual = 0.02867 m

[save] D:\Users\dust\Documents\학교\2026년도1학기\컴퓨터비전\실습\FoundationStereo\experiments\ds_v2_seed1/bedroom_v62\mirror_geometry\result.json
[save] D:\Users\dust\Documents\학교\2026년도1학기\컴퓨터비전\실습\FoundationStereo\experiments\ds_v2_seed1/bedroom_v62\mirror_geometry\plane.txt
[save] D:\Users\dust\Documents\학교\2026년도1학기\컴퓨터비전\실습\FoundationStereo\experiments\ds_v2_seed1/bedroom_v62\mirror_geometry\viz.png

DONE: D:\Users\dust\Documents\학교\2026년도1학기\컴퓨터비전\실습\FoundationStereo\experiments\ds_v2_seed1/bedroom_v62\mirror_geometry
[ds_v2_seed1/bedroom_v62] 거울 점 190960개 중 inlier 57767 (30.3%) / outlier 133193
  normal=[ 0.681  0.123 -0.722] d=4.149  rms(inlier)=0.0090 m  thr≈0.051 m
[save] D:\Users\dust\Documents\학교\2026년도1학기\컴퓨터비전\실습\FoundationStereo\experiments\ds_v2_seed1/bedroom_v62\mirror_geometry\ransac_inliers.png
[gt] bedroom_v62                  perp 3.80m planRMS 0.0008m  normal [-0.734, 0.128, -0.667]

생성 1, 건너뜀 0 (depth_gt/mask 없음 등)
[ds_v2_seed1/bedroom_v62] feature 184x320  mirror_frac=0.2059952445652174  feat_left=True
rank  signal              AUC    pol  sep     mean_in     mean_out
  1  post_entropy       0.5728   +  0.1446     0.64691    0.604486
  2  feat_left_pc1      0.5634   -  0.1032    1.896586    2.216329
  3  delta_entropy      0.5616   +  0.1371   -1.214179   -1.440608
  4  feat_left_l2       0.5577   +  0.0969   17.167463   16.743968
  5  pre_entropy        0.5464   -   0.111     1.86109    2.045094
  6  delta_conf         0.5407   -  0.0692    0.290404    0.323789
  7  delta_argdisp      0.5383   -  0.0642   32.235798   35.977519
  8  pre_conf           0.5307   +  0.0461    0.417696    0.397353
  9  feat_left_pc3      0.5277   -  0.0505    1.712461    1.849486
 10  post_conf          0.5275   -  0.0526      0.7081    0.721142
 11  feat_left_pc2      0.5089   -  0.0176    1.884579    1.931867
BEST: post_entropy (AUC=0.5728, polarity=+)
저장: D:\Users\dust\Documents\학교\2026년도1학기\컴퓨터비전\실습\FoundationStereo\experiments\ds_v2_seed1/bedroom_v62\features\report.json / panels.png / mirror_signal.npy
[device] cuda
  [train] epoch 60/300  loss=0.5757
  [train] epoch 120/300  loss=0.3961
  [train] epoch 180/300  loss=0.2936
  [train] epoch 240/300  loss=0.2213
  [train] epoch 300/300  loss=0.1701

[VAL] scene=ds_v2_seed1/bedroom_v62  (pixel 70/30 split)
  AUC      = 0.9875
  IoU@0.5  = 0.7799
  F1@0.5   = 0.8764
  accuracy = 0.9447  (prec=0.8156, rec=0.9469)
  tp=3459 fp=782 fn=194 tn=13229

[save] D:\Users\dust\Documents\학교\2026년도1학기\컴퓨터비전\실습\FoundationStereo\experiments\ds_v2_seed1/bedroom_v62\submodel
  pred_mask.png, panel.png, metrics.json, head.pt
DONE: D:\Users\dust\Documents\학교\2026년도1학기\컴퓨터비전\실습\FoundationStereo\experiments\ds_v2_seed1/bedroom_v62\submodel
[device] cuda
[load] D:\Users\dust\Documents\학교\2026년도1학기\컴퓨터비전\실습\FoundationStereo\experiments\_model\general_head.pt  (train_scenes=['archiviz_baseline080', 'bedroom_baseline080', 'blue_bathroom_baseline080', 'computer_room_baseline080', 'cozy_living_room_baseline080', 'flat-archiviz_baseline080', 'green_house_baseline080', 'gym_baseline080', 'livingroom_baseline080', 'minimal_interior_baseline080', 'scandinavian_baseline080', 'sunlight_baseline080'])

[APPLY] ds_v2_seed1/bedroom_v62  (저장모델로 새 데이터 평가)
  AUC      = 0.8802
  IoU@0.5  = 0.0482
  F1@0.5   = 0.0920
  accuracy = 0.8038  (prec=0.9848, rec=0.0482)
  tp=585 fp=9 fn=11544 tn=46742
[save] D:\Users\dust\Documents\학교\2026년도1학기\컴퓨터비전\실습\FoundationStereo\experiments\ds_v2_seed1/bedroom_v62\submodel_applied  (pred_mask.png, panel.png, metrics.json)

============================================================
STEP: estimate_mirror_plane
============================================================

============================================================
STEP: viz_ransac_inliers
============================================================

============================================================
STEP: make_mirror_gt_from_depth
============================================================

============================================================
STEP: analyze_features
============================================================

============================================================
STEP: submodel_head
============================================================

============================================================
STEP: apply_submodel
============================================================

DONE: D:\Users\dust\Documents\학교\2026년도1학기\컴퓨터비전\실습\FoundationStereo\experiments\ds_v2_seed1/bedroom_v62 (ok)

##### [64/123] ds_v2_seed1/bedroom_v63  (done 9, fail 0, skip 54, elapsed 6m, ETA 39m) #####
[scene] ds_v2_seed1/bedroom_v63  size=1280x720
[select] mirror 점 개수 = 342173  (mask=342173, valid&depth = 888304)
[conf] mirror 영역 평균 confidence = 0.6880

=== 평면 추정 결과 ===
  [PCA (closed form)]
      normal = [+0.1400, -0.9228, -0.3591]
      d = +1.9778   mirror_depth(perp) = 1.9778 m   view_z = 6.4269 m
      n_inliers = 342173/342173   rms_residual = 0.25441 m
  [RANSAC]
      normal = [+0.2681, -0.8775, -0.3975]
      d = +2.1034   mirror_depth(perp) = 2.1034 m   view_z = 6.4269 m
      n_inliers = 95732/342173   rms_residual = 0.03376 m
  [SVD robust (IRLS)]
      normal = [+0.1518, -0.9129, -0.3790]
      d = +2.1146   mirror_depth(perp) = 2.1146 m   view_z = 6.4269 m
      n_inliers = 89305/342173   rms_residual = 0.03561 m

[save] D:\Users\dust\Documents\학교\2026년도1학기\컴퓨터비전\실습\FoundationStereo\experiments\ds_v2_seed1/bedroom_v63\mirror_geometry\result.json
[save] D:\Users\dust\Documents\학교\2026년도1학기\컴퓨터비전\실습\FoundationStereo\experiments\ds_v2_seed1/bedroom_v63\mirror_geometry\plane.txt
[save] D:\Users\dust\Documents\학교\2026년도1학기\컴퓨터비전\실습\FoundationStereo\experiments\ds_v2_seed1/bedroom_v63\mirror_geometry\viz.png

DONE: D:\Users\dust\Documents\학교\2026년도1학기\컴퓨터비전\실습\FoundationStereo\experiments\ds_v2_seed1/bedroom_v63\mirror_geometry
[ds_v2_seed1/bedroom_v63] 거울 점 342173개 중 inlier 95732 (28.0%) / outlier 246441
  normal=[ 0.268 -0.878 -0.398] d=2.103  rms(inlier)=0.0338 m  thr≈0.062 m
[save] D:\Users\dust\Documents\학교\2026년도1학기\컴퓨터비전\실습\FoundationStereo\experiments\ds_v2_seed1/bedroom_v63\mirror_geometry\ransac_inliers.png
[gt] bedroom_v63                  perp 3.95m planRMS 0.0009m  normal [-0.549, 0.135, -0.825]

생성 1, 건너뜀 0 (depth_gt/mask 없음 등)
[ds_v2_seed1/bedroom_v63] feature 184x320  mirror_frac=0.3713994565217391  feat_left=True
rank  signal              AUC    pol  sep     mean_in     mean_out
  1  delta_entropy      0.5596   +  0.1473   -1.256895   -1.506282
  2  feat_left_pc1       0.558   -  0.1033    1.854666    2.165577
  3  post_entropy       0.5574   +  0.1447    0.665347    0.625232
  4  delta_conf         0.5501   -  0.0847    0.277941    0.319292
  5  feat_left_l2       0.5467   +  0.0749    16.91187   16.577434
  6  pre_entropy        0.5434   -  0.1237    1.922242    2.131514
  7  post_conf          0.5432   -  0.0819     0.68748    0.706984
  8  delta_argdisp      0.5368   -  0.0539   35.717532   39.024046
  9  pre_conf           0.5322   +  0.0502    0.409539    0.387693
 10  feat_left_pc2      0.5202   -  0.0352    1.798021    1.892669
 11  feat_left_pc3      0.5113   -  0.0133    1.777436    1.813234
BEST: delta_entropy (AUC=0.5596, polarity=+)
저장: D:\Users\dust\Documents\학교\2026년도1학기\컴퓨터비전\실습\FoundationStereo\experiments\ds_v2_seed1/bedroom_v63\features\report.json / panels.png / mirror_signal.npy
[device] cuda
  [train] epoch 60/300  loss=0.4494
  [train] epoch 120/300  loss=0.3132
  [train] epoch 180/300  loss=0.2332
  [train] epoch 240/300  loss=0.1781
  [train] epoch 300/300  loss=0.1396

[VAL] scene=ds_v2_seed1/bedroom_v63  (pixel 70/30 split)
  AUC      = 0.9886
  IoU@0.5  = 0.8602
  F1@0.5   = 0.9248
  accuracy = 0.9438  (prec=0.9060, rec=0.9445)
  tp=6104 fp=633 fn=359 tn=10568

[save] D:\Users\dust\Documents\학교\2026년도1학기\컴퓨터비전\실습\FoundationStereo\experiments\ds_v2_seed1/bedroom_v63\submodel
  pred_mask.png, panel.png, metrics.json, head.pt
DONE: D:\Users\dust\Documents\학교\2026년도1학기\컴퓨터비전\실습\FoundationStereo\experiments\ds_v2_seed1/bedroom_v63\submodel
[device] cuda
[load] D:\Users\dust\Documents\학교\2026년도1학기\컴퓨터비전\실습\FoundationStereo\experiments\_model\general_head.pt  (train_scenes=['archiviz_baseline080', 'bedroom_baseline080', 'blue_bathroom_baseline080', 'computer_room_baseline080', 'cozy_living_room_baseline080', 'flat-archiviz_baseline080', 'green_house_baseline080', 'gym_baseline080', 'livingroom_baseline080', 'minimal_interior_baseline080', 'scandinavian_baseline080', 'sunlight_baseline080'])

[APPLY] ds_v2_seed1/bedroom_v63  (저장모델로 새 데이터 평가)
  AUC      = 0.9017
  IoU@0.5  = 0.0967
  F1@0.5   = 0.1764
  accuracy = 0.6642  (prec=0.9911, rec=0.0968)
  tp=2117 fp=19 fn=19751 tn=36993
[save] D:\Users\dust\Documents\학교\2026년도1학기\컴퓨터비전\실습\FoundationStereo\experiments\ds_v2_seed1/bedroom_v63\submodel_applied  (pred_mask.png, panel.png, metrics.json)

============================================================
STEP: estimate_mirror_plane
============================================================

============================================================
STEP: viz_ransac_inliers
============================================================

============================================================
STEP: make_mirror_gt_from_depth
============================================================

============================================================
STEP: analyze_features
============================================================

============================================================
STEP: submodel_head
============================================================

============================================================
STEP: apply_submodel
============================================================

DONE: D:\Users\dust\Documents\학교\2026년도1학기\컴퓨터비전\실습\FoundationStereo\experiments\ds_v2_seed1/bedroom_v63 (ok)

##### [91/123] ds_v2_seed1/blue_bathroom_v26  (done 10, fail 0, skip 80, elapsed 7m, ETA 22m) #####
[scene] ds_v2_seed1/blue_bathroom_v26  size=1280x720
[select] mirror 점 개수 = 147052  (mask=147052, valid&depth = 866246)
[conf] mirror 영역 평균 confidence = 0.7035

=== 평면 추정 결과 ===
  [PCA (closed form)]
      normal = [+0.9241, -0.1469, -0.3529]
      d = +1.4207   mirror_depth(perp) = 1.4207 m   view_z = 7.2699 m
      n_inliers = 147052/147052   rms_residual = 0.16942 m
  [RANSAC]
      normal = [+0.9414, +0.0350, -0.3354]
      d = +1.4643   mirror_depth(perp) = 1.4643 m   view_z = 7.2699 m
      n_inliers = 72596/147052   rms_residual = 0.02788 m
  [SVD robust (IRLS)]
      normal = [+0.9230, -0.1434, -0.3572]
      d = +1.4690   mirror_depth(perp) = 1.4690 m   view_z = 7.2699 m
      n_inliers = 48781/147052   rms_residual = 0.03815 m

[save] D:\Users\dust\Documents\학교\2026년도1학기\컴퓨터비전\실습\FoundationStereo\experiments\ds_v2_seed1/blue_bathroom_v26\mirror_geometry\result.json
[save] D:\Users\dust\Documents\학교\2026년도1학기\컴퓨터비전\실습\FoundationStereo\experiments\ds_v2_seed1/blue_bathroom_v26\mirror_geometry\plane.txt
[save] D:\Users\dust\Documents\학교\2026년도1학기\컴퓨터비전\실습\FoundationStereo\experiments\ds_v2_seed1/blue_bathroom_v26\mirror_geometry\viz.png

DONE: D:\Users\dust\Documents\학교\2026년도1학기\컴퓨터비전\실습\FoundationStereo\experiments\ds_v2_seed1/blue_bathroom_v26\mirror_geometry
[ds_v2_seed1/blue_bathroom_v26] 거울 점 147052개 중 inlier 72596 (49.4%) / outlier 74456
  normal=[ 0.941  0.035 -0.335] d=1.464  rms(inlier)=0.0279 m  thr≈0.069 m
[save] D:\Users\dust\Documents\학교\2026년도1학기\컴퓨터비전\실습\FoundationStereo\experiments\ds_v2_seed1/blue_bathroom_v26\mirror_geometry\ransac_inliers.png
[gt] blue_bathroom_v26            perp 5.01m planRMS 0.0034m  normal [-0.336, 0.133, -0.932]

생성 1, 건너뜀 0 (depth_gt/mask 없음 등)
[ds_v2_seed1/blue_bathroom_v26] feature 184x320  mirror_frac=0.15986752717391303  feat_left=True
rank  signal              AUC    pol  sep     mean_in     mean_out
  1  post_entropy       0.6518   -  0.2745    0.670279    0.764675
  2  feat_left_pc1      0.6342   -  0.2797    1.754664    2.647117
  3  feat_left_l2       0.6249   +  0.1813   17.342386   16.356149
  4  delta_argdisp      0.5971   -  0.1385   33.602783   41.875068
  5  post_conf          0.5909   +  0.1645    0.703874    0.665053
  6  feat_left_pc3      0.5462   -  0.1241    1.411223    1.755493
  7  pre_entropy        0.5417   -    0.12    1.805586    1.991705
  8  pre_conf           0.5305   +  0.0629    0.423289    0.397245
  9  delta_conf         0.5183   +  0.0275    0.280585    0.267808
 10  delta_entropy      0.5105   +  0.0589   -1.135307    -1.22703
 11  feat_left_pc2      0.5043   -  0.0161    1.930191    1.879692
BEST: post_entropy (AUC=0.6518, polarity=-)
저장: D:\Users\dust\Documents\학교\2026년도1학기\컴퓨터비전\실습\FoundationStereo\experiments\ds_v2_seed1/blue_bathroom_v26\features\report.json / panels.png / mirror_signal.npy
[device] cuda
  [train] epoch 60/300  loss=0.5687
  [train] epoch 120/300  loss=0.3903
  [train] epoch 180/300  loss=0.2786
  [train] epoch 240/300  loss=0.1967
  [train] epoch 300/300  loss=0.1411

[VAL] scene=ds_v2_seed1/blue_bathroom_v26  (pixel 70/30 split)
  AUC      = 0.9939
  IoU@0.5  = 0.7978
  F1@0.5   = 0.8875
  accuracy = 0.9613  (prec=0.8174, rec=0.9709)
  tp=2699 fp=603 fn=81 tn=14281

[save] D:\Users\dust\Documents\학교\2026년도1학기\컴퓨터비전\실습\FoundationStereo\experiments\ds_v2_seed1/blue_bathroom_v26\submodel
  pred_mask.png, panel.png, metrics.json, head.pt
DONE: D:\Users\dust\Documents\학교\2026년도1학기\컴퓨터비전\실습\FoundationStereo\experiments\ds_v2_seed1/blue_bathroom_v26\submodel
[device] cuda
[load] D:\Users\dust\Documents\학교\2026년도1학기\컴퓨터비전\실습\FoundationStereo\experiments\_model\general_head.pt  (train_scenes=['archiviz_baseline080', 'bedroom_baseline080', 'blue_bathroom_baseline080', 'computer_room_baseline080', 'cozy_living_room_baseline080', 'flat-archiviz_baseline080', 'green_house_baseline080', 'gym_baseline080', 'livingroom_baseline080', 'minimal_interior_baseline080', 'scandinavian_baseline080', 'sunlight_baseline080'])

[APPLY] ds_v2_seed1/blue_bathroom_v26  (저장모델로 새 데이터 평가)
  AUC      = 0.9738
  IoU@0.5  = 0.3581
  F1@0.5   = 0.5274
  accuracy = 0.8969  (prec=0.9860, rec=0.3599)
  tp=3388 fp=48 fn=6025 tn=49419
[save] D:\Users\dust\Documents\학교\2026년도1학기\컴퓨터비전\실습\FoundationStereo\experiments\ds_v2_seed1/blue_bathroom_v26\submodel_applied  (pred_mask.png, panel.png, metrics.json)

============================================================
STEP: estimate_mirror_plane
============================================================

============================================================
STEP: viz_ransac_inliers
============================================================

============================================================
STEP: make_mirror_gt_from_depth
============================================================

============================================================
STEP: analyze_features
============================================================

============================================================
STEP: submodel_head
============================================================

============================================================
STEP: apply_submodel
============================================================

DONE: D:\Users\dust\Documents\학교\2026년도1학기\컴퓨터비전\실습\FoundationStereo\experiments\ds_v2_seed1/blue_bathroom_v26 (ok)

##### [92/123] ds_v2_seed1/blue_bathroom_v27  (done 11, fail 0, skip 80, elapsed 7m, ETA 21m) #####
[scene] ds_v2_seed1/blue_bathroom_v27  size=1280x720
[select] mirror 점 개수 = 90430  (mask=90430, valid&depth = 867442)
[conf] mirror 영역 평균 confidence = 0.7113

=== 평면 추정 결과 ===
  [PCA (closed form)]
      normal = [+0.8796, -0.3302, -0.3425]
      d = +1.4244   mirror_depth(perp) = 1.4244 m   view_z = 7.2090 m
      n_inliers = 90430/90430   rms_residual = 0.17929 m
  [RANSAC]
      normal = [+0.9535, +0.0333, -0.2994]
      d = +1.5409   mirror_depth(perp) = 1.5409 m   view_z = 7.2090 m
      n_inliers = 31501/90430   rms_residual = 0.02985 m
  [SVD robust (IRLS)]
      normal = [+0.8664, -0.3573, -0.3489]
      d = +1.4534   mirror_depth(perp) = 1.4534 m   view_z = 7.2090 m
      n_inliers = 30687/90430   rms_residual = 0.03871 m

[save] D:\Users\dust\Documents\학교\2026년도1학기\컴퓨터비전\실습\FoundationStereo\experiments\ds_v2_seed1/blue_bathroom_v27\mirror_geometry\result.json
[save] D:\Users\dust\Documents\학교\2026년도1학기\컴퓨터비전\실습\FoundationStereo\experiments\ds_v2_seed1/blue_bathroom_v27\mirror_geometry\plane.txt
[save] D:\Users\dust\Documents\학교\2026년도1학기\컴퓨터비전\실습\FoundationStereo\experiments\ds_v2_seed1/blue_bathroom_v27\mirror_geometry\viz.png

DONE: D:\Users\dust\Documents\학교\2026년도1학기\컴퓨터비전\실습\FoundationStereo\experiments\ds_v2_seed1/blue_bathroom_v27\mirror_geometry
[ds_v2_seed1/blue_bathroom_v27] 거울 점 90430개 중 inlier 31501 (34.8%) / outlier 58929
  normal=[ 0.954  0.033 -0.299] d=1.541  rms(inlier)=0.0298 m  thr≈0.069 m
[save] D:\Users\dust\Documents\학교\2026년도1학기\컴퓨터비전\실습\FoundationStereo\experiments\ds_v2_seed1/blue_bathroom_v27\mirror_geometry\ransac_inliers.png
[gt] blue_bathroom_v27            perp 5.10m planRMS 0.0000m  normal [-0.274, 0.241, -0.931]

생성 1, 건너뜀 0 (depth_gt/mask 없음 등)
[ds_v2_seed1/blue_bathroom_v27] feature 184x320  mirror_frac=0.09881114130434783  feat_left=True
rank  signal              AUC    pol  sep     mean_in     mean_out
  1  feat_left_pc1        0.64   -  0.2503    1.885481    2.682767
  2  feat_left_l2       0.6255   +  0.1898   17.498465   16.476835
  3  post_entropy       0.6023   -  0.1887    0.663694    0.736963
  4  delta_argdisp      0.6008   -  0.1489   33.286525   42.126569
  5  post_conf          0.5964   +  0.1742    0.711212      0.6677
  6  pre_entropy        0.5724   -  0.1615    1.764621    2.014542
  7  pre_conf           0.5557   +  0.1025    0.436829    0.394235
  8  delta_entropy      0.5469   +  0.1123   -1.100927   -1.277579
  9  feat_left_pc2      0.5179   +  0.0621    2.028998    1.832564
 10  feat_left_pc3      0.5119   -  0.0584    1.442536    1.598665
 11  delta_conf         0.5056   +  0.0019    0.274383    0.273465
BEST: feat_left_pc1 (AUC=0.64, polarity=-)
저장: D:\Users\dust\Documents\학교\2026년도1학기\컴퓨터비전\실습\FoundationStereo\experiments\ds_v2_seed1/blue_bathroom_v27\features\report.json / panels.png / mirror_signal.npy
[device] cuda
  [train] epoch 60/300  loss=0.5800
  [train] epoch 120/300  loss=0.3771
  [train] epoch 180/300  loss=0.2590
  [train] epoch 240/300  loss=0.1777
  [train] epoch 300/300  loss=0.1248

[VAL] scene=ds_v2_seed1/blue_bathroom_v27  (pixel 70/30 split)
  AUC      = 0.9947
  IoU@0.5  = 0.7471
  F1@0.5   = 0.8552
  accuracy = 0.9682  (prec=0.7625, rec=0.9736)
  tp=1657 fp=516 fn=45 tn=15446

[save] D:\Users\dust\Documents\학교\2026년도1학기\컴퓨터비전\실습\FoundationStereo\experiments\ds_v2_seed1/blue_bathroom_v27\submodel
  pred_mask.png, panel.png, metrics.json, head.pt
DONE: D:\Users\dust\Documents\학교\2026년도1학기\컴퓨터비전\실습\FoundationStereo\experiments\ds_v2_seed1/blue_bathroom_v27\submodel
[device] cuda
[load] D:\Users\dust\Documents\학교\2026년도1학기\컴퓨터비전\실습\FoundationStereo\experiments\_model\general_head.pt  (train_scenes=['archiviz_baseline080', 'bedroom_baseline080', 'blue_bathroom_baseline080', 'computer_room_baseline080', 'cozy_living_room_baseline080', 'flat-archiviz_baseline080', 'green_house_baseline080', 'gym_baseline080', 'livingroom_baseline080', 'minimal_interior_baseline080', 'scandinavian_baseline080', 'sunlight_baseline080'])

[APPLY] ds_v2_seed1/blue_bathroom_v27  (저장모델로 새 데이터 평가)
  AUC      = 0.9783
  IoU@0.5  = 0.3333
  F1@0.5   = 0.5000
  accuracy = 0.9327  (prec=0.9420, rec=0.3403)
  tp=1980 fp=122 fn=3838 tn=52940
[save] D:\Users\dust\Documents\학교\2026년도1학기\컴퓨터비전\실습\FoundationStereo\experiments\ds_v2_seed1/blue_bathroom_v27\submodel_applied  (pred_mask.png, panel.png, metrics.json)

============================================================
STEP: estimate_mirror_plane
============================================================

============================================================
STEP: viz_ransac_inliers
============================================================

============================================================
STEP: make_mirror_gt_from_depth
============================================================

============================================================
STEP: analyze_features
============================================================

============================================================
STEP: submodel_head
============================================================

============================================================
STEP: apply_submodel
============================================================

DONE: D:\Users\dust\Documents\학교\2026년도1학기\컴퓨터비전\실습\FoundationStereo\experiments\ds_v2_seed1/blue_bathroom_v27 (ok)

##### [93/123] ds_v2_seed1/blue_bathroom_v28  (done 12, fail 0, skip 80, elapsed 8m, ETA 20m) #####
[scene] ds_v2_seed1/blue_bathroom_v28  size=1280x720
[select] mirror 점 개수 = 28573  (mask=28573, valid&depth = 851690)
[conf] mirror 영역 평균 confidence = 0.7608

=== 평면 추정 결과 ===
  [PCA (closed form)]
      normal = [+0.8551, +0.0312, -0.5176]
      d = +1.4556   mirror_depth(perp) = 1.4556 m   view_z = 6.1835 m
      n_inliers = 28573/28573   rms_residual = 0.05409 m
  [RANSAC]
      normal = [+0.8450, +0.1026, -0.5247]
      d = +1.5939   mirror_depth(perp) = 1.5939 m   view_z = 6.1835 m
      n_inliers = 22115/28573   rms_residual = 0.01234 m
  [SVD robust (IRLS)]
      normal = [+0.8439, +0.0765, -0.5311]
      d = +1.6073   mirror_depth(perp) = 1.6073 m   view_z = 6.1835 m
      n_inliers = 22406/28573   rms_residual = 0.01874 m

[save] D:\Users\dust\Documents\학교\2026년도1학기\컴퓨터비전\실습\FoundationStereo\experiments\ds_v2_seed1/blue_bathroom_v28\mirror_geometry\result.json
[save] D:\Users\dust\Documents\학교\2026년도1학기\컴퓨터비전\실습\FoundationStereo\experiments\ds_v2_seed1/blue_bathroom_v28\mirror_geometry\plane.txt
[save] D:\Users\dust\Documents\학교\2026년도1학기\컴퓨터비전\실습\FoundationStereo\experiments\ds_v2_seed1/blue_bathroom_v28\mirror_geometry\viz.png

DONE: D:\Users\dust\Documents\학교\2026년도1학기\컴퓨터비전\실습\FoundationStereo\experiments\ds_v2_seed1/blue_bathroom_v28\mirror_geometry
[ds_v2_seed1/blue_bathroom_v28] 거울 점 28573개 중 inlier 22115 (77.4%) / outlier 6458
  normal=[ 0.845  0.103 -0.525] d=1.594  rms(inlier)=0.0123 m  thr≈0.037 m
[save] D:\Users\dust\Documents\학교\2026년도1학기\컴퓨터비전\실습\FoundationStereo\experiments\ds_v2_seed1/blue_bathroom_v28\mirror_geometry\ransac_inliers.png
[gt] blue_bathroom_v28            perp 5.25m planRMS 0.0000m  normal [-0.51, 0.215, -0.833]

생성 1, 건너뜀 0 (depth_gt/mask 없음 등)
[ds_v2_seed1/blue_bathroom_v28] feature 184x320  mirror_frac=0.03055366847826087  feat_left=True
rank  signal              AUC    pol  sep     mean_in     mean_out
  1  post_entropy       0.7802   -  0.4951    0.592714    0.870771
  2  post_conf          0.7567   +  0.4993    0.764108    0.622287
  3  feat_left_pc1      0.7026   -  0.4242    1.716874    2.994471
  4  delta_conf         0.6624   +  0.3095    0.334671    0.181678
  5  delta_argdisp       0.617   -  0.1484   28.429127   36.620627
  6  delta_entropy      0.6168   -  0.2259    -1.23229   -0.884218
  7  feat_left_l2       0.6165   +  0.2016    17.74393   16.477857
  8  pre_entropy         0.537   +   0.048    1.825003    1.754989
  9  feat_left_pc2      0.5266   +  0.0821    2.346058    2.062828
 10  pre_conf           0.5231   -  0.0272    0.429437    0.440609
 11  feat_left_pc3      0.5203   +  0.0149    1.573359    1.612164
BEST: post_entropy (AUC=0.7802, polarity=-)
저장: D:\Users\dust\Documents\학교\2026년도1학기\컴퓨터비전\실습\FoundationStereo\experiments\ds_v2_seed1/blue_bathroom_v28\features\report.json / panels.png / mirror_signal.npy
[device] cuda
  [train] epoch 60/300  loss=0.5741
  [train] epoch 120/300  loss=0.3527
  [train] epoch 180/300  loss=0.2328
  [train] epoch 240/300  loss=0.1566
  [train] epoch 300/300  loss=0.1094

[VAL] scene=ds_v2_seed1/blue_bathroom_v28  (pixel 70/30 split)
  AUC      = 0.9934
  IoU@0.5  = 0.4769
  F1@0.5   = 0.6458
  accuracy = 0.9699  (prec=0.4879, rec=0.9547)
  tp=485 fp=509 fn=23 tn=16647

[save] D:\Users\dust\Documents\학교\2026년도1학기\컴퓨터비전\실습\FoundationStereo\experiments\ds_v2_seed1/blue_bathroom_v28\submodel
  pred_mask.png, panel.png, metrics.json, head.pt
DONE: D:\Users\dust\Documents\학교\2026년도1학기\컴퓨터비전\실습\FoundationStereo\experiments\ds_v2_seed1/blue_bathroom_v28\submodel
[device] cuda
[load] D:\Users\dust\Documents\학교\2026년도1학기\컴퓨터비전\실습\FoundationStereo\experiments\_model\general_head.pt  (train_scenes=['archiviz_baseline080', 'bedroom_baseline080', 'blue_bathroom_baseline080', 'computer_room_baseline080', 'cozy_living_room_baseline080', 'flat-archiviz_baseline080', 'green_house_baseline080', 'gym_baseline080', 'livingroom_baseline080', 'minimal_interior_baseline080', 'scandinavian_baseline080', 'sunlight_baseline080'])

[APPLY] ds_v2_seed1/blue_bathroom_v28  (저장모델로 새 데이터 평가)
  AUC      = 0.9913
  IoU@0.5  = 0.2112
  F1@0.5   = 0.3487
  accuracy = 0.9740  (prec=0.7477, rec=0.2273)
  tp=409 fp=138 fn=1390 tn=56943
[save] D:\Users\dust\Documents\학교\2026년도1학기\컴퓨터비전\실습\FoundationStereo\experiments\ds_v2_seed1/blue_bathroom_v28\submodel_applied  (pred_mask.png, panel.png, metrics.json)

============================================================
STEP: estimate_mirror_plane
============================================================

============================================================
STEP: viz_ransac_inliers
============================================================

============================================================
STEP: make_mirror_gt_from_depth
============================================================

============================================================
STEP: analyze_features
============================================================

============================================================
STEP: submodel_head
============================================================

============================================================
STEP: apply_submodel
============================================================

DONE: D:\Users\dust\Documents\학교\2026년도1학기\컴퓨터비전\실습\FoundationStereo\experiments\ds_v2_seed1/blue_bathroom_v28 (ok)

##### [94/123] ds_v2_seed1/blue_bathroom_v29  (done 13, fail 0, skip 80, elapsed 8m, ETA 19m) #####
[scene] ds_v2_seed1/blue_bathroom_v29  size=1280x720
[select] mirror 점 개수 = 106976  (mask=106976, valid&depth = 874820)
[conf] mirror 영역 평균 confidence = 0.6802

=== 평면 추정 결과 ===
  [PCA (closed form)]
      normal = [+0.9636, -0.0778, -0.2557]
      d = +1.4144   mirror_depth(perp) = 1.4144 m   view_z = 7.2745 m
      n_inliers = 106976/106976   rms_residual = 0.13885 m
  [RANSAC]
      normal = [+0.9512, +0.0170, -0.3081]
      d = +1.7664   mirror_depth(perp) = 1.7664 m   view_z = 7.2745 m
      n_inliers = 60574/106976   rms_residual = 0.02113 m
  [SVD robust (IRLS)]
      normal = [+0.9605, -0.0271, -0.2771]
      d = +1.5719   mirror_depth(perp) = 1.5719 m   view_z = 7.2745 m
      n_inliers = 58764/106976   rms_residual = 0.03478 m

[save] D:\Users\dust\Documents\학교\2026년도1학기\컴퓨터비전\실습\FoundationStereo\experiments\ds_v2_seed1/blue_bathroom_v29\mirror_geometry\result.json
[save] D:\Users\dust\Documents\학교\2026년도1학기\컴퓨터비전\실습\FoundationStereo\experiments\ds_v2_seed1/blue_bathroom_v29\mirror_geometry\plane.txt
[save] D:\Users\dust\Documents\학교\2026년도1학기\컴퓨터비전\실습\FoundationStereo\experiments\ds_v2_seed1/blue_bathroom_v29\mirror_geometry\viz.png

DONE: D:\Users\dust\Documents\학교\2026년도1학기\컴퓨터비전\실습\FoundationStereo\experiments\ds_v2_seed1/blue_bathroom_v29\mirror_geometry
[ds_v2_seed1/blue_bathroom_v29] 거울 점 106976개 중 inlier 60574 (56.6%) / outlier 46402
  normal=[ 0.951  0.017 -0.308] d=1.766  rms(inlier)=0.0211 m  thr≈0.056 m
[save] D:\Users\dust\Documents\학교\2026년도1학기\컴퓨터비전\실습\FoundationStereo\experiments\ds_v2_seed1/blue_bathroom_v29\mirror_geometry\ransac_inliers.png
[gt] blue_bathroom_v29            perp 4.87m planRMS 0.0000m  normal [-0.289, -0.017, -0.957]

생성 1, 건너뜀 0 (depth_gt/mask 없음 등)
[ds_v2_seed1/blue_bathroom_v29] feature 184x320  mirror_frac=0.11550611413043478  feat_left=True
rank  signal              AUC    pol  sep     mean_in     mean_out
  1  post_entropy       0.7929   -  0.5959    0.710274    0.998803
  2  feat_left_pc1      0.7312   -   0.376    1.976719    3.268688
  3  feat_left_l2       0.7294   +  0.3632   18.322135    16.05944
  4  post_conf          0.7231   +  0.4416    0.680174    0.568395
  5  delta_argdisp      0.6602   -  0.2579   30.566975   45.766912
  6  feat_left_pc3      0.5857   +  0.1084    1.859924     1.53272
  7  delta_conf         0.5842   +  0.1449    0.224491     0.15305
  8  delta_entropy       0.557   -  0.0482   -0.975136   -0.895271
  9  pre_entropy        0.5474   -   0.135     1.68541    1.894074
 10  pre_conf           0.5443   +  0.0964    0.455683    0.415346
 11  feat_left_pc2      0.5439   +  0.0854    2.238869    1.936008
BEST: post_entropy (AUC=0.7929, polarity=-)
저장: D:\Users\dust\Documents\학교\2026년도1학기\컴퓨터비전\실습\FoundationStereo\experiments\ds_v2_seed1/blue_bathroom_v29\features\report.json / panels.png / mirror_signal.npy
[device] cuda
  [train] epoch 60/300  loss=0.5030
  [train] epoch 120/300  loss=0.3112
  [train] epoch 180/300  loss=0.2135
  [train] epoch 240/300  loss=0.1507
  [train] epoch 300/300  loss=0.1100

[VAL] scene=ds_v2_seed1/blue_bathroom_v29  (pixel 70/30 split)
  AUC      = 0.9956
  IoU@0.5  = 0.7823
  F1@0.5   = 0.8779
  accuracy = 0.9694  (prec=0.8074, rec=0.9618)
  tp=1941 fp=463 fn=77 tn=15183

[save] D:\Users\dust\Documents\학교\2026년도1학기\컴퓨터비전\실습\FoundationStereo\experiments\ds_v2_seed1/blue_bathroom_v29\submodel
  pred_mask.png, panel.png, metrics.json, head.pt
DONE: D:\Users\dust\Documents\학교\2026년도1학기\컴퓨터비전\실습\FoundationStereo\experiments\ds_v2_seed1/blue_bathroom_v29\submodel
[device] cuda
[load] D:\Users\dust\Documents\학교\2026년도1학기\컴퓨터비전\실습\FoundationStereo\experiments\_model\general_head.pt  (train_scenes=['archiviz_baseline080', 'bedroom_baseline080', 'blue_bathroom_baseline080', 'computer_room_baseline080', 'cozy_living_room_baseline080', 'flat-archiviz_baseline080', 'green_house_baseline080', 'gym_baseline080', 'livingroom_baseline080', 'minimal_interior_baseline080', 'scandinavian_baseline080', 'sunlight_baseline080'])

[APPLY] ds_v2_seed1/blue_bathroom_v29  (저장모델로 새 데이터 평가)
  AUC      = 0.8795
  IoU@0.5  = 0.2514
  F1@0.5   = 0.4018
  accuracy = 0.8896  (prec=0.5372, rec=0.3210)
  tp=2183 fp=1881 fn=4618 tn=50198
[save] D:\Users\dust\Documents\학교\2026년도1학기\컴퓨터비전\실습\FoundationStereo\experiments\ds_v2_seed1/blue_bathroom_v29\submodel_applied  (pred_mask.png, panel.png, metrics.json)

============================================================
STEP: estimate_mirror_plane
============================================================

============================================================
STEP: viz_ransac_inliers
============================================================

============================================================
STEP: make_mirror_gt_from_depth
============================================================

============================================================
STEP: analyze_features
============================================================

============================================================
STEP: submodel_head
============================================================

============================================================
STEP: apply_submodel
============================================================

DONE: D:\Users\dust\Documents\학교\2026년도1학기\컴퓨터비전\실습\FoundationStereo\experiments\ds_v2_seed1/blue_bathroom_v29 (ok)

##### [95/123] ds_v2_seed1/blue_bathroom_v30  (done 14, fail 0, skip 80, elapsed 9m, ETA 18m) #####
[scene] ds_v2_seed1/blue_bathroom_v30  size=1280x720
[select] mirror 점 개수 = 121779  (mask=121779, valid&depth = 879258)
[conf] mirror 영역 평균 confidence = 0.7151

=== 평면 추정 결과 ===
  [PCA (closed form)]
      normal = [+0.9527, -0.1966, -0.2317]
      d = +1.4670   mirror_depth(perp) = 1.4670 m   view_z = 6.9623 m
      n_inliers = 121779/121779   rms_residual = 0.16648 m
  [RANSAC]
      normal = [+0.9753, +0.0303, -0.2187]
      d = +1.6341   mirror_depth(perp) = 1.6341 m   view_z = 6.9623 m
      n_inliers = 62955/121779   rms_residual = 0.02711 m
  [SVD robust (IRLS)]
      normal = [+0.9534, -0.1838, -0.2393]
      d = +1.5366   mirror_depth(perp) = 1.5366 m   view_z = 6.9623 m
      n_inliers = 40598/121779   rms_residual = 0.03610 m

[save] D:\Users\dust\Documents\학교\2026년도1학기\컴퓨터비전\실습\FoundationStereo\experiments\ds_v2_seed1/blue_bathroom_v30\mirror_geometry\result.json
[save] D:\Users\dust\Documents\학교\2026년도1학기\컴퓨터비전\실습\FoundationStereo\experiments\ds_v2_seed1/blue_bathroom_v30\mirror_geometry\plane.txt
[save] D:\Users\dust\Documents\학교\2026년도1학기\컴퓨터비전\실습\FoundationStereo\experiments\ds_v2_seed1/blue_bathroom_v30\mirror_geometry\viz.png

DONE: D:\Users\dust\Documents\학교\2026년도1학기\컴퓨터비전\실습\FoundationStereo\experiments\ds_v2_seed1/blue_bathroom_v30\mirror_geometry
[ds_v2_seed1/blue_bathroom_v30] 거울 점 121779개 중 inlier 62955 (51.7%) / outlier 58824
  normal=[ 0.975  0.03  -0.219] d=1.634  rms(inlier)=0.0271 m  thr≈0.065 m
[save] D:\Users\dust\Documents\학교\2026년도1학기\컴퓨터비전\실습\FoundationStereo\experiments\ds_v2_seed1/blue_bathroom_v30\mirror_geometry\ransac_inliers.png
[gt] blue_bathroom_v30            perp 4.87m planRMS 0.0000m  normal [-0.213, 0.186, -0.959]

생성 1, 건너뜀 0 (depth_gt/mask 없음 등)
[ds_v2_seed1/blue_bathroom_v30] feature 184x320  mirror_frac=0.13277853260869565  feat_left=True
rank  signal              AUC    pol  sep     mean_in     mean_out
  1  feat_left_pc1      0.6947   -  0.3645    1.835054    2.959178
  2  delta_argdisp      0.6593   -   0.279   27.904835   43.698445
  3  post_entropy        0.657   -  0.3784    0.656112     0.82841
  4  feat_left_l2       0.6499   +  0.2347   17.724924   16.372716
  5  post_conf          0.6355   +    0.27    0.715183    0.643147
  6  pre_entropy        0.5974   -  0.2054    1.649966    1.969734
  7  pre_conf           0.5765   +  0.1375    0.461675    0.403615
  8  delta_entropy      0.5333   +  0.0926   -0.993855   -1.141324
  9  delta_conf         0.5196   +  0.0287    0.253509    0.239531
 10  feat_left_pc2      0.5181   -  0.0094    2.087332    2.056496
 11  feat_left_pc3      0.5154   +  0.0214    1.450229    1.508858
BEST: feat_left_pc1 (AUC=0.6947, polarity=-)
저장: D:\Users\dust\Documents\학교\2026년도1학기\컴퓨터비전\실습\FoundationStereo\experiments\ds_v2_seed1/blue_bathroom_v30\features\report.json / panels.png / mirror_signal.npy
[device] cuda
  [train] epoch 60/300  loss=0.5383
  [train] epoch 120/300  loss=0.3334
  [train] epoch 180/300  loss=0.2262
  [train] epoch 240/300  loss=0.1571
  [train] epoch 300/300  loss=0.1123

[VAL] scene=ds_v2_seed1/blue_bathroom_v30  (pixel 70/30 split)
  AUC      = 0.9960
  IoU@0.5  = 0.8070
  F1@0.5   = 0.8932
  accuracy = 0.9690  (prec=0.8245, rec=0.9745)
  tp=2292 fp=488 fn=60 tn=14824

[save] D:\Users\dust\Documents\학교\2026년도1학기\컴퓨터비전\실습\FoundationStereo\experiments\ds_v2_seed1/blue_bathroom_v30\submodel
  pred_mask.png, panel.png, metrics.json, head.pt
DONE: D:\Users\dust\Documents\학교\2026년도1학기\컴퓨터비전\실습\FoundationStereo\experiments\ds_v2_seed1/blue_bathroom_v30\submodel
[device] cuda
[load] D:\Users\dust\Documents\학교\2026년도1학기\컴퓨터비전\실습\FoundationStereo\experiments\_model\general_head.pt  (train_scenes=['archiviz_baseline080', 'bedroom_baseline080', 'blue_bathroom_baseline080', 'computer_room_baseline080', 'cozy_living_room_baseline080', 'flat-archiviz_baseline080', 'green_house_baseline080', 'gym_baseline080', 'livingroom_baseline080', 'minimal_interior_baseline080', 'scandinavian_baseline080', 'sunlight_baseline080'])

[APPLY] ds_v2_seed1/blue_bathroom_v30  (저장모델로 새 데이터 평가)
  AUC      = 0.9582
  IoU@0.5  = 0.2437
  F1@0.5   = 0.3920
  accuracy = 0.8993  (prec=0.9886, rec=0.2444)
  tp=1911 fp=22 fn=5907 tn=51040
[save] D:\Users\dust\Documents\학교\2026년도1학기\컴퓨터비전\실습\FoundationStereo\experiments\ds_v2_seed1/blue_bathroom_v30\submodel_applied  (pred_mask.png, panel.png, metrics.json)

============================================================
STEP: estimate_mirror_plane
============================================================

============================================================
STEP: viz_ransac_inliers
============================================================

============================================================
STEP: make_mirror_gt_from_depth
============================================================

============================================================
STEP: analyze_features
============================================================

============================================================
STEP: submodel_head
============================================================

============================================================
STEP: apply_submodel
============================================================

DONE: D:\Users\dust\Documents\학교\2026년도1학기\컴퓨터비전\실습\FoundationStereo\experiments\ds_v2_seed1/blue_bathroom_v30 (ok)

##### [96/123] ds_v2_seed1/blue_bathroom_v31  (done 15, fail 0, skip 80, elapsed 9m, ETA 17m) #####
[scene] ds_v2_seed1/blue_bathroom_v31  size=1280x720
[select] mirror 점 개수 = 79082  (mask=79082, valid&depth = 663675)
[conf] mirror 영역 평균 confidence = 0.7120

=== 평면 추정 결과 ===
  [PCA (closed form)]
      normal = [+0.8233, -0.0006, -0.5675]
      d = +1.8062   mirror_depth(perp) = 1.8062 m   view_z = 5.9274 m
      n_inliers = 79082/79082   rms_residual = 0.07100 m
  [RANSAC]
      normal = [+0.8319, +0.0720, -0.5502]
      d = +1.7468   mirror_depth(perp) = 1.7468 m   view_z = 5.9274 m
      n_inliers = 58624/79082   rms_residual = 0.00802 m
  [SVD robust (IRLS)]
      normal = [+0.8238, +0.0496, -0.5647]
      d = +1.8276   mirror_depth(perp) = 1.8276 m   view_z = 5.9274 m
      n_inliers = 53795/79082   rms_residual = 0.01253 m

[save] D:\Users\dust\Documents\학교\2026년도1학기\컴퓨터비전\실습\FoundationStereo\experiments\ds_v2_seed1/blue_bathroom_v31\mirror_geometry\result.json
[save] D:\Users\dust\Documents\학교\2026년도1학기\컴퓨터비전\실습\FoundationStereo\experiments\ds_v2_seed1/blue_bathroom_v31\mirror_geometry\plane.txt
[save] D:\Users\dust\Documents\학교\2026년도1학기\컴퓨터비전\실습\FoundationStereo\experiments\ds_v2_seed1/blue_bathroom_v31\mirror_geometry\viz.png

DONE: D:\Users\dust\Documents\학교\2026년도1학기\컴퓨터비전\실습\FoundationStereo\experiments\ds_v2_seed1/blue_bathroom_v31\mirror_geometry
[ds_v2_seed1/blue_bathroom_v31] 거울 점 79082개 중 inlier 58624 (74.1%) / outlier 20458
  normal=[ 0.832  0.072 -0.55 ] d=1.747  rms(inlier)=0.0080 m  thr≈0.028 m
[save] D:\Users\dust\Documents\학교\2026년도1학기\컴퓨터비전\실습\FoundationStereo\experiments\ds_v2_seed1/blue_bathroom_v31\mirror_geometry\ransac_inliers.png
[gt] blue_bathroom_v31            perp 4.92m planRMS 0.0000m  normal [-0.566, 0.173, -0.806]

생성 1, 건너뜀 0 (depth_gt/mask 없음 등)
[ds_v2_seed1/blue_bathroom_v31] feature 184x320  mirror_frac=0.08530910326086956  feat_left=True
rank  signal              AUC    pol  sep     mean_in     mean_out
  1  post_entropy       0.7881   -  0.7445    0.659184    1.487938
  2  post_conf          0.7723   +  0.6593    0.712951    0.475085
  3  delta_conf         0.7026   +  0.4088    0.283096    0.054689
  4  delta_entropy      0.6795   -  0.4032   -1.132555   -0.339601
  5  delta_argdisp      0.6217   -  0.1673   28.415887   37.140595
  6  feat_left_l2       0.6131   +  0.1805    17.46958   16.464158
  7  feat_left_pc1      0.5813   -  0.0991    2.486469    2.871709
  8  feat_left_pc3      0.5514   +  0.0777    1.776529    1.522565
  9  feat_left_pc2      0.5176   -  0.0253     2.41939    2.493508
 10  pre_conf           0.5117   +  0.0239    0.429854    0.420396
 11  pre_entropy        0.5054   -  0.0253    1.791739     1.82754
BEST: post_entropy (AUC=0.7881, polarity=-)
저장: D:\Users\dust\Documents\학교\2026년도1학기\컴퓨터비전\실습\FoundationStereo\experiments\ds_v2_seed1/blue_bathroom_v31\features\report.json / panels.png / mirror_signal.npy
[device] cuda
  [train] epoch 60/300  loss=0.7771
  [train] epoch 120/300  loss=0.6178
  [train] epoch 180/300  loss=0.4942
  [train] epoch 240/300  loss=0.4004
  [train] epoch 300/300  loss=0.3303

[VAL] scene=ds_v2_seed1/blue_bathroom_v31  (pixel 70/30 split)
  AUC      = 0.9513
  IoU@0.5  = 0.3926
  F1@0.5   = 0.5639
  accuracy = 0.8863  (prec=0.4199, rec=0.8579)
  tp=1298 fp=1793 fn=215 tn=14358

[save] D:\Users\dust\Documents\학교\2026년도1학기\컴퓨터비전\실습\FoundationStereo\experiments\ds_v2_seed1/blue_bathroom_v31\submodel
  pred_mask.png, panel.png, metrics.json, head.pt
DONE: D:\Users\dust\Documents\학교\2026년도1학기\컴퓨터비전\실습\FoundationStereo\experiments\ds_v2_seed1/blue_bathroom_v31\submodel
[device] cuda
[load] D:\Users\dust\Documents\학교\2026년도1학기\컴퓨터비전\실습\FoundationStereo\experiments\_model\general_head.pt  (train_scenes=['archiviz_baseline080', 'bedroom_baseline080', 'blue_bathroom_baseline080', 'computer_room_baseline080', 'cozy_living_room_baseline080', 'flat-archiviz_baseline080', 'green_house_baseline080', 'gym_baseline080', 'livingroom_baseline080', 'minimal_interior_baseline080', 'scandinavian_baseline080', 'sunlight_baseline080'])

[APPLY] ds_v2_seed1/blue_bathroom_v31  (저장모델로 새 데이터 평가)
  AUC      = 0.9656
  IoU@0.5  = 0.1371
  F1@0.5   = 0.2412
  accuracy = 0.9190  (prec=0.6002, rec=0.1509)
  tp=758 fp=505 fn=4265 tn=53352
[save] D:\Users\dust\Documents\학교\2026년도1학기\컴퓨터비전\실습\FoundationStereo\experiments\ds_v2_seed1/blue_bathroom_v31\submodel_applied  (pred_mask.png, panel.png, metrics.json)

============================================================
STEP: estimate_mirror_plane
============================================================

============================================================
STEP: viz_ransac_inliers
============================================================

============================================================
STEP: make_mirror_gt_from_depth
============================================================

============================================================
STEP: analyze_features
============================================================

============================================================
STEP: submodel_head
============================================================

============================================================
STEP: apply_submodel
============================================================

DONE: D:\Users\dust\Documents\학교\2026년도1학기\컴퓨터비전\실습\FoundationStereo\experiments\ds_v2_seed1/blue_bathroom_v31 (ok)

##### [97/123] ds_v2_seed1/blue_bathroom_v32  (done 16, fail 0, skip 80, elapsed 10m, ETA 16m) #####
[scene] ds_v2_seed1/blue_bathroom_v32  size=1280x720
[select] mirror 점 개수 = 88802  (mask=88802, valid&depth = 878489)
[conf] mirror 영역 평균 confidence = 0.7090

=== 평면 추정 결과 ===
  [PCA (closed form)]
      normal = [+0.8911, -0.2899, -0.3490]
      d = +1.7523   mirror_depth(perp) = 1.7523 m   view_z = 6.4958 m
      n_inliers = 88802/88802   rms_residual = 0.18676 m
  [RANSAC]
      normal = [+0.9442, +0.0655, -0.3228]
      d = +1.9917   mirror_depth(perp) = 1.9917 m   view_z = 6.4958 m
      n_inliers = 37905/88802   rms_residual = 0.01906 m
  [SVD robust (IRLS)]
      normal = [+0.8642, -0.3331, -0.3771]
      d = +1.9096   mirror_depth(perp) = 1.9096 m   view_z = 6.4958 m
      n_inliers = 21258/88802   rms_residual = 0.03031 m

[save] D:\Users\dust\Documents\학교\2026년도1학기\컴퓨터비전\실습\FoundationStereo\experiments\ds_v2_seed1/blue_bathroom_v32\mirror_geometry\result.json
[save] D:\Users\dust\Documents\학교\2026년도1학기\컴퓨터비전\실습\FoundationStereo\experiments\ds_v2_seed1/blue_bathroom_v32\mirror_geometry\plane.txt
[save] D:\Users\dust\Documents\학교\2026년도1학기\컴퓨터비전\실습\FoundationStereo\experiments\ds_v2_seed1/blue_bathroom_v32\mirror_geometry\viz.png

DONE: D:\Users\dust\Documents\학교\2026년도1학기\컴퓨터비전\실습\FoundationStereo\experiments\ds_v2_seed1/blue_bathroom_v32\mirror_geometry
[ds_v2_seed1/blue_bathroom_v32] 거울 점 88802개 중 inlier 37905 (42.7%) / outlier 50897
  normal=[ 0.944  0.066 -0.323] d=1.992  rms(inlier)=0.0191 m  thr≈0.053 m
[save] D:\Users\dust\Documents\학교\2026년도1학기\컴퓨터비전\실습\FoundationStereo\experiments\ds_v2_seed1/blue_bathroom_v32\mirror_geometry\ransac_inliers.png
[gt] blue_bathroom_v32            perp 4.88m planRMS 0.0000m  normal [-0.304, 0.269, -0.914]

생성 1, 건너뜀 0 (depth_gt/mask 없음 등)
[ds_v2_seed1/blue_bathroom_v32] feature 184x320  mirror_frac=0.09689198369565218  feat_left=True
rank  signal              AUC    pol  sep     mean_in     mean_out
  1  feat_left_pc1      0.6658   -  0.2406    1.992312    2.818803
  2  delta_argdisp      0.6632   -  0.2863   26.737949   42.776624
  3  feat_left_l2       0.6614   +  0.2625   17.958488   16.425184
  4  pre_entropy        0.6208   -  0.2407    1.614513    1.990142
  5  delta_entropy      0.5931   +  0.1885    -0.94677   -1.245978
  6  pre_conf           0.5923   +  0.1699     0.47169    0.399651
  7  post_conf           0.591   +  0.1692    0.708804    0.666024
  8  post_entropy       0.5771   -  0.1947    0.667743    0.744164
  9  delta_conf         0.5338   -   0.061    0.237114    0.266374
 10  feat_left_pc2      0.5284   +  0.0787    2.179823    1.927143
 11  feat_left_pc3      0.5266   +  0.0707     1.73116     1.48953
BEST: feat_left_pc1 (AUC=0.6658, polarity=-)
저장: D:\Users\dust\Documents\학교\2026년도1학기\컴퓨터비전\실습\FoundationStereo\experiments\ds_v2_seed1/blue_bathroom_v32\features\report.json / panels.png / mirror_signal.npy
[device] cuda
  [train] epoch 60/300  loss=0.5428
  [train] epoch 120/300  loss=0.3300
  [train] epoch 180/300  loss=0.2180
  [train] epoch 240/300  loss=0.1508
  [train] epoch 300/300  loss=0.1092

[VAL] scene=ds_v2_seed1/blue_bathroom_v32  (pixel 70/30 split)
  AUC      = 0.9957
  IoU@0.5  = 0.7584
  F1@0.5   = 0.8626
  accuracy = 0.9699  (prec=0.7772, rec=0.9692)
  tp=1667 fp=478 fn=53 tn=15466

[save] D:\Users\dust\Documents\학교\2026년도1학기\컴퓨터비전\실습\FoundationStereo\experiments\ds_v2_seed1/blue_bathroom_v32\submodel
  pred_mask.png, panel.png, metrics.json, head.pt
DONE: D:\Users\dust\Documents\학교\2026년도1학기\컴퓨터비전\실습\FoundationStereo\experiments\ds_v2_seed1/blue_bathroom_v32\submodel
[device] cuda
[load] D:\Users\dust\Documents\학교\2026년도1학기\컴퓨터비전\실습\FoundationStereo\experiments\_model\general_head.pt  (train_scenes=['archiviz_baseline080', 'bedroom_baseline080', 'blue_bathroom_baseline080', 'computer_room_baseline080', 'cozy_living_room_baseline080', 'flat-archiviz_baseline080', 'green_house_baseline080', 'gym_baseline080', 'livingroom_baseline080', 'minimal_interior_baseline080', 'scandinavian_baseline080', 'sunlight_baseline080'])

[APPLY] ds_v2_seed1/blue_bathroom_v32  (저장모델로 새 데이터 평가)
  AUC      = 0.9425
  IoU@0.5  = 0.1705
  F1@0.5   = 0.2913
  accuracy = 0.9184  (prec=0.9207, rec=0.1730)
  tp=987 fp=85 fn=4718 tn=53090
[save] D:\Users\dust\Documents\학교\2026년도1학기\컴퓨터비전\실습\FoundationStereo\experiments\ds_v2_seed1/blue_bathroom_v32\submodel_applied  (pred_mask.png, panel.png, metrics.json)

============================================================
STEP: estimate_mirror_plane
============================================================

============================================================
STEP: viz_ransac_inliers
============================================================

============================================================
STEP: make_mirror_gt_from_depth
============================================================

============================================================
STEP: analyze_features
============================================================

============================================================
STEP: submodel_head
============================================================

============================================================
STEP: apply_submodel
============================================================

DONE: D:\Users\dust\Documents\학교\2026년도1학기\컴퓨터비전\실습\FoundationStereo\experiments\ds_v2_seed1/blue_bathroom_v32 (ok)

##### [98/123] ds_v2_seed1/blue_bathroom_v33  (done 17, fail 0, skip 80, elapsed 10m, ETA 15m) #####
[scene] ds_v2_seed1/blue_bathroom_v33  size=1280x720
[select] mirror 점 개수 = 13202  (mask=13202, valid&depth = 855930)
[conf] mirror 영역 평균 confidence = 0.6321

=== 평면 추정 결과 ===
  [PCA (closed form)]
      normal = [+0.0180, +0.0499, -0.9986]
      d = +4.7340   mirror_depth(perp) = 4.7340 m   view_z = 4.7608 m
      n_inliers = 13202/13202   rms_residual = 0.01310 m
  [RANSAC]
      normal = [-0.2907, +0.0401, -0.9560]
      d = +5.0517   mirror_depth(perp) = 5.0517 m   view_z = 4.7608 m
      n_inliers = 11013/13202   rms_residual = 0.00696 m
  [SVD robust (IRLS)]
      normal = [-0.1669, +0.0476, -0.9848]
      d = +4.9801   mirror_depth(perp) = 4.9801 m   view_z = 4.7608 m
      n_inliers = 10832/13202   rms_residual = 0.00761 m

[save] D:\Users\dust\Documents\학교\2026년도1학기\컴퓨터비전\실습\FoundationStereo\experiments\ds_v2_seed1/blue_bathroom_v33\mirror_geometry\result.json
[save] D:\Users\dust\Documents\학교\2026년도1학기\컴퓨터비전\실습\FoundationStereo\experiments\ds_v2_seed1/blue_bathroom_v33\mirror_geometry\plane.txt
[save] D:\Users\dust\Documents\학교\2026년도1학기\컴퓨터비전\실습\FoundationStereo\experiments\ds_v2_seed1/blue_bathroom_v33\mirror_geometry\viz.png

DONE: D:\Users\dust\Documents\학교\2026년도1학기\컴퓨터비전\실습\FoundationStereo\experiments\ds_v2_seed1/blue_bathroom_v33\mirror_geometry
[ds_v2_seed1/blue_bathroom_v33] 거울 점 13202개 중 inlier 11013 (83.4%) / outlier 2189
  normal=[-0.291  0.04  -0.956] d=5.052  rms(inlier)=0.0070 m  thr≈0.015 m
[save] D:\Users\dust\Documents\학교\2026년도1학기\컴퓨터비전\실습\FoundationStereo\experiments\ds_v2_seed1/blue_bathroom_v33\mirror_geometry\ransac_inliers.png
[gt] blue_bathroom_v33            perp 4.72m planRMS 0.0000m  normal [-0.607, 0.108, -0.787]

생성 1, 건너뜀 0 (depth_gt/mask 없음 등)
[ds_v2_seed1/blue_bathroom_v33] feature 184x320  mirror_frac=0.013485054347826087  feat_left=True
rank  signal              AUC    pol  sep     mean_in     mean_out
  1  feat_left_pc3      0.6937   -  0.3681    0.950509    1.766395
  2  delta_entropy      0.6671   -  0.3064   -1.416302   -0.985922
  3  pre_entropy        0.6516   +  0.2525    2.175617    1.828662
  4  feat_left_pc2      0.6439   -   0.291    1.083386    1.840289
  5  pre_conf           0.6159   -  0.2067    0.344264    0.417918
  6  delta_conf          0.597   +  0.1898    0.289744    0.210793
  7  feat_left_pc1      0.5894   -  0.2476    1.997508    2.731425
  8  post_entropy       0.5569   -  0.2247    0.759315     0.84274
  9  delta_argdisp      0.5405   -  0.0475   35.420655   38.140705
 10  feat_left_l2       0.5347   +  0.0053   16.427405   16.452851
 11  post_conf          0.5021   +  0.0241    0.634008    0.628711
BEST: feat_left_pc3 (AUC=0.6937, polarity=-)
저장: D:\Users\dust\Documents\학교\2026년도1학기\컴퓨터비전\실습\FoundationStereo\experiments\ds_v2_seed1/blue_bathroom_v33\features\report.json / panels.png / mirror_signal.npy
[device] cuda
  [train] epoch 60/300  loss=0.4355
  [train] epoch 120/300  loss=0.2020
  [train] epoch 180/300  loss=0.1238
  [train] epoch 240/300  loss=0.0866
  [train] epoch 300/300  loss=0.0648

[VAL] scene=ds_v2_seed1/blue_bathroom_v33  (pixel 70/30 split)
  AUC      = 0.9965
  IoU@0.5  = 0.4544
  F1@0.5   = 0.6248
  accuracy = 0.9844  (prec=0.4654, rec=0.9502)
  tp=229 fp=263 fn=12 tn=17160

[save] D:\Users\dust\Documents\학교\2026년도1학기\컴퓨터비전\실습\FoundationStereo\experiments\ds_v2_seed1/blue_bathroom_v33\submodel
  pred_mask.png, panel.png, metrics.json, head.pt
DONE: D:\Users\dust\Documents\학교\2026년도1학기\컴퓨터비전\실습\FoundationStereo\experiments\ds_v2_seed1/blue_bathroom_v33\submodel
[device] cuda
[load] D:\Users\dust\Documents\학교\2026년도1학기\컴퓨터비전\실습\FoundationStereo\experiments\_model\general_head.pt  (train_scenes=['archiviz_baseline080', 'bedroom_baseline080', 'blue_bathroom_baseline080', 'computer_room_baseline080', 'cozy_living_room_baseline080', 'flat-archiviz_baseline080', 'green_house_baseline080', 'gym_baseline080', 'livingroom_baseline080', 'minimal_interior_baseline080', 'scandinavian_baseline080', 'sunlight_baseline080'])

[APPLY] ds_v2_seed1/blue_bathroom_v33  (저장모델로 새 데이터 평가)
  AUC      = 0.9474
  IoU@0.5  = 0.0012
  F1@0.5   = 0.0024
  accuracy = 0.9861  (prec=0.0417, rec=0.0013)
  tp=1 fp=23 fn=793 tn=58063
[save] D:\Users\dust\Documents\학교\2026년도1학기\컴퓨터비전\실습\FoundationStereo\experiments\ds_v2_seed1/blue_bathroom_v33\submodel_applied  (pred_mask.png, panel.png, metrics.json)

============================================================
STEP: estimate_mirror_plane
============================================================

============================================================
STEP: viz_ransac_inliers
============================================================

============================================================
STEP: make_mirror_gt_from_depth
============================================================

============================================================
STEP: analyze_features
============================================================

============================================================
STEP: submodel_head
============================================================

============================================================
STEP: apply_submodel
============================================================

DONE: D:\Users\dust\Documents\학교\2026년도1학기\컴퓨터비전\실습\FoundationStereo\experiments\ds_v2_seed1/blue_bathroom_v33 (ok)

##### [99/123] ds_v2_seed1/blue_bathroom_v34  (done 18, fail 0, skip 80, elapsed 11m, ETA 15m) #####
[scene] ds_v2_seed1/blue_bathroom_v34  size=1280x720
[select] mirror 점 개수 = 57508  (mask=57508, valid&depth = 845304)
[conf] mirror 영역 평균 confidence = 0.6674

=== 평면 추정 결과 ===
  [PCA (closed form)]
      normal = [+0.8612, +0.0030, -0.5083]
      d = +1.2938   mirror_depth(perp) = 1.2938 m   view_z = 5.8090 m
      n_inliers = 57508/57508   rms_residual = 0.06085 m
  [RANSAC]
      normal = [+0.8582, +0.0396, -0.5118]
      d = +1.3458   mirror_depth(perp) = 1.3458 m   view_z = 5.8090 m
      n_inliers = 43462/57508   rms_residual = 0.01906 m
  [SVD robust (IRLS)]
      normal = [+0.8540, +0.0192, -0.5198]
      d = +1.3873   mirror_depth(perp) = 1.3873 m   view_z = 5.8090 m
      n_inliers = 44605/57508   rms_residual = 0.02710 m

[save] D:\Users\dust\Documents\학교\2026년도1학기\컴퓨터비전\실습\FoundationStereo\experiments\ds_v2_seed1/blue_bathroom_v34\mirror_geometry\result.json
[save] D:\Users\dust\Documents\학교\2026년도1학기\컴퓨터비전\실습\FoundationStereo\experiments\ds_v2_seed1/blue_bathroom_v34\mirror_geometry\plane.txt
[save] D:\Users\dust\Documents\학교\2026년도1학기\컴퓨터비전\실습\FoundationStereo\experiments\ds_v2_seed1/blue_bathroom_v34\mirror_geometry\viz.png

DONE: D:\Users\dust\Documents\학교\2026년도1학기\컴퓨터비전\실습\FoundationStereo\experiments\ds_v2_seed1/blue_bathroom_v34\mirror_geometry
[ds_v2_seed1/blue_bathroom_v34] 거울 점 57508개 중 inlier 43462 (75.6%) / outlier 14046
  normal=[ 0.858  0.04  -0.512] d=1.346  rms(inlier)=0.0191 m  thr≈0.053 m
[save] D:\Users\dust\Documents\학교\2026년도1학기\컴퓨터비전\실습\FoundationStereo\experiments\ds_v2_seed1/blue_bathroom_v34\mirror_geometry\ransac_inliers.png
[gt] blue_bathroom_v34            perp 4.77m planRMS 0.0081m  normal [-0.503, 0.123, -0.855]

생성 1, 건너뜀 0 (depth_gt/mask 없음 등)
[ds_v2_seed1/blue_bathroom_v34] feature 184x320  mirror_frac=0.06149796195652174  feat_left=True
rank  signal              AUC    pol  sep     mean_in     mean_out
  1  post_entropy       0.7686   -  0.4594    0.682422    0.896002
  2  feat_left_pc1       0.686   -  0.3732    1.645654    2.783652
  3  delta_entropy      0.6275   -  0.2341     -1.2465   -0.893865
  4  feat_left_l2       0.6268   +  0.1882   17.434515   16.329132
  5  delta_conf          0.607   +  0.2021    0.273884     0.17709
  6  post_conf          0.6056   +  0.2225    0.666961    0.608859
  7  delta_argdisp      0.5758   -  0.0925   32.512566   37.771729
  8  pre_entropy        0.5681   +  0.0981    1.928922    1.789867
  9  pre_conf            0.558   -  0.0989    0.393077     0.43177
 10  feat_left_pc2      0.5259   -  0.0493    1.672103    1.833571
 11  feat_left_pc3      0.5212   +  0.0499    1.896496    1.747582
BEST: post_entropy (AUC=0.7686, polarity=-)
저장: D:\Users\dust\Documents\학교\2026년도1학기\컴퓨터비전\실습\FoundationStereo\experiments\ds_v2_seed1/blue_bathroom_v34\features\report.json / panels.png / mirror_signal.npy
[device] cuda
  [train] epoch 60/300  loss=0.5897
  [train] epoch 120/300  loss=0.3744
  [train] epoch 180/300  loss=0.2573
  [train] epoch 240/300  loss=0.1786
  [train] epoch 300/300  loss=0.1269

[VAL] scene=ds_v2_seed1/blue_bathroom_v34  (pixel 70/30 split)
  AUC      = 0.9945
  IoU@0.5  = 0.6405
  F1@0.5   = 0.7809
  accuracy = 0.9652  (prec=0.6516, rec=0.9742)
  tp=1094 fp=585 fn=29 tn=15956

[save] D:\Users\dust\Documents\학교\2026년도1학기\컴퓨터비전\실습\FoundationStereo\experiments\ds_v2_seed1/blue_bathroom_v34\submodel
  pred_mask.png, panel.png, metrics.json, head.pt
DONE: D:\Users\dust\Documents\학교\2026년도1학기\컴퓨터비전\실습\FoundationStereo\experiments\ds_v2_seed1/blue_bathroom_v34\submodel
[device] cuda
[load] D:\Users\dust\Documents\학교\2026년도1학기\컴퓨터비전\실습\FoundationStereo\experiments\_model\general_head.pt  (train_scenes=['archiviz_baseline080', 'bedroom_baseline080', 'blue_bathroom_baseline080', 'computer_room_baseline080', 'cozy_living_room_baseline080', 'flat-archiviz_baseline080', 'green_house_baseline080', 'gym_baseline080', 'livingroom_baseline080', 'minimal_interior_baseline080', 'scandinavian_baseline080', 'sunlight_baseline080'])

[APPLY] ds_v2_seed1/blue_bathroom_v34  (저장모델로 새 데이터 평가)
  AUC      = 0.9795
  IoU@0.5  = 0.1581
  F1@0.5   = 0.2730
  accuracy = 0.9468  (prec=0.8571, rec=0.1624)
  tp=588 fp=98 fn=3033 tn=55161
[save] D:\Users\dust\Documents\학교\2026년도1학기\컴퓨터비전\실습\FoundationStereo\experiments\ds_v2_seed1/blue_bathroom_v34\submodel_applied  (pred_mask.png, panel.png, metrics.json)

============================================================
STEP: estimate_mirror_plane
============================================================

============================================================
STEP: viz_ransac_inliers
============================================================

============================================================
STEP: make_mirror_gt_from_depth
============================================================

============================================================
STEP: analyze_features
============================================================

============================================================
STEP: submodel_head
============================================================

============================================================
STEP: apply_submodel
============================================================

DONE: D:\Users\dust\Documents\학교\2026년도1학기\컴퓨터비전\실습\FoundationStereo\experiments\ds_v2_seed1/blue_bathroom_v34 (ok)

##### [100/123] ds_v2_seed1/blue_bathroom_v35  (done 19, fail 0, skip 80, elapsed 11m, ETA 14m) #####
[scene] ds_v2_seed1/blue_bathroom_v35  size=1280x720
[select] mirror 점 개수 = 108687  (mask=108687, valid&depth = 859912)
[conf] mirror 영역 평균 confidence = 0.7202

=== 평면 추정 결과 ===
  [PCA (closed form)]
      normal = [+0.8653, -0.1023, -0.4906]
      d = +1.4318   mirror_depth(perp) = 1.4318 m   view_z = 6.4894 m
      n_inliers = 108687/108687   rms_residual = 0.13564 m
  [RANSAC]
      normal = [+0.8694, +0.0699, -0.4892]
      d = +1.5795   mirror_depth(perp) = 1.5795 m   view_z = 6.4894 m
      n_inliers = 64413/108687   rms_residual = 0.02243 m
  [SVD robust (IRLS)]
      normal = [+0.8664, -0.0619, -0.4955]
      d = +1.5048   mirror_depth(perp) = 1.5048 m   view_z = 6.4894 m
      n_inliers = 41400/108687   rms_residual = 0.03141 m

[save] D:\Users\dust\Documents\학교\2026년도1학기\컴퓨터비전\실습\FoundationStereo\experiments\ds_v2_seed1/blue_bathroom_v35\mirror_geometry\result.json
[save] D:\Users\dust\Documents\학교\2026년도1학기\컴퓨터비전\실습\FoundationStereo\experiments\ds_v2_seed1/blue_bathroom_v35\mirror_geometry\plane.txt
[save] D:\Users\dust\Documents\학교\2026년도1학기\컴퓨터비전\실습\FoundationStereo\experiments\ds_v2_seed1/blue_bathroom_v35\mirror_geometry\viz.png

DONE: D:\Users\dust\Documents\학교\2026년도1학기\컴퓨터비전\실습\FoundationStereo\experiments\ds_v2_seed1/blue_bathroom_v35\mirror_geometry
[ds_v2_seed1/blue_bathroom_v35] 거울 점 108687개 중 inlier 64413 (59.3%) / outlier 44274
  normal=[ 0.869  0.07  -0.489] d=1.580  rms(inlier)=0.0224 m  thr≈0.058 m
[save] D:\Users\dust\Documents\학교\2026년도1학기\컴퓨터비전\실습\FoundationStereo\experiments\ds_v2_seed1/blue_bathroom_v35\mirror_geometry\ransac_inliers.png
[gt] blue_bathroom_v35            perp 5.13m planRMS 0.0034m  normal [-0.491, 0.143, -0.859]

생성 1, 건너뜀 0 (depth_gt/mask 없음 등)
[ds_v2_seed1/blue_bathroom_v35] feature 184x320  mirror_frac=0.11754415760869565  feat_left=True
rank  signal              AUC    pol  sep     mean_in     mean_out
  1  post_entropy       0.7157   -  0.3889    0.653527    0.810312
  2  post_conf          0.6796   +  0.3321    0.720982    0.638141
  3  feat_left_pc1      0.6714   -  0.3241    1.670057    2.719214
  4  feat_left_l2       0.6693   +  0.2573   17.723377   16.316314
  5  delta_conf         0.6127   +  0.2032    0.304661    0.208216
  6  delta_argdisp      0.5921   -  0.1311   31.403988   38.915972
  7  delta_entropy      0.5791   -  0.1299   -1.197338   -1.002785
  8  feat_left_pc3      0.5354   +  0.0233    1.750434     1.68317
  9  pre_entropy        0.5331   +  0.0256    1.850864    1.813097
 10  feat_left_pc2      0.5278   +  0.0595    2.085357    1.892749
 11  pre_conf           0.5276   -  0.0333    0.416321    0.429925
BEST: post_entropy (AUC=0.7157, polarity=-)
저장: D:\Users\dust\Documents\학교\2026년도1학기\컴퓨터비전\실습\FoundationStereo\experiments\ds_v2_seed1/blue_bathroom_v35\features\report.json / panels.png / mirror_signal.npy
[device] cuda
  [train] epoch 60/300  loss=0.5801
  [train] epoch 120/300  loss=0.3922
  [train] epoch 180/300  loss=0.2813
  [train] epoch 240/300  loss=0.2007
  [train] epoch 300/300  loss=0.1457

[VAL] scene=ds_v2_seed1/blue_bathroom_v35  (pixel 70/30 split)
  AUC      = 0.9926
  IoU@0.5  = 0.7315
  F1@0.5   = 0.8449
  accuracy = 0.9587  (prec=0.7514, rec=0.9651)
  tp=1989 fp=658 fn=72 tn=14945

[save] D:\Users\dust\Documents\학교\2026년도1학기\컴퓨터비전\실습\FoundationStereo\experiments\ds_v2_seed1/blue_bathroom_v35\submodel
  pred_mask.png, panel.png, metrics.json, head.pt
DONE: D:\Users\dust\Documents\학교\2026년도1학기\컴퓨터비전\실습\FoundationStereo\experiments\ds_v2_seed1/blue_bathroom_v35\submodel
[device] cuda
[load] D:\Users\dust\Documents\학교\2026년도1학기\컴퓨터비전\실습\FoundationStereo\experiments\_model\general_head.pt  (train_scenes=['archiviz_baseline080', 'bedroom_baseline080', 'blue_bathroom_baseline080', 'computer_room_baseline080', 'cozy_living_room_baseline080', 'flat-archiviz_baseline080', 'green_house_baseline080', 'gym_baseline080', 'livingroom_baseline080', 'minimal_interior_baseline080', 'scandinavian_baseline080', 'sunlight_baseline080'])

[APPLY] ds_v2_seed1/blue_bathroom_v35  (저장모델로 새 데이터 평가)
  AUC      = 0.9865
  IoU@0.5  = 0.3371
  F1@0.5   = 0.5042
  accuracy = 0.9210  (prec=0.9625, rec=0.3416)
  tp=2364 fp=92 fn=4557 tn=51867
[save] D:\Users\dust\Documents\학교\2026년도1학기\컴퓨터비전\실습\FoundationStereo\experiments\ds_v2_seed1/blue_bathroom_v35\submodel_applied  (pred_mask.png, panel.png, metrics.json)

============================================================
STEP: estimate_mirror_plane
============================================================

============================================================
STEP: viz_ransac_inliers
============================================================

============================================================
STEP: make_mirror_gt_from_depth
============================================================

============================================================
STEP: analyze_features
============================================================

============================================================
STEP: submodel_head
============================================================

============================================================
STEP: apply_submodel
============================================================

DONE: D:\Users\dust\Documents\학교\2026년도1학기\컴퓨터비전\실습\FoundationStereo\experiments\ds_v2_seed1/blue_bathroom_v35 (ok)

##### [101/123] ds_v2_seed1/blue_bathroom_v36  (done 20, fail 0, skip 80, elapsed 11m, ETA 13m) #####
[scene] ds_v2_seed1/blue_bathroom_v36  size=1280x720
[select] mirror 점 개수 = 148264  (mask=148264, valid&depth = 864774)
[conf] mirror 영역 평균 confidence = 0.7072

=== 평면 추정 결과 ===
  [PCA (closed form)]
      normal = [+0.9235, -0.1430, -0.3560]
      d = +1.4088   mirror_depth(perp) = 1.4088 m   view_z = 7.3007 m
      n_inliers = 148264/148264   rms_residual = 0.16942 m
  [RANSAC]
      normal = [+0.9412, +0.0180, -0.3374]
      d = +1.4624   mirror_depth(perp) = 1.4624 m   view_z = 7.3007 m
      n_inliers = 74723/148264   rms_residual = 0.03416 m
  [SVD robust (IRLS)]
      normal = [+0.9217, -0.1436, -0.3604]
      d = +1.4593   mirror_depth(perp) = 1.4593 m   view_z = 7.3007 m
      n_inliers = 54075/148264   rms_residual = 0.04404 m

[save] D:\Users\dust\Documents\학교\2026년도1학기\컴퓨터비전\실습\FoundationStereo\experiments\ds_v2_seed1/blue_bathroom_v36\mirror_geometry\result.json
[save] D:\Users\dust\Documents\학교\2026년도1학기\컴퓨터비전\실습\FoundationStereo\experiments\ds_v2_seed1/blue_bathroom_v36\mirror_geometry\plane.txt
[save] D:\Users\dust\Documents\학교\2026년도1학기\컴퓨터비전\실습\FoundationStereo\experiments\ds_v2_seed1/blue_bathroom_v36\mirror_geometry\viz.png

DONE: D:\Users\dust\Documents\학교\2026년도1학기\컴퓨터비전\실습\FoundationStereo\experiments\ds_v2_seed1/blue_bathroom_v36\mirror_geometry
[ds_v2_seed1/blue_bathroom_v36] 거울 점 148264개 중 inlier 74723 (50.4%) / outlier 73541
  normal=[ 0.941  0.018 -0.337] d=1.462  rms(inlier)=0.0342 m  thr≈0.080 m
[save] D:\Users\dust\Documents\학교\2026년도1학기\컴퓨터비전\실습\FoundationStereo\experiments\ds_v2_seed1/blue_bathroom_v36\mirror_geometry\ransac_inliers.png
[gt] blue_bathroom_v36            perp 4.95m planRMS 0.0153m  normal [-0.324, 0.125, -0.938]

생성 1, 건너뜀 0 (depth_gt/mask 없음 등)
[ds_v2_seed1/blue_bathroom_v36] feature 184x320  mirror_frac=0.16129415760869564  feat_left=True
rank  signal              AUC    pol  sep     mean_in     mean_out
  1  post_entropy       0.6872   -  0.3763    0.654984     0.79923
  2  post_conf          0.6339   +  0.2549    0.707538    0.643795
  3  feat_left_pc1      0.6189   -  0.2385     1.85965    2.630199
  4  feat_left_l2       0.6029   +  0.1374   17.070218   16.322721
  5  delta_argdisp      0.5992   -  0.1346   33.813731   41.804528
  6  pre_entropy        0.5522   -  0.1338    1.789319    1.996324
  7  feat_left_pc2      0.5434   -  0.0921    1.477993    1.768147
  8  delta_conf         0.5417   +  0.0721    0.281303     0.24708
  9  pre_conf           0.5361   +  0.0713    0.426236    0.396716
 10  delta_entropy      0.5012   +  0.0399   -1.134336   -1.197094
 11  feat_left_pc3      0.5002   +  0.0032    1.807705      1.7989
BEST: post_entropy (AUC=0.6872, polarity=-)
저장: D:\Users\dust\Documents\학교\2026년도1학기\컴퓨터비전\실습\FoundationStereo\experiments\ds_v2_seed1/blue_bathroom_v36\features\report.json / panels.png / mirror_signal.npy
[device] cuda
  [train] epoch 60/300  loss=0.5723
  [train] epoch 120/300  loss=0.4014
  [train] epoch 180/300  loss=0.2848
  [train] epoch 240/300  loss=0.1996
  [train] epoch 300/300  loss=0.1424

[VAL] scene=ds_v2_seed1/blue_bathroom_v36  (pixel 70/30 split)
  AUC      = 0.9944
  IoU@0.5  = 0.8021
  F1@0.5   = 0.8902
  accuracy = 0.9616  (prec=0.8220, rec=0.9707)
  tp=2752 fp=596 fn=83 tn=14233

[save] D:\Users\dust\Documents\학교\2026년도1학기\컴퓨터비전\실습\FoundationStereo\experiments\ds_v2_seed1/blue_bathroom_v36\submodel
  pred_mask.png, panel.png, metrics.json, head.pt
DONE: D:\Users\dust\Documents\학교\2026년도1학기\컴퓨터비전\실습\FoundationStereo\experiments\ds_v2_seed1/blue_bathroom_v36\submodel
[device] cuda
[load] D:\Users\dust\Documents\학교\2026년도1학기\컴퓨터비전\실습\FoundationStereo\experiments\_model\general_head.pt  (train_scenes=['archiviz_baseline080', 'bedroom_baseline080', 'blue_bathroom_baseline080', 'computer_room_baseline080', 'cozy_living_room_baseline080', 'flat-archiviz_baseline080', 'green_house_baseline080', 'gym_baseline080', 'livingroom_baseline080', 'minimal_interior_baseline080', 'scandinavian_baseline080', 'sunlight_baseline080'])

[APPLY] ds_v2_seed1/blue_bathroom_v36  (저장모델로 새 데이터 평가)
  AUC      = 0.9615
  IoU@0.5  = 0.3511
  F1@0.5   = 0.5198
  accuracy = 0.8918  (prec=0.9151, rec=0.3630)
  tp=3447 fp=320 fn=6050 tn=49063
[save] D:\Users\dust\Documents\학교\2026년도1학기\컴퓨터비전\실습\FoundationStereo\experiments\ds_v2_seed1/blue_bathroom_v36\submodel_applied  (pred_mask.png, panel.png, metrics.json)

============================================================
STEP: estimate_mirror_plane
============================================================

============================================================
STEP: viz_ransac_inliers
============================================================

============================================================
STEP: make_mirror_gt_from_depth
============================================================

============================================================
STEP: analyze_features
============================================================

============================================================
STEP: submodel_head
============================================================

============================================================
STEP: apply_submodel
============================================================

DONE: D:\Users\dust\Documents\학교\2026년도1학기\컴퓨터비전\실습\FoundationStereo\experiments\ds_v2_seed1/blue_bathroom_v36 (ok)

##### [102/123] ds_v2_seed1/blue_bathroom_v37  (done 21, fail 0, skip 80, elapsed 12m, ETA 13m) #####
[scene] ds_v2_seed1/blue_bathroom_v37  size=1280x720
[select] mirror 점 개수 = 128436  (mask=128436, valid&depth = 873452)
[conf] mirror 영역 평균 confidence = 0.7069

=== 평면 추정 결과 ===
  [PCA (closed form)]
      normal = [+0.9387, -0.2485, -0.2388]
      d = +1.4080   mirror_depth(perp) = 1.4080 m   view_z = 7.0574 m
      n_inliers = 128436/128436   rms_residual = 0.17478 m
  [RANSAC]
      normal = [+0.9715, +0.0338, -0.2345]
      d = +1.6509   mirror_depth(perp) = 1.6509 m   view_z = 7.0574 m
      n_inliers = 51980/128436   rms_residual = 0.02884 m
  [SVD robust (IRLS)]
      normal = [+0.9357, -0.2577, -0.2408]
      d = +1.4139   mirror_depth(perp) = 1.4139 m   view_z = 7.0574 m
      n_inliers = 37440/128436   rms_residual = 0.03832 m

[save] D:\Users\dust\Documents\학교\2026년도1학기\컴퓨터비전\실습\FoundationStereo\experiments\ds_v2_seed1/blue_bathroom_v37\mirror_geometry\result.json
[save] D:\Users\dust\Documents\학교\2026년도1학기\컴퓨터비전\실습\FoundationStereo\experiments\ds_v2_seed1/blue_bathroom_v37\mirror_geometry\plane.txt
[save] D:\Users\dust\Documents\학교\2026년도1학기\컴퓨터비전\실습\FoundationStereo\experiments\ds_v2_seed1/blue_bathroom_v37\mirror_geometry\viz.png

DONE: D:\Users\dust\Documents\학교\2026년도1학기\컴퓨터비전\실습\FoundationStereo\experiments\ds_v2_seed1/blue_bathroom_v37\mirror_geometry
[ds_v2_seed1/blue_bathroom_v37] 거울 점 128436개 중 inlier 51980 (40.5%) / outlier 76456
  normal=[ 0.972  0.034 -0.234] d=1.651  rms(inlier)=0.0288 m  thr≈0.067 m
[save] D:\Users\dust\Documents\학교\2026년도1학기\컴퓨터비전\실습\FoundationStereo\experiments\ds_v2_seed1/blue_bathroom_v37\mirror_geometry\ransac_inliers.png
[gt] blue_bathroom_v37            perp 4.78m planRMS 0.0000m  normal [-0.194, 0.216, -0.957]

생성 1, 건너뜀 0 (depth_gt/mask 없음 등)
[ds_v2_seed1/blue_bathroom_v37] feature 184x320  mirror_frac=0.13982676630434782  feat_left=True
rank  signal              AUC    pol  sep     mean_in     mean_out
  1  post_entropy        0.682   -  0.4079    0.652587    0.876139
  2  feat_left_pc1      0.6758   -  0.3253    1.910287     2.94401
  3  delta_argdisp      0.6575   -  0.2531   29.011053   43.720615
  4  post_conf          0.6507   +  0.3087    0.706701    0.617151
  5  feat_left_l2       0.6462   +  0.2224   17.644278   16.380634
  6  pre_entropy        0.5905   -  0.2016    1.687573    2.007308
  7  pre_conf           0.5719   +  0.1357    0.454325    0.396965
  8  delta_conf         0.5324   +  0.0635    0.252376    0.220186
  9  feat_left_pc3      0.5174   -  0.0687    1.317669    1.507822
 10  delta_entropy      0.5132   +  0.0569   -1.034986   -1.131169
 11  feat_left_pc2       0.504   -   0.027    2.066065    1.979564
BEST: post_entropy (AUC=0.682, polarity=-)
저장: D:\Users\dust\Documents\학교\2026년도1학기\컴퓨터비전\실습\FoundationStereo\experiments\ds_v2_seed1/blue_bathroom_v37\features\report.json / panels.png / mirror_signal.npy
[device] cuda
  [train] epoch 60/300  loss=0.5416
  [train] epoch 120/300  loss=0.3419
  [train] epoch 180/300  loss=0.2342
  [train] epoch 240/300  loss=0.1637
  [train] epoch 300/300  loss=0.1173

[VAL] scene=ds_v2_seed1/blue_bathroom_v37  (pixel 70/30 split)
  AUC      = 0.9966
  IoU@0.5  = 0.8235
  F1@0.5   = 0.9032
  accuracy = 0.9706  (prec=0.8421, rec=0.9739)
  tp=2426 fp=455 fn=65 tn=14718

[save] D:\Users\dust\Documents\학교\2026년도1학기\컴퓨터비전\실습\FoundationStereo\experiments\ds_v2_seed1/blue_bathroom_v37\submodel
  pred_mask.png, panel.png, metrics.json, head.pt
DONE: D:\Users\dust\Documents\학교\2026년도1학기\컴퓨터비전\실습\FoundationStereo\experiments\ds_v2_seed1/blue_bathroom_v37\submodel
[device] cuda
[load] D:\Users\dust\Documents\학교\2026년도1학기\컴퓨터비전\실습\FoundationStereo\experiments\_model\general_head.pt  (train_scenes=['archiviz_baseline080', 'bedroom_baseline080', 'blue_bathroom_baseline080', 'computer_room_baseline080', 'cozy_living_room_baseline080', 'flat-archiviz_baseline080', 'green_house_baseline080', 'gym_baseline080', 'livingroom_baseline080', 'minimal_interior_baseline080', 'scandinavian_baseline080', 'sunlight_baseline080'])

[APPLY] ds_v2_seed1/blue_bathroom_v37  (저장모델로 새 데이터 평가)
  AUC      = 0.9642
  IoU@0.5  = 0.2437
  F1@0.5   = 0.3920
  accuracy = 0.8937  (prec=0.9777, rec=0.2451)
  tp=2018 fp=46 fn=6215 tn=50601
[save] D:\Users\dust\Documents\학교\2026년도1학기\컴퓨터비전\실습\FoundationStereo\experiments\ds_v2_seed1/blue_bathroom_v37\submodel_applied  (pred_mask.png, panel.png, metrics.json)

============================================================
STEP: estimate_mirror_plane
============================================================

============================================================
STEP: viz_ransac_inliers
============================================================

============================================================
STEP: make_mirror_gt_from_depth
============================================================

============================================================
STEP: analyze_features
============================================================

============================================================
STEP: submodel_head
============================================================

============================================================
STEP: apply_submodel
============================================================

DONE: D:\Users\dust\Documents\학교\2026년도1학기\컴퓨터비전\실습\FoundationStereo\experiments\ds_v2_seed1/blue_bathroom_v37 (ok)

##### [103/123] ds_v2_seed1/blue_bathroom_v38  (done 22, fail 0, skip 80, elapsed 13m, ETA 12m) #####
[scene] ds_v2_seed1/blue_bathroom_v38  size=1280x720
[select] mirror 점 개수 = 136333  (mask=136333, valid&depth = 862181)
[conf] mirror 영역 평균 confidence = 0.7113

=== 평면 추정 결과 ===
  [PCA (closed form)]
      normal = [+0.9005, -0.2151, -0.3780]
      d = +1.4217   mirror_depth(perp) = 1.4217 m   view_z = 7.0088 m
      n_inliers = 136333/136333   rms_residual = 0.17844 m
  [RANSAC]
      normal = [+0.9339, +0.0777, -0.3490]
      d = +1.4862   mirror_depth(perp) = 1.4862 m   view_z = 7.0088 m
      n_inliers = 53673/136333   rms_residual = 0.02490 m
  [SVD robust (IRLS)]
      normal = [+0.8984, -0.2208, -0.3795]
      d = +1.4260   mirror_depth(perp) = 1.4260 m   view_z = 7.0088 m
      n_inliers = 38699/136333   rms_residual = 0.03942 m

[save] D:\Users\dust\Documents\학교\2026년도1학기\컴퓨터비전\실습\FoundationStereo\experiments\ds_v2_seed1/blue_bathroom_v38\mirror_geometry\result.json
[save] D:\Users\dust\Documents\학교\2026년도1학기\컴퓨터비전\실습\FoundationStereo\experiments\ds_v2_seed1/blue_bathroom_v38\mirror_geometry\plane.txt
[save] D:\Users\dust\Documents\학교\2026년도1학기\컴퓨터비전\실습\FoundationStereo\experiments\ds_v2_seed1/blue_bathroom_v38\mirror_geometry\viz.png

DONE: D:\Users\dust\Documents\학교\2026년도1학기\컴퓨터비전\실습\FoundationStereo\experiments\ds_v2_seed1/blue_bathroom_v38\mirror_geometry
[ds_v2_seed1/blue_bathroom_v38] 거울 점 136333개 중 inlier 53673 (39.4%) / outlier 82660
  normal=[ 0.934  0.078 -0.349] d=1.486  rms(inlier)=0.0249 m  thr≈0.067 m
[save] D:\Users\dust\Documents\학교\2026년도1학기\컴퓨터비전\실습\FoundationStereo\experiments\ds_v2_seed1/blue_bathroom_v38\mirror_geometry\ransac_inliers.png
[gt] blue_bathroom_v38            perp 4.83m planRMS 0.0000m  normal [-0.344, 0.208, -0.916]

생성 1, 건너뜀 0 (depth_gt/mask 없음 등)
[ds_v2_seed1/blue_bathroom_v38] feature 184x320  mirror_frac=0.14859035326086956  feat_left=True
rank  signal              AUC    pol  sep     mean_in     mean_out
  1  post_entropy       0.6263   -  0.2241    0.666234    0.741307
  2  feat_left_pc1      0.6103   -  0.2194    1.825992     2.55196
  3  feat_left_l2       0.6069   +  0.1446   17.117841   16.344341
  4  post_conf          0.6068   +    0.19    0.711046    0.665591
  5  delta_argdisp      0.5895   -  0.1269    33.72534   41.310726
  6  pre_entropy        0.5647   -  0.1577    1.787682    2.033427
  7  pre_conf           0.5508   +  0.0934    0.428718    0.390465
  8  delta_entropy      0.5415   +  0.1089   -1.121448    -1.29212
  9  feat_left_pc2      0.5348   -  0.0637    1.608511    1.802599
 10  feat_left_pc3      0.5171   -   0.041    1.669572    1.783836
 11  delta_conf          0.511   +  0.0153    0.282327    0.275126
BEST: post_entropy (AUC=0.6263, polarity=-)
저장: D:\Users\dust\Documents\학교\2026년도1학기\컴퓨터비전\실습\FoundationStereo\experiments\ds_v2_seed1/blue_bathroom_v38\features\report.json / panels.png / mirror_signal.npy
[device] cuda
  [train] epoch 60/300  loss=0.5982
  [train] epoch 120/300  loss=0.4065
  [train] epoch 180/300  loss=0.2856
  [train] epoch 240/300  loss=0.1988
  [train] epoch 300/300  loss=0.1402

[VAL] scene=ds_v2_seed1/blue_bathroom_v38  (pixel 70/30 split)
  AUC      = 0.9946
  IoU@0.5  = 0.7883
  F1@0.5   = 0.8816
  accuracy = 0.9615  (prec=0.8092, rec=0.9683)
  tp=2532 fp=597 fn=83 tn=14452

[save] D:\Users\dust\Documents\학교\2026년도1학기\컴퓨터비전\실습\FoundationStereo\experiments\ds_v2_seed1/blue_bathroom_v38\submodel
  pred_mask.png, panel.png, metrics.json, head.pt
DONE: D:\Users\dust\Documents\학교\2026년도1학기\컴퓨터비전\실습\FoundationStereo\experiments\ds_v2_seed1/blue_bathroom_v38\submodel
[device] cuda
[load] D:\Users\dust\Documents\학교\2026년도1학기\컴퓨터비전\실습\FoundationStereo\experiments\_model\general_head.pt  (train_scenes=['archiviz_baseline080', 'bedroom_baseline080', 'blue_bathroom_baseline080', 'computer_room_baseline080', 'cozy_living_room_baseline080', 'flat-archiviz_baseline080', 'green_house_baseline080', 'gym_baseline080', 'livingroom_baseline080', 'minimal_interior_baseline080', 'scandinavian_baseline080', 'sunlight_baseline080'])

[APPLY] ds_v2_seed1/blue_bathroom_v38  (저장모델로 새 데이터 평가)
  AUC      = 0.9780
  IoU@0.5  = 0.3002
  F1@0.5   = 0.4618
  accuracy = 0.8954  (prec=0.9807, rec=0.3020)
  tp=2642 fp=52 fn=6107 tn=50079
[save] D:\Users\dust\Documents\학교\2026년도1학기\컴퓨터비전\실습\FoundationStereo\experiments\ds_v2_seed1/blue_bathroom_v38\submodel_applied  (pred_mask.png, panel.png, metrics.json)

============================================================
STEP: estimate_mirror_plane
============================================================

============================================================
STEP: viz_ransac_inliers
============================================================

============================================================
STEP: make_mirror_gt_from_depth
============================================================

============================================================
STEP: analyze_features
============================================================

============================================================
STEP: submodel_head
============================================================

============================================================
STEP: apply_submodel
============================================================

DONE: D:\Users\dust\Documents\학교\2026년도1학기\컴퓨터비전\실습\FoundationStereo\experiments\ds_v2_seed1/blue_bathroom_v38 (ok)

##### [104/123] ds_v2_seed1/blue_bathroom_v39  (done 23, fail 0, skip 80, elapsed 13m, ETA 12m) #####
[scene] ds_v2_seed1/blue_bathroom_v39  size=1280x720
[select] mirror 점 개수 = 127194  (mask=127194, valid&depth = 867468)
[conf] mirror 영역 평균 confidence = 0.6942

=== 평면 추정 결과 ===
  [PCA (closed form)]
      normal = [+0.9395, -0.1144, -0.3229]
      d = +1.3821   mirror_depth(perp) = 1.3821 m   view_z = 7.0850 m
      n_inliers = 127194/127194   rms_residual = 0.14584 m
  [RANSAC]
      normal = [+0.9349, +0.0254, -0.3541]
      d = +1.5928   mirror_depth(perp) = 1.5928 m   view_z = 7.0850 m
      n_inliers = 67623/127194   rms_residual = 0.02330 m
  [SVD robust (IRLS)]
      normal = [+0.9373, -0.0675, -0.3418]
      d = +1.5227   mirror_depth(perp) = 1.5227 m   view_z = 7.0850 m
      n_inliers = 53008/127194   rms_residual = 0.03338 m

[save] D:\Users\dust\Documents\학교\2026년도1학기\컴퓨터비전\실습\FoundationStereo\experiments\ds_v2_seed1/blue_bathroom_v39\mirror_geometry\result.json
[save] D:\Users\dust\Documents\학교\2026년도1학기\컴퓨터비전\실습\FoundationStereo\experiments\ds_v2_seed1/blue_bathroom_v39\mirror_geometry\plane.txt
[save] D:\Users\dust\Documents\학교\2026년도1학기\컴퓨터비전\실습\FoundationStereo\experiments\ds_v2_seed1/blue_bathroom_v39\mirror_geometry\viz.png

DONE: D:\Users\dust\Documents\학교\2026년도1학기\컴퓨터비전\실습\FoundationStereo\experiments\ds_v2_seed1/blue_bathroom_v39\mirror_geometry
[ds_v2_seed1/blue_bathroom_v39] 거울 점 127194개 중 inlier 67623 (53.2%) / outlier 59571
  normal=[ 0.935  0.025 -0.354] d=1.593  rms(inlier)=0.0233 m  thr≈0.060 m
[save] D:\Users\dust\Documents\학교\2026년도1학기\컴퓨터비전\실습\FoundationStereo\experiments\ds_v2_seed1/blue_bathroom_v39\mirror_geometry\ransac_inliers.png
[gt] blue_bathroom_v39            perp 4.68m planRMS 0.0000m  normal [-0.346, 0.013, -0.938]

생성 1, 건너뜀 0 (depth_gt/mask 없음 등)
[ds_v2_seed1/blue_bathroom_v39] feature 184x320  mirror_frac=0.13692255434782608  feat_left=True
rank  signal              AUC    pol  sep     mean_in     mean_out
  1  post_entropy        0.762   -  0.4673    0.701641    0.922537
  2  feat_left_pc1      0.7066   -  0.3494    1.902306    3.076384
  3  post_conf          0.7012   +  0.3802    0.693625    0.601513
  4  feat_left_l2       0.6741   +  0.2653   17.752079   16.150114
  5  delta_argdisp      0.5987   -  0.1465    33.39618   42.062675
  6  delta_conf         0.5764   +  0.1346    0.252283    0.188163
  7  feat_left_pc3      0.5433   +  0.0581     1.82312    1.648864
  8  pre_entropy        0.5395   -  0.1073    1.737313     1.90431
  9  delta_entropy      0.5392   -  0.0333   -1.035671   -0.981773
 10  pre_conf           0.5336   +  0.0665    0.441342     0.41335
 11  feat_left_pc2      0.5112   +  0.0288    1.976799    1.878619
BEST: post_entropy (AUC=0.762, polarity=-)
저장: D:\Users\dust\Documents\학교\2026년도1학기\컴퓨터비전\실습\FoundationStereo\experiments\ds_v2_seed1/blue_bathroom_v39\features\report.json / panels.png / mirror_signal.npy
[device] cuda
  [train] epoch 60/300  loss=0.5513
  [train] epoch 120/300  loss=0.3605
  [train] epoch 180/300  loss=0.2417
  [train] epoch 240/300  loss=0.1637
  [train] epoch 300/300  loss=0.1151

[VAL] scene=ds_v2_seed1/blue_bathroom_v39  (pixel 70/30 split)
  AUC      = 0.9964
  IoU@0.5  = 0.8030
  F1@0.5   = 0.8907
  accuracy = 0.9678  (prec=0.8227, rec=0.9711)
  tp=2315 fp=499 fn=69 tn=14781

[save] D:\Users\dust\Documents\학교\2026년도1학기\컴퓨터비전\실습\FoundationStereo\experiments\ds_v2_seed1/blue_bathroom_v39\submodel
  pred_mask.png, panel.png, metrics.json, head.pt
DONE: D:\Users\dust\Documents\학교\2026년도1학기\컴퓨터비전\실습\FoundationStereo\experiments\ds_v2_seed1/blue_bathroom_v39\submodel
[device] cuda
[load] D:\Users\dust\Documents\학교\2026년도1학기\컴퓨터비전\실습\FoundationStereo\experiments\_model\general_head.pt  (train_scenes=['archiviz_baseline080', 'bedroom_baseline080', 'blue_bathroom_baseline080', 'computer_room_baseline080', 'cozy_living_room_baseline080', 'flat-archiviz_baseline080', 'green_house_baseline080', 'gym_baseline080', 'livingroom_baseline080', 'minimal_interior_baseline080', 'scandinavian_baseline080', 'sunlight_baseline080'])

[APPLY] ds_v2_seed1/blue_bathroom_v39  (저장모델로 새 데이터 평가)
  AUC      = 0.9510
  IoU@0.5  = 0.3077
  F1@0.5   = 0.4706
  accuracy = 0.9033  (prec=0.9395, rec=0.3139)
  tp=2531 fp=163 fn=5531 tn=50655
[save] D:\Users\dust\Documents\학교\2026년도1학기\컴퓨터비전\실습\FoundationStereo\experiments\ds_v2_seed1/blue_bathroom_v39\submodel_applied  (pred_mask.png, panel.png, metrics.json)

============================================================
STEP: estimate_mirror_plane
============================================================

============================================================
STEP: viz_ransac_inliers
============================================================

============================================================
STEP: make_mirror_gt_from_depth
============================================================

============================================================
STEP: analyze_features
============================================================

============================================================
STEP: submodel_head
============================================================

============================================================
STEP: apply_submodel
============================================================

DONE: D:\Users\dust\Documents\학교\2026년도1학기\컴퓨터비전\실습\FoundationStereo\experiments\ds_v2_seed1/blue_bathroom_v39 (ok)

##### [105/123] ds_v2_seed1/blue_bathroom_v40  (done 24, fail 0, skip 80, elapsed 14m, ETA 11m) #####
[scene] ds_v2_seed1/blue_bathroom_v40  size=1280x720
[select] mirror 점 개수 = 159826  (mask=159826, valid&depth = 873060)
[conf] mirror 영역 평균 confidence = 0.7005

=== 평면 추정 결과 ===
  [PCA (closed form)]
      normal = [+0.9487, -0.1270, -0.2896]
      d = +1.4320   mirror_depth(perp) = 1.4320 m   view_z = 6.8404 m
      n_inliers = 159826/159826   rms_residual = 0.16233 m
  [RANSAC]
      normal = [+0.9566, +0.0127, -0.2911]
      d = +1.5229   mirror_depth(perp) = 1.5229 m   view_z = 6.8404 m
      n_inliers = 84578/159826   rms_residual = 0.02801 m
  [SVD robust (IRLS)]
      normal = [+0.9483, -0.1051, -0.2995]
      d = +1.5231   mirror_depth(perp) = 1.5231 m   view_z = 6.8404 m
      n_inliers = 57646/159826   rms_residual = 0.03570 m

[save] D:\Users\dust\Documents\학교\2026년도1학기\컴퓨터비전\실습\FoundationStereo\experiments\ds_v2_seed1/blue_bathroom_v40\mirror_geometry\result.json
[save] D:\Users\dust\Documents\학교\2026년도1학기\컴퓨터비전\실습\FoundationStereo\experiments\ds_v2_seed1/blue_bathroom_v40\mirror_geometry\plane.txt
[save] D:\Users\dust\Documents\학교\2026년도1학기\컴퓨터비전\실습\FoundationStereo\experiments\ds_v2_seed1/blue_bathroom_v40\mirror_geometry\viz.png

DONE: D:\Users\dust\Documents\학교\2026년도1학기\컴퓨터비전\실습\FoundationStereo\experiments\ds_v2_seed1/blue_bathroom_v40\mirror_geometry
[ds_v2_seed1/blue_bathroom_v40] 거울 점 159826개 중 inlier 84578 (52.9%) / outlier 75248
  normal=[ 0.957  0.013 -0.291] d=1.523  rms(inlier)=0.0280 m  thr≈0.066 m
[save] D:\Users\dust\Documents\학교\2026년도1학기\컴퓨터비전\실습\FoundationStereo\experiments\ds_v2_seed1/blue_bathroom_v40\mirror_geometry\ransac_inliers.png
[gt] blue_bathroom_v40            perp 4.66m planRMS 0.0027m  normal [-0.296, 0.058, -0.953]

생성 1, 건너뜀 0 (depth_gt/mask 없음 등)
[ds_v2_seed1/blue_bathroom_v40] feature 184x320  mirror_frac=0.17342051630434782  feat_left=True
rank  signal              AUC    pol  sep     mean_in     mean_out
  1  post_entropy       0.7622   -  0.4839    0.682262    0.927874
  2  post_conf          0.7136   +  0.4095    0.699565    0.592511
  3  feat_left_pc1      0.6959   -  0.3556    1.899282     3.05058
  4  feat_left_l2       0.6615   +  0.2274   17.538027   16.210603
  5  delta_argdisp      0.6373   -  0.2079   31.252277   43.261501
  6  pre_entropy         0.573   -  0.1728    1.720877    1.989647
  7  delta_conf         0.5696   +  0.1175    0.256073    0.198958
  8  pre_conf           0.5624   +  0.1217    0.443493    0.393553
  9  delta_entropy      0.5163   -   0.014   -1.038615   -1.061773
 10  feat_left_pc3       0.514   +  0.0196    1.590728    1.648098
 11  feat_left_pc2      0.5072   -  0.0138    1.900568     1.94558
BEST: post_entropy (AUC=0.7622, polarity=-)
저장: D:\Users\dust\Documents\학교\2026년도1학기\컴퓨터비전\실습\FoundationStereo\experiments\ds_v2_seed1/blue_bathroom_v40\features\report.json / panels.png / mirror_signal.npy
[device] cuda
  [train] epoch 60/300  loss=0.4679
  [train] epoch 120/300  loss=0.3030
  [train] epoch 180/300  loss=0.2134
  [train] epoch 240/300  loss=0.1524
  [train] epoch 300/300  loss=0.1117

[VAL] scene=ds_v2_seed1/blue_bathroom_v40  (pixel 70/30 split)
  AUC      = 0.9953
  IoU@0.5  = 0.8416
  F1@0.5   = 0.9140
  accuracy = 0.9687  (prec=0.8644, rec=0.9696)
  tp=2939 fp=461 fn=92 tn=14172

[save] D:\Users\dust\Documents\학교\2026년도1학기\컴퓨터비전\실습\FoundationStereo\experiments\ds_v2_seed1/blue_bathroom_v40\submodel
  pred_mask.png, panel.png, metrics.json, head.pt
DONE: D:\Users\dust\Documents\학교\2026년도1학기\컴퓨터비전\실습\FoundationStereo\experiments\ds_v2_seed1/blue_bathroom_v40\submodel
[device] cuda
[load] D:\Users\dust\Documents\학교\2026년도1학기\컴퓨터비전\실습\FoundationStereo\experiments\_model\general_head.pt  (train_scenes=['archiviz_baseline080', 'bedroom_baseline080', 'blue_bathroom_baseline080', 'computer_room_baseline080', 'cozy_living_room_baseline080', 'flat-archiviz_baseline080', 'green_house_baseline080', 'gym_baseline080', 'livingroom_baseline080', 'minimal_interior_baseline080', 'scandinavian_baseline080', 'sunlight_baseline080'])

[APPLY] ds_v2_seed1/blue_bathroom_v40  (저장모델로 새 데이터 평가)
  AUC      = 0.9342
  IoU@0.5  = 0.2644
  F1@0.5   = 0.4182
  accuracy = 0.8641  (prec=0.8111, rec=0.2818)
  tp=2877 fp=670 fn=7334 tn=47999
[save] D:\Users\dust\Documents\학교\2026년도1학기\컴퓨터비전\실습\FoundationStereo\experiments\ds_v2_seed1/blue_bathroom_v40\submodel_applied  (pred_mask.png, panel.png, metrics.json)

============================================================
STEP: estimate_mirror_plane
============================================================

============================================================
STEP: viz_ransac_inliers
============================================================

============================================================
STEP: make_mirror_gt_from_depth
============================================================

============================================================
STEP: analyze_features
============================================================

============================================================
STEP: submodel_head
============================================================

============================================================
STEP: apply_submodel
============================================================

DONE: D:\Users\dust\Documents\학교\2026년도1학기\컴퓨터비전\실습\FoundationStereo\experiments\ds_v2_seed1/blue_bathroom_v40 (ok)

##### [106/123] ds_v2_seed1/blue_bathroom_v41  (done 25, fail 0, skip 80, elapsed 14m, ETA 10m) #####
[scene] ds_v2_seed1/blue_bathroom_v41  size=1280x720
[select] mirror 점 개수 = 156377  (mask=156377, valid&depth = 858538)
[conf] mirror 영역 평균 confidence = 0.6830

=== 평면 추정 결과 ===
  [PCA (closed form)]
      normal = [+0.9389, -0.1595, -0.3049]
      d = +1.2695   mirror_depth(perp) = 1.2695 m   view_z = 7.4052 m
      n_inliers = 156377/156377   rms_residual = 0.19523 m
  [RANSAC]
      normal = [+0.9500, +0.0100, -0.3119]
      d = +1.4160   mirror_depth(perp) = 1.4160 m   view_z = 7.4052 m
      n_inliers = 62687/156377   rms_residual = 0.03250 m
  [SVD robust (IRLS)]
      normal = [+0.9318, -0.1857, -0.3119]
      d = +1.3414   mirror_depth(perp) = 1.3414 m   view_z = 7.4052 m
      n_inliers = 45212/156377   rms_residual = 0.04078 m

[save] D:\Users\dust\Documents\학교\2026년도1학기\컴퓨터비전\실습\FoundationStereo\experiments\ds_v2_seed1/blue_bathroom_v41\mirror_geometry\result.json
[save] D:\Users\dust\Documents\학교\2026년도1학기\컴퓨터비전\실습\FoundationStereo\experiments\ds_v2_seed1/blue_bathroom_v41\mirror_geometry\plane.txt
[save] D:\Users\dust\Documents\학교\2026년도1학기\컴퓨터비전\실습\FoundationStereo\experiments\ds_v2_seed1/blue_bathroom_v41\mirror_geometry\viz.png

DONE: D:\Users\dust\Documents\학교\2026년도1학기\컴퓨터비전\실습\FoundationStereo\experiments\ds_v2_seed1/blue_bathroom_v41\mirror_geometry
[ds_v2_seed1/blue_bathroom_v41] 거울 점 156377개 중 inlier 62687 (40.1%) / outlier 93690
  normal=[ 0.95   0.01  -0.312] d=1.416  rms(inlier)=0.0325 m  thr≈0.072 m
[save] D:\Users\dust\Documents\학교\2026년도1학기\컴퓨터비전\실습\FoundationStereo\experiments\ds_v2_seed1/blue_bathroom_v41\mirror_geometry\ransac_inliers.png
[gt] blue_bathroom_v41            perp 4.85m planRMS 0.0019m  normal [-0.286, 0.048, -0.957]

생성 1, 건너뜀 0 (depth_gt/mask 없음 등)
[ds_v2_seed1/blue_bathroom_v41] feature 184x320  mirror_frac=0.16978600543478262  feat_left=True
rank  signal              AUC    pol  sep     mean_in     mean_out
  1  post_entropy       0.7631   -  0.4707    0.674367    0.849922
  2  feat_left_pc1      0.6594   -  0.2922    1.861974    2.812702
  3  feat_left_l2       0.6407   +  0.2041   17.392105   16.238517
  4  post_conf          0.6318   +  0.2535    0.682704     0.62145
  5  delta_argdisp      0.5697   -  0.0943   35.636091   41.258433
  6  delta_conf         0.5522   +  0.0932    0.264273    0.221364
  7  delta_entropy      0.5354   -  0.0217   -1.151644   -1.118206
  8  pre_entropy        0.5272   -  0.0939    1.826011    1.968128
  9  pre_conf           0.5223   +  0.0454    0.418431    0.400086
 10  feat_left_pc2      0.5141   -  0.0254    1.767005    1.848722
 11  feat_left_pc3       0.504   +    0.01    1.696899    1.725797
BEST: post_entropy (AUC=0.7631, polarity=-)
저장: D:\Users\dust\Documents\학교\2026년도1학기\컴퓨터비전\실습\FoundationStereo\experiments\ds_v2_seed1/blue_bathroom_v41\features\report.json / panels.png / mirror_signal.npy
[device] cuda
  [train] epoch 60/300  loss=0.4793
  [train] epoch 120/300  loss=0.3001
  [train] epoch 180/300  loss=0.2076
  [train] epoch 240/300  loss=0.1470
  [train] epoch 300/300  loss=0.1072

[VAL] scene=ds_v2_seed1/blue_bathroom_v41  (pixel 70/30 split)
  AUC      = 0.9959
  IoU@0.5  = 0.8345
  F1@0.5   = 0.9098
  accuracy = 0.9676  (prec=0.8530, rec=0.9747)
  tp=2885 fp=497 fn=75 tn=14207

[save] D:\Users\dust\Documents\학교\2026년도1학기\컴퓨터비전\실습\FoundationStereo\experiments\ds_v2_seed1/blue_bathroom_v41\submodel
  pred_mask.png, panel.png, metrics.json, head.pt
DONE: D:\Users\dust\Documents\학교\2026년도1학기\컴퓨터비전\실습\FoundationStereo\experiments\ds_v2_seed1/blue_bathroom_v41\submodel
[device] cuda
[load] D:\Users\dust\Documents\학교\2026년도1학기\컴퓨터비전\실습\FoundationStereo\experiments\_model\general_head.pt  (train_scenes=['archiviz_baseline080', 'bedroom_baseline080', 'blue_bathroom_baseline080', 'computer_room_baseline080', 'cozy_living_room_baseline080', 'flat-archiviz_baseline080', 'green_house_baseline080', 'gym_baseline080', 'livingroom_baseline080', 'minimal_interior_baseline080', 'scandinavian_baseline080', 'sunlight_baseline080'])

[APPLY] ds_v2_seed1/blue_bathroom_v41  (저장모델로 새 데이터 평가)
  AUC      = 0.9669
  IoU@0.5  = 0.3777
  F1@0.5   = 0.5483
  accuracy = 0.8917  (prec=0.9404, rec=0.3869)
  tp=3868 fp=245 fn=6129 tn=48638
[save] D:\Users\dust\Documents\학교\2026년도1학기\컴퓨터비전\실습\FoundationStereo\experiments\ds_v2_seed1/blue_bathroom_v41\submodel_applied  (pred_mask.png, panel.png, metrics.json)

============================================================
STEP: estimate_mirror_plane
============================================================

============================================================
STEP: viz_ransac_inliers
============================================================

============================================================
STEP: make_mirror_gt_from_depth
============================================================

============================================================
STEP: analyze_features
============================================================

============================================================
STEP: submodel_head
============================================================

============================================================
STEP: apply_submodel
============================================================

DONE: D:\Users\dust\Documents\학교\2026년도1학기\컴퓨터비전\실습\FoundationStereo\experiments\ds_v2_seed1/blue_bathroom_v41 (ok)

##### [107/123] ds_v2_seed1/blue_bathroom_v42  (done 26, fail 0, skip 80, elapsed 15m, ETA 10m) #####
[scene] ds_v2_seed1/blue_bathroom_v42  size=1280x720
[select] mirror 점 개수 = 134072  (mask=134072, valid&depth = 871168)
[conf] mirror 영역 평균 confidence = 0.6915

=== 평면 추정 결과 ===
  [PCA (closed form)]
      normal = [+0.9214, -0.1741, -0.3475]
      d = +1.4785   mirror_depth(perp) = 1.4785 m   view_z = 7.0237 m
      n_inliers = 134072/134072   rms_residual = 0.16706 m
  [RANSAC]
      normal = [+0.9318, +0.0693, -0.3562]
      d = +1.7495   mirror_depth(perp) = 1.7495 m   view_z = 7.0237 m
      n_inliers = 64120/134072   rms_residual = 0.02604 m
  [SVD robust (IRLS)]
      normal = [+0.9241, -0.1563, -0.3486]
      d = +1.5032   mirror_depth(perp) = 1.5032 m   view_z = 7.0237 m
      n_inliers = 41819/134072   rms_residual = 0.03758 m

[save] D:\Users\dust\Documents\학교\2026년도1학기\컴퓨터비전\실습\FoundationStereo\experiments\ds_v2_seed1/blue_bathroom_v42\mirror_geometry\result.json
[save] D:\Users\dust\Documents\학교\2026년도1학기\컴퓨터비전\실습\FoundationStereo\experiments\ds_v2_seed1/blue_bathroom_v42\mirror_geometry\plane.txt
[save] D:\Users\dust\Documents\학교\2026년도1학기\컴퓨터비전\실습\FoundationStereo\experiments\ds_v2_seed1/blue_bathroom_v42\mirror_geometry\viz.png

DONE: D:\Users\dust\Documents\학교\2026년도1학기\컴퓨터비전\실습\FoundationStereo\experiments\ds_v2_seed1/blue_bathroom_v42\mirror_geometry
[ds_v2_seed1/blue_bathroom_v42] 거울 점 134072개 중 inlier 64120 (47.8%) / outlier 69952
  normal=[ 0.932  0.069 -0.356] d=1.750  rms(inlier)=0.0260 m  thr≈0.066 m
[save] D:\Users\dust\Documents\학교\2026년도1학기\컴퓨터비전\실습\FoundationStereo\experiments\ds_v2_seed1/blue_bathroom_v42\mirror_geometry\ransac_inliers.png
[gt] blue_bathroom_v42            perp 4.98m planRMS 0.0000m  normal [-0.344, 0.186, -0.92]

생성 1, 건너뜀 0 (depth_gt/mask 없음 등)
[ds_v2_seed1/blue_bathroom_v42] feature 184x320  mirror_frac=0.14600883152173913  feat_left=True
rank  signal              AUC    pol  sep     mean_in     mean_out
  1  post_entropy       0.6377   -   0.244    0.702643    0.793645
  2  feat_left_pc1      0.6248   -   0.223    1.873142    2.631872
  3  feat_left_l2       0.6083   +  0.1486   17.143442   16.345913
  4  post_conf          0.5927   +  0.1644    0.691037    0.652498
  5  pre_entropy        0.5622   -  0.1536    1.813086    2.053875
  6  delta_argdisp      0.5539   -  0.0887   39.584855   44.915439
  7  pre_conf           0.5444   +  0.0817    0.417856      0.3845
  8  delta_entropy      0.5314   +  0.0946   -1.110443    -1.26023
  9  feat_left_pc2      0.5272   -  0.0371    1.736247    1.848544
 10  feat_left_pc3      0.5119   -  0.0414    1.575773    1.694713
 11  delta_conf         0.5072   +  0.0113    0.273181    0.267998
BEST: post_entropy (AUC=0.6377, polarity=-)
저장: D:\Users\dust\Documents\학교\2026년도1학기\컴퓨터비전\실습\FoundationStereo\experiments\ds_v2_seed1/blue_bathroom_v42\features\report.json / panels.png / mirror_signal.npy
[device] cuda
  [train] epoch 60/300  loss=0.5985
  [train] epoch 120/300  loss=0.4030
  [train] epoch 180/300  loss=0.2810
  [train] epoch 240/300  loss=0.1984
  [train] epoch 300/300  loss=0.1440

[VAL] scene=ds_v2_seed1/blue_bathroom_v42  (pixel 70/30 split)
  AUC      = 0.9933
  IoU@0.5  = 0.7702
  F1@0.5   = 0.8702
  accuracy = 0.9590  (prec=0.7936, rec=0.9631)
  tp=2426 fp=631 fn=93 tn=14514

[save] D:\Users\dust\Documents\학교\2026년도1학기\컴퓨터비전\실습\FoundationStereo\experiments\ds_v2_seed1/blue_bathroom_v42\submodel
  pred_mask.png, panel.png, metrics.json, head.pt
DONE: D:\Users\dust\Documents\학교\2026년도1학기\컴퓨터비전\실습\FoundationStereo\experiments\ds_v2_seed1/blue_bathroom_v42\submodel
[device] cuda
[load] D:\Users\dust\Documents\학교\2026년도1학기\컴퓨터비전\실습\FoundationStereo\experiments\_model\general_head.pt  (train_scenes=['archiviz_baseline080', 'bedroom_baseline080', 'blue_bathroom_baseline080', 'computer_room_baseline080', 'cozy_living_room_baseline080', 'flat-archiviz_baseline080', 'green_house_baseline080', 'gym_baseline080', 'livingroom_baseline080', 'minimal_interior_baseline080', 'scandinavian_baseline080', 'sunlight_baseline080'])

[APPLY] ds_v2_seed1/blue_bathroom_v42  (저장모델로 새 데이터 평가)
  AUC      = 0.9552
  IoU@0.5  = 0.2918
  F1@0.5   = 0.4518
  accuracy = 0.8917  (prec=0.8661, rec=0.3056)
  tp=2627 fp=406 fn=5970 tn=49877
[save] D:\Users\dust\Documents\학교\2026년도1학기\컴퓨터비전\실습\FoundationStereo\experiments\ds_v2_seed1/blue_bathroom_v42\submodel_applied  (pred_mask.png, panel.png, metrics.json)

============================================================
STEP: estimate_mirror_plane
============================================================

============================================================
STEP: viz_ransac_inliers
============================================================

============================================================
STEP: make_mirror_gt_from_depth
============================================================

============================================================
STEP: analyze_features
============================================================

============================================================
STEP: submodel_head
============================================================

============================================================
STEP: apply_submodel
============================================================

DONE: D:\Users\dust\Documents\학교\2026년도1학기\컴퓨터비전\실습\FoundationStereo\experiments\ds_v2_seed1/blue_bathroom_v42 (ok)

##### [108/123] ds_v2_seed1/blue_bathroom_v43  (done 27, fail 0, skip 80, elapsed 16m, ETA 9m) #####
[scene] ds_v2_seed1/blue_bathroom_v43  size=1280x720
[select] mirror 점 개수 = 34918  (mask=34918, valid&depth = 857710)
[conf] mirror 영역 평균 confidence = 0.6899

=== 평면 추정 결과 ===
  [PCA (closed form)]
      normal = [+0.8531, +0.0674, -0.5173]
      d = +1.2768   mirror_depth(perp) = 1.2768 m   view_z = 5.3906 m
      n_inliers = 34918/34918   rms_residual = 0.02501 m
  [RANSAC]
      normal = [+0.8491, +0.0823, -0.5218]
      d = +1.3195   mirror_depth(perp) = 1.3195 m   view_z = 5.3906 m
      n_inliers = 32896/34918   rms_residual = 0.01100 m
  [SVD robust (IRLS)]
      normal = [+0.8493, +0.0785, -0.5220]
      d = +1.3168   mirror_depth(perp) = 1.3168 m   view_z = 5.3906 m
      n_inliers = 32861/34918   rms_residual = 0.01111 m

[save] D:\Users\dust\Documents\학교\2026년도1학기\컴퓨터비전\실습\FoundationStereo\experiments\ds_v2_seed1/blue_bathroom_v43\mirror_geometry\result.json
[save] D:\Users\dust\Documents\학교\2026년도1학기\컴퓨터비전\실습\FoundationStereo\experiments\ds_v2_seed1/blue_bathroom_v43\mirror_geometry\plane.txt
[save] D:\Users\dust\Documents\학교\2026년도1학기\컴퓨터비전\실습\FoundationStereo\experiments\ds_v2_seed1/blue_bathroom_v43\mirror_geometry\viz.png

DONE: D:\Users\dust\Documents\학교\2026년도1학기\컴퓨터비전\실습\FoundationStereo\experiments\ds_v2_seed1/blue_bathroom_v43\mirror_geometry
[ds_v2_seed1/blue_bathroom_v43] 거울 점 34918개 중 inlier 32896 (94.2%) / outlier 2022
  normal=[ 0.849  0.082 -0.522] d=1.319  rms(inlier)=0.0110 m  thr≈0.029 m
[save] D:\Users\dust\Documents\학교\2026년도1학기\컴퓨터비전\실습\FoundationStereo\experiments\ds_v2_seed1/blue_bathroom_v43\mirror_geometry\ransac_inliers.png
[gt] blue_bathroom_v43            perp 4.63m planRMS 0.0080m  normal [-0.578, 0.217, -0.787]

생성 1, 건너뜀 0 (depth_gt/mask 없음 등)
[ds_v2_seed1/blue_bathroom_v43] feature 184x320  mirror_frac=0.037296195652173916  feat_left=True
rank  signal              AUC    pol  sep     mean_in     mean_out
  1  delta_argdisp      0.5925   -  0.1524   30.339253   38.751764
  2  post_conf          0.5859   +  0.1458     0.69101    0.658314
  3  delta_conf         0.5741   +  0.1391    0.292793    0.230714
  4  post_entropy       0.5719   -   0.156     0.71267    0.760028
  5  feat_left_pc2      0.5592   -  0.1063    1.540681    1.845209
  6  feat_left_pc3      0.5539   -  0.0981    1.503836    1.763635
  7  delta_entropy      0.5507   -  0.0902   -1.186369   -1.056626
  8  pre_entropy        0.5404   +  0.0583    1.899039    1.816653
  9  pre_conf           0.5381   -  0.0763    0.398217      0.4276
 10  feat_left_l2        0.506   +  0.0141   16.397638   16.469962
 11  feat_left_pc1       0.505   +  0.0005    2.670788    2.668751
BEST: delta_argdisp (AUC=0.5925, polarity=-)
저장: D:\Users\dust\Documents\학교\2026년도1학기\컴퓨터비전\실습\FoundationStereo\experiments\ds_v2_seed1/blue_bathroom_v43\features\report.json / panels.png / mirror_signal.npy
[device] cuda
  [train] epoch 60/300  loss=0.5478
  [train] epoch 120/300  loss=0.3121
  [train] epoch 180/300  loss=0.2077
  [train] epoch 240/300  loss=0.1465
  [train] epoch 300/300  loss=0.1076

[VAL] scene=ds_v2_seed1/blue_bathroom_v43  (pixel 70/30 split)
  AUC      = 0.9937
  IoU@0.5  = 0.5270
  F1@0.5   = 0.6902
  accuracy = 0.9682  (prec=0.5393, rec=0.9586)
  tp=625 fp=534 fn=27 tn=16478

[save] D:\Users\dust\Documents\학교\2026년도1학기\컴퓨터비전\실습\FoundationStereo\experiments\ds_v2_seed1/blue_bathroom_v43\submodel
  pred_mask.png, panel.png, metrics.json, head.pt
DONE: D:\Users\dust\Documents\학교\2026년도1학기\컴퓨터비전\실습\FoundationStereo\experiments\ds_v2_seed1/blue_bathroom_v43\submodel
[device] cuda
[load] D:\Users\dust\Documents\학교\2026년도1학기\컴퓨터비전\실습\FoundationStereo\experiments\_model\general_head.pt  (train_scenes=['archiviz_baseline080', 'bedroom_baseline080', 'blue_bathroom_baseline080', 'computer_room_baseline080', 'cozy_living_room_baseline080', 'flat-archiviz_baseline080', 'green_house_baseline080', 'gym_baseline080', 'livingroom_baseline080', 'minimal_interior_baseline080', 'scandinavian_baseline080', 'sunlight_baseline080'])

[APPLY] ds_v2_seed1/blue_bathroom_v43  (저장모델로 새 데이터 평가)
  AUC      = 0.9806
  IoU@0.5  = 0.0436
  F1@0.5   = 0.0835
  accuracy = 0.9639  (prec=0.7698, rec=0.0442)
  tp=97 fp=29 fn=2099 tn=56655
[save] D:\Users\dust\Documents\학교\2026년도1학기\컴퓨터비전\실습\FoundationStereo\experiments\ds_v2_seed1/blue_bathroom_v43\submodel_applied  (pred_mask.png, panel.png, metrics.json)

============================================================
STEP: estimate_mirror_plane
============================================================

============================================================
STEP: viz_ransac_inliers
============================================================

============================================================
STEP: make_mirror_gt_from_depth
============================================================

============================================================
STEP: analyze_features
============================================================

============================================================
STEP: submodel_head
============================================================

============================================================
STEP: apply_submodel
============================================================

DONE: D:\Users\dust\Documents\학교\2026년도1학기\컴퓨터비전\실습\FoundationStereo\experiments\ds_v2_seed1/blue_bathroom_v43 (ok)

##### [109/123] ds_v2_seed1/blue_bathroom_v44  (done 28, fail 0, skip 80, elapsed 16m, ETA 9m) #####
[scene] ds_v2_seed1/blue_bathroom_v44  size=1280x720
[select] mirror 점 개수 = 125448  (mask=125448, valid&depth = 881122)
[conf] mirror 영역 평균 confidence = 0.5962

=== 평면 추정 결과 ===
  [PCA (closed form)]
      normal = [+0.9433, -0.1377, -0.3020]
      d = +2.1104   mirror_depth(perp) = 2.1104 m   view_z = 6.7708 m
      n_inliers = 125448/125448   rms_residual = 0.19619 m
  [RANSAC]
      normal = [+0.9736, +0.0057, -0.2280]
      d = +1.7561   mirror_depth(perp) = 1.7561 m   view_z = 6.7708 m
      n_inliers = 46899/125448   rms_residual = 0.01557 m
  [SVD robust (IRLS)]
      normal = [+0.9213, -0.1320, -0.3658]
      d = +2.5817   mirror_depth(perp) = 2.5817 m   view_z = 6.7708 m
      n_inliers = 28633/125448   rms_residual = 0.02788 m

[save] D:\Users\dust\Documents\학교\2026년도1학기\컴퓨터비전\실습\FoundationStereo\experiments\ds_v2_seed1/blue_bathroom_v44\mirror_geometry\result.json
[save] D:\Users\dust\Documents\학교\2026년도1학기\컴퓨터비전\실습\FoundationStereo\experiments\ds_v2_seed1/blue_bathroom_v44\mirror_geometry\plane.txt
[save] D:\Users\dust\Documents\학교\2026년도1학기\컴퓨터비전\실습\FoundationStereo\experiments\ds_v2_seed1/blue_bathroom_v44\mirror_geometry\viz.png

DONE: D:\Users\dust\Documents\학교\2026년도1학기\컴퓨터비전\실습\FoundationStereo\experiments\ds_v2_seed1/blue_bathroom_v44\mirror_geometry
[ds_v2_seed1/blue_bathroom_v44] 거울 점 125448개 중 inlier 46899 (37.4%) / outlier 78549
  normal=[ 0.974  0.006 -0.228] d=1.756  rms(inlier)=0.0156 m  thr≈0.048 m
[save] D:\Users\dust\Documents\학교\2026년도1학기\컴퓨터비전\실습\FoundationStereo\experiments\ds_v2_seed1/blue_bathroom_v44\mirror_geometry\ransac_inliers.png
[gt] blue_bathroom_v44            perp 5.18m planRMS 0.0036m  normal [-0.22, 0.013, -0.975]

생성 1, 건너뜀 0 (depth_gt/mask 없음 등)
[ds_v2_seed1/blue_bathroom_v44] feature 184x320  mirror_frac=0.13585258152173912  feat_left=True
rank  signal              AUC    pol  sep     mean_in     mean_out
  1  feat_left_pc1      0.7502   -  0.4702    1.812743     3.26584
  2  feat_left_l2       0.6672   +  0.2485   17.780898   16.315106
  3  post_conf          0.6594   +  0.3446     0.59374    0.470278
  4  delta_conf         0.6481   +  0.2773    0.216781    0.068701
  5  post_entropy       0.6418   -   0.441    0.971049    1.492705
  6  delta_entropy      0.6411   -  0.2278   -0.963662   -0.509772
  7  delta_argdisp      0.5613   +  0.0912   46.407551   41.237142
  8  feat_left_pc3      0.5517   +   0.045    1.728663    1.598319
  9  feat_left_pc2      0.5469   +  0.0772    2.117925    1.860473
 10  pre_conf           0.5296   -   0.066    0.376959    0.401577
 11  pre_entropy        0.5027   +  0.0461    1.934711    2.002477
BEST: feat_left_pc1 (AUC=0.7502, polarity=-)
저장: D:\Users\dust\Documents\학교\2026년도1학기\컴퓨터비전\실습\FoundationStereo\experiments\ds_v2_seed1/blue_bathroom_v44\features\report.json / panels.png / mirror_signal.npy
[device] cuda
  [train] epoch 60/300  loss=0.5635
  [train] epoch 120/300  loss=0.3841
  [train] epoch 180/300  loss=0.2907
  [train] epoch 240/300  loss=0.2287
  [train] epoch 300/300  loss=0.1838

[VAL] scene=ds_v2_seed1/blue_bathroom_v44  (pixel 70/30 split)
  AUC      = 0.9877
  IoU@0.5  = 0.7011
  F1@0.5   = 0.8243
  accuracy = 0.9437  (prec=0.7280, rec=0.9499)
  tp=2334 fp=872 fn=123 tn=14335

[save] D:\Users\dust\Documents\학교\2026년도1학기\컴퓨터비전\실습\FoundationStereo\experiments\ds_v2_seed1/blue_bathroom_v44\submodel
  pred_mask.png, panel.png, metrics.json, head.pt
DONE: D:\Users\dust\Documents\학교\2026년도1학기\컴퓨터비전\실습\FoundationStereo\experiments\ds_v2_seed1/blue_bathroom_v44\submodel
[device] cuda
[load] D:\Users\dust\Documents\학교\2026년도1학기\컴퓨터비전\실습\FoundationStereo\experiments\_model\general_head.pt  (train_scenes=['archiviz_baseline080', 'bedroom_baseline080', 'blue_bathroom_baseline080', 'computer_room_baseline080', 'cozy_living_room_baseline080', 'flat-archiviz_baseline080', 'green_house_baseline080', 'gym_baseline080', 'livingroom_baseline080', 'minimal_interior_baseline080', 'scandinavian_baseline080', 'sunlight_baseline080'])

[APPLY] ds_v2_seed1/blue_bathroom_v44  (저장모델로 새 데이터 평가)
  AUC      = 0.8070
  IoU@0.5  = 0.1799
  F1@0.5   = 0.3049
  accuracy = 0.8032  (prec=0.2931, rec=0.3177)
  tp=2541 fp=6127 fn=5458 tn=44754
[save] D:\Users\dust\Documents\학교\2026년도1학기\컴퓨터비전\실습\FoundationStereo\experiments\ds_v2_seed1/blue_bathroom_v44\submodel_applied  (pred_mask.png, panel.png, metrics.json)

============================================================
STEP: estimate_mirror_plane
============================================================

============================================================
STEP: viz_ransac_inliers
============================================================

============================================================
STEP: make_mirror_gt_from_depth
============================================================

============================================================
STEP: analyze_features
============================================================

============================================================
STEP: submodel_head
============================================================

============================================================
STEP: apply_submodel
============================================================

DONE: D:\Users\dust\Documents\학교\2026년도1학기\컴퓨터비전\실습\FoundationStereo\experiments\ds_v2_seed1/blue_bathroom_v44 (ok)

##### [110/123] ds_v2_seed1/blue_bathroom_v45  (done 29, fail 0, skip 80, elapsed 17m, ETA 8m) #####
[scene] ds_v2_seed1/blue_bathroom_v45  size=1280x720
[select] mirror 점 개수 = 20596  (mask=20596, valid&depth = 866390)
[conf] mirror 영역 평균 confidence = 0.5708

=== 평면 추정 결과 ===
  [PCA (closed form)]
      normal = [+0.8804, +0.0196, -0.4739]
      d = +1.6117   mirror_depth(perp) = 1.6117 m   view_z = 5.6586 m
      n_inliers = 20596/20596   rms_residual = 0.08751 m
  [RANSAC]
      normal = [+0.8781, +0.0133, -0.4783]
      d = +1.6505   mirror_depth(perp) = 1.6505 m   view_z = 5.6586 m
      n_inliers = 19243/20596   rms_residual = 0.02861 m
  [SVD robust (IRLS)]
      normal = [+0.8778, +0.0106, -0.4789]
      d = +1.6526   mirror_depth(perp) = 1.6526 m   view_z = 5.6586 m
      n_inliers = 19249/20596   rms_residual = 0.02871 m

[save] D:\Users\dust\Documents\학교\2026년도1학기\컴퓨터비전\실습\FoundationStereo\experiments\ds_v2_seed1/blue_bathroom_v45\mirror_geometry\result.json
[save] D:\Users\dust\Documents\학교\2026년도1학기\컴퓨터비전\실습\FoundationStereo\experiments\ds_v2_seed1/blue_bathroom_v45\mirror_geometry\plane.txt
[save] D:\Users\dust\Documents\학교\2026년도1학기\컴퓨터비전\실습\FoundationStereo\experiments\ds_v2_seed1/blue_bathroom_v45\mirror_geometry\viz.png

DONE: D:\Users\dust\Documents\학교\2026년도1학기\컴퓨터비전\실습\FoundationStereo\experiments\ds_v2_seed1/blue_bathroom_v45\mirror_geometry
[ds_v2_seed1/blue_bathroom_v45] 거울 점 20596개 중 inlier 19243 (93.4%) / outlier 1353
  normal=[ 0.878  0.013 -0.478] d=1.650  rms(inlier)=0.0286 m  thr≈0.066 m
[save] D:\Users\dust\Documents\학교\2026년도1학기\컴퓨터비전\실습\FoundationStereo\experiments\ds_v2_seed1/blue_bathroom_v45\mirror_geometry\ransac_inliers.png
[gt] blue_bathroom_v45            perp 4.95m planRMS 0.0000m  normal [-0.466, 0.047, -0.884]

생성 1, 건너뜀 0 (depth_gt/mask 없음 등)
[ds_v2_seed1/blue_bathroom_v45] feature 184x320  mirror_frac=0.022758152173913044  feat_left=True
rank  signal              AUC    pol  sep     mean_in     mean_out
  1  feat_left_pc1      0.6502   -  0.3079     2.00436    2.902707
  2  feat_left_l2       0.6246   +   0.137   17.159856   16.503783
  3  post_entropy       0.6108   -  0.3017      0.7702    0.935427
  4  post_conf           0.606   -  0.1284    0.572575     0.60075
  5  delta_entropy      0.5971   -  0.1382   -1.224336   -1.017566
  6  feat_left_pc3      0.5903   -  0.1818    1.300768    1.768882
  7  feat_left_pc2      0.5702   -   0.134     1.36777    1.752428
  8  delta_argdisp      0.5464   +  0.0859   45.173881   40.174105
  9  pre_entropy        0.5395   +  0.0299    1.994537    1.952993
 10  pre_conf           0.5353   -  0.0706    0.372067    0.397667
 11  delta_conf         0.5056   -   0.006    0.200508    0.203082
BEST: feat_left_pc1 (AUC=0.6502, polarity=-)
저장: D:\Users\dust\Documents\학교\2026년도1학기\컴퓨터비전\실습\FoundationStereo\experiments\ds_v2_seed1/blue_bathroom_v45\features\report.json / panels.png / mirror_signal.npy
[device] cuda
  [train] epoch 60/300  loss=0.5627
  [train] epoch 120/300  loss=0.3175
  [train] epoch 180/300  loss=0.2118
  [train] epoch 240/300  loss=0.1504
  [train] epoch 300/300  loss=0.1116

[VAL] scene=ds_v2_seed1/blue_bathroom_v45  (pixel 70/30 split)
  AUC      = 0.9912
  IoU@0.5  = 0.4327
  F1@0.5   = 0.6040
  accuracy = 0.9699  (prec=0.4485, rec=0.9247)
  tp=405 fp=498 fn=33 tn=16728

[save] D:\Users\dust\Documents\학교\2026년도1학기\컴퓨터비전\실습\FoundationStereo\experiments\ds_v2_seed1/blue_bathroom_v45\submodel
  pred_mask.png, panel.png, metrics.json, head.pt
DONE: D:\Users\dust\Documents\학교\2026년도1학기\컴퓨터비전\실습\FoundationStereo\experiments\ds_v2_seed1/blue_bathroom_v45\submodel
[device] cuda
[load] D:\Users\dust\Documents\학교\2026년도1학기\컴퓨터비전\실습\FoundationStereo\experiments\_model\general_head.pt  (train_scenes=['archiviz_baseline080', 'bedroom_baseline080', 'blue_bathroom_baseline080', 'computer_room_baseline080', 'cozy_living_room_baseline080', 'flat-archiviz_baseline080', 'green_house_baseline080', 'gym_baseline080', 'livingroom_baseline080', 'minimal_interior_baseline080', 'scandinavian_baseline080', 'sunlight_baseline080'])

[APPLY] ds_v2_seed1/blue_bathroom_v45  (저장모델로 새 데이터 평가)
  AUC      = 0.8259
  IoU@0.5  = 0.0012
  F1@0.5   = 0.0024
  accuracy = 0.9582  (prec=0.0027, rec=0.0022)
  tp=3 fp=1125 fn=1337 tn=56415
[save] D:\Users\dust\Documents\학교\2026년도1학기\컴퓨터비전\실습\FoundationStereo\experiments\ds_v2_seed1/blue_bathroom_v45\submodel_applied  (pred_mask.png, panel.png, metrics.json)

============================================================
STEP: estimate_mirror_plane
============================================================

============================================================
STEP: viz_ransac_inliers
============================================================

============================================================
STEP: make_mirror_gt_from_depth
============================================================

============================================================
STEP: analyze_features
============================================================

============================================================
STEP: submodel_head
============================================================

============================================================
STEP: apply_submodel
============================================================

DONE: D:\Users\dust\Documents\학교\2026년도1학기\컴퓨터비전\실습\FoundationStereo\experiments\ds_v2_seed1/blue_bathroom_v45 (ok)

##### [111/123] ds_v2_seed1/blue_bathroom_v46  (done 30, fail 0, skip 80, elapsed 17m, ETA 7m) #####
[scene] ds_v2_seed1/blue_bathroom_v46  size=1280x720
[select] mirror 점 개수 = 116236  (mask=116236, valid&depth = 877472)
[conf] mirror 영역 평균 confidence = 0.6871

=== 평면 추정 결과 ===
  [PCA (closed form)]
      normal = [+0.9511, -0.1884, -0.2447]
      d = +1.4745   mirror_depth(perp) = 1.4745 m   view_z = 7.2744 m
      n_inliers = 116236/116236   rms_residual = 0.16767 m
  [RANSAC]
      normal = [+0.9738, +0.0396, -0.2241]
      d = +1.5996   mirror_depth(perp) = 1.5996 m   view_z = 7.2744 m
      n_inliers = 59690/116236   rms_residual = 0.02926 m
  [SVD robust (IRLS)]
      normal = [+0.9495, -0.1869, -0.2521]
      d = +1.5365   mirror_depth(perp) = 1.5365 m   view_z = 7.2744 m
      n_inliers = 41257/116236   rms_residual = 0.04094 m

[save] D:\Users\dust\Documents\학교\2026년도1학기\컴퓨터비전\실습\FoundationStereo\experiments\ds_v2_seed1/blue_bathroom_v46\mirror_geometry\result.json
[save] D:\Users\dust\Documents\학교\2026년도1학기\컴퓨터비전\실습\FoundationStereo\experiments\ds_v2_seed1/blue_bathroom_v46\mirror_geometry\plane.txt
[save] D:\Users\dust\Documents\학교\2026년도1학기\컴퓨터비전\실습\FoundationStereo\experiments\ds_v2_seed1/blue_bathroom_v46\mirror_geometry\viz.png

DONE: D:\Users\dust\Documents\학교\2026년도1학기\컴퓨터비전\실습\FoundationStereo\experiments\ds_v2_seed1/blue_bathroom_v46\mirror_geometry
[ds_v2_seed1/blue_bathroom_v46] 거울 점 116236개 중 inlier 59690 (51.4%) / outlier 56546
  normal=[ 0.974  0.04  -0.224] d=1.600  rms(inlier)=0.0293 m  thr≈0.073 m
[save] D:\Users\dust\Documents\학교\2026년도1학기\컴퓨터비전\실습\FoundationStereo\experiments\ds_v2_seed1/blue_bathroom_v46\mirror_geometry\ransac_inliers.png
[gt] blue_bathroom_v46            perp 5.11m planRMS 0.0022m  normal [-0.224, 0.196, -0.955]

생성 1, 건너뜀 0 (depth_gt/mask 없음 등)
[ds_v2_seed1/blue_bathroom_v46] feature 184x320  mirror_frac=0.12666440217391303  feat_left=True
rank  signal              AUC    pol  sep     mean_in     mean_out
  1  feat_left_pc1       0.688   -   0.359    1.823558     2.91436
  2  delta_argdisp      0.6701   -  0.2937   28.636095   45.446365
  3  feat_left_l2       0.6461   +  0.2216   17.611676   16.369064
  4  post_entropy        0.626   -  0.2967    0.688701    0.855621
  5  post_conf          0.6067   +  0.2185    0.686166    0.625449
  6  pre_entropy        0.5912   -  0.1983    1.694093      2.0055
  7  pre_conf           0.5722   +  0.1363    0.454493    0.396614
  8  delta_entropy      0.5314   +  0.0862   -1.005392   -1.149879
  9  feat_left_pc2      0.5085   -  0.0158    2.044901    1.994728
 10  delta_conf         0.5039   +  0.0057    0.231673    0.228835
 11  feat_left_pc3      0.5026   +  0.0506    1.362531    1.501645
BEST: feat_left_pc1 (AUC=0.688, polarity=-)
저장: D:\Users\dust\Documents\학교\2026년도1학기\컴퓨터비전\실습\FoundationStereo\experiments\ds_v2_seed1/blue_bathroom_v46\features\report.json / panels.png / mirror_signal.npy
[device] cuda
  [train] epoch 60/300  loss=0.5645
  [train] epoch 120/300  loss=0.3632
  [train] epoch 180/300  loss=0.2506
  [train] epoch 240/300  loss=0.1777
  [train] epoch 300/300  loss=0.1298

[VAL] scene=ds_v2_seed1/blue_bathroom_v46  (pixel 70/30 split)
  AUC      = 0.9944
  IoU@0.5  = 0.7699
  F1@0.5   = 0.8700
  accuracy = 0.9630  (prec=0.7908, rec=0.9668)
  tp=2185 fp=578 fn=75 tn=14826

[save] D:\Users\dust\Documents\학교\2026년도1학기\컴퓨터비전\실습\FoundationStereo\experiments\ds_v2_seed1/blue_bathroom_v46\submodel
  pred_mask.png, panel.png, metrics.json, head.pt
DONE: D:\Users\dust\Documents\학교\2026년도1학기\컴퓨터비전\실습\FoundationStereo\experiments\ds_v2_seed1/blue_bathroom_v46\submodel
[device] cuda
[load] D:\Users\dust\Documents\학교\2026년도1학기\컴퓨터비전\실습\FoundationStereo\experiments\_model\general_head.pt  (train_scenes=['archiviz_baseline080', 'bedroom_baseline080', 'blue_bathroom_baseline080', 'computer_room_baseline080', 'cozy_living_room_baseline080', 'flat-archiviz_baseline080', 'green_house_baseline080', 'gym_baseline080', 'livingroom_baseline080', 'minimal_interior_baseline080', 'scandinavian_baseline080', 'sunlight_baseline080'])

[APPLY] ds_v2_seed1/blue_bathroom_v46  (저장모델로 새 데이터 평가)
  AUC      = 0.9234
  IoU@0.5  = 0.2444
  F1@0.5   = 0.3927
  accuracy = 0.8892  (prec=0.6426, rec=0.2828)
  tp=2109 fp=1173 fn=5349 tn=50249
[save] D:\Users\dust\Documents\학교\2026년도1학기\컴퓨터비전\실습\FoundationStereo\experiments\ds_v2_seed1/blue_bathroom_v46\submodel_applied  (pred_mask.png, panel.png, metrics.json)

============================================================
STEP: estimate_mirror_plane
============================================================

============================================================
STEP: viz_ransac_inliers
============================================================

============================================================
STEP: make_mirror_gt_from_depth
============================================================

============================================================
STEP: analyze_features
============================================================

============================================================
STEP: submodel_head
============================================================

============================================================
STEP: apply_submodel
============================================================

DONE: D:\Users\dust\Documents\학교\2026년도1학기\컴퓨터비전\실습\FoundationStereo\experiments\ds_v2_seed1/blue_bathroom_v46 (ok)

##### [112/123] ds_v2_seed1/blue_bathroom_v47  (done 31, fail 0, skip 80, elapsed 18m, ETA 7m) #####
[scene] ds_v2_seed1/blue_bathroom_v47  size=1280x720
[select] mirror 점 개수 = 138341  (mask=138341, valid&depth = 868499)
[conf] mirror 영역 평균 confidence = 0.7123

=== 평면 추정 결과 ===
  [PCA (closed form)]
      normal = [+0.8917, -0.1948, -0.4086]
      d = +1.5521   mirror_depth(perp) = 1.5521 m   view_z = 6.4919 m
      n_inliers = 138341/138341   rms_residual = 0.16151 m
  [RANSAC]
      normal = [+0.9160, +0.0799, -0.3931]
      d = +1.6887   mirror_depth(perp) = 1.6887 m   view_z = 6.4919 m
      n_inliers = 68101/138341   rms_residual = 0.02040 m
  [SVD robust (IRLS)]
      normal = [+0.8964, -0.1704, -0.4091]
      d = +1.5736   mirror_depth(perp) = 1.5736 m   view_z = 6.4919 m
      n_inliers = 39927/138341   rms_residual = 0.03211 m

[save] D:\Users\dust\Documents\학교\2026년도1학기\컴퓨터비전\실습\FoundationStereo\experiments\ds_v2_seed1/blue_bathroom_v47\mirror_geometry\result.json
[save] D:\Users\dust\Documents\학교\2026년도1학기\컴퓨터비전\실습\FoundationStereo\experiments\ds_v2_seed1/blue_bathroom_v47\mirror_geometry\plane.txt
[save] D:\Users\dust\Documents\학교\2026년도1학기\컴퓨터비전\실습\FoundationStereo\experiments\ds_v2_seed1/blue_bathroom_v47\mirror_geometry\viz.png

DONE: D:\Users\dust\Documents\학교\2026년도1학기\컴퓨터비전\실습\FoundationStereo\experiments\ds_v2_seed1/blue_bathroom_v47\mirror_geometry
[ds_v2_seed1/blue_bathroom_v47] 거울 점 138341개 중 inlier 68101 (49.2%) / outlier 70240
  normal=[ 0.916  0.08  -0.393] d=1.689  rms(inlier)=0.0204 m  thr≈0.056 m
[save] D:\Users\dust\Documents\학교\2026년도1학기\컴퓨터비전\실습\FoundationStereo\experiments\ds_v2_seed1/blue_bathroom_v47\mirror_geometry\ransac_inliers.png
[gt] blue_bathroom_v47            perp 4.64m planRMS 0.0000m  normal [-0.397, 0.188, -0.898]

생성 1, 건너뜀 0 (depth_gt/mask 없음 등)
[ds_v2_seed1/blue_bathroom_v47] feature 184x320  mirror_frac=0.15088315217391304  feat_left=True
rank  signal              AUC    pol  sep     mean_in     mean_out
  1  post_entropy       0.6381   -  0.2368    0.667137    0.738333
  2  delta_argdisp      0.6368   -  0.2211   28.501351   41.073066
  3  feat_left_pc1      0.6266   -  0.2072    1.962765    2.704585
  4  feat_left_l2       0.6205   +  0.1882   17.359657   16.330928
  5  post_conf          0.6159   +  0.2039    0.711075    0.666102
  6  pre_entropy        0.5891   -  0.1904    1.696691    1.994748
  7  pre_conf           0.5719   +  0.1301    0.450482    0.396075
  8  delta_entropy      0.5663   +  0.1445   -1.029553   -1.256415
  9  delta_conf         0.5106   -  0.0203    0.260592    0.270027
 10  feat_left_pc3      0.5056   +  0.0013    1.638236    1.634212
 11  feat_left_pc2      0.5043   +  0.0344    1.967484    1.862945
BEST: post_entropy (AUC=0.6381, polarity=-)
저장: D:\Users\dust\Documents\학교\2026년도1학기\컴퓨터비전\실습\FoundationStereo\experiments\ds_v2_seed1/blue_bathroom_v47\features\report.json / panels.png / mirror_signal.npy
[device] cuda
  [train] epoch 60/300  loss=0.5961
  [train] epoch 120/300  loss=0.4006
  [train] epoch 180/300  loss=0.2738
  [train] epoch 240/300  loss=0.1887
  [train] epoch 300/300  loss=0.1344

[VAL] scene=ds_v2_seed1/blue_bathroom_v47  (pixel 70/30 split)
  AUC      = 0.9950
  IoU@0.5  = 0.8061
  F1@0.5   = 0.8927
  accuracy = 0.9648  (prec=0.8278, rec=0.9685)
  tp=2582 fp=537 fn=84 tn=14461

[save] D:\Users\dust\Documents\학교\2026년도1학기\컴퓨터비전\실습\FoundationStereo\experiments\ds_v2_seed1/blue_bathroom_v47\submodel
  pred_mask.png, panel.png, metrics.json, head.pt
DONE: D:\Users\dust\Documents\학교\2026년도1학기\컴퓨터비전\실습\FoundationStereo\experiments\ds_v2_seed1/blue_bathroom_v47\submodel
[device] cuda
[load] D:\Users\dust\Documents\학교\2026년도1학기\컴퓨터비전\실습\FoundationStereo\experiments\_model\general_head.pt  (train_scenes=['archiviz_baseline080', 'bedroom_baseline080', 'blue_bathroom_baseline080', 'computer_room_baseline080', 'cozy_living_room_baseline080', 'flat-archiviz_baseline080', 'green_house_baseline080', 'gym_baseline080', 'livingroom_baseline080', 'minimal_interior_baseline080', 'scandinavian_baseline080', 'sunlight_baseline080'])

[APPLY] ds_v2_seed1/blue_bathroom_v47  (저장모델로 새 데이터 평가)
  AUC      = 0.9645
  IoU@0.5  = 0.2131
  F1@0.5   = 0.3513
  accuracy = 0.8809  (prec=0.9855, rec=0.2138)
  tp=1899 fp=28 fn=6985 tn=49968
[save] D:\Users\dust\Documents\학교\2026년도1학기\컴퓨터비전\실습\FoundationStereo\experiments\ds_v2_seed1/blue_bathroom_v47\submodel_applied  (pred_mask.png, panel.png, metrics.json)

============================================================
STEP: estimate_mirror_plane
============================================================

============================================================
STEP: viz_ransac_inliers
============================================================

============================================================
STEP: make_mirror_gt_from_depth
============================================================

============================================================
STEP: analyze_features
============================================================

============================================================
STEP: submodel_head
============================================================

============================================================
STEP: apply_submodel
============================================================

DONE: D:\Users\dust\Documents\학교\2026년도1학기\컴퓨터비전\실습\FoundationStereo\experiments\ds_v2_seed1/blue_bathroom_v47 (ok)

##### [113/123] ds_v2_seed1/blue_bathroom_v48  (done 32, fail 0, skip 80, elapsed 18m, ETA 6m) #####
[scene] ds_v2_seed1/blue_bathroom_v48  size=1280x720
[select] mirror 점 개수 = 89621  (mask=89621, valid&depth = 868984)
[conf] mirror 영역 평균 confidence = 0.6767

=== 평면 추정 결과 ===
  [PCA (closed form)]
      normal = [+0.9463, -0.0715, -0.3151]
      d = +1.5647   mirror_depth(perp) = 1.5647 m   view_z = 7.8909 m
      n_inliers = 89621/89621   rms_residual = 0.12953 m
  [RANSAC]
      normal = [+0.9517, +0.0021, -0.3071]
      d = +1.5118   mirror_depth(perp) = 1.5118 m   view_z = 7.8909 m
      n_inliers = 57074/89621   rms_residual = 0.03292 m
  [SVD robust (IRLS)]
      normal = [+0.9458, -0.0554, -0.3201]
      d = +1.6216   mirror_depth(perp) = 1.6216 m   view_z = 7.8909 m
      n_inliers = 50396/89621   rms_residual = 0.04195 m

[save] D:\Users\dust\Documents\학교\2026년도1학기\컴퓨터비전\실습\FoundationStereo\experiments\ds_v2_seed1/blue_bathroom_v48\mirror_geometry\result.json
[save] D:\Users\dust\Documents\학교\2026년도1학기\컴퓨터비전\실습\FoundationStereo\experiments\ds_v2_seed1/blue_bathroom_v48\mirror_geometry\plane.txt
[save] D:\Users\dust\Documents\학교\2026년도1학기\컴퓨터비전\실습\FoundationStereo\experiments\ds_v2_seed1/blue_bathroom_v48\mirror_geometry\viz.png

DONE: D:\Users\dust\Documents\학교\2026년도1학기\컴퓨터비전\실습\FoundationStereo\experiments\ds_v2_seed1/blue_bathroom_v48\mirror_geometry
[ds_v2_seed1/blue_bathroom_v48] 거울 점 89621개 중 inlier 57074 (63.7%) / outlier 32547
  normal=[ 0.952  0.002 -0.307] d=1.512  rms(inlier)=0.0329 m  thr≈0.077 m
[save] D:\Users\dust\Documents\학교\2026년도1학기\컴퓨터비전\실습\FoundationStereo\experiments\ds_v2_seed1/blue_bathroom_v48\mirror_geometry\ransac_inliers.png
[gt] blue_bathroom_v48            perp 5.25m planRMS 0.0000m  normal [-0.298, -0.021, -0.954]

생성 1, 건너뜀 0 (depth_gt/mask 없음 등)
[ds_v2_seed1/blue_bathroom_v48] feature 184x320  mirror_frac=0.09646739130434782  feat_left=True
rank  signal              AUC    pol  sep     mean_in     mean_out
  1  post_entropy       0.7642   -  0.6084    0.696989    1.017786
  2  feat_left_pc1       0.727   -  0.4349    1.758187    3.058132
  3  post_conf          0.6895   +  0.3912    0.677321    0.570435
  4  feat_left_l2       0.6863   +  0.2778   17.852059   16.190656
  5  delta_argdisp      0.6095   -  0.1546   34.283099   43.588515
  6  delta_conf         0.6091   +  0.1833    0.247548    0.154731
  7  delta_entropy      0.6069   -  0.1459   -1.106616   -0.866411
  8  feat_left_pc3      0.5297   +  0.0476    1.787094    1.647628
  9  pre_conf           0.5079   +  0.0339    0.429773    0.415705
 10  feat_left_pc2      0.5051   -  0.0003    1.802521    1.801597
 11  pre_entropy        0.5006   -  0.0529    1.803605    1.884197
BEST: post_entropy (AUC=0.7642, polarity=-)
저장: D:\Users\dust\Documents\학교\2026년도1학기\컴퓨터비전\실습\FoundationStereo\experiments\ds_v2_seed1/blue_bathroom_v48\features\report.json / panels.png / mirror_signal.npy
[device] cuda
  [train] epoch 60/300  loss=0.4582
  [train] epoch 120/300  loss=0.2698
  [train] epoch 180/300  loss=0.1836
  [train] epoch 240/300  loss=0.1294
  [train] epoch 300/300  loss=0.0949

[VAL] scene=ds_v2_seed1/blue_bathroom_v48  (pixel 70/30 split)
  AUC      = 0.9967
  IoU@0.5  = 0.7868
  F1@0.5   = 0.8807
  accuracy = 0.9745  (prec=0.8008, rec=0.9782)
  tp=1664 fp=414 fn=37 tn=15549

[save] D:\Users\dust\Documents\학교\2026년도1학기\컴퓨터비전\실습\FoundationStereo\experiments\ds_v2_seed1/blue_bathroom_v48\submodel
  pred_mask.png, panel.png, metrics.json, head.pt
DONE: D:\Users\dust\Documents\학교\2026년도1학기\컴퓨터비전\실습\FoundationStereo\experiments\ds_v2_seed1/blue_bathroom_v48\submodel
[device] cuda
[load] D:\Users\dust\Documents\학교\2026년도1학기\컴퓨터비전\실습\FoundationStereo\experiments\_model\general_head.pt  (train_scenes=['archiviz_baseline080', 'bedroom_baseline080', 'blue_bathroom_baseline080', 'computer_room_baseline080', 'cozy_living_room_baseline080', 'flat-archiviz_baseline080', 'green_house_baseline080', 'gym_baseline080', 'livingroom_baseline080', 'minimal_interior_baseline080', 'scandinavian_baseline080', 'sunlight_baseline080'])

[APPLY] ds_v2_seed1/blue_bathroom_v48  (저장모델로 새 데이터 평가)
  AUC      = 0.9426
  IoU@0.5  = 0.3921
  F1@0.5   = 0.5633
  accuracy = 0.9241  (prec=0.6330, rec=0.5074)
  tp=2882 fp=1671 fn=2798 tn=51529
[save] D:\Users\dust\Documents\학교\2026년도1학기\컴퓨터비전\실습\FoundationStereo\experiments\ds_v2_seed1/blue_bathroom_v48\submodel_applied  (pred_mask.png, panel.png, metrics.json)

============================================================
STEP: estimate_mirror_plane
============================================================

============================================================
STEP: viz_ransac_inliers
============================================================

============================================================
STEP: make_mirror_gt_from_depth
============================================================

============================================================
STEP: analyze_features
============================================================

============================================================
STEP: submodel_head
============================================================

============================================================
STEP: apply_submodel
============================================================

DONE: D:\Users\dust\Documents\학교\2026년도1학기\컴퓨터비전\실습\FoundationStereo\experiments\ds_v2_seed1/blue_bathroom_v48 (ok)

##### [114/123] ds_v2_seed1/blue_bathroom_v49  (done 33, fail 0, skip 80, elapsed 19m, ETA 6m) #####
[scene] ds_v2_seed1/blue_bathroom_v49  size=1280x720
[select] mirror 점 개수 = 135792  (mask=135792, valid&depth = 872446)
[conf] mirror 영역 평균 confidence = 0.6829

=== 평면 추정 결과 ===
  [PCA (closed form)]
      normal = [+0.9495, -0.1378, -0.2820]
      d = +1.3937   mirror_depth(perp) = 1.3937 m   view_z = 7.3935 m
      n_inliers = 135792/135792   rms_residual = 0.17087 m
  [RANSAC]
      normal = [+0.9590, +0.0379, -0.2808]
      d = +1.4882   mirror_depth(perp) = 1.4882 m   view_z = 7.3935 m
      n_inliers = 63457/135792   rms_residual = 0.02621 m
  [SVD robust (IRLS)]
      normal = [+0.9472, -0.1279, -0.2941]
      d = +1.5021   mirror_depth(perp) = 1.5021 m   view_z = 7.3935 m
      n_inliers = 45913/135792   rms_residual = 0.03661 m

[save] D:\Users\dust\Documents\학교\2026년도1학기\컴퓨터비전\실습\FoundationStereo\experiments\ds_v2_seed1/blue_bathroom_v49\mirror_geometry\result.json
[save] D:\Users\dust\Documents\학교\2026년도1학기\컴퓨터비전\실습\FoundationStereo\experiments\ds_v2_seed1/blue_bathroom_v49\mirror_geometry\plane.txt
[save] D:\Users\dust\Documents\학교\2026년도1학기\컴퓨터비전\실습\FoundationStereo\experiments\ds_v2_seed1/blue_bathroom_v49\mirror_geometry\viz.png

DONE: D:\Users\dust\Documents\학교\2026년도1학기\컴퓨터비전\실습\FoundationStereo\experiments\ds_v2_seed1/blue_bathroom_v49\mirror_geometry
[ds_v2_seed1/blue_bathroom_v49] 거울 점 135792개 중 inlier 63457 (46.7%) / outlier 72335
  normal=[ 0.959  0.038 -0.281] d=1.488  rms(inlier)=0.0262 m  thr≈0.067 m
[save] D:\Users\dust\Documents\학교\2026년도1학기\컴퓨터비전\실습\FoundationStereo\experiments\ds_v2_seed1/blue_bathroom_v49\mirror_geometry\ransac_inliers.png
[gt] blue_bathroom_v49            perp 5.15m planRMS 0.0053m  normal [-0.299, 0.052, -0.953]

생성 1, 건너뜀 0 (depth_gt/mask 없음 등)
[ds_v2_seed1/blue_bathroom_v49] feature 184x320  mirror_frac=0.14695991847826087  feat_left=True
rank  signal              AUC    pol  sep     mean_in     mean_out
  1  post_entropy       0.7502   -  0.4538    0.683835    0.879823
  2  feat_left_pc1       0.694   -  0.3679    1.747921      2.9097
  3  feat_left_l2       0.6492   +  0.2119   17.438048   16.223213
  4  post_conf          0.6464   +  0.2857    0.682194    0.612574
  5  delta_argdisp      0.5953   -  0.1278   33.321045   40.938838
  6  pre_entropy        0.5768   -  0.1823    1.714118    2.001094
  7  pre_conf           0.5678   +  0.1334    0.447546    0.391336
  8  feat_left_pc2      0.5227   -  0.0441    1.724475    1.867815
  9  delta_conf         0.5218   +  0.0279    0.234648    0.221238
 10  feat_left_pc3      0.5067   +  0.0061    1.711244     1.72888
 11  delta_entropy      0.5065   +  0.0565   -1.030283   -1.121271
BEST: post_entropy (AUC=0.7502, polarity=-)
저장: D:\Users\dust\Documents\학교\2026년도1학기\컴퓨터비전\실습\FoundationStereo\experiments\ds_v2_seed1/blue_bathroom_v49\features\report.json / panels.png / mirror_signal.npy
[device] cuda
  [train] epoch 60/300  loss=0.5096
  [train] epoch 120/300  loss=0.3281
  [train] epoch 180/300  loss=0.2264
  [train] epoch 240/300  loss=0.1579
  [train] epoch 300/300  loss=0.1131

[VAL] scene=ds_v2_seed1/blue_bathroom_v49  (pixel 70/30 split)
  AUC      = 0.9957
  IoU@0.5  = 0.8118
  F1@0.5   = 0.8961
  accuracy = 0.9673  (prec=0.8324, rec=0.9704)
  tp=2489 fp=501 fn=76 tn=14598

[save] D:\Users\dust\Documents\학교\2026년도1학기\컴퓨터비전\실습\FoundationStereo\experiments\ds_v2_seed1/blue_bathroom_v49\submodel
  pred_mask.png, panel.png, metrics.json, head.pt
DONE: D:\Users\dust\Documents\학교\2026년도1학기\컴퓨터비전\실습\FoundationStereo\experiments\ds_v2_seed1/blue_bathroom_v49\submodel
[device] cuda
[load] D:\Users\dust\Documents\학교\2026년도1학기\컴퓨터비전\실습\FoundationStereo\experiments\_model\general_head.pt  (train_scenes=['archiviz_baseline080', 'bedroom_baseline080', 'blue_bathroom_baseline080', 'computer_room_baseline080', 'cozy_living_room_baseline080', 'flat-archiviz_baseline080', 'green_house_baseline080', 'gym_baseline080', 'livingroom_baseline080', 'minimal_interior_baseline080', 'scandinavian_baseline080', 'sunlight_baseline080'])

[APPLY] ds_v2_seed1/blue_bathroom_v49  (저장모델로 새 데이터 평가)
  AUC      = 0.9681
  IoU@0.5  = 0.3569
  F1@0.5   = 0.5261
  accuracy = 0.9047  (prec=0.9777, rec=0.3599)
  tp=3114 fp=71 fn=5539 tn=50156
[save] D:\Users\dust\Documents\학교\2026년도1학기\컴퓨터비전\실습\FoundationStereo\experiments\ds_v2_seed1/blue_bathroom_v49\submodel_applied  (pred_mask.png, panel.png, metrics.json)

============================================================
STEP: estimate_mirror_plane
============================================================

============================================================
STEP: viz_ransac_inliers
============================================================

============================================================
STEP: make_mirror_gt_from_depth
============================================================

============================================================
STEP: analyze_features
============================================================

============================================================
STEP: submodel_head
============================================================

============================================================
STEP: apply_submodel
============================================================

DONE: D:\Users\dust\Documents\학교\2026년도1학기\컴퓨터비전\실습\FoundationStereo\experiments\ds_v2_seed1/blue_bathroom_v49 (ok)

##### [115/123] ds_v2_seed1/blue_bathroom_v50  (done 34, fail 0, skip 80, elapsed 19m, ETA 5m) #####
[scene] ds_v2_seed1/blue_bathroom_v50  size=1280x720
[select] mirror 점 개수 = 142484  (mask=142484, valid&depth = 873864)
[conf] mirror 영역 평균 confidence = 0.6932

=== 평면 추정 결과 ===
  [PCA (closed form)]
      normal = [+0.9614, -0.1345, -0.2400]
      d = +1.3882   mirror_depth(perp) = 1.3882 m   view_z = 7.3745 m
      n_inliers = 142484/142484   rms_residual = 0.17148 m
  [RANSAC]
      normal = [+0.9714, +0.0365, -0.2345]
      d = +1.4868   mirror_depth(perp) = 1.4868 m   view_z = 7.3745 m
      n_inliers = 73884/142484   rms_residual = 0.02540 m
  [SVD robust (IRLS)]
      normal = [+0.9592, -0.1322, -0.2499]
      d = +1.4837   mirror_depth(perp) = 1.4837 m   view_z = 7.3745 m
      n_inliers = 49843/142484   rms_residual = 0.03771 m

[save] D:\Users\dust\Documents\학교\2026년도1학기\컴퓨터비전\실습\FoundationStereo\experiments\ds_v2_seed1/blue_bathroom_v50\mirror_geometry\result.json
[save] D:\Users\dust\Documents\학교\2026년도1학기\컴퓨터비전\실습\FoundationStereo\experiments\ds_v2_seed1/blue_bathroom_v50\mirror_geometry\plane.txt
[save] D:\Users\dust\Documents\학교\2026년도1학기\컴퓨터비전\실습\FoundationStereo\experiments\ds_v2_seed1/blue_bathroom_v50\mirror_geometry\viz.png

DONE: D:\Users\dust\Documents\학교\2026년도1학기\컴퓨터비전\실습\FoundationStereo\experiments\ds_v2_seed1/blue_bathroom_v50\mirror_geometry
[ds_v2_seed1/blue_bathroom_v50] 거울 점 142484개 중 inlier 73884 (51.9%) / outlier 68600
  normal=[ 0.971  0.036 -0.234] d=1.487  rms(inlier)=0.0254 m  thr≈0.068 m
[save] D:\Users\dust\Documents\학교\2026년도1학기\컴퓨터비전\실습\FoundationStereo\experiments\ds_v2_seed1/blue_bathroom_v50\mirror_geometry\ransac_inliers.png
[gt] blue_bathroom_v50            perp 5.02m planRMS 0.0000m  normal [-0.233, 0.079, -0.969]

생성 1, 건너뜀 0 (depth_gt/mask 없음 등)
[ds_v2_seed1/blue_bathroom_v50] feature 184x320  mirror_frac=0.15433084239130435  feat_left=True
rank  signal              AUC    pol  sep     mean_in     mean_out
  1  post_entropy        0.761   -   0.526     0.68347    0.951358
  2  post_conf          0.6993   +  0.3888    0.693602    0.587903
  3  feat_left_pc1      0.6757   -   0.325    1.919864    2.995508
  4  feat_left_l2       0.6611   +  0.2246   17.513391   16.165574
  5  delta_argdisp      0.6419   -  0.2276   33.283702    46.79951
  6  delta_conf         0.5686   +   0.117    0.248939    0.190671
  7  pre_entropy        0.5641   -  0.1619    1.730914    1.984273
  8  pre_conf           0.5564   +  0.1125    0.444663    0.397232
  9  delta_entropy      0.5311   -  0.0088   -1.047443   -1.032915
 10  feat_left_pc2      0.5279   -  0.0505    1.807507    1.978331
 11  feat_left_pc3      0.5014   +  0.0214    1.648893    1.712326
BEST: post_entropy (AUC=0.761, polarity=-)
저장: D:\Users\dust\Documents\학교\2026년도1학기\컴퓨터비전\실습\FoundationStereo\experiments\ds_v2_seed1/blue_bathroom_v50\features\report.json / panels.png / mirror_signal.npy
[device] cuda
  [train] epoch 60/300  loss=0.5349
  [train] epoch 120/300  loss=0.3479
  [train] epoch 180/300  loss=0.2449
  [train] epoch 240/300  loss=0.1766
  [train] epoch 300/300  loss=0.1304

[VAL] scene=ds_v2_seed1/blue_bathroom_v50  (pixel 70/30 split)
  AUC      = 0.9944
  IoU@0.5  = 0.7984
  F1@0.5   = 0.8879
  accuracy = 0.9630  (prec=0.8238, rec=0.9628)
  tp=2590 fp=554 fn=100 tn=14420

[save] D:\Users\dust\Documents\학교\2026년도1학기\컴퓨터비전\실습\FoundationStereo\experiments\ds_v2_seed1/blue_bathroom_v50\submodel
  pred_mask.png, panel.png, metrics.json, head.pt
DONE: D:\Users\dust\Documents\학교\2026년도1학기\컴퓨터비전\실습\FoundationStereo\experiments\ds_v2_seed1/blue_bathroom_v50\submodel
[device] cuda
[load] D:\Users\dust\Documents\학교\2026년도1학기\컴퓨터비전\실습\FoundationStereo\experiments\_model\general_head.pt  (train_scenes=['archiviz_baseline080', 'bedroom_baseline080', 'blue_bathroom_baseline080', 'computer_room_baseline080', 'cozy_living_room_baseline080', 'flat-archiviz_baseline080', 'green_house_baseline080', 'gym_baseline080', 'livingroom_baseline080', 'minimal_interior_baseline080', 'scandinavian_baseline080', 'sunlight_baseline080'])

[APPLY] ds_v2_seed1/blue_bathroom_v50  (저장모델로 새 데이터 평가)
  AUC      = 0.8966
  IoU@0.5  = 0.2563
  F1@0.5   = 0.4081
  accuracy = 0.8667  (prec=0.6485, rec=0.2977)
  tp=2705 fp=1466 fn=6382 tn=48327
[save] D:\Users\dust\Documents\학교\2026년도1학기\컴퓨터비전\실습\FoundationStereo\experiments\ds_v2_seed1/blue_bathroom_v50\submodel_applied  (pred_mask.png, panel.png, metrics.json)

============================================================
STEP: estimate_mirror_plane
============================================================

============================================================
STEP: viz_ransac_inliers
============================================================

============================================================
STEP: make_mirror_gt_from_depth
============================================================

============================================================
STEP: analyze_features
============================================================

============================================================
STEP: submodel_head
============================================================

============================================================
STEP: apply_submodel
============================================================

DONE: D:\Users\dust\Documents\학교\2026년도1학기\컴퓨터비전\실습\FoundationStereo\experiments\ds_v2_seed1/blue_bathroom_v50 (ok)

##### [116/123] ds_v2_seed1/blue_bathroom_v51  (done 35, fail 0, skip 80, elapsed 20m, ETA 5m) #####
[scene] ds_v2_seed1/blue_bathroom_v51  size=1280x720
[select] mirror 점 개수 = 163178  (mask=163178, valid&depth = 858030)
[conf] mirror 영역 평균 confidence = 0.7154

=== 평면 추정 결과 ===
  [PCA (closed form)]
      normal = [+0.9221, -0.1352, -0.3626]
      d = +1.3013   mirror_depth(perp) = 1.3013 m   view_z = 7.3450 m
      n_inliers = 163178/163178   rms_residual = 0.19560 m
  [RANSAC]
      normal = [+0.9472, +0.0351, -0.3188]
      d = +1.1929   mirror_depth(perp) = 1.1929 m   view_z = 7.3450 m
      n_inliers = 67261/163178   rms_residual = 0.02931 m
  [SVD robust (IRLS)]
      normal = [+0.9142, -0.1652, -0.3699]
      d = +1.3712   mirror_depth(perp) = 1.3712 m   view_z = 7.3450 m
      n_inliers = 48840/163178   rms_residual = 0.04132 m

[save] D:\Users\dust\Documents\학교\2026년도1학기\컴퓨터비전\실습\FoundationStereo\experiments\ds_v2_seed1/blue_bathroom_v51\mirror_geometry\result.json
[save] D:\Users\dust\Documents\학교\2026년도1학기\컴퓨터비전\실습\FoundationStereo\experiments\ds_v2_seed1/blue_bathroom_v51\mirror_geometry\plane.txt
[save] D:\Users\dust\Documents\학교\2026년도1학기\컴퓨터비전\실습\FoundationStereo\experiments\ds_v2_seed1/blue_bathroom_v51\mirror_geometry\viz.png

DONE: D:\Users\dust\Documents\학교\2026년도1학기\컴퓨터비전\실습\FoundationStereo\experiments\ds_v2_seed1/blue_bathroom_v51\mirror_geometry
[ds_v2_seed1/blue_bathroom_v51] 거울 점 163178개 중 inlier 67261 (41.2%) / outlier 95917
  normal=[ 0.947  0.035 -0.319] d=1.193  rms(inlier)=0.0293 m  thr≈0.073 m
[save] D:\Users\dust\Documents\학교\2026년도1학기\컴퓨터비전\실습\FoundationStereo\experiments\ds_v2_seed1/blue_bathroom_v51\mirror_geometry\ransac_inliers.png
[gt] blue_bathroom_v51            perp 4.84m planRMS 0.0039m  normal [-0.324, 0.097, -0.941]

생성 1, 건너뜀 0 (depth_gt/mask 없음 등)
[ds_v2_seed1/blue_bathroom_v51] feature 184x320  mirror_frac=0.17712296195652175  feat_left=True
rank  signal              AUC    pol  sep     mean_in     mean_out
  1  post_entropy        0.737   -  0.3623    0.662801    0.800821
  2  post_conf          0.6907   +  0.3372    0.716517     0.64027
  3  feat_left_l2       0.6233   +  0.1724   17.207398   16.272936
  4  feat_left_pc1      0.6006   -  0.1959    1.954957    2.616392
  5  delta_conf         0.5871   +  0.1415    0.306403    0.241678
  6  delta_argdisp      0.5492   -  0.0552   35.734778   38.960063
  7  feat_left_pc2      0.5429   -  0.0752    1.582602    1.820516
  8  delta_entropy       0.533   -  0.0257    -1.19916   -1.160091
  9  pre_entropy        0.5149   -  0.0668    1.861962    1.960912
 10  pre_conf           0.5115   +   0.029    0.410114    0.398592
 11  feat_left_pc3       0.506   -  0.0168    1.744991    1.792529
BEST: post_entropy (AUC=0.737, polarity=-)
저장: D:\Users\dust\Documents\학교\2026년도1학기\컴퓨터비전\실습\FoundationStereo\experiments\ds_v2_seed1/blue_bathroom_v51\features\report.json / panels.png / mirror_signal.npy
[device] cuda
  [train] epoch 60/300  loss=0.5319
  [train] epoch 120/300  loss=0.3716
  [train] epoch 180/300  loss=0.2679
  [train] epoch 240/300  loss=0.1916
  [train] epoch 300/300  loss=0.1397

[VAL] scene=ds_v2_seed1/blue_bathroom_v51  (pixel 70/30 split)
  AUC      = 0.9929
  IoU@0.5  = 0.7978
  F1@0.5   = 0.8875
  accuracy = 0.9568  (prec=0.8200, rec=0.9672)
  tp=3011 fp=661 fn=102 tn=13890

[save] D:\Users\dust\Documents\학교\2026년도1학기\컴퓨터비전\실습\FoundationStereo\experiments\ds_v2_seed1/blue_bathroom_v51\submodel
  pred_mask.png, panel.png, metrics.json, head.pt
DONE: D:\Users\dust\Documents\학교\2026년도1학기\컴퓨터비전\실습\FoundationStereo\experiments\ds_v2_seed1/blue_bathroom_v51\submodel
[device] cuda
[load] D:\Users\dust\Documents\학교\2026년도1학기\컴퓨터비전\실습\FoundationStereo\experiments\_model\general_head.pt  (train_scenes=['archiviz_baseline080', 'bedroom_baseline080', 'blue_bathroom_baseline080', 'computer_room_baseline080', 'cozy_living_room_baseline080', 'flat-archiviz_baseline080', 'green_house_baseline080', 'gym_baseline080', 'livingroom_baseline080', 'minimal_interior_baseline080', 'scandinavian_baseline080', 'sunlight_baseline080'])

[APPLY] ds_v2_seed1/blue_bathroom_v51  (저장모델로 새 데이터 평가)
  AUC      = 0.9761
  IoU@0.5  = 0.3774
  F1@0.5   = 0.5480
  accuracy = 0.8885  (prec=0.9719, rec=0.3815)
  tp=3979 fp=115 fn=6450 tn=48336
[save] D:\Users\dust\Documents\학교\2026년도1학기\컴퓨터비전\실습\FoundationStereo\experiments\ds_v2_seed1/blue_bathroom_v51\submodel_applied  (pred_mask.png, panel.png, metrics.json)

============================================================
STEP: estimate_mirror_plane
============================================================

============================================================
STEP: viz_ransac_inliers
============================================================

============================================================
STEP: make_mirror_gt_from_depth
============================================================

============================================================
STEP: analyze_features
============================================================

============================================================
STEP: submodel_head
============================================================

============================================================
STEP: apply_submodel
============================================================

DONE: D:\Users\dust\Documents\학교\2026년도1학기\컴퓨터비전\실습\FoundationStereo\experiments\ds_v2_seed1/blue_bathroom_v51 (ok)

##### [117/123] ds_v2_seed1/blue_bathroom_v52  (done 36, fail 0, skip 80, elapsed 21m, ETA 4m) #####
[scene] ds_v2_seed1/blue_bathroom_v52  size=1280x720
[select] mirror 점 개수 = 152554  (mask=152554, valid&depth = 870195)
[conf] mirror 영역 평균 confidence = 0.7027

=== 평면 추정 결과 ===
  [PCA (closed form)]
      normal = [+0.9400, -0.1423, -0.3102]
      d = +1.4443   mirror_depth(perp) = 1.4443 m   view_z = 7.0111 m
      n_inliers = 152554/152554   rms_residual = 0.16402 m
  [RANSAC]
      normal = [+0.9516, +0.0260, -0.3064]
      d = +1.5495   mirror_depth(perp) = 1.5495 m   view_z = 7.0111 m
      n_inliers = 81959/152554   rms_residual = 0.02748 m
  [SVD robust (IRLS)]
      normal = [+0.9409, -0.1211, -0.3163]
      d = +1.5109   mirror_depth(perp) = 1.5109 m   view_z = 7.0111 m
      n_inliers = 53779/152554   rms_residual = 0.03745 m

[save] D:\Users\dust\Documents\학교\2026년도1학기\컴퓨터비전\실습\FoundationStereo\experiments\ds_v2_seed1/blue_bathroom_v52\mirror_geometry\result.json
[save] D:\Users\dust\Documents\학교\2026년도1학기\컴퓨터비전\실습\FoundationStereo\experiments\ds_v2_seed1/blue_bathroom_v52\mirror_geometry\plane.txt
[save] D:\Users\dust\Documents\학교\2026년도1학기\컴퓨터비전\실습\FoundationStereo\experiments\ds_v2_seed1/blue_bathroom_v52\mirror_geometry\viz.png

DONE: D:\Users\dust\Documents\학교\2026년도1학기\컴퓨터비전\실습\FoundationStereo\experiments\ds_v2_seed1/blue_bathroom_v52\mirror_geometry
[ds_v2_seed1/blue_bathroom_v52] 거울 점 152554개 중 inlier 81959 (53.7%) / outlier 70595
  normal=[ 0.952  0.026 -0.306] d=1.550  rms(inlier)=0.0275 m  thr≈0.068 m
[save] D:\Users\dust\Documents\학교\2026년도1학기\컴퓨터비전\실습\FoundationStereo\experiments\ds_v2_seed1/blue_bathroom_v52\mirror_geometry\ransac_inliers.png
[gt] blue_bathroom_v52            perp 4.85m planRMS 0.0029m  normal [-0.307, 0.113, -0.945]

생성 1, 건너뜀 0 (depth_gt/mask 없음 등)
[ds_v2_seed1/blue_bathroom_v52] feature 184x320  mirror_frac=0.16526834239130433  feat_left=True
rank  signal              AUC    pol  sep     mean_in     mean_out
  1  post_entropy       0.7301   -  0.4381    0.669488    0.855724
  2  feat_left_pc1      0.6742   -  0.3171    1.838126     2.90008
  3  post_conf          0.6579   +  0.3095    0.703121     0.62681
  4  feat_left_l2       0.6441   +  0.2015    17.40749   16.256743
  5  delta_argdisp      0.6305   -  0.1965   32.088172   43.647114
  6  pre_entropy        0.5743   -  0.1739     1.71498    1.984069
  7  pre_conf            0.566   +  0.1261    0.447604     0.39499
  8  delta_conf         0.5322   +  0.0496    0.255516    0.231819
  9  feat_left_pc2      0.5129   -  0.0275    1.812033    1.900388
 10  feat_left_pc3      0.5065   -  0.0308    1.648449    1.738399
 11  delta_entropy      0.5044   +  0.0518   -1.045492   -1.128345
BEST: post_entropy (AUC=0.7301, polarity=-)
저장: D:\Users\dust\Documents\학교\2026년도1학기\컴퓨터비전\실습\FoundationStereo\experiments\ds_v2_seed1/blue_bathroom_v52\features\report.json / panels.png / mirror_signal.npy
[device] cuda
  [train] epoch 60/300  loss=0.5168
  [train] epoch 120/300  loss=0.3436
  [train] epoch 180/300  loss=0.2442
  [train] epoch 240/300  loss=0.1763
  [train] epoch 300/300  loss=0.1302

[VAL] scene=ds_v2_seed1/blue_bathroom_v52  (pixel 70/30 split)
  AUC      = 0.9947
  IoU@0.5  = 0.8102
  F1@0.5   = 0.8952
  accuracy = 0.9634  (prec=0.8324, rec=0.9681)
  tp=2762 fp=556 fn=91 tn=14255

[save] D:\Users\dust\Documents\학교\2026년도1학기\컴퓨터비전\실습\FoundationStereo\experiments\ds_v2_seed1/blue_bathroom_v52\submodel
  pred_mask.png, panel.png, metrics.json, head.pt
DONE: D:\Users\dust\Documents\학교\2026년도1학기\컴퓨터비전\실습\FoundationStereo\experiments\ds_v2_seed1/blue_bathroom_v52\submodel
[device] cuda
[load] D:\Users\dust\Documents\학교\2026년도1학기\컴퓨터비전\실습\FoundationStereo\experiments\_model\general_head.pt  (train_scenes=['archiviz_baseline080', 'bedroom_baseline080', 'blue_bathroom_baseline080', 'computer_room_baseline080', 'cozy_living_room_baseline080', 'flat-archiviz_baseline080', 'green_house_baseline080', 'gym_baseline080', 'livingroom_baseline080', 'minimal_interior_baseline080', 'scandinavian_baseline080', 'sunlight_baseline080'])

[APPLY] ds_v2_seed1/blue_bathroom_v52  (저장모델로 새 데이터 평가)
  AUC      = 0.9508
  IoU@0.5  = 0.3142
  F1@0.5   = 0.4782
  accuracy = 0.8840  (prec=0.9324, rec=0.3215)
  tp=3129 fp=227 fn=6602 tn=48922
[save] D:\Users\dust\Documents\학교\2026년도1학기\컴퓨터비전\실습\FoundationStereo\experiments\ds_v2_seed1/blue_bathroom_v52\submodel_applied  (pred_mask.png, panel.png, metrics.json)

============================================================
STEP: estimate_mirror_plane
============================================================

============================================================
STEP: viz_ransac_inliers
============================================================

============================================================
STEP: make_mirror_gt_from_depth
============================================================

============================================================
STEP: analyze_features
============================================================

============================================================
STEP: submodel_head
============================================================

============================================================
STEP: apply_submodel
============================================================

DONE: D:\Users\dust\Documents\학교\2026년도1학기\컴퓨터비전\실습\FoundationStereo\experiments\ds_v2_seed1/blue_bathroom_v52 (ok)

##### [118/123] ds_v2_seed1/blue_bathroom_v53  (done 37, fail 0, skip 80, elapsed 21m, ETA 3m) #####
[scene] ds_v2_seed1/blue_bathroom_v53  size=1280x720
[select] mirror 점 개수 = 109390  (mask=109390, valid&depth = 871200)
[conf] mirror 영역 평균 confidence = 0.6705

=== 평면 추정 결과 ===
  [PCA (closed form)]
      normal = [+0.9492, -0.1084, -0.2955]
      d = +1.3867   mirror_depth(perp) = 1.3867 m   view_z = 7.7171 m
      n_inliers = 109390/109390   rms_residual = 0.16260 m
  [RANSAC]
      normal = [+0.9414, -0.0396, -0.3349]
      d = +1.6941   mirror_depth(perp) = 1.6941 m   view_z = 7.7171 m
      n_inliers = 62345/109390   rms_residual = 0.03770 m
  [SVD robust (IRLS)]
      normal = [+0.9459, -0.0840, -0.3133]
      d = +1.5359   mirror_depth(perp) = 1.5359 m   view_z = 7.7171 m
      n_inliers = 57265/109390   rms_residual = 0.04943 m

[save] D:\Users\dust\Documents\학교\2026년도1학기\컴퓨터비전\실습\FoundationStereo\experiments\ds_v2_seed1/blue_bathroom_v53\mirror_geometry\result.json
[save] D:\Users\dust\Documents\학교\2026년도1학기\컴퓨터비전\실습\FoundationStereo\experiments\ds_v2_seed1/blue_bathroom_v53\mirror_geometry\plane.txt
[save] D:\Users\dust\Documents\학교\2026년도1학기\컴퓨터비전\실습\FoundationStereo\experiments\ds_v2_seed1/blue_bathroom_v53\mirror_geometry\viz.png

DONE: D:\Users\dust\Documents\학교\2026년도1학기\컴퓨터비전\실습\FoundationStereo\experiments\ds_v2_seed1/blue_bathroom_v53\mirror_geometry
[ds_v2_seed1/blue_bathroom_v53] 거울 점 109390개 중 inlier 62345 (57.0%) / outlier 47045
  normal=[ 0.941 -0.04  -0.335] d=1.694  rms(inlier)=0.0377 m  thr≈0.090 m
[save] D:\Users\dust\Documents\학교\2026년도1학기\컴퓨터비전\실습\FoundationStereo\experiments\ds_v2_seed1/blue_bathroom_v53\mirror_geometry\ransac_inliers.png
[gt] blue_bathroom_v53            perp 5.21m planRMS 0.0201m  normal [-0.317, -0.018, -0.948]

생성 1, 건너뜀 0 (depth_gt/mask 없음 등)
[ds_v2_seed1/blue_bathroom_v53] feature 184x320  mirror_frac=0.11846127717391304  feat_left=True
rank  signal              AUC    pol  sep     mean_in     mean_out
  1  post_entropy       0.7132   -  0.4118    0.721967    0.938799
  2  feat_left_pc1      0.7048   -  0.3861     1.80041    2.990912
  3  feat_left_l2       0.6676   +  0.2456   17.615747   16.111487
  4  post_conf          0.6288   +  0.2594    0.669484    0.599798
  5  delta_argdisp      0.5999   -  0.1435   36.964158   45.694172
  6  delta_conf         0.5642   +  0.1069    0.240144    0.186018
  7  delta_entropy      0.5637   -   0.067   -1.075136   -0.964001
  8  feat_left_pc3      0.5429   +  0.0828    1.938492    1.689644
  9  pre_conf           0.5148   +  0.0375     0.42934    0.413781
 10  feat_left_pc2      0.5115   -  0.0361    1.692026    1.816857
 11  pre_entropy        0.5097   -  0.0684    1.797102      1.9028
BEST: post_entropy (AUC=0.7132, polarity=-)
저장: D:\Users\dust\Documents\학교\2026년도1학기\컴퓨터비전\실습\FoundationStereo\experiments\ds_v2_seed1/blue_bathroom_v53\features\report.json / panels.png / mirror_signal.npy
[device] cuda
  [train] epoch 60/300  loss=0.5559
  [train] epoch 120/300  loss=0.3576
  [train] epoch 180/300  loss=0.2392
  [train] epoch 240/300  loss=0.1623
  [train] epoch 300/300  loss=0.1139

[VAL] scene=ds_v2_seed1/blue_bathroom_v53  (pixel 70/30 split)
  AUC      = 0.9955
  IoU@0.5  = 0.7893
  F1@0.5   = 0.8822
  accuracy = 0.9695  (prec=0.8060, rec=0.9744)
  tp=2019 fp=486 fn=53 tn=15106

[save] D:\Users\dust\Documents\학교\2026년도1학기\컴퓨터비전\실습\FoundationStereo\experiments\ds_v2_seed1/blue_bathroom_v53\submodel
  pred_mask.png, panel.png, metrics.json, head.pt
DONE: D:\Users\dust\Documents\학교\2026년도1학기\컴퓨터비전\실습\FoundationStereo\experiments\ds_v2_seed1/blue_bathroom_v53\submodel
[device] cuda
[load] D:\Users\dust\Documents\학교\2026년도1학기\컴퓨터비전\실습\FoundationStereo\experiments\_model\general_head.pt  (train_scenes=['archiviz_baseline080', 'bedroom_baseline080', 'blue_bathroom_baseline080', 'computer_room_baseline080', 'cozy_living_room_baseline080', 'flat-archiviz_baseline080', 'green_house_baseline080', 'gym_baseline080', 'livingroom_baseline080', 'minimal_interior_baseline080', 'scandinavian_baseline080', 'sunlight_baseline080'])

[APPLY] ds_v2_seed1/blue_bathroom_v53  (저장모델로 새 데이터 평가)
  AUC      = 0.9390
  IoU@0.5  = 0.3783
  F1@0.5   = 0.5489
  accuracy = 0.9208  (prec=0.8438, rec=0.4067)
  tp=2837 fp=525 fn=4138 tn=51380
[save] D:\Users\dust\Documents\학교\2026년도1학기\컴퓨터비전\실습\FoundationStereo\experiments\ds_v2_seed1/blue_bathroom_v53\submodel_applied  (pred_mask.png, panel.png, metrics.json)

============================================================
STEP: estimate_mirror_plane
============================================================

============================================================
STEP: viz_ransac_inliers
============================================================

============================================================
STEP: make_mirror_gt_from_depth
============================================================

============================================================
STEP: analyze_features
============================================================

============================================================
STEP: submodel_head
============================================================

============================================================
STEP: apply_submodel
============================================================

DONE: D:\Users\dust\Documents\학교\2026년도1학기\컴퓨터비전\실습\FoundationStereo\experiments\ds_v2_seed1/blue_bathroom_v53 (ok)

##### [119/123] ds_v2_seed1/blue_bathroom_v54  (done 38, fail 0, skip 80, elapsed 22m, ETA 3m) #####
[scene] ds_v2_seed1/blue_bathroom_v54  size=1280x720
[select] mirror 점 개수 = 11954  (mask=11954, valid&depth = 852217)
[conf] mirror 영역 평균 confidence = 0.7169

=== 평면 추정 결과 ===
  [PCA (closed form)]
      normal = [-0.4332, +0.0521, -0.8998]
      d = +5.2280   mirror_depth(perp) = 5.2280 m   view_z = 4.9792 m
      n_inliers = 11954/11954   rms_residual = 0.00666 m
  [RANSAC]
      normal = [-0.4608, +0.0534, -0.8859]
      d = +5.2072   mirror_depth(perp) = 5.2072 m   view_z = 4.9792 m
      n_inliers = 11487/11954   rms_residual = 0.00575 m
  [SVD robust (IRLS)]
      normal = [-0.4423, +0.0525, -0.8953]
      d = +5.2218   mirror_depth(perp) = 5.2218 m   view_z = 4.9792 m
      n_inliers = 11496/11954   rms_residual = 0.00578 m

[save] D:\Users\dust\Documents\학교\2026년도1학기\컴퓨터비전\실습\FoundationStereo\experiments\ds_v2_seed1/blue_bathroom_v54\mirror_geometry\result.json
[save] D:\Users\dust\Documents\학교\2026년도1학기\컴퓨터비전\실습\FoundationStereo\experiments\ds_v2_seed1/blue_bathroom_v54\mirror_geometry\plane.txt
[save] D:\Users\dust\Documents\학교\2026년도1학기\컴퓨터비전\실습\FoundationStereo\experiments\ds_v2_seed1/blue_bathroom_v54\mirror_geometry\viz.png

DONE: D:\Users\dust\Documents\학교\2026년도1학기\컴퓨터비전\실습\FoundationStereo\experiments\ds_v2_seed1/blue_bathroom_v54\mirror_geometry
[ds_v2_seed1/blue_bathroom_v54] 거울 점 11954개 중 inlier 11487 (96.1%) / outlier 467
  normal=[-0.461  0.053 -0.886] d=5.207  rms(inlier)=0.0058 m  thr≈0.013 m
[save] D:\Users\dust\Documents\학교\2026년도1학기\컴퓨터비전\실습\FoundationStereo\experiments\ds_v2_seed1/blue_bathroom_v54\mirror_geometry\ransac_inliers.png
[gt] blue_bathroom_v54            perp 5.09m planRMS 0.0000m  normal [-0.562, 0.023, -0.827]

생성 1, 건너뜀 0 (depth_gt/mask 없음 등)
[ds_v2_seed1/blue_bathroom_v54] feature 184x320  mirror_frac=0.01219429347826087  feat_left=True
rank  signal              AUC    pol  sep     mean_in     mean_out
  1  delta_conf         0.7632   +  0.5121    0.399872    0.197224
  2  delta_entropy      0.7556   -  0.4805    -1.60154   -0.947382
  3  post_entropy       0.7448   -  0.4595    0.698486    0.863758
  4  post_conf          0.7352   +  0.4621    0.714348    0.621048
  5  pre_entropy        0.7097   +  0.3596    2.300025     1.81114
  6  pre_conf           0.6767   -  0.3082    0.314476    0.423824
  7  feat_left_pc3      0.6381   -  0.2945    0.994888    1.666189
  8  feat_left_pc2      0.6211   -  0.2674    1.197864     1.89862
  9  feat_left_pc1       0.616   -  0.2653    2.077318    2.854014
 10  feat_left_l2       0.5493   +  0.0021   16.397289   16.387282
 11  delta_argdisp      0.5015   -  0.0254    40.06546   38.624789
BEST: delta_conf (AUC=0.7632, polarity=+)
저장: D:\Users\dust\Documents\학교\2026년도1학기\컴퓨터비전\실습\FoundationStereo\experiments\ds_v2_seed1/blue_bathroom_v54\features\report.json / panels.png / mirror_signal.npy
[device] cuda
  [train] epoch 60/300  loss=0.4614
  [train] epoch 120/300  loss=0.2484
  [train] epoch 180/300  loss=0.1645
  [train] epoch 240/300  loss=0.1181
  [train] epoch 300/300  loss=0.0887

[VAL] scene=ds_v2_seed1/blue_bathroom_v54  (pixel 70/30 split)
  AUC      = 0.9850
  IoU@0.5  = 0.3097
  F1@0.5   = 0.4729
  accuracy = 0.9746  (prec=0.3247, rec=0.8701)
  tp=201 fp=418 fn=30 tn=17015

[save] D:\Users\dust\Documents\학교\2026년도1학기\컴퓨터비전\실습\FoundationStereo\experiments\ds_v2_seed1/blue_bathroom_v54\submodel
  pred_mask.png, panel.png, metrics.json, head.pt
DONE: D:\Users\dust\Documents\학교\2026년도1학기\컴퓨터비전\실습\FoundationStereo\experiments\ds_v2_seed1/blue_bathroom_v54\submodel
[device] cuda
[load] D:\Users\dust\Documents\학교\2026년도1학기\컴퓨터비전\실습\FoundationStereo\experiments\_model\general_head.pt  (train_scenes=['archiviz_baseline080', 'bedroom_baseline080', 'blue_bathroom_baseline080', 'computer_room_baseline080', 'cozy_living_room_baseline080', 'flat-archiviz_baseline080', 'green_house_baseline080', 'gym_baseline080', 'livingroom_baseline080', 'minimal_interior_baseline080', 'scandinavian_baseline080', 'sunlight_baseline080'])

[APPLY] ds_v2_seed1/blue_bathroom_v54  (저장모델로 새 데이터 평가)
  AUC      = 0.9313
  IoU@0.5  = 0.0019
  F1@0.5   = 0.0039
  accuracy = 0.9826  (prec=0.0064, rec=0.0028)
  tp=2 fp=310 fn=716 tn=57852
[save] D:\Users\dust\Documents\학교\2026년도1학기\컴퓨터비전\실습\FoundationStereo\experiments\ds_v2_seed1/blue_bathroom_v54\submodel_applied  (pred_mask.png, panel.png, metrics.json)

============================================================
STEP: estimate_mirror_plane
============================================================

============================================================
STEP: viz_ransac_inliers
============================================================

============================================================
STEP: make_mirror_gt_from_depth
============================================================

============================================================
STEP: analyze_features
============================================================

============================================================
STEP: submodel_head
============================================================

============================================================
STEP: apply_submodel
============================================================

DONE: D:\Users\dust\Documents\학교\2026년도1학기\컴퓨터비전\실습\FoundationStereo\experiments\ds_v2_seed1/blue_bathroom_v54 (ok)

##### [120/123] ds_v2_seed1/blue_bathroom_v55  (done 39, fail 0, skip 80, elapsed 22m, ETA 2m) #####
[scene] ds_v2_seed1/blue_bathroom_v55  size=1280x720
[select] mirror 점 개수 = 152292  (mask=152292, valid&depth = 857467)
[conf] mirror 영역 평균 confidence = 0.7172

=== 평면 추정 결과 ===
  [PCA (closed form)]
      normal = [+0.8799, -0.1477, -0.4516]
      d = +1.3348   mirror_depth(perp) = 1.3348 m   view_z = 6.9272 m
      n_inliers = 152292/152292   rms_residual = 0.16282 m
  [RANSAC]
      normal = [+0.8892, +0.0138, -0.4574]
      d = +1.5016   mirror_depth(perp) = 1.5016 m   view_z = 6.9272 m
      n_inliers = 79437/152292   rms_residual = 0.02756 m
  [SVD robust (IRLS)]
      normal = [+0.8770, -0.1376, -0.4603]
      d = +1.4194   mirror_depth(perp) = 1.4194 m   view_z = 6.9272 m
      n_inliers = 51689/152292   rms_residual = 0.03700 m

[save] D:\Users\dust\Documents\학교\2026년도1학기\컴퓨터비전\실습\FoundationStereo\experiments\ds_v2_seed1/blue_bathroom_v55\mirror_geometry\result.json
[save] D:\Users\dust\Documents\학교\2026년도1학기\컴퓨터비전\실습\FoundationStereo\experiments\ds_v2_seed1/blue_bathroom_v55\mirror_geometry\plane.txt
[save] D:\Users\dust\Documents\학교\2026년도1학기\컴퓨터비전\실습\FoundationStereo\experiments\ds_v2_seed1/blue_bathroom_v55\mirror_geometry\viz.png

DONE: D:\Users\dust\Documents\학교\2026년도1학기\컴퓨터비전\실습\FoundationStereo\experiments\ds_v2_seed1/blue_bathroom_v55\mirror_geometry
[ds_v2_seed1/blue_bathroom_v55] 거울 점 152292개 중 inlier 79437 (52.2%) / outlier 72855
  normal=[ 0.889  0.014 -0.457] d=1.502  rms(inlier)=0.0276 m  thr≈0.067 m
[save] D:\Users\dust\Documents\학교\2026년도1학기\컴퓨터비전\실습\FoundationStereo\experiments\ds_v2_seed1/blue_bathroom_v55\mirror_geometry\ransac_inliers.png
[gt] blue_bathroom_v55            perp 4.98m planRMS 0.0000m  normal [-0.45, 0.098, -0.887]

생성 1, 건너뜀 0 (depth_gt/mask 없음 등)
[ds_v2_seed1/blue_bathroom_v55] feature 184x320  mirror_frac=0.16416440217391304  feat_left=True
rank  signal              AUC    pol  sep     mean_in     mean_out
  1  post_entropy       0.7197   -  0.3828    0.663757    0.824105
  2  post_conf          0.6799   +  0.3338    0.718822    0.637584
  3  feat_left_l2       0.6479   +  0.2041   17.389937   16.281266
  4  feat_left_pc1      0.6273   -  0.2464    1.843383     2.66179
  5  delta_conf         0.6102   +  0.1973     0.31005    0.219343
  6  delta_argdisp      0.5867   -  0.1123   34.736292   41.342077
  7  delta_entropy      0.5793   -  0.1289   -1.212661   -1.026273
  8  pre_entropy        0.5291   +  0.0184    1.876419    1.850378
  9  feat_left_pc2      0.5253   -  0.0436    1.758625    1.898446
 10  pre_conf           0.5196   -  0.0241    0.408773    0.418241
 11  feat_left_pc3      0.5021   +  0.0169     1.72886    1.778371
BEST: post_entropy (AUC=0.7197, polarity=-)
저장: D:\Users\dust\Documents\학교\2026년도1학기\컴퓨터비전\실습\FoundationStereo\experiments\ds_v2_seed1/blue_bathroom_v55\features\report.json / panels.png / mirror_signal.npy
[device] cuda
  [train] epoch 60/300  loss=0.5268
  [train] epoch 120/300  loss=0.3644
  [train] epoch 180/300  loss=0.2736
  [train] epoch 240/300  loss=0.2047
  [train] epoch 300/300  loss=0.1540

[VAL] scene=ds_v2_seed1/blue_bathroom_v55  (pixel 70/30 split)
  AUC      = 0.9928
  IoU@0.5  = 0.7819
  F1@0.5   = 0.8776
  accuracy = 0.9553  (prec=0.8016, rec=0.9695)
  tp=2833 fp=701 fn=89 tn=14041

[save] D:\Users\dust\Documents\학교\2026년도1학기\컴퓨터비전\실습\FoundationStereo\experiments\ds_v2_seed1/blue_bathroom_v55\submodel
  pred_mask.png, panel.png, metrics.json, head.pt
DONE: D:\Users\dust\Documents\학교\2026년도1학기\컴퓨터비전\실습\FoundationStereo\experiments\ds_v2_seed1/blue_bathroom_v55\submodel
[device] cuda
[load] D:\Users\dust\Documents\학교\2026년도1학기\컴퓨터비전\실습\FoundationStereo\experiments\_model\general_head.pt  (train_scenes=['archiviz_baseline080', 'bedroom_baseline080', 'blue_bathroom_baseline080', 'computer_room_baseline080', 'cozy_living_room_baseline080', 'flat-archiviz_baseline080', 'green_house_baseline080', 'gym_baseline080', 'livingroom_baseline080', 'minimal_interior_baseline080', 'scandinavian_baseline080', 'sunlight_baseline080'])

[APPLY] ds_v2_seed1/blue_bathroom_v55  (저장모델로 새 데이터 평가)
  AUC      = 0.9840
  IoU@0.5  = 0.3766
  F1@0.5   = 0.5471
  accuracy = 0.8961  (prec=0.9612, rec=0.3824)
  tp=3696 fp=149 fn=5970 tn=49065
[save] D:\Users\dust\Documents\학교\2026년도1학기\컴퓨터비전\실습\FoundationStereo\experiments\ds_v2_seed1/blue_bathroom_v55\submodel_applied  (pred_mask.png, panel.png, metrics.json)

============================================================
STEP: estimate_mirror_plane
============================================================

============================================================
STEP: viz_ransac_inliers
============================================================

============================================================
STEP: make_mirror_gt_from_depth
============================================================

============================================================
STEP: analyze_features
============================================================

============================================================
STEP: submodel_head
============================================================

============================================================
STEP: apply_submodel
============================================================

DONE: D:\Users\dust\Documents\학교\2026년도1학기\컴퓨터비전\실습\FoundationStereo\experiments\ds_v2_seed1/blue_bathroom_v55 (ok)

##### [121/123] ds_v2_seed1/blue_bathroom_v56  (done 40, fail 0, skip 80, elapsed 23m, ETA 2m) #####
[scene] ds_v2_seed1/blue_bathroom_v56  size=1280x720
[select] mirror 점 개수 = 135122  (mask=135122, valid&depth = 875802)
[conf] mirror 영역 평균 confidence = 0.6733

=== 평면 추정 결과 ===
  [PCA (closed form)]
      normal = [+0.9670, -0.1186, -0.2255]
      d = +1.3738   mirror_depth(perp) = 1.3738 m   view_z = 7.5411 m
      n_inliers = 135122/135122   rms_residual = 0.16927 m
  [RANSAC]
      normal = [+0.9755, +0.0324, -0.2174]
      d = +1.4955   mirror_depth(perp) = 1.4955 m   view_z = 7.5411 m
      n_inliers = 69490/135122   rms_residual = 0.02766 m
  [SVD robust (IRLS)]
      normal = [+0.9645, -0.1166, -0.2368]
      d = +1.4828   mirror_depth(perp) = 1.4828 m   view_z = 7.5411 m
      n_inliers = 46823/135122   rms_residual = 0.03691 m

[save] D:\Users\dust\Documents\학교\2026년도1학기\컴퓨터비전\실습\FoundationStereo\experiments\ds_v2_seed1/blue_bathroom_v56\mirror_geometry\result.json
[save] D:\Users\dust\Documents\학교\2026년도1학기\컴퓨터비전\실습\FoundationStereo\experiments\ds_v2_seed1/blue_bathroom_v56\mirror_geometry\plane.txt
[save] D:\Users\dust\Documents\학교\2026년도1학기\컴퓨터비전\실습\FoundationStereo\experiments\ds_v2_seed1/blue_bathroom_v56\mirror_geometry\viz.png

DONE: D:\Users\dust\Documents\학교\2026년도1학기\컴퓨터비전\실습\FoundationStereo\experiments\ds_v2_seed1/blue_bathroom_v56\mirror_geometry
[ds_v2_seed1/blue_bathroom_v56] 거울 점 135122개 중 inlier 69490 (51.4%) / outlier 65632
  normal=[ 0.976  0.032 -0.217] d=1.495  rms(inlier)=0.0277 m  thr≈0.068 m
[save] D:\Users\dust\Documents\학교\2026년도1학기\컴퓨터비전\실습\FoundationStereo\experiments\ds_v2_seed1/blue_bathroom_v56\mirror_geometry\ransac_inliers.png
[gt] blue_bathroom_v56            perp 5.15m planRMS 0.0000m  normal [-0.22, 0.11, -0.969]

생성 1, 건너뜀 0 (depth_gt/mask 없음 등)
[ds_v2_seed1/blue_bathroom_v56] feature 184x320  mirror_frac=0.14665421195652173  feat_left=True
rank  signal              AUC    pol  sep     mean_in     mean_out
  1  feat_left_pc1      0.6711   -  0.3204     1.91875    2.944376
  2  post_entropy       0.6693   -  0.3011    0.709599    0.856735
  3  delta_argdisp      0.6566   -  0.2464   31.734916   46.295293
  4  feat_left_l2       0.6366   +  0.1918   17.366712   16.240031
  5  post_conf          0.6222   +  0.2189    0.673142    0.615117
  6  pre_entropy        0.5863   -  0.1964    1.673114    1.978246
  7  pre_conf           0.5712   +  0.1383     0.45819    0.399703
  8  feat_left_pc2      0.5354   -  0.0532    1.827052    2.000368
  9  delta_entropy      0.5324   +   0.097   -0.963515   -1.121511
 10  feat_left_pc3      0.5098   -  0.0543    1.458619    1.612962
 11  delta_conf         0.5052   +  0.0009    0.214951    0.215414
BEST: feat_left_pc1 (AUC=0.6711, polarity=-)
저장: D:\Users\dust\Documents\학교\2026년도1학기\컴퓨터비전\실습\FoundationStereo\experiments\ds_v2_seed1/blue_bathroom_v56\features\report.json / panels.png / mirror_signal.npy
[device] cuda
  [train] epoch 60/300  loss=0.5566
  [train] epoch 120/300  loss=0.3731
  [train] epoch 180/300  loss=0.2619
  [train] epoch 240/300  loss=0.1851
  [train] epoch 300/300  loss=0.1335

[VAL] scene=ds_v2_seed1/blue_bathroom_v56  (pixel 70/30 split)
  AUC      = 0.9928
  IoU@0.5  = 0.7806
  F1@0.5   = 0.8768
  accuracy = 0.9599  (prec=0.8060, rec=0.9611)
  tp=2522 fp=607 fn=102 tn=14433

[save] D:\Users\dust\Documents\학교\2026년도1학기\컴퓨터비전\실습\FoundationStereo\experiments\ds_v2_seed1/blue_bathroom_v56\submodel
  pred_mask.png, panel.png, metrics.json, head.pt
DONE: D:\Users\dust\Documents\학교\2026년도1학기\컴퓨터비전\실습\FoundationStereo\experiments\ds_v2_seed1/blue_bathroom_v56\submodel
[device] cuda
[load] D:\Users\dust\Documents\학교\2026년도1학기\컴퓨터비전\실습\FoundationStereo\experiments\_model\general_head.pt  (train_scenes=['archiviz_baseline080', 'bedroom_baseline080', 'blue_bathroom_baseline080', 'computer_room_baseline080', 'cozy_living_room_baseline080', 'flat-archiviz_baseline080', 'green_house_baseline080', 'gym_baseline080', 'livingroom_baseline080', 'minimal_interior_baseline080', 'scandinavian_baseline080', 'sunlight_baseline080'])

[APPLY] ds_v2_seed1/blue_bathroom_v56  (저장모델로 새 데이터 평가)
  AUC      = 0.9507
  IoU@0.5  = 0.2972
  F1@0.5   = 0.4582
  accuracy = 0.8936  (prec=0.9059, rec=0.3067)
  tp=2648 fp=275 fn=5987 tn=49970
[save] D:\Users\dust\Documents\학교\2026년도1학기\컴퓨터비전\실습\FoundationStereo\experiments\ds_v2_seed1/blue_bathroom_v56\submodel_applied  (pred_mask.png, panel.png, metrics.json)

============================================================
STEP: estimate_mirror_plane
============================================================

============================================================
STEP: viz_ransac_inliers
============================================================

============================================================
STEP: make_mirror_gt_from_depth
============================================================

============================================================
STEP: analyze_features
============================================================

============================================================
STEP: submodel_head
============================================================

============================================================
STEP: apply_submodel
============================================================

DONE: D:\Users\dust\Documents\학교\2026년도1학기\컴퓨터비전\실습\FoundationStereo\experiments\ds_v2_seed1/blue_bathroom_v56 (ok)

##### [122/123] ds_v2_seed1/blue_bathroom_v57  (done 41, fail 0, skip 80, elapsed 23m, ETA 1m) #####
[scene] ds_v2_seed1/blue_bathroom_v57  size=1280x720
[select] mirror 점 개수 = 149256  (mask=149256, valid&depth = 861526)
[conf] mirror 영역 평균 confidence = 0.7045

=== 평면 추정 결과 ===
  [PCA (closed form)]
      normal = [+0.9253, -0.1652, -0.3414]
      d = +1.3580   mirror_depth(perp) = 1.3580 m   view_z = 7.4712 m
      n_inliers = 149256/149256   rms_residual = 0.18351 m
  [RANSAC]
      normal = [+0.9364, +0.0135, -0.3506]
      d = +1.5080   mirror_depth(perp) = 1.5080 m   view_z = 7.4712 m
      n_inliers = 61579/149256   rms_residual = 0.02925 m
  [SVD robust (IRLS)]
      normal = [+0.9201, -0.1815, -0.3471]
      d = +1.4221   mirror_depth(perp) = 1.4221 m   view_z = 7.4712 m
      n_inliers = 43778/149256   rms_residual = 0.03966 m

[save] D:\Users\dust\Documents\학교\2026년도1학기\컴퓨터비전\실습\FoundationStereo\experiments\ds_v2_seed1/blue_bathroom_v57\mirror_geometry\result.json
[save] D:\Users\dust\Documents\학교\2026년도1학기\컴퓨터비전\실습\FoundationStereo\experiments\ds_v2_seed1/blue_bathroom_v57\mirror_geometry\plane.txt
[save] D:\Users\dust\Documents\학교\2026년도1학기\컴퓨터비전\실습\FoundationStereo\experiments\ds_v2_seed1/blue_bathroom_v57\mirror_geometry\viz.png

DONE: D:\Users\dust\Documents\학교\2026년도1학기\컴퓨터비전\실습\FoundationStereo\experiments\ds_v2_seed1/blue_bathroom_v57\mirror_geometry
[ds_v2_seed1/blue_bathroom_v57] 거울 점 149256개 중 inlier 61579 (41.3%) / outlier 87677
  normal=[ 0.936  0.014 -0.351] d=1.508  rms(inlier)=0.0293 m  thr≈0.070 m
[save] D:\Users\dust\Documents\학교\2026년도1학기\컴퓨터비전\실습\FoundationStereo\experiments\ds_v2_seed1/blue_bathroom_v57\mirror_geometry\ransac_inliers.png
[gt] blue_bathroom_v57            perp 5.00m planRMS 0.0000m  normal [-0.322, 0.039, -0.946]

생성 1, 건너뜀 0 (depth_gt/mask 없음 등)
[ds_v2_seed1/blue_bathroom_v57] feature 184x320  mirror_frac=0.16143002717391305  feat_left=True
rank  signal              AUC    pol  sep     mean_in     mean_out
  1  post_entropy       0.7478   -  0.4659    0.662806    0.841291
  2  post_conf          0.6571   +  0.2939    0.705071    0.633671
  3  feat_left_pc1      0.6543   -  0.2639    1.895754    2.788311
  4  feat_left_l2       0.6446   +  0.2128   17.456712   16.234071
  5  delta_argdisp      0.5708   -  0.0914   34.196002   39.512081
  6  delta_conf         0.5637   +  0.1033    0.282207    0.232709
  7  delta_entropy      0.5433   -  0.0445   -1.158215   -1.089702
  8  feat_left_pc2      0.5246   -  0.0266    1.767271    1.857123
  9  pre_conf           0.5242   +  0.0543    0.422864    0.400963
 10  feat_left_pc3      0.5216   +  0.0361     1.84248    1.734596
 11  pre_entropy        0.5198   -  0.0744    1.821021    1.930993
BEST: post_entropy (AUC=0.7478, polarity=-)
저장: D:\Users\dust\Documents\학교\2026년도1학기\컴퓨터비전\실습\FoundationStereo\experiments\ds_v2_seed1/blue_bathroom_v57\features\report.json / panels.png / mirror_signal.npy
[device] cuda
  [train] epoch 60/300  loss=0.5040
  [train] epoch 120/300  loss=0.3327
  [train] epoch 180/300  loss=0.2342
  [train] epoch 240/300  loss=0.1650
  [train] epoch 300/300  loss=0.1185

[VAL] scene=ds_v2_seed1/blue_bathroom_v57  (pixel 70/30 split)
  AUC      = 0.9955
  IoU@0.5  = 0.8247
  F1@0.5   = 0.9039
  accuracy = 0.9672  (prec=0.8475, rec=0.9683)
  tp=2723 fp=490 fn=89 tn=14362

[save] D:\Users\dust\Documents\학교\2026년도1학기\컴퓨터비전\실습\FoundationStereo\experiments\ds_v2_seed1/blue_bathroom_v57\submodel
  pred_mask.png, panel.png, metrics.json, head.pt
DONE: D:\Users\dust\Documents\학교\2026년도1학기\컴퓨터비전\실습\FoundationStereo\experiments\ds_v2_seed1/blue_bathroom_v57\submodel
[device] cuda
[load] D:\Users\dust\Documents\학교\2026년도1학기\컴퓨터비전\실습\FoundationStereo\experiments\_model\general_head.pt  (train_scenes=['archiviz_baseline080', 'bedroom_baseline080', 'blue_bathroom_baseline080', 'computer_room_baseline080', 'cozy_living_room_baseline080', 'flat-archiviz_baseline080', 'green_house_baseline080', 'gym_baseline080', 'livingroom_baseline080', 'minimal_interior_baseline080', 'scandinavian_baseline080', 'sunlight_baseline080'])

[APPLY] ds_v2_seed1/blue_bathroom_v57  (저장모델로 새 데이터 평가)
  AUC      = 0.9604
  IoU@0.5  = 0.3641
  F1@0.5   = 0.5338
  accuracy = 0.8942  (prec=0.9250, rec=0.3752)
  tp=3566 fp=289 fn=5939 tn=49086
[save] D:\Users\dust\Documents\학교\2026년도1학기\컴퓨터비전\실습\FoundationStereo\experiments\ds_v2_seed1/blue_bathroom_v57\submodel_applied  (pred_mask.png, panel.png, metrics.json)

============================================================
STEP: estimate_mirror_plane
============================================================

============================================================
STEP: viz_ransac_inliers
============================================================

============================================================
STEP: make_mirror_gt_from_depth
============================================================

============================================================
STEP: analyze_features
============================================================

============================================================
STEP: submodel_head
============================================================

============================================================
STEP: apply_submodel
============================================================

DONE: D:\Users\dust\Documents\학교\2026년도1학기\컴퓨터비전\실습\FoundationStereo\experiments\ds_v2_seed1/blue_bathroom_v57 (ok)

##### [123/123] ds_v2_seed1/blue_bathroom_v58  (done 42, fail 0, skip 80, elapsed 24m, ETA 1m) #####
[scene] ds_v2_seed1/blue_bathroom_v58  size=1280x720
[select] mirror 점 개수 = 125953  (mask=125953, valid&depth = 866098)
[conf] mirror 영역 평균 confidence = 0.6919

=== 평면 추정 결과 ===
  [PCA (closed form)]
      normal = [+0.9037, -0.1386, -0.4051]
      d = +1.5306   mirror_depth(perp) = 1.5306 m   view_z = 7.2495 m
      n_inliers = 125953/125953   rms_residual = 0.14463 m
  [RANSAC]
      normal = [+0.9104, -0.0092, -0.4136]
      d = +1.6137   mirror_depth(perp) = 1.6137 m   view_z = 7.2495 m
      n_inliers = 76996/125953   rms_residual = 0.02966 m
  [SVD robust (IRLS)]
      normal = [+0.9043, -0.0969, -0.4157]
      d = +1.6222   mirror_depth(perp) = 1.6222 m   view_z = 7.2495 m
      n_inliers = 57875/125953   rms_residual = 0.03897 m

[save] D:\Users\dust\Documents\학교\2026년도1학기\컴퓨터비전\실습\FoundationStereo\experiments\ds_v2_seed1/blue_bathroom_v58\mirror_geometry\result.json
[save] D:\Users\dust\Documents\학교\2026년도1학기\컴퓨터비전\실습\FoundationStereo\experiments\ds_v2_seed1/blue_bathroom_v58\mirror_geometry\plane.txt
[save] D:\Users\dust\Documents\학교\2026년도1학기\컴퓨터비전\실습\FoundationStereo\experiments\ds_v2_seed1/blue_bathroom_v58\mirror_geometry\viz.png

DONE: D:\Users\dust\Documents\학교\2026년도1학기\컴퓨터비전\실습\FoundationStereo\experiments\ds_v2_seed1/blue_bathroom_v58\mirror_geometry
[ds_v2_seed1/blue_bathroom_v58] 거울 점 125953개 중 inlier 76996 (61.1%) / outlier 48957
  normal=[ 0.91  -0.009 -0.414] d=1.614  rms(inlier)=0.0297 m  thr≈0.072 m
[save] D:\Users\dust\Documents\학교\2026년도1학기\컴퓨터비전\실습\FoundationStereo\experiments\ds_v2_seed1/blue_bathroom_v58\mirror_geometry\ransac_inliers.png
[gt] blue_bathroom_v58            perp 5.11m planRMS 0.0000m  normal [-0.416, 0.041, -0.908]

생성 1, 건너뜀 0 (depth_gt/mask 없음 등)
[ds_v2_seed1/blue_bathroom_v58] feature 184x320  mirror_frac=0.13612432065217392  feat_left=True
rank  signal              AUC    pol  sep     mean_in     mean_out
  1  post_entropy       0.7232   -  0.3819    0.685342      0.8209
  2  feat_left_pc1      0.6962   -  0.3464    1.754494    2.882739
  3  feat_left_l2       0.6745   +   0.272   17.804868    16.24839
  4  post_conf          0.6226   +  0.2288    0.691412    0.638379
  5  delta_argdisp      0.5886   -  0.1169   34.635933   41.582306
  6  delta_conf          0.555   +  0.0844    0.270946    0.231071
  7  delta_entropy      0.5408   -  0.0369   -1.146724   -1.090183
  8  feat_left_pc3      0.5403   +  0.0352     1.77932    1.674744
  9  feat_left_pc2      0.5304   +  0.0654    2.075277    1.858305
 10  pre_conf           0.5072   +  0.0323    0.420467    0.407308
 11  pre_entropy        0.5058   -  0.0532    1.832067    1.911083
BEST: post_entropy (AUC=0.7232, polarity=-)
저장: D:\Users\dust\Documents\학교\2026년도1학기\컴퓨터비전\실습\FoundationStereo\experiments\ds_v2_seed1/blue_bathroom_v58\features\report.json / panels.png / mirror_signal.npy
[device] cuda
  [train] epoch 60/300  loss=0.5626
  [train] epoch 120/300  loss=0.3721
  [train] epoch 180/300  loss=0.2560
  [train] epoch 240/300  loss=0.1788
  [train] epoch 300/300  loss=0.1275

[VAL] scene=ds_v2_seed1/blue_bathroom_v58  (pixel 70/30 split)
  AUC      = 0.9946
  IoU@0.5  = 0.7922
  F1@0.5   = 0.8840
  accuracy = 0.9656  (prec=0.8159, rec=0.9646)
  tp=2314 fp=522 fn=85 tn=14743

[save] D:\Users\dust\Documents\학교\2026년도1학기\컴퓨터비전\실습\FoundationStereo\experiments\ds_v2_seed1/blue_bathroom_v58\submodel
  pred_mask.png, panel.png, metrics.json, head.pt
DONE: D:\Users\dust\Documents\학교\2026년도1학기\컴퓨터비전\실습\FoundationStereo\experiments\ds_v2_seed1/blue_bathroom_v58\submodel
[device] cuda
[load] D:\Users\dust\Documents\학교\2026년도1학기\컴퓨터비전\실습\FoundationStereo\experiments\_model\general_head.pt  (train_scenes=['archiviz_baseline080', 'bedroom_baseline080', 'blue_bathroom_baseline080', 'computer_room_baseline080', 'cozy_living_room_baseline080', 'flat-archiviz_baseline080', 'green_house_baseline080', 'gym_baseline080', 'livingroom_baseline080', 'minimal_interior_baseline080', 'scandinavian_baseline080', 'sunlight_baseline080'])

[APPLY] ds_v2_seed1/blue_bathroom_v58  (저장모델로 새 데이터 평가)
  AUC      = 0.9542
  IoU@0.5  = 0.3547
  F1@0.5   = 0.5237
  accuracy = 0.9102  (prec=0.9432, rec=0.3624)
  tp=2905 fp=175 fn=5110 tn=50690
[save] D:\Users\dust\Documents\학교\2026년도1학기\컴퓨터비전\실습\FoundationStereo\experiments\ds_v2_seed1/blue_bathroom_v58\submodel_applied  (pred_mask.png, panel.png, metrics.json)

============================================================
STEP: estimate_mirror_plane
============================================================

============================================================
STEP: viz_ransac_inliers
============================================================

============================================================
STEP: make_mirror_gt_from_depth
============================================================

============================================================
STEP: analyze_features
============================================================

============================================================
STEP: submodel_head
============================================================

============================================================
STEP: apply_submodel
============================================================

DONE: D:\Users\dust\Documents\학교\2026년도1학기\컴퓨터비전\실습\FoundationStereo\experiments\ds_v2_seed1/blue_bathroom_v58 (ok)

[batch] 끝: done 43, fail 0, skip 80, 총 0.4h
